Cab,Car,Anth,Cw,Cm,LAI,Cp,Cbc
37.505566,7.6470366,1.2462065,0.008463621,0.0061882734,3.4954338,0.00064492226,0.0055691004
51.851498,7.975546,1.277904,0.021117687,0.021380067,3.8106956,0.0013023615,0.020249724
21.80595,3.8844419,1.1382017,0.017422557,0.0069999695,4.224708,0.00052022934,0.0063773394
58.295906,10.454876,1.5364053,0.008871794,0.0070592165,2.857118,0.0007761717,0.006488204
35.258255,8.0692005,1.1600025,0.013511777,0.007880807,2.5414083,0.00057053566,0.007351637
59.609848,11.396887,1.320518,0.030135393,0.02577722,4.345514,0.0014717579,0.024453998
39.84528,9.675699,1.7019823,0.0126030445,0.007610917,3.3008022,0.0009599924,0.007455826
26.179014,6.37478,1.2492354,0.011462331,0.010506749,2.7554433,0.00063562393,0.009862423
28.668716,5.18132,1.2809644,0.013944745,0.0047763586,3.7182727,0.00041365623,0.0042077303
26.432667,6.157658,1.0581579,0.007534623,0.0041567087,1.2246239,0.00037574768,0.0034929514
31.340595,7.4193745,1.1301427,0.009963155,0.0061500072,1.1253142,0.00052797794,0.0055328608
53.045757,8.869828,1.4710927,0.011478901,0.006399989,3.0133057,0.0007727146,0.0057783127
30.06994,6.211748,1.2358692,0.013569474,0.004650593,4.3741636,0.00046861172,0.004291415
30.064278,5.7541394,1.4688461,0.020292759,0.004276037,3.772542,0.00040602684,0.004057169
29.785696,7.78032,1.0962265,0.0035356283,0.000115036964,0.9924135,5.1021576e-05,1.2278557e-05
36.160336,7.5300894,1.3882477,0.013961673,0.00955236,3.5960073,0.00097084045,0.008652091
33.34923,7.331997,1.3824923,0.013940692,0.007441163,4.689427,0.00045192242,0.007268071
27.467352,5.194636,1.3199391,0.008500218,0.00860858,3.3435593,0.0007876158,0.007959962
42.15816,8.538988,1.170479,0.015765548,0.020559072,1.4893355,0.0004967451,0.008724332
32.33949,5.617979,1.2164295,0.024168968,0.026503801,3.2284622,0.0011044741,0.025684118
39.993206,7.398509,1.3778129,0.009466171,0.009356499,3.0501862,0.00089609623,0.00873065
40.574585,13.566099,1.1671288,0.026417613,0.025549889,2.9887044,0.0014113188,0.024265528
57.20936,9.654488,1.4398618,0.008154511,0.008760929,3.0862565,0.0010324717,0.007886052
42.32431,10.564165,1.3531041,0.03204143,0.004002571,5.296376,0.00059854984,0.0034117699
50.805916,9.31959,1.4272566,0.009436369,0.009744525,3.5249743,0.0011816025,0.008899927
37.058094,8.543917,1.2566826,0.023464799,0.006299615,6.6148124,0.0006586313,0.006423831
39.14087,8.158312,1.4175045,0.019371986,0.006377101,4.9282813,0.0007222891,0.005868435
48.832943,9.973123,1.5528734,0.015861034,0.007900596,4.1285977,0.00086236,0.0070507526
42.037067,9.110622,1.2207916,0.013449669,0.0122202635,3.3230767,0.0007891655,0.011762738
24.569307,5.6142054,1.2345402,0.015387893,0.0069509745,3.4962025,0.00045478344,0.0065624714
28.675201,8.470443,0.9472723,0.016237855,0.0043338537,3.5896664,0.0002719164,0.0045160055
28.80311,7.926895,1.1233573,0.009291649,0.0047450066,6.285954,0.0005815029,0.004396081
46.374687,9.336258,1.4434738,0.015599608,0.008002639,3.7321887,0.0008780956,0.0069978237
37.665497,8.271982,1.4553885,0.013557911,0.0051920414,3.8806086,0.00068354607,0.00482738
41.159313,6.817211,1.356843,0.014769435,0.00817883,3.5688057,0.0007972717,0.0073133707
38.369164,8.510069,1.2777007,0.013518691,0.012379169,4.209758,0.00091171265,0.011592984
56.918453,10.340835,1.5796273,0.009939671,0.009718537,3.17796,0.0012446642,0.008928537
40.390106,8.141664,1.326308,0.007833958,0.0069206953,3.2857943,0.0007903576,0.006297946
29.775356,7.217417,1.2883797,0.011236072,0.006194353,4.10003,0.0006699562,0.005659342
36.141716,6.682261,1.3409355,0.01075542,0.00885272,3.2871394,0.000972867,0.007807374
24.238148,7.5517483,1.1924446,0.01242578,0.0036462545,2.5624895,0.00033533573,0.0035859346
43.584286,10.80659,1.1378846,0.02060163,0.010240316,2.7430224,0.00097060204,0.009133458
25.177275,6.5190167,1.3014152,0.014775515,0.0038294792,3.738401,0.0004017353,0.003651023
25.420534,5.7510424,1.3499465,0.012880683,0.00452137,3.8912382,0.00038075447,0.0042692423
43.34552,8.753136,1.3163071,0.019075155,0.00785625,4.1277003,0.0007109642,0.0071092844
20.236954,4.067509,1.2444015,0.008012176,0.008436084,3.1432662,0.00059711933,0.007981539
45.82021,9.990926,1.2679584,0.015392423,0.0069026947,3.2893453,0.00043022633,0.0065766573
23.299803,3.753107,1.2146869,0.010049105,0.009410739,3.5145826,0.0007109642,0.008665204
52.466373,9.649635,1.4949789,0.009542704,0.010163665,3.3298073,0.0010974407,0.00952816
47.87273,9.496465,1.1266291,0.01883626,0.033874035,0.34323573,0.0003989935,0.008022785
25.939949,4.9293237,1.3038368,0.010049224,0.009693503,3.5966725,0.00089883804,0.008972526
40.237,8.663401,1.7330413,0.012791991,0.0095540285,2.7322338,0.0009800196,0.009271979
31.767796,8.410298,1.2729316,0.019854784,0.011756182,2.3488383,0.00080037117,0.011025429
38.891335,9.156298,1.5343215,0.013246298,0.0063529015,3.7591252,0.00072705746,0.006025195
37.696487,7.9403925,1.6036558,0.010422468,0.008499503,2.348472,0.00090909004,0.007876277
34.55048,6.76326,1.0766995,0.009590864,0.0076360703,1.9889438,0.0006814003,0.0072096586
40.22345,8.7678585,1.426858,0.012516856,0.00776875,3.034155,0.000839591,0.0068922043
26.258093,6.1048956,1.2695863,0.010624886,0.0091302395,2.7890484,0.0005569458,0.008899689
41.24784,9.511154,1.6144502,0.011986852,0.0058395863,3.1175098,0.0006672144,0.0054551363
40.78202,9.400412,1.3778081,0.016367674,0.007350087,4.052366,0.00066173077,0.0063893795
41.068626,6.4167075,1.3110683,0.02333653,0.023868322,3.5843697,0.0014541149,0.022407651
33.270557,6.3569155,1.3503385,0.02298677,0.022310972,2.4739957,0.0011916161,0.021811485
48.936234,8.805578,1.2475646,0.0081477165,0.0068923235,3.7185163,0.0007544756,0.0061147213
18.121393,4.360283,1.1770256,0.017247438,0.0069003105,4.57386,0.00038421154,0.006551981
30.697206,6.334456,1.147738,0.0076732635,0.0067954063,2.1985707,0.0007445812,0.0056740046
45.986286,8.98724,1.2441397,0.020643353,0.00840342,4.892568,0.00073575974,0.0075167418
39.291515,10.507581,1.6505635,0.014095068,0.003986597,4.18508,0.00073075294,0.0044311285
50.42663,10.753048,1.5591965,0.013832927,0.007898092,3.4197717,0.00082564354,0.007569194
28.83971,6.597517,1.2278597,0.009662509,0.0072985888,2.3455262,0.0005685091,0.0065506697
49.46861,8.855309,1.1995506,0.0076076984,0.008211136,3.1862621,0.00082075596,0.0072159767
26.835873,4.985809,1.2627468,0.008952022,0.008763194,4.0687447,0.0008312464,0.00799942
39.567528,8.90852,1.3011665,0.016232848,0.0065916777,3.7845964,0.00063967705,0.0055395365
35.68423,8.297396,1.2505593,0.018409967,0.01183331,3.1933556,0.0010085106,0.010666609
38.943645,7.6263638,1.1674607,0.012513399,0.012424588,2.5138981,0.00035452843,0.0061923265
36.868134,8.948827,1.4553788,0.011145949,0.006067872,3.7035227,0.00076305866,0.0058732033
34.077736,8.326623,1.2801113,0.01302886,0.00850749,3.283411,0.0007330179,0.007495761
32.246376,6.1994715,1.3795931,0.019340515,0.015247703,3.0998063,0.0013514757,0.014002323
44.592667,9.547548,1.4404855,0.016602635,0.008418918,3.6882305,0.0008454323,0.007801056
28.680264,4.415359,1.3393412,0.016786337,0.013055325,3.3427548,0.0011359453,0.012276769
41.133343,7.916789,1.5077333,0.01391077,0.0067694187,3.681356,0.00076162815,0.0061080456
22.360968,6.339483,0.97115874,0.0012849569,0.0007355213,0.60017455,4.7802925e-05,0.00053167343
48.325306,9.391409,1.4245629,0.0111198425,0.008601546,3.1621866,0.0009305477,0.00812006
31.353031,5.205215,1.2089953,0.016798139,0.010845184,3.253871,0.0008083582,0.0099054575
32.07499,6.6422777,1.4256561,0.010654926,0.007721305,3.4515452,0.0007380247,0.007209301
35.98162,7.278637,1.41485,0.008836746,0.005765438,2.6809876,0.0006184578,0.0054017305
33.631298,8.544888,1.2414343,0.0068489313,0.002686739,2.2721224,0.00027823448,0.0025442839
26.572622,5.4309697,1.3351965,0.008618236,0.008620381,3.2903266,0.0007470846,0.008152723
57.607178,10.485324,1.5632555,0.009810209,0.009046912,3.4992237,0.0011972189,0.008261681
33.691174,7.594054,1.1943479,0.012026548,0.010579109,2.5928435,0.000819087,0.009107113
35.518574,7.217311,1.230941,0.010447621,0.007746935,2.2460587,0.00062298775,0.0067486763
52.25394,9.124232,1.3378074,0.009297013,0.008633375,3.1378684,0.000898242,0.0077320337
36.77577,8.110873,1.4009688,0.013885379,0.0061719418,4.1838307,0.0006403923,0.005569458
35.080364,8.116405,1.4688694,0.014025092,0.011595726,3.0598059,0.00086832047,0.011076212
55.863667,10.204571,1.2999523,0.008109689,0.008409739,2.8418207,0.00089490414,0.0076345205
53.075573,8.9582205,1.4395828,0.010314584,0.0052888393,2.6392577,0.00063169,0.004693866
43.59603,10.330271,1.3934212,0.0027194023,-0.00050508976,0.97216403,7.903576e-05,-0.00050747395
40.73426,9.252444,1.5053611,0.014087915,0.006270528,3.4884224,0.0006811619,0.005542636
30.548666,5.832397,1.3225913,0.011133671,0.008507609,2.8731847,0.0009815693,0.007445216
29.972033,8.0390415,1.5195835,0.009630561,0.005452633,2.704404,0.00055754185,0.0054923296
45.966537,8.12332,1.294832,0.028259039,0.008365631,4.689206,0.0007753372,0.0076487064
28.781214,6.7355433,1.1797531,0.0104596615,0.0036936998,2.9184813,0.0002937317,0.0033726692
54.110405,10.235435,1.4749081,0.015146613,0.008657336,4.0310116,0.0009839535,0.008189678
28.402573,6.1526613,1.246949,0.016033411,0.0043213367,2.9808342,0.00037527084,0.0041435957
36.398457,8.346293,1.4075696,0.011764407,0.007560134,3.1584487,0.0007866621,0.0067887306
39.374737,7.965164,1.317687,0.014839411,0.010859489,3.422863,0.0008561611,0.009913564
51.304375,9.591009,1.4433563,0.012655854,0.0081881285,4.2565217,0.00087320805,0.0076733828
20.748741,4.7667437,1.1182222,0.016023278,0.0051670074,3.852378,0.00030469894,0.0048383474
38.910114,8.777443,1.2952201,0.013900638,0.018108845,3.5104437,0.0010817051,0.017000556
27.577532,7.631832,1.458652,0.011634111,0.004182458,4.310551,0.000600338,0.00424695
41.989807,8.354382,1.4744501,0.012706637,0.009828925,3.0964875,0.001156807,0.00885582
34.791187,7.3773336,1.2497399,0.008523703,0.005872369,2.911185,0.00054204464,0.005389929
40.91826,8.45858,1.3243647,0.012903571,0.010196328,2.9820428,0.0008738041,0.008835435
44.32413,10.245219,1.4001586,0.016813755,0.0069066286,4.1754875,0.0006222725,0.0060049295
40.14547,8.702001,1.6584787,0.0109990835,0.008288145,2.786629,0.00083088875,0.008061528
54.01228,9.79961,1.5729985,0.013818741,0.009721518,3.9235792,0.001196742,0.008956075
40.957752,8.252805,1.3606467,0.0108639,0.009778619,3.0866003,0.00085139275,0.009094715
41.89179,8.725104,1.5334969,0.011978269,0.00579834,4.1480427,0.00063431263,0.005390644
43.570877,9.213505,1.3704998,0.014490604,0.007909656,3.998084,0.0009635687,0.0068603754
26.977116,5.8176355,1.2021117,0.012513638,0.011898518,4.239815,0.0011864901,0.010504365
41.165886,7.6523027,1.1919408,0.011288524,0.01439786,1.7868576,0.00039482117,0.0069289207
30.015234,6.588775,1.0924633,0.009597063,0.0065670013,3.4568381,0.00033056736,0.006129384
36.984875,8.670448,1.5038743,0.017811656,0.018259048,3.3278341,0.0011380911,0.017373443
22.337463,4.908284,1.2673874,0.017008185,0.0064332485,3.7690773,0.00042200089,0.006213665
37.44263,8.454278,1.642133,0.013484001,0.005084038,3.8300257,0.0005375147,0.005228758
16.812485,3.178505,1.2460043,0.0077257156,0.00750494,3.5485396,0.00063574314,0.0071115494
32.054546,8.747525,1.4726586,0.011713028,0.004501581,5.3762965,0.0004775524,0.0052393675
31.862003,7.070095,1.3186886,0.013779759,0.0037608147,3.3262725,0.00038671494,0.0036187172
43.583447,9.305599,1.6238794,0.013020396,0.0075626373,3.2599058,0.0009239912,0.0070717335
41.963196,9.293168,0.93652487,0.022525072,0.031197667,0.5113547,7.70092e-05,0.0041724443
42.960846,8.544134,1.4297583,0.010245085,0.0072613955,3.1481085,0.0008380413,0.006426215
28.098307,6.968493,1.0759568,-0.00019395351,-0.00036525726,0.39369678,-5.209446e-05,-0.0004196167
37.918167,8.766765,1.575407,0.012093544,0.007074833,3.4292927,0.0007482767,0.006774664
48.281532,8.981618,1.1666956,0.015710354,0.018610597,2.5826006,0.0004504919,0.007976294
31.403992,9.041791,1.602927,0.01781714,0.00782299,0.42639017,0.0007452965,0.007925868
46.470165,9.904255,1.2208188,0.01892674,0.013631225,3.644662,0.0010992289,0.012633681
63.70629,12.0281105,1.3137205,0.013739347,0.011443853,2.8693225,0.0011843443,0.010315776
57.63751,10.479254,1.517678,0.014720917,0.007182479,3.9919486,0.00068986416,0.0068734884
31.75578,9.068826,1.2827029,0.024642944,0.023714662,2.3374588,0.0012450218,0.023015857
30.204502,8.665998,1.3273299,0.009822965,0.005703926,5.4016385,0.00056898594,0.0056124926
28.436634,7.0369854,1.1255348,-0.00053811073,-0.00089240074,-0.23871827,-6.902218e-05,-0.00092732906
23.27453,6.4182553,1.0726292,0.008800983,0.0059126616,0.48896146,0.0004208088,0.0054992437
29.136208,6.9670305,0.97838676,0.017708898,0.007107973,4.4024234,0.00043809414,0.006844282
35.77717,7.802706,1.2517829,0.009908676,0.011482954,2.3802788,0.0007534027,0.010677099
44.390404,8.620592,1.7393162,0.016339779,0.0039128065,4.825416,0.0006659031,0.0038592815
24.27627,4.9238944,1.3168771,0.008819222,0.0085760355,3.4193058,0.0007300377,0.008076787
22.235685,6.0774083,1.2393494,0.012192965,0.004822612,3.349524,0.0006213188,0.0043210983
52.278576,7.945673,1.2644634,0.029357314,0.022085786,4.3271837,0.001557231,0.020868659
35.23499,9.229249,1.2475388,0.025394559,0.0058914423,4.696161,0.00047791004,0.0058914423
26.836317,6.4065523,1.1850507,0.01261127,0.0043668747,2.674675,0.00036764145,0.0041644573
37.908764,9.043051,1.5338564,0.0116781,0.0065847635,3.4480925,0.000729084,0.0062321424
48.013596,9.119172,1.4177613,0.01045692,0.012076855,3.2802296,0.0011085272,0.011329293
32.90481,6.8150992,1.1681283,0.0074507,0.0069770813,1.0571644,0.0005979538,0.0060902834
32.538345,8.827062,1.2157342,0.0075571537,0.0013996363,1.5260913,0.00021314621,0.0014734268
24.279709,5.9518533,1.059638,0.008012772,0.005682826,1.5408444,0.00041627884,0.005187869
25.895573,7.5012836,1.1215479,0.0024482012,0.00067806244,0.77642894,3.0994415e-05,0.0007343292
45.46627,10.828067,1.3911483,0.03153479,0.025717378,3.1848783,0.0014857054,0.024996042
28.381544,8.215063,0.99736094,0.012479305,0.0023663044,2.9117823,0.00012791157,0.0023604631
28.666029,6.4690614,1.3664384,0.009774089,0.0065951347,2.828582,0.00062441826,0.0061415434
36.165554,8.363904,1.4074931,0.011753559,0.0074236393,3.2139215,0.00077700615,0.0066667795
24.601046,5.7512126,1.2256403,0.01220572,0.0040928125,2.8939016,0.00040709972,0.003604412
34.89218,7.0424814,0.8795428,0.01932764,0.0070940256,5.7543335,0.0006326437,0.0064775944
32.71298,7.909646,1.3559661,0.010158181,0.0059757233,5.296104,0.0008070469,0.00539124
35.93696,6.7343683,1.426023,0.010020852,0.009661198,2.8400712,0.0008506775,0.009052277
37.62167,8.703512,1.5705454,0.012002826,0.007114172,3.3815346,0.0007456541,0.0068030357
58.778526,8.879439,1.3888693,0.020840287,0.009166241,4.3594584,0.00086402893,0.008493185
57.53871,10.381641,1.3524122,0.014427543,0.00783813,3.331746,0.0008455515,0.0070010424
30.402882,6.4608994,1.2906384,0.009779692,0.006985545,2.9288874,0.00068998337,0.0062072277
36.03874,6.3594084,1.3700023,0.015578151,0.010624886,3.2295265,0.0010621548,0.0095489025
31.626,7.7564745,1.2291698,0.010499716,0.006917119,0.71421814,0.000636816,0.0063568354
46.068985,9.445338,1.0600326,0.014937997,0.026125193,0.32389343,0.00018680096,0.0058190823
29.672445,6.1003623,1.259162,0.014991164,0.004660964,5.324926,0.0005886555,0.004239917
37.100246,9.157163,1.268831,0.0102523565,0.008368254,2.739039,0.00085783005,0.007917881
38.704105,8.214806,1.3364096,0.013425589,0.008249521,3.4789453,0.00092065334,0.007126093
38.194553,7.3060684,1.2231996,0.006230712,0.00651145,2.9477234,0.00058460236,0.0056780577
37.298695,6.7252355,1.2332747,0.010224819,0.009361386,1.8552098,0.00079774857,0.008407235
37.184372,10.429404,1.4046917,0.023546457,0.0025879145,4.647083,0.0004557371,0.0023338795
59.36799,12.888338,1.370131,0.022228599,0.005672574,5.565887,0.0004632473,0.0054813623
25.959934,7.126067,1.012635,0.0022335052,3.9577484e-05,0.8279097,3.159046e-05,-0.00013887882
24.866539,4.9967146,1.3802078,0.01935029,0.011137247,3.13772,0.0007504225,0.010494113
48.708546,9.360861,1.2959528,0.008555293,0.009248853,3.3642855,0.0009970665,0.008371234
30.092512,7.290962,1.2614892,0.010654807,0.0058460236,4.709507,0.00065624714,0.0052747726
40.531197,9.334316,1.4119973,0.008745432,0.0027611256,3.1198244,0.00042116642,0.0026996136
41.175617,8.840846,1.3299725,0.0121792555,0.008571029,3.6110005,0.0008484125,0.007959843
49.007023,9.78631,1.0396988,0.020308256,0.03151858,0.17756045,0.00020170212,0.0049943924
43.789154,8.50365,1.569217,0.016412973,0.0061722994,4.228872,0.00063204765,0.0057371855
53.646626,8.635192,1.3702114,0.018573046,0.007920861,4.190107,0.00074088573,0.007319212
27.885239,5.4347143,1.1221414,0.006991625,0.0051596165,2.5767682,0.00035607815,0.004480839
30.844276,7.17883,1.2704954,0.011116743,0.005946517,3.945076,0.00061380863,0.0054534674
38.510807,8.146724,1.2974069,0.012050748,0.008821011,2.6784208,0.00078547,0.0075773
46.7975,8.863396,1.4439726,0.010833263,0.011448026,3.3017707,0.0010215044,0.010732293
32.65605,6.5320845,1.0517943,0.008273125,0.0068604946,1.843395,0.00062322617,0.00633657
48.09195,8.179117,1.3237073,0.017329812,0.007444501,4.3274007,0.0006250143,0.0069447756
49.942608,9.847266,0.9822525,0.02046299,0.033335447,0.030543447,0.00018107891,0.0051333904
28.878391,7.4474916,1.1954343,0.009327292,0.009919643,2.6007752,0.0008780956,0.009003758
22.480455,4.3456373,1.371906,0.013683677,0.011433482,3.14782,0.00093984604,0.010968089
33.432507,6.918197,1.3720639,0.013125181,0.01014781,3.8761826,0.0011860132,0.008808851
17.38324,5.2592525,1.1268342,0.009625554,0.008079529,2.3603668,0.00050115585,0.007557392
38.101315,8.4660015,1.3983138,0.011999965,0.008641005,3.0275478,0.0009484291,0.0077364445
37.906914,7.159051,1.2459037,0.017767549,0.01073575,2.672575,0.0009793043,0.009668708
20.143301,4.8384304,1.0400107,0.01518786,0.0049347878,2.999835,0.00033259392,0.0042378902
30.644974,9.083426,1.3334789,0.01648736,0.0052416325,3.4695005,0.00060367584,0.0050780773
45.53094,9.202954,1.5302536,0.015983343,0.007532716,4.2911143,0.0008350611,0.007093191
30.715614,6.607842,1.2144055,0.008464813,0.006996751,2.481436,0.000652194,0.006153822
41.347416,8.302187,1.649945,0.010503769,0.010001779,3.0164328,0.0010825396,0.0095329285
45.41417,9.292255,1.3828709,0.014826655,0.007831335,4.204193,0.0009772778,0.0068616867
31.351192,6.286195,1.1637273,0.01078248,0.007249117,2.6427612,0.00055873394,0.006102562
61.936386,10.24997,1.3771615,0.009580255,0.007830501,3.0852914,0.000857234,0.006947279
52.37744,9.003185,1.530853,0.009700775,0.00846231,3.0902348,0.0012054443,0.0074540377
45.462353,8.585906,1.360723,0.009001136,0.008799076,3.432273,0.0009686947,0.008126259
36.00385,6.4956794,1.1207488,0.011040211,0.0101418495,2.2649786,0.0003774166,0.0063112974
33.223648,7.7461176,1.2908797,0.011318326,0.0058767796,3.0110245,0.0007022619,0.0052318573
28.247074,6.202215,1.0148635,0.006287098,0.004815817,1.2346673,0.0002708435,0.0042647123
23.367613,6.518707,1.3999453,0.009183645,0.0039002895,3.4211464,0.0005400181,0.0037199259
35.78802,7.097142,1.2664487,0.01797986,0.012871385,2.7772639,0.0009622574,0.011736155
33.73192,6.3797874,1.5428069,0.02103901,0.00509274,3.6935968,0.00059974194,0.0049910545
35.86144,8.334326,1.4251809,0.011866808,0.006698489,3.747304,0.00072944164,0.0060628653
27.726677,7.1890507,1.1858528,0.009699702,0.0061479807,0.6844754,0.00045454502,0.005818367
38.05306,8.846253,1.3301818,0.01439321,0.0074344873,3.9221926,0.00075542927,0.006477952
43.155922,8.191088,1.4082792,0.009443045,0.0065811872,3.4279518,0.0006490946,0.00625062
39.777855,7.8270426,1.2613058,0.011362672,0.008046389,2.1508796,0.00087320805,0.0070233345
40.155224,8.921426,1.6139007,0.012412667,0.0046106577,3.6434078,0.0007483959,0.0042119026
33.061226,7.193453,1.2447665,0.0088118315,0.00654757,2.8820422,0.0005326271,0.006121874
19.652857,4.699552,1.1061261,0.01811111,0.006002307,3.7613664,0.0003348589,0.0056140423
42.294353,9.117371,1.3003192,0.017032146,0.015867472,2.8935387,0.0011087656,0.014698267
44.096214,7.4316206,1.252424,0.03697312,0.031534433,2.953006,0.002047658,0.029331684
37.760754,7.6357183,1.5040994,0.0098468065,0.008621573,2.9259796,0.00086152554,0.008053899
56.760475,8.805615,1.369369,0.019984603,0.008633614,4.081564,0.0008248091,0.007924676
24.168423,7.107314,1.0704212,0.00044035912,-0.00062036514,-0.041849256,-4.541874e-05,-0.00059115887
52.953667,9.927563,1.6855562,0.012184858,0.0068959,3.8264852,0.00081825256,0.006621957
40.682594,8.037626,1.2989883,0.0106214285,0.00929296,3.86521,0.0010255575,0.008466482
63.953026,10.999767,1.4900658,0.010052443,0.0086295605,3.323913,0.0010819435,0.0077525377
37.799286,9.195864,1.3099005,0.020400763,0.017783284,1.253664,0.00078082085,0.017609715
35.584377,8.432336,1.3285747,0.0147612095,0.009184241,3.3836098,0.00082314014,0.00818491
42.80593,7.510353,1.2700567,0.016018271,0.00907886,3.1213784,0.000895977,0.008334756
34.734524,7.6047297,1.3764634,0.011898041,0.009107947,2.2744296,0.0007557869,0.008556128
40.64958,8.440393,1.020067,0.018306017,0.023046851,0.87171483,0.00016129017,0.0059951544
12.417761,3.4401646,1.1407683,0.017287254,0.0070410967,4.112431,0.0003182888,0.006559968
21.668806,5.7371063,1.3101895,0.015323997,0.0040552616,4.718042,0.00040066242,0.00388515
50.444717,10.335415,1.1167943,0.031237483,0.014148712,3.5712342,0.001142025,0.01269424
27.982233,7.1223507,1.3217092,0.009953737,0.0030453205,2.1488986,0.00036275387,0.0027472973
54.587753,8.584018,1.3436868,0.020905852,0.008785248,4.6436834,0.0008735657,0.008100867
33.167896,6.657974,1.3340673,0.013703227,0.010882139,3.606022,0.00087332726,0.009688973
37.114468,8.063992,1.1943846,0.015899658,0.012027144,3.2263045,0.0009365082,0.010665655
35.63613,7.8943357,1.3630421,0.0073103905,0.0069452524,3.028142,0.0006030798,0.0064798594
34.019875,8.554608,1.4359443,0.009942651,0.006819129,3.2701154,0.0005645752,0.0066820383
26.59352,7.131853,1.2082453,0.012181759,0.005011797,4.537521,0.0005596876,0.004398465
41.76042,7.6889334,1.0327816,0.017213106,0.02212882,0.9789742,0.00020003319,0.005432725
22.646852,6.8604097,1.140589,0.008265853,0.0027208328,1.8297601,0.00030708313,0.0025436878
30.45663,8.386107,1.0639784,0.010238886,0.002213478,2.0432231,0.00017142296,0.0020433664
36.29132,6.8224897,1.195827,0.0074008703,0.007199049,0.99593186,0.0006583929,0.006149292
29.324379,9.757134,1.3139579,0.011680484,0.0030709505,3.5528188,0.00042438507,0.0032820702
42.274063,8.651432,1.3224313,0.013929486,0.008340597,3.9197044,0.0009559393,0.0072329044
21.549255,5.092318,1.2465122,0.016603231,0.005198717,3.912579,0.00037896633,0.004794121
43.114155,8.429977,1.0996909,0.016113043,0.022105813,1.0272329,0.00025856495,0.005811572
34.157917,9.260006,1.6951437,0.016146183,0.006624937,5.2469044,0.0007523298,0.0072273016
46.737453,8.835128,1.2444196,0.014936447,0.019989729,1.6236143,0.00068295,0.008904934
42.52559,8.869625,1.3307047,0.01872158,0.017581582,3.369812,0.001100421,0.016358018
46.436005,9.524645,1.3760226,0.014508486,0.0076469183,4.0910826,0.0009498596,0.0066868067
59.831894,10.16524,1.4162502,0.009568691,0.007979989,2.7751775,0.0010949373,0.0071679354
36.090363,8.17725,1.3631101,0.013710141,0.011613607,3.0302434,0.001085639,0.010376215
46.061035,8.1980915,0.99572575,0.016296148,0.022099495,0.708851,0.00020265579,0.003810525
38.501812,9.307149,1.3211546,0.020031333,0.01719594,3.2506952,0.00081431866,0.016951323
27.154016,5.0330553,1.1986306,0.016581416,0.0057748556,3.745677,0.00046110153,0.005241275
28.189526,6.3994174,1.1536756,0.009703994,0.0073549747,2.6792877,0.0005505085,0.0065438747
35.264057,7.3597813,1.2247746,0.013311744,0.00980556,3.2949562,0.0008443594,0.008402228
35.833874,7.5103865,1.2785645,0.008423448,0.005492568,3.3513603,0.00035071373,0.0052291155
25.08786,6.1627874,1.2219832,0.011350036,0.0079113245,2.895602,0.00038778782,0.0075107813
35.689594,8.316345,1.2217851,0.015288115,0.009769559,2.8834548,0.00069224834,0.009208918
45.28986,8.530495,1.4643817,0.01033926,0.008806944,2.5983038,0.0009149313,0.008210182
30.901682,6.7656193,1.3603418,0.013928533,0.01206255,3.2878318,0.00083112717,0.0114194155
50.09366,7.5074663,1.3069522,0.020248055,0.019150972,3.4996886,0.0012892485,0.01816535
59.63253,10.94276,1.6283042,0.021056175,0.019108772,4.1567793,0.0014271736,0.018546343
38.157444,7.8248253,1.4043946,0.008969903,0.00788784,3.726324,0.00066149235,0.0074334145
46.1078,8.783521,1.1585054,0.012215018,0.015601754,1.4903009,0.00036132336,0.0062538385
49.558437,10.271632,1.3551862,0.018317223,0.008192539,3.4387999,0.0007017851,0.007785082
28.644886,6.8623376,1.145433,0.0144405365,0.012042165,1.4055116,0.00065505505,0.011591077
33.294426,9.139447,1.5253937,0.016972542,0.009519935,0.3477744,0.0008234978,0.00947237
33.917984,7.734066,1.2810588,0.011675,0.005680442,4.4184265,0.0007317066,0.0052331686
16.990799,3.2548938,1.2673261,0.0074214935,0.006479144,3.087614,0.00054860115,0.006183386
39.332184,10.726255,1.8253715,0.01286459,0.0023335218,3.8781686,0.00046408176,0.0029069185
45.614567,8.107407,1.2460432,0.008111358,0.0076270103,3.0505977,0.0006971359,0.006934285
26.259462,6.137224,1.0918181,-0.000782609,-0.000906229,-0.06758988,-8.261204e-05,-0.0010261536
26.330738,7.8658686,1.0057976,0.0070917606,0.00284338,6.7355905,0.00046479702,0.0026792288
39.377346,7.6363144,1.2339864,0.0067931414,0.0070370436,3.0366511,0.00063562393,0.00616765
20.867098,7.06161,0.961174,0.008485198,0.0043287277,7.1108017,0.0004813671,0.004257202
12.107088,2.5400453,1.2026055,0.008454442,0.006316185,3.5214577,0.00051140785,0.0058707
32.91991,5.614845,1.2636392,0.021555185,0.021636724,3.205359,0.0011891127,0.020432591
34.671417,6.454405,1.3528917,0.009468198,0.011015415,3.1246223,0.0008044243,0.010134101
35.470856,5.4535217,1.3307018,0.02225411,0.024149299,3.3689961,0.0013430119,0.023062587
25.084639,7.7508097,1.1315877,0.0048294067,0.002452135,6.1629596,0.00032496452,0.0026763678
43.94415,8.99066,1.2936075,0.012564063,0.00982821,3.1518798,0.000916481,0.009027243
44.869553,7.9987392,1.4100041,0.013156772,0.008606195,3.2517838,0.0010918379,0.0075564384
26.759008,7.3780527,1.365174,0.015429616,0.0036896467,3.3642635,0.00039744377,0.0037933588
28.242325,7.928379,1.0554721,0.0020862818,-0.000114798546,0.74047804,3.0517578e-05,-0.00021803379
39.60106,8.653703,1.312192,0.014806986,0.007438898,4.1529922,0.00086927414,0.0063174963
46.27299,8.205485,1.3453035,0.021851778,0.021683812,3.2419686,0.0011972189,0.020453691
34.605354,6.365696,0.97570324,0.019613266,0.008862972,3.98239,0.00069212914,0.007665992
30.75662,6.421676,1.1237574,0.012042642,0.0038381815,2.638076,0.00037395954,0.0035289526
41.26694,9.360895,1.5134797,0.010596991,0.006335616,2.8885727,0.00065636635,0.0059076548
34.882812,6.815279,1.2834289,0.011918068,0.010288596,3.5643249,0.00092566013,0.009391427
28.099752,9.488539,1.5002351,0.012885928,0.004443407,4.5331407,0.00053560734,0.005064845
30.60874,6.025427,1.2855251,0.005177021,0.007841349,3.0616264,0.0007611513,0.0069676638
29.025427,8.396489,1.213414,0.00840044,0.0015625954,1.6363153,0.00019180775,0.0017389059
39.68605,8.228829,1.1625836,0.008856893,0.007812858,2.8188608,0.0006967783,0.007009864
31.145035,6.0298758,1.311785,0.010738134,0.008228183,2.929713,0.00093340874,0.0071491003
23.56175,5.329799,1.2680476,0.013257027,0.0057605505,3.7687106,0.00042951107,0.0054244995
39.548706,7.966346,1.2471931,0.018145442,0.014313698,3.3882093,0.0009280443,0.013124585
39.855453,8.095263,1.2775431,0.0071845055,0.0083857775,2.261703,0.00045764446,0.008172274
45.213436,9.570389,1.3944297,0.012662888,0.008857489,3.394802,0.00085544586,0.008401632
28.886778,6.5419364,1.3846793,0.016340017,0.005294442,4.1017227,0.0005477667,0.004900098
26.347586,6.8048496,1.1155019,0.00887835,0.008817315,0.55347323,0.0003876686,0.00858891
34.428394,7.7553997,1.4036684,0.012266636,0.005776763,3.4494753,0.0006271601,0.0053721666
42.43992,8.657497,1.3894744,0.011348963,0.0068098307,3.0794034,0.0008288622,0.005981922
35.946854,8.083313,1.2788568,0.012825012,0.011614919,2.7977648,0.0008943081,0.010103226
53.002792,9.716775,1.488014,0.009862065,0.010379553,3.4171548,0.0010863543,0.009635806
38.27185,7.4327183,1.4783909,0.0098615885,0.009191155,3.0254183,0.00075626373,0.008809447
25.99477,6.654429,1.0584056,0.0093204975,0.006721735,0.94061816,0.00050389767,0.006214261
26.417597,5.4400606,1.3868046,0.016297936,0.00732553,3.8117075,0.00056409836,0.0069111586
24.773874,7.35503,0.9221873,0.015407801,0.005107045,4.171308,0.000344038,0.004819274
18.69257,5.0632277,1.1432831,0.009917855,0.008173823,3.5298395,0.0005431175,0.007548332
42.907753,8.574411,1.2870035,0.0145897865,0.008224487,3.6365848,0.0007696152,0.00692451
20.544903,3.3717208,0.93872476,0.020727158,0.006079793,4.09229,0.0005016327,0.0050429106
42.568356,6.80929,1.1836112,0.027873516,0.0077451468,5.2757716,0.00078976154,0.0070068836
24.322918,5.5327325,1.2316599,0.015390396,0.006955147,3.4943943,0.00045013428,0.006569147
25.901451,6.7442217,1.1077034,0.010044575,0.00729084,0.5673139,0.0005609989,0.006746888
24.486032,5.1431766,1.0472167,0.011831164,0.0063779354,2.8361704,0.0005146265,0.005575776
37.2679,7.538945,1.3395479,0.01556468,0.012221456,4.0580664,0.0009959936,0.011470437
27.938198,5.9747715,1.212985,0.010707021,0.008525491,1.6458974,0.0004348755,0.008168101
42.49078,7.326046,1.4638958,0.01175952,0.009114742,3.879486,0.0009022951,0.008276582
42.322304,8.028956,1.3025379,0.008371592,0.008381009,3.1325345,0.0009409189,0.007408738
54.580082,8.332939,1.4310853,0.01912427,0.0076988935,4.9577827,0.00078606606,0.007014632
42.683914,8.699771,1.5068235,0.011763096,0.0104910135,2.62673,0.0008364916,0.01034677
42.325886,9.981714,1.3771117,0.024139643,0.019432545,3.6251025,0.0010188818,0.018505216
62.523117,10.42602,1.3809617,0.009611726,0.008652806,3.1136017,0.0009191036,0.007697463
45.238827,7.781602,1.4905248,0.010662794,0.0077103376,3.5479298,0.0006890297,0.0071759224
32.22948,7.5896626,1.2932935,0.008506298,0.0032522678,2.351654,0.00042259693,0.0028059483
25.681526,6.126665,1.3976521,0.009996176,0.0036765337,3.3277297,0.0004451275,0.0033345222
54.302235,10.235014,1.6058064,0.010015368,0.006580353,2.8804448,0.0007994175,0.006392598
52.62942,8.925028,1.1051285,0.01854682,0.022627473,1.1547956,0.000495553,0.0054029226
25.854368,5.439852,1.2105479,0.019224286,0.007528782,3.900072,0.0004351139,0.007089019
56.592457,8.022452,1.342741,0.022384048,0.011158705,4.152571,0.0010870695,0.010296226
35.747566,6.7217693,1.0451849,0.016533494,0.022554994,0.9724095,0.00029671192,0.0067653656
42.387844,9.949338,2.1173136,0.012382746,0.007261157,2.600608,0.0009907484,0.007563114
23.15201,5.909223,1.0865457,0.010642767,0.006915331,4.0652986,0.0005450249,0.0064413548
34.138733,7.0231934,1.4066417,0.013054967,0.014095306,2.7553213,0.00097191334,0.01334393
26.908287,6.0848966,1.356549,0.0091331005,0.0032303333,2.5752401,0.00043833256,0.0028896332
30.465923,9.254399,1.4141107,0.011823416,0.0044469833,4.719177,0.0005899668,0.004906416
38.297962,8.016004,1.316716,0.01098001,0.009667277,3.1696253,0.00089275837,0.008918524
34.145912,7.137225,1.2531772,0.012367487,0.0064128637,3.5241337,0.0005196333,0.005618453
42.14986,8.468478,1.2204823,0.019075632,0.009875059,4.2393656,0.00085282326,0.008711576
25.632439,7.086424,0.8865237,0.0113812685,0.007335782,3.5683684,0.0006068945,0.006333828
29.86936,7.906761,1.2270529,0.014393687,0.0053173304,3.828701,0.0004452467,0.005154729
24.666594,5.830904,1.1396313,0.010280013,0.0038871765,2.1815004,0.00030303,0.0035179853
29.950575,8.263862,1.0922725,0.0038497448,0.00046479702,0.97629464,5.567074e-05,0.00035750866
39.433495,7.579008,1.2672052,0.008069277,0.007614851,3.183642,0.0007045269,0.0068057775
35.20444,9.2871275,1.341625,0.0136989355,0.0057001114,3.0390782,0.00056922436,0.0054302216
34.400436,6.5795727,1.3366125,0.013296723,0.012186289,2.6903834,0.00097346306,0.009654045
62.224846,10.668241,1.5078142,0.014799118,0.007498622,4.324608,0.00077462196,0.007270813
36.330605,7.100383,1.1419652,0.01232636,0.008057237,2.873568,0.0008122921,0.007553339
29.986464,6.317664,1.2430813,0.014893532,0.009083271,4.313143,0.000900507,0.00866878
34.969917,6.805201,1.3226929,0.011660576,0.009141922,3.127346,0.00094616413,0.008175254
42.990444,10.325768,1.6065044,0.029269695,0.005706668,4.827911,0.0005325079,0.005744815
40.16315,7.729274,1.3830409,0.0102677345,0.008090854,3.187686,0.00089395046,0.007110834
39.286602,9.196071,1.3241625,0.0145487785,0.0075808764,3.8400793,0.0007392168,0.0065467358
16.819605,4.5524325,1.0484529,0.010186672,0.00765574,3.489389,0.000446558,0.0073040724
38.579197,7.670742,1.1435249,0.017119288,0.02106297,1.7082846,0.0004439354,0.0074813366
42.20018,8.791853,1.3697703,0.015605092,0.0071229935,4.1229405,0.00073957443,0.0061250925
34.54156,7.7824173,1.1925392,0.013991952,0.009229541,3.2011404,0.00076413155,0.007960081
26.588469,7.4259157,1.0650508,0.002330184,0.00030052662,0.38184285,4.7564507e-05,0.00010597706
28.219296,6.8580213,1.19641,0.011982441,0.0054522753,3.8324332,0.00054860115,0.004850745
37.695415,7.8343525,1.3986719,0.010424137,0.007419586,3.361858,0.00079989433,0.0070023537
56.175865,9.846197,1.3496776,0.008229852,0.007167101,3.0826697,0.00077307224,0.006330371
39.3947,6.7077417,1.353868,0.00922668,0.011295557,3.6033053,0.0010187626,0.0103878975
30.017134,6.4916787,1.0984375,0.010961652,0.0061939955,2.2432187,0.0005155802,0.0050712824
31.386532,9.147687,1.5653427,0.015653849,0.0062196255,2.5751364,0.00063967705,0.0065158606
31.985561,6.9584703,1.2844992,0.0140634775,0.010316372,2.9013321,0.0006263256,0.008835554
46.38512,9.278833,1.2773781,0.020553231,0.009066224,4.668759,0.00080418587,0.008134842
24.691246,7.144842,0.99239445,0.0012645721,-0.00023412704,0.6808468,-9.894371e-06,-0.00041043758
38.580868,7.2673206,1.5827854,0.017745018,0.006218672,4.3768,0.00058555603,0.0060112476
35.987995,7.314789,1.3876693,0.013267517,0.011951327,3.5475245,0.0010499954,0.011051893
27.294607,7.234437,1.0929861,1.9073486e-06,-0.00041604042,-0.21099806,-1.5377998e-05,-0.00039684772
31.891285,8.356749,1.0845053,0.02067411,0.008103132,2.8179154,0.00074899197,0.007213354
54.335915,9.398383,1.4801245,0.0148614645,0.007384777,3.2089195,0.00075376034,0.006994009
21.518429,5.591802,1.1648498,0.012026191,0.004921913,3.432273,0.00042271614,0.004603386
43.087265,10.813624,1.465127,0.004642844,-9.5009804e-05,1.5933542,8.21352e-05,4.386902e-05
66.453735,14.0753975,1.3495247,0.0351187,0.026388288,3.7429557,0.0017162561,0.025055408
52.798317,10.8899765,1.2175865,0.0374074,0.031905532,4.0266533,0.0018860102,0.029752016
26.514654,7.409013,1.0341899,0.0019723177,-0.00028979778,0.76175225,6.3180923e-06,-0.0004826784
27.133331,8.924534,1.4816856,0.012034535,0.0031229258,4.943249,0.00060379505,0.003525257
53.737583,16.234228,1.3465619,0.035908103,0.024725914,4.0662365,0.0017647743,0.023369074
25.028595,7.4579287,0.8792243,0.013971806,0.0034977198,5.612938,0.0004118681,0.0031991005
35.522736,10.36084,1.185781,0.016032934,0.0024966002,3.252438,0.00022006035,0.002383113
30.398628,8.63569,1.0213017,0.02020812,0.005432129,5.833167,0.0004427433,0.0055269003
50.709007,9.565263,1.5014083,0.009303689,0.008228421,3.0862799,0.0009727478,0.007668853
28.407415,8.014938,1.3395891,0.013727665,0.0043826103,4.0670147,0.0005440712,0.004080415
38.640488,7.2871695,1.527046,0.018018961,0.0058202744,4.446415,0.0006108284,0.005627036
43.779636,8.838174,1.3266456,0.013119698,0.0081214905,3.5781589,0.00077307224,0.006939292
30.631233,6.156923,1.2393346,0.00999403,0.012100935,2.3233626,0.00090289116,0.010993242
28.380884,7.2748976,1.3780646,0.012902617,0.0050040483,3.0802717,0.0004823208,0.0046406984
41.01988,15.5577965,1.266331,0.035613656,0.028623104,3.837607,0.0020251274,0.026878357
40.940006,7.7790995,1.3503139,0.031247735,0.022637367,2.8738537,0.0011965036,0.022037625
38.99161,8.795147,1.602217,0.012894869,0.0075575113,3.748211,0.0008428097,0.0073423386
40.074543,7.18729,1.4041228,0.01710105,0.017490149,3.8486328,0.001157999,0.01639986
33.35338,9.26537,1.2702417,0.009930849,0.0013759136,2.279361,0.0001885891,0.0013837814
28.015259,8.45184,1.3172321,0.012185931,0.0030440092,2.4778385,0.00033164024,0.0032498837
31.436562,6.952348,1.1464031,0.009973407,0.00782311,3.25881,0.0005286932,0.0072729588
35.0556,7.013606,1.2451262,0.012007594,0.011143923,3.4547176,0.0011461973,0.0099003315
23.105131,7.2843113,1.0395296,0.011898041,0.0029556751,2.8818758,0.0003106594,0.0027070045
26.775473,6.0626836,1.2758439,0.013420701,0.006809354,3.3548856,0.00062537193,0.0063556433
44.038925,9.626534,1.2217016,0.018429637,0.012973309,3.5050464,0.0012385845,0.011531353
26.043959,4.690854,1.3314075,0.009708643,0.008916616,3.06325,0.0008032322,0.008292198
34.27047,7.1668415,1.4368498,0.010702252,0.0050029755,3.4544992,0.0005643368,0.0044664145
62.224846,10.668241,1.5078142,0.014799118,0.007498622,4.324608,0.00077462196,0.007270813
37.90896,8.851224,1.6004806,0.009364486,0.007895708,3.263929,0.0006673336,0.007839918
32.367428,6.43473,1.1552155,0.011159301,0.007965922,2.494988,0.0006504059,0.006601572
47.051144,9.590669,1.3761623,0.015555978,0.007544875,3.9799943,0.0008196831,0.006453514
48.317066,10.112597,1.117095,0.03205681,0.01234591,3.7999954,0.0009789467,0.011098385
26.174936,6.4777145,1.1209679,0.007363677,0.0069657564,0.5048628,0.00027787685,0.0067967176
34.555428,6.946503,1.1768429,0.0083248615,0.005930066,2.0427623,0.0007072687,0.0049546957
26.696663,6.8157077,1.0505278,0.00809741,0.0039311647,1.4192011,0.00040864944,0.00310421
35.32271,7.9019737,1.298948,0.015606642,0.00500834,4.267965,0.00039827824,0.004592538
37.605003,8.040894,1.2447059,0.013266087,0.0075443983,3.3983083,0.0007650852,0.006278515
41.235462,8.533006,1.2561038,0.014672995,0.008063674,3.5501547,0.00074875355,0.006733775
38.029556,7.999936,1.2165675,0.014275432,0.010060906,3.1681585,0.0008918047,0.008628964
32.73748,7.882205,1.259651,0.009639263,0.009642363,1.9429519,0.00073730946,0.008978605
22.831833,6.1831274,1.3367767,0.0109421015,0.0036702156,3.4498296,0.00038778782,0.0036828518
28.066084,6.3216605,1.2860858,0.013334274,0.00991416,2.7148957,0.0006766319,0.008939147
49.85374,9.818902,1.4304123,0.0151001215,0.008068562,4.6927752,0.00088071823,0.0075428486
37.149773,8.122066,1.6011329,0.01685381,0.0043178797,4.622241,0.00073063374,0.004495859
21.40464,3.650672,1.231466,0.013358474,0.011310339,2.8066792,0.0009275675,0.010672927
34.60248,6.59288,1.2304597,0.012771726,0.007872939,2.6853855,0.0006593466,0.0067546368
25.39682,7.246092,1.0116012,0.010915518,0.0041815042,3.1932693,0.00031542778,0.0038677454
42.7465,8.494644,1.391916,0.010075092,0.00831008,3.2090287,0.0007981062,0.0076892376
28.955236,5.8312025,0.9871838,0.014884114,0.0066189766,3.650735,0.0005925894,0.0056761503
37.783833,7.5020437,1.3836691,0.020594716,0.019417644,2.526706,0.0008562803,0.018786073
31.017292,8.251963,1.4357464,0.011044383,0.005616784,2.28429,0.0006057024,0.005675435
62.3734,17.633684,1.2900469,0.03201282,0.028662562,3.3691483,0.0018621683,0.02711904
31.418655,7.0423326,1.3854549,0.012432694,0.008395433,2.7845798,0.0007325411,0.0076907873
39.94447,10.516625,1.4113357,0.024582028,0.0027441978,4.5983443,0.00051009655,0.0023206472
41.916626,8.283164,1.1995423,0.02184546,0.010276556,4.605569,0.0008493662,0.009081483
52.883137,10.453763,1.3116953,0.031146765,0.023789644,3.318378,0.0015702248,0.022669077
42.101936,8.625307,1.2102423,0.020392895,0.010245204,4.4439054,0.0008729696,0.009086013
25.532036,4.7012,1.2653103,0.008843303,0.008954883,3.7206612,0.0008202791,0.008158445
45.42658,9.462444,0.9237894,0.024617195,0.04946351,-0.78044796,8.380413e-05,0.0049984455
35.163662,7.9402933,1.4998078,0.011619806,0.009405971,2.86921,0.00084102154,0.008900523
27.877537,8.489079,1.2867467,0.012444615,0.00407815,6.356592,0.0005193949,0.0041800737
37.581272,7.84196,1.3167303,0.01759398,0.0054733753,4.262989,0.00047791004,0.0050148964
24.420675,5.7411323,1.1020975,0.015903711,0.0043771267,2.552095,0.00030100346,0.004245281
27.153091,4.9687986,1.1524079,0.011808038,0.008158565,2.348078,0.0006715059,0.007217765
37.047432,7.973942,1.254576,0.009550095,0.009340048,2.9769628,0.00077819824,0.008639216
35.860977,7.7478113,1.3122559,0.012538791,0.008432031,3.4823155,0.0009032488,0.0073053837
35.03327,8.315855,1.3123708,0.014411449,0.006479144,4.655324,0.0003774166,0.0063136816
29.36121,7.98343,1.2738724,0.014105558,0.0048930645,2.8984938,0.00040555,0.004755497
47.09809,8.992455,1.4267461,0.00978744,0.009954929,3.4582877,0.0011144876,0.009246469
48.132133,8.568285,1.3413911,0.011533976,0.008995056,3.3834853,0.0008637905,0.008472443
22.130161,5.606676,1.2378254,0.012468457,0.006222248,3.1191626,0.00080120564,0.0054522753
22.70522,4.30118,1.3583112,0.016134262,0.0059230328,3.8927112,0.0005297661,0.005556226
35.105526,9.98914,1.1275971,0.029162765,0.005489707,4.714485,0.00042283535,0.005297065
51.310833,11.312927,1.4095652,0.021599054,0.009118199,4.3867,0.0007482767,0.008874178
30.302954,7.128681,0.95310366,0.017939568,0.006789565,5.17284,0.0004736185,0.006463647
26.916811,5.789607,1.2236254,0.011532426,0.011340737,3.5985875,0.00097203255,0.010308862
43.92946,9.563756,1.246819,0.010742903,0.009502053,3.3411503,0.0010768175,0.008191586
31.535202,5.8840127,1.2265618,0.010488033,0.009756565,3.2127566,0.0008326769,0.00894177
16.169527,3.6666617,1.2558696,0.01563561,0.0059458017,4.03725,0.00033462048,0.005712986
48.682648,9.372875,1.0492518,0.018258095,0.032235622,0.050654292,0.0002655983,0.006023288
35.95133,9.390553,1.3228343,0.01221323,0.013931155,1.3554838,0.0006161928,0.013872504
44.967148,9.163253,1.4935639,0.013288617,0.014229178,3.0515485,0.0010114908,0.01290822
35.88599,7.048271,1.0890021,0.009280682,0.008035421,2.1538115,0.0007505417,0.0075575113
32.87974,6.180905,1.2382267,0.012631297,0.008029461,2.4221451,0.00070011616,0.006999016
45.691833,9.449402,1.7865279,0.011014104,0.008266211,2.811508,0.00087177753,0.008131862
35.20052,8.143806,1.3561559,0.014365554,0.0067925453,4.7290535,0.00038278103,0.0067540407
24.60749,5.8845716,0.94605064,0.013444066,0.0053179264,3.8789868,0.00037539005,0.004467964
40.606564,8.793539,1.356663,0.016708493,0.014124036,3.15734,0.0009974241,0.013582706
35.02907,6.8126817,1.2109749,0.012254357,0.0070158243,3.201517,0.0005608797,0.006345272
43.632824,8.445305,1.2671173,0.017690897,0.009452462,6.8128686,0.00094890594,0.008730292
27.576063,7.1432524,1.1887898,0.009876132,0.009250283,2.1998136,0.0006020069,0.00815773
52.135834,10.316045,1.3032513,0.016356468,0.009110451,3.829239,0.00091052055,0.008502483
24.106026,6.121295,1.0698731,0.003740549,0.0028682947,0.81862426,0.00021982193,0.0024758577
46.63196,7.939539,1.1121914,0.015601277,0.019910932,1.6355276,0.0002834797,0.0052821636
48.030113,9.899983,1.351383,0.01397109,0.00996387,3.9653683,0.0010293722,0.009223819
31.54705,6.178377,1.0447407,0.0077313185,0.006349206,1.8445818,0.00056505203,0.0058044195
22.730705,5.588235,1.2287884,0.01495862,0.005056262,3.584175,0.00036263466,0.004834652
41.01467,6.261092,1.306994,0.024126291,0.009099722,4.454581,0.00080513954,0.008497357
39.120766,7.093075,1.2420506,0.025964022,0.022916198,3.475892,0.0012811422,0.021892548
31.599934,6.099032,1.2760653,0.011132121,0.008823395,3.1025338,0.0009635687,0.007848144
60.490875,11.243507,1.3201535,0.030688882,0.02348733,4.474492,0.0015218258,0.022108912
36.664043,8.020274,1.4658945,0.017692447,0.006660223,2.8947864,0.00060653687,0.006181717
32.302345,7.2641344,1.0136373,0.016964436,0.006329417,4.4055514,0.0005478859,0.0059980154
34.72944,8.408514,1.6527367,0.013546348,0.0054061413,4.1291823,0.0006648302,0.00559175
29.83192,5.7108254,1.3265574,0.014294744,0.00398767,4.572406,0.00045716763,0.0037184954
30.1867,6.407183,1.1165977,0.010445118,0.0061178207,2.0674732,0.00051641464,0.0053247213
43.901146,8.240528,1.5785077,0.017684579,0.004673958,4.2165785,0.00060868263,0.0043752193
37.42775,9.073371,1.3749421,0.015442133,0.0074300766,3.7216468,0.0006709099,0.00652349
34.209072,7.7678967,1.4527893,0.017010212,0.00545156,4.2918916,0.00062417984,0.005281687
37.840374,7.4745064,1.2797623,0.0076743364,0.008408785,2.9756308,0.0008598566,0.0075526237
28.957428,8.10028,1.2375875,0.0037214756,0.0021030903,1.4044228,0.00012302399,0.0022944212
35.540943,7.8373365,1.3099418,0.011725545,0.010210872,2.7502234,0.00083994865,0.00893569
48.06944,9.077976,1.309161,0.010096908,0.008511424,3.4552183,0.0009533167,0.0074768066
33.27396,8.361321,1.255616,0.011190891,0.010567546,1.2420228,0.00043451786,0.010353923
55.528294,9.10056,1.3777747,0.016703963,0.008814335,3.7760525,0.0008597374,0.008094788
30.928484,6.9651623,1.3106222,0.00979948,0.010582209,2.832976,0.00088632107,0.009714127
27.612549,6.9047866,1.1287193,-0.0009883642,-0.0008665323,-0.17073798,-9.5009804e-05,-0.0007849932
38.626495,10.702422,1.4253328,0.022755027,0.02313435,2.1304297,0.0013993979,0.022877336
40.229393,9.997721,1.0200431,0.02485919,0.011087894,3.7866926,0.0009506941,0.009819269
28.77157,7.6544113,1.0619888,0.0020138025,0.0005903244,0.5384921,6.4492226e-05,0.00036871433
20.169075,5.0176663,1.1143281,0.01772356,0.005868554,3.6914482,0.00034606457,0.005516529
39.403976,13.748381,1.2603929,0.025155544,0.012551069,3.06032,0.0009429455,0.011808991
37.383236,8.070091,1.3750381,0.015264988,0.014259934,2.93544,0.00093233585,0.013426065
25.542355,6.7254105,1.1229103,0.009505868,0.0036166906,2.93607,0.00029861927,0.0033473969
16.980263,3.388348,0.9931737,0.018103361,0.0060266256,3.9576569,0.0003362894,0.0053071976
40.176086,7.502655,1.4144969,0.0128445625,0.011300683,3.2410488,0.00085532665,0.010668278
25.720137,6.2638245,1.0801842,0.0040239096,0.0049482584,0.32611215,0.00018811226,0.0047501326
27.06075,9.062579,1.1779811,0.013723135,0.004774332,3.1276875,0.0004144907,0.004826784
50.698166,9.53349,1.445898,0.009367585,0.009351969,3.3333883,0.0010002851,0.0086272955
33.908024,7.834936,1.2699637,0.0107729435,0.009679675,2.9025717,0.00064742565,0.00899744
44.58356,9.531981,1.3404267,0.014236212,0.008079648,3.2538466,0.0007224083,0.007731676
43.31362,9.451486,1.3196867,0.016238809,0.007435441,3.861082,0.00072705746,0.0063558817
33.35726,7.1627235,0.9335593,0.01757884,0.0058413744,5.723633,0.0005276203,0.005494833
23.167816,5.0426717,1.099937,0.013348579,0.004635215,2.2829194,0.00037682056,0.0040757656
57.84085,9.453466,1.4581094,0.013216972,0.008012891,3.3896623,0.00081157684,0.0075478554
65.54181,11.455079,1.9785767,0.0135746,0.0058335066,5.877894,0.0007739067,0.005918622
39.23403,9.1344595,1.5160463,0.014819622,0.00545907,3.864037,0.00068998337,0.0049819946
40.523033,8.416668,1.2608304,0.011484981,0.00730443,4.190945,0.00072050095,0.0066070557
21.48563,5.975345,0.88382137,0.014612436,0.0072370768,2.4838989,0.0005326271,0.0067441463
25.825083,5.7123265,1.0691736,-0.00014543533,-0.00049972534,-0.101857066,-8.094311e-05,-0.00072312355
33.749073,6.66478,1.3310745,0.017160416,0.0055309534,5.690811,0.00059616566,0.0049774647
40.663815,8.130134,1.5331581,0.01269412,0.007999659,3.0076752,0.0009249449,0.007467389
34.085983,10.0703335,1.4124908,0.020233512,0.004121065,4.867399,0.0005301237,0.0042437315
22.634626,5.2493234,1.3318758,0.0135113,0.0077016354,3.1454291,0.0006810427,0.007024646
40.269997,9.396748,1.3114686,0.015559435,0.007161498,3.5801954,0.0007658005,0.0061649084
23.12035,5.69745,1.1447866,0.011646152,0.0041418076,3.252264,0.0003412962,0.00358665
46.14795,9.316622,1.4391377,0.015434265,0.00783062,3.7614784,0.00085806847,0.0068306923
41.636326,8.429534,1.2940981,0.01093483,0.008432388,3.1909356,0.00079250336,0.007941842
22.607754,5.68328,0.91087246,0.0031895638,0.0018663406,1.2714627,0.00019109249,0.0012916327
28.554186,6.3908515,1.3328419,0.008611798,0.0067341328,3.0255842,0.00058960915,0.006183028
20.01422,5.8809357,0.9970434,0.011925697,0.0032898188,2.1001341,0.00027024746,0.003043294
39.21658,7.478754,1.4199963,0.0095101595,0.008048058,2.7398727,0.0008434057,0.007498026
18.230083,5.683136,0.8223672,0.011991024,0.006268382,5.116614,0.0004916191,0.0057092905
47.667843,9.127317,1.2259717,0.020149708,0.00889051,4.73394,0.00080668926,0.007856965
28.190153,7.5350037,1.3044381,0.012305975,0.003789544,4.9434,0.00046265125,0.0036773682
49.707676,10.738032,2.0773785,0.012548566,0.0029261112,3.624898,0.00061678886,0.003418684
32.330482,8.515543,1.1122518,0.007078171,0.0011452436,1.479397,0.00016462803,0.0010704994
63.265762,8.718225,1.4391959,0.019755483,0.00786674,4.640284,0.0007686615,0.0070853233
38.393673,8.661375,1.2764342,0.017364502,0.009403229,3.9652448,0.0006978512,0.008499265
49.981113,11.3288,2.2837844,0.011199236,0.0024335384,3.2000813,0.00058984756,0.0030651093
40.755413,9.056374,1.456136,0.012763739,0.006376624,3.3692088,0.00066769123,0.0057923794
34.273903,8.470308,1.3459809,0.010216355,0.0052027702,5.096097,0.00071048737,0.0048902035
29.640331,5.9885,1.1259329,0.008264065,0.00610137,2.3589883,0.00046300888,0.005138397
37.06953,6.8233337,1.3562243,0.0068024397,0.00695467,2.2954528,0.00072073936,0.006390691
22.317917,3.7213035,1.2369306,0.008064508,0.0077894926,3.3984923,0.0006107092,0.007201433
47.645206,8.484979,1.296526,0.009167314,0.008836985,3.436194,0.00092327595,0.0077865124
33.677025,7.9715586,1.244477,0.010064721,0.0054866076,3.2844687,0.0006663799,0.0050433874
28.884079,8.607488,1.2363808,0.011314273,0.0053168535,3.1208353,0.0005890131,0.005137801
32.295082,7.498061,1.1191723,0.008814573,0.003992796,1.3713737,0.00046861172,0.0032429695
40.016426,8.149846,1.3856535,0.010777593,0.0063358545,3.6188474,0.00083839893,0.005735755
41.426273,9.267641,1.3054366,0.027087688,0.029412627,3.240559,0.0013889074,0.028734803
27.724936,6.086615,1.2711744,0.010986805,0.006756425,3.5762157,0.0006519556,0.0060423613
30.431227,5.4348145,1.2317691,0.009655476,0.009236217,3.0504208,0.0008137226,0.008234143
34.638687,6.72452,1.5120647,0.01926899,0.0045021772,4.4423184,0.00064885616,0.0043941736
27.449389,7.3600616,1.3935463,0.008860588,0.0041126013,2.3788228,0.0006020069,0.0040677786
27.929342,5.372488,1.1446095,0.01176846,0.0097357035,3.0601268,0.0006469488,0.008901
36.615284,7.597809,1.1718795,0.0076315403,0.0076975822,3.6494422,0.00071299076,0.0068469048
23.820879,7.9835806,1.1803935,0.011383414,0.004365802,3.0630107,0.00043094158,0.004331708
25.66812,4.7024703,1.3112028,0.008736014,0.009006619,2.8740625,0.00073075294,0.008332133
39.562275,7.7317705,1.4206014,0.0134397745,0.011100292,2.929198,0.0011841059,0.0101469755
29.871517,6.5468183,1.2505274,0.009552002,0.006200433,3.1063762,0.0005620718,0.005857229
26.439167,6.0481977,1.3634079,0.0128644705,0.009940624,2.6614454,0.00089609623,0.009116769
39.5186,7.6927347,1.2852778,0.009355068,0.0078321695,3.2610488,0.0008007288,0.0071041584
26.648844,6.785506,1.064698,-0.0007158518,-0.00069856644,0.28636074,-7.677078e-05,-0.00076401234
37.25413,6.8803616,1.2206962,0.008212924,0.008354306,3.4160352,0.00063312054,0.007743478
38.85035,8.497131,1.3999894,0.012118936,0.008833289,2.966803,0.00096976757,0.0079039335
42.88514,8.146013,1.2335563,0.009754181,0.008253813,3.1857524,0.00090134144,0.007321
51.545536,8.207687,1.4385402,0.018846631,0.0074106455,4.439942,0.0007171631,0.00663352
37.759506,6.7797804,1.2104492,0.013520598,0.0134779215,2.2712274,0.00065624714,0.008764505
35.17844,5.482023,1.4205937,0.022538543,0.0044111013,3.6836166,0.00046527386,0.0039299726
44.0367,9.455278,1.2845628,0.043655753,0.0073826313,6.1464877,0.00077211857,0.00654006
45.122055,8.763014,1.4166791,0.014621139,0.0064466,6.1859574,0.00078737736,0.0059370995
63.718124,12.439627,1.6397431,0.017498493,0.0059536695,2.349561,0.0007505417,0.0058094263
58.328148,11.907962,1.3538775,0.026331186,0.017611861,3.453813,0.0014936924,0.016680956
56.558704,9.78558,1.081814,0.02570033,0.011194587,4.991912,0.00084495544,0.0102574825
35.0315,8.081474,1.3816738,0.01619649,0.0058392286,4.9758596,0.0004943609,0.005683422
31.254787,7.408183,1.3560846,0.014095306,0.012108564,2.8505325,0.0010447502,0.01142168
55.646027,11.242107,2.8209355,0.0140554905,0.0025521517,3.3471594,0.0006480217,0.0032849312
30.188831,7.7481833,1.1612244,0.00632751,0.0016527176,1.5206711,0.00025188923,0.0014708042
53.56494,9.2888155,1.5053234,0.009495139,0.0084632635,2.9054651,0.000993967,0.007668495
57.226368,9.273233,1.3723903,0.014797807,0.008341789,3.629654,0.0008368492,0.007707
37.419468,8.944664,1.3797932,0.015675426,0.00751245,3.6767573,0.0007247925,0.0065470934
33.610966,8.7128105,1.4908147,0.012849212,0.006000042,4.130438,0.00081014633,0.005859256
57.099304,8.4979725,1.3596678,0.021262407,0.009277821,4.297968,0.00088584423,0.008489728
26.647974,6.1338687,1.1382346,0.009386897,0.0057299137,2.985995,0.00050091743,0.0048828125
24.704613,4.9890103,1.2017827,0.017164946,0.0069203377,3.4456992,0.00047373772,0.006506324
41.379044,8.48928,1.3306789,0.013597012,0.011674404,3.0897532,0.0009824038,0.010172725
25.009045,4.214248,1.2215412,0.009339452,0.008913279,3.4134793,0.0006695986,0.008242011
44.297676,9.501294,1.3725438,0.031771183,0.00979507,4.916005,0.00074219704,0.00934875
32.836845,6.194222,1.2265549,0.010305166,0.009257913,3.0647755,0.000828743,0.008407116
35.130276,11.898806,1.2899568,0.033807755,0.026099205,3.619163,0.0016604662,0.024618983
41.356155,8.124574,1.2709577,0.022566319,0.0198555,3.7343106,0.0011321306,0.018594027
57.33224,11.2045555,1.7634418,0.014010668,0.0052839518,2.0882735,0.00057828426,0.005196333
13.678304,5.6983795,0.78006184,0.009898782,0.0029898882,4.952407,0.00030374527,0.002695322
23.927292,5.9943266,0.8659719,0.0066820383,0.0041360855,2.9915085,0.00030732155,0.00356102
34.089733,9.489976,1.457921,0.012579083,0.002516508,3.2524228,0.00042712688,0.002735138
23.990042,6.346659,1.1255636,0.00948,0.0037070513,2.4462154,0.000346303,0.003343463
52.8122,7.4689627,1.4560189,0.01949811,0.008841753,4.188164,0.00089621544,0.008041501
38.90449,8.73335,1.2975171,0.018772721,0.013769269,3.3802361,0.0008972883,0.0127750635
37.735565,7.453615,1.1670513,0.011068463,0.0077865124,5.751223,0.0010149479,0.0067260265
41.132843,9.825005,1.695473,0.012638211,0.0040382147,3.9252305,0.0006736517,0.004216552
59.080414,18.558998,1.2865641,0.03397739,0.023158431,3.6553884,0.0015202761,0.022151709
29.954962,8.99939,1.2043638,0.004459858,0.00084769726,0.773314,5.4240227e-05,0.0008739233
31.92406,6.3089204,1.1370528,0.009661794,0.0061267614,2.6602335,0.0004606247,0.005174041
39.638443,9.37632,1.2715764,0.0224365,0.014845371,4.115221,0.0010219812,0.013850331
21.625994,4.8926573,1.2419267,0.015200853,0.0056614876,2.5646381,0.0004541874,0.005429268
40.12717,7.8176937,1.2733991,0.009578466,0.008799911,3.2617393,0.00092566013,0.007929683
42.21817,8.7709055,1.0312066,0.02159524,0.035993934,-0.12855363,7.402897e-05,0.0059815645
58.905178,10.571561,1.4739945,0.008077621,0.007963777,3.2888927,0.0009908676,0.0071926117
46.178493,9.99306,1.3888266,0.015743732,0.0071178675,3.950345,0.00075149536,0.00608027
38.166954,7.865638,1.6553171,0.013625979,0.005334854,3.715786,0.0007019043,0.005028963
27.52136,5.66307,1.3046863,0.01681459,0.006018877,3.522851,0.0005147457,0.005560279
39.698597,8.492994,1.4083426,0.012366533,0.008233905,2.7921093,0.0009075403,0.007255912
32.828026,8.142007,1.2044771,0.010240793,0.008931994,2.7878458,0.0008673668,0.008091688
36.752907,7.6083794,1.4382641,0.010800481,0.008100748,3.6956487,0.00064253807,0.0076646805
32.28582,7.3789873,1.284373,0.007199049,0.0059484243,3.2879233,0.0006431341,0.005420327
32.378826,6.823064,1.1877198,0.009837747,0.007968664,1.8286824,0.00063467026,0.0071231127
22.322882,4.8864174,1.0304673,0.015905261,0.008804798,4.5514417,0.00056540966,0.0078336
59.518906,12.582309,1.3791947,0.02109003,0.00600183,5.3271885,0.0005224943,0.0057293177
25.27437,8.12469,1.0793982,0.014410377,0.0047267675,3.789559,0.0003157854,0.005071759
42.32928,7.800415,1.0840702,0.015329957,0.0169307,1.7814972,0.00042963028,0.0061770678
34.138348,8.464536,1.3222387,0.013548732,0.0062879324,4.8065934,0.0003926754,0.006234646
54.288277,10.0733595,1.3031878,0.008372068,0.007837772,2.978889,0.0007644892,0.007155657
29.792543,8.188359,1.1265643,0.0053755045,0.0016196966,1.2960014,0.00019812584,0.0016169548
41.588585,8.906057,1.3378627,0.014452934,0.00722301,4.182311,0.00084614754,0.00613451
32.483807,7.3763,1.2911234,0.014964342,0.006056547,4.163118,0.0004605055,0.0056824684
46.148273,8.298825,1.2158961,0.0077887774,0.0075166225,3.2077608,0.0007830858,0.0065221786
29.344595,7.71136,1.148911,-7.9631805e-05,-0.0006130934,-0.040365577,-5.38826e-05,-0.00053679943
28.758545,8.980061,1.1699479,0.0064564943,0.0026154518,-0.16535509,0.00027394295,0.0026766062
32.49302,7.7658195,1.3221247,0.010560036,0.010407925,2.2772143,0.00079119205,0.009309053
25.286526,8.474288,1.0419841,0.012258887,0.003964424,2.937439,0.00031161308,0.0037477016
29.849525,7.0130854,1.2599223,0.01411438,0.0048526525,3.4796472,0.0003950596,0.0046943426
39.580467,7.8786383,1.3177907,0.011943221,0.009331584,3.1387916,0.00086832047,0.008647919
49.198242,10.409401,1.337357,0.019088745,0.007906079,3.5078306,0.00066399574,0.0073826313
41.02419,9.310536,1.5479119,0.013157606,0.006177664,3.214394,0.0007122755,0.0055571795
19.9349,4.8588915,1.0591054,0.008786559,0.0077159405,3.191822,0.0004928112,0.0069491863
34.56139,7.570978,1.4149041,0.016729355,0.0057257414,4.6556563,0.00057053566,0.0053805113
51.886524,9.103516,2.385123,0.01810491,0.0034104586,4.0315547,0.0007455349,0.0038961172
39.349068,8.077634,1.3110235,0.0104368925,0.0090698,3.855966,0.00084364414,0.008541226
20.397024,4.848616,1.2871273,0.018900871,0.0055505037,5.0893145,0.00041663647,0.005262971
33.42706,6.3519526,1.5377309,0.020960808,0.0049939156,3.6825366,0.0005891323,0.004892111
25.275812,7.178687,1.0904722,-0.0004181862,-0.00093209743,-0.15356863,-8.249283e-05,-0.00086319447
34.17483,7.5673723,1.4562838,0.010975122,0.008844256,3.561081,0.0008163452,0.008291006
39.992924,7.6568155,1.2019103,0.013962388,0.015064478,2.5391243,0.000647068,0.00847435
33.801807,9.684133,1.6913338,0.014231086,0.004006505,4.0957785,0.0007158518,0.0042580366
31.496174,8.224542,1.2603998,0.016026378,0.010515213,2.0263577,0.0007121563,0.0097641945
54.311165,9.699468,1.5019522,0.008416653,0.0043001175,2.4167242,0.000528574,0.003984928
32.196774,5.9700255,1.3732193,0.009101391,0.007475376,2.4040933,0.00071179867,0.0069568157
40.492542,7.636945,1.5589736,0.01643145,0.0060093403,4.1375227,0.0007338524,0.005528569
37.64881,8.10079,1.3234959,0.012273788,0.0100774765,2.7814872,0.0008749962,0.008799791
37.47093,6.964345,1.1886935,0.0068104267,0.00657022,0.9160584,0.00060606,0.005604744
28.194061,7.5122976,1.1042833,-0.00012218952,-0.0007702112,-0.4972341,-6.556511e-05,-0.00074625015
43.993954,8.607282,1.4595745,0.014968753,0.007379055,3.926003,0.0007016659,0.0068359375
28.27977,9.5232935,1.3506653,0.01150763,0.0039162636,3.4565969,0.00033402443,0.00425601
29.317575,7.035512,1.3421564,0.012813449,0.0040812492,5.140803,0.00046157837,0.0038573742
37.400444,9.053229,1.6683731,0.010289073,0.0055508614,3.8184438,0.0007597208,0.005733967
46.08555,9.212766,1.6032548,0.012116075,0.0043637753,3.5330682,0.00079345703,0.004002571
38.347263,7.088316,1.2068765,0.0084296465,0.00807476,1.0913632,0.0007392168,0.0070570707
37.83053,6.263009,1.4088767,0.027506948,0.004200101,5.283343,0.00066769123,0.0037255287
35.989334,7.880891,1.2989061,0.013411641,0.007890105,3.531396,0.0007761717,0.0066580772
35.008343,7.5864544,1.3106151,0.00819695,0.0074185133,2.2005439,0.0005759001,0.006768942
35.67083,8.307721,1.2490938,0.018189907,0.0117121935,3.189745,0.0010075569,0.010553122
68.18466,11.876722,1.333457,0.039972067,0.037649155,3.863995,0.0029689074,0.03440261
33.821278,7.277197,1.282337,0.014211059,0.011621714,4.13111,0.0010737181,0.010226965
32.57076,7.6618204,1.3548038,0.012981892,0.0071020126,4.6597605,0.0004402399,0.0069874525
37.62423,9.090168,1.3738737,0.016816258,0.012784004,3.192512,0.0009551048,0.011878371
33.948494,8.293454,1.2050781,0.015987039,0.014125347,1.6554725,0.000982523,0.013352275
25.633783,5.670497,1.2870088,0.015366912,0.00621593,3.3865871,0.0004969835,0.00568676
36.96603,7.5544147,1.3099725,0.006888628,0.008952737,3.375968,0.0008749962,0.008167863
37.369183,8.28594,1.2376409,0.018010616,0.012617469,3.5765405,0.0009932518,0.011366844
46.208855,9.786842,1.6732523,0.012289882,0.005264163,3.8120136,0.0007914305,0.004802108
40.43797,7.704055,1.0309088,0.01591754,0.020746946,1.085129,0.00018811226,0.005699396
28.34009,6.9158206,1.1400192,0.011351705,0.0081932545,1.1395493,0.000390172,0.00798738
32.564537,7.043317,1.2523453,0.008360028,0.007795453,3.4248586,0.000644207,0.0072647333
38.4826,8.059389,1.5165892,0.0088762045,0.008841395,3.0557475,0.0007852316,0.008429766
33.11817,7.8027706,1.2440145,0.011001229,0.007102728,0.9437963,0.00068354607,0.006549716
39.848263,9.462201,1.5474796,0.0132449865,0.0048434734,4.168758,0.00069117546,0.0045553446
43.29968,8.967469,1.0059311,0.019169092,0.030854464,0.0165205,0.0001591444,0.006170392
28.390015,6.2938147,1.267889,0.0109273195,0.0036154985,1.9039936,0.0004222393,0.0033358335
20.129019,5.0278387,1.3402796,0.01649332,0.0071018934,3.4073272,0.00042796135,0.0065283775
26.976036,6.936421,1.0844443,-0.0009788275,-0.0005556345,0.29855382,-8.106232e-05,-0.00058817863
44.517635,8.748027,1.1030409,0.01981008,0.03265214,0.5012487,0.00037395954,0.007704377
30.30094,6.8015366,1.3139999,0.011764169,0.009353876,2.8753672,0.00065135956,0.008975029
22.782595,5.6339045,1.3063545,0.013935447,0.004945278,3.5746312,0.0003914833,0.0045021772
26.921413,7.1994743,1.1073537,0.008203268,0.0051594973,0.54656494,0.00041806698,0.0048080683
51.432945,9.062948,1.3126204,0.008877635,0.0077222586,2.9340494,0.00080549717,0.0070893764
46.00812,7.8529406,1.2905786,0.018749237,0.012392998,3.5197268,0.0010839701,0.011113405
56.994835,11.904803,1.302345,0.021454334,0.0063842535,2.8966937,0.0010154247,0.0055942535
28.198536,5.977876,1.3178356,0.010520101,0.0053863525,3.2265787,0.00058710575,0.004967332
37.815998,10.779876,1.180763,0.02001822,0.0036350489,3.5765963,0.0004388094,0.0032229424
20.975048,5.5211883,1.0654392,0.008187294,0.010975957,2.175777,0.00084912777,0.009742379
49.52583,10.380959,1.6311843,0.015835643,0.0076316595,3.3582954,0.00090134144,0.0069721937
25.406626,6.431482,1.1223605,0.0106573105,0.0143021345,2.0081449,0.00086915493,0.013246536
25.436327,5.480196,1.4179661,0.011383057,0.01195538,2.1428776,0.00082314014,0.011560559
29.804022,6.8077145,1.0898488,0.009142756,0.0062366724,3.3489037,0.000325799,0.0058966875
20.112368,5.8726087,0.9518157,0.001884222,0.00070130825,0.74904144,4.1484833e-05,0.00060892105
44.684097,8.852007,1.1919856,0.02050209,0.008942962,4.752408,0.0007690191,0.007900596
28.625343,7.287678,1.3585999,0.011790037,0.0063666105,3.4641113,0.0005810261,0.006046772
25.59641,8.338421,1.4381559,0.013636589,0.0044652224,4.0305142,0.00059211254,0.0048778057
38.940384,9.910441,1.406903,0.017224908,0.011017919,3.5002604,0.00080144405,0.010793567
37.736523,8.941209,1.4851806,0.015913129,0.0053949356,4.2255664,0.000666976,0.0052804947
28.690737,6.995141,1.148639,0.009155393,0.00751698,2.8819363,0.00066912174,0.0069117546
33.343117,9.206703,1.5473301,0.011029005,0.002596736,2.9070203,0.00048601627,0.0028734207
37.078663,8.687588,1.4370799,0.009979367,0.0075132847,3.104435,0.00068724155,0.0072294474
48.66094,9.176071,1.5552275,0.010826111,0.005760789,4.029958,0.0008047819,0.005244732
47.501698,8.592364,1.3089554,0.010570049,0.009972692,3.4155025,0.00095403194,0.008928418
57.43722,9.971949,1.4155028,0.00869441,0.01018846,3.2811399,0.0011941195,0.009203315
37.374214,8.942225,1.3766401,0.015741944,0.007501602,3.6976242,0.0007240772,0.0065300465
24.566635,6.09701,1.1565621,0.012647986,0.0071487427,2.6799796,0.0005418062,0.006421447
33.78848,7.7063932,1.2993433,0.008997798,0.010552883,2.5745277,0.0004298687,0.010313034
27.37509,5.8175783,1.318444,0.008652687,0.0039395094,2.679202,0.00044953823,0.0035014153
24.96921,4.9574347,1.0897992,0.014127493,0.003955841,3.2657022,0.0003193617,0.0033595562
56.11182,11.317809,1.3440752,0.018740296,0.01435256,3.3782082,0.0013002157,0.013372779
44.501648,9.970081,1.395699,0.015364647,0.0070661306,3.808484,0.00070905685,0.0061243773
52.806145,10.234695,1.6972303,0.009665847,0.008099079,3.5396662,0.0010557175,0.007815003
40.43744,8.899271,1.406889,0.017338753,0.01497817,3.2903285,0.0009672642,0.014193058
28.625273,6.9381666,1.1229298,-0.00080525875,-0.0010104179,-0.09884679,-9.942055e-05,-0.0009685755
54.932373,10.042619,1.4359486,0.010212541,0.009431839,3.0553374,0.00080788136,0.008852482
25.93827,5.2315707,1.1183102,0.013047934,0.0042990446,2.911556,0.00029432774,0.0039681196
50.37672,10.276754,1.1133556,0.030879378,0.013068914,3.64329,0.001070261,0.011637092
31.838257,8.067897,1.1399083,0.004867077,0.0013958216,1.1137528,0.00013029575,0.0012814999
23.897276,4.792528,1.290734,0.018635869,0.023657203,3.0470805,0.000962615,0.022949934
37.24277,6.7141113,1.4430797,0.03663063,0.031404495,3.4833236,0.002069354,0.030465484
51.965267,10.884073,2.0390177,0.010388732,0.005156517,2.4883945,0.0006867647,0.00546515
28.933535,5.857774,0.98576283,0.014840841,0.006625414,3.651647,0.0005940199,0.0056869984
38.10558,8.5578785,1.2315328,0.012139916,0.007858872,2.6673512,0.0008288622,0.0070875883
35.14498,7.16047,1.2012081,0.010907292,0.009252787,3.4617848,0.0007067919,0.008450627
35.1188,7.6598997,1.236856,0.015169382,0.011289239,3.1842752,0.0009049177,0.009942293
43.03228,10.345479,2.000202,0.012767553,0.0073646307,3.0618138,0.0010361671,0.007525921
37.91909,8.4765,1.3367,0.015776992,0.010229468,3.4530997,0.00094628334,0.008967757
42.716,7.9839716,1.239192,0.012796164,0.013583064,2.2881033,0.00050497055,0.006924033
57.44248,10.43237,1.3754089,0.008631945,0.008225441,2.8924956,0.0008225441,0.0075097084
44.761078,8.64744,1.4140751,0.009252906,0.008762956,3.0685606,0.0007685423,0.008149862
49.97031,9.420391,1.3093631,0.0071104765,0.009012461,3.3248253,0.0009456873,0.008216739
39.824974,8.176168,1.3356752,0.013048649,0.008556366,3.5996284,0.0009602308,0.0074435472
33.605896,7.684513,1.276232,0.01163435,0.0062652826,4.7420764,0.0008043051,0.005707264
37.361134,9.270955,1.3928571,0.012396455,0.005064726,2.4750936,0.00047028065,0.0048663616
42.270924,8.824745,1.5314374,0.012460113,0.006508827,4.09912,0.0006817579,0.0060424805
47.57635,9.10142,1.5345316,0.015707016,0.011447072,3.4506397,0.0011241436,0.010561943
29.14037,8.434669,1.1129293,0.010659933,0.0034019947,2.6338565,0.00032746792,0.0032371283
23.329021,8.615973,1.391778,0.015133619,0.0056886673,2.384517,0.0005005598,0.005640149
52.947933,11.7116165,1.3120127,0.037205935,0.0076555014,5.7832303,0.0007792711,0.0069237947
39.460632,8.312452,1.3423724,0.014532685,0.008754969,4.0002813,0.000813961,0.008331418
32.907593,7.613537,1.25811,0.009524703,0.012128115,1.9411798,0.0008382797,0.011100411
27.905891,5.977708,1.3321517,0.016211987,0.015277624,2.5340364,0.0008738041,0.014422774
31.17775,6.977532,1.1203747,0.009713292,0.0063197613,3.831729,0.0004605055,0.005824089
41.33418,8.1402855,1.0673299,0.020253062,0.0066769123,3.4464111,0.00064361095,0.005823374
45.41954,8.764431,1.3661118,0.008846998,0.0096491575,3.1194768,0.0011739731,0.008621812
39.46417,7.7174606,1.2694309,0.009250402,0.0085988045,2.8918035,0.0006606579,0.007659197
19.426908,4.752919,1.2221859,0.019278407,0.006110668,4.538205,0.0003581047,0.005807519
33.020573,5.2643933,1.2606039,0.02173376,0.017341495,3.2205558,0.0010306835,0.016668916
48.906162,8.19492,1.3867521,0.01787889,0.0077484846,4.4843793,0.00070405006,0.007234335
43.697903,8.496783,1.4663413,0.015310049,0.006914377,4.109195,0.0006787777,0.006328225
40.175503,10.869918,1.1502354,0.021279812,0.00515306,4.0833774,0.0005072355,0.0046316385
42.298145,8.361563,1.5413399,0.012878299,0.006091833,4.3685803,0.0006531477,0.0055788755
44.196873,8.473945,1.2488406,0.007900476,0.007283449,3.0567203,0.0007930994,0.0064303875
34.995537,6.743306,1.3091836,0.0116353035,0.0077946186,3.3614469,0.00083494186,0.006792903
43.99292,9.427305,1.5516336,0.013984799,0.0058550835,4.1275845,0.0007030964,0.005547285
33.612675,7.590084,1.090837,0.015561581,0.012107253,2.2109864,0.00080037117,0.010754585
51.236248,10.8380995,1.3435469,0.03462577,0.035446882,3.4213414,0.0020151138,0.033334732
31.504208,8.298238,1.0530882,0.0066976547,0.0011745691,1.7207434,6.914139e-05,0.0009931326
48.502106,9.086542,1.2737422,0.008016586,0.008737326,3.293291,0.0009086132,0.007876039
25.723051,6.502864,1.2232308,0.014624834,0.0041468143,3.485299,0.00038206577,0.0038625002
48.737404,9.30181,1.3508677,0.011955142,0.009212375,2.948507,0.0010043383,0.008372068
47.566948,9.62433,1.3813934,0.015437841,0.007591963,3.9478421,0.00082457066,0.0065021515
24.216702,5.1192303,0.9204236,0.018037558,0.015553355,3.2305102,0.0010991096,0.014016509
54.24843,10.7896805,1.5685327,0.013703704,0.008169293,3.4489079,0.0009121895,0.00782156
39.182526,8.154357,1.3666377,0.016203403,0.013162613,3.312201,0.0010106564,0.012263656
27.971472,6.451091,1.0979283,0.010579705,0.0060065985,1.627058,0.00055897236,0.0051715374
50.5601,10.771939,1.322326,0.01768291,0.0056864023,2.6593523,0.0008161068,0.0051232576
30.538754,8.093197,1.1262391,0.0075058937,0.001966834,1.7519605,0.00019991398,0.0020029545
41.89037,8.575161,1.1777813,0.018377304,0.019588232,1.6019652,0.00033426285,0.005990505
44.157,8.89297,1.4721127,0.01627791,0.004330635,4.0707903,0.00068986416,0.0040699244
35.556507,6.966354,1.4084904,0.01114428,0.008495331,2.9430957,0.00089740753,0.007791996
57.79866,13.539113,1.604662,0.014516473,0.0047824383,3.9441452,0.0002859831,0.0051375628
50.776684,9.219476,1.2354198,0.008953452,0.009940624,3.0602736,0.0009806156,0.009040713
37.413055,8.152805,1.2693641,0.012738228,0.008224487,3.5838304,0.0009829998,0.0073224306
29.636568,6.1685715,1.2685399,0.013708949,0.005060315,4.391728,0.0005117655,0.004496455
36.700935,8.853903,1.3401084,0.013807654,0.014001012,2.6315393,0.0008535385,0.01266551
41.32303,9.639097,1.3668134,0.016021132,0.006956339,3.7938228,0.00063836575,0.0060409307
32.20559,7.152856,1.1492016,0.010447979,0.0086398125,2.7237263,0.00070750713,0.0079808235
20.597343,5.5665407,1.0953789,0.010587573,0.008496761,2.545445,0.00072944164,0.00742352
44.348343,8.088072,1.1822991,0.01543355,0.017511845,1.5662074,0.00037491322,0.006021261
38.286747,7.756034,1.3011622,0.014909148,0.008696198,2.950108,0.00087046623,0.007797718
36.325695,8.653893,1.4135892,0.014487147,0.0074573755,3.7008862,0.00072824955,0.0066275597
45.21467,7.9775467,1.2671394,0.016034842,0.021715283,1.8511693,0.00096416473,0.012442589
20.463371,4.741569,1.1076021,0.009845138,0.006354928,3.4049778,0.00040197372,0.005434394
53.832073,9.692874,1.4462957,0.01018858,0.010268569,3.2685008,0.0010203123,0.009489536
36.537567,6.572587,1.1917553,0.0128268,0.0102905035,3.5668206,0.0005021095,0.006893873
59.54545,9.635131,1.1954055,0.025954008,0.013081551,3.6617475,0.0014272928,0.011758208
36.570156,5.799399,1.2748909,0.021311522,0.008238554,4.3517356,0.00071263313,0.007617593
57.450108,10.625113,1.3359005,0.03151965,0.027610779,3.5147257,0.0015319586,0.026584744
57.30162,10.036932,1.4623075,0.008607745,0.0084011555,2.827622,0.0010675192,0.007671833
38.211456,8.926218,1.3409104,0.014727354,0.007311702,3.8774562,0.00074863434,0.0063130856
30.713161,8.322674,1.0316303,0.0074654818,0.001803875,1.6900609,0.00012636185,0.0016971827
29.52977,6.2155204,1.2740753,0.00570333,0.0065004826,2.6996307,0.00058722496,0.006047845
40.59562,9.250812,1.3492546,0.013292432,0.0067415237,3.6741972,0.0006893873,0.0058163404
25.551971,6.2461557,1.0854666,-0.00016665459,-0.00059628487,0.013313413,-6.401539e-05,-0.00067710876
33.45938,7.5212917,1.1528239,0.011283994,0.0068764687,4.0084233,0.00053334236,0.0063585043
54.145794,9.65111,1.4026408,0.008624077,0.007444501,3.5849853,0.0010238886,0.006586075
28.261242,8.197627,1.1872113,0.010219216,0.005784273,1.0652878,0.00039064884,0.005844593
26.052576,7.4737854,1.3216672,0.010751963,0.0046110153,4.0238743,0.0006432533,0.004469633
35.82057,7.4279366,1.4718719,0.012280464,0.010568619,3.1216893,0.0011267662,0.009631157
29.787197,4.4556766,1.2415159,0.010254502,0.009272456,3.8078728,0.00089645386,0.008265138
24.584492,5.262347,1.1049728,0.012601614,0.004121423,2.5842576,0.00034308434,0.0039389133
29.003847,5.9274187,1.2982767,0.014550328,0.0072675943,3.6729288,0.0004929304,0.0066452026
37.863575,9.032075,1.5304914,0.011737347,0.0065745115,3.477316,0.0007292032,0.00622046
34.018364,5.9112005,1.3734531,0.013515592,0.013568997,2.7657723,0.00088107586,0.0126719475
35.165115,8.514771,1.3135993,0.016670942,0.008045077,3.6567326,0.0006760359,0.007012725
29.340868,6.058361,1.1423454,0.0066976547,0.0075643063,3.401122,0.0005258322,0.006788969
24.068445,5.6834874,1.041687,0.016826749,0.013392448,3.0909839,0.0008183718,0.012314677
41.974422,7.5616646,1.3857958,0.009656429,0.008926511,3.0206442,0.00094783306,0.008152485
10.232802,4.4259562,0.75229573,0.009743571,0.0027047396,3.5428023,0.00022447109,0.0023431778
27.158686,7.141571,1.1083069,0.008411765,0.005129099,0.74363637,0.00042116642,0.0046960115
37.87815,9.288231,1.1167951,0.009981513,0.004094839,1.963382,0.00039470196,0.0036270618
29.506489,7.2553015,1.2583573,0.016952276,0.0027536154,4.5458174,0.0002863407,0.0025281906
44.25577,7.6410847,1.2758734,0.009223461,0.008000374,3.2744555,0.00072979927,0.0072721243
44.032413,9.17742,0.9873067,0.02200222,0.04042685,-0.31561768,0.00012266636,0.0064440966
32.658512,6.377741,1.2352583,0.012057543,0.009116769,2.7377648,0.0004428625,0.007468939
28.760674,8.949126,1.2095964,0.018253922,0.014160752,2.8033304,0.00081288815,0.0136419535
37.187035,8.010844,1.4235194,0.019760132,0.019454956,4.2998214,0.0011831522,0.018728614
39.18221,8.097887,1.3061695,0.011718035,0.009842396,2.5987024,0.000880003,0.008521438
52.712925,12.987615,2.8392255,0.013147354,0.0029609203,2.863422,0.00063943863,0.0039110184
62.821075,10.297902,1.4078021,0.0089178085,0.007747054,3.0734205,0.000921011,0.0068633556
34.19433,8.642289,1.4365649,0.009817719,0.006819248,3.2648196,0.0005735159,0.0066896677
28.6036,6.3577795,1.260191,0.010290384,0.010830879,3.9991698,0.00093352795,0.009995103
41.002865,18.005766,1.2877579,0.034074187,0.02568996,3.521999,0.0016698837,0.02488339
43.611935,8.945281,1.5782998,0.013949513,0.008556843,4.0947385,0.0008716583,0.007986784
41.962868,6.089592,1.2853928,0.018531322,0.017668724,3.4117951,0.0012152195,0.016452312
38.64986,6.518608,1.3437095,0.010270476,0.011772394,3.4920592,0.0010163784,0.010788798
41.910603,9.581844,1.3714705,0.017802238,0.007681012,3.9529552,0.0008517504,0.006562948
44.460945,7.7371054,1.326144,0.0222584,0.00696218,6.0042214,0.0006315708,0.0066871643
36.946396,8.125634,1.2740071,0.014746904,0.007866263,3.9046288,0.00087952614,0.006765485
49.852623,10.072508,1.05916,0.021164179,0.051283956,-0.8371861,0.00028169155,0.006920457
20.967508,4.3124857,1.1900916,0.009105325,0.0065695047,3.7851639,0.000564456,0.005918026
38.931206,9.179323,1.5384951,0.013195038,0.006357789,3.7320008,0.0007277727,0.0060323477
33.785233,8.440785,1.2802422,0.012672067,0.013272285,2.502566,0.0008234978,0.011957765
32.87954,7.8760605,1.157587,0.0109500885,0.0072003603,1.7960196,0.0005533695,0.006807208
51.90787,9.88188,1.3066778,0.0065990686,0.007960916,3.4316635,0.00089132786,0.0070906878
37.12885,8.786462,1.2487459,0.019230962,0.012421727,3.3415842,0.0010857582,0.011164784
39.84896,8.8376045,1.3569891,0.017373204,0.006374359,4.0793495,0.0006403923,0.005650282
30.026134,6.819156,1.2072723,0.008176088,0.004876137,5.8504887,0.0006403923,0.004481554
32.249737,5.912372,1.2998507,0.008563757,0.00836885,2.6268125,0.0006760359,0.007768512
46.145084,8.783328,1.2014244,0.019817233,0.008648276,4.6789455,0.00077188015,0.0075808764
39.016064,8.469352,1.5076919,0.01177156,0.0063619614,4.492262,0.00066018105,0.005991578
23.336935,4.9041467,1.2051849,0.0141637325,0.00743556,4.844975,0.00052666664,0.006863594
36.68172,10.802723,1.3218541,0.02364409,0.008748651,4.6224804,0.0006355047,0.0085196495
28.745705,6.594338,1.3543234,0.011277199,0.008143783,2.5572484,0.0006645918,0.007569313
26.2581,5.0665293,1.2414966,0.015431523,0.0053265095,4.365906,0.00050222874,0.0047694445
42.059334,8.092193,1.0982277,0.017146945,0.02128601,1.1300738,0.0003105402,0.007101655
28.00979,6.1569505,1.2220502,0.011198282,0.0040159225,4.019431,0.0003591776,0.0035486221
31.610573,6.2148757,1.2224071,0.011165857,0.010483265,3.2379785,0.0009493828,0.009538174
20.275286,5.8479986,0.93669736,0.0016998053,0.00092184544,0.695719,3.838539e-05,0.0007482767
44.257088,10.838511,1.4866459,0.0041640997,-4.720688e-05,1.6161163,7.367134e-05,6.1154366e-05
33.5338,7.0448933,1.3837364,0.011222482,0.010326266,2.5691862,0.0006403923,0.009996176
32.86746,6.456702,1.1831126,0.011256218,0.0071475506,2.4027722,0.00065505505,0.006043911
39.09062,7.2106037,1.2882013,0.0065871477,0.0063222647,3.146515,0.000669837,0.005728483
28.121136,7.084816,1.2985044,0.005261421,0.00457716,2.4811037,0.00047326088,0.004500985
57.663795,8.743119,1.3026142,0.019007206,0.009691596,3.7643986,0.0009561777,0.008794785
37.943485,8.177712,1.4485328,0.013006568,0.012064695,2.8560488,0.0013811588,0.01126492
37.393875,8.025019,1.3618698,0.01970911,0.016949892,2.431433,0.0007828474,0.01634121
64.791275,15.900494,1.2926686,0.032808185,0.02585423,2.6668007,0.0014374256,0.024306893
57.724567,10.865948,1.559737,0.01123333,0.0053629875,3.008082,0.0006791353,0.0049562454
23.843271,6.2976255,1.1271634,0.009570599,0.0037105083,2.4724197,0.0003412962,0.0033489466
18.733168,4.2475677,1.0890043,0.012032628,0.008835673,3.1815987,0.00047934055,0.008182168
34.745544,6.6053843,1.1981614,0.007712722,0.007697463,3.337957,0.0005748272,0.0069628954
57.176247,9.673945,1.5049257,0.014457226,0.008303881,3.4058166,0.0008584261,0.0077986717
48.39618,16.9571,1.2542925,0.035476685,0.024057388,3.3295183,0.0018205643,0.022146106
33.702995,6.5841966,1.1811829,0.011940837,0.008509755,2.5667663,0.00068974495,0.0071001053
41.230083,7.3278685,1.3727157,0.008510828,0.00785017,2.8534372,0.00082051754,0.007230878
55.857086,8.158748,1.3942888,0.019929647,0.007957816,4.8366194,0.0008007288,0.0072733164
43.55881,9.757753,1.6544504,0.011822462,0.0063484907,4.150283,0.00083720684,0.006333947
32.750805,8.373255,1.2783499,0.010893345,0.010631919,1.233424,0.00041103363,0.010533571
39.222607,10.594553,1.3635187,0.0281502,0.0030661821,5.555668,0.0005069971,0.0025459528
38.869953,8.1952095,1.3379302,0.0133366585,0.00829339,3.4557614,0.00092434883,0.0071594715
19.227068,7.188452,1.3033638,0.014817238,0.004899621,3.6265464,0.00046217442,0.0048550367
41.551018,9.707846,1.213902,0.015139818,0.010674715,3.3362646,0.00085675716,0.009827256
25.80254,8.089616,1.1063457,0.012686729,0.004762411,4.393584,0.00052058697,0.0045603514
31.845592,6.36085,1.1677108,0.0103907585,0.007716298,2.3646436,0.0006349087,0.006435752
25.18758,5.9788876,1.101182,0.008472919,0.011800528,2.9214993,0.0006864071,0.010808587
46.906425,9.025317,1.0677791,0.017766714,0.026176453,0.87143815,0.00032103062,0.0060874224
30.818628,6.6082897,1.1807928,0.008488655,0.0059000254,3.424749,0.00035965443,0.005624175
26.85714,6.106466,1.1640093,0.014590263,0.0041213036,2.6134386,0.00034046173,0.0038734674
29.80652,8.507125,1.231441,0.008277297,0.0046910048,0.10242772,0.00047290325,0.0044118166
35.91191,7.520279,1.256293,0.008229613,0.008139133,1.8134177,0.00034093857,0.007966757
34.631573,7.935834,1.314254,0.009735107,0.009132981,2.4927766,0.0004390478,0.009100556
36.86185,8.567219,1.4018703,0.016235113,0.009971261,3.8190203,0.00080275536,0.009073496
39.84181,9.168554,1.2938979,0.01660943,0.0059821606,4.1581616,0.0005776882,0.005171418
23.412233,4.0292563,1.2413824,0.009056926,0.008719325,3.478496,0.00067174435,0.00810802
60.414165,13.764645,1.8663535,0.01551199,0.0031696558,4.063609,0.00025951862,0.003679514
34.720894,9.211138,1.4132633,0.016968727,0.00346601,4.836619,0.000333786,0.003758192
22.62739,5.3256807,1.1969707,0.01941824,0.006224513,3.7276206,0.00037491322,0.005891919
43.3085,9.247639,1.6191816,0.013854742,0.008066416,3.3667445,0.000957489,0.00758636
56.481556,9.828596,1.4841375,0.013392925,0.009143114,3.430521,0.0010370016,0.0085606575
48.031727,8.795656,1.2148867,0.011847377,0.008066297,2.6440184,0.00084638596,0.007211089
25.922995,7.923623,1.3601439,0.013694406,0.006449461,3.6609702,0.0004937649,0.006642461
30.631226,9.251305,1.3411372,0.011596441,0.004238367,4.5366106,0.00060617924,0.0044897795
33.644073,6.4770036,1.0707831,0.013492584,0.01268816,2.245398,0.00017774105,0.0057834387
33.88374,6.3407946,1.2898605,0.010603309,0.007841587,3.020649,0.00083971024,0.0069975853
27.610115,7.5083094,1.0668128,0.010371566,0.0042979717,2.5715272,0.00043594837,0.0039259195
31.457436,7.86427,1.2164488,0.0112371445,0.008280516,0.57502055,0.0006816387,0.007752657
35.823368,8.129031,1.4025929,0.019141793,0.006493449,4.397769,0.0006430149,0.0063017607
31.942284,7.0726614,1.2075894,0.015840054,0.01714921,2.7318814,0.0010316372,0.016231656
32.89012,8.190496,1.2764642,0.008896828,0.0095386505,1.5939715,0.00040972233,0.009451985
36.101284,7.912093,1.3187535,0.0158149,0.0045672655,4.459087,0.00046896935,0.004024267
45.264103,8.883043,1.471447,0.00853312,0.0073993206,2.7158594,0.0005129576,0.007323265
35.74782,8.340285,1.4268837,0.011885762,0.006600499,3.767881,0.0007184744,0.005985379
28.256413,7.4366617,1.20381,0.0092628,0.006006837,3.8853183,0.00074601173,0.005428195
29.967451,5.2724175,1.2083015,0.016533017,0.005215049,4.0676365,0.0004618168,0.0046550035
77.12379,13.567827,1.359983,0.044187307,0.03402412,3.895434,0.0033032894,0.031064272
27.40089,6.1672897,1.3339443,0.015313625,0.0054582357,3.7863708,0.00042951107,0.005222678
24.289856,6.687282,1.3323774,0.009751916,0.0035053492,3.109089,0.00040102005,0.0035506487
24.775345,5.3987713,1.33792,0.014586806,0.005002022,4.309839,0.00047385693,0.0044606924
37.469795,7.718401,1.1952202,0.010930777,0.009136677,3.6132998,0.00076270103,0.008421779
30.82059,8.8877535,1.059339,0.0060847998,0.001208663,1.3084521,0.00013232231,0.0012362003
38.400192,7.8059664,1.3082538,0.022158504,0.018283367,3.6841812,0.0010050535,0.017850637
42.937702,8.749442,1.300185,0.015910745,0.007483721,4.216254,0.0006507635,0.006927371
19.695932,4.277011,0.927678,0.017779112,0.008004189,4.022875,0.00043332577,0.007473111
27.062746,6.6584992,1.0534189,0.009741068,0.0046932697,1.4826107,0.00046229362,0.0037555695
24.402718,7.989029,1.0216911,0.011997104,0.0046001673,3.1225247,0.0003941059,0.004244685
17.630396,3.1910229,1.2949216,0.01038754,0.009092689,3.2335725,0.00071394444,0.008683443
20.288866,6.944064,0.8705456,0.0096485615,0.005411029,3.6836982,0.00046169758,0.0048205853
36.356964,8.035492,1.4657855,0.011650205,0.0056545734,3.4965386,0.0007401705,0.005331993
38.362648,8.022773,1.8660202,0.012563586,0.0023856163,3.1578608,0.00041389465,0.0027903318
36.023193,7.5779886,1.2590652,0.015137672,0.011355162,4.198372,0.0010710955,0.0103827715
56.971474,9.800805,1.4506629,0.011774421,0.0063807964,3.1785583,0.00076699257,0.005749464
36.665447,9.8073,1.3487046,0.01468277,0.0016751289,3.313488,0.0002989769,0.0014145374
41.852352,10.2741375,1.3785865,0.025524735,0.003246069,5.0278373,0.0005502701,0.0026640892
72.40125,15.227985,1.3832085,0.0318352,0.024811745,4.094701,0.001726985,0.023383856
34.20821,7.4011993,1.2992923,0.012878418,0.0073708296,3.4210792,0.000666976,0.0067293644
36.48195,7.95331,1.2168949,0.012513757,0.0070990324,3.3913512,0.00068736076,0.0058197975
68.81657,12.092692,1.9480205,0.013368964,0.0056546926,5.0083675,0.00060236454,0.0060675144
14.042781,3.0603323,1.2139094,0.008364558,0.007278204,2.9439719,0.0005503893,0.006850958
52.710995,9.498972,1.4593782,0.015379906,0.007813692,3.9598083,0.00083708763,0.0071080923
31.107323,8.472151,1.1195772,0.0029217005,0.00048315525,0.8020059,6.258488e-05,0.00049328804
63.675446,11.239613,1.4190035,0.008143544,0.0076351166,2.7152398,0.0009521246,0.006896496
30.836718,7.5125217,1.2367854,0.0111756325,0.0063672066,3.6832376,0.00051498413,0.0056140423
41.137123,8.404129,1.506506,0.013856173,0.0062366724,3.7540426,0.00062584877,0.005797267
53.902035,9.643515,1.4877605,0.015202761,0.008164167,3.862821,0.0008944273,0.007463336
42.84271,9.41857,1.3413548,0.015411139,0.00700593,3.8853097,0.00072062016,0.0059324503
37.771534,9.023445,1.3531151,0.01579535,0.0075712204,3.7487779,0.0006736517,0.006641507
22.816055,6.563169,1.0327458,0.00062584877,-0.00039088726,0.12038708,-5.364418e-06,-0.00037157536
41.42075,8.239366,0.97166276,0.018283844,0.025250912,1.0149925,0.00016796589,0.0053869486
26.591766,5.9260097,1.0867305,-0.00016880035,-0.00023567677,-0.03162551,-3.7312508e-05,-0.0004899502
37.710537,6.773774,1.0989048,0.013116002,0.0113095045,2.246186,0.0005787611,0.0071804523
35.985294,7.6803455,1.0702124,0.01974821,0.0075627565,4.8506007,0.0006531477,0.0067954063
23.058725,6.887355,1.2068028,0.008661628,0.0026426315,1.7973049,0.00030708313,0.0023070574
39.7664,7.9310675,1.2690234,0.013855338,0.008379459,3.6301103,0.0007901192,0.007035017
48.24847,12.826102,1.283886,0.020391345,0.013267636,3.0781837,0.0011456013,0.012447715
54.402634,9.09255,1.4481659,0.012087345,0.00649035,3.026266,0.00076186657,0.0059375763
43.17878,8.525728,1.6116931,0.018480182,0.0038551092,4.736779,0.000649333,0.003797412
23.064495,8.085338,1.4758856,0.015401483,0.0055903196,2.7804031,0.00054872036,0.0057771206
44.539066,9.583322,1.0932188,0.019286394,0.033064365,-0.008720994,0.0001347065,0.005370617
24.107119,5.6798916,1.031434,-1.3709068e-05,0.00010514259,0.099124074,-5.507469e-05,-0.00018775463
34.734314,8.325141,1.2894955,0.010801554,0.0066580772,2.9988756,0.00062453747,0.0056602955
44.25989,8.131296,1.2806792,0.01209116,0.008437276,4.092238,0.0009217262,0.0073810816
48.081856,8.276319,1.3709886,0.018840551,0.0078547,4.6449585,0.00073313713,0.0072999
37.47868,7.0198145,1.3753569,0.009407282,0.012235761,3.4190607,0.0010172129,0.011425018
33.332104,6.539631,1.1668792,0.011125445,0.007888794,2.5034862,0.0006322861,0.006320238
41.848106,7.410699,1.2559736,0.015206695,0.014248252,2.7447317,0.00041484833,0.0069943666
32.79857,7.8987436,1.3466933,0.011900783,0.0064150095,4.111785,0.0005748272,0.0061377287
35.51566,7.665265,1.1986592,0.01044476,0.008806348,2.676375,0.000846982,0.007817149
37.330837,8.095933,1.2969861,0.013086557,0.007474661,3.7247353,0.0008175373,0.0063591003
28.669653,7.532053,1.1261559,-0.00037920475,-0.00092089176,-0.11458135,-7.6174736e-05,-0.000854969
23.724272,5.9352193,0.9312812,0.007476568,0.004442334,2.3002303,0.00038337708,0.0039818287
37.99399,9.003585,1.4882274,0.011510491,0.005926609,3.4852662,0.00066673756,0.0054659843
37.438725,8.070203,0.9524417,0.017513514,0.0282799,0.21604776,6.9499016e-05,0.005300164
38.28,8.167731,1.3135037,0.012756109,0.010287166,2.833613,0.0008479357,0.00897193
30.528454,7.3419123,1.093286,0.005855322,0.0050530434,2.0876932,0.00025427341,0.0049272776
30.520947,7.884138,1.2540884,0.0189147,0.003740549,4.5621147,0.00053596497,0.0034204721
54.285553,11.612154,2.1084263,0.0110138655,0.0031422377,2.872332,0.00066554546,0.0034796
28.408278,7.4928036,1.0164485,0.011632323,0.003852725,6.2551985,0.0005065203,0.0036964417
34.17464,7.2396326,1.3657382,0.028980851,0.028955102,2.6435573,0.0016955137,0.02767837
39.431274,8.189503,1.298554,0.015244961,0.007730603,3.8450747,0.0007311106,0.0066446066
40.94198,8.836626,1.282712,0.015020728,0.012237072,3.6366901,0.0008929968,0.0112758875
47.413715,9.998066,1.566916,0.014094114,0.0061056614,2.3093297,0.000590086,0.0059560537
34.06672,6.798891,1.2245591,0.012539387,0.010966539,4.078917,0.0011121035,0.009895325
55.215298,11.729268,1.5389235,0.01503408,0.006109953,1.8726125,0.0007286072,0.0057481527
37.70234,9.697915,1.7855608,0.013037443,0.0070872307,3.3550382,0.0009610653,0.0072476864
38.71502,10.542846,1.4779587,0.01591444,0.001988411,3.7305765,0.000341177,0.0018361807
45.66852,9.872848,1.2985821,0.02969265,0.009536982,5.3734183,0.00076556206,0.009069681
10.580396,3.8777575,0.75291693,0.013372421,0.0051207542,3.283115,0.00032651424,0.0045918226
30.180399,7.3288994,1.1956639,0.013023496,0.011025786,3.1127877,0.00062453747,0.010692954
23.968084,5.8042574,1.0825024,0.007948995,0.0116916895,2.1546333,0.0007175207,0.010532856
40.55125,8.051694,1.1906204,0.013421416,0.016400218,1.9854817,0.00041353703,0.007918
40.633427,8.167126,1.0880864,0.020020604,0.023065925,1.7442722,0.0003324747,0.0062463284
32.21144,9.482956,1.3450077,0.010883689,0.0041708946,1.9253943,0.00044119358,0.004165411
31.225887,8.951078,1.2391632,0.008743286,0.0037660599,5.920656,0.00052142143,0.0038563013
38.625076,7.1169634,1.2214806,0.021498084,0.0053892136,4.4131107,0.0006171465,0.00459373
23.151802,5.4425306,1.1451211,0.01085186,0.0033051968,2.9290679,0.00031292439,0.0026842356
21.63828,4.214626,1.2719519,0.008337736,0.008022785,3.2511854,0.0006406307,0.0074095726
23.23642,6.624204,1.061157,0.007163286,0.005563259,0.823266,0.00039243698,0.0050103664
39.268353,8.826339,1.6297174,0.014677167,0.004053712,4.4121637,0.00048708916,0.0040848255
41.240208,8.813801,1.7938704,0.012205124,0.00492239,3.8301964,0.00068438053,0.0049221516
27.288662,6.397261,1.1680956,0.006626606,0.007004857,3.37924,0.00049722195,0.006607771
47.797955,9.007331,1.4733777,0.011911511,0.0092276335,3.866477,0.0011371374,0.008458018
22.258018,3.7960935,1.2199495,0.009309292,0.008693457,3.096816,0.0006713867,0.007984519
34.44694,8.222356,1.2306359,0.01581335,0.0073041916,3.5622063,0.00069117546,0.006087303
32.521168,8.801677,1.3420665,0.012092948,0.0034589767,3.9050798,0.00048089027,0.0037037134
44.721603,9.640452,1.3119609,0.0125591755,0.008499503,3.0476465,0.0007330179,0.00803411
30.362621,7.9809732,1.6131706,0.014434099,0.0066012144,3.0943189,0.0007337332,0.0066874027
31.713367,7.543106,1.3529539,0.013613701,0.011718154,2.8226519,0.0005373955,0.011628032
37.90381,8.036192,1.2927618,0.011148214,0.008040905,2.5075529,0.0007340908,0.006921172
43.49309,8.834562,1.3181176,0.013122082,0.008069396,3.6209707,0.00076413155,0.006882906
40.677998,10.329844,2.0544424,0.013810873,0.0035386086,3.8149004,0.00059235096,0.0043218136
36.44451,7.7547636,0.973668,0.014328837,0.022345662,0.522382,0.00013113022,0.0057456493
44.86816,10.046267,1.3154945,0.020709753,0.017737627,3.6892676,0.0011211634,0.017057776
31.316177,7.115799,1.2593277,0.010533452,0.009929061,1.8303604,0.00049841404,0.009696364
42.17706,7.5710173,1.2466075,0.02026844,0.013216376,3.273808,0.0010325909,0.012453318
40.08953,9.133264,1.6031952,0.011937022,0.005659342,3.8720913,0.0008060932,0.005568385
42.322895,8.577441,1.4351819,0.019258142,0.01983571,2.529162,0.0015949011,0.018849492
57.289112,7.9571543,1.4056067,0.019432306,0.008189201,4.1319766,0.00081801414,0.0074242353
40.50289,8.887953,1.8829467,0.016301632,0.0051213503,4.295837,0.00063705444,0.0053286552
57.12064,10.361913,1.4954612,0.013593674,0.00729692,3.5198712,0.00076949596,0.006901264
27.837069,6.944519,1.1873789,0.011232376,0.004113674,2.3996828,0.00040125847,0.0038836002
44.042458,8.950564,1.3667936,0.010668278,0.0091894865,3.3051157,0.0009691715,0.008587718
39.208397,9.19342,1.3611331,0.030701756,0.0036238432,5.397585,0.00057029724,0.0030635595
43.0404,9.462622,1.4131854,0.011719704,0.0043896437,2.1466265,0.0004196167,0.0041846037
19.391272,4.968174,1.1590521,0.019914865,0.006175041,4.036387,0.00032114983,0.005850315
31.21104,6.26555,1.135076,0.008625269,0.0059427023,2.4711645,0.00045645237,0.0050137043
55.03354,9.288822,1.4279671,0.016260147,0.008613586,3.4937243,0.00089120865,0.008051991
35.343315,7.537696,1.4534111,0.016037703,0.0070928335,4.629326,0.00077426434,0.0066206455
25.656275,6.1830106,1.1111922,0.011511326,0.009888291,1.2481883,0.00059854984,0.009266734
42.056114,10.001989,1.6969192,0.010594368,0.004016638,3.507403,0.0006535053,0.004097104
34.249886,6.48125,1.0077269,0.0117816925,0.011438489,1.8141007,0.00025689602,0.0047085285
38.99685,7.8702908,1.2801416,0.01107645,0.008363605,3.1190624,0.0007849932,0.0076429844
59.34417,9.690435,1.3991399,0.0093461275,0.0077819824,3.17738,0.0009965897,0.006930828
25.8105,4.019576,1.2446201,0.009938955,0.008695245,3.986641,0.00079262257,0.007826328
55.512714,13.198639,1.2301478,0.033425927,0.023402095,3.7969565,0.0013810396,0.022110224
30.763697,8.712713,1.1872993,0.0062606335,0.003711462,0.99476707,0.00043272972,0.0034290552
38.40171,8.061818,1.2206535,0.014318585,0.010077357,3.1593184,0.0008893013,0.008665681
25.7699,5.810806,1.2733808,0.01370275,0.0069190264,3.3639517,0.0005904436,0.0064777136
55.80184,9.8483,1.3463783,0.008186817,0.008360505,2.7495053,0.0009087324,0.0075768232
26.567507,5.947536,1.3093901,0.011559606,0.00889051,2.6538217,0.00059461594,0.0081983805
30.88655,9.1969595,1.4405277,0.015625477,0.009871364,1.2322855,0.0007946491,0.0096616745
45.939682,9.168418,1.3511486,0.012414455,0.008920908,3.2002563,0.000874877,0.008246899
28.41246,5.0878797,1.4309673,0.01682806,0.015195489,3.0414968,0.0011886358,0.014387846
30.0805,6.9936,1.4443495,0.01114893,0.006362915,2.8569627,0.0006374121,0.005997896
35.900906,6.4899864,1.3614309,0.016762137,0.004464388,4.1844807,0.00048553944,0.0042966604
38.217625,8.526497,1.324503,0.013847947,0.0055184364,4.9694242,0.00054347515,0.0050554276
37.680878,10.61303,1.4576547,0.019462943,0.0025151968,3.8961487,0.00042450428,0.0023806095
33.313667,6.4972396,1.2065828,0.0093871355,0.0072238445,2.4180903,0.0005942583,0.006260872
24.250261,5.0510993,1.2085428,0.018996835,0.0075193644,3.3591137,0.00045585632,0.0071228743
39.23926,8.672767,1.3642657,0.020184755,0.016672373,3.5059924,0.00092720985,0.015570998
24.615316,4.545679,1.115309,0.014371395,0.009392619,2.8212757,0.00057661533,0.007304907
52.66268,9.325837,1.325275,0.009698272,0.010128021,2.8338816,0.0011184216,0.009076357
34.610817,9.291435,1.4620452,0.013847351,0.0048878193,4.460787,0.00048327446,0.005466938
38.149456,10.199737,1.5765646,0.024264455,0.01480639,0.7657013,0.0009787083,0.015161395
33.14039,7.339987,1.2063181,0.01143074,0.010106564,3.0026832,0.0006637573,0.0096440315
26.05225,6.1431894,1.1504056,0.012352467,0.01394105,1.9540529,0.00075638294,0.012875915
38.056534,8.091081,1.2770457,0.013003707,0.010524392,3.0359807,0.0008571148,0.009109139
55.924545,9.467305,1.3648851,0.0075421333,0.008123159,2.918625,0.00092315674,0.0071731806
60.444725,10.088852,1.437804,0.0085116625,0.0083909035,3.3056083,0.0010079145,0.0075758696
39.69064,8.2945175,1.3212888,0.011799574,0.008873701,2.6090324,0.0008062124,0.0076081753
38.303486,8.245067,1.4536464,0.012963295,0.0077593327,3.6973357,0.00080013275,0.0074926615
33.011124,8.619828,1.1215503,0.0056078434,0.00081562996,1.4827294,0.00010681152,0.00072550774
49.172375,10.031777,1.573457,0.01181221,0.007092595,3.0712547,0.0007932186,0.0065054893
30.119349,6.1469493,1.2756965,0.017145634,0.007004738,3.9470148,0.00049984455,0.0064020157
22.165316,6.482494,0.97537756,0.0006355047,7.259846e-05,0.53458154,9.298325e-06,-0.000109910965
30.857702,7.742223,1.2865024,0.0113761425,0.005523443,3.442676,0.00065910816,0.0052132607
49.738716,9.424089,1.4250343,0.010313511,0.008181572,3.7781768,0.0008829832,0.0077596903
47.271217,10.252529,1.1087534,0.02378583,0.006472707,5.750399,0.00041377544,0.006169677
36.233128,8.76177,1.3435771,0.012019753,0.013665199,2.4129825,0.0008882284,0.012330294
46.748775,11.066573,1.2827184,0.016851783,0.009755969,3.1094365,0.0009367466,0.008845806
36.00042,8.235561,1.4625673,0.012141585,0.00878191,3.0978608,0.00096583366,0.008274317
41.76971,8.797154,1.4384358,0.016165018,0.012616038,3.478249,0.0010282993,0.011640191
28.517607,4.967256,1.3098557,0.011814237,0.0040490627,3.8095798,0.00046765804,0.003471017
39.658733,10.394988,1.5741048,0.01618743,0.0028697252,4.252921,0.0005302429,0.0030839443
30.218521,7.974474,1.2880678,0.010015368,0.0057832003,5.9720173,0.00056159496,0.0057412386
56.66055,8.761149,1.2827115,0.020495415,0.010884762,3.4206839,0.00093078613,0.010169625
30.669657,7.8925037,1.1657851,0.0060716867,0.0015306473,1.5398645,0.0002605915,0.0013344288
47.853584,9.34718,1.4892824,0.008247137,0.008381128,3.3575063,0.0009783506,0.007828116
35.348793,7.6368,1.1299515,0.014444709,0.004618287,3.033731,0.0004543066,0.0043656826
38.965786,8.52372,1.4981511,0.011562824,0.011591911,2.7373896,0.0008943081,0.010553598
67.64983,11.164631,1.420794,0.009580374,0.0073325634,2.9338746,0.00086915493,0.0064487457
37.068592,9.2621975,1.3771842,0.014102459,0.005850792,3.5806785,0.00067186356,0.005030632
47.083527,8.772106,1.3320754,0.01103282,0.009724259,3.806808,0.0009602308,0.0087150335
42.957775,10.388611,1.3521976,0.031238437,0.0046703815,5.4674115,0.00065779686,0.0040471554
20.37785,8.40757,1.1665831,0.015254378,0.003549695,3.9659572,0.00026404858,0.0039354563
76.55186,12.313845,2.4538097,0.014896035,0.0064508915,5.9358535,0.0007801056,0.0069777966
40.116222,7.905279,1.6207263,0.01988113,0.0048172474,4.4938655,0.00066792965,0.0047804117
24.307325,6.4255414,1.0136023,0.007231593,0.0042276382,1.1608889,0.00037515163,0.0034434795
34.977543,7.5386133,1.2456667,0.01431787,0.0092237,3.67835,0.00079345703,0.008362889
19.123713,5.3167562,0.98133814,0.016585827,0.011833549,3.8929806,0.00063216686,0.011274457
44.319736,8.464225,1.2549529,0.009099364,0.010397673,3.4265823,0.0008955002,0.009430766
64.225815,11.540564,1.9270539,0.012702346,0.0054661036,5.716487,0.000644207,0.0057998896
39.37524,8.067008,1.320267,0.015737891,0.00681746,6.537942,0.0008020401,0.0062371492
31.239529,8.112143,1.1133399,0.014501214,0.007643223,2.6883845,0.00071132183,0.0067451
31.704983,7.4763174,1.210412,0.011691928,0.0087924,1.1286101,0.0007221699,0.008294821
45.090115,8.956729,1.3529265,0.043958306,0.008347511,5.9653563,0.00083220005,0.0076367855
45.231148,12.266117,1.2680011,0.030781507,0.005052328,5.3660545,0.0005520582,0.0044989586
42.789658,8.437073,1.2977781,0.0071464777,0.0072191954,3.6045403,0.00092220306,0.0063158274
50.14204,8.527628,1.2554741,0.012705684,0.013634682,1.7709188,0.00045990944,0.0054045916
52.31558,10.846483,1.7532985,0.014248729,0.006703973,2.3307486,0.0006700754,0.006611824
39.618214,10.195295,1.3844607,0.029147148,0.0034462214,5.331444,0.00056254864,0.0029278994
39.609825,8.361688,1.3123012,0.018058538,0.0051198006,4.328503,0.00041282177,0.0046833754
35.6663,6.663589,1.2665303,0.011331677,0.008020639,3.3247857,0.0008343458,0.0070792437
21.834793,6.463709,0.9670117,0.012619495,0.004698038,4.8218017,0.00045263767,0.004347801
67.52552,11.644076,1.4901624,0.008808613,0.009353995,3.0450168,0.0012352467,0.008539915
55.2146,10.613311,1.4896522,0.016308784,0.00931704,3.844541,0.00096285343,0.008985519
64.39851,12.447483,1.4011531,0.020777225,0.015842438,3.602491,0.0012698174,0.015164137
27.230358,6.623226,1.3319721,0.012619972,0.008661628,3.504322,0.0007536411,0.008185029
45.504974,9.066065,1.557761,0.017316103,0.0038836002,4.186356,0.0007008314,0.003622055
36.4718,9.235995,1.3233943,0.0149844885,0.0077769756,3.249321,0.00068700314,0.0067533255
52.950397,10.194917,1.4825709,0.017635345,0.009127498,3.6805806,0.0008955002,0.008662939
35.709164,7.105919,1.3336453,0.013817906,0.010349512,3.1209798,0.0010834932,0.009355068
49.335705,10.934338,1.4274321,0.019322038,0.007540107,4.418871,0.0007469654,0.0066274405
33.65381,7.877861,1.4884691,0.013576508,0.0049802065,4.1596665,0.000487566,0.0050936937
37.744816,10.144834,1.3934052,0.015481234,0.0015702248,3.601593,0.00035619736,0.0012936592
45.218285,8.931598,1.2731078,0.020411253,0.009645462,4.5491686,0.0008369684,0.008721232
41.064438,9.627523,1.3679454,0.017250419,0.0070512295,4.0285935,0.0006352663,0.006118536
27.937103,5.775624,1.1020877,0.016926646,0.007498026,4.3377457,0.0006443262,0.0064367056
40.969933,7.669379,1.5411685,0.018198013,0.0039424896,4.8554606,0.0007092953,0.0038480759
40.74494,8.041064,1.3390968,0.014609456,0.006482482,4.076339,0.00062417984,0.005636215
40.674664,8.16577,1.2755027,0.0076522827,0.007455468,3.5292077,0.00069987774,0.0066883564
44.28108,8.480121,1.0961261,0.01590681,0.020962954,1.6301193,0.0003452301,0.006516695
42.0632,8.495612,1.3094127,0.012845755,0.011581898,3.5685148,0.0008779764,0.010855198
39.136612,7.845381,1.2572386,0.009292126,0.008578658,3.2817354,0.0009151697,0.007647276
23.716164,5.557167,1.155832,0.0060236454,0.007355213,2.821203,0.0005903244,0.0064895153
33.71162,9.840174,1.2349131,0.007463932,0.0010490417,1.8189297,0.00010919571,0.0011775494
35.45871,8.332894,1.3375983,0.01017344,0.010386825,2.122184,0.00048720837,0.010437727
35.91463,8.0486965,1.3867605,0.00919199,0.0069340467,3.5522814,0.0008239746,0.00632298
