Anth,B,C,Ca,Car,Cel,Chl,Cu,EWT,Fiber,LAI,LMA,Lignin,Mg,Mn,N,NSC,P,K,S
0.69934344,0.00025696508,2.652524,0.050523546,3.9790657,1.2305025,14.126926,4.376477e-05,17.364246,2.0852005,2.1004179,49.482376,1.1615783,0.011850629,0.0016145359,0.07420708,1.5500606,0.01165057,0.1220513,0.007980734
0.9146894,0.0001289282,1.2903297,0.02228443,7.602421,0.9974932,25.510248,3.3940167e-05,11.649092,1.6303514,0.063837916,24.547697,0.652672,0.005616879,0.0014535461,0.0747917,0.7827906,0.013006857,0.098805934,0.006082717
1.0010129,0.00026257554,4.702475,0.059239343,5.431022,2.2560964,21.451174,6.686861e-05,14.366263,3.944895,2.336452,81.14271,1.995404,0.011427685,0.0014252806,0.12863019,2.1906648,0.016217947,0.08678687,0.011620839
0.885631,0.00027441836,2.7325053,0.10235709,5.5998015,0.9902987,22.150732,4.7373585e-05,19.57571,2.160795,2.4742362,52.573074,1.203632,0.013205106,0.0024983925,0.091884255,1.3612977,0.010433034,0.121530026,0.007562984
1.2262672,0.00027285152,1.8480977,0.080739915,6.950037,0.6147805,28.08671,4.2295746e-05,10.325738,1.0514398,4.456157,35.702553,0.46216995,0.0151749775,0.0007978033,0.09619864,0.8972299,0.011438755,0.051178284,0.006560172
1.3559434,0.00029799,3.6811945,0.1481031,5.7656803,1.3135176,28.301888,5.0843275e-05,14.050608,2.4919553,3.6201289,81.80858,1.1935612,0.022820175,0.0012923056,0.1994798,1.6275516,0.021817567,0.1788283,0.014225558
0.79522896,0.00014923442,1.176877,0.023037996,7.5502625,1.0492369,23.203852,3.1462478e-05,10.067134,1.8529031,1.2272372,25.195915,0.8176413,0.00540404,0.00124454,0.079038136,0.5599057,0.013334572,0.09307348,0.0070754974
0.66873735,0.00031910252,1.6257622,0.016408172,4.404805,1.2940787,8.285504,4.0036393e-05,32.28317,1.6738758,1.6928513,56.75776,0.4911245,0.008491272,0.0012441957,0.08916618,1.0300372,0.009686239,0.10519189,0.006107393
0.90659094,0.00022602388,2.367562,0.052706186,7.983383,1.1933359,27.881481,3.9671606e-05,16.720825,2.28925,1.7821307,49.400852,1.0459595,0.014026803,0.0019142625,0.079863094,1.3036983,0.007740134,0.06971879,0.004174954
1.1620393,0.00029221058,3.4995828,0.06723072,6.4943686,2.2236185,32.078102,5.661045e-05,12.822124,4.7138505,3.6214418,63.624096,2.2402637,0.013337153,0.0016357305,0.1300974,1.4755765,0.013358943,0.07989137,0.0074286247
1.814986,0.00014510915,2.621562,0.08236305,7.2034974,0.74808085,38.16268,4.891061e-05,11.575514,1.0347359,2.067681,55.38905,0.49486673,0.017773194,0.0005307598,0.15856853,1.0355686,0.0128084505,0.118312344,0.011853326
0.89510906,0.00020469021,2.623902,0.028588707,6.006247,1.5983648,21.74609,4.4161217e-05,10.735114,2.0914896,2.7562032,47.10114,0.6023081,0.0113896895,0.0010081368,0.08527884,1.1225317,0.011043623,0.077867895,0.006596882
1.3961345,0.00022658694,2.2758868,0.049326982,5.6381183,1.2476745,35.832294,4.6054432e-05,23.433374,2.2124622,3.4217947,41.421932,0.9516248,0.008379795,0.00077870965,0.15514927,0.9842255,0.021554735,0.12258148,0.0092849275
1.135906,0.00026788615,1.6035805,0.08733798,7.3818474,0.67939293,32.967575,3.7697977e-05,14.52123,1.3454704,3.956713,40.181858,0.54272556,0.011560179,0.0012938676,0.07132346,0.70169574,0.010429279,0.101235665,0.0056768456
1.2876838,0.00033854923,3.9115984,0.12542918,5.2949696,1.1873274,28.534561,5.0682098e-05,19.784006,2.2988036,3.932683,75.330154,1.0644482,0.021294506,0.001530414,0.16609338,1.6401805,0.020019375,0.112849444,0.013142679
1.0893588,0.00018367435,2.1209211,0.07355046,8.954829,0.99748415,30.974913,4.653461e-05,14.07794,1.9156278,2.7712514,44.913033,0.7758293,0.013354221,0.00093281694,0.08946075,1.3781296,0.011377241,0.09425025,0.0062756
1.7389486,0.0001458096,3.4283864,0.04835224,10.000726,1.6013279,45.030037,4.5652556e-05,10.300507,2.1550677,3.36148,69.33753,0.7657621,0.016395068,0.00089310156,0.17772518,1.5247058,0.009214333,0.09753873,0.010319996
1.1701179,0.00018394685,2.0038514,0.06326087,7.8454533,0.99260086,28.690302,3.0786425e-05,10.798494,1.5221012,3.7899895,45.74196,0.6176371,0.015355846,0.0008283793,0.0749191,0.9672709,0.008180896,0.051792853,0.006061245
1.5327514,0.00012974256,2.6622899,0.030060366,9.889285,1.5320597,42.594666,3.818312e-05,13.060775,1.5221764,3.2969882,57.543297,0.34868196,0.016071526,0.00028970488,0.18691541,0.6526047,0.015140653,0.13868368,0.014596719
1.9457277,0.00011854709,1.716553,0.05483844,9.691406,0.86484724,42.99109,2.8170713e-05,9.765705,1.0016757,3.3959615,37.96852,0.1648985,0.015680585,8.251009e-05,0.097034924,0.6167301,0.010331407,0.080690846,0.0073734145
1.1660098,0.00014453872,1.9944117,0.05308488,9.655702,1.1679633,39.12905,3.814276e-05,13.008552,2.1365178,1.7388647,59.487244,0.7270881,0.013742248,0.0007120333,0.087949954,0.8178427,0.014200155,0.12558515,0.01281773
1.4581218,0.000133669,1.4526145,0.065792754,9.44362,1.0534015,38.983837,3.97053e-05,12.654575,0.93096113,4.365448,33.327984,0.15384796,0.013423982,0.0005002838,0.12911215,0.4045158,0.008450301,0.1095621,0.011763337
1.170694,0.0010057137,19.987583,0.20742372,6.3550763,7.736555,37.8208,0.00019137663,56.302162,17.190233,3.048822,391.12146,7.225823,0.03549936,0.004929427,0.79508317,10.66758,,0.3024083,0.031809945
1.6494025,0.00019591187,2.97278,0.07065159,9.382284,1.4676116,42.651173,3.985253e-05,8.853444,2.1341443,3.5880926,64.91761,0.75589585,0.018658623,0.00115904,0.1462222,1.3312434,0.010442743,0.08109,0.010512887
1.6619114,8.510952e-05,1.4878618,0.04197502,9.38944,0.98543155,35.77506,3.067233e-05,10.299952,1.0412734,3.2280483,35.20774,0.15034354,0.013133779,0.00024242596,0.11283819,0.49530482,0.00858551,0.11069456,0.011051532
1.2496052,0.00019104074,2.1391485,0.0577719,10.212456,0.9535664,40.971077,3.547808e-05,14.781959,1.7668891,4.5031204,43.274857,0.61026543,0.01028394,0.0007835225,0.10269193,0.9537883,0.00749326,0.08193966,0.0046310434
1.6274858,0.00011067033,1.1127796,0.055873085,11.050506,1.182366,44.15011,2.6203057e-05,11.131481,1.0600219,4.6686535,30.964348,0.19624375,0.01270998,1.0839137e-06,0.09457012,0.29489452,0.009881634,0.12555693,0.010642096
1.7288626,0.00029141342,2.4660609,0.101013616,10.448242,0.87388664,34.976246,5.4761505e-05,19.242525,1.065852,4.6014614,44.183388,0.5843755,0.01449327,0.0010819186,0.18532494,1.7551893,0.015456252,0.080093704,0.008330849
1.3454893,0.00011933267,1.7320024,0.09021111,9.183276,0.5695463,28.264492,4.375837e-05,9.165814,0.4776029,1.88776,33.310986,0.11289896,0.015424636,0.00073976273,0.120684125,0.6595533,0.009651354,0.09641181,0.010299701
1.2372912,0.000119939104,1.9091812,0.07861153,10.955155,0.9868741,31.73068,4.2658718e-05,10.925759,1.4246372,3.9820936,33.836357,0.5415738,0.017978907,0.0014019379,0.10597261,0.788657,0.008269895,0.088505365,0.0068681855
1.3274682,0.00032609364,2.5450766,0.34245628,10.190202,0.56297266,36.568348,5.8243124e-05,16.207512,0.7852371,4.5362167,48.783897,0.36528173,0.024714766,0.00161686,0.2006274,1.5853493,0.016210387,0.068703,0.009518362
1.2181298,0.00026921363,3.6472547,0.052390628,9.086956,1.5470958,41.441647,5.712238e-05,20.513546,2.6834877,2.8474033,72.27501,1.0569786,0.017026361,0.0012147693,0.1860108,1.2660812,0.011651189,0.10813331,0.01057309
1.2198046,0.0003178255,6.0825477,0.111463375,6.5601916,2.927689,32.84015,7.187454e-05,37.16948,5.6384444,3.1980097,121.37447,2.1287808,0.01452534,0.0018193946,0.22715133,2.7454252,0.017754896,0.12617587,0.014529437
1.918586,0.0002556235,3.1401837,0.15516202,11.503566,0.950244,52.274685,5.0733368e-05,14.634729,1.2517133,2.6000896,66.6127,0.46032462,0.023631653,0.0011269663,0.22708097,1.6078488,0.021113003,0.10790601,0.01608624
0.89294225,0.00018283713,2.7360144,0.038501445,7.4791217,1.4707799,24.923988,4.4015887e-05,8.714216,2.3349407,4.747067,47.33234,0.8690511,0.009495391,0.0010023287,0.10924006,1.0142138,0.011262197,0.098812126,0.006941434
1.4306418,0.0002254625,3.1484601,0.09637694,8.1206875,1.0754429,24.217749,4.116125e-05,12.938496,2.3965201,6.1913357,66.67138,0.7856455,0.01634869,0.00046634185,0.20449845,1.2708266,0.017567707,0.078175716,0.0116684865
1.5258191,0.00022554719,2.3688917,0.08321229,8.710962,1.2534757,40.199947,4.180336e-05,16.919289,1.4941741,4.24657,48.87372,0.33755758,0.021513285,0.0001426902,0.15772726,0.6918866,0.0146397585,0.14250922,0.012449107
1.3087112,0.00017472901,2.5737844,0.064676635,10.021735,1.076255,26.438084,4.7555655e-05,22.708427,1.6254629,3.8300147,44.140575,0.7226994,0.013774522,0.0010367403,0.17024438,1.1689786,0.011924561,0.09051765,0.010104356
1.6681833,0.0001294535,2.8786461,0.07047779,9.665156,1.4167902,44.48421,3.5210902e-05,11.368718,1.9356897,3.1370609,61.818787,0.46366107,0.017848857,0.00060698384,0.18003632,0.9463306,0.015707169,0.10858668,0.01634892
1.5734386,0.00017101738,2.3284326,0.07406481,8.927661,1.1563741,37.503147,5.412272e-05,10.716989,1.0504053,3.7898731,35.471504,0.5062102,0.015782138,0.00077745225,0.2009324,0.86335874,0.013681313,0.1396254,0.015032667
1.7433909,0.00025271747,2.597229,0.12916839,7.2256093,0.774183,26.363897,4.2557258e-05,17.97823,1.7353636,4.1195607,50.998478,0.8898216,0.017876586,0.0012045219,0.11774397,1.5302955,0.013719221,0.03987558,0.00821952
0.93820095,0.00015576881,2.5347269,0.047477424,8.072471,1.2252324,27.620392,5.1086805e-05,14.504541,1.7410849,5.136831,47.89201,0.8183289,0.01191301,0.00076529616,0.15141776,1.1905012,0.012760895,0.08268297,0.0071912063
1.0836952,0.00020412871,2.0549815,0.064645335,8.123748,1.0896759,25.685114,4.2627846e-05,13.703952,1.7120953,3.1135814,47.02359,0.7087316,0.013478024,0.0007665864,0.087241255,0.96397835,0.010329402,0.09248229,0.0071549136
1.2779591,0.000117426665,2.1410964,0.0425359,7.5901933,0.6306792,23.02271,3.4322064e-05,6.038598,1.3778893,5.1240363,35.237183,0.8645039,0.015155569,0.001520041,0.06954836,1.3044478,0.0067791664,0.013497142,0.0037081335
1.2025726,0.00018511206,2.5519874,0.059309725,9.68535,1.8135471,40.388733,4.1501873e-05,13.834417,2.8211913,2.4294856,59.11204,1.0877411,0.010337968,0.0011127272,0.15746053,0.71183527,0.012414237,0.13777463,0.012075558
1.0193675,5.7315392e-05,0.9536515,0.025852777,9.392774,0.9645394,32.504807,1.9838273e-05,12.1573925,1.1872587,3.4321482,19.679512,0.28632483,0.0019779042,0.0006216645,0.07382743,0.19887945,0.008552274,0.10203758,0.008422458
1.1144904,0.000100392026,1.2992041,0.050981224,10.073736,0.9205341,34.950294,2.0495587e-05,14.136239,1.3855586,2.6106844,30.655062,0.3877257,0.007993707,0.00074755057,0.058487598,0.44971192,0.00977255,0.0782068,0.00912903
0.9285409,0.00030859667,2.105631,0.062098674,10.764631,1.3784982,33.404026,4.383325e-05,42.0955,3.0757387,3.6552944,47.435257,1.607175,0.01455893,0.0017301455,0.116652966,1.2596816,0.014244477,0.114732705,0.010658854
1.1046565,0.00010860091,1.829981,0.042601023,8.328019,1.155442,24.066067,3.4300734e-05,12.127054,1.8563875,2.902696,41.1624,0.783439,0.008068683,0.0010727196,0.0923646,0.5696729,0.008604275,0.09085536,0.010260725
1.0907598,0.00026764142,4.3713593,0.04796202,10.449703,1.7888219,39.379513,6.6609864e-05,13.373106,3.1693573,4.301288,89.03015,1.4927819,0.008440268,0.0026270293,0.15009303,2.3882382,0.011915016,0.12274737,0.010297533
0.8325665,0.00019636186,3.9417346,0.0312108,6.409875,1.4199985,22.818045,4.4014065e-05,15.43625,2.3621137,4.704124,75.40474,0.98941255,0.011644447,0.0010171678,0.14585483,2.492806,0.01052014,0.06904084,0.0043273335
1.142133,0.00027984884,4.0320926,0.07740447,9.114564,3.5352447,43.362392,8.3591454e-05,21.482061,5.644215,2.0877802,90.558426,2.4009545,0.021680942,0.0030828966,0.21850176,1.6221546,0.01720413,0.19196719,0.015658211
0.9210912,0.00019595327,2.3990667,0.050190646,8.132855,1.5354743,22.37931,4.5507095e-05,12.631392,2.3182821,3.541796,40.600895,1.0949072,0.010810186,0.0010759141,0.11282426,1.061782,0.010667543,0.089335516,0.0064793914
0.94692236,0.00011313112,1.963068,0.04163876,7.7110047,0.50131553,31.47679,3.7132715e-05,9.469407,0.43859044,2.244699,43.252396,0.030703893,0.018465512,0.0006841209,0.11846346,0.70307326,0.0124366665,0.0871664,0.01161568
1.3282001,0.00032461187,2.8374395,0.2552603,8.791322,0.79088783,25.211151,5.43318e-05,17.605646,1.2183913,3.982297,49.183514,0.49126545,0.016618583,0.0016934483,0.124948226,1.6536993,0.0065897945,0.059759885,0.0039927806
1.141792,0.00030837345,3.1410806,0.026527192,11.002388,1.7464654,38.52067,4.947093e-05,19.908583,3.1908786,4.5991125,50.218136,1.4267018,0.011303655,0.0007440736,0.21667376,1.6944494,0.014735127,0.09338518,0.008793542
1.1442249,0.00020752504,3.0753784,0.056002017,8.889271,1.5300779,33.530815,4.695181e-05,16.451262,2.1825323,2.7153003,65.84012,0.8869546,0.011814589,0.00096058403,0.19462089,0.8776776,0.0141952075,0.14365043,0.012813195
1.0344142,0.00014057597,0.8496347,0.043168206,9.119886,1.0493431,25.925013,2.830624e-05,16.530762,1.6986018,2.7321634,24.066776,0.7456583,0.0039031683,0.00059444696,0.05095706,0.3249597,0.009137698,0.07560379,0.0056292634
1.553703,0.00013756464,3.0217586,0.042287886,10.390596,1.2317168,41.311108,3.7182046e-05,13.237773,1.9670548,3.239829,57.26631,0.8106505,0.010048326,0.0010967101,0.20706172,1.5079064,0.012882334,0.08543114,0.010635567
1.2663286,0.00036147962,3.1731336,0.052609712,10.673701,1.483788,40.72242,5.7469366e-05,22.490692,2.5943675,4.8124857,57.138756,1.1926781,0.011209825,0.00082309055,0.22257194,1.8131403,0.015663393,0.10658059,0.008453404
1.3204248,0.00030413218,3.3905542,0.07483844,9.741773,1.3534336,43.576164,5.540089e-05,19.410202,1.8556708,2.8233395,74.95605,0.80802274,0.0145802535,0.0009816363,0.21109384,1.021371,0.012747785,0.12861912,0.012029912
1.201865,0.00018253145,2.4402466,0.05101281,7.961512,0.78008807,29.889479,5.0940518e-05,8.064696,1.1540731,1.7962583,54.378258,0.5377238,0.021741157,0.0013682987,0.13392766,0.9528162,0.0081340065,0.099112965,0.010437258
1.8601741,0.00034938005,2.6212583,0.13601008,10.248737,0.98543566,52.913273,4.0009218e-05,13.205645,1.257002,5.215871,58.469044,0.45647302,0.025711618,0.00091657636,0.14968185,1.1542774,0.014131415,0.08880769,0.009594229
1.2415271,0.00023545309,2.0667694,0.10610956,10.936911,0.97976583,39.86687,3.8486378e-05,11.540325,1.7912279,3.4173818,43.29314,0.70310754,0.01671365,0.0014781494,0.06651999,0.9655602,0.005944945,0.06748917,0.0052090716
1.03589,0.00014307052,2.207697,0.02747006,7.7136755,1.1975199,25.680553,3.797231e-05,10.9526415,2.3387764,5.3151,40.288025,1.3435557,0.008483254,0.0013042694,0.1077618,0.92609894,0.00855314,0.05000615,0.0064012245
1.132231,0.00028114716,2.0426354,0.0663906,7.376294,0.7382892,31.342155,4.804928e-05,9.131929,1.213675,1.0167483,58.66642,0.677848,0.02049446,0.0015665708,0.113769345,0.8705685,0.008786168,0.12418817,0.010784619
1.4385358,0.00017377593,1.6059623,0.054280538,9.106919,0.7935992,31.139149,4.67648e-05,14.2350235,1.1169742,3.2521577,35.4828,0.40823728,0.008773541,0.0008654794,0.08897502,0.61392045,0.0061337124,0.064905755,0.0060576107
1.277992,0.00027879383,2.2011344,0.15832393,8.153444,0.9932255,25.700874,4.969933e-05,12.708442,1.5353053,4.4358196,41.105274,0.750638,0.011942937,0.0015937202,0.111448646,1.0343822,0.004449293,0.059165392,0.004301656
2.3004754,0.00017671367,2.6283395,0.09508476,11.49482,1.2617118,64.45911,3.381562e-05,12.28907,1.15034,6.024976,60.993237,0.51396704,0.018283086,0.00072596857,0.13786379,1.1103933,0.011131217,0.08963156,0.008589794
1.2156196,0.00041762952,3.0833082,0.08950599,10.277992,1.6100886,37.124405,6.0215785e-05,36.277782,2.3131144,4.107859,58.508442,0.7597405,0.012524926,0.0012008657,0.19775422,1.4740214,0.01365818,0.14390667,0.008567713
1.3785315,0.00022947385,2.5119665,0.13640949,7.2888603,0.9907708,29.573078,4.229874e-05,11.00316,1.5721676,3.8414512,52.588093,0.47681203,0.021884685,0.00090730714,0.1481673,0.99685603,0.017075602,0.105314456,0.010569793
1.2941701,0.00023089247,1.9380147,0.28686988,9.942936,0.75825226,29.772585,4.3962897e-05,11.887477,1.1866086,3.8896766,32.557995,0.48129758,0.016395118,0.0014987084,0.095477074,0.8502764,0.006281716,0.06385559,0.005224987
1.5110879,0.00031507926,2.5160785,0.13663049,9.65589,0.9169623,38.85483,4.7418707e-05,13.605995,1.7974263,5.224469,48.26273,0.7994441,0.019738799,0.0006213804,0.16376877,1.2956444,0.020133752,0.081623785,0.008943254
1.4174489,0.000120977915,1.7397085,0.09702569,9.27729,1.0502145,25.548279,4.3606164e-05,13.059573,1.3887457,1.6699035,45.294685,0.50612175,0.010619544,0.00060770474,0.08279845,0.4797402,0.007919369,0.10343639,0.008858926
1.1456958,0.00023897701,2.7488246,0.08333433,7.843853,1.1274946,26.12394,5.565692e-05,15.0443735,1.5718069,3.9323266,55.027153,0.6081575,0.017750068,0.0009069708,0.118260026,1.3603464,0.010520427,0.14312696,0.008502438
2.2042124,0.00028150406,3.2353516,0.12504533,13.059593,1.5503504,72.18681,4.139559e-05,12.521627,2.1250772,5.8027873,82.35559,1.0054704,0.021038307,0.0014187034,0.16276707,1.3300116,0.012800738,0.08545121,0.010263561
1.226861,0.00022501327,3.16262,0.049807314,8.762556,0.9598747,30.33736,4.0904426e-05,11.824724,2.2005048,6.0970163,57.939857,1.1931331,0.01625941,0.0009385209,0.18335907,1.4347676,0.014259047,0.044065677,0.008257359
1.1454413,0.0003209004,3.5308616,0.09232937,8.19901,1.6359183,35.20268,5.711629e-05,15.749572,3.0005975,2.5345829,76.93409,1.5965006,0.014743651,0.0012592687,0.20346439,1.2512741,0.012995093,0.1483395,0.010795614
1.28409,0.00020612802,1.6531591,0.100490816,9.061264,1.0204426,28.173138,4.861316e-05,13.886203,1.4657837,2.1406417,47.134815,0.5623954,0.010937114,0.0008015056,0.07118257,0.6028743,0.0067427685,0.09533641,0.00731268
1.2212071,0.0003001473,2.8807437,0.086653404,8.616083,1.08951,33.845516,5.5088687e-05,15.264337,1.719052,3.1157968,59.057735,0.7393446,0.024592204,0.0010449914,0.15952772,1.3315331,0.01377135,0.12631372,0.011411048
1.1369044,0.00014475336,2.500721,0.061378688,8.004519,0.833804,35.331238,3.249123e-05,7.72109,0.8695883,5.26925,63.47362,0.2351437,0.018612072,0.00019233262,0.10103644,0.9112179,0.007361598,0.04694497,0.008077809
1.1437861,0.00014678399,2.522028,0.107698515,10.263669,1.024789,40.66734,3.8986276e-05,11.266322,1.8068079,3.6488588,46.851116,0.6214916,0.019688917,0.0012176508,0.108631924,1.1165369,0.008689279,0.0821321,0.008591262
1.2752643,0.00014338735,2.1879714,0.039347377,9.444624,1.0407972,27.907143,3.8878803e-05,14.0585785,1.6615559,4.6592565,44.723003,0.5693426,0.015129058,0.0007141642,0.13207145,0.8711125,0.010510283,0.06267239,0.007576395
0.800723,0.00021954895,2.3103244,0.03249877,6.20313,1.0629063,16.014887,3.330617e-05,13.023474,1.5750489,4.5478992,45.0982,0.69886786,0.007390045,0.00076917623,0.09446485,0.9887543,0.008664095,0.048758574,0.0052741985
0.83075243,0.00020691182,1.5391608,0.012328484,7.7317486,1.52973,27.315472,3.5185207e-05,13.331142,1.8283399,1.7689214,34.0004,0.67983407,0.0023252459,0.0010667534,0.08643865,0.46009916,0.008188034,0.12176972,0.005319671
1.1811982,0.00026419738,2.1066732,0.084594436,11.319489,0.98816967,37.33908,4.6490622e-05,27.900257,1.4670823,3.8547957,36.713387,0.54462683,0.023183554,0.00096454966,0.14177419,1.1119509,0.015591118,0.119625844,0.009656014
1.4206096,0.0001849423,2.6867683,0.050236974,9.651463,1.5809138,45.17386,5.6529607e-05,13.66707,1.6895354,2.2779207,61.235508,0.4986135,0.012198096,0.00087715796,0.18021457,0.8478734,0.009555413,0.11336551,0.007484844
1.6847217,0.0002721591,2.0407796,0.117014796,10.817293,0.66857445,42.261127,5.969426e-05,14.39721,0.77737266,1.7044141,43.69621,0.3887588,0.01740253,0.00094339694,0.16549179,1.4458963,0.014348293,0.10822352,0.0101105925
0.8366194,0.00022320553,2.1216319,0.039681055,6.2795877,1.1947873,20.163494,3.7262504e-05,10.797454,1.8481231,3.1688175,40.788597,0.8274699,0.011664244,0.0012709857,0.09504894,1.028868,0.00919485,0.079857975,0.005256657
0.8796598,0.00015024997,1.8557856,0.026215952,8.521699,1.3744073,30.385828,4.079414e-05,12.779183,2.743338,1.1864777,33.718624,1.2491419,0.009193179,0.0014847,0.09567307,1.2143735,0.013143163,0.09217367,0.0056814454
1.483112,0.00015369662,1.5095387,0.053688567,9.9730215,1.180442,40.8526,4.1270276e-05,14.696189,1.1184596,4.402892,34.376,0.20462878,0.012731293,0.000693117,0.12326703,0.4405041,0.008942256,0.114174224,0.00925899
1.4842135,0.00014834951,2.3974407,0.08008875,9.914799,0.66369545,27.610918,4.9013153e-05,11.413425,0.6062969,1.0584475,44.46528,0.21489164,0.016528055,0.00095217634,0.1309626,1.1301609,0.00560416,0.07755788,0.006241618
1.0556706,0.00017302642,2.2089484,0.04654506,11.372998,1.0666256,40.88799,4.0168004e-05,18.271471,1.6278901,1.0503434,52.34173,0.7312739,0.017618297,0.0015712302,0.10773261,1.1423026,0.009966453,0.08172497,0.007661789
1.333953,0.00014882123,1.1820111,0.10447021,8.159631,0.9691252,33.889835,3.0156314e-05,13.349617,0.99071354,4.059778,29.605104,0.24167465,0.012898911,0.0004175458,0.10475652,0.3664821,0.013016418,0.130788,0.01065096
1.0064994,0.00014865215,0.84380436,0.09229856,9.125418,0.7739903,36.82934,2.6392763e-05,12.247253,1.1896441,4.891628,28.444632,0.4684237,0.010703963,0.00092864205,0.07522421,0.33555463,0.01137366,0.10789687,0.009483288
1.2756264,0.00033659363,1.8817669,0.29946986,10.390308,0.92933345,41.999615,5.0702653e-05,26.536402,2.1919544,4.5791,55.56383,1.3047067,0.016698692,0.0028551328,0.10257005,1.2075642,0.009934479,0.08074645,0.009962831
1.3463305,7.781388e-05,1.3843021,0.014387243,9.642902,1.1658843,39.52775,2.1420045e-05,8.265708,1.5419773,4.319273,31.482914,0.48765942,0.008179435,0.00039667625,0.06645246,0.44306266,0.008611499,0.05895755,0.0060513136
1.6377679,0.00014907193,1.8513093,0.052394107,10.403492,1.2152654,43.910057,4.2540018e-05,13.059764,1.1431031,4.748349,43.571495,0.2172307,0.015009585,0.0003725962,0.1562062,0.5859498,0.01026805,0.10987308,0.010551845
1.0042185,0.00017131791,1.3435853,0.033520322,8.770435,1.0135236,40.4917,2.7548544e-05,14.04182,2.472551,2.9238765,35.354763,1.0026035,0.008772113,0.0014362385,0.050118513,0.760493,0.008923871,0.08659253,0.0037365092
0.9969002,0.00037720223,1.0791929,0.11208618,8.643113,0.8831433,28.646152,4.7849633e-05,17.896189,2.1350713,1.7945167,33.18635,1.2117248,0.01104916,0.0025408757,0.04212556,0.9300778,0.009114752,0.091344915,0.0053470833
1.2135564,0.00010983847,0.8200202,0.080228396,9.564823,0.90949434,36.791904,1.8036717e-05,12.63191,1.0940242,5.5017266,26.114168,0.28894833,0.008614627,0.0002993006,0.06452348,0.22050126,0.010046964,0.10460538,0.0083803665
1.5586385,0.00013941473,2.5708673,0.039948475,10.338309,1.6552527,45.14512,4.0856696e-05,14.532399,1.7295684,3.627426,57.19937,0.47216955,0.015726887,0.000504259,0.17827913,0.659489,0.012060385,0.13367142,0.012284808
1.5868696,0.00030414705,2.272967,0.092388436,9.615596,1.0473384,38.740173,3.7083006e-05,17.216757,1.6536742,5.426806,49.352192,0.41221482,0.016067093,0.00021456376,0.10656214,0.9538696,0.008927132,0.08010985,0.003938275
1.3142353,0.00011986303,2.0522857,0.03449916,8.524622,1.2473824,34.36807,3.9656552e-05,8.561194,1.7168218,3.3030975,42.192764,0.6995587,0.013623099,0.0008608701,0.10794679,0.7029243,0.010078659,0.055608395,0.0074318983
0.942753,0.00016490367,1.3660234,0.021623341,9.776491,1.3006108,33.984287,3.7226775e-05,19.182838,1.4716593,2.981669,28.645058,0.42754406,0.010243226,0.00095339224,0.08746561,0.3537444,0.011251127,0.16177475,0.008858285
1.4285661,0.00028561972,1.9933693,0.11234885,11.074357,1.041113,47.978436,4.468327e-05,25.635021,1.9806012,4.971854,54.736797,0.7508934,0.016355336,0.0010559573,0.14539617,0.8380578,0.009428946,0.099825814,0.009998547
1.2139299,0.00030128946,2.4120266,0.15066388,8.166735,1.0519679,31.167206,5.0497692e-05,15.358293,1.7421558,3.90661,53.836117,0.72650313,0.018103797,0.0010541357,0.095863245,1.2333622,0.010353038,0.09448748,0.006252661
1.2599401,0.00033535648,1.9578576,0.10343955,9.856948,1.0113553,35.730515,4.8711787e-05,12.41829,1.94156,4.88068,38.138756,0.91558737,0.011499764,0.0011209699,0.14088358,1.1226158,0.021430759,0.074594125,0.009521852
1.4105178,0.00017945179,2.6257896,0.13246168,9.69299,0.8566395,31.917833,5.6421854e-05,14.198497,1.173113,3.0350823,45.800446,0.5339332,0.018098839,0.0018903982,0.13155761,1.4344915,0.010911068,0.078869455,0.008756905
1.5989834,0.00034400556,3.5562234,0.19620931,10.152514,0.70618653,51.734943,5.9235208e-05,15.132962,1.4745587,4.4683013,66.81499,0.83972985,0.023087772,0.0011893769,0.1794686,2.3393433,0.01564586,0.06532914,0.0083941445
1.1567498,0.00020404176,2.4764206,0.06533617,8.440279,0.97846437,40.04889,4.5066325e-05,12.327415,2.0857782,3.8686879,54.27473,0.9890913,0.0155815305,0.0013288398,0.13829225,1.2609633,0.015409101,0.10675022,0.009486421
1.156317,0.00023447644,2.1904304,0.075920194,9.55728,0.96153504,31.61855,4.737016e-05,13.326129,1.7104148,4.948233,38.972694,1.0106831,0.014389431,0.0010965264,0.1344659,1.1202643,0.013158199,0.056975614,0.00651597
1.2000222,0.00023501882,2.095947,0.07140431,9.813406,0.89302534,43.057667,4.670147e-05,13.271647,1.8833451,3.3342078,56.76447,0.7772018,0.01477005,0.0016276296,0.12836105,1.1675633,0.012159175,0.09315888,0.00917049
1.2873608,0.00029417564,2.1520042,0.31979737,9.820268,0.68224454,30.084038,5.366384e-05,14.925701,0.83524007,4.5344763,35.976364,0.48786768,0.016122758,0.0019407216,0.14986417,1.134439,0.009511881,0.06613975,0.0072751273
1.1866335,0.00011788816,1.9974747,0.023110233,7.496041,1.0781395,27.168331,3.6615216e-05,8.901962,1.4478207,3.7582636,36.629032,0.6196578,0.009978983,0.0008778762,0.09459716,0.7664287,0.008825447,0.04588107,0.006175566
0.7863374,0.00023633058,1.7886697,0.060369223,7.369027,1.314902,21.939472,3.452945e-05,23.692417,2.167797,2.0686665,46.30143,1.1193032,0.010999193,0.0017733193,0.06024625,1.0645785,0.012881358,0.1181234,0.011141245
1.447384,0.00024212956,2.170474,0.11700914,10.959767,0.7255169,48.581406,3.610596e-05,12.071884,1.5359852,4.349954,47.10612,0.6136106,0.016495245,0.0012020835,0.07469578,1.2330382,0.007509689,0.058132067,0.004875557
1.1991976,0.0001468013,2.3989193,0.07538054,8.7801895,1.0557722,23.559435,4.7763766e-05,13.216895,1.4627477,2.5720015,38.984936,0.56521684,0.017488854,0.0017983717,0.1540649,1.2136766,0.0080258185,0.06301446,0.0080342945
1.007616,0.00019623747,2.3530114,0.03607399,7.206683,1.7392297,25.375237,4.6568006e-05,9.051673,2.478144,2.5426283,43.033596,0.83123875,0.01459653,0.0013912503,0.08913158,1.2228378,0.011523801,0.061741326,0.008070792
1.0681169,0.00033029247,2.9512746,0.1374381,11.496738,1.5569736,36.68359,6.466171e-05,35.906685,3.032326,4.357216,59.057453,1.0719439,0.018807825,0.0016588978,0.20975733,1.1625684,0.014118983,0.1041301,0.0129350955
1.4801639,0.00015912291,2.0950155,0.07516539,8.63091,0.6157733,34.075775,4.3565775e-05,10.255589,0.74247247,3.1426637,44.10259,0.34161222,0.017452708,0.00034967528,0.19872735,0.80941546,0.01760938,0.11909663,0.011576013
0.97396326,0.00023186413,2.5146227,0.024599798,6.2298765,1.1166012,24.136396,3.4667817e-05,16.918806,1.7040089,2.994601,55.220573,0.54482776,0.0068516964,0.0006066865,0.10144974,1.3671108,0.009613888,0.086603545,0.006541008
1.1505169,0.00014677842,1.2027379,0.05640353,8.949961,1.1754249,24.49616,3.5691293e-05,16.508013,1.9204993,4.0850606,29.736279,0.848125,0.00746783,0.00072015583,0.06693367,0.45050043,0.005699756,0.050064858,0.004662068
1.1587691,0.00010802663,2.1504362,0.100395806,8.007225,0.9150372,19.294567,4.0807703e-05,10.394035,1.4058051,2.7849073,34.166927,0.63524365,0.014579254,0.0018313489,0.11898852,1.128929,0.008432696,0.051213957,0.007546664
1.1332638,0.00023851648,2.4153204,0.05598535,9.721068,1.0527189,28.786161,4.8980182e-05,14.99662,1.3805101,3.6052458,47.730904,0.521843,0.015300138,0.0006932084,0.16182281,0.9436446,0.016905038,0.14281243,0.012150172
1.0204005,0.00019102596,2.3015494,0.033240452,7.907367,1.6695465,26.771242,4.6441997e-05,9.394827,2.3904335,2.712024,41.15981,0.7686175,0.014876624,0.0015291387,0.09315519,1.3251715,0.011361902,0.05763212,0.0075166314
1.0967772,0.00035500288,2.984826,0.1758148,10.956862,1.7492816,36.081444,6.794646e-05,38.04773,3.3714557,4.4910755,58.947617,1.3160403,0.01772738,0.0019054519,0.1991425,1.1960235,0.0128116775,0.108562164,0.013311152
1.0343927,0.0002515683,2.9761455,0.0767199,10.152697,1.2046056,40.385864,5.273789e-05,21.091206,1.8806163,5.0910726,58.489902,0.83123523,0.012811416,0.00196282,0.16191334,1.2804494,0.017605247,0.09649141,0.01095515
1.13662,0.00015890152,1.8057564,0.04345145,11.958029,1.1073341,42.800217,3.1206728e-05,22.238136,1.6534925,2.7507467,43.353844,0.5215331,0.014285204,0.000961348,0.06908012,0.9297887,0.009950818,0.09729427,0.006594166
0.85586256,0.00019005834,2.7599807,0.04567109,6.6968617,1.3624151,22.357357,4.7507026e-05,12.889967,2.224778,2.9351752,46.688904,1.003591,0.011163963,0.0014988076,0.10442243,1.2737259,0.011558834,0.12340023,0.008887071
0.8189962,0.00029133772,3.110486,0.050436378,7.9855995,2.013813,27.558601,4.2923806e-05,19.393715,3.4973402,3.6320739,71.39522,1.6916692,0.00922306,0.0013946536,0.16339949,1.0421695,0.015908426,0.13551073,0.010001168
1.0706986,0.00040183985,4.054252,0.19489495,10.790892,2.2215767,39.07216,7.3782794e-05,44.1906,4.29859,4.7717896,76.56119,1.6336455,0.020481996,0.002008768,0.24214877,1.447476,0.013196276,0.123878114,0.01580991
1.1030763,0.00024423614,2.9162598,0.07256048,10.35701,1.2982846,37.17392,5.088079e-05,20.0195,1.8336781,4.9148684,56.279076,0.716199,0.013381141,0.001586378,0.17212586,1.3140928,0.0187161,0.104308434,0.0116420975
1.2810036,0.00027659207,3.2498078,0.087493636,10.005459,1.4059274,37.858192,5.6533892e-05,19.346,1.9606525,3.509563,68.85216,0.79980016,0.015293511,0.0014731021,0.19566907,1.204191,0.013384746,0.103540726,0.011763081
1.1553466,0.00016230061,2.8227103,0.028987555,9.717207,1.0397135,28.784988,3.885858e-05,15.18485,2.0245912,6.8742533,50.977043,1.0079051,0.01317312,0.00084539806,0.15585557,1.3055854,0.0100685675,0.039838072,0.0069674873
1.2080034,0.00017914338,2.1679945,0.08111189,7.2745523,0.95980537,15.534325,3.391117e-05,13.384855,1.2125081,2.5733647,43.38853,0.3060438,0.015206873,0.00031194725,0.10443674,0.92594343,0.012180073,0.09736593,0.0076975785
0.78981525,0.0002536881,1.5595498,0.045210376,7.3684754,1.0709487,17.53029,3.840305e-05,14.574162,1.6967208,1.8881674,32.684364,0.92336947,0.00879191,0.002184427,0.053950608,0.97839016,0.009014639,0.06666615,0.0059838463
0.6493761,0.00026373664,2.882299,0.09360138,7.9302826,1.3388795,23.690798,5.1990155e-05,18.37413,3.111584,3.7181718,43.260834,2.531084,0.01779199,0.0027280957,0.11918237,1.2926865,0.01612932,0.10325988,0.010668064
0.7876992,0.00022156916,2.181345,0.03750187,8.253287,1.6355108,26.703165,4.5249566e-05,14.717259,3.245275,3.4173028,43.64969,1.70973,0.010581074,0.0014676735,0.09583125,1.3496121,0.014376157,0.095586516,0.0072900094
1.2900814,0.00027429647,4.0287867,0.094748996,10.351939,1.5313027,38.13532,6.420202e-05,22.743353,2.297514,2.8663337,77.06233,0.84728855,0.02294397,0.0020377662,0.20243128,1.8608552,0.01698847,0.12371792,0.013948489
1.0257512,0.00014024186,1.595998,0.042917095,7.3533425,1.0183072,24.222033,3.5810306e-05,8.620706,1.4961771,5.271817,25.750523,0.61823756,0.00819808,0.00044618602,0.14190283,0.378828,0.008383499,0.060933057,0.007240388
0.8032603,0.00020933436,2.6085682,0.03758127,6.806132,1.0822121,19.32983,3.523249e-05,11.985963,1.6611646,4.5134535,53.877712,0.71743447,0.00872803,0.0007158126,0.12049622,1.1313308,0.010317055,0.05574606,0.0060082795
1.2374958,0.00010138285,2.1603463,0.06392466,8.425487,0.8003051,26.203726,3.9448376e-05,14.877997,1.0421404,2.6930525,47.885876,0.31885117,0.019228948,0.00066347554,0.1550599,0.9635987,0.012617889,0.10794222,0.012750072
0.75604075,0.00022349796,2.3858318,0.03281008,7.223884,1.2396805,20.519741,3.741518e-05,15.395685,1.8573538,3.1207936,58.83701,0.7800983,0.01101178,0.0011050169,0.12045774,1.1478877,0.011618429,0.08726261,0.008327287
0.7006486,0.00018441869,0.84160835,0.011419623,5.2756715,0.6835332,11.715597,3.34182e-05,18.263943,0.7852666,0.76921934,32.09993,0.23984623,0.0058915494,0.0007047151,0.10219237,0.32977965,0.01301431,0.1312931,0.009606294
1.287861,6.785178e-05,1.9646808,0.0762511,6.446458,0.69710433,18.799334,3.1310043e-05,11.779261,0.82984823,3.5812,39.670544,0.17408857,0.014547898,0.0006229742,0.061957758,0.79454964,0.007011692,0.04120843,0.008508995
1.2434613,0.00033244202,2.8741245,0.10895719,6.476951,0.99834913,35.627594,4.7910235e-05,27.838846,1.6988188,3.6995828,63.362823,0.4795161,0.015393098,0.0008555667,0.13771935,0.90268034,0.011978579,0.11886639,0.009708114
1.0865701,0.0002321033,2.3792462,0.041027855,7.801761,1.3752848,29.308226,3.8957478e-05,15.751618,1.9134375,3.7443414,50.15396,0.6283374,0.010897401,0.0006282387,0.14624095,0.7559962,0.011826821,0.118629955,0.008128134
0.7585422,0.00030339247,2.3809972,0.04725932,5.3180475,1.3668351,18.556402,3.4957797e-05,18.196367,2.2212403,3.7296216,61.78844,0.8571463,0.015002626,0.0013498246,0.08349529,1.0461876,0.011712173,0.08858947,0.009769388
1.2616302,0.00020940794,2.0764608,0.04953234,7.3237243,0.80457973,25.934412,3.679003e-05,9.6502695,1.5183495,5.105273,38.43706,0.69799274,0.014337975,0.00084457867,0.10998207,1.0295566,0.01066605,0.041948035,0.004684768
0.9734871,0.00026636626,1.8175323,0.066199325,5.233726,1.0544614,25.827202,4.578766e-05,20.318066,1.9533987,2.9099197,35.72384,0.8713121,0.0053463085,0.0016351854,0.08703582,0.82223034,0.009443118,0.093829885,0.0052690506
0.91457427,0.0003032959,4.261998,0.042876724,5.4818206,2.3849328,23.021152,6.4167485e-05,17.751873,3.3024359,2.1255682,83.03978,1.1086886,0.014773519,0.0014793599,0.14306696,1.6875159,0.01596743,0.1245689,0.010685376
0.7478389,0.00023352196,3.7046027,0.04664259,4.86285,1.8652548,17.855904,4.3313306e-05,15.826756,3.3149004,4.2309833,77.30844,1.3421336,0.010491358,0.0014582382,0.10358459,1.5742456,0.015036936,0.07273423,0.0061835498
1.0163338,0.00018172023,2.4509015,0.060318407,5.151818,0.9579256,26.41391,4.4521435e-05,11.30386,2.1017652,3.8736358,49.28369,1.2561381,0.015504382,0.0016120985,0.12675688,1.9768449,0.014263041,0.0868468,0.0075808167
1.1084563,0.00017707306,2.5545287,0.094031006,5.7302704,0.9961006,25.596016,3.99211e-05,10.256651,2.3316967,3.96708,53.28078,1.3793119,0.016325919,0.0011581202,0.1303908,1.7758337,0.0108357705,0.096121155,0.007795412
0.9376763,0.0002728962,3.3894305,0.04340961,4.954646,1.3003986,19.26602,4.173924e-05,18.635906,2.8764622,4.444416,67.899796,1.2303869,0.015899371,0.001165457,0.11189305,1.4301324,0.011600822,0.08137008,0.006147328
0.96240175,0.00031978125,3.7775733,0.09772037,5.671321,1.2562727,26.150663,5.7961628e-05,18.94666,3.0936465,3.0152354,73.57687,1.5916419,0.012079683,0.0021275403,0.11877964,1.5706751,0.009575685,0.1129059,0.0068984185
1.0028456,0.0001984765,2.7428343,0.064597026,4.9681945,1.2859257,26.436094,3.6469595e-05,17.747034,2.686972,3.0015464,52.2735,1.1817453,0.0076966844,0.0013672484,0.10088109,1.0162812,0.009711931,0.074721314,0.0057446416
0.905422,0.00030569552,2.2467048,0.040831286,6.3115644,1.2411883,22.771286,4.2006584e-05,19.617558,2.006158,3.2772193,64.47576,0.98858726,0.01094193,0.0020576608,0.06851077,1.6284643,0.01021635,0.088210985,0.0083614215
0.8691955,0.0002627219,2.6152906,0.048321433,5.2582436,1.1292065,20.700457,4.2935455e-05,12.6967745,2.5118024,4.998231,51.9782,1.2926246,0.012950288,0.0015572265,0.105609804,1.6678501,0.010729486,0.061288115,0.004090056
0.773032,0.00021014831,3.5576591,0.040967323,5.2234445,1.4909084,19.55018,4.084336e-05,16.332048,2.6259167,4.964728,69.09959,1.1802968,0.010900706,0.0019895544,0.112053476,1.6310763,0.015690396,0.062060993,0.0069224164
0.9877076,0.00028098785,4.191337,0.023693316,6.1489425,1.6002829,21.43434,5.4673208e-05,11.979872,2.806711,2.257114,78.857994,1.0970743,0.007168376,0.0011242207,0.1090488,1.7802529,0.009865066,0.10443764,0.007370538
0.8296397,0.00020530331,3.75774,0.05058249,6.1081715,1.5788442,20.129911,3.5459507e-05,16.414091,3.0215802,4.4369707,80.67731,1.2781737,0.0100972,0.0011431063,0.10517962,1.5001901,0.013003698,0.06716926,0.0060934154
1.8937621,0.00021438414,1.1740999,0.118558876,9.244733,0.7505871,39.042267,3.36376e-05,15.943462,0.9457838,3.72016,32.493446,0.34553465,0.014322082,0.0007184729,0.08142589,0.47335258,0.009441033,0.086096704,0.008343701
1.4021485,0.00019017165,1.847221,0.09988337,9.950919,0.749933,44.84366,5.5424713e-05,9.720445,1.7542584,3.5711558,43.519997,1.0495585,0.010478984,0.0024556003,0.15971813,1.0919875,0.010436439,0.09442767,0.011904507
1.6836076,0.00028744995,1.5201782,0.07304154,6.980753,0.8140528,33.514473,3.572535e-05,21.367542,1.2255585,4.1766076,32.807983,0.44168195,0.010555573,0.00044656458,0.10347645,0.54545766,0.0114185335,0.080313236,0.0064431806
1.6459972,0.00020197152,1.6588525,0.08269495,7.3789873,0.88610387,39.006237,4.9722286e-05,20.902536,1.0262873,3.451337,38.041576,0.16622211,0.01774629,0.00081638957,0.13857533,0.48953128,0.010960757,0.12597167,0.012883519
1.3580598,0.00025313953,2.220975,0.06261155,8.949487,0.98402506,40.58663,5.5446682e-05,9.256149,1.6909019,2.91921,45.260647,0.9031823,0.012130983,0.0013373084,0.20403674,1.3284687,0.018663537,0.10871555,0.01246548
1.533274,0.0003546361,4.371145,0.09094663,6.78088,1.038222,34.764095,4.9493046e-05,13.934568,2.1935544,3.6086953,78.56791,1.1383464,0.024240725,0.0014196688,0.19319631,2.5748386,0.016654344,0.058403462,0.008559668
1.1295812,0.00029126828,4.1481004,0.11115504,6.9212956,1.8920616,30.722546,6.386653e-05,18.331537,3.738901,3.951217,75.12032,1.8747988,0.017610505,0.0016944059,0.20723659,1.6620092,0.019083172,0.12682927,0.014994249
1.2124686,0.0002130213,1.3893852,0.065546446,6.114844,0.90958464,23.89527,3.2330994e-05,8.784191,1.4644247,4.9985485,31.886969,0.52994436,0.01070271,0.00053755176,0.0736634,0.5855594,0.008202947,0.0711796,0.00371963
1.6182225,0.00018431715,2.2508516,0.089756094,8.686861,1.0931538,39.31564,4.0637235e-05,10.605344,1.8978612,3.4971154,49.599686,0.72096765,0.018220436,0.000870021,0.13326398,0.7894653,0.011507893,0.083072506,0.010302427
1.3727589,0.0002472363,2.092974,0.07630441,6.7980123,0.8088155,34.488705,4.0122013e-05,20.075447,1.287144,5.1896777,46.704453,0.39329618,0.012478363,-8.734894e-05,0.13426779,0.77009326,0.017706282,0.094846494,0.009515325
1.2616085,0.00016648426,4.1528845,0.05403546,7.2853284,1.9324342,36.264797,4.935092e-05,11.817169,3.4177082,2.972609,83.15321,1.118838,0.016866744,0.0011224089,0.13520575,1.5830433,0.00821507,0.0893631,0.007795934
1.0947927,0.00017381209,5.1050715,0.07194108,6.8810368,2.5865886,29.496925,4.7178528e-05,13.814089,5.1606774,2.3804283,116.01294,2.152208,0.012710951,0.0011542315,0.11530016,1.7870225,0.008730586,0.10924079,0.008217903
1.3649713,0.00013837533,3.5860648,0.051005214,7.9178715,1.6524985,38.771164,4.470514e-05,11.101779,2.693038,3.330176,73.27905,0.82954633,0.016750962,0.00065288105,0.14132293,1.257876,0.008474514,0.10564272,0.008356778
0.956818,0.00012988271,2.8359644,0.035035342,7.178263,0.5754799,26.961533,3.8587208e-05,15.205041,0.5457707,3.121302,60.620773,0.052177094,0.011258531,0.00077080325,0.13344556,1.3758531,0.008182998,0.08126886,0.007913742
0.8824756,0.00015800864,3.1774924,0.027998315,7.3272343,1.2489092,29.382622,4.4868437e-05,12.937909,2.0150511,2.6468964,65.50968,0.82362694,0.012643091,0.0010947471,0.09918216,1.5803052,0.01149516,0.10307655,0.0074162227
2.3614209,0.00018106177,3.8128102,0.06421967,11.3175955,2.1324878,66.46355,4.8888032e-05,14.935419,2.1482189,5.6387877,79.91263,0.7009961,0.012706698,0.0010262829,0.15529424,1.2150334,0.0083365785,0.1218544,0.006601358
0.8211626,0.000199505,2.3582067,0.026695888,6.959419,1.1426799,25.964088,4.1904634e-05,12.200022,1.7892581,1.7560837,46.776295,0.7524829,0.009040371,0.0014247185,0.08989951,1.2319417,0.011383505,0.09349383,0.006720344
1.1410934,0.00023604631,1.62524,0.0540692,7.2001777,0.66013587,25.884386,3.8260132e-05,9.87542,1.0910681,5.2685328,31.550186,0.46292594,0.012872169,0.00058499177,0.093017206,0.7070822,0.00851849,0.0434166,0.0047093485
0.9456457,9.97457e-05,1.8795159,0.044885576,7.33232,0.54489523,34.66696,3.0795236e-05,9.880616,0.5800467,1.6185412,44.702133,0.12820314,0.015938826,0.00090664555,0.09808803,0.57548696,0.008355865,0.08811449,0.011848498
1.1977153,0.0002426353,2.010679,0.10769699,4.745752,0.90126306,28.0914,5.3883854e-05,20.432566,1.6172397,2.3791234,38.85413,0.5929225,0.0048712483,0.0014910965,0.078378245,1.0185843,0.010032267,0.09222266,0.006982423
1.2162325,0.00017501056,1.9322708,0.056425128,7.3835773,0.99266154,33.428616,3.9685598e-05,12.486412,1.7830454,3.572846,43.48607,0.85184056,0.008730116,0.0007150502,0.08677754,0.88475084,0.010186497,0.09068841,0.0062266714
1.2917918,0.00014406694,2.1290634,0.08485604,9.498368,1.2145108,36.23928,4.642086e-05,23.495092,1.2162446,5.4771824,48.184937,0.39412883,0.015143466,0.0010106767,0.121373214,0.7519915,0.009533293,0.14371769,0.011984307
1.3507714,0.0003065477,2.34941,0.11279096,8.009659,0.84274656,35.670303,4.4434804e-05,14.038597,1.5964477,5.8577228,41.608086,0.63633937,0.015230857,0.0008155188,0.099650495,1.0015087,0.008360056,0.061109815,0.004748127
1.552808,0.00020266979,2.4098935,0.071099214,6.5269613,0.9012657,31.903343,4.8867554e-05,13.23384,1.4126344,4.618849,40.902786,0.99250007,0.01044911,0.0012103916,0.13363983,1.5770067,0.015748916,0.07835434,0.0076816464
1.2900867,0.00025313743,3.1149023,0.06322934,7.0658245,1.7527977,32.920017,6.108317e-05,14.918457,2.689829,2.3634684,62.7544,0.9151098,0.011911669,0.0013766042,0.111563325,1.2001848,0.007957656,0.109793626,0.006365233
1.3562639,0.00025016896,1.7486862,0.06275441,7.7720547,0.8898575,34.25952,4.9239497e-05,14.492681,1.3183055,3.8069026,36.16804,0.43916467,0.009362379,0.00092522515,0.09818051,0.60460573,0.0076475153,0.075171724,0.005966339
1.4222378,0.0003191231,4.330151,0.06593961,9.0106535,1.5067639,40.166824,5.474479e-05,14.26204,2.761915,3.9974623,76.37632,2.081098,0.024670132,0.0019222549,0.16884096,2.568777,0.010096613,0.073572226,0.0064546363
1.412886,0.000319879,5.2766657,0.06441208,7.3276978,1.906824,37.90301,5.905887e-05,15.915561,3.5745404,3.7906513,93.7285,2.686685,0.022780916,0.0025073043,0.1716032,3.1777973,0.014338826,0.064868815,0.007512113
0.9122998,8.565681e-05,1.5855933,0.01747775,7.010507,1.1102496,31.91696,3.0127598e-05,11.444558,1.3790745,2.4793293,34.7299,0.37508443,0.005384379,0.00054648914,0.1020627,0.38290262,0.0081159575,0.109562695,0.007571989
0.8108638,0.00016600579,2.2535532,0.025212845,6.476949,0.7714709,23.784834,3.8445676e-05,12.649207,0.98813176,1.291003,49.2484,0.33532554,0.009170443,0.0011552332,0.08648766,1.1248326,0.010360193,0.09099075,0.007159181
0.811928,0.00014817725,2.0687988,0.020418795,6.3680353,0.7451621,23.793245,3.5982768e-05,11.904543,0.9961108,1.4315135,41.547165,0.35862514,0.006632181,0.0012016038,0.077414386,1.0589325,0.008228495,0.07566122,0.0058484124
0.92568904,0.00012424415,2.3925674,0.023003398,8.291617,1.0739757,32.462463,3.3682933e-05,14.335801,1.4685916,2.7658124,51.952084,0.5519835,0.011660455,0.00094125123,0.118352026,0.9939985,0.011277121,0.08082051,0.008946946
1.1075306,0.00024735625,3.901273,0.058558285,6.190023,1.9018818,23.988262,6.230989e-05,14.598098,3.3929083,2.8929467,72.19135,1.7189906,0.01600925,0.0014703062,0.119363755,1.7202444,0.011816994,0.08059973,0.009125512
0.8154181,0.00028648408,3.0700758,0.0767747,4.5433702,1.1927301,18.710014,4.5707504e-05,17.156214,2.3821628,2.6471403,59.99648,1.1146607,0.014756399,0.0017632523,0.08881408,1.2569795,0.009263767,0.11329916,0.0066144103
1.2649037,0.00028880048,3.9964535,0.110628165,5.876629,1.108337,36.27465,5.082829e-05,34.478485,2.2053554,2.488983,91.107346,1.2012554,0.022915704,0.0014470972,0.13025555,1.6237836,0.014878393,0.08464481,0.012013283
1.2900416,0.00026429753,2.8892787,0.07546774,7.5072675,1.157774,36.830284,5.7329256e-05,12.8609495,2.1270294,3.8873217,58.787838,0.93806046,0.010173819,0.0014364815,0.13899268,1.0202057,0.008549302,0.08402548,0.0073651606
1.0518699,0.0002841131,1.9942178,0.04591149,6.991201,0.9666358,27.071905,4.2032425e-05,9.398454,1.5293981,4.4156303,42.825462,0.6262622,0.013092014,0.0011455169,0.0931302,0.98062176,0.00732003,0.054954022,0.0045168446
0.7612351,0.00024359973,4.0242944,0.042199798,4.734401,1.941325,12.204558,4.84526e-05,17.247433,3.0815804,3.9944386,83.496475,1.119459,0.008609213,0.0012446188,0.07848232,1.3588301,0.010402071,0.089426756,0.006574754
0.94735605,0.00019301039,3.45168,0.048148353,5.235456,0.93461293,26.201273,4.2130654e-05,11.574978,2.45072,3.6118748,66.85434,1.474492,0.017580183,0.002027099,0.11160691,3.0602365,0.011487195,0.06060265,0.007116441
1.0035825,0.00026322805,4.272597,0.036287796,8.318163,1.8543235,27.507458,5.2503674e-05,11.519884,3.115778,2.6270409,84.43359,1.7692071,0.007639668,0.0024115464,0.10588148,2.72313,0.0078049935,0.06838634,0.0063960357
1.4861815,0.00022281359,1.4716175,0.09682843,6.5889254,0.6907006,31.466103,4.269235e-05,11.391831,0.985815,5.4012237,32.23595,0.3459996,0.012954729,0.0006396954,0.10101584,0.67305386,0.009881872,0.05102594,0.0060484502
1.0058576,0.00011698639,2.3987148,0.05126387,7.0712214,0.6236418,32.47785,3.593195e-05,12.623662,0.64143413,2.9179437,54.07414,0.13095076,0.014563588,0.0010810631,0.12705973,0.9164503,0.0063587204,0.08691851,0.008866499
1.353751,0.00012803408,2.7429745,0.062322,8.948411,0.8482536,33.919495,5.628915e-05,10.354164,1.025306,2.0072374,49.61937,0.40616363,0.017704604,0.0010484745,0.1391847,1.1892705,0.012938011,0.10532959,0.0102077685
1.203267,8.389917e-05,2.7134182,0.044968028,8.63021,0.57269466,32.34202,4.0504117e-05,13.780588,0.5494307,1.9794668,53.00856,0.10849962,0.016073205,0.00093047996,0.14769198,1.3682843,0.011214552,0.11903521,0.010581683
1.6542394,0.00022492425,2.0757625,0.15773797,8.968571,0.7313217,45.965366,4.101033e-05,14.041741,1.0818313,4.848847,49.057186,0.5466634,0.015573166,0.0008773928,0.16452183,0.80813766,0.016419884,0.13741717,0.013129716
1.5276809,0.0002607392,2.1836927,0.22575814,7.5672708,0.91268784,36.817455,4.670697e-05,11.165161,1.4444469,3.6087914,49.116314,0.6204507,0.019925524,0.0007400234,0.17353952,0.69884425,0.0137760695,0.13592981,0.012797439
1.2731048,0.00014191198,2.2805095,0.06581444,7.6633883,0.9491784,35.407303,4.7033845e-05,8.327859,1.4669114,3.2884574,46.869152,0.7661512,0.015771424,0.00070777547,0.12827538,0.86453843,0.013721229,0.112958446,0.01167915
1.4905922,0.00039341807,2.2398226,0.20132412,7.0279083,0.967027,40.280376,5.057899e-05,13.281299,1.736684,4.774141,45.657578,0.7986703,0.01614618,0.0011355844,0.118685804,0.8748695,0.012190795,0.104875304,0.008360516
1.6211562,0.00022489499,1.9399743,0.16629553,8.367207,0.7117274,40.60012,4.7700887e-05,11.655756,1.1179495,3.9803596,42.75122,0.543856,0.017026428,0.0008874223,0.17347012,0.7724663,0.016332481,0.14143467,0.0135618495
1.2978814,9.277858e-05,2.7370203,0.045985505,9.221151,0.6872877,36.357666,4.593631e-05,11.861714,0.70147276,1.8030794,52.686424,0.22599599,0.016948348,0.0011482019,0.14297569,1.3928311,0.011095088,0.11601197,0.009682427
1.5243118,0.00026424672,3.1120944,0.09914699,6.7579427,1.0851102,32.409084,5.1551822e-05,15.442664,1.906378,4.365301,58.60615,0.90486205,0.018027097,0.000870695,0.1627744,1.3666692,0.016311359,0.107715786,0.010099241
1.3050895,0.00023620322,4.5750647,0.0763056,7.292346,2.147842,36.064922,5.782106e-05,11.538288,4.0691695,3.1834123,89.11688,1.462455,0.01983073,0.0018286767,0.15657356,2.053444,0.010491665,0.08157576,0.0073640198
0.8545149,0.000401918,4.17738,0.059895962,3.932648,2.1642148,13.1297,6.400613e-05,11.767179,3.1992457,5.0460086,62.86064,1.2911156,0.0075599914,0.0012742649,0.1004187,1.6694165,0.012384637,0.083669595,0.0042039393
1.2553697,0.00026246175,4.842836,0.09099731,6.7273397,2.1264746,32.875355,6.006832e-05,11.357873,4.6309304,3.5251346,90.53776,1.83294,0.02055433,0.002064715,0.15894729,2.3999677,0.011478561,0.075833924,0.007341024
1.1046218,0.0003643022,4.739826,0.07603852,5.164535,1.4868784,20.330269,6.5285036e-05,9.214789,2.5694773,3.618886,79.229355,1.1770416,0.013701201,0.0014111823,0.13019526,2.1979928,0.013163946,0.066019066,0.009098505
1.3584412,0.00014486886,3.5381973,0.052640837,7.310016,1.7095599,35.644653,4.305408e-05,10.229225,2.943544,3.6008518,72.574066,0.9312644,0.016162105,0.0007207932,0.13955098,1.2164153,0.008593454,0.09684753,0.007732482
1.0719187,0.00033457816,2.574606,0.086870335,5.1227026,1.021418,33.27104,4.6275243e-05,17.173447,1.9586657,2.4192135,52.805836,1.2287097,0.01312707,0.0012371484,0.11597308,0.8659392,0.0145586915,0.07605245,0.009102064
0.8614359,0.00028198617,2.6301556,0.06103917,4.763533,1.6442451,24.01533,3.644711e-05,15.996545,2.6792896,2.8509185,53.86373,1.0896224,0.012173404,0.0009717598,0.095412225,0.69663686,0.008947132,0.075395815,0.005736882
0.9733791,0.00033138288,2.0725942,0.23788089,5.3991756,1.0754313,26.142027,5.4221513e-05,20.498262,1.7327694,3.7738674,39.78526,0.6173749,0.011309502,0.0013055132,0.09411214,0.7680424,0.0119059505,0.13308056,0.0129053155
1.2682505,0.0002656091,1.9247842,0.0668705,7.235054,0.77243793,32.57489,4.1227406e-05,11.500573,1.3907806,5.8680086,35.37788,0.4732545,0.0114182355,0.0005846489,0.08556736,0.7818015,0.008451544,0.055170823,0.0041157203
1.4242318,0.00027416705,1.8694893,0.08392039,7.469906,0.69284767,37.90827,4.1597763e-05,13.554043,1.2626121,6.1875405,34.92493,0.45175272,0.011143948,0.00047400143,0.09111035,0.8135053,0.010184246,0.05659042,0.0041646548
1.6588359,0.00024666768,3.6628342,0.065581284,7.669025,1.5147613,46.966366,6.0270617e-05,16.008532,2.5058775,4.3207407,61.046772,1.2320826,0.011429987,0.0008541264,0.21362376,1.5690632,0.018659066,0.10618556,0.010027508
1.0339527,0.00023488022,2.8128908,0.04562525,5.6869392,1.0497495,25.808876,4.8831498e-05,12.969946,2.1713808,3.7382646,55.004326,0.9536882,0.00883161,0.001307199,0.12541316,1.2200549,0.009247133,0.06954325,0.0053834035
1.0217967,0.00027423765,2.7055855,0.039843813,6.2833333,1.252068,26.637796,4.619025e-05,14.198624,2.1953664,3.6372678,58.090267,0.8030362,0.015211662,0.0010435409,0.12313492,0.8817319,0.009750979,0.07477496,0.006780671
0.89427745,0.00025396948,2.6638138,0.059580352,4.2650924,1.1771134,17.074713,4.6475867e-05,12.807489,2.1436634,3.1805263,53.268646,0.86825764,0.012635685,0.0015942492,0.08842153,1.1425383,0.008757233,0.09118277,0.0059748483
0.8859049,0.0002741856,2.671399,0.06773746,5.0635495,1.1359968,21.823961,3.9578186e-05,14.173076,1.9661252,1.6457206,50.383778,0.77498895,0.014818904,0.0017961706,0.08399976,1.1070807,0.010423705,0.11905179,0.00716463
0.73134875,0.00026446796,1.9838005,0.034170594,5.370585,1.2571034,18.254797,3.028307e-05,18.937712,2.093237,3.9892786,53.333984,0.8605752,0.009347179,0.0012154331,0.06589905,0.91787076,0.009164514,0.07580586,0.008059823
0.7840923,0.00036908273,2.4522512,0.07264612,4.1824126,1.1507133,14.7135315,3.693651e-05,15.9647665,1.8827394,3.5893383,70.29295,0.6901732,0.020862978,0.0011521281,0.07304351,1.2902255,0.012713699,0.07686466,0.011837074
1.4672854,0.00028948605,3.6896858,0.07810297,6.179085,1.2501162,34.88662,5.688579e-05,14.828954,2.463428,3.9267688,65.27329,1.6715822,0.017250098,0.0016340826,0.17734323,2.3840766,0.016687397,0.08040332,0.008083203
1.4116344,0.00031933433,5.278271,0.06411185,7.265505,1.9079708,37.712887,5.9238664e-05,16.024616,3.6403947,3.800128,93.840706,2.6953127,0.022556312,0.002529351,0.17205606,3.2038834,0.014366539,0.06353863,0.007405991
0.78125507,0.0001626117,1.5192082,0.02812125,6.6116867,0.8488893,21.566553,3.880581e-05,12.420112,1.2399299,1.3574973,31.601427,0.5336252,0.008195683,0.0012514283,0.09845379,0.8044121,0.015405478,0.102641344,0.008932333
1.2642025,0.0002296086,1.8988001,0.04177625,6.9533353,1.141798,34.63495,4.487132e-05,15.922088,1.9034058,3.5117912,37.76511,0.6186111,0.006437287,0.0008667245,0.07885372,0.6363592,0.007824036,0.08931227,0.004946981
1.2363224,0.00020110207,3.4016783,0.045490835,8.715022,1.5537672,35.114376,4.398045e-05,13.846622,4.2930284,4.63929,62.89879,2.1417243,0.011236158,0.001619925,0.13846712,1.4618291,0.013098378,0.055285316,0.0068424237
0.8657061,0.0003542683,3.6608324,0.082120754,4.7473516,1.7192235,19.007935,4.74976e-05,16.201664,2.644945,1.5884843,81.31471,1.0099531,0.016779574,0.0016339105,0.09943268,1.3302463,0.01061118,0.14078845,0.008814799
1.2713703,0.00029562635,3.8888903,0.1017948,5.633457,1.060602,33.717003,5.1898987e-05,34.257652,2.162387,2.4160202,88.958336,1.2354301,0.023174843,0.0014493986,0.12497681,1.7073528,0.013880102,0.08184524,0.010862687
0.7306288,0.00021670721,3.6161244,0.034899116,3.243651,1.1735414,12.421879,3.9795876e-05,12.602379,1.867662,3.3274405,73.501236,0.7932781,0.010594791,0.00071480905,0.07433296,1.7855201,0.010628705,0.0903725,0.00748286
0.8165554,0.0002783529,3.3562891,0.05498075,4.48973,1.5500288,16.581156,4.1636336e-05,15.062758,2.9528623,4.07572,69.525055,1.1887215,0.014103004,0.0011384588,0.10237458,1.1644319,0.010446578,0.08122069,0.005811173
0.76816744,0.00025705545,4.2148275,0.034294035,4.6502495,2.1238225,22.119085,5.8550497e-05,21.103151,4.49097,2.8087726,76.1121,2.573285,0.00894131,0.0019995687,0.12594791,1.8650749,0.02032651,0.10775497,0.009133196
1.0861605,0.00034564844,3.5214324,0.09128503,4.8668933,1.1870478,21.576036,4.2768515e-05,21.3353,2.7373128,3.1548083,71.57046,1.2033004,0.027170613,0.0016241827,0.105391845,1.4400976,0.01137865,0.071566604,0.007298473
0.86883926,0.0003054831,2.9727297,0.073462375,5.0995584,1.3374004,23.157402,4.3112424e-05,15.529287,2.5456696,2.067726,58.156223,1.120859,0.015153819,0.0018448221,0.099181265,1.1063843,0.010665757,0.11588545,0.0066550816
0.9196451,0.00027293645,2.9597025,0.05759268,4.5151353,1.1467545,19.814096,3.6983616e-05,16.453413,2.338032,3.6896334,60.637356,1.0488293,0.012796171,0.00096789264,0.108348325,0.9295199,0.009486333,0.07575244,0.0061985566
0.7005214,0.00020932719,3.6748202,0.034375895,3.615318,1.6825876,12.284371,4.7906677e-05,16.39079,2.7883294,4.289947,72.33481,1.2055163,0.0070912554,0.0011448397,0.07998909,1.4074682,0.012266222,0.08249492,0.0072456775
1.6241521,0.00021077807,2.1437435,0.1011969,7.957403,0.73675466,35.325134,5.2117917e-05,10.440879,1.4776787,4.1822762,39.744434,0.8053198,0.016314562,0.0015387686,0.14057103,1.043968,0.012012031,0.045538645,0.009356054
0.9070902,0.00022099925,3.523424,0.06830981,8.435326,1.5212404,32.645237,4.939516e-05,19.47126,3.2456326,1.9919207,66.59495,1.6764864,0.014641827,0.00230889,0.110079266,1.7326026,0.011036766,0.099162966,0.0077222562
1.3623942,0.00024426644,2.3477848,0.081729114,8.562615,1.1799264,37.04249,5.1928855e-05,14.7583685,1.8495405,4.035615,49.73153,0.7389206,0.0117185395,0.0013214512,0.117371544,0.7738173,0.006649159,0.081377774,0.006820829
1.2733839,0.00019015298,2.5794737,0.090179026,7.253881,1.3243309,29.43512,5.1843268e-05,16.843018,1.9417521,2.8381968,55.821873,0.6772031,0.010757435,0.0013404273,0.10227922,0.8287155,0.0065654074,0.11607454,0.0061621363
1.324168,0.00025934612,2.0915203,0.08851812,7.5334926,0.8697476,33.498226,4.6655565e-05,11.088399,1.4384767,5.7432694,38.36496,0.6392966,0.010182597,0.00090397184,0.11332718,0.85764414,0.008521347,0.05937868,0.0059167705
1.0621817,0.0001524839,2.129822,0.037365884,7.503943,1.4671596,32.736454,4.4291453e-05,12.406103,2.6129463,3.6770182,45.673744,1.1204172,0.0076177283,0.00090309605,0.08889791,0.770414,0.008472632,0.09849426,0.0062135104
1.6427423,0.00028479268,2.79945,0.19613993,6.027848,1.0829986,31.67656,4.9824135e-05,15.674515,1.6249094,3.9039536,54.376057,0.78877693,0.021779032,0.0009441244,0.1486854,1.2317164,0.018809775,0.1335431,0.011843565
1.3475858,0.00032255668,1.685331,0.11833562,5.7776275,0.776229,27.671185,4.013887e-05,8.521062,1.2499022,5.775641,36.513924,0.40144563,0.016776904,0.0003802404,0.106343,0.63887924,0.010030213,0.065965325,0.005841075
1.4302018,0.0002616249,2.7039704,0.16283853,7.2331553,1.1479806,34.37536,4.6919067e-05,10.802489,2.1409028,4.313101,57.083855,0.8876617,0.020350195,0.0009478986,0.17454,0.96861833,0.0153695475,0.09434267,0.010813931
1.1915247,0.0003089715,2.6687045,0.119377404,6.361489,0.9073847,28.491997,5.2245257e-05,13.150255,1.8031758,4.114878,52.48149,0.9462552,0.019964427,0.0016075927,0.12559415,1.4173414,0.014743682,0.063756615,0.008368992
1.5439111,0.00028889024,2.884048,0.142695,7.324361,1.0488249,41.53617,4.5625897e-05,13.264635,1.473742,3.9189901,58.684845,0.77317727,0.01798182,0.00096847664,0.14855644,1.2103235,0.01706771,0.122735254,0.011832199
1.4799249,0.00035507252,2.9905303,0.06866319,8.917131,1.5417166,42.135323,4.419547e-05,8.127272,1.4761368,0.85939497,58.443974,0.25920147,0.030974552,0.00150193,0.10455428,0.63643396,0.0065387394,0.104402594,0.006128129
1.5094448,0.0003504955,2.933329,0.073484145,8.870623,1.5392667,42.350327,4.567925e-05,7.6248364,1.4120927,1.1562945,57.57029,0.21648318,0.03253563,0.0016259414,0.10380785,0.6465059,0.0064074798,0.10438262,0.006126515
1.4494107,0.00035653662,3.1242936,0.07000627,9.1402855,1.567145,42.53066,4.3579592e-05,9.941789,1.5937618,0.33083853,61.25452,0.34426466,0.028965617,0.0014337111,0.11112238,0.6368481,0.007507063,0.10680593,0.0064531304
1.5376341,0.00036618664,2.7966034,0.08310286,9.156955,1.5715675,43.80887,4.8088335e-05,7.491065,1.4040492,1.5741184,55.931046,0.2073165,0.034600656,0.0018057891,0.11123778,0.67137617,0.006014259,0.09757694,0.00611624
1.4950838,0.0003463918,2.9949617,0.069858946,8.8677225,1.5276148,42.218193,4.4675668e-05,7.8821907,1.4586091,0.9096452,58.627583,0.24650894,0.03098,0.0015389674,0.10240926,0.6368132,0.0066458415,0.10696449,0.006203285
1.5506303,0.0003691365,2.8035533,0.08258489,9.507527,1.642299,44.95572,5.1740444e-05,7.7777185,1.3955394,1.6262718,56.703636,0.19250569,0.035830807,0.001957278,0.11969427,0.7058351,0.0058186767,0.09793883,0.0063025956
0.91666704,0.00027874333,6.8786817,0.0689209,7.0192204,2.785847,32.003754,5.7009605e-05,11.3191185,6.4814744,2.563242,127.446884,3.5628412,0.015313269,0.0036846567,0.15620323,3.8878314,0.009729758,0.072216414,0.0055792984
1.138324,0.0005028231,6.210203,0.121341884,8.054813,2.650957,44.435966,7.2967494e-05,14.237328,6.9073205,4.6344695,109.77894,3.6868656,0.014374395,0.0028379862,0.18271737,3.4387548,0.01428586,0.074502006,0.0065240124
1.4149617,0.00029875714,3.7350917,0.07776141,10.304726,1.4668727,45.57332,5.4942902e-05,8.983924,3.6973836,3.7217188,69.3045,2.294272,0.014806543,0.0027373002,0.16119139,2.3797073,0.0111536365,0.06473301,0.007317173
1.2233073,0.00036719776,5.5601296,0.14585866,8.045846,1.888878,38.81884,5.2569987e-05,8.041303,5.6915374,4.5371976,102.814514,3.440242,0.013641475,0.0038322823,0.17424452,3.4088867,0.009806026,0.06735852,0.0076864357
0.96755916,0.00028974033,4.0412416,0.09062062,4.6493006,1.3537245,17.426748,5.7010082e-05,10.769508,2.7913187,3.568587,67.079956,1.4184867,0.017686678,0.0024363718,0.09556232,2.2082853,0.012351752,0.0610349,0.009112405
1.5241691,0.00031383897,4.0484095,0.13423568,8.606437,0.960733,41.309124,4.823828e-05,12.549108,2.441982,3.724704,80.943634,1.472307,0.0325201,0.0024940588,0.12444182,2.6891134,0.011457946,0.05578108,0.011178925
1.1692303,0.00025371538,5.252617,0.0931315,7.1047196,2.278055,30.879797,5.252198e-05,19.582417,4.5364876,1.4161755,129.18932,2.2409143,0.018690499,0.0009209603,0.12073998,2.2469068,0.009545602,0.12204602,0.00879007
0.8185262,0.0001005076,3.1529632,0.040141754,4.2351785,1.5078888,13.467252,2.947104e-05,6.2522235,2.3720784,2.5018718,69.07892,0.62907207,0.010472206,0.0005240938,0.08165524,0.86073315,0.009973836,0.13536373,0.008340523
1.1232868,0.00026829692,3.5544124,0.0522218,5.355412,2.0301569,35.1715,4.7497273e-05,12.044116,3.671562,4.6143646,67.84339,1.6917988,0.0038545704,0.0002799029,0.11274033,1.2077922,0.010545493,0.06300189,0.005790192
1.1216195,0.00031532897,8.508644,0.060758658,6.369348,2.094576,37.203625,6.1120205e-05,13.523779,6.0362725,3.833147,150.37889,3.1532817,0.021125615,0.0030184486,0.24241488,4.608936,0.012810609,0.08653851,0.011541912
0.8859984,0.00039447294,6.847941,0.05646099,6.8928714,2.763178,35.226803,5.824768e-05,10.515714,7.3731046,3.0254233,116.76457,4.485779,0.013078922,0.003654454,0.16790745,3.672143,0.012595477,0.07292039,0.0075059794
1.4550207,0.0003241344,4.268441,0.09210983,11.43178,1.4482551,52.29217,5.398437e-05,10.314932,3.6896899,4.0648637,85.67041,2.1068742,0.017321486,0.002445508,0.171345,2.504532,0.013304992,0.068434946,0.0083841905
1.3005626,0.00017305608,3.8805714,0.06943907,8.308296,0.61410075,48.02969,5.9138656e-05,8.859949,2.6268594,4.1082144,76.857574,1.9218956,0.016536597,0.004188099,0.19722359,2.6159272,0.009899797,0.04688765,0.012520853
1.3266941,0.00028713842,4.1920557,0.083561845,7.5235157,0.96538526,31.543882,4.319871e-05,9.961784,3.0307376,4.6875825,80.894356,1.692727,0.017676251,0.0016767267,0.22500701,2.1093042,0.018830683,0.10071648,0.014430229
1.3556728,0.0003527592,5.264146,0.08237542,7.4451222,1.3392942,44.420525,6.3879364e-05,12.357956,3.1664488,3.0322034,108.79304,1.4794159,0.019392077,0.00214561,0.2138424,3.1634617,0.011514811,0.08631348,0.007946949
1.2171398,0.00014490316,3.6845384,0.051775586,6.7219205,1.3273379,30.09607,4.477228e-05,9.777998,2.6027932,2.7808805,70.49955,1.2416152,0.016001571,0.0015354323,0.08310257,1.8303642,0.00913906,0.055252057,0.006514006
0.8217158,0.0001664974,3.8101385,0.031378757,5.708315,1.9167014,15.033143,3.631088e-05,6.2231216,2.9759488,3.5594308,81.664795,0.9501502,0.008869847,0.00083430955,0.08891327,1.1015993,0.008384885,0.119554065,0.006366855
1.2243216,0.00029421464,4.4316216,0.072338864,8.016221,2.0549645,41.926838,6.584287e-05,9.379323,4.671477,3.2445893,83.45119,2.6084833,0.0141779715,0.0027655668,0.14578345,2.6877291,0.011120279,0.05694274,0.006749905
1.3303667,0.00032372362,4.010116,0.09256917,9.23711,1.1766346,40.757942,4.9656985e-05,10.253765,3.2997844,4.300755,77.549034,1.9410076,0.01647551,0.0022836623,0.17168507,2.4049838,0.014041165,0.0715056,0.009163474
1.4641666,0.00022747612,4.0503855,0.07011339,10.054107,1.2583592,48.5169,5.014075e-05,10.061492,3.0367723,4.084156,81.708206,1.5722933,0.016439263,0.0016959611,0.15068795,1.9901636,0.012579768,0.065057084,0.008536545
1.1383469,0.00026898884,5.2543964,0.11246397,6.3966017,1.3125163,29.487183,5.678671e-05,13.9807205,4.7576556,4.002575,113.83774,2.626568,0.020322196,0.0026878796,0.19664332,2.938866,0.017456962,0.08695674,0.012849608
1.4143806,0.0003417948,4.2887626,0.1299284,7.3842263,1.2412226,36.261486,5.549388e-05,13.032036,2.4236665,3.1585722,93.73002,1.2353112,0.01756632,0.0019217834,0.22849903,1.66769,0.023524025,0.10342824,0.01591307
1.4078054,0.0002983895,5.5224233,0.06859721,10.340905,1.4618996,49.707485,6.1868974e-05,17.515867,3.2171948,3.634612,112.37922,1.637112,0.01861069,0.0015168572,0.31832433,2.0258243,0.02574395,0.11077137,0.01933657
0.9262524,0.00015176965,2.136742,0.015930312,7.5223765,1.6398242,28.872816,4.179913e-05,12.038259,1.5204759,2.0973263,46.18793,0.4738324,0.007147119,0.0013268825,0.09894349,0.6084804,0.008324898,0.12663992,0.0075065806
1.1832774,0.00035063754,5.956946,0.052230075,6.8922434,1.4750254,38.07234,6.404224e-05,10.94871,3.6275113,3.0169086,114.83337,1.9681559,0.020541621,0.0024494156,0.22727495,3.2802632,0.011065192,0.08407546,0.0071484023
1.1861812,0.00013376483,1.3498328,0.054268736,10.23651,1.1494818,36.141106,3.2156735e-05,17.61057,1.6552881,3.5324028,34.59288,0.5825758,0.01106346,0.0011246884,0.0750269,0.46271873,0.008782585,0.105859876,0.009179309
1.1861812,0.00013376483,1.3498328,0.054268736,10.23651,1.1494818,36.141106,3.2156735e-05,17.61057,1.6552881,3.5324028,34.59288,0.5825758,0.01106346,0.0011246884,0.0750269,0.46271873,0.008782585,0.105859876,0.009179309
1.7434189,0.00023282782,3.315099,0.11488657,9.2211275,1.3708619,54.254158,4.677292e-05,14.172432,2.27297,2.6903512,74.86409,0.8278413,0.020698307,0.0005547886,0.14934818,1.1925423,0.012593367,0.14693853,0.010690397
1.5391017,0.0002421203,3.0595691,0.09548887,8.59883,0.9448179,32.686783,5.8077254e-05,11.988839,1.6015897,4.2388134,59.225903,0.646268,0.017601756,0.0010050618,0.14227241,1.7933091,0.014983416,0.055721235,0.007994076
1.1550142,0.0002954626,5.541311,0.0542242,6.8676333,1.8708789,34.04327,6.320199e-05,17.26751,3.24647,3.1043224,100.1645,1.8806429,0.015606106,0.0013684954,0.16710785,3.0274265,0.014149896,0.10935037,0.008330888
1.6446267,0.00030378756,6.5765095,0.09074411,9.167511,2.0402255,56.399334,6.3085594e-05,23.493761,3.1989155,2.7950773,157.76276,1.494251,0.021840308,0.0017744496,0.2208348,2.827302,0.017243301,0.2269476,0.01280138
1.2512715,0.00018831888,5.8727202,0.05712555,6.7445235,2.066215,34.136787,4.9129892e-05,12.858634,3.7218719,3.251383,138.90176,1.4461739,0.01699466,0.00078968663,0.14793226,2.275558,0.011128155,0.12642862,0.010961801
1.2213656,0.000104038445,2.5266979,0.070849426,9.773522,0.75714856,40.741817,2.795618e-05,5.9995217,1.0627148,3.7600183,60.64407,0.5474538,0.01469017,0.0008984284,0.09277319,0.851892,0.009825086,0.06127161,0.011891715
1.1830524,0.00011796573,4.181545,0.04297605,6.0344424,1.6717002,29.226097,4.1084648e-05,11.546854,2.873532,2.354952,82.66666,1.2107908,0.017249385,0.000892172,0.097589575,1.5144252,0.009142328,0.11906927,0.0096512735
1.550301,0.00016006778,2.8628142,0.04239845,11.75664,1.2311096,52.382248,3.7592014e-05,9.89255,2.6574109,5.5959325,54.408558,1.4152869,0.010114731,0.0014640273,0.13168353,1.3351314,0.01282133,0.04402181,0.007928581
1.5355654,0.00012436768,2.1956174,0.07466844,11.284379,0.5361005,42.20617,4.0054965e-05,8.302157,0.47539067,1.1911912,48.90963,0.2038111,0.020206986,0.0009156361,0.14601682,0.86643946,0.005958801,0.06178855,0.008929337
1.0534722,0.00036303,3.473761,0.10349995,9.271741,1.1626402,35.299664,5.1587216e-05,11.597992,2.0321512,3.1195307,72.26753,1.0321318,0.015855476,0.0006887054,0.19800945,1.5089215,0.0144862365,0.08137517,0.0090061845
1.6796201,0.00015729251,2.6070814,0.08952522,9.316992,0.725899,34.717903,4.0290437e-05,11.437807,0.92481416,3.4359627,52.82478,0.30642974,0.017744973,0.000106488966,0.14877047,1.1576535,0.009105215,0.05665415,0.0075644027
1.4116012,0.00012664738,2.6070185,0.058600307,9.892097,0.72341704,39.5281,3.613414e-05,8.166805,0.8121798,1.8843776,60.33154,0.39911354,0.020337967,0.0011745426,0.09948652,1.0219536,0.004508819,0.053095147,0.0074107167
1.5281715,0.00019624588,3.3141901,0.059901666,12.950287,1.2610801,42.680904,4.754432e-05,15.048949,2.3721664,4.753117,65.262024,1.097696,0.022526352,0.0014075036,0.18245144,1.5587463,0.011287998,0.046082243,0.008617699
1.2879657,0.00016650002,2.6676226,0.06672563,8.668353,1.4525124,28.324604,3.983385e-05,12.255307,2.972053,4.8370013,51.571487,1.2431265,0.013152401,0.0014431486,0.10348496,1.1617582,0.0122826835,0.06630146,0.0077568567
1.2272508,0.00033130206,3.7431154,0.15341777,7.872757,1.1054778,38.7091,5.278094e-05,10.140283,2.6045318,3.0337627,86.82611,1.1593012,0.02213364,0.0023858708,0.17874834,1.6934915,0.015975846,0.11100269,0.013241596
1.2970928,0.0002808192,3.802669,0.102552064,7.5253024,1.0656587,38.580814,4.517963e-05,10.956822,3.3562515,4.621983,84.38358,2.0651531,0.013798721,0.002558514,0.20083849,1.9165027,0.014269836,0.069818564,0.013488328
1.1737927,0.00033014585,4.3291225,0.14706047,5.6749606,1.2732893,25.686024,5.184205e-05,17.01836,3.391032,3.3959432,94.20026,1.8963103,0.018213177,0.0025095954,0.2072592,2.6338797,0.01943592,0.14953354,0.016155276
1.1958477,0.000355953,3.6229336,0.16109107,7.2477183,1.2309825,34.62078,5.3455446e-05,10.059594,2.5846953,3.2969303,81.40216,1.2029179,0.020580364,0.0022132308,0.1855951,1.6302996,0.017105052,0.1118566,0.012891995
1.1869619,0.0002736628,4.4601674,0.11707856,5.4255514,1.616258,28.890167,6.497913e-05,14.596904,3.7735226,2.7112978,91.327705,1.7548726,0.020645726,0.0027426237,0.17146961,2.2908142,0.018480076,0.10869117,0.011107888
1.2805924,0.00026752532,4.278354,0.073759094,9.350587,1.1721334,45.361847,5.239319e-05,10.031146,2.687227,2.5572555,77.55615,1.4689527,0.018515969,0.0018376913,0.19754137,2.386526,0.010826263,0.073278904,0.0064870324
1.2856585,0.00023214394,4.823388,0.057650227,5.65597,1.1262072,19.67444,5.194541e-05,12.706416,1.7138408,3.5743406,90.635376,0.8848657,0.027260548,0.001947465,0.1448044,3.2967682,0.0074641085,0.028591938,0.0048200875
1.3276839,0.00042408681,5.105378,0.09898699,10.162405,1.2994338,47.122868,6.0866216e-05,9.05363,3.6018736,3.9555361,98.918,1.807844,0.017402183,0.0022035835,0.23430453,2.9442105,0.014761359,0.05190466,0.011497392
1.5673436,0.0003949544,6.3547626,0.3259429,11.563663,1.4234247,55.053158,7.424944e-05,14.592939,3.7546594,2.8869503,131.61978,2.5175252,0.035233054,0.004342691,0.23562427,4.340449,0.01618524,0.06874613,0.0155375535
1.2422179,0.00033870293,4.913094,0.03960769,9.740985,1.344965,42.06984,6.844663e-05,15.149229,2.5389163,3.4739864,118.53759,1.4012232,0.036513604,0.003183013,0.16855451,3.3930936,0.0033201112,0.05910669,0.0037021257
1.8891376,0.000243774,3.0688353,0.10228825,12.403131,1.7989612,67.71387,5.3224234e-05,17.822275,3.0828204,4.317696,88.46386,1.261953,0.020790702,0.0017153906,0.13894118,1.4431424,0.0127866315,0.1620827,0.011960453
1.5242769,0.00024076347,3.679897,0.099368,7.1107435,0.9385889,42.14469,4.061132e-05,8.76321,2.197488,4.2864413,79.381744,1.0884473,0.01808348,0.001465029,0.14299534,1.9624614,0.012258682,0.10518422,0.008902719
1.173203,0.00030159528,4.188103,0.074343175,7.8662434,1.4095167,36.339966,5.5345023e-05,7.693478,3.4304347,3.6481655,83.30837,1.8318489,0.011552602,0.0026092783,0.15957679,2.7818005,0.00970343,0.07060839,0.0054287612
1.2021207,0.0001914377,4.0547795,0.077616945,8.564493,1.2019222,40.480064,4.752946e-05,7.7032766,1.9437072,1.9925737,103.007645,1.0435617,0.025892265,0.0010382838,0.14303653,1.4909115,0.009561655,0.10467164,0.0118779065
1.0293165,3.873461e-05,2.4248142,0.027443325,6.5568824,0.83150315,23.446747,2.929013e-05,5.3450446,1.1842728,3.0813806,52.17184,0.39904293,0.012792574,0.0003176113,0.0850341,0.8319801,0.006922252,0.07315646,0.0100762695
1.5187441,0.00018262093,3.2883613,0.084502496,9.064572,1.3600951,34.49309,4.794267e-05,8.9121065,2.2555254,2.909558,68.914894,0.9073738,0.017305242,0.0020062504,0.16754386,1.2191508,0.005721538,0.07849066,0.008903251
1.388992,0.0001485162,4.330601,0.0465842,7.610658,1.7991245,44.081924,5.3806085e-05,8.244795,3.7103093,3.4064124,75.91838,2.0074842,0.017426029,0.0019750365,0.1375726,2.034657,0.0087291235,0.067083806,0.006497276
1.4358469,0.00024634888,3.9586709,0.1268527,8.866399,1.1547723,44.830135,4.9250484e-05,10.124894,2.499314,3.5574646,79.35523,1.2297876,0.01859261,0.0018048864,0.20250896,1.8338174,0.01581063,0.08775496,0.012747909
1.1772276,0.00025528844,4.3253794,0.09951684,9.370897,0.88750356,48.163746,5.0578812e-05,11.294416,3.5861397,4.9698167,80.65556,2.7184253,0.01578689,0.0040987944,0.2069643,2.7783663,0.015073041,0.05621659,0.012421359
1.3363662,0.0003652737,4.5378437,0.0884974,7.8885536,1.3952627,42.58087,6.158242e-05,10.604356,3.0648215,2.4898148,88.00092,1.4711984,0.02664839,0.0019493845,0.2032181,2.3134806,0.009370129,0.09489191,0.0082586305
1.4233184,0.00024059249,4.3498755,0.0870879,10.030387,1.1290965,49.03825,6.0511473e-05,11.377611,2.7405705,3.8889737,83.71304,1.5297891,0.02522739,0.0023954879,0.19336112,2.2818644,0.015348313,0.07273674,0.01292559
1.3042748,0.00037599655,5.829774,0.096433744,10.424896,1.2909901,52.00141,7.687403e-05,11.496684,4.062864,4.686191,99.25274,2.6708155,0.026421804,0.0045663305,0.2710668,4.390613,0.011654919,0.02729102,0.0127624925
1.1576436,0.0002946753,4.9211698,0.14119287,5.573439,1.3010278,24.256672,5.9870108e-05,11.50059,3.8185523,3.6596203,102.41816,2.0587938,0.022538897,0.0026288414,0.14592612,3.7421677,0.0155732045,0.05164786,0.009351379
1.0780451,0.00021157892,2.9243498,0.029285586,6.8382807,0.8042236,26.461336,4.1439147e-05,9.293166,1.3101968,3.1754034,55.151863,0.5154285,0.016888948,0.00122272,0.13007572,1.5192931,0.010879939,0.051566966,0.0066544055
1.2166681,0.00025381517,0.9672095,0.10694111,12.926093,1.3092568,51.27236,3.449694e-05,18.20492,1.896697,3.6290612,44.814194,0.6847167,0.015803529,0.0009143864,0.088649206,0.3481889,0.014434968,0.15404215,0.012529507
1.1779784,0.00047660148,5.0529256,0.088103645,10.830568,2.7135441,43.78217,9.298049e-05,18.89213,2.708046,2.8460908,108.16541,0.89366996,0.017146232,0.0019252204,0.27362064,1.370874,0.019536737,0.11579208,0.015914228
1.1852512,0.00037553042,6.8364205,0.118935965,7.876784,1.9792614,29.626701,7.313871e-05,17.742462,4.593679,2.822099,150.2083,2.2133493,0.028609127,0.0032013683,0.24670538,3.6035206,0.0149698835,0.09447607,0.012325702
1.393882,0.00023158648,3.6648161,0.13185933,8.484119,1.0133061,37.471474,5.28317e-05,19.085075,2.7575731,3.2867975,92.69883,1.5681789,0.021025509,0.0024625682,0.1990364,1.8591979,0.01625691,0.096161805,0.015325367
1.2199161,0.00045129374,7.550053,0.09930099,9.149254,1.7187247,36.84177,7.213282e-05,19.996588,3.7753685,3.0672789,198.20064,1.1655102,0.02874127,0.0019125498,0.2628856,3.680925,0.014358334,0.10366249,0.011332649
1.2871602,0.0005638847,9.050895,0.07074643,12.144864,3.2617927,46.46181,9.947895e-05,18.997547,4.7359104,3.6928298,187.36525,1.7645636,0.020732818,0.0024685643,0.35642582,2.9396045,0.01219951,0.12055937,0.010846413
1.3477713,0.0005345222,7.6075726,0.15341306,9.299744,1.9829842,36.02543,8.2963044e-05,26.653696,4.17341,3.1519096,171.1178,1.5126865,0.03200782,0.002121896,0.3108691,3.4913142,0.018700533,0.10689226,0.010497425
1.3226852,0.0007715322,5.572508,0.22058454,9.115403,2.2987406,43.293396,8.890322e-05,17.774935,3.7337735,4.543911,94.98759,1.4913588,0.032037538,0.0021464594,0.22193927,2.61538,0.019748135,0.09834425,0.00894731
1.2241533,0.00030871693,4.756677,0.10856759,7.022105,1.2686759,29.486385,5.9787508e-05,14.717125,3.478901,2.823594,98.56564,2.5698054,0.021075418,0.0033373346,0.2097753,2.8650727,0.010822141,0.06893007,0.011261424
1.3053131,0.00049447716,6.1167955,0.16116826,8.826222,1.7163142,36.52985,7.593306e-05,25.272717,3.3243024,3.3075807,148.50429,1.3726829,0.026636507,0.002041614,0.3142844,2.5156898,0.020591427,0.097132474,0.010841737
1.0247045,0.00026219693,4.182515,0.08388931,6.530934,1.2629036,30.279028,4.3342992e-05,9.080057,1.9166983,2.0423713,86.00194,1.0815462,0.016803568,0.0020028786,0.080262795,1.8154242,0.00810518,0.07967223,0.008702147
1.1309184,0.00023664813,4.8851266,0.06913526,7.341721,0.9292275,36.01222,5.82104e-05,11.697174,3.9079537,4.7665954,114.41215,2.1213331,0.022148078,0.0030413787,0.20630662,3.470818,0.012204104,0.021701565,0.008806022
1.093225,0.00029351373,5.1025147,0.031605307,7.8545947,1.8465568,33.885075,6.944187e-05,23.457914,3.320798,4.6336627,123.54405,1.3197922,0.012469043,0.0011098792,0.19938673,2.0516334,0.019793497,0.08609617,0.008018913
1.3157845,0.00035838012,6.4420996,0.10700125,7.3117194,1.6364563,36.571697,7.415704e-05,13.0695915,4.475291,3.6449704,123.35089,2.5088296,0.026531236,0.0038003465,0.2240759,4.2619815,0.01132443,0.044359997,0.010367762
1.1569699,0.0004632757,4.918928,0.041949753,10.888929,1.580929,40.208298,4.9419505e-05,23.514673,2.4109929,5.2985063,104.3369,0.82954437,0.013800654,0.0006029062,0.22833304,1.898592,0.016937492,0.053751465,0.00602857
1.2841007,0.00026224984,4.502094,0.10120268,7.457274,1.2946485,35.710392,6.21282e-05,17.796976,3.1640673,3.4863124,96.515335,2.1392686,0.019180685,0.0033260726,0.21704344,2.490577,0.010510906,0.061982386,0.010880526
1.5917274,0.00031295774,4.24021,0.19570561,5.840562,1.3443589,26.831453,6.160569e-05,13.91981,2.764242,1.4707438,84.25551,1.7087699,0.03444514,0.0018231155,0.1720675,2.059296,0.013076751,0.11325179,0.010122018
1.5680321,0.00025736826,4.036298,0.1297366,8.912944,1.3330984,37.865887,5.0629427e-05,20.872625,2.6210694,3.6437566,90.79937,1.3751544,0.023697216,0.0015721583,0.17028803,1.8555663,0.014290588,0.09440249,0.010041005
1.3721979,0.00031321685,5.152995,0.101397075,10.27298,1.3023783,44.639374,6.407126e-05,20.13706,2.7031267,4.172804,130.77953,1.2286816,0.022627339,0.002539701,0.25081867,2.4252892,0.01744725,0.09739583,0.013950643
1.3139908,0.00055616023,10.202675,0.09368948,9.765826,4.2236133,40.87392,9.859481e-05,16.269194,6.284977,3.4304652,192.98376,2.754277,0.03408208,0.0022909886,0.33568016,3.4069395,0.010328711,0.10732008,0.012593869
1.3604146,0.00021114257,3.3964794,0.084195115,7.1825705,0.9615615,36.474068,5.3762953e-05,16.793951,1.9624971,4.089896,74.97713,1.2905241,0.020512724,0.0033963392,0.14579925,2.4701393,0.009223514,0.046089984,0.008926742
1.180857,0.00043325225,5.469712,0.075395375,8.739629,1.8038712,36.1821,6.941746e-05,15.557039,4.1793966,2.9495304,110.896416,2.9099839,0.02466064,0.0031828128,0.24585707,3.2021363,0.011402688,0.10713096,0.008637051
1.4068027,0.00036889373,5.828395,0.14052771,6.851352,1.5874052,29.650246,6.905476e-05,20.800076,3.7326272,2.2220278,109.495026,2.2871897,0.032428112,0.0024989895,0.2459242,3.0000253,0.014039242,0.11964842,0.010803018
1.3446958,0.00034219297,5.57641,0.10689011,9.598984,1.6023734,46.122517,6.61164e-05,11.520687,3.7667255,3.5215075,128.82632,1.7440507,0.022057889,0.00284478,0.22396608,2.7271411,0.011113116,0.09374806,0.012165486
1.3694686,0.0003557461,3.5947673,0.05263303,8.935082,1.3931304,40.11783,4.4984983e-05,10.064219,1.8030955,0.31213674,69.11159,0.55551183,0.029115254,0.0014676849,0.117461994,0.9498813,0.00764464,0.10865394,0.0069111064
1.338225,0.00035353293,4.0303693,0.048709318,8.810878,1.4315842,39.212727,4.4787514e-05,10.720573,2.0049098,0.3476431,76.95977,0.67677885,0.027902024,0.0014299194,0.12250653,1.0827811,0.008018975,0.12276788,0.006993483
1.3623261,0.0004566326,4.6979914,0.09784954,7.7980094,1.3614058,42.892147,6.762086e-05,10.693966,2.9459043,2.4451482,96.48615,1.3211851,0.028357219,0.001946201,0.24067263,2.1283746,0.010090892,0.113883704,0.011111904
1.428291,0.0003012985,4.460497,0.119309925,8.153973,1.1518437,38.734863,5.999272e-05,13.157209,2.4684727,2.9666615,91.183334,1.3580977,0.019979725,0.0020428235,0.23530206,2.0590105,0.021134585,0.10892298,0.01612357
1.2647872,0.00025494522,3.8569055,0.08815264,7.5313554,0.9578689,34.828075,5.849086e-05,9.49842,2.1402383,3.4102256,78.83232,1.1288627,0.018369345,0.0020077433,0.21459292,1.9206705,0.015162381,0.08347351,0.0133539885
1.2351614,0.0003205126,5.406471,0.050327733,9.113112,1.8176187,34.56818,6.834451e-05,14.26626,2.990729,3.5665615,109.50267,1.4425503,0.024066921,0.0011479765,0.20288573,2.9450736,0.014070316,0.06389991,0.009181691
1.2913821,0.00028631627,4.8307652,0.088996366,9.424354,1.7165048,43.05244,7.308488e-05,13.052581,4.5971837,2.8043091,102.29269,2.7962904,0.022886224,0.0041494644,0.17758304,2.3151345,0.007450919,0.06461567,0.010741127
1.3675014,0.00039300215,4.8553624,0.07671855,9.548257,1.2787843,49.414978,6.2089006e-05,9.251862,3.2584803,2.8319354,96.06639,1.6149853,0.02601038,0.0021844015,0.22224692,2.4186907,0.009839627,0.07822779,0.01307408
1.4150649,0.0005079456,5.3561378,0.060732283,10.801859,1.1261985,56.949486,7.454727e-05,10.402979,2.9108589,3.0303776,106.5304,1.338898,0.029855024,0.0023336606,0.26174176,3.1954522,0.008397044,0.068004,0.010401464
1.0302893,0.0002444694,4.0565414,0.035320524,5.047755,1.2835568,20.319733,4.9088656e-05,10.124013,2.2820408,2.4727607,74.65452,1.0149095,0.015096951,0.0012996763,0.13092981,1.9195498,0.010389917,0.058000144,0.0063121775
1.0751612,0.00032283203,9.914278,0.02587818,9.105403,3.7893128,51.11593,7.356421e-05,19.403181,9.060115,4.5379806,170.473,4.744801,0.017869335,0.0056223534,0.23867373,5.297355,0.0088957315,0.04893277,0.009314182
1.2621388,0.00023446043,3.2520564,0.07778052,8.355761,1.023405,33.88016,4.038708e-05,8.327442,3.16045,4.8461456,61.84451,1.528296,0.012551885,0.0016589786,0.16090824,1.6846774,0.013280703,0.07049317,0.008765412
1.3089665,0.00036720827,4.7284775,0.080506146,8.152388,1.3669252,44.306698,6.108129e-05,10.256737,3.1456337,2.38759,91.80907,1.536139,0.027521208,0.00227462,0.20997858,2.4184947,0.009261342,0.08334673,0.010489152
1.2683392,0.00034391863,4.9682236,0.08888324,9.820745,1.022616,45.618633,5.977328e-05,8.405222,3.416548,3.2038918,95.7756,2.1874762,0.021635449,0.0027306764,0.2522379,2.4218342,0.013081598,0.08130825,0.016847368
1.273406,0.00028763915,4.896845,0.043600816,7.2789416,1.3243546,39.47873,5.7786052e-05,10.6478815,2.8987641,2.852247,95.8919,1.266285,0.02109872,0.0019017095,0.18089011,2.852696,0.008297104,0.061683103,0.007450622
1.0706477,0.00035409178,10.744444,0.027712198,9.074351,4.325202,51.72285,7.650023e-05,21.267555,10.224376,4.625784,178.61687,5.1001186,0.017627269,0.0053336965,0.2459825,5.4158306,0.009876188,0.055265836,0.009334565
1.300344,0.0003021571,3.9524016,0.06917347,6.995317,1.0722859,37.231377,6.115226e-05,8.436871,2.2441683,3.5090146,82.330536,1.0638179,0.021159712,0.0018494236,0.1882757,1.9152219,0.00840629,0.074278735,0.008958932
1.2043214,0.00024516042,5.3914123,0.059237085,8.152484,1.6211374,37.712162,5.7058794e-05,12.127791,3.5326514,3.242999,97.39132,1.8054655,0.01569678,0.0025076424,0.17639291,2.5197878,0.009295453,0.05991525,0.0090869
1.1803102,0.00027792444,4.272028,0.05710576,7.6438384,1.5157871,42.46381,5.3962034e-05,10.57276,3.4538867,3.7799647,81.27735,1.8463985,0.016596474,0.0022509107,0.19942832,2.2034206,0.011907079,0.0768645,0.011122651
1.4454092,0.00028428703,5.2156935,0.14034979,7.824529,1.6877137,40.919342,6.738531e-05,13.972027,4.0663056,2.589831,115.643105,1.8219677,0.030920161,0.0033053162,0.18531133,2.2790027,0.010556491,0.10552819,0.014110191
1.3318529,0.00030093547,3.1124785,0.08357154,9.548509,1.1469599,37.766964,5.6674864e-05,13.717963,2.6312342,3.474637,66.40933,1.3175575,0.017179498,0.0018950081,0.16434963,1.9835541,0.016367503,0.06738301,0.010072657
1.1781329,0.000284043,3.3176482,0.090231605,7.4574513,1.3087491,33.41847,5.993095e-05,9.212102,2.6384618,3.649728,61.69702,1.3496009,0.024833485,0.0016692738,0.14232399,1.8680335,0.0088892495,0.063547716,0.0055855946
1.2103107,0.0004503065,4.0114555,0.07498336,6.813595,1.2967451,29.093107,6.172414e-05,19.67123,2.2106862,3.578248,91.15791,0.62483275,0.02240554,0.00103528,0.15523621,1.2362082,0.009181238,0.12461501,0.007282281
1.3461585,0.00035216633,4.1939707,0.0654913,9.162026,1.0088103,51.979103,7.1926e-05,11.068509,2.58711,4.2152276,87.58176,1.4179366,0.014785457,0.0015215309,0.22660986,2.3282588,0.010105818,0.066738114,0.009540784
1.4265485,0.00032612932,4.9448156,0.064750426,10.891848,1.1142614,48.930847,6.554433e-05,10.894167,2.9188628,4.3147173,106.71521,1.4464295,0.014019461,0.0017032708,0.24976958,2.769248,0.009090773,0.06064858,0.009522787
0.9221128,0.0002653064,2.7226903,0.080669746,9.518265,1.1067625,35.853954,4.854573e-05,19.891365,2.3440406,4.6926913,59.71083,0.89013046,0.012874758,0.00072284264,0.16917446,0.90275526,0.0136140855,0.07717376,0.010607144
1.230547,0.00030369562,3.3464978,0.10624671,7.7867737,1.048768,36.952026,5.4312888e-05,9.638881,2.3296008,3.3995817,67.93726,1.2155695,0.016916782,0.0017771149,0.18296763,1.6742278,0.015719507,0.09438937,0.011411962
1.1852593,0.00027351314,3.9565134,0.06942458,7.9394116,1.119737,46.147327,5.2137184e-05,6.358601,3.4663153,3.5002863,76.68077,2.3691275,0.009784091,0.0012701803,0.16392222,2.100401,0.013969833,0.07183051,0.0077869548
1.4324918,0.0001779955,3.482268,0.082808554,7.93021,1.1462477,40.00551,5.0457933e-05,10.506815,2.1339421,2.5255094,69.74482,0.88240546,0.01487197,0.0010152509,0.15236112,1.6507679,0.010801431,0.0807584,0.007372637
1.1608078,0.00043034976,12.377446,0.09421465,11.014299,3.023671,37.150253,8.2335166e-05,22.362223,8.158653,2.608278,224.20026,4.0707026,0.034905862,0.005168081,0.20912188,6.340581,0.019164812,0.11839722,0.013694127
1.2619504,0.0003514091,3.8300636,0.14019361,6.6475124,1.1943978,32.820915,5.6551682e-05,5.902048,3.0413098,3.9503255,72.47966,1.8570905,0.0126270605,0.0013039005,0.1240428,2.313902,0.011876784,0.059102703,0.0064905947
1.2110014,0.00026604085,5.046435,0.0807523,8.147028,1.7673107,44.40055,5.417672e-05,7.598143,4.431828,4.0429854,92.4278,2.4694166,0.01285402,0.0026095097,0.18557157,2.48088,0.011697819,0.10291218,0.0115059335
1.3546324,0.0001583444,3.1477797,0.05675389,8.280651,0.7186558,49.250565,4.5797187e-05,8.141513,2.5605636,3.6811569,60.18939,1.9100473,0.009683785,0.0023172982,0.15162101,1.3979714,0.011225758,0.06611079,0.01284857
1.1971903,0.0002708466,5.2337165,0.13613391,8.536654,0.98253506,47.05229,5.302219e-05,8.693026,4.237567,3.6945372,98.35246,3.2055972,0.016689107,0.004284163,0.19962797,3.1543322,0.016085828,0.064029925,0.012381616
1.3246543,0.0002525559,4.403628,0.082951516,7.07753,1.4328592,38.530357,5.775574e-05,11.3746805,2.8762257,2.135076,87.551476,1.683864,0.02084412,0.0022621665,0.17166105,2.2301333,0.013054118,0.09382344,0.011297515
0.8855911,0.00019981082,4.588383,0.05518507,6.7888846,2.604519,26.47836,4.6758345e-05,14.452841,4.222086,3.213104,96.40526,1.4998089,0.009192414,0.0024809944,0.09311368,1.8677586,0.010213771,0.15483324,0.00819803
1.2435553,0.00018828441,2.2786632,0.081220396,7.858401,1.5255635,39.876183,3.1714408e-05,11.178497,2.9103022,7.1579704,58.879066,1.2328892,0.008297439,0.00040949899,0.123473905,0.7375518,0.009473723,0.07773512,0.008218978
1.7147785,0.00029762072,3.751704,0.13905013,8.20585,1.3729604,54.39302,5.715423e-05,8.775086,2.6070988,3.80057,88.65447,1.3365835,0.01998269,0.0023227064,0.14468235,1.9142781,0.009728673,0.06235272,0.01087157
1.6754873,0.00033604956,4.8296437,0.09170916,10.727265,1.4216,59.34375,7.672517e-05,22.592035,2.2608147,3.3026414,113.31449,1.2109241,0.015771061,0.0018633854,0.26047605,2.649715,0.013752481,0.15719156,0.010946335
1.3978728,0.00029934535,3.6353767,0.12227953,6.8898726,1.0479971,32.871742,5.3869746e-05,12.058566,2.0190895,4.737608,74.34388,1.1458024,0.016153406,0.0027522044,0.19530906,2.404606,0.009249521,0.070420735,0.009046253
1.2375124,0.00038361328,6.006621,0.12445871,7.539706,1.8444568,31.599087,7.715289e-05,17.080694,4.1388,3.0246937,118.592026,2.7817261,0.024769982,0.0036433006,0.27755633,3.356963,0.013578769,0.126442,0.012690467
1.1665615,0.0003038226,4.156444,0.041374717,10.42284,2.7481937,52.017666,7.132692e-05,24.769077,4.406186,4.0106077,79.04381,1.7581748,0.015048786,0.0016665111,0.24230447,1.5230619,0.016146554,0.1623754,0.013962827
1.2415736,0.00043140427,3.5539076,0.11478547,9.6892605,2.0175192,43.210865,6.334325e-05,42.377064,3.838161,3.4464076,90.957306,1.596041,0.01882843,0.002303525,0.17606644,2.1097524,0.022739828,0.15911709,0.015536254
1.4976317,0.00035757886,3.6108596,0.16576056,8.594893,1.0590187,39.077427,5.4354092e-05,16.875774,2.6952271,4.1350417,76.255516,1.3651265,0.023591882,0.0021469763,0.1427397,2.3805177,0.015424074,0.056965716,0.010645172
1.5329055,0.00027301893,4.069465,0.06363941,12.057586,1.6790199,49.802288,6.315121e-05,14.980531,2.6348424,3.9854271,89.50112,1.1146367,0.019146683,0.001666651,0.19921051,1.9763471,0.009502658,0.06850982,0.009245396
1.7628466,0.00022205545,2.814115,0.090251066,10.336886,1.0322131,43.70539,5.3606283e-05,13.22916,1.6728415,3.597008,61.211334,0.8399838,0.017531963,0.0012810804,0.19260225,1.6162381,0.012566542,0.102431536,0.01038093
1.4320265,0.000305252,3.9277713,0.056670554,9.507186,1.6001656,38.388237,6.116973e-05,26.502632,2.9010055,2.9543147,72.46447,1.2387483,0.014619976,0.0014367038,0.22131985,2.9831266,0.011835422,0.091067754,0.0066600605
1.5515728,0.00031339726,3.058687,0.07234847,9.508126,1.1426224,36.162376,6.055828e-05,16.954746,1.4906994,3.7069438,60.533775,0.7286776,0.015702216,0.001044169,0.21765307,1.5925545,0.012838756,0.10437239,0.00841011
1.064124,0.00019805373,2.9218695,0.07602244,7.4078636,1.2474352,26.963829,4.93657e-05,10.872569,1.9436196,3.69173,60.203316,0.82081825,0.016250426,0.00066123763,0.14608069,1.2109307,0.011525294,0.08747572,0.010728867
2.17762,0.00026107224,2.5623004,0.120586574,12.038279,1.315695,67.8287,4.4679502e-05,10.892459,1.3109877,4.936144,59.191315,0.6944304,0.020945517,0.0017068643,0.1477859,1.314567,0.009201094,0.065628484,0.008770514
1.3354654,0.00025429102,2.5922122,0.08913635,11.255904,1.0264215,45.959534,4.7704365e-05,13.175661,1.8561673,3.4380934,58.203064,0.62329066,0.016594663,0.0015731711,0.17011926,1.079756,0.008915772,0.09592174,0.009978899
1.5447894,0.00030226583,3.7378254,0.10041206,11.004583,1.4942404,61.9857,6.7208224e-05,14.350001,3.2366936,2.5253322,80.13586,1.7399338,0.022302711,0.0020673806,0.20887999,1.6651871,0.015487323,0.1276555,0.015860017
1.4156967,0.0002035148,3.324362,0.05819326,8.935642,1.3886869,35.234344,6.4452535e-05,11.949416,2.1209736,2.8094914,60.276047,0.98185694,0.016835187,0.0011367119,0.18922916,1.4119664,0.011851935,0.10320744,0.012118375
1.6104835,0.00010793519,4.3136263,0.038844522,10.037494,1.9871868,50.12764,5.1810093e-05,12.355377,2.414062,3.8816118,83.19597,0.8609547,0.017263737,0.00068802136,0.19581339,1.4232377,0.00860828,0.11271755,0.011152364
1.3887076,0.00014246344,3.4289224,0.038591903,8.940517,1.4242756,41.090862,3.909422e-05,10.885892,2.9563298,5.889148,65.24857,1.469246,0.014264969,0.00075110287,0.1555538,1.4294962,0.007898609,0.063931935,0.0064019673
1.5493594,0.00015557025,3.0293632,0.03451983,9.700845,1.1271219,47.017345,3.9189003e-05,9.911078,1.2965395,2.3997974,63.630146,0.2916086,0.018367449,0.0009235965,0.15979187,1.1138588,0.009430354,0.09522432,0.011820044
1.5903702,0.00018645018,2.6470194,0.1152622,9.702428,1.2169197,45.570118,3.7348324e-05,18.891174,1.6871607,4.6612926,55.786327,0.5744733,0.01679616,0.00061924686,0.16788955,0.93419415,0.015541876,0.14259167,0.0113592455
1.272521,0.0002327705,2.4776425,0.1051455,8.095947,1.2899634,33.143177,4.7125224e-05,14.544802,2.349387,3.1817434,54.342354,0.7517862,0.017817236,0.0010360703,0.1399428,0.93379945,0.012437304,0.09086108,0.011836701
1.4670347,0.00036852842,2.7226744,0.15975577,8.674154,1.2477117,38.178078,6.0795206e-05,16.60187,2.2069423,2.830855,61.223984,0.8709359,0.019846147,0.0017198717,0.16159223,1.312176,0.014163158,0.115143776,0.009595042
1.5677657,0.00019985266,2.6186526,0.10305594,9.604077,1.1885395,38.128838,4.34354e-05,18.561058,1.7982728,3.7776968,56.993397,0.52322024,0.021308243,0.00085802306,0.17600162,1.0269656,0.015267009,0.10359939,0.012522867
2.015662,0.00017362468,2.644437,0.1262123,10.697344,1.2184519,56.110565,4.4246473e-05,22.924026,1.6601102,2.108847,63.9848,0.6370863,0.02193124,0.0008707112,0.17495419,0.9763942,0.012924826,0.14780137,0.013198295
0.96492374,0.00010287123,2.6926377,0.020815728,7.213193,1.6666714,22.485281,3.5937876e-05,12.775773,2.6567485,4.7635794,52.511063,0.85788745,0.012066303,0.00067932304,0.1308002,0.9755002,0.013040094,0.08891181,0.009868413
1.2205828,0.00028780673,2.964542,0.11619385,8.29127,1.4105217,35.796703,4.7121353e-05,12.8184,3.1289127,4.49207,65.883064,1.209655,0.013225583,0.0013620366,0.1529126,1.2288,0.011919083,0.10950054,0.008143023
2.0596366,0.00032833978,2.889209,0.22717118,10.103592,1.7937702,54.97939,5.4551037e-05,26.25995,2.2163744,2.6123204,70.27435,0.72483087,0.027548356,0.001074854,0.17191976,1.0495261,0.012703865,0.15850261,0.011337306
1.9053283,0.00024424001,3.3418422,0.1475771,9.360581,2.1858945,45.17892,4.359208e-05,22.899317,2.9735963,3.987858,77.75734,0.92086834,0.021477714,0.0010118196,0.14543286,1.2820503,0.0106183365,0.10817221,0.00957536
1.9416403,0.00032889275,3.5705907,0.15791483,9.275955,1.7470409,52.972748,6.506656e-05,18.304056,2.475516,2.9496565,87.32611,1.1041768,0.029963763,0.0018958689,0.21480818,1.8396958,0.015421052,0.110979654,0.011941434
1.4832873,0.00024391247,2.8534944,0.11060084,9.27964,1.9538127,37.83155,5.0210598e-05,13.577416,2.4275224,2.807104,62.75882,0.9049384,0.025476947,0.0018729627,0.12647182,1.2361686,0.009220687,0.103732064,0.010577922
1.6569409,0.00027181485,2.872848,0.14033929,8.679647,2.207048,34.240635,5.4585114e-05,23.217257,3.0227513,3.6748936,63.36534,1.0668138,0.023852356,0.0017068257,0.11977767,1.4463952,0.009258462,0.09692419,0.007463509
1.6399522,0.00024393166,3.0470397,0.09642575,9.164133,2.1824675,38.452717,5.084953e-05,21.428314,3.1106026,4.0431285,68.06808,1.1814078,0.019563183,0.0015550259,0.14581129,1.4352752,0.009339315,0.097205125,0.007976092
1.493829,0.00025752807,3.7756057,0.094986096,8.015415,1.6259707,34.73498,4.9611277e-05,7.920421,2.8212934,4.129786,74.28895,0.8051558,0.019469324,0.0010195536,0.20916547,1.4533777,0.013930082,0.09173126,0.011275276
1.7241281,0.00036176058,3.9564238,0.1971615,9.996999,1.7075232,47.57134,6.3132255e-05,19.75847,2.7495189,3.039626,90.12439,0.9527481,0.02687238,0.0014937717,0.2145228,1.5953826,0.012765821,0.10184848,0.011824982
2.097551,0.00042080937,3.1673415,0.21390843,12.247023,1.6486461,66.45879,7.364604e-05,27.141811,2.2168155,2.38792,73.34616,0.86561626,0.029773025,0.0015681689,0.24913205,1.5988528,0.01552091,0.123265736,0.011702341
1.8949507,0.000170054,3.134078,0.13291858,10.769703,1.7919335,53.33681,3.6347843e-05,17.3379,2.672721,3.5550933,71.61298,0.9115525,0.01759697,0.0010523016,0.1074206,1.1334754,0.008634263,0.12366138,0.00936747
1.6856899,0.00030313298,3.1437805,0.14858012,9.19847,1.7736866,37.537754,5.240157e-05,11.809197,2.4675815,3.5043454,74.2683,1.001506,0.024567712,0.0018658489,0.14153475,1.6164426,0.009511984,0.07811296,0.00893578
1.7256724,0.00010630796,2.772569,0.07108722,10.064027,1.5375603,36.890617,3.3908073e-05,16.931791,2.1496122,4.413208,56.716366,0.5154322,0.017926652,0.00063780125,0.1602803,1.0524247,0.013871881,0.09360425,0.011772165
1.6247702,0.0001713392,4.6033883,0.056566723,10.808498,1.8221835,53.020054,5.7463778e-05,11.702385,2.914887,2.0765817,95.78665,1.1766629,0.015573606,0.0015249861,0.23282416,1.6306072,0.01179366,0.10398951,0.012285182
1.7730364,0.00026675392,3.08894,0.117631525,9.807022,1.9017185,36.16476,5.423466e-05,12.976567,2.4825315,4.167952,75.47234,0.9423081,0.0251341,0.0017495081,0.14772145,1.6529254,0.010612176,0.08670093,0.009372757
1.6574643,0.00019870544,2.7432635,0.10764391,9.629494,1.7245924,35.228046,4.6666955e-05,15.012278,2.4759705,3.7201552,60.79505,1.1275781,0.02187114,0.0021563945,0.103494845,1.5042992,0.009824468,0.07978351,0.008448486
1.2587492,0.00028847888,4.1302543,0.040514965,7.711599,0.9963468,37.983562,6.010584e-05,7.7566204,2.3520017,3.0431957,84.821625,1.1725892,0.021998495,0.0020351978,0.2253563,2.1502588,0.00656501,0.06675229,0.009591856
1.251925,0.0003105896,6.0521626,0.04769087,7.8253126,1.8233423,38.206985,7.0420014e-05,11.97208,3.6650012,3.166322,119.97246,1.8032233,0.017691493,0.0015722698,0.23942573,3.1385388,0.010758583,0.098890305,0.009473927
0.9869086,0.00029488443,3.5740662,0.046708934,4.6219525,1.1372303,20.801006,4.1657848e-05,14.32079,2.155934,3.5438876,65.49402,0.9986802,0.018339088,0.0013146967,0.106910095,1.4808878,0.01298763,0.054920584,0.0066220374
1.3215419,0.00027071266,3.2373376,0.093271814,6.6649823,1.0324665,29.98423,5.7303667e-05,12.366866,1.8173163,3.896285,58.133583,0.89270186,0.012602087,0.0012109546,0.13845018,1.7660509,0.012037029,0.059991986,0.007223127
1.245043,0.00031812734,5.5975513,0.034370363,9.243623,1.892357,43.00587,7.480421e-05,11.6720085,3.412226,2.964581,106.36223,1.6443087,0.0181104,0.0022580768,0.25756532,2.7886047,0.011179583,0.088924564,0.010864056
1.6010629,0.00013962475,1.1739742,0.11166554,9.994029,0.9853911,29.555874,3.6207304e-05,11.761232,1.1108887,2.4915116,35.582253,0.4252435,0.010049544,0.0008416863,0.061508358,0.52437395,0.006621078,0.08525756,0.006396493
1.8539281,0.00021694823,2.901119,0.09650367,10.59655,1.6963184,44.25135,4.2312135e-05,17.415655,1.9476931,4.6880994,65.484955,0.63899773,0.020220717,0.0011025217,0.1585333,1.1783674,0.012159743,0.13242155,0.00985117
1.854108,0.00022755176,2.7461114,0.10984404,9.903294,1.6156203,44.030033,4.2187276e-05,15.079142,1.7672073,4.7509356,57.09827,0.7229359,0.017927594,0.0011215112,0.15564428,1.2593621,0.013216169,0.11150223,0.009137958
0.86216474,0.00022032615,2.0534642,0.044024553,6.7167473,1.0010201,19.574278,4.7492256e-05,12.221715,1.5602235,0.99221385,43.646,0.7316894,0.014996204,0.0016563269,0.07718039,1.2526916,0.009154476,0.08318848,0.006564172
0.8029407,0.00021250205,1.7686826,0.043479573,6.426888,0.9395413,20.804861,4.0751856e-05,12.39394,1.3549021,0.8721063,41.815136,0.58812046,0.013201235,0.0016493936,0.06850915,0.94754726,0.01069476,0.0840611,0.0077483756
1.2445552,0.00018280359,1.9321765,0.10832426,8.273147,0.8195089,27.376505,5.0168845e-05,10.090977,1.0795139,1.9952608,44.49666,0.48636514,0.016025458,0.00077702437,0.09316414,0.85934275,0.009437152,0.10250341,0.0077013182
1.5096473,0.0002492734,2.1801085,0.11115453,9.070536,0.8014667,31.34436,4.83438e-05,14.858585,0.8974142,4.4323497,37.960342,0.4518696,0.012006354,0.0009371646,0.14153633,1.3681644,0.013144297,0.094941355,0.0074085123
1.3123274,0.00029926578,2.6112416,0.07973103,9.366889,1.2643933,32.332832,6.0157345e-05,15.035097,1.6900637,3.5365446,48.796413,0.7770089,0.015215191,0.0015073995,0.13785113,1.1991581,0.008741806,0.101916015,0.0066967444
1.5894127,0.00026560895,2.0298932,0.08959597,8.331534,1.1109779,33.209877,5.104881e-05,14.089652,1.2140975,4.288875,38.937782,0.67291844,0.01250912,0.0011418151,0.119852684,1.1572393,0.009153385,0.10354503,0.0056568566
1.264353,0.00021024217,1.5801789,0.064499624,11.256503,1.3713593,35.70204,3.9263618e-05,13.874495,2.249179,4.3432765,49.56053,0.9824284,0.011054613,0.0011621515,0.07900587,0.86237866,0.00693936,0.08562447,0.0056968397
1.3221414,0.00027773558,2.5426383,0.093520395,8.67149,1.6651301,33.00552,5.8479684e-05,18.114355,2.9426603,3.488102,73.6462,1.383958,0.015145065,0.0017246268,0.11379384,1.2942541,0.0073016556,0.111569986,0.0066257315
1.5581977,0.00023046313,1.9421932,0.13181143,9.58472,1.4046823,39.845375,3.9225022e-05,19.35084,2.3666751,5.130647,46.29414,1.2202231,0.014185255,0.0019084917,0.09676631,1.2260413,0.011534135,0.091194555,0.0077170087
1.8672526,0.00024315472,2.019304,0.11479893,9.643147,1.3584934,42.417515,4.016146e-05,16.389044,1.630648,4.7345023,45.037037,0.7197914,0.016770435,0.0012150718,0.1181718,0.9813153,0.011555836,0.11133665,0.008352763
1.9507351,0.00017818065,2.2948184,0.08787941,10.824649,1.3270404,41.425804,3.541902e-05,16.474035,1.8988141,4.9354177,56.93117,0.59009206,0.01895126,0.0008708184,0.1152427,1.0262824,0.01271605,0.10308096,0.009685338
1.5545374,0.00027110058,2.1665277,0.06943128,11.786432,1.5387131,42.624874,5.2706335e-05,17.031334,2.400012,4.0390644,56.842365,1.1815797,0.011568295,0.001367687,0.13009246,1.1895398,0.0070642647,0.10317539,0.0064657717
1.9367551,0.00018640481,1.8849529,0.10426493,10.30007,1.3930106,40.386246,3.299164e-05,19.439613,1.6127187,5.3703437,49.820415,0.42951164,0.019900063,0.00092297763,0.10256952,0.738923,0.011622644,0.13589844,0.01090099
1.6232677,0.00026072358,2.233798,0.15678325,9.577379,1.2980548,32.24759,5.798358e-05,17.654385,1.5176038,3.633753,41.496315,0.5265258,0.015629524,0.0012471885,0.1384781,1.3448147,0.014966619,0.13479973,0.00861403
1.6369104,0.00018942912,1.9003906,0.101014994,9.1528845,0.88363373,26.535275,5.1979318e-05,13.070759,0.85022247,1.6613499,40.28408,0.23796348,0.012602575,0.00086578797,0.11428296,0.8797269,0.008180758,0.106562875,0.0074502206
1.5706336,0.00038647733,2.4702592,,9.440963,0.6791465,29.578178,6.151682e-05,17.440584,0.8833276,3.3497856,49.307896,0.39649224,0.021577077,0.0014899084,0.14334448,1.2802709,0.008617903,0.08783585,0.006382149
1.2325947,0.00018965828,1.1118429,0.069759645,8.735863,0.781844,33.80281,3.589233e-05,8.228486,0.94392234,0.13381688,35.52436,0.20445138,0.021056673,0.00080992124,0.07636174,0.3137655,0.010356041,0.103779316,0.01184983
1.3367411,0.00035388095,0.81304914,0.18340519,9.257084,0.95552015,40.616505,2.773541e-05,12.143143,1.2428945,0.80723196,50.519424,0.5593409,0.023171755,0.0017050061,0.047935374,0.21827427,0.006788212,0.14487372,0.011439689
1.252819,0.0003880459,12.515258,0.10865826,9.652568,5.0641456,43.19888,8.265989e-05,57.56054,10.970993,1.7581996,240.94475,4.2489195,0.027896635,0.006275017,0.2594061,5.245909,0.016115155,0.13719913,0.018374695
1.0134934,0.00028297032,3.530929,0.10140181,4.683978,1.4043131,24.078375,3.9132843e-05,10.9252825,2.4768896,4.7189837,79.21979,1.1742997,0.013183349,0.0014798429,0.14419685,1.0572001,0.007321293,0.06290342,0.0079544885
1.2552973,0.00038467243,11.591393,0.15201916,7.6486773,3.4416416,34.436512,7.328053e-05,26.830976,9.924959,2.5957613,206.77869,4.635059,0.042770438,0.005862164,0.22962785,5.185464,0.013987165,0.096278645,0.014995388
1.6865481,0.0004233817,0.5334815,,10.203765,0.31211665,39.302296,2.9957968e-05,15.148073,0.5598181,4.0309057,24.09252,0.16791587,0.016202156,0.0012979558,0.014623489,0.3776591,0.0072180163,0.07526361,0.00402677
1.4032385,0.00032856292,2.3203993,0.2249182,8.195713,2.039179,37.50424,5.507733e-05,24.527035,3.1471562,4.7919374,56.272793,1.2313932,0.011906133,0.0017675936,0.1306605,1.108313,0.0075993403,0.09126093,0.008051383
1.1496965,0.00027252774,2.3029954,0.07383367,8.549049,1.0613308,36.747925,2.8798622e-05,13.782184,1.8488476,3.6196177,58.876442,0.7512077,0.020140665,0.0008547889,0.1174305,0.8431203,0.011799426,0.065372996,0.005623282
1.5370831,0.00038324387,2.3451998,0.17335689,9.175811,1.0094638,36.081604,4.94618e-05,13.194064,1.3208909,4.980701,52.43616,0.3487832,0.024272677,0.00096896046,0.17647274,1.0343635,0.017117191,0.10296493,0.009582529
1.7756565,0.00026643128,3.1520522,0.13677482,9.23,1.5753622,44.73756,4.7219815e-05,18.139894,2.3729584,4.848425,68.99805,1.1000758,0.020806909,0.0019374129,0.15545087,1.9516397,0.018705929,0.08535139,0.010182559
1.0655895,0.00022958346,3.177335,0.060079627,4.536846,1.006655,21.48657,3.991008e-05,9.820782,1.4933717,3.9761784,63.64504,0.7463282,0.012390739,0.0011639724,0.13087265,1.1198511,0.008557957,0.06551737,0.0073099327
1.292753,0.00014121555,1.273681,0.070211396,8.351855,1.2949706,22.366085,3.9806757e-05,13.320261,1.9884403,2.0075047,42.411938,0.9448449,0.0066721365,0.0015392804,0.034341678,0.534354,0.0035597896,0.06756454,0.0042508077
1.8000827,0.00014280628,1.9782212,0.080806755,10.2915,1.3087921,38.173634,4.2149637e-05,12.319677,1.4880948,3.5590003,42.861782,0.6079795,0.010920356,0.0011205917,0.13186032,1.0070372,0.009804707,0.07870446,0.0069810594
1.4817134,0.00028383636,3.4898348,0.124551095,10.323781,1.7759165,39.0776,5.8752637e-05,20.338333,2.5371702,3.7071228,62.119564,0.88361096,0.024631767,0.0013461225,0.18408117,1.8147324,0.021403741,0.17480122,0.012795315
0.9853175,0.00017467835,1.9356811,0.035339613,8.846589,1.6428243,27.291073,4.460236e-05,11.923481,3.5611315,1.9422688,45.65096,1.7035818,0.009349445,0.0013253449,0.091889404,0.7356887,0.009503612,0.11518316,0.007899751
1.395298,0.00015494606,1.5085107,0.07150234,8.852975,1.1979538,27.361803,4.3982644e-05,10.52587,1.5833769,2.3052387,39.941532,0.7235201,0.009142572,0.001378775,0.072778046,0.7064553,0.0057294047,0.078069985,0.005327807
1.1159602,0.0003714677,8.335555,0.08220346,8.3678255,2.8736162,31.038912,6.578545e-05,16.017193,7.5211353,3.628153,161.83588,4.542007,0.021405036,0.0024581067,0.2342642,4.4859924,0.012629777,0.06421989,0.01508258
1.0839386,0.0003765292,4.6673703,0.05794376,7.742056,1.6145394,47.69372,8.04042e-05,7.316694,3.8616867,3.7931325,93.56194,2.2034698,0.014194895,0.0022224956,0.20334049,2.5278401,0.008863352,0.05057952,0.00845028
1.2886728,0.0003279203,2.8869,0.075597405,10.525574,1.2450542,64.668045,6.906888e-05,11.159947,2.8693182,4.0793877,63.370228,1.4939455,0.014715786,0.0025169246,0.12170598,1.4852979,0.00578295,0.06593613,0.009071436
1.1977994,0.00029303742,3.0613513,0.058771733,9.30278,1.1622492,57.725567,5.904745e-05,11.3617935,2.7070446,3.2669637,63.52003,1.5330853,0.016285066,0.0023254382,0.12864098,1.5761688,0.007627357,0.06286767,0.00982391
1.2413409,0.00029643832,3.4565597,0.09752077,8.374096,1.1489183,44.12396,6.387799e-05,16.662766,2.4895792,3.9084945,68.17025,1.6087933,0.017126815,0.0013562052,0.17717646,1.3105097,0.020942118,0.11698851,0.01343286
1.2468385,0.00027851036,4.2729893,0.02505078,9.655904,1.3834133,58.858883,7.116588e-05,12.365964,3.063574,3.4099896,90.52634,1.5423683,0.012146245,0.0017232348,0.22486898,1.8228571,0.011735466,0.08874154,0.012418802
1.5071267,0.00019864217,2.8321676,0.06991473,11.485994,0.7674887,61.737724,6.112706e-05,8.530237,1.6732098,3.4970639,58.650562,0.86711156,0.0150926085,0.003145546,0.16146465,1.7573645,0.0070954165,0.046692055,0.009392914
1.5798123,0.00023735352,2.6048512,0.12456599,9.701545,0.864273,54.54108,5.696121e-05,10.631218,1.7067075,3.0979867,55.36694,0.8443677,0.01691195,0.0022142802,0.14788224,1.2451409,0.010310371,0.10424569,0.010672393
1.4916906,0.00021879173,2.5915184,0.10523738,9.745342,0.8387283,53.74758,5.6960056e-05,8.120372,1.6335772,2.8634243,55.22593,0.81770766,0.016553236,0.0034060548,0.1386565,1.2777838,0.00955477,0.084507376,0.012014143
1.5424196,0.00024417765,2.719079,0.10972436,10.950993,0.9593608,57.227966,6.310157e-05,8.734526,1.7625589,3.0878303,56.834972,0.9867986,0.016415834,0.0027060143,0.16225837,1.507034,0.010331297,0.081462316,0.010779239
1.502734,0.00023298984,2.4615865,0.18855238,7.8310413,0.7392252,43.439903,4.9099104e-05,12.873456,1.4882352,2.6161284,53.414326,0.882767,0.018690817,0.0016978591,0.13145041,0.87956357,0.014754339,0.123475336,0.014587639
1.0414562,0.0007617612,9.276316,0.15480278,11.740585,3.2535317,32.841576,9.127407e-05,24.894615,8.780276,3.744841,169.8848,6.005092,0.02083102,0.004631361,0.26773283,4.552182,0.017513176,0.051768556,0.01972582
0.97640365,0.00038142473,10.008899,0.058288217,12.6031685,5.31676,41.081554,8.059662e-05,26.73464,11.369378,4.0010448,197.74432,6.7176037,0.015704338,0.004092535,0.21383397,4.5939507,0.019153606,0.12275064,0.015637498
1.2474444,0.00034012555,4.238716,0.08320527,8.732514,1.5486891,52.50611,8.192771e-05,9.635348,3.604642,3.9241934,85.76727,1.9566305,0.01621105,0.0031305454,0.22764793,2.0035946,0.013102183,0.08886272,0.012713716
1.1696213,0.00033877857,5.200342,0.053140823,11.169095,1.7174138,53.952866,7.848904e-05,11.950051,4.1342955,3.6597946,105.27278,2.3935344,0.014673498,0.0018436809,0.24842751,2.4398336,0.015426956,0.080844164,0.013551733
1.2424293,0.00048288226,9.767995,0.13481702,9.619946,2.9900937,46.194546,8.294482e-05,21.869478,7.5320945,3.7836018,197.67581,4.7265515,0.028666334,0.004471763,0.2654347,5.2546825,0.013930053,0.08896707,0.015262208
1.4965,0.00032622222,3.7628667,0.11997468,11.457017,1.2238606,63.516243,7.354831e-05,10.341217,2.7049782,3.56034,80.89772,1.3953753,0.017784394,0.0026671817,0.21412848,1.9357202,0.010259391,0.10604145,0.010072001
1.3697591,0.0002640303,3.338274,0.055002805,8.510364,1.0172548,43.378864,5.6453824e-05,8.136078,2.1462946,4.1026196,66.70156,1.2675096,0.015808245,0.0010262214,0.21785592,1.4116483,0.011183527,0.09861806,0.010218395
1.185074,0.00039701533,6.6163006,0.13129093,8.509287,2.5744903,36.991673,5.8686695e-05,10.354017,6.416395,3.4077034,132.81511,3.6842864,0.024365088,0.0028439516,0.1982777,3.2259007,0.011935107,0.03520209,0.015939863
1.1619521,0.00043263606,4.3799267,0.058765303,9.016682,1.3416457,48.869003,7.605774e-05,6.872941,3.045769,3.4713202,90.20103,1.8155016,0.013551203,0.0020587323,0.24973604,2.4860146,0.008501396,0.050950784,0.007987223
1.1893662,0.0003451503,3.5076213,0.060721226,9.4159975,1.0999757,54.47074,7.1451206e-05,7.3445644,2.5064132,4.0047097,75.09529,1.4611977,0.0133187715,0.002319006,0.19716759,2.0138338,0.0067472374,0.055692364,0.007694688
1.2619908,0.00028846262,3.561831,0.050522335,9.898843,1.124593,57.20822,6.346179e-05,10.916099,2.545431,3.590152,75.31254,1.4159918,0.017838435,0.002004364,0.19160809,1.9593513,0.010331795,0.07268321,0.010870337
1.1759583,0.00046293915,8.838063,0.109981336,8.527792,3.5770335,37.424152,6.457959e-05,12.128821,9.203043,3.8846617,177.14151,5.5870447,0.023627175,0.0026229664,0.23903827,3.9994242,0.012126698,0.047329914,0.015553533
1.2852932,0.00031479305,3.38944,0.05264192,10.002614,1.0366248,55.21975,6.2937484e-05,10.54962,2.2926621,3.3468952,71.926315,1.2289,0.016728565,0.0019460722,0.19212884,1.9286852,0.010036151,0.066089354,0.010553115
1.1202252,0.00030340403,4.6828036,0.06269747,11.016324,1.5975317,54.01564,5.981255e-05,11.499936,3.5410664,3.7225869,87.90309,2.1018577,0.010632351,0.0020918045,0.19655731,1.9306312,0.011923537,0.07578771,0.013536326
1.1904871,0.00027250298,4.744838,0.1398625,7.801724,1.418391,36.180202,5.2951327e-05,13.127112,3.7183244,3.3699648,99.091194,2.0784001,0.024101838,0.002698239,0.16065183,3.0553298,0.012559235,0.066559,0.012483818
1.101556,0.00030231106,3.3859096,0.06123733,7.894723,1.1533401,40.027462,5.776027e-05,8.549325,2.377628,4.024859,71.585106,1.3266218,0.009345161,0.0014275518,0.19006304,1.7584311,0.010733451,0.0555096,0.009667198
1.1546437,0.00026321373,3.2810543,0.08466884,8.188721,1.1524264,39.621243,5.0787294e-05,10.670509,2.6065912,3.8480399,69.51672,1.475543,0.012220742,0.0018641026,0.14978139,1.8553946,0.009722361,0.058644775,0.010097633
1.1318704,0.00028895907,3.2220514,0.07299762,8.098381,1.108653,41.36225,5.8425354e-05,9.608027,2.2860396,3.9264934,69.00441,1.319566,0.009856047,0.0015276144,0.17280234,1.80694,0.010769892,0.059188742,0.009414473
1.1399399,0.00028053793,3.003898,0.0764328,8.137042,0.98174834,39.068836,5.5659664e-05,8.239102,2.0998495,3.9956965,65.36411,1.1901603,0.009450182,0.0014081472,0.16490024,1.8292282,0.010117106,0.05298579,0.007957605
1.1649779,0.00043963103,9.683304,0.08043762,9.337209,3.8225362,37.26022,7.125314e-05,11.914881,9.520453,4.058643,184.66374,5.66074,0.020140756,0.002260296,0.30895317,4.363903,0.013702379,0.05599815,0.015013162
1.0914185,0.00038041026,11.224595,0.058338095,9.726645,3.614501,42.178383,8.4021216e-05,16.6106,10.438462,4.1993275,224.93365,5.7605414,0.017745266,0.0016246962,0.32779768,3.7112296,0.029921211,0.13232338,0.011467255
1.4526604,0.00030898408,3.5800102,0.122914664,10.095049,0.96318877,55.232334,6.0306258e-05,15.256181,2.4104624,3.7327552,75.812325,1.3809185,0.020009596,0.0020181818,0.22606158,1.8974972,0.015504774,0.0864367,0.014081021
1.1931196,0.0009007822,15.860605,0.17813085,11.43745,8.074285,51.299683,0.00011348339,42.372917,24.451221,3.105056,316.52075,14.707873,0.03210625,0.010500279,0.3546371,10.011674,0.026074523,0.15729217,0.019359231
1.5875812,0.00035387647,3.3965366,0.13182674,10.312231,0.9777172,53.118385,5.7057798e-05,15.174141,2.216068,3.378273,66.904686,1.0352376,0.035167333,0.002749588,0.17173263,2.0498924,0.0058609666,0.05653506,0.009575515
1.2262028,0.00023157439,3.96271,0.05908371,9.011751,1.1961689,40.74195,4.734304e-05,15.934775,2.5154412,3.8246381,77.69865,1.3218405,0.015846215,0.0021626551,0.16379982,2.1687381,0.01024182,0.06383475,0.012404643
1.1238735,0.00024831353,3.9052029,0.046213217,6.8445244,1.1465727,33.248188,5.787213e-05,8.272919,2.5596,3.6957543,72.978264,1.4115673,0.018016692,0.0022237266,0.15003821,2.2438974,0.006903916,0.03341701,0.0069026607
1.1788335,0.00025925698,4.0735188,0.04668292,7.556304,1.1798983,37.516205,5.8786998e-05,9.322572,2.6004524,3.3019378,77.69672,1.3867048,0.017218506,0.0019867767,0.16288026,2.1247668,0.008722247,0.049813956,0.00784222
1.1535883,0.0003043366,5.0484114,0.09206769,8.346399,2.310345,37.64842,5.7480975e-05,13.970049,5.239941,3.738447,89.3876,3.0338528,0.015716583,0.0027061692,0.16574687,2.2962003,0.017760899,0.10119242,0.012692658
1.0478164,0.00035959124,9.202938,0.04927761,11.744353,3.4500039,44.566795,8.282362e-05,20.95681,8.496778,3.8891246,179.11197,4.818688,0.018611876,0.002940621,0.27422783,3.635896,0.017916806,0.110118605,0.016882787
1.1672614,0.00035736078,5.744109,0.07920456,8.395336,2.203586,41.557873,6.368e-05,18.709087,4.940779,4.6919723,115.541916,3.019526,0.021384355,0.001914969,0.18133718,2.4914424,0.019573405,0.14708851,0.012168862
1.21106,0.00028931638,2.8705695,0.06827309,7.548829,0.9878544,30.646122,4.5189685e-05,14.070747,1.6822084,4.558017,56.563194,0.72630227,0.018392818,0.00087483815,0.13570714,1.2584001,0.013489308,0.08077108,0.007805711
1.267942,0.00039564722,3.8148775,0.09262432,6.5612545,1.4558581,35.565422,5.7209316e-05,13.764976,3.6551094,3.8980024,80.5574,2.2913814,0.020079466,0.001229028,0.20472038,2.2094045,0.009392413,0.11443711,0.00616625
1.3064865,0.00082150864,13.04088,0.26316687,12.155305,4.81564,41.325993,0.000105672174,30.89741,12.75954,2.819517,248.11159,6.704765,0.048510715,0.004332521,0.3880708,6.365257,0.03033403,0.13049375,0.023337949
1.2692795,0.00036472725,5.6512256,0.09578171,10.418719,2.234754,47.32424,5.9176156e-05,22.972342,4.9661546,3.040842,107.57077,2.6138103,0.02257658,0.0021425108,0.21593992,2.0053594,0.016865147,0.10179475,0.014625624
1.0529375,0.0004360424,9.432317,0.07600064,8.965853,3.8860328,45.002155,7.3687486e-05,17.40494,8.768835,2.8792574,167.58365,4.9268517,0.025129119,0.0047192513,0.2407575,3.929785,0.015498829,0.09091138,0.013995829
1.2650371,0.00027857997,4.5739574,0.083613284,8.452444,1.37915,38.739925,6.0213915e-05,15.11707,2.9165862,3.389342,94.677444,1.638173,0.022452911,0.0025141134,0.18918464,2.945448,0.012372368,0.061571598,0.013704871
1.3126734,0.00055163767,14.082484,0.16211547,10.316769,5.005902,52.00912,0.00010328114,26.446995,11.196884,3.6359932,262.62296,5.324562,0.028558902,0.0035550972,0.2625988,5.2823606,0.016493687,0.15640253,0.015119995
1.1596717,0.00036385877,4.261971,0.08845495,9.05048,1.2813619,40.864384,6.268788e-05,10.02215,3.020718,3.2609181,86.02774,1.8889323,0.019619493,0.0022765542,0.19831899,2.9723728,0.01604067,0.06753305,0.011410823
1.1636796,0.00035211057,4.385906,0.09441719,9.075219,1.3620124,37.839363,6.2186045e-05,10.36135,3.1731129,3.2439814,86.279,1.9188623,0.022112224,0.0024590055,0.19344713,3.098656,0.015657455,0.06429827,0.011791639
1.074059,0.00027883306,3.2631402,0.05952677,8.481836,1.1821595,35.99919,5.2840238e-05,8.573138,2.685682,3.9170694,70.2258,1.5053821,0.009836154,0.001758864,0.18120271,2.0232184,0.009918857,0.046061724,0.0103411125
1.1352191,0.00028876108,2.905214,0.051748652,8.781355,0.90860975,47.315536,5.45666e-05,9.2114935,1.9532839,3.5405235,62.293144,1.1049285,0.01209758,0.0016200544,0.16318265,1.5358806,0.009294187,0.05702403,0.010346253
1.1188402,0.00032224203,3.0490289,0.06763999,7.6722765,0.9677533,36.339676,5.8536203e-05,7.611964,2.0303903,3.4768891,64.34328,1.1357784,0.012833097,0.0014730789,0.17088856,2.1751626,0.011626694,0.054706737,0.008664949
1.1376383,0.00035078797,3.3301995,0.08151681,7.365817,1.0044096,32.70865,6.0239745e-05,10.747461,2.189553,3.2997851,71.21993,1.223419,0.016738575,0.0016404355,0.16401589,2.5575485,0.011753883,0.05205118,0.0089049935
1.2952019,0.00031835784,3.1519594,0.059522655,10.366335,1.000511,52.537834,6.18012e-05,11.273955,2.2427144,2.6507561,61.19947,1.2004637,0.015947178,0.0019666934,0.15686011,1.5137489,0.0114537515,0.059506547,0.0126141
1.0990342,0.00031543503,3.094743,0.072266854,8.471019,0.9316464,37.23047,5.0950846e-05,7.5486917,2.0415502,4.041328,66.645706,1.1537575,0.012056417,0.0011409451,0.14675908,1.7002162,0.013264134,0.061303046,0.01011149
1.2554649,0.00035153082,3.2064977,0.08604599,10.94007,1.0947037,55.883976,6.0304905e-05,12.274238,2.423313,4.760495,77.53341,1.3898085,0.013076998,0.0015101534,0.17068629,1.3603369,0.010235888,0.091191016,0.01305193
1.0950449,0.00036870083,3.7114065,0.07293695,7.277265,1.0351862,29.72923,5.921222e-05,11.078562,2.4384298,3.3806832,83.710625,1.3461937,0.018541915,0.0017321773,0.16862236,2.6945572,0.011888859,0.054690484,0.009333595
1.2226448,0.00033791646,6.398853,0.113609165,8.305972,1.9512715,35.96309,5.7968144e-05,15.203492,4.9962096,3.2610118,127.30436,2.856843,0.025175085,0.0027380285,0.18850102,3.2766526,0.011912122,0.051518094,0.017534778
1.1362643,0.00025140078,3.0071456,0.0640674,8.971884,0.8925507,38.98333,4.723406e-05,7.9532046,2.0000534,4.1163254,64.87615,1.1041192,0.011648171,0.0013684707,0.13853219,1.4962357,0.010914827,0.04905123,0.01024698
1.6152174,0.0003002074,2.2181895,0.11938067,10.24122,0.937636,52.701614,3.8506594e-05,11.143881,0.9009259,0.529208,48.358788,0.12710738,0.04732272,0.0018845962,0.14770362,0.47306952,0.009693828,0.10240627,0.012889907
1.4699501,0.0003690868,2.9775517,0.08912562,8.631384,1.41227,41.197647,4.482964e-05,8.904093,1.5926412,0.27145,61.875988,0.3972735,0.032799073,0.0019379662,0.10071848,0.7036744,0.007008911,0.11635253,0.0071955454
1.3481075,0.0002926357,2.799121,0.090167314,9.153416,1.3200088,39.686954,4.602978e-05,11.15918,1.4208869,0.31718478,63.54826,0.4834123,0.031094799,0.0020387208,0.11167651,0.67250973,0.0107610505,0.15257739,0.010453122
1.3207223,0.00021130482,2.8624055,0.10284207,11.027327,1.4633267,44.437748,4.593746e-05,16.273378,1.6776572,1.0921273,66.903915,0.9445683,0.02653189,0.001718091,0.13190429,0.8385047,0.014638534,0.14713483,0.01243089
1.4871888,0.00036428624,3.1426551,0.085134335,8.763217,1.404249,41.369583,4.6462803e-05,9.285941,1.5495744,0.17362928,64.35854,0.37425455,0.032881644,0.002031062,0.103880905,0.773942,0.007241469,0.11665859,0.007406969
0.9633876,0.00031714668,3.6355522,0.081283264,6.9008374,1.6918339,28.321075,6.307291e-05,12.668487,2.0230374,0.89905393,77.98625,0.97226083,0.024131404,0.00279342,0.13094692,1.544296,0.015674952,0.1599734,0.013700364
1.6256484,0.0003250497,2.1338918,0.13296624,10.507666,0.915568,53.293682,3.8764752e-05,11.919195,0.85868835,0.5813103,47.485607,0.13092145,0.053712502,0.0021497558,0.15817049,0.5021631,0.009783647,0.09826593,0.012755855
0.8436463,0.00017677354,2.0260599,0.04022418,6.9499555,0.72767806,23.958357,3.6908015e-05,13.280756,0.8065389,1.3490558,50.67625,0.19071126,0.013775085,0.0011296663,0.09357878,0.92387676,0.0100672785,0.08603626,0.0087654805
1.4948679,0.0003763296,2.812629,0.097856745,9.048261,1.2795703,43.07829,4.5416644e-05,9.983419,1.4248372,0.28921792,59.369102,0.3655331,0.034887232,0.0021786587,0.11298321,0.7536329,0.007570229,0.10434144,0.007912164
0.8622717,9.6330914e-05,1.5856271,0.032048073,7.1225357,0.55118465,28.357931,2.978482e-05,8.250845,0.69277436,0.90832514,41.97896,0.22003078,0.014366488,0.00096059835,0.08863587,0.44917104,0.0088705085,0.084504694,0.010860925
1.4866759,0.00036813415,2.931701,0.087587915,8.6507015,1.4034224,41.26135,4.398404e-05,8.932227,1.5661821,0.2843721,60.455658,0.3749412,0.032170746,0.0018473659,0.09901796,0.6780067,0.006695331,0.11318276,0.007033169
1.2711558,8.966923e-05,1.4118623,0.052039623,9.094941,1.3181821,32.99808,2.2491493e-05,12.460212,1.5834733,4.759833,29.725382,0.553385,0.0070771994,0.00042084756,0.09076342,0.3264316,0.008357992,0.109116614,0.009593996
1.0821432,0.00014971428,1.5230762,0.045883834,7.4419136,1.1014426,28.885332,3.8143382e-05,9.831259,1.6387218,2.562492,33.074116,0.7345422,0.014106761,0.00079959823,0.0752578,0.48311004,0.005726078,0.099016115,0.00608287
1.3493115,0.00023368922,2.0423634,0.085380204,7.2906685,1.0676509,30.09866,4.4200988e-05,17.07488,1.0916792,4.315535,48.02273,0.18045175,0.017137857,0.00015475941,0.12307716,0.70962834,0.0077686855,0.108753234,0.009231862
1.2443335,0.00022997467,2.1560996,0.048856907,8.862634,0.87755,38.731266,4.920806e-05,12.155511,1.3048176,3.2560608,51.714092,0.40389332,0.016594848,0.00082003255,0.1483785,0.8728682,0.0087109255,0.1133727,0.008784379
1.4794977,0.00035682454,2.8770792,0.094054446,9.398916,1.1703161,44.064777,4.6298846e-05,10.621234,1.259897,0.16107684,61.467175,0.3077633,0.038642205,0.0023731515,0.11934893,0.81526226,0.00849339,0.106104575,0.009240258
1.3875406,0.00033330612,1.2178645,0.10071562,10.118789,0.7745675,37.295174,3.7992493e-05,47.0815,1.2658376,3.425876,40.451305,0.3456456,0.016035438,0.00068029726,0.10501683,0.47506717,0.0118780155,0.10264554,0.009621396
1.652566,0.0003570327,1.1521609,0.15480152,9.736943,0.6969437,38.69608,4.169034e-05,43.59144,0.9261265,3.933239,33.99583,0.2385705,0.020817693,0.0006465533,0.09668625,0.4197218,0.012190748,0.12402039,0.010579065
1.2756084,0.0001916864,1.5854759,0.07452844,7.6625085,1.2562355,29.428265,3.6886897e-05,14.593238,1.3760446,3.575569,34.912865,0.4310359,0.0146779185,0.00039505234,0.08817249,0.4418874,0.0073828553,0.112417445,0.006804942
1.5069791,0.000387678,2.601326,0.11507429,9.4263,1.1590279,45.51024,4.7413352e-05,11.106735,1.2613665,0.33582485,57.625603,0.3402512,0.03832958,0.002508965,0.12506285,0.78569084,0.008292598,0.10131419,0.00900234
1.2521242,0.00017581749,1.6309247,0.067979634,7.5800014,1.2181556,26.45327,3.76473e-05,14.359134,1.3016227,3.3934793,36.57721,0.30259836,0.014867288,0.00032649725,0.09571659,0.39177313,0.0074077225,0.11815744,0.009048833
1.1271801,0.000104317325,1.4812509,0.055858493,7.440179,1.2361054,26.718159,3.3741584e-05,10.988081,1.6296531,3.04419,31.237726,0.5822107,0.010686185,0.0007510757,0.07733096,0.34792644,0.006685489,0.1150548,0.008338574
1.5368251,0.00039645322,2.8071938,0.09359615,9.428395,1.3439442,45.64943,4.5981964e-05,9.590515,1.4923774,0.14975435,58.813797,0.36398742,0.035254467,0.0020096246,0.11484008,0.67079663,0.0069845053,0.105671294,0.007410996
1.2649589,0.0002466505,3.217526,0.10760666,10.147199,1.5396727,39.156273,5.828778e-05,13.871466,1.5171199,0.49808684,73.9711,0.7655741,0.03189285,0.0022034713,0.12266171,0.90248656,0.014956367,0.18822062,0.012363778
1.1761335,0.00020524711,2.3000813,0.05889109,7.2069817,0.92092955,30.575624,4.402051e-05,10.614613,1.2876627,3.5266736,50.262012,0.43502277,0.015845697,0.0006720345,0.12298282,0.85886854,0.007812081,0.105795234,0.0074961325
1.4990143,0.00037449508,2.9151528,0.08125606,9.627163,1.2637091,45.812332,4.5873658e-05,9.798671,1.3966286,0.051660188,59.513454,0.33982778,0.035258982,0.0020952611,0.11709114,0.7252794,0.007853175,0.102365695,0.008158181
1.4966367,0.00036790938,2.8755772,0.075769186,9.338641,1.3395413,44.738438,4.4031713e-05,9.190454,1.4784908,0.21157321,58.073505,0.34193698,0.032686647,0.0018056848,0.107558444,0.6581944,0.0070340508,0.10178926,0.007401408
1.4913007,0.0003635309,2.9073288,0.076371424,9.168229,1.3463076,43.831066,4.399967e-05,9.028744,1.4697158,0.23000343,58.610065,0.3336914,0.0332359,0.0018224198,0.10575065,0.665519,0.0071221734,0.10261945,0.0074301455
1.2494519,0.0001854603,1.964911,0.048297785,8.324677,0.8811948,35.399464,4.234838e-05,11.192633,1.1590183,3.8062685,45.69981,0.29782566,0.0146705,0.0006642186,0.13002166,0.7123273,0.008950665,0.11455014,0.009570395
1.3882979,0.00033030403,3.053255,0.13210183,9.930035,1.3519619,44.635284,5.9524653e-05,16.662123,1.4186835,0.09808561,71.89515,0.64018744,0.03585844,0.0030425494,0.13064192,1.0367606,0.012941103,0.13530178,0.012232386
1.4215283,0.00027445436,1.6058606,0.09428629,7.942052,0.87483203,36.532402,4.1886953e-05,18.547298,0.91958463,5.3394117,44.768353,0.151737,0.014212439,-5.4044078e-05,0.11831168,0.6428449,0.010606646,0.09764226,0.008540344
1.4279675,0.00036112036,2.9249105,0.106158935,9.207204,1.3313416,43.83465,5.0603274e-05,11.046504,1.4766968,0.342742,64.416275,0.45567933,0.035540666,0.002684196,0.12433395,0.8860318,0.009230552,0.11966121,0.009356953
0.8481459,0.00016337358,0.98809093,0.026554624,6.110976,0.5945609,19.65443,3.1966443e-05,9.160207,0.54296845,0.3685436,31.14486,0.093364425,0.00715397,0.000857243,0.06789438,0.27379757,0.009005282,0.13991202,0.00897906
1.1742849,0.0002469401,1.8133495,0.06085695,9.325358,0.86468464,39.445705,4.5237484e-05,14.500753,1.3872954,3.2874045,48.71735,0.53108084,0.015724823,0.0009504232,0.1161589,0.8088919,0.008824595,0.100923225,0.0081995055
1.2661508,0.00033178617,0.99176484,0.124459594,7.299403,0.58823276,34.842464,2.9799674e-05,34.041775,0.9625893,4.393019,37.503166,0.3208791,0.012077045,0.0003771105,0.09772214,0.3605144,0.013356059,0.11321808,0.009787465
1.4776154,0.00022981016,1.6837676,0.09558814,9.33652,1.1231399,40.636387,4.4018834e-05,18.960272,1.184638,5.338614,47.814682,0.22178698,0.016470637,0.00019460758,0.13557193,0.6173117,0.011954764,0.13451508,0.011699373
0.8522512,0.00017309505,1.8899866,0.031791635,6.408382,0.69044685,22.522202,3.6461683e-05,11.194912,0.67285126,1.0489866,44.921547,0.10514895,0.0114747,0.0010518283,0.08404785,0.82667667,0.009180088,0.08396521,0.0072983894
1.4555787,0.00028352352,1.3748462,0.109818056,10.68841,1.0740572,41.731987,4.3749045e-05,19.100504,1.2312402,5.73924,43.91432,0.30044013,0.01682968,0.0006723385,0.10275218,0.4603023,0.008078332,0.13743515,0.010707289
1.2921911,0.00026775594,3.8834722,0.07268975,8.347609,1.5233003,37.962048,6.370607e-05,16.666294,1.3796619,1.820938,74.70009,0.5035457,0.023320174,0.0016074958,0.18453023,1.3424413,0.018079247,0.14612366,0.01450878
0.87797475,0.0002494172,2.0083203,0.058547262,7.108154,1.2342529,21.928406,4.950069e-05,9.30206,2.2886667,2.0408132,42.224316,1.0339926,0.013138076,0.0015074308,0.06918473,1.2320641,0.010203362,0.08110366,0.006279598
1.3590814,0.00027539837,1.6366996,0.08368299,9.144196,1.1189682,37.749615,4.4479133e-05,16.467533,1.3593833,4.968883,46.4933,0.38905692,0.017863795,0.0004899836,0.113421515,0.5385619,0.008022239,0.14481276,0.008950504
1.4133962,0.00025261973,2.205465,0.079455204,7.5419993,1.1525767,27.088396,5.6156034e-05,16.50482,1.592657,1.5847644,46.102478,0.52478963,0.011970837,0.0012506051,0.078424804,0.9514953,0.005268311,0.08866618,0.00561134
1.3147752,0.00034170796,1.056078,0.14403018,9.686321,0.87931794,38.614532,3.88949e-05,24.074635,1.2489103,3.794752,42.54574,0.42400715,0.020622844,0.00075150246,0.07502593,0.34753954,0.00753493,0.16100913,0.010743859
0.98199165,0.0001227867,2.2396786,0.031889968,7.713406,0.62259555,27.005453,3.8649607e-05,11.555245,0.68526524,0.9782863,48.78696,0.16545261,0.011416998,0.0007362735,0.09805324,1.0171639,0.00830132,0.089890994,0.007124459
1.0639789,0.00019841403,2.5773327,0.07618267,6.4754267,1.0824176,21.2404,5.300913e-05,13.414475,1.6566696,1.2280234,48.568916,0.64627063,0.015712505,0.0012594544,0.07533746,1.3846158,0.007847659,0.09591607,0.0067981216
1.0330504,0.00033799387,2.4634042,0.1008917,7.454585,1.2994218,29.126781,5.7050092e-05,11.026048,1.6505113,0.5053171,56.304348,0.817266,0.024893327,0.002724572,0.10847532,1.1420462,0.013699541,0.14912832,0.012906541
1.4123207,0.00014809996,1.6273496,0.06903319,9.444159,0.96442485,44.55087,3.616105e-05,10.579202,1.2999027,6.2085905,38.797604,0.43586123,0.01237733,0.00053580484,0.10600618,0.5063975,0.0060280943,0.113026954,0.0096297
1.2384118,0.000155705,2.1366544,0.052564003,7.505654,1.37636,28.342411,3.9460385e-05,11.940994,1.9447727,2.8850312,39.83125,0.709168,0.0102288425,0.001046361,0.12485847,0.618176,0.009173515,0.092193365,0.009570947
1.0670525,0.0001325595,1.3781897,0.022974707,10.320728,1.0651022,39.05371,2.0184918e-05,16.850584,1.5935462,3.1960478,26.035517,0.6466062,0.0039941897,0.00096619746,0.06742778,0.46026844,0.006832589,0.075301714,0.0056827147
1.3930154,0.00030567488,2.8492432,0.120170645,11.874135,1.846454,52.12447,5.1718787e-05,33.813026,2.9818838,4.6940565,88.03632,1.0332233,0.021232683,0.0017793679,0.13463856,1.0106549,0.010337449,0.14017452,0.014908504
1.2001486,0.000109801455,1.5557879,0.0853703,7.8948884,0.59553444,26.867722,3.635961e-05,8.08255,0.51654446,1.6520028,32.770077,0.09466801,0.0146839935,0.0007809314,0.084528565,0.4844482,0.008759745,0.101219065,0.0101838885
1.1642169,6.861569e-05,2.0247786,0.04000664,8.630306,0.853168,30.771997,2.4802675e-05,12.912609,1.4196221,2.40941,37.29098,0.43877584,0.0046490384,0.00081826147,0.09090202,0.8129278,0.008724903,0.077356935,0.008276147
1.0898228,0.00034341868,2.1608357,0.09761511,6.1240916,0.96237797,26.115177,4.1832496e-05,10.504622,1.6319221,1.1445743,50.37682,0.73644793,0.020427726,0.0020091517,0.07672411,1.2004791,0.012290949,0.13660574,0.009430386
0.82295984,6.031209e-05,1.8505949,0.016813954,7.815647,1.0119804,33.456776,3.1670155e-05,8.254169,1.3377967,1.9365675,40.81556,0.5575686,0.011475563,0.0009033433,0.15449193,0.40946624,0.0113834245,0.11935354,0.013955429
1.0778295,0.00022997268,1.8149099,0.038796596,6.08492,1.526992,28.014215,4.0989344e-05,19.669308,2.2771657,2.3014433,41.114464,0.7504391,0.008249223,0.0011291167,0.09644667,0.564379,0.0099648535,0.12507762,0.006605743
1.289182,0.0003111758,1.8280691,0.11218028,9.209215,0.82860065,41.94627,4.2530603e-05,10.574962,1.22158,5.416146,53.345142,0.38372806,0.01848772,0.00033033924,0.11012909,0.6447378,0.0068749883,0.10225925,0.009807728
1.2152005,0.00024551342,2.1720023,0.1341331,8.08215,0.7287708,27.244146,5.5091798e-05,10.8510475,1.0060526,2.0902212,42.29331,0.44130966,0.019600198,0.001289357,0.09571204,1.1902143,0.010835197,0.084303185,0.008712284
1.6185361,0.00028914775,2.4582047,0.092908666,7.6739035,1.5132307,45.95723,5.1949093e-05,23.558172,2.960337,3.8400102,54.118073,1.3991889,0.015688509,0.0013584214,0.16982272,0.93085164,0.019438002,0.13846712,0.011771691
1.2209904,0.0001187057,1.7189318,0.08205647,9.237699,0.5396159,30.119747,4.182118e-05,10.004974,0.46807125,1.8559144,31.813082,0.11702701,0.015837505,0.0008648626,0.10910739,0.620179,0.009540715,0.09935634,0.010181993
1.208448,0.00020086874,1.4201255,0.099217415,7.9441752,1.0380673,35.73561,3.7420596e-05,11.477163,1.338335,4.929304,37.079838,0.4851103,0.014987143,0.00080497685,0.12602417,0.46516618,0.010920373,0.12998831,0.011481762
0.9132633,0.0001035224,1.8721918,0.02765179,7.4144893,0.8524438,32.405483,3.978153e-05,10.710555,0.9607965,1.4489344,43.53643,0.23782825,0.0139831845,0.0006317172,0.1161716,0.5586907,0.012097328,0.13175118,0.012383383
1.159735,0.00017540218,3.2672925,0.063971154,9.429857,1.3237731,39.5449,5.547085e-05,14.698334,1.8157798,2.7019677,53.865196,0.6397763,0.014623119,0.0017186773,0.17085427,1.121103,0.016752852,0.1542252,0.015129593
1.2314694,0.00013970546,2.1103208,0.05403305,5.649058,0.85629267,24.918703,5.420517e-05,9.367491,1.3516102,3.692901,48.914707,0.3863028,0.023095047,0.0007861335,0.13995644,0.7984858,0.010594119,0.11375357,0.013151316
0.9315126,0.00012671859,1.9004514,0.053079985,8.041176,1.825222,29.977833,3.5915305e-05,13.538813,2.5872488,2.652839,32.643806,0.8754215,0.0077325758,0.0011651563,0.09877293,0.5025981,0.009307738,0.136705,0.008954915
1.080815,0.00015718226,2.4486625,0.05870494,9.237855,1.1105429,37.015907,5.3115302e-05,10.620981,1.5041922,2.8079329,41.786034,0.59600496,0.013959628,0.0014479797,0.14776431,0.74584955,0.01463102,0.14963517,0.015588104
1.0542135,0.00029645927,2.8547397,0.06230986,6.168117,1.3511697,27.621367,4.090096e-05,10.621776,2.4654536,0.9335742,71.15851,0.9850161,0.018372111,0.0022676126,0.073642574,1.3664044,0.009234294,0.14352205,0.009650475
1.286265,0.00025206633,4.4542837,0.11376327,6.148878,1.2732286,29.9629,5.7747086e-05,11.28937,3.2300038,3.3084323,90.07181,1.8090041,0.020887917,0.0024207742,0.21278813,2.4267442,0.016288398,0.11863371,0.01358129
1.2577586,0.00031287197,4.8689346,0.050686374,9.459275,1.2053199,51.965954,6.5259286e-05,10.355581,3.0190086,3.1974118,93.66027,1.6213753,0.019286564,0.0019901812,0.23541366,2.5041196,0.011313087,0.082409754,0.010712441
1.3591096,0.00025340644,4.165711,0.06483769,8.54448,1.4992974,47.378353,5.750013e-05,9.303638,2.7583425,3.5137756,80.713684,1.1777937,0.019573493,0.0013597301,0.1876543,1.847534,0.011443502,0.08547723,0.01060306
1.465667,0.00017995948,3.0158737,0.07688191,8.618801,0.8499847,51.964935,5.0293478e-05,7.977735,2.3914747,3.9753754,62.647778,1.478891,0.012523463,0.0026416292,0.14211251,1.4450234,0.01059968,0.0640527,0.012599073
1.3108244,0.0002604472,4.8541994,0.11578545,6.264629,1.2111022,31.07591,5.5519635e-05,11.330535,3.532744,3.2906158,95.39744,2.080813,0.020280527,0.0021830574,0.24438727,2.2584686,0.017331425,0.15497299,0.018928947
1.3847244,0.00031151815,4.6964283,0.07506011,8.387903,1.5492018,46.56708,6.0311544e-05,10.018924,2.7756832,3.7960045,88.420685,1.1409712,0.0216579,0.001509407,0.18571113,2.3117814,0.009436607,0.06780149,0.008783805
1.3677361,0.00034099846,4.446102,0.07493463,9.501257,1.2360799,54.213657,6.290888e-05,9.33991,2.8078034,3.7778044,93.335434,1.3795002,0.015699714,0.0010308013,0.18649432,1.977341,0.0075847153,0.08719866,0.0065427045
1.1842779,0.00027491438,3.4161751,0.03905443,9.863698,0.8053028,48.699787,5.1525294e-05,8.659056,1.9687456,3.315274,67.50314,1.1077331,0.013614306,0.0018664512,0.19986162,1.6594051,0.010887006,0.08184234,0.010795649
1.4216673,0.0003704701,4.168392,0.07377842,9.730714,1.1834929,53.483715,6.329897e-05,8.937051,2.7449186,3.9031918,82.903725,1.2514994,0.020256633,0.0011862401,0.18742236,2.0889814,0.007248847,0.054549478,0.0062680203
1.4990342,0.00038696092,3.839626,0.14390396,9.557149,1.2348001,53.553837,5.4379638e-05,9.374575,2.9006615,3.2542908,74.20634,1.4728776,0.021562986,0.0013196027,0.18359457,1.6981839,0.010305407,0.0745556,0.0090459855
1.1469024,0.0003731875,4.255894,0.08050594,6.4616575,1.4015639,33.676815,6.184387e-05,9.891121,3.1687572,3.2219756,95.24213,1.5697196,0.022699015,0.0021038342,0.18275638,2.0564446,0.008739366,0.086621456,0.0077183982
1.2354456,0.0003330948,4.7203417,0.038879573,10.205658,1.4481575,60.315193,7.6370845e-05,11.430647,3.724158,3.2745056,91.47466,1.8302065,0.01361561,0.0016812293,0.23702402,2.3031006,0.010756474,0.09658792,0.009633137
1.326693,0.0003949299,6.45727,0.14658822,10.282062,1.7306584,43.258152,7.03943e-05,18.718628,4.5458264,3.6040587,131.40366,2.3806558,0.029252604,0.0037702273,0.24244043,3.8758056,0.018891104,0.053373337,0.019693034
1.086826,0.00037406402,3.8430686,0.06702588,6.942545,1.0752882,29.254322,6.156987e-05,11.697644,2.525052,3.461935,85.81833,1.4567369,0.017614594,0.0016830381,0.16782221,2.9805977,0.012504312,0.0623605,0.008808789
1.191463,0.00039758076,5.442271,0.09255038,9.366968,1.7413291,42.593445,7.615413e-05,12.129737,4.0596204,2.9327374,108.919556,2.5336897,0.02340941,0.002357842,0.2103079,3.2128453,0.01668895,0.09352529,0.012201097
1.0943696,0.00032097998,4.818668,0.050264604,8.128893,1.6422313,50.489307,7.659086e-05,8.511796,3.9661539,3.8559191,98.94168,2.1913383,0.013771515,0.0024801476,0.1961696,2.390477,0.010470847,0.061912235,0.010251401
1.1403306,0.00032403643,4.353927,0.048994314,9.854591,1.6795717,55.14375,7.7509736e-05,12.135754,3.9554696,3.871498,87.514305,2.2709348,0.014644644,0.0020077603,0.20883824,2.1179473,0.016481386,0.09016897,0.0127318995
1.246348,0.00027882014,4.262717,0.025202285,9.658534,1.3855416,58.953033,7.11657e-05,12.379391,3.0648766,3.407912,90.32516,1.543932,0.012112575,0.0017256871,0.22439347,1.8161335,0.011731695,0.08911629,0.012392081
1.2442318,0.00020924964,3.0805957,0.062470857,8.09648,0.8391971,43.006733,5.270802e-05,8.824788,1.8644699,2.9073293,62.903477,0.96183634,0.015705202,0.0030635376,0.16122954,1.3372114,0.010024292,0.06666881,0.014169124
1.5304062,0.00020113145,2.6403582,0.11529021,9.774932,0.823806,52.944866,5.4986234e-05,9.225178,1.6705289,2.7356482,56.76295,0.91678673,0.015170235,0.0027447995,0.13671842,1.3573723,0.01080862,0.087786935,0.011746299
1.2076873,0.0003060894,3.2750459,0.09348629,8.393393,1.2218047,48.05552,7.026274e-05,7.6396437,2.7269309,4.001213,64.59879,1.6514839,0.013484659,0.0038962453,0.1851831,1.774965,0.008626735,0.055034697,0.00967869
1.4751359,0.000316181,2.436332,0.20184375,8.383469,0.7844848,47.411083,5.8805388e-05,14.988016,1.527382,2.7927146,51.98984,0.86068666,0.02178126,0.0020940516,0.13944103,0.87358695,0.013072365,0.113676876,0.013123934
1.041136,0.000760453,9.263029,0.15468268,11.732508,3.2530582,32.875874,9.120849e-05,24.872726,8.78174,3.7476785,169.71446,6.0039945,0.020799175,0.004619726,0.2673242,4.5407796,0.01753358,0.05199035,0.019729087
0.9761159,0.00038100505,9.993796,0.058337286,12.587804,5.3124547,41.13348,8.051749e-05,26.677252,11.366288,4.0067205,197.51822,6.720809,0.015683841,0.0040900814,0.21370338,4.5845633,0.019147217,0.12294224,0.015653564
1.1899967,0.0002833754,3.7772563,0.061620336,8.050932,1.112154,46.65807,6.387991e-05,10.328931,2.470258,3.2905502,77.76649,1.3490115,0.015556229,0.0023803012,0.18811804,1.6574084,0.011664358,0.07731729,0.012001478
1.4695636,0.0002483103,3.7628212,0.08134158,10.513961,1.489358,55.664845,5.5685225e-05,17.187687,2.6377726,3.4232094,71.740036,1.1881461,0.019469302,0.001601757,0.17718719,1.6326379,0.012176133,0.09969963,0.011573764
1.2882854,0.00032635615,3.4362829,0.07354216,9.856677,1.2302365,58.507915,6.760351e-05,9.018579,2.7051086,3.626477,73.020805,1.4674468,0.013778224,0.0025474324,0.19042233,1.6225028,0.008862092,0.07811837,0.009285859
1.3293725,0.00029278055,3.2795956,0.062531695,10.212599,1.0968938,60.36851,6.4787644e-05,10.667145,2.3941803,3.3725371,71.180565,1.2945095,0.013831201,0.002146711,0.180284,1.6384372,0.010165847,0.08397183,0.010118239
1.2370404,0.00056032825,10.870884,0.15682897,10.171051,3.6431477,45.98675,8.492636e-05,28.739826,8.3553705,3.2889915,195.94862,4.616636,0.028380813,0.0037070897,0.30287665,4.879583,0.022877429,0.12972839,0.020256238
1.1502339,0.0004936247,6.7154517,0.09965502,9.82253,1.5099365,42.394363,7.356804e-05,10.471168,4.6325235,4.1909018,136.56732,3.7005599,0.019268053,0.002871209,0.2503977,3.488968,0.013252418,0.06989277,0.011793209
1.2318023,0.000330634,3.4529316,0.056490943,9.996666,1.0821455,54.815926,6.817129e-05,9.568635,2.522209,3.703591,75.34329,1.3748633,0.017263025,0.002244039,0.17813407,2.1028166,0.0068956553,0.049392078,0.008180257
1.2409573,0.00032515105,2.7511907,0.082349345,10.596898,0.9902936,47.479153,5.99173e-05,8.749201,2.2920938,3.925531,67.16999,1.22474,0.016434459,0.0024122302,0.15023047,1.6605409,0.0055713262,0.04710138,0.008114299
1.1414288,0.00037550446,4.4301343,0.056993175,8.449796,1.4132425,47.47761,7.4954536e-05,8.388417,3.108165,3.2296572,83.205574,1.7782547,0.018950993,0.0028959678,0.21610361,2.4602313,0.0073409043,0.044475365,0.0090443
1.2257735,0.00034687042,3.9434059,0.04750299,8.995564,1.2208613,51.91234,6.359913e-05,9.008404,2.9102054,3.8347073,82.52015,1.6820462,0.012932676,0.0016179384,0.20598602,2.0072284,0.01170531,0.061931044,0.011070889
1.2528058,0.00034559803,3.4052641,0.07222918,9.315562,1.0891383,54.011513,7.0787755e-05,9.68391,2.4985538,3.751018,71.528496,1.4787049,0.016686741,0.0027099866,0.18891838,2.0016074,0.007215738,0.057153635,0.008844328
1.2183045,0.00041085453,4.228699,0.07045371,8.875043,1.4891438,52.352764,7.4005584e-05,9.067646,3.391511,3.66658,81.06645,1.9809313,0.019207966,0.0030384792,0.21409184,2.2544227,0.00792991,0.04756871,0.009444974
1.2852249,0.00031483537,3.3906705,0.0527911,10.011406,1.0379932,55.298267,6.3007225e-05,10.56662,2.295802,3.3459735,71.96603,1.2298397,0.016766617,0.0019547637,0.19202453,1.9300917,0.010022479,0.06608996,0.010562969
1.1761547,0.00040611837,7.062859,0.13309091,8.182149,2.7765253,35.447826,5.7977526e-05,10.760847,6.9083734,3.5020592,140.25983,3.983259,0.02524127,0.0028298898,0.18905482,3.509476,0.011973714,0.036848735,0.015583427
1.2415131,0.0002712623,3.1913452,0.0583173,9.278653,1.2022429,49.87071,5.2356045e-05,8.06719,2.2979734,4.1766906,68.33502,1.1361579,0.010699411,0.001259525,0.15080082,1.39061,0.008468107,0.049522575,0.0092271315
1.1328015,0.00033448977,5.1382484,0.110912174,8.683971,1.8635874,39.37903,5.78764e-05,11.330933,5.101984,4.086916,106.97861,2.9510238,0.014618105,0.002619851,0.19896382,3.0208855,0.011822478,0.055835523,0.01104392
1.1908524,0.00027154695,4.734812,0.13938081,7.796015,1.4161686,36.188683,5.290191e-05,13.109426,3.7106197,3.3780425,98.862595,2.073236,0.02404148,0.0026896861,0.16055699,3.0486372,0.012530126,0.06639375,0.012479994
1.111983,0.0006806974,9.121596,0.17957172,11.643742,2.7793639,36.384884,9.573542e-05,18.95248,7.9394846,3.627907,162.69301,5.6370597,0.022723364,0.0038355552,0.2679745,4.2799006,0.021592917,0.07688102,0.02277821
1.1759121,0.0005089556,8.684714,0.105127655,10.048744,4.1552343,45.624893,7.619412e-05,10.851856,10.637115,4.2606645,171.6457,6.278881,0.017433869,0.0030950978,0.32916838,3.4206424,0.011964216,0.043705076,0.012703753
1.1204249,0.0002948945,3.260577,0.07856388,8.13543,1.1480135,39.837482,5.7054192e-05,10.158452,2.4996731,3.8293045,70.15422,1.4694304,0.011007001,0.001647855,0.16533817,1.8863381,0.010930411,0.06094652,0.009501412
1.1545775,0.00029368023,3.674031,0.09776459,8.270519,1.2228687,38.875504,5.4779262e-05,11.300588,2.8774526,3.6940985,77.956055,1.7008834,0.014056751,0.0019552165,0.15688646,2.3254147,0.011084617,0.059035014,0.009488529
1.1057807,0.0003090921,3.4702096,0.06803878,8.297036,1.1976869,42.44157,5.7890065e-05,8.213766,2.4989717,3.9892957,75.3447,1.3706808,0.009446353,0.0014565121,0.1891268,1.7126061,0.010774021,0.05746444,0.009632107
1.1338872,0.00028939472,2.7163622,0.070537396,8.461531,0.9041999,41.90869,5.3127504e-05,7.513191,1.8412734,4.174319,66.02609,0.9359111,0.013156519,0.0015787996,0.13130489,1.3386812,0.00772064,0.06430438,0.0093703875
1.1568778,0.0003283142,3.2838118,0.061349116,8.359489,1.0499594,38.65499,4.7431506e-05,8.902686,1.92854,3.873415,75.05669,1.1514263,0.019845853,0.002061768,0.13079916,1.8784566,0.009849181,0.08476275,0.010108672
1.3109927,0.00030703848,2.6795607,0.10222329,8.963502,0.9924415,54.0968,6.0881353e-05,11.42155,2.0615478,3.4867485,56.766212,1.1456764,0.014256491,0.0024177108,0.14491534,1.1385477,0.008752492,0.08298833,0.010036471
1.6432797,0.00022510858,2.8325322,0.08361212,10.938005,1.0690658,62.096664,6.088414e-05,12.7215185,1.9421823,4.6983805,59.74418,0.8350709,0.014245244,0.0014626061,0.17435694,1.3542776,0.010107891,0.09802145,0.011909877
1.1233522,0.00024873676,3.9159465,0.046346933,6.830272,1.1476516,33.177868,5.807617e-05,8.266376,2.563913,3.6953506,73.126976,1.4132847,0.01812069,0.0022368378,0.1500616,2.2566137,0.0069014253,0.033154614,0.0069246567
1.448938,0.00022246096,3.1747603,0.06929998,9.585004,0.9776384,54.961998,6.278201e-05,13.775712,2.299137,3.2644448,61.605183,1.2489225,0.019179057,0.0023594943,0.18482551,1.8769059,0.0101168305,0.0748694,0.011733612
1.2717708,0.00025572072,3.2859623,0.08306011,5.650456,1.3016701,29.521452,4.6204124e-05,9.874042,3.1395648,3.7065341,64.68847,1.941414,0.017085163,0.0008716503,0.15894242,2.0581896,0.008090102,0.109939896,0.0060416977
1.1676935,0.00040868614,8.284728,0.057677414,10.132882,3.5256681,39.364586,8.561712e-05,19.741365,7.449815,3.827522,177.91791,4.057965,0.021738295,0.003048523,0.23733388,3.6786053,0.013698202,0.100347675,0.010404268
1.1285354,0.0003642721,5.9443097,0.04629853,8.183664,1.4913129,39.724117,6.816361e-05,12.030514,3.7232234,4.5391383,120.977936,2.1417382,0.018275185,0.0013012656,0.22435887,3.1369057,0.012910973,0.065458044,0.008354974
1.2120023,0.00028886856,2.8563428,0.06814293,7.5614977,0.9853286,30.672157,4.513037e-05,14.077184,1.6755612,4.5637593,56.28496,0.723212,0.018355751,0.0008730656,0.13534696,1.2527484,0.013497101,0.08080749,0.007795367
1.1124918,0.00043901062,9.009303,0.096285306,11.584115,2.940388,42.206722,6.3760606e-05,22.303543,7.851177,2.83653,173.00926,4.9530783,0.022236967,0.0040429635,0.24144472,3.0289545,0.017568791,0.08358805,0.019258954
1.1921651,0.00031000574,5.7250223,0.09187429,7.7359967,1.5197375,30.268509,5.52918e-05,14.22102,3.5399294,3.2318969,115.90079,2.0356119,0.019934973,0.0022753694,0.18165778,3.1984727,0.011431853,0.06231827,0.013637898
1.1582825,0.00055821065,7.075464,0.09273947,9.87461,2.004387,39.887432,7.5704185e-05,17.09038,4.967397,3.947484,160.39905,2.5479672,0.026333611,0.0019745808,0.22694986,3.8834429,0.015258298,0.07543525,0.011236529
1.2689553,0.00036489675,5.653302,0.09583356,10.415445,2.2347276,47.30764,5.921091e-05,22.965626,4.968661,3.037164,107.596725,2.616822,0.022596415,0.0021458548,0.21579379,2.0075328,0.016862862,0.10179695,0.014625726
1.0529966,0.0004865137,10.235184,0.099008076,8.347245,3.5928805,36.104355,9.1208174e-05,25.385977,9.728074,2.9907503,187.18301,6.2117224,0.028781472,0.0056616743,0.24878791,5.0870333,0.011584022,0.075181775,0.013105977
1.3117665,0.00055243383,14.067196,0.16220911,10.312746,5.004226,51.993675,0.000103306054,26.482927,11.186408,3.636954,262.45523,5.318596,0.028572481,0.0035505637,0.26244158,5.2644324,0.016458338,0.15651628,0.015120203
1.0809412,0.00037329816,4.1917815,0.08237956,8.430235,1.2861906,32.238506,5.8107205e-05,10.985132,3.1199574,3.2138207,93.21996,1.7237835,0.019403746,0.002072692,0.17811854,2.6723194,0.014476691,0.068680674,0.011913527
1.0740019,0.0002785214,3.2580082,0.059342653,8.483218,1.181613,36.020958,5.2795924e-05,8.566814,2.683044,3.9228642,70.14292,1.5021794,0.009810267,0.0017580234,0.18114284,2.018842,0.009892329,0.045967415,0.010327148
1.1356628,0.00028899527,2.8999941,0.051958635,8.781298,0.9074321,47.35257,5.457696e-05,9.198445,1.9518856,3.5459433,62.18154,1.1040636,0.012106863,0.0016238836,0.16291136,1.5341959,0.009240728,0.0569071,0.010311206
1.125188,0.00035968825,3.6797953,0.059943784,8.619872,1.1028732,44.97109,6.675333e-05,8.027087,2.5059924,3.3992555,74.49545,1.5374252,0.014008432,0.0016849615,0.20048097,2.3124232,0.013941413,0.073564224,0.0100177955
1.1187062,0.00032205303,3.0493422,0.067558326,7.670078,0.96903455,36.34538,5.8519563e-05,7.60572,2.0323603,3.4831295,64.35094,1.1366271,0.012821605,0.0014746658,0.17082079,2.175434,0.011586926,0.05449225,0.008649809
1.1057955,0.00034587242,3.3433235,0.059697513,7.650549,1.0458573,37.648087,6.482129e-05,9.940182,2.3468485,3.571017,72.9822,1.3404086,0.0143172825,0.0014355502,0.17234653,2.1503975,0.010967164,0.05912437,0.00894666
1.278472,0.00034086904,3.3858855,0.072312936,10.226678,1.109166,51.450027,6.161287e-05,11.8864765,2.3846676,2.4049828,65.745926,1.2507045,0.01672268,0.0020667133,0.15515536,1.505481,0.012520814,0.0644123,0.013924874
1.3333725,0.00029091517,3.3871493,0.05541257,11.490297,1.0804783,55.456295,6.455753e-05,13.982763,2.50285,3.2024825,66.70211,1.291824,0.015044671,0.0017047666,0.17521073,1.6681865,0.012599894,0.06278265,0.0124614425
1.2295868,0.00026047393,3.2919772,0.06482598,10.796814,1.0218315,54.373646,5.265446e-05,10.277674,2.519744,3.2856305,64.57608,1.4466681,0.015572402,0.001970996,0.15211523,1.3664486,0.011261913,0.07809836,0.012548266
1.2587218,0.000306076,2.4101958,0.09005552,9.961567,0.8193802,49.924603,4.9995386e-05,10.166888,1.7384378,4.815439,60.410957,0.9773132,0.013747856,0.0013866177,0.13070466,1.0934695,0.009354031,0.089710936,0.012156899
1.1823502,0.00027730668,3.3410952,0.076462895,8.619291,1.1412381,39.453712,5.473231e-05,11.011534,2.4728632,3.8140488,71.023964,1.3604491,0.012415518,0.0017928503,0.17151558,1.934821,0.010213319,0.05238866,0.010969193
1.0669806,9.393038e-05,1.9032168,0.041830808,6.925587,1.2598064,19.892532,3.7147413e-05,12.552538,2.0773587,2.2776728,35.167866,0.76744473,0.008142403,0.0012042724,0.12056796,0.7064815,0.00953797,0.10202986,0.010678553
1.2120484,0.00012849481,2.399529,0.04331041,6.9902873,1.6336651,24.561148,4.673971e-05,12.710534,2.6031234,2.1137905,44.50182,0.9217817,0.0090801,0.0012710171,0.1341711,1.0262661,0.0104011735,0.1149185,0.00908916
1.2232062,0.00015533135,2.8617804,0.055674493,7.8128757,2.0531316,33.766586,5.5938137e-05,14.249936,3.2191756,2.461469,61.270287,1.0973793,0.01385813,0.0017582857,0.14783041,1.2057874,0.012222898,0.09948194,0.0102156075
1.3966352,0.00013493537,3.1133113,0.039005324,7.9679637,1.6166732,33.613697,5.023291e-05,12.328854,2.7849088,2.6327484,57.054493,1.000953,0.011112733,0.0015931737,0.15609482,1.715302,0.010602151,0.093366146,0.007835294
1.2014333,0.0002629181,4.197275,0.08289591,8.891484,2.2425709,34.19867,7.676493e-05,26.106932,3.352716,2.0646083,81.09475,1.4571422,0.012621174,0.004114863,0.22327109,2.6951885,0.014249981,0.10035861,0.011300856
1.4183599,0.00023814116,2.8828242,0.08853737,8.511994,1.6597253,32.19539,5.06744e-05,17.73721,2.5018835,2.6098506,56.157658,0.73694694,0.01952284,0.0010468585,0.1657334,1.3680071,0.009681385,0.12871298,0.008939733
1.1504469,0.0001474897,1.9631171,0.03469606,6.5299973,1.0642451,18.13498,3.561582e-05,12.972822,1.7162505,2.3460364,38.670948,0.49345875,0.0070196185,0.00018592484,0.13682187,0.84714,0.010804845,0.07785718,0.008453364
1.3336397,0.00026860973,2.9177632,0.04710077,8.359134,1.5820262,30.155546,6.20135e-05,18.505629,2.676918,2.1173096,57.72442,1.2382817,0.012939536,0.0013656495,0.18096621,1.7533573,0.011808569,0.09008803,0.008344615
1.2982106,0.0001579675,2.6051528,0.04715777,8.601577,1.6392752,28.409037,5.018391e-05,13.163625,2.3513062,2.5753381,46.900158,0.68674916,0.016563091,0.0013196901,0.16151959,1.0809551,0.0091239745,0.12074813,0.01116923
1.1383423,0.0002647464,4.10208,0.0519168,8.07606,2.4644866,30.44628,6.8200636e-05,19.556715,4.092793,2.3606868,70.03698,1.5834742,0.015142723,0.0015742121,0.16827394,1.7217246,0.012144182,0.1312232,0.01294554
1.4888421,0.00031622752,2.8379638,0.0577055,10.347657,1.2185493,34.377697,5.782875e-05,25.003885,1.8921866,2.4549477,51.054676,0.7510707,0.014605257,0.0008931469,0.20785664,1.797495,0.013240917,0.086059645,0.007937121
1.201049,0.0003136117,3.3247292,0.09115964,8.167396,1.746446,27.722925,7.042421e-05,19.715229,2.5815678,2.1535778,70.35607,1.1197433,0.013175641,0.0026102003,0.20254302,2.0858514,0.012963874,0.10490418,0.009075414
1.0917946,0.00026133767,3.1975389,0.093857355,6.4542236,1.7617648,26.740202,4.4143097e-05,12.649268,3.3743143,2.7052584,66.26046,1.4709722,0.01300383,0.0019666578,0.10542799,1.5159293,0.011106619,0.08492124,0.008278592
1.3734664,0.0002903857,2.9929922,0.08358962,9.073368,1.665386,33.776703,7.361448e-05,20.996475,2.5811098,2.1312628,59.503433,1.1220791,0.02075995,0.0017865559,0.19061972,1.72377,0.015088971,0.10172015,0.010817895
1.4434437,0.00034339228,3.1562676,0.09926733,9.287067,1.5179564,40.472626,7.255585e-05,19.745771,2.1660726,2.4900765,61.080925,0.8657232,0.024159424,0.0012097524,0.20988157,1.5555284,0.015966106,0.12795958,0.012180468
1.2716213,0.00021905279,3.5257597,0.0925664,9.941531,1.4368868,34.932133,6.563078e-05,18.120125,1.9219213,2.372906,79.6189,0.88835204,0.020552948,0.001853853,0.187565,1.8356011,0.0081412615,0.08029716,0.008022576
1.275055,0.00014606972,2.5013447,0.071894206,9.274323,0.8483984,30.98376,4.4822915e-05,12.943712,1.0217553,2.1312597,51.707733,0.41147226,0.019278685,0.00074840174,0.1482946,1.0534927,0.007007886,0.06450817,0.007362952
1.0289936,0.0002483614,3.407904,0.058426846,7.1805387,1.4058737,29.15239,5.8377856e-05,15.263505,2.1678894,2.230062,64.19247,0.9751365,0.018875213,0.0018439863,0.13924393,1.7821455,0.013467544,0.10029049,0.012285373
1.152547,0.00028830732,2.9170718,0.08498134,8.294041,1.5057684,31.926674,5.7766436e-05,17.71169,2.4296873,2.1745036,61.565002,1.0437311,0.023202028,0.0020538531,0.1443697,1.477173,0.014193448,0.10423075,0.013969966
1.2433062,0.0002770893,4.6508946,0.056247864,9.306412,1.960918,37.404133,5.9938455e-05,31.883892,3.7940536,2.9959652,94.814995,1.5288247,0.017798085,0.001363068,0.23970336,1.8527488,0.022729153,0.14349563,0.012209475
1.4144067,0.00031308728,3.010419,0.09552773,6.4357615,1.1889243,32.40398,4.9923023e-05,20.28408,1.8161542,4.518646,67.154045,0.50261545,0.0127619095,0.00079131284,0.14137599,1.2943382,0.01628649,0.065804906,0.008024886
0.879,0.00025932278,3.1582086,0.074056335,3.5632577,2.063054,20.56805,6.464765e-05,16.155783,4.2611876,3.5587223,60.179897,2.3871927,0.0076453686,0.0024993555,0.12341549,1.942422,0.017778402,0.1188709,0.006606968
1.1899246,0.0003609875,1.937235,0.15847163,5.644536,0.94230014,39.19975,4.4894663e-05,13.6293545,1.8757634,4.756538,42.15191,1.0552274,0.023308503,0.0014189685,0.11938372,1.056003,0.017210005,0.09243795,0.006734729
1.0912968,0.0001240502,2.9886558,0.053100515,6.250242,1.8536175,28.579418,3.9865623e-05,9.502818,2.5501778,3.5492184,55.31475,0.81916404,0.0081007695,0.0010079236,0.09233772,0.77806765,0.008712144,0.10752885,0.008321002
1.2146508,0.00011887734,1.9291153,0.06506834,9.590087,0.355461,42.09798,3.074367e-05,9.248162,0.20109728,2.1891341,47.501312,-0.04986137,0.021201214,0.0007688456,0.11075223,0.7324942,0.008226863,0.057381567,0.011100073
1.0779757,0.00021953318,2.1899958,0.07859205,5.3704844,0.96843904,33.5112,4.815349e-05,11.101499,1.8315426,3.7200167,54.54365,0.84153473,0.017460857,0.0016138264,0.11992322,1.475684,0.013976502,0.082478225,0.009525458
1.3109493,0.00030484243,4.244092,0.045833938,8.85312,2.4142287,32.703575,5.9470618e-05,36.620045,3.3016944,3.4090967,81.57337,0.9581307,0.014534242,0.0008147174,0.21860613,1.8647169,0.015617261,0.12602556,0.0069988878
1.1207461,0.00015585587,2.7958095,0.049619824,7.8789544,1.4536,28.323164,4.6124755e-05,11.763824,2.588206,3.4387944,62.816265,1.1617279,0.013085798,0.0011413726,0.130843,0.9263047,0.011772355,0.09872921,0.011291062
0.9207868,7.560495e-05,2.0009923,0.028821982,7.8600273,0.54701906,38.02872,2.9987494e-05,9.398267,0.63963497,1.3030227,48.431957,0.14712048,0.01589304,0.0007888956,0.11177378,0.5856128,0.00952026,0.09583668,0.014018317
1.0628604,0.0003049109,2.6502297,0.17908348,4.0494876,1.1039503,19.848728,4.5245088e-05,13.63866,2.975715,3.8404987,55.04027,1.4777193,0.009168232,0.0016359058,0.13592008,1.4257293,0.024777016,0.09485094,0.0108656455
1.3190858,0.0001723412,3.622739,0.067368776,10.285187,0.9428583,47.172108,4.274489e-05,7.822005,1.1580652,1.924536,86.637886,0.59900874,0.024668692,0.0014344899,0.14067397,1.2818203,0.00797092,0.08247219,0.010526736
1.2485836,0.0003358194,2.1638656,0.11805832,6.7605357,1.0354048,36.48824,4.557408e-05,15.945471,1.6712832,4.1434913,49.976063,0.6654613,0.017033547,0.0010746877,0.10305172,0.9230508,0.01269503,0.10402759,0.007816958
1.1385953,0.0003414448,2.1376572,0.10459827,6.481276,1.1181656,32.764908,4.9290295e-05,17.479061,1.8596283,4.7590513,44.18163,0.8885334,0.018337563,0.0009767135,0.15159842,1.3270346,0.019582458,0.1217579,0.0069877408
1.424152,0.00018503661,2.9138114,0.09368779,11.560062,1.4311799,56.532993,4.356754e-05,11.415238,3.339198,4.292754,61.044662,1.8338956,0.014986946,0.0013266873,0.14343622,1.1005763,0.011199265,0.12801053,0.011300473
1.4498396,0.00025002714,4.557663,0.086324774,12.016593,1.4952365,68.797585,5.2033418e-05,14.032789,3.8249967,4.9973288,87.65479,2.221601,0.015254296,0.0014166022,0.18203531,1.9248863,0.013718648,0.12782127,0.011492275
1.3702197,0.00018814237,3.2507145,0.08182227,10.935274,1.6118342,55.54905,4.404226e-05,12.568529,3.8666632,4.9970527,65.572876,2.0465863,0.013450774,0.001356462,0.15317513,1.258388,0.011624448,0.12731467,0.011313548
1.2414778,0.00031529219,6.7140784,0.065546826,9.211581,2.977737,50.735283,7.3109506e-05,22.217148,5.7440214,3.4610226,122.07895,2.4663374,0.019713154,0.002446724,0.2699971,3.2317421,0.022402534,0.12329868,0.017183226
1.1533008,0.00037048687,4.737815,0.07751776,9.36817,2.6043248,45.213005,6.858701e-05,42.431057,4.895435,2.9746041,104.724335,2.0975688,0.019217145,0.0023644422,0.19966532,2.7635458,0.020470535,0.1335869,0.016583158
1.2392989,0.0003409174,6.896652,0.09403278,10.468226,4.1428175,54.18996,7.3460804e-05,27.246962,7.911353,3.3093452,144.44365,3.3162951,0.022914467,0.002861187,0.20738637,3.176171,0.017372161,0.15841755,0.016416185
1.6077863,0.00019428079,3.0078793,0.093241826,11.852476,1.5842748,61.108276,5.0660954e-05,14.049296,2.877463,3.393318,65.939026,1.3467736,0.020264741,0.0012316366,0.15221402,1.1191988,0.010142281,0.12836999,0.012170305
1.2501339,0.00023386742,2.8078012,0.06594967,11.613048,1.6865088,53.68022,4.7850146e-05,15.096116,3.1475844,3.552226,59.553795,1.4096336,0.0154056195,0.0014892701,0.15404722,0.9827789,0.009513774,0.1531839,0.011704501
1.3515522,0.00027913932,3.4753797,0.091380686,10.764143,2.2102237,48.714077,4.796831e-05,26.49881,3.9278464,6.074835,85.08277,1.4018441,0.020244228,0.0015218357,0.13609086,1.2786783,0.009606481,0.11095439,0.011787555
1.0768727,0.0005090112,10.057946,0.10652075,11.131495,4.2818036,43.743015,8.232071e-05,33.97361,11.107513,4.698752,196.74815,5.261762,0.015760366,0.0023952879,0.24411376,3.9473596,0.019944789,0.121616066,0.017594257
1.5534017,0.00021112357,2.0686266,0.08613127,12.609342,1.436808,51.891476,3.9152306e-05,29.61005,2.0425167,7.1352015,61.828854,0.589496,0.013519272,0.0011008045,0.10379239,0.7351973,0.0075119836,0.122517906,0.0112119
1.4729189,0.00021836543,2.8100455,0.06507038,12.756222,1.5109059,54.25608,4.4973684e-05,29.59239,2.2423563,5.9572587,71.47123,0.63237417,0.014243918,0.0010629625,0.13242093,1.0848752,0.009877253,0.11801326,0.011589113
1.5704783,0.00029202437,4.2941074,0.16052333,12.293433,1.7286555,58.718937,6.177972e-05,16.643805,3.4496987,3.6875725,88.1158,1.7479664,0.022472922,0.0018410173,0.20503323,1.9006848,0.014556119,0.12402998,0.01475759
1.1942108,0.00036415446,6.790991,0.09495882,10.929158,3.562772,46.517796,6.9839996e-05,26.486767,7.2385983,4.0906696,145.73273,3.023149,0.02509772,0.0026010794,0.21967028,2.3034391,0.014153406,0.13496405,0.017935716
1.3717283,0.0004298426,4.3212304,0.15397266,8.398407,1.8414333,45.157745,6.258743e-05,21.79193,3.4782836,3.3800302,93.28424,1.6869152,0.022524592,0.0016789642,0.21661687,1.5616065,0.01286044,0.11194232,0.013172681
1.4072331,0.00024055352,3.1795366,0.07389384,11.879808,1.4331318,54.00022,5.3454012e-05,12.18933,2.674312,3.629897,64.71953,1.1699266,0.0165765,0.0014494662,0.17463669,1.2940435,0.008631092,0.1121416,0.009899617
1.7293853,0.00019974097,3.2175636,0.13530429,12.481339,1.906246,52.74397,4.5050656e-05,29.924746,3.0141177,3.6526356,70.19603,1.2638328,0.024064682,0.0020065089,0.12905754,1.5835644,0.011868541,0.11857319,0.012719763
1.383562,0.00029875853,4.365948,0.11409711,10.779669,1.5541952,42.898724,6.7386536e-05,20.17922,2.5449705,3.29744,88.0906,1.0585117,0.023438575,0.0019422609,0.23464511,1.837042,0.016997997,0.1240405,0.015229253
1.8881806,0.00029051185,4.077291,0.15306059,12.430838,1.3827698,57.011017,6.3592735e-05,20.044943,2.253264,2.5605173,94.010864,1.1203035,0.025654143,0.0018339974,0.23358107,2.1097643,0.015105644,0.08395674,0.01280273
1.7875348,0.0002779307,4.553495,0.14372115,12.34408,1.8660748,59.996803,6.410888e-05,26.328232,2.9801087,2.4150276,107.61451,1.193157,0.030857451,0.0018629488,0.21640562,1.8663384,0.015149653,0.124994166,0.015535395
1.7649922,0.00025166836,3.6790597,0.14447573,12.409439,1.269199,58.41507,5.717908e-05,19.262253,2.1373572,3.12163,79.05948,1.0808667,0.021653391,0.0014780539,0.21101251,1.9343015,0.014187953,0.09815888,0.012316687
1.2636024,0.00031258105,4.9005256,0.11157076,11.257802,2.2465625,52.57425,5.6023127e-05,20.52241,5.406257,3.578401,99.514114,2.917275,0.019737253,0.0025705344,0.18706052,2.1095734,0.012666355,0.1298442,0.0144234765
1.3627439,0.00026859235,3.6882772,0.0893217,11.508127,1.5203998,49.13113,5.741129e-05,15.060337,3.2120235,4.7580967,74.892334,1.4738885,0.018435745,0.002151559,0.17665075,1.7546905,0.0083839875,0.094245836,0.010043884
1.3726206,0.00019921684,2.971046,0.05687138,11.07444,1.4554923,50.41896,4.9457827e-05,12.193748,2.4650798,3.8613808,58.14142,0.94548875,0.014968984,0.0011079456,0.18689851,1.1545249,0.009582422,0.11002142,0.009496768
1.602537,0.00024448094,3.9384804,0.17795609,11.8159,1.7316284,51.83362,5.478127e-05,17.171337,3.2544234,3.6327856,82.49302,1.8353244,0.023308188,0.0024646786,0.1533618,1.9993011,0.012672188,0.11717425,0.014759658
1.8060334,0.000266126,2.2806711,0.23067488,9.038834,0.7357006,26.061417,4.9403945e-05,14.840058,0.987263,4.1142173,39.91475,0.46750537,0.01087127,0.0014079682,0.11576372,1.2769682,0.004604382,0.05745083,0.0039038435
1.1362299,0.00020285834,3.1621428,0.05012975,8.005258,1.8110805,29.553482,4.818715e-05,13.949254,3.88029,4.2473783,60.11039,1.8313022,0.011595767,0.0013031594,0.12767349,1.2310313,0.01166774,0.10523181,0.008588564
0.9630436,0.00019380021,3.1009915,0.06947196,8.622653,1.3575323,33.296787,3.9077506e-05,7.343081,1.9038968,2.486134,65.65201,1.1077298,0.01992697,0.001703788,0.081455365,0.93936723,0.011671339,0.105556384,0.007628895
0.9563114,0.00025242133,6.0865803,0.064863876,6.959538,1.8983392,32.673206,6.251579e-05,12.960037,2.7900164,1.6618377,125.33676,1.5143094,0.025883209,0.0025930775,0.15084893,2.0902102,0.015340736,0.13016768,0.014683158
0.9749038,0.00024296995,4.8539786,0.06565508,7.1190224,1.6463572,33.373226,5.7260753e-05,10.270147,2.2766087,1.7361944,101.85981,1.2416747,0.023201887,0.0022264107,0.13469383,1.530554,0.013951532,0.12891462,0.01288697
1.218213,0.00018371324,2.857022,0.10733473,10.260092,1.5303693,39.761223,4.3812655e-05,11.435866,1.884797,1.5121958,64.20643,1.0885429,0.024440704,0.00167554,0.08459574,0.80224115,0.012610513,0.12906118,0.009559155
1.3565063,0.00029889587,3.7785048,0.06233411,6.92957,1.2423772,25.439688,5.410163e-05,19.649796,2.3697176,4.4077992,68.58066,1.3458154,0.01878614,0.0013997148,0.17844296,3.231523,0.0118520595,0.06668837,0.0055058175
1.2077452,0.00031207036,4.8354254,0.06629145,7.997566,1.6397744,38.128277,6.449227e-05,14.756751,2.055143,2.490992,91.99537,0.84514827,0.02238111,0.002217821,0.17285618,1.9732884,0.016353663,0.124329396,0.0128314
1.2562857,0.00031082344,4.5086246,0.067970805,8.024852,1.5459871,41.301334,6.486357e-05,15.592279,1.673769,2.3317595,89.528755,0.6345607,0.025857884,0.002047689,0.20210244,1.6463337,0.016317705,0.1374561,0.013679561
1.2715743,0.00032021914,4.1751127,0.069057316,8.202354,1.4138209,43.312008,6.2751235e-05,17.860098,1.5594609,2.4368796,82.447845,0.6508568,0.025626458,0.0022093668,0.2216312,1.5271429,0.01651125,0.13804805,0.01359899
1.2335804,0.0003049139,5.5662136,0.073338635,8.137899,1.8489306,38.81532,7.069002e-05,14.700981,2.2483444,1.7421116,109.75956,0.92747337,0.025597986,0.0022162178,0.15370025,2.260555,0.017770668,0.12842257,0.013732353
1.2293438,0.00032690942,4.31662,0.071837805,8.037049,1.493824,39.62884,6.491254e-05,16.16709,1.8200282,2.449824,79.8464,0.77016824,0.022717012,0.0026018657,0.19343482,1.7904338,0.016498782,0.122881405,0.012576137
1.3571843,0.00027103483,3.5441117,0.085227735,5.565601,1.4290283,26.00571,5.6078334e-05,13.502835,2.3563356,3.8894897,69.89715,1.3360449,0.020990279,0.0014263092,0.16061862,2.1952305,0.017762074,0.09676833,0.009140046
1.3362377,0.00021358869,3.9994185,0.054734122,8.733833,1.5577271,29.799791,5.2579406e-05,18.378746,2.6808922,3.112382,69.54711,1.0468415,0.016594227,0.0012019014,0.17947662,2.0119548,0.012380665,0.09888912,0.007417873
1.2053323,0.0003296674,3.7788026,0.08587026,5.5450997,1.8695215,25.388079,6.234846e-05,13.659266,3.3881989,4.2610683,77.22471,2.029305,0.021617858,0.0018909541,0.17154749,2.36362,0.017646706,0.10235202,0.008325751
1.7182565,0.00023665049,2.7964823,0.07397279,8.436455,1.3011819,35.710476,5.3758144e-05,16.409126,1.7905728,4.723097,52.632496,0.95215267,0.016907824,0.0010593949,0.16019635,1.7483454,0.013665981,0.082312375,0.008352749
1.223591,0.00031073522,3.6090338,0.098967694,4.645642,1.5158384,20.843647,5.529305e-05,11.725148,2.938188,3.3167887,72.827225,1.6122111,0.022186661,0.0016413177,0.15383682,2.2177532,0.016398879,0.09680645,0.007792582
1.5341836,0.0002578275,3.206908,0.07558596,7.588882,1.785987,32.03383,5.824686e-05,14.35022,2.5773208,3.344488,69.47774,1.2395257,0.022374265,0.0018534424,0.1432563,1.8718898,0.012064856,0.08812102,0.009087726
1.3769879,0.00026122367,3.8293526,0.06021938,7.238258,1.4530829,30.858229,5.062577e-05,9.41891,2.4261332,2.5781255,83.0972,1.1241903,0.022819502,0.0015546278,0.17290185,2.2077234,0.013430456,0.06845206,0.010150804
0.86304224,0.00013653113,2.3381004,0.03024893,8.916549,1.9781361,39.263126,4.0504296e-05,15.613755,2.4592326,3.5617156,58.60741,1.027212,0.013749403,0.0013039617,0.18595523,0.8687133,0.01793329,0.13422391,0.017083846
1.1267052,0.0003784561,4.685103,0.0669188,5.406624,2.1910374,28.756405,6.879281e-05,15.131119,4.4750767,3.9492006,91.112076,2.558885,0.020113176,0.0021462718,0.18416035,2.7400846,0.018195553,0.120641895,0.008213002
1.003151,0.0003794304,2.5239167,0.10353531,7.9662232,0.9059957,24.957088,5.0127863e-05,27.601212,2.1480942,4.00523,51.149544,1.2437959,0.014587897,0.002103258,0.10908018,2.3420045,0.013628321,0.08902775,0.008087944
1.2150567,0.00031851276,5.975346,0.07393435,7.874501,1.9430394,36.732033,7.227999e-05,16.29734,2.5089555,1.8268311,116.154305,1.071624,0.025352985,0.002218846,0.16055459,2.4734666,0.018568719,0.12976618,0.013828019
1.2560794,0.00034495708,4.5182095,0.07528851,8.188706,1.4844065,41.464073,6.7186586e-05,15.900331,1.6535294,2.508702,86.94434,0.6566639,0.027407076,0.0024556369,0.20974256,1.7978897,0.015750816,0.1299256,0.013511487
1.2628835,0.00033354142,4.04581,0.07923709,5.0622215,1.5898067,28.80838,6.22064e-05,14.84712,3.1590443,3.7302015,77.699844,1.8416824,0.020295983,0.0017524391,0.17234188,2.4767067,0.01907446,0.11269214,0.009004055
1.2768537,0.00036481963,4.4669046,0.08538916,8.463095,1.4451722,42.78041,6.9228096e-05,16.442358,1.6203988,2.499704,83.92879,0.6694781,0.029269254,0.0028724226,0.22548729,1.8715507,0.015983589,0.11912153,0.0136898495
1.2403024,0.0003085884,4.4694514,0.06930966,8.241705,1.5908178,38.064087,6.500868e-05,15.416357,1.9278268,2.5076108,81.74319,0.7853566,0.021096407,0.002339576,0.18113193,1.8234096,0.017191013,0.124218866,0.013273881
1.2178602,0.0003279932,4.7950068,0.07372798,7.980379,1.6259134,36.38248,6.8194735e-05,16.395218,2.025377,2.4826345,87.52431,0.8544809,0.023385193,0.002545625,0.18721561,2.0179384,0.01715447,0.121989004,0.012973261
1.1378344,0.0003649695,4.303829,0.079293,4.7544823,1.8676554,25.145834,6.3942425e-05,13.655626,3.680079,3.593628,84.579544,2.2170868,0.020271547,0.0020606134,0.17757015,2.7555027,0.017156864,0.10508476,0.0073214876
1.4746131,0.00016926457,3.5149891,0.061070643,9.894647,0.6323933,53.52442,4.0786035e-05,5.8037443,0.92746073,0.84331656,97.32633,0.6324046,0.018952502,0.0017311967,0.13418584,1.3262867,0.0070540565,0.05825401,0.010723499
1.0433905,0.00020490208,2.4089823,0.054804098,9.141768,0.9338703,29.658108,4.788841e-05,23.948887,1.4443678,1.565441,47.358044,0.617455,0.017584953,0.0014926555,0.101521,1.3657831,0.011192992,0.12303079,0.008917946
1.1410618,0.0002142866,2.3443012,0.06854837,8.375547,0.9325303,25.832779,5.1882842e-05,21.765015,1.3971685,1.8635975,45.442463,0.5953887,0.01837516,0.001264992,0.09625732,1.3235284,0.010153445,0.13560869,0.0085252
2.0140178,0.00031095053,2.817862,0.22280169,7.676292,0.8090628,17.429249,5.5600576e-05,18.48671,0.99754345,3.358957,58.34429,0.24307759,0.017247986,0.0006769673,0.09111234,1.9174875,0.0029811997,0.069203585,0.0014754388
1.7202438,0.0002841216,2.5847359,0.17280827,7.874869,0.86295706,20.05343,4.8805374e-05,15.197459,1.2605249,4.226419,46.869926,0.48964638,0.0128211845,0.0012442856,0.107416265,1.6245506,0.0038118637,0.06990944,0.0019109146
0.93153054,0.00022024532,1.4204301,0.027646594,6.8208485,1.0687923,22.995108,4.2916083e-05,9.510185,1.2786885,1.3341392,40.482365,0.31338194,0.009136517,0.00055585674,0.09633948,0.4207388,0.011182137,0.15541005,0.008362552
0.9530094,0.0001364056,2.7122502,0.026442103,7.8996277,0.74134505,29.873056,3.9340863e-05,14.266598,0.97135556,1.4462296,59.055428,0.288635,0.010201752,0.0009575438,0.101263374,1.3327762,0.008704311,0.086055905,0.006706357
1.0950662,0.00038300417,0.893739,0.1382796,6.4465795,0.73725605,30.469034,2.6172023e-05,11.804756,0.9686619,1.3708376,43.97133,0.4280914,0.014305234,0.0012586133,0.063028075,0.22582579,0.008081569,0.12798257,0.010209768
1.2931082,0.00030731506,3.4139075,0.08900644,5.248214,1.6618317,25.204443,5.9885177e-05,12.851623,2.9399488,3.7941675,70.74442,1.6537027,0.021492992,0.0016474728,0.16058694,2.080143,0.01590656,0.09633921,0.008507797
1.3017265,0.0003532255,3.9729397,0.080100134,8.59527,1.3038341,45.61353,6.359027e-05,17.730923,1.4680719,2.5686395,76.21596,0.6196569,0.026710587,0.0026463573,0.23130035,1.591125,0.015643362,0.116859116,0.012681448
1.2770088,0.00033177718,3.9716754,0.07563968,8.291085,1.3602905,43.578663,6.314183e-05,17.317692,1.5622349,2.5165858,74.62652,0.6620645,0.024286797,0.002624144,0.216516,1.6241411,0.016075434,0.1157558,0.012298398
1.1224946,0.00045209232,3.6262758,0.12338427,8.787692,1.1379868,26.439741,5.9052014e-05,26.343325,1.9875455,4.5256033,75.43998,0.7728455,0.025219781,0.0016112472,0.13643937,2.4681811,0.0105948085,0.09596534,0.0064890967
1.1392684,0.0004411196,3.5913568,0.10123688,8.940497,1.1357335,25.953289,5.949343e-05,24.518072,1.7535017,4.0601497,72.24559,0.6029032,0.024249056,0.0012190406,0.14329207,2.3015895,0.011138576,0.10214513,0.0070013097
1.2281847,0.00030529828,4.8140216,0.0648706,8.224206,1.6754715,39.732002,6.5729735e-05,13.97117,2.0565445,2.3175282,93.25697,0.85515887,0.021872083,0.0022594603,0.16493164,1.9487886,0.016893206,0.12212356,0.013179583
0.9753238,0.0002581652,7.548823,0.050959084,5.048853,2.9367466,22.897367,6.9771835e-05,24.05267,5.451841,2.9817994,135.20963,2.440847,0.016960056,0.0017494279,0.22331996,2.339708,0.01947193,0.14252639,0.014056807
1.1773204,0.00044958945,3.0118663,0.24435876,8.862264,0.97203124,28.412174,5.7901434e-05,26.162485,1.978903,3.932913,69.99015,0.8899149,0.024423465,0.0023248568,0.10829462,2.2429595,0.01049078,0.0845198,0.007205487
1.6764241,0.00025091323,2.852218,0.07955612,8.479205,1.300872,35.686543,5.2519907e-05,16.492744,1.7469649,4.895057,51.35831,0.96124613,0.017429912,0.001117924,0.15235339,1.8509189,0.013163423,0.08362933,0.0072616776
1.4008863,0.00040716963,3.4086604,0.11288826,9.734536,1.1020378,52.82527,5.839484e-05,16.581652,1.1507906,2.643554,69.32658,0.39797857,0.03826392,0.002740506,0.2737451,1.1962801,0.01488943,0.104450345,0.015584903
1.4363817,0.00020490517,2.935194,0.07434501,8.740674,1.4760323,35.468517,3.796718e-05,11.7814865,2.163231,3.3711503,61.4991,0.7014685,0.02105576,0.0010750956,0.13848184,1.5546613,0.013489723,0.06490803,0.008005368
1.264998,0.0002599056,2.8712778,0.080670714,8.824115,1.5413711,34.410255,5.5007455e-05,10.711892,1.7501302,0.716859,61.755627,0.9513586,0.020292498,0.0013320465,0.079220444,0.7818552,0.012700036,0.14927979,0.008740048
0.9559108,0.0002871959,4.7177744,0.050657127,6.4554825,1.8773242,32.11985,6.109958e-05,14.976707,2.4610806,2.5083752,95.658424,1.376443,0.019192334,0.0021199905,0.17107303,1.7440382,0.017506674,0.14056723,0.01315096
1.386199,0.0003506378,5.07686,0.091508,8.244011,2.0476239,41.93795,7.037786e-05,13.078494,3.5427463,3.3696034,99.43545,1.8739942,0.01839056,0.002176319,0.21190773,3.0432875,0.014843548,0.06907613,0.0076516434
1.0486279,0.00044033275,3.8965886,0.2500267,8.996531,1.0994879,31.739813,5.5690587e-05,23.543531,3.0524528,5.057568,92.314514,1.8666178,0.022034453,0.0029996396,0.12169053,2.8710613,0.012266133,0.08203358,0.008024792
1.3608679,0.00057123293,3.2074366,,10.256761,1.055106,35.95102,6.270485e-05,26.499168,1.9974144,4.376072,78.809235,1.1299937,0.03231927,0.0028650898,0.12157934,2.303451,0.010885436,0.08769584,0.0075367624
1.1545486,0.00048348896,3.779074,0.15669592,9.421167,1.1364727,30.071074,6.0502134e-05,26.650242,2.2497177,4.7813115,83.15671,1.0361155,0.025828242,0.002006262,0.13822395,2.6328645,0.010422322,0.089297794,0.0066707563
1.0047411,0.00040485398,4.7207036,0.09240424,8.081756,1.3347771,25.198158,5.8719954e-05,24.001417,2.6365333,4.4290104,89.43848,1.0977297,0.025727777,0.0014980382,0.15938638,3.1462336,0.011933792,0.0991607,0.006296954
1.700819,0.0004661293,3.3425183,0.15733638,12.379933,1.5969445,69.49693,7.019174e-05,17.631804,2.4320312,4.757344,76.241135,1.0909407,0.023278171,0.0019203381,0.26137352,1.8286283,0.019356413,0.08187017,0.011914014
1.3198512,0.00028461768,3.0269644,0.06799818,10.90323,2.4032483,49.987263,6.3155734e-05,21.013353,4.369896,3.3479922,72.26504,1.8594258,0.014564922,0.0023122916,0.20117605,1.4772013,0.016702643,0.13724619,0.013246497
1.1814408,0.00046379532,4.6805916,0.11179921,10.274162,2.8309965,52.411335,7.291654e-05,13.995079,6.0106235,5.336413,105.99884,2.553648,0.019591419,0.0027288825,0.21451795,2.0540948,0.018172296,0.12524964,0.0138216205
1.184486,0.00049269863,4.6404557,0.09073162,13.978726,2.6836293,58.279217,7.353943e-05,16.183048,6.0109377,4.335643,89.32252,2.336557,0.021047236,0.0024806533,0.2232014,2.0364351,0.018338362,0.11081847,0.009467812
1.2317137,0.00033943928,4.820718,0.06213533,9.218154,2.425009,47.825294,6.642568e-05,17.288523,5.0770574,4.6513915,103.71715,2.0252624,0.019229388,0.0022694864,0.1912423,2.6502378,0.015942225,0.09660124,0.010756685
1.1957501,0.00039114952,6.0749183,0.06676935,12.845724,2.9052649,48.88464,8.969117e-05,17.711075,6.6133194,3.188664,126.83573,2.704506,0.016769772,0.0027774936,0.28274375,2.6463916,0.020076327,0.14345193,0.014089861
1.1907024,0.0004189376,4.676654,0.077780075,9.580511,2.4273505,50.9614,8.2488456e-05,15.781639,5.3487477,3.8133945,103.01242,2.3523781,0.021383602,0.0022762818,0.23190534,2.2952619,0.022989392,0.13586362,0.0137501005
0.9239033,0.00044201914,2.6892629,0.06805766,6.130416,1.4056563,20.581749,5.490926e-05,16.573603,2.1361566,4.502368,71.846855,1.0071418,0.007201833,0.0013934709,0.10433829,1.3424041,0.008758926,0.0884207,0.006584772
1.3207717,0.00043255638,2.9274757,0.1436134,9.904088,1.8797477,50.983444,5.6630568e-05,16.908472,3.1865034,5.215382,69.62352,1.3006588,0.020863406,0.0020672418,0.17294626,1.2970692,0.016243517,0.13093086,0.0111789955
1.3058034,0.00048045017,4.3451076,0.12578984,11.94162,2.6297812,52.31381,8.034064e-05,18.127728,4.7129145,4.481278,97.61575,1.7305921,0.027614428,0.002521635,0.24516901,1.9315335,0.01800803,0.1341997,0.0131479325
1.2600678,0.00044678315,4.209205,0.1231238,10.8668585,2.6658325,48.115124,7.131037e-05,18.130762,4.589267,4.8654275,98.76285,1.6154864,0.026094778,0.0024051107,0.2154423,1.7221794,0.018036213,0.14449693,0.013711409
1.4585699,0.00025315213,1.9452161,0.1272064,9.941113,1.3721619,34.837887,6.381497e-05,17.927507,1.7671064,2.9816508,42.214565,0.62206143,0.016183542,0.001639266,0.152366,1.0617002,0.018160257,0.1326608,0.011024749
1.7551972,0.00027492983,2.1852088,0.1581279,10.597081,1.0280713,38.26538,5.843872e-05,14.082948,1.4675139,4.460893,46.86045,0.6817221,0.01834421,0.0015289134,0.18548577,1.3070042,0.017416911,0.087547414,0.011479164
1.1901222,0.000284515,2.9794312,0.07048013,9.002244,1.4431102,29.729904,6.778144e-05,22.48913,1.6534544,2.3639097,70.68198,0.44006646,0.022425527,0.0011608292,0.24185486,1.522455,0.021798588,0.16517462,0.016494036
1.1011673,0.00024704437,2.4531164,0.081298366,8.035715,0.84600896,28.53592,4.7690686e-05,17.023563,0.96866107,2.7504144,51.334873,0.23283477,0.021870885,0.00058168184,0.13179114,1.0289159,0.010614736,0.057381593,0.009477737
1.687461,0.0005135322,2.95212,0.23597804,9.959149,1.0855503,54.11292,5.2702628e-05,26.466244,1.7451116,3.4606433,75.71858,0.74486196,0.023032067,0.0018675162,0.18129021,1.5944418,0.023061741,0.13887754,0.013356584
1.6925737,0.00052542053,4.569476,0.17589076,10.741515,2.2342994,62.12264,9.736699e-05,21.43679,3.374514,3.6691146,98.60846,1.4920995,0.023288881,0.0026559813,0.2821089,3.018438,0.016467236,0.08876394,0.009826942
1.6925737,0.00052542053,4.569476,0.17589076,10.741515,2.2342994,62.12264,9.736699e-05,21.43679,3.374514,3.6691146,98.60846,1.4920995,0.023288881,0.0026559813,0.2821089,3.018438,0.016467236,0.08876394,0.009826942
1.2059239,0.00038331113,4.0478134,0.059352767,10.337453,2.4435005,44.225445,7.141165e-05,15.965485,4.62958,4.966833,86.42941,1.5971235,0.012051843,0.001989233,0.18999815,2.33679,0.0155259855,0.08960568,0.007217373
1.5992376,0.00016591133,1.4634174,0.09446658,9.705647,0.7127739,33.25122,4.5861172e-05,8.098209,0.54479617,2.0302036,33.310394,0.15677887,0.016803896,0.00023099658,0.1348588,0.71557695,0.012957816,0.12997298,0.010528225
1.8953893,0.00012325143,0.9895452,0.07473411,11.257868,0.7428299,39.614487,3.38056e-05,7.976615,0.4429165,3.9104178,28.973036,0.020597387,0.013346682,-0.0003089132,0.10009291,0.37238324,0.010380414,0.14249933,0.0088705635
1.7213106,0.00020747352,1.0746429,0.10294793,10.459213,0.97976506,47.760563,4.1663083e-05,29.782484,1.0755403,3.4708843,36.122677,0.16654015,0.017783932,0.0009037077,0.088492975,0.26787964,0.008973642,0.14506823,0.014347933
0.94641906,0.0002137619,0.88521534,0.07258544,8.293585,0.7667403,31.43688,2.772999e-05,10.503793,0.8624912,0.84853786,44.94671,0.27744573,0.01561148,0.0012469017,0.034942966,0.15116623,0.008739619,0.18211083,0.01166907
1.3091844,0.00017272616,2.8366656,0.09040263,8.26721,1.1672279,38.498974,4.8804544e-05,14.356266,1.4372033,4.9148235,58.3042,0.39746857,0.015302671,0.0008440433,0.1430512,0.8082759,0.009431081,0.0977764,0.011948999
1.3854162,0.00040538353,1.117615,0.15284762,17.756865,1.0293342,55.09292,4.4509125e-05,29.1981,2.3155499,4.0086675,52.445587,0.9787798,0.016143758,0.0013776207,0.0995032,0.4423083,0.0119031025,0.14804943,0.014204718
1.333993,0.000400536,7.22619,0.10183208,10.173589,2.776202,51.107307,8.503889e-05,12.189625,6.485568,4.1317334,135.25713,2.745109,0.025827134,0.0031921386,0.24470976,3.5635343,0.009996663,0.081326716,0.009451248
1.2129527,0.00041209598,3.882809,0.08812321,8.076643,2.0432305,45.1215,5.8975987e-05,11.682053,3.0131693,3.7674353,86.840096,1.5073895,0.01939807,0.002850045,0.15222482,1.6108458,0.010403982,0.11252957,0.0092778355
1.220407,0.0003975414,7.048764,0.11923123,8.972127,2.9829576,34.751366,7.325427e-05,16.690126,5.3916097,2.5131202,131.08766,2.7971232,0.023384033,0.0025292074,0.26542145,2.5605533,0.016260989,0.097676374,0.017283294
1.3758003,0.00019416944,2.650851,0.078323856,8.187018,1.2318999,44.024117,4.0144223e-05,10.353504,1.6116594,5.181132,58.807716,0.7274034,0.014229257,0.0013962145,0.107782185,1.1019769,0.008991634,0.09967229,0.008466437
1.3189675,0.00043669267,4.213388,0.15360108,8.375082,1.8086547,47.451794,6.439444e-05,10.7542095,3.1159933,5.551885,83.93438,1.5731086,0.024697421,0.0029536276,0.18288583,2.1792047,0.012554623,0.090274744,0.011504266
1.2320712,0.00031070737,4.0641437,0.11033147,7.3503876,1.882913,43.431675,4.6639718e-05,10.833863,3.232312,4.039221,88.47613,1.5361228,0.020364637,0.0027434647,0.11912743,1.876319,0.010708147,0.0777365,0.0095287
1.299932,0.0005572819,5.0090146,0.20046556,9.916047,2.1581283,50.521458,7.519765e-05,16.018188,4.857239,4.967016,94.5482,2.7811844,0.025409171,0.0036519184,0.23586944,2.636651,0.013906399,0.1026806,0.01215876
1.315948,0.00038600792,3.3767955,0.15056518,8.115083,1.4240648,45.581314,5.454094e-05,9.695712,2.1475475,5.2928267,69.85649,0.9704869,0.022127576,0.0024198699,0.15760021,1.7371937,0.012982294,0.07857811,0.0106375525
1.4132756,0.00043461705,4.707017,0.16330582,9.732396,1.9877689,50.60284,6.9755784e-05,12.874951,4.1481404,5.7105355,93.82773,2.1160295,0.022407345,0.002917847,0.23017798,2.3177311,0.012806798,0.09002198,0.011361978
1.450664,0.0002969029,4.0649505,0.11028797,9.946487,1.6742706,52.78589,6.651686e-05,14.962893,2.7515924,2.668054,89.950455,1.2499776,0.028165536,0.0020907773,0.23384055,1.8823336,0.017071318,0.10943988,0.014729283
1.568444,0.00023393835,3.9633548,0.11576271,10.622384,1.7272874,58.957912,6.1552724e-05,15.4219055,2.6726556,3.1985383,87.69181,0.9502337,0.021072824,0.0039644213,0.115495786,1.8739123,0.008355758,0.098356195,0.010808936
1.2085034,0.00023361272,4.17776,0.095384575,7.9686646,1.2860923,36.416462,3.8199385e-05,8.286254,2.6736877,2.2784529,77.828316,1.3362994,0.019762171,0.0017737565,0.0804448,1.6053331,0.008065564,0.079501756,0.009002977
1.2044351,0.00031812338,6.5314975,0.11086187,7.677668,1.3863686,34.220768,5.493935e-05,10.663167,2.8656723,1.3562868,124.2012,1.3803719,0.026197623,0.0022085188,0.108756684,2.40741,0.008910122,0.08291081,0.009936113
1.1092764,0.0003577572,6.642494,0.08165672,8.407951,1.8001328,39.92389,5.8868587e-05,13.448906,3.3812637,1.5977526,128.42294,1.6557282,0.023022885,0.0017565227,0.13542794,2.5456383,0.014330349,0.12124329,0.010742623
1.1681257,0.00028897615,3.7484667,0.09399063,5.753581,2.0807564,34.137615,4.2903204e-05,7.20912,4.2568483,4.2993574,70.605736,2.388671,0.017187703,0.0030176176,0.06879135,2.427402,0.0076457816,0.047316376,0.005827297
0.9934777,0.00023477236,6.793762,0.06769806,6.4535103,1.9291675,30.376743,6.053234e-05,12.1323185,3.1437998,1.3685316,128.09665,1.5253416,0.028181188,0.0024959445,0.11690234,2.250674,0.01474815,0.11574686,0.014426756
1.2817345,0.00027184768,9.477165,0.05554772,8.723534,2.6221664,39.928757,6.897518e-05,19.570889,4.9945827,3.2127955,199.22961,2.525352,0.017159661,0.0019836247,0.16984227,4.4977784,0.010199661,0.09297421,0.007548679
1.1591393,0.00025498107,6.1707234,0.08962142,7.9910846,1.3754162,33.141342,5.7153866e-05,12.483232,2.6411905,1.392482,108.578575,1.2575108,0.024679253,0.0024271167,0.11134056,2.238093,0.008770368,0.08917419,0.011022125
1.2345543,0.00025932392,4.8529053,0.084310666,7.1606627,1.382279,34.210186,4.838078e-05,11.141875,2.1148577,2.7659748,98.75669,1.0754584,0.01823796,0.0016854458,0.101837166,2.27733,0.008319963,0.07471712,0.0075493427
1.1833452,0.00016685201,3.314261,0.08543746,7.0456376,1.1966994,39.078945,5.0087263e-05,7.5923896,1.4797037,0.82029307,65.37722,0.6224614,0.01936116,0.0014511108,0.088618144,1.0087019,0.013391108,0.11306199,0.013416934
1.1866156,0.00035404248,6.245717,0.11619684,7.463714,2.3961372,37.270676,5.8085207e-05,18.523436,4.2142763,1.5357623,149.56302,2.249914,0.024203597,0.0012744924,0.12340041,2.6378205,0.010581897,0.10483785,0.0096199475
1.1527195,0.00025933355,5.7323246,0.10220647,7.2013593,1.2589221,28.740099,5.892714e-05,10.329047,2.6383324,1.1812799,106.31457,1.3372855,0.026412435,0.002151891,0.10293609,2.3864133,0.01028194,0.097558565,0.010087126
1.0182018,0.0002165142,4.786861,0.07333019,5.756065,1.6627256,28.337774,5.3872085e-05,9.495895,2.4755569,1.3918358,88.684456,1.1162906,0.022094196,0.0019770977,0.08983329,1.4133426,0.012360651,0.106968164,0.012236362
1.1430578,0.00027928664,6.800451,0.093366355,8.518657,1.7789425,42.024857,5.6104393e-05,12.192045,3.407623,1.691677,121.864075,1.6350884,0.024085145,0.0023537509,0.112932,2.440083,0.011241789,0.08543774,0.012243429
1.0383941,0.00024024757,4.6616526,0.07292949,6.0298367,1.6645863,29.0794,5.39816e-05,9.338385,2.5037732,1.342985,87.53463,1.150619,0.023042416,0.0018968036,0.086369485,1.3755921,0.012609089,0.112223245,0.011875956
1.1946399,0.00017860312,3.2271965,0.10027486,8.660625,1.2327418,43.288765,3.905416e-05,7.4544344,2.0729537,0.82444054,66.0223,1.0016627,0.022031033,0.002006361,0.078852095,1.0006176,0.01022127,0.12120414,0.015375948
1.2075485,0.00018395734,5.448668,0.057019837,10.088928,1.5443237,48.572258,4.575747e-05,16.984236,2.653202,3.110242,110.17668,1.282776,0.020372748,0.0019773743,0.13974412,2.2622993,0.011396413,0.096303985,0.012565892
1.1366644,0.0002932965,7.1034994,0.090862244,6.8858337,2.1247177,35.434673,6.271917e-05,15.463156,3.7640078,1.3334872,141.02133,2.2894533,0.019429384,0.0024949594,0.11170964,4.003881,0.010301171,0.073365085,0.008097606
1.3670627,0.0003548655,5.8122153,0.11751603,10.682912,1.2987162,50.19028,6.150532e-05,12.859871,3.562446,4.6285853,117.58342,1.9205656,0.017289873,0.0022181259,0.2995333,2.6549888,0.020532958,0.080874525,0.014559798
1.1021681,0.00028163858,3.7045796,0.026763245,8.044683,1.6502371,31.768795,6.168121e-05,18.023298,2.474014,2.8379452,71.667145,0.8140721,0.010140922,0.0014387923,0.1762801,1.9666021,0.018172093,0.0842913,0.0127398055
1.1764653,0.00018009968,3.795865,0.01655237,8.509065,1.2184876,34.87121,5.1218114e-05,13.68207,1.8124893,3.3230398,78.46704,0.46431795,0.012487935,0.0009078191,0.19580647,1.5771064,0.018110864,0.078289196,0.011227776
0.96073204,0.00020950094,2.7688498,0.04227263,4.6169906,1.3157234,23.812187,4.405478e-05,14.370763,2.2171922,2.2341707,63.56287,0.9189322,0.011142342,0.0012965439,0.10440959,1.2891204,0.013194532,0.100619994,0.00947708
1.1462139,0.0002798959,3.3795102,0.028325373,10.427493,1.5709437,41.951195,6.765295e-05,15.930727,2.318731,4.068182,74.42934,0.8169137,0.013001133,0.0014051774,0.2019086,1.5233388,0.020345021,0.096401244,0.0118003655
1.1525505,0.00016434636,4.2158804,0.032025293,8.179707,1.2945361,34.50137,4.659697e-05,12.804466,2.341599,4.5767345,89.83805,0.6248377,0.01396036,0.0010147168,0.19491513,1.8065287,0.019110844,0.0722608,0.012787001
1.2534949,0.00024260372,3.7680006,0.09032285,9.264992,1.0371401,44.727287,5.069976e-05,10.3422165,2.6211157,4.167966,76.25409,1.1675699,0.019926554,0.0021059527,0.1675106,1.9688877,0.01257736,0.066511236,0.012991596
1.2225999,0.0002720746,3.7723997,0.06520897,8.120743,1.1605884,37.61823,5.5955315e-05,10.8048725,2.0221133,3.5163643,80.424286,0.74049354,0.019923229,0.0016555274,0.17992572,1.5621023,0.010659063,0.10658252,0.011629415
1.0568936,0.0002848747,4.4099865,0.04623618,7.815053,1.4154226,30.361324,5.9264734e-05,12.393678,3.3615136,4.3501525,93.15717,1.1721172,0.017334862,0.0024601535,0.14747687,2.941739,0.009010628,0.025066815,0.010558393
1.3827126,0.00036545185,5.0840535,0.0953137,11.382182,1.4449015,56.728283,6.2074585e-05,10.713257,3.6346989,5.7192965,97.15778,1.9544948,0.016888771,0.0027289903,0.22941677,3.28555,0.012714882,0.027025426,0.008414935
1.2687347,0.00026766473,5.12357,0.0565174,11.429973,1.2778407,49.448273,6.518636e-05,16.096693,2.8941405,3.9312131,92.96266,1.3937582,0.01713981,0.0018818171,0.27863485,2.4699404,0.02061272,0.0802525,0.013956167
1.2242541,0.00029268157,4.683823,0.052699406,10.982786,1.3204324,46.94423,6.580047e-05,13.531597,3.216796,3.671816,90.130585,1.4209344,0.018914025,0.0023245087,0.2398006,2.3896198,0.014075998,0.08115655,0.014519913
1.1040182,0.0003179618,4.1220717,0.0603018,7.0140543,1.4543577,31.00994,5.1878807e-05,10.292246,3.0299664,3.930187,88.80205,1.0532166,0.019467626,0.0019322307,0.123517446,2.488502,0.007475654,0.031606283,0.008559096
1.3345587,0.00021100313,3.8533342,0.082042955,8.728768,0.93919176,38.27752,5.4458666e-05,10.222218,1.8782508,3.4004815,83.59892,0.7912697,0.015642066,0.0018547187,0.2288764,1.8347316,0.018006288,0.07975155,0.014384625
1.1387814,0.00026998145,3.881645,0.075343624,7.1904035,1.3071465,26.880941,4.219551e-05,10.082154,4.4967675,4.92897,70.98984,2.6679893,0.0128701115,0.0027600613,0.11476246,2.559894,0.009887298,0.029144192,0.0044822926
1.2000246,0.00019092244,3.802041,0.06980418,9.026749,1.863057,36.019054,4.9197166e-05,12.589249,3.027207,4.6464195,84.2261,1.0686296,0.0135720875,0.0012739501,0.15442593,1.6318675,0.015655324,0.062355336,0.008987695
0.9167825,9.541436e-05,1.6596228,0.022703575,8.612316,1.2131883,30.349344,2.7223994e-05,12.055263,2.0907397,3.9472892,48.350536,0.77573,0.0072756344,0.00068534014,0.06830697,0.66182697,0.010746854,0.11693114,0.008476553
1.2362779,0.00017741049,2.1939309,0.06344968,8.240901,0.82469594,30.50534,3.4609548e-05,8.846703,1.9116267,6.4114823,43.21718,0.8628688,0.011104625,0.0007454579,0.14643005,1.0060863,0.016693309,0.07455462,0.00917049
1.0253329,0.00013885733,1.633407,0.012159038,6.655841,0.9396802,27.725399,3.128508e-05,7.0525594,1.2675985,4.3527784,33.83207,0.42481863,0.005768125,0.00026062978,0.096631795,0.60849607,0.010526868,0.08698448,0.0059533133
0.87080765,0.00015060158,2.1595564,0.008544842,6.7304506,1.2366999,24.596216,3.0861418e-05,7.1437006,1.9070814,3.520507,39.36548,0.719894,0.0075255125,0.00072384794,0.08143701,0.9347502,0.009395722,0.064347476,0.0042180973
0.74736273,0.0001551801,3.086953,0.010880059,6.095601,1.8403478,23.943281,3.400188e-05,7.8054843,3.445847,5.1459136,55.711136,1.3835901,0.0072963275,0.00069282483,0.097801834,1.1588347,0.008997621,0.07297105,0.0033366587
1.2237586,0.0003306601,2.8845842,0.10758757,9.428605,1.1846989,41.398384,4.720555e-05,14.670258,2.6252453,5.610937,55.459606,1.1223441,0.0143800825,0.001382161,0.11130508,1.0957756,0.0074783373,0.080236055,0.0061844313
1.0251174,0.00017486225,2.6448007,0.041119765,7.981055,1.2153071,29.715364,4.6725334e-05,10.420246,2.245644,4.1511884,50.610985,1.2050849,0.00914361,0.0009341895,0.13771977,1.2247616,0.014370065,0.06701732,0.007551345
0.98605126,0.00021636764,2.0538404,0.0227931,5.881196,0.88870835,21.129236,3.6807254e-05,8.362144,1.5071323,4.361045,41.207035,0.68087584,0.008466451,0.0010759375,0.08635974,1.1641593,0.0065999907,0.04057288,0.0029498085
0.9830091,0.00012348976,2.7610772,0.027871842,6.205602,1.2632532,19.45684,3.7379985e-05,5.3143225,1.9650708,2.4353669,58.286526,0.6288597,0.010401768,0.00049981603,0.09108085,1.0210922,0.00916227,0.105850466,0.010581908
0.9845577,0.00034710302,2.9439414,0.06093537,7.141088,1.2478923,29.832462,4.997028e-05,13.981212,2.1386511,4.7277946,60.78578,0.9836495,0.010862657,0.0015240913,0.16315168,1.2602942,0.01102232,0.09517883,0.006754221
1.1870834,0.00021710017,2.914537,0.048894092,7.7515306,1.3517406,29.904394,5.0209415e-05,8.651119,2.3379977,2.7816284,53.75226,1.0083646,0.015138165,0.0011721285,0.13822734,1.2366773,0.0062062205,0.09115353,0.008420109
1.1493361,0.00019790416,2.871584,0.06456913,6.8160796,1.0217984,26.913742,5.089759e-05,7.3955975,1.7527667,2.9202397,54.136223,0.8208839,0.017445732,0.0012987945,0.12477556,1.4034547,0.008498373,0.102991864,0.008649852
1.0829314,0.00022041847,2.910498,0.044563677,6.144339,1.2542242,20.520027,3.9931994e-05,11.001622,1.9485209,4.5871916,56.868946,0.74842787,0.009340786,0.00030036675,0.15592985,1.228297,0.016209973,0.092676654,0.009506436
0.9171044,0.0002682783,6.3872547,0.07314653,6.238732,3.252898,25.45872,6.00168e-05,12.941033,6.558931,3.9654465,126.12281,2.6107624,0.015976092,0.0028338882,0.16028377,2.113265,0.011122282,0.112464644,0.012959122
1.1187017,0.00024794985,0.7481739,0.14785887,7.5015125,0.36253172,27.278496,3.1101317e-05,7.280649,0.44078705,0.2309974,37.339466,0.1231799,0.027861226,0.0014605332,0.05853403,0.16043362,0.006481698,0.1056009,0.012579091
1.2138973,0.00028805793,4.1039186,0.0764286,8.132712,1.2758524,40.47199,4.977567e-05,10.442431,3.0717251,3.6339326,73.2892,1.6007646,0.01605691,0.0019874258,0.12913701,2.2424266,0.010541612,0.051442593,0.0056662536
1.4618423,0.00013996045,3.270816,0.13553463,11.03481,1.2515458,57.355022,4.1613443e-05,17.802698,1.8071817,1.93259,70.60049,0.98324895,0.023837388,0.0016400443,0.18804452,1.3074526,0.014290169,0.11883741,0.014343531
0.8056543,0.000229118,2.413566,0.05733316,6.744652,1.2206595,20.223684,3.6820413e-05,20.151949,2.2160552,3.2009752,52.82282,1.1729642,0.011208415,0.001704477,0.07763919,1.5046778,0.010790881,0.089608766,0.008891747
1.6483232,0.00022077216,3.4599621,0.08699709,10.064628,2.2269323,51.157585,5.4451233e-05,11.724421,2.7990294,2.3820584,74.25798,0.94802403,0.01464351,0.0009387339,0.175822,1.05634,0.009539138,0.12708798,0.009903881
1.3584515,0.00040692487,8.440342,0.047278434,9.231332,2.50119,29.837612,6.70218e-05,23.448097,5.661933,3.8497174,157.91885,2.8581684,0.015936676,0.0017478288,0.19881956,5.9068375,0.012459412,0.0857792,0.0068647605
1.4675701,0.00023659691,3.910841,0.12960903,6.723101,0.8713223,32.201412,4.3370772e-05,5.043134,1.4949427,0.51890314,90.88562,1.1385683,0.021639321,0.0021116096,0.08177504,1.6060247,0.0062811268,0.087403804,0.007971924
1.4674742,0.00026479003,4.2432594,0.11032322,6.6471505,1.170607,29.033892,5.0500996e-05,6.65944,1.8663782,0.5159188,95.43044,1.4285662,0.018787894,0.0019376983,0.0892846,1.7727412,0.0051148953,0.096189275,0.0054290644
1.1347646,0.00027088536,4.654853,0.10492529,6.9486055,2.063804,33.084843,5.802123e-05,13.9960785,3.8868723,3.2204092,82.87926,1.7780831,0.021096623,0.0025133765,0.14598121,2.3043804,0.014824476,0.08339341,0.013475335
1.1952238,0.00011015842,2.439542,0.0811204,8.940574,0.8616887,46.5393,2.9443378e-05,8.795617,1.439032,1.3083409,56.78693,0.82876307,0.021661887,0.0015999987,0.12203867,0.84684676,0.008201705,0.10664464,0.0141235795
1.4286392,0.00028998687,5.0435123,0.17829804,8.551131,1.4445468,43.36544,6.515563e-05,18.895197,2.1018512,1.2330337,110.68094,0.98862123,0.029538173,0.0022309464,0.22890833,1.9365633,0.020283747,0.13749434,0.015845144
1.1098461,0.0004201902,5.672641,0.08877959,7.692569,2.3977952,31.656479,6.5413675e-05,14.217697,4.5214796,2.5623496,109.306725,1.8754449,0.027058357,0.0016106303,0.23087285,2.3889973,0.020762136,0.14355762,0.01956011
1.1886241,0.00023666797,3.310033,0.09680586,6.3797135,1.0734072,26.955807,4.552937e-05,13.423483,2.5274734,3.179003,63.60533,1.5003844,0.023424013,0.002388468,0.07132029,1.9859719,0.009714328,0.043774396,0.008433603
1.497741,0.00019250526,3.877114,0.11793324,7.286135,0.8012183,29.852207,4.8028425e-05,5.10347,1.6223534,0.8323949,74.7627,1.0969685,0.026911274,0.0023675282,0.07476173,1.7153503,0.0063985833,0.07877393,0.008554999
1.3132783,0.0005520156,13.580772,0.22593033,6.0088215,3.019407,34.81925,0.00011004536,15.441098,5.2363377,1.6541603,256.83954,2.2497468,0.062572636,0.0034167953,0.21622767,8.986022,0.024519265,0.14565879,0.011386993
0.96869546,0.00027971488,6.029367,0.10380537,6.0744076,3.356469,30.049128,6.487883e-05,15.65961,6.1757236,3.8221974,102.03668,2.5321913,0.01645107,0.0034947933,0.124098994,2.4434497,0.015000076,0.09601048,0.0131338
0.952222,0.00021582478,4.925526,0.039892763,8.64554,2.6980972,30.835747,5.9614427e-05,13.01092,5.1607804,4.1034675,98.99088,2.4983945,0.009018525,0.0015741129,0.20439976,1.924003,0.015166624,0.114486314,0.013030305
1.5089785,0.0003096115,5.046637,0.096170016,10.544216,1.7479814,54.98504,6.2632025e-05,15.028261,4.0015855,3.2675145,108.04438,1.9942415,0.02459332,0.0026724546,0.16606805,2.9382596,0.014337741,0.071891844,0.0127497
1.4187102,0.0002998626,3.139715,0.062147573,8.429127,1.4857507,42.761684,4.7143378e-05,7.131668,1.5730283,1.2881472,61.07327,0.32960445,0.02674916,0.0016450927,0.090608,0.6773001,0.0071675736,0.12133679,0.0077378163
1.1334314,0.00021827639,3.7760692,0.04839675,7.5785537,1.4180554,27.286388,4.9083286e-05,7.134332,2.4847312,4.246603,72.44922,1.099977,0.015018915,0.001808586,0.15579844,1.6816742,0.005401735,0.09533033,0.006216209
1.6357912,0.00035160317,4.244414,0.13640404,10.14231,1.2238543,45.64661,7.1830276e-05,26.243044,1.4569745,3.7756155,92.76408,0.47358796,0.031456694,0.0010845826,0.21659526,1.8432451,0.0134720635,0.12827921,0.010543234
1.3377174,0.00044596082,4.1049595,0.0774418,9.611008,1.4115411,42.59322,5.355879e-05,13.918851,1.9396541,0.3999701,83.19168,0.8337826,0.030652558,0.0022175983,0.16141957,1.3550348,0.009465243,0.12657966,0.008164991
1.4939779,0.00020334181,2.4173412,0.058222234,9.6322775,0.8609471,48.64476,4.1353305e-05,8.943487,0.8625462,0.99504423,50.23978,0.1133244,0.02997321,0.0014374994,0.12306156,0.6046649,0.009858687,0.1070886,0.012858178
1.1042179,0.00022079621,2.7700222,0.038484424,8.676103,1.5489653,30.694849,4.514724e-05,9.204008,2.7500105,3.7354462,64.267296,1.2002456,0.011508625,0.0006983554,0.12607378,1.0821936,0.008513481,0.099869326,0.009464472
1.6919646,0.00016062624,2.640439,0.08288901,7.0533876,0.8873002,39.24956,4.188575e-05,10.052272,1.4491305,3.1591387,58.68335,0.58749187,0.018143052,0.0004264902,0.14645745,0.86820674,0.011500172,0.10782414,0.011252767
1.1668072,0.0002973254,3.2635484,0.10566327,7.3004193,1.5524796,32.42573,5.9576818e-05,12.337662,2.8783143,2.9534256,66.9333,1.1692358,0.023847705,0.0019172921,0.12534252,1.4961356,0.0087055275,0.05924876,0.009999376
1.0358493,0.0001901444,2.6575694,0.050915036,8.655254,1.1315168,43.778515,4.7418645e-05,8.51466,1.3513999,4.32957,61.513462,0.550155,0.021490179,0.0005876546,0.14222041,0.8288967,0.017007824,0.095692486,0.011635282
1.3138243,0.00040232317,7.620267,0.034935843,11.406082,2.3704588,52.141037,8.033726e-05,20.749905,5.550109,4.177205,138.62465,3.5233822,0.017260397,0.0016752419,0.30234122,4.1977305,0.017547566,0.07709125,0.009422325
1.3191819,0.00015033713,3.268201,0.0932932,9.493906,1.3090701,49.92333,4.0291037e-05,10.108944,1.9505526,0.41116315,69.43711,0.9001316,0.022771336,0.0016396664,0.11144847,1.1409175,0.0112604,0.13287717,0.013616858
0.7667355,0.00035914793,3.8153763,0.1471697,4.7893357,1.1310672,17.978867,5.406593e-05,15.967478,2.321685,3.9268067,62.99329,1.4118696,0.01854153,0.0014128514,0.09748053,1.6538501,0.012078181,0.103086196,0.008769731
1.2405598,0.00035916673,2.6864245,0.15340547,7.8936095,0.8648674,41.002277,4.6481102e-05,14.571382,1.265822,1.7990923,61.21852,0.82550883,0.02439266,0.0007877756,0.125365,0.97873205,0.015503792,0.08034379,0.0121537335
0.7540443,0.00032252437,3.2534852,0.105240166,5.603781,1.3218788,18.2087,5.968448e-05,16.088715,2.5016553,3.8691518,51.18174,1.7363071,0.014032926,0.0017817761,0.13530749,1.3000807,0.013941508,0.12296866,0.011256581
1.0729775,0.0002870192,2.582983,0.05690481,6.5171566,1.6863828,22.900482,6.5729604e-05,15.438831,2.1737227,3.469605,49.794453,0.76582474,0.0139103,0.0009756867,0.14600034,1.191602,0.014475,0.11118784,0.008193677
1.0607141,0.0004292416,9.804991,0.15637822,7.196247,3.1384897,36.13872,6.491512e-05,26.716652,9.183817,3.5740502,173.55939,5.060299,0.020578854,0.0045596827,0.24342328,4.4474297,0.018520102,0.09205606,0.019486247
1.1638508,0.00020187077,4.897567,0.09941372,7.424951,1.0283492,34.33055,4.2837353e-05,6.9667563,3.5406706,3.6404762,91.28102,2.4487424,0.018192988,0.0030442192,0.17896418,2.4860456,0.014839334,0.07514999,0.0139846355
1.3581777,0.00021692354,3.8314114,0.0779886,7.0383773,1.0236589,36.873287,4.2133408e-05,10.801588,2.42384,3.1343653,70.4135,1.2782303,0.01665734,0.0019574945,0.12628977,1.6949049,0.00824271,0.072014794,0.007958593
1.3531883,0.00028725635,5.7521696,0.10740653,8.702074,3.1336718,48.10953,6.836173e-05,14.565972,4.8257504,3.7710283,130.75424,2.2156925,0.021815348,0.001361567,0.16392767,1.3292576,0.0071141096,0.13338715,0.01311115
1.2139269,0.0004309843,9.064537,0.21566828,9.922275,2.7307062,41.10861,0.0001007069,13.994486,5.6197314,2.5846128,197.2362,4.1299014,0.055648416,0.004684246,0.2457179,3.0474243,0.014973434,0.117068,0.021308824
1.2422183,0.00050199823,8.477055,0.135668,11.967777,4.7844076,48.33088,9.665844e-05,24.866983,7.241445,2.2827249,159.48111,3.5001996,0.03419024,0.0032257866,0.26154324,1.9929925,0.023955846,0.21324067,0.032089088
1.2184575,0.000351239,4.4636216,0.040556565,9.285616,2.131269,50.7695,5.7837748e-05,10.261419,3.7362354,3.3541424,93.88762,1.7455729,0.021416595,0.002267479,0.18825433,1.6246912,0.006245267,0.083941765,0.009565819
1.22739,0.00034479622,6.607762,0.10103492,7.919069,1.6265112,34.763016,7.137219e-05,12.143028,3.450499,3.211145,124.75098,1.6037778,0.032017637,0.002344065,0.22844248,3.6816645,0.0138150565,0.08593402,0.011723817
1.4196005,0.00032909954,3.4569318,0.12345669,13.44711,1.4504309,62.985645,5.2874413e-05,10.75406,3.2157872,3.795782,70.3027,1.3013831,0.023467498,0.0014847163,0.1907373,1.3647325,0.0091438955,0.098564036,0.010802557
1.4190547,0.00031013478,4.4507318,0.094116114,7.9772797,1.3854641,40.942024,6.1454506e-05,12.236129,2.57535,3.2390873,87.996155,1.1278954,0.025294835,0.0017445169,0.20328066,1.9289094,0.012403871,0.08220673,0.009837866
1.1197664,0.00029877125,6.5911336,0.0539689,9.48809,1.7374443,46.741974,6.994489e-05,11.202715,5.5989084,3.7676413,115.9099,3.6809773,0.018269751,0.0054472103,0.20343493,3.449014,0.0074267113,0.048290253,0.011332165
1.2667328,0.00054205704,4.6917353,0.062891535,8.814414,1.9192612,52.78926,8.350264e-05,11.058156,4.269077,3.5153317,86.51041,2.1696863,0.022506341,0.001752348,0.23539479,2.0199862,0.006340536,0.094204105,0.009267393
1.3436571,0.0003886642,4.0663223,0.08210602,9.357365,1.606914,42.516865,8.100574e-05,7.7471633,3.9964252,3.6411033,74.970695,2.2725818,0.015940921,0.0044664214,0.22542736,2.011858,0.007270847,0.0862284,0.008952386
1.4533694,0.000261556,5.294357,0.08452393,9.393497,2.3618085,50.274628,8.0196776e-05,12.591877,4.4582286,2.8734102,110.50005,1.6551373,0.018567145,0.0020948718,0.2640877,2.265834,0.0146843,0.16199389,0.01164102
1.2825196,0.00039717052,5.324043,0.04592891,9.599325,2.2083707,52.588894,7.698244e-05,12.706022,4.3396583,3.5674784,99.26978,2.2630172,0.017489048,0.0017669725,0.2493784,2.0537877,0.012985423,0.1031812,0.01317909
1.260383,0.00027441874,3.6980016,0.045551877,12.106893,0.95694685,67.23961,6.852895e-05,9.62255,2.073446,4.2061563,69.95328,0.96401566,0.008044047,0.0016897836,0.21964699,1.767014,0.009151496,0.08895393,0.010554076
1.2679112,0.0004071138,5.3683476,0.04645733,10.921904,2.1946542,61.028835,7.996802e-05,11.226706,4.4449973,3.8160977,104.91786,2.3265975,0.018956877,0.002158996,0.2398213,2.3136618,0.011262801,0.10022507,0.010950603
1.3197304,0.0003303366,4.7239084,0.0890481,8.273372,1.8011945,43.08112,6.413365e-05,14.006598,3.5821586,3.6273596,90.01903,1.9292064,0.025682341,0.0018451678,0.1938066,2.4853225,0.00962612,0.050421223,0.008735518
1.3375112,0.000374784,4.5931396,0.08467352,11.223425,2.1490927,59.738144,6.569309e-05,9.000195,3.9410083,3.3468075,90.71452,1.6639664,0.023939438,0.0021066063,0.19109452,1.5717658,0.009177304,0.11155163,0.009872844
1.5659255,0.00032392197,4.243914,0.0787894,10.519604,1.0648907,47.272305,5.6685734e-05,13.461776,1.8626252,3.5113196,85.06444,0.87136614,0.019257568,0.0014258915,0.22036645,1.8216835,0.012374561,0.068068616,0.00953306
1.2185764,0.00036312893,4.3360176,0.059863027,10.738714,1.870074,54.850697,7.928723e-05,9.290469,3.391597,3.7865808,84.86383,1.8156736,0.02177781,0.0036338903,0.236197,2.0656166,0.007962177,0.054990165,0.0099987555
1.229662,0.00026483144,5.3613358,0.067512594,9.133579,1.7387341,45.461506,6.883368e-05,8.296403,4.5098176,4.3048387,104.64563,1.8955728,0.018187175,0.0020603293,0.19745791,2.8827991,0.008972616,0.07195669,0.010658013
1.5537646,0.0002468727,3.6399648,0.098896265,10.923915,1.0052737,57.81877,6.0576993e-05,12.552231,2.2156415,3.9832888,69.35357,1.1393033,0.014269627,0.002117625,0.16945927,2.0074887,0.0031449713,0.05509044,0.006434985
1.0689639,0.00041281158,12.895713,0.07828471,10.558069,8.356363,35.34688,9.9439545e-05,29.279491,16.02846,2.3716629,231.78844,7.9100685,0.020150876,0.0033509855,0.21337995,4.2021003,0.009690316,0.15158606,0.02077356
1.1237233,0.00048518417,11.79029,0.08773416,13.337192,4.616614,37.39889,8.463213e-05,31.407318,12.006809,1.9377042,205.44907,5.939179,0.027786741,0.0036221934,0.20799325,4.8037214,0.010862551,0.11368906,0.016575834
1.1356003,0.00032521228,5.550316,0.055098914,8.540693,2.1663551,46.877167,6.42716e-05,8.26501,4.4304366,3.5583742,108.32451,2.4762084,0.019647285,0.003617645,0.22764,2.3369756,0.009816812,0.08116611,0.011399075
1.1115243,0.0003244853,6.371635,0.02054482,9.322479,2.5405936,47.300026,6.279437e-05,7.4810724,5.194548,3.3649967,119.10905,2.8001068,0.020814702,0.0053220047,0.20045984,2.943237,0.004877685,0.0508966,0.01017611
1.1883831,0.00041774104,5.138755,0.034479335,10.404397,2.6339784,55.536736,7.414411e-05,12.653218,4.587929,3.3811166,102.84883,1.9342291,0.017003438,0.0017658913,0.22984104,1.8667839,0.0075077084,0.103630155,0.010310301
1.2988629,0.00073173724,10.005042,0.12272813,12.888791,6.6755114,65.580986,0.0001077829,18.260954,10.867536,3.3435867,203.40956,5.289712,0.033073675,0.005574453,0.3127001,3.3009384,0.009564302,0.15535812,0.017951572
1.1576782,0.00050936866,9.469087,0.09660734,9.20057,5.417306,41.283253,0.00010654661,18.781675,7.1870894,2.93581,185.75636,3.6538165,0.02356702,0.0027563565,0.22904183,2.3217642,0.010972583,0.18021701,0.018173017
1.1672759,0.00033406026,5.9569035,0.071318,8.491849,2.1945977,43.14947,6.0172806e-05,6.0713596,4.9316316,3.5070102,109.53367,2.6808884,0.018053878,0.0043615447,0.15266983,2.9383078,0.0063896296,0.067088194,0.010668802
1.0744495,0.0004166122,7.8946233,0.06114315,8.559688,2.74558,45.425995,6.506672e-05,7.2770877,6.725891,3.7486603,137.7449,3.3299572,0.015875323,0.0038561162,0.16881348,4.102289,0.007825837,0.08081453,0.007796085
1.0260296,0.0003282626,5.309195,0.021215819,7.6406484,2.4374,33.65811,6.2779196e-05,8.314641,4.9262605,4.3869815,99.51914,2.712013,0.014550069,0.003097823,0.16985261,2.7685285,0.0037803939,0.03901228,0.004712418
1.1217685,0.00039873808,5.6411834,0.027304033,8.566879,2.4746344,38.696735,7.036835e-05,9.386402,4.423487,3.1942577,104.44088,2.3962069,0.018073356,0.0028954805,0.2135644,2.6006749,0.005084762,0.05794529,0.0074646804
1.0838593,0.00034922696,5.1159644,0.099163964,6.272266,2.1154737,20.12937,6.125716e-05,11.0081,2.723661,2.7510967,95.334496,0.98987865,0.023375493,0.0015021203,0.1566797,1.7146941,0.007820299,0.10566168,0.009140592
1.2579349,0.00044189807,10.5476885,0.12966673,12.79901,3.1426857,53.828896,9.20223e-05,18.301579,8.530768,3.079705,204.47664,4.32217,0.021371316,0.0055722417,0.27248165,4.9150553,0.014682541,0.15305322,0.020496735
1.0801429,0.00054744165,13.924577,0.08826867,8.806478,5.732161,34.479652,0.00011123009,27.52225,11.204325,3.0975926,267.63794,6.28984,0.015761869,0.0035493695,0.27831915,4.8336024,0.024530048,0.1907374,0.017535327
1.0903726,0.0003189213,12.968313,0.08809291,13.255526,5.2874484,41.811462,9.6370364e-05,36.073128,15.366249,2.390553,231.12498,8.743858,0.024272207,0.0050479067,0.23636168,5.512324,0.013859201,0.13232116,0.019962294
1.1213335,0.00043706785,6.277705,0.041605093,9.361663,2.2060924,51.279106,8.03234e-05,9.399105,4.961537,3.6848037,105.822334,2.7535567,0.021219486,0.0034505387,0.24825117,3.3784943,0.0073057692,0.06910654,0.008119008
1.1818656,0.00030004737,3.6292934,0.018596925,9.392688,1.05987,50.79795,4.7534577e-05,10.453498,2.51834,3.2803347,68.3741,1.5603527,0.014929166,0.002143448,0.14795727,1.6342505,0.004637003,0.054521155,0.004752789
1.1606346,0.00055129547,9.823235,0.15877794,8.156402,4.1713934,47.5536,9.324108e-05,21.694195,10.367957,3.5379622,185.34845,6.062866,0.022905318,0.004418267,0.22868489,4.569441,0.014411659,0.11537638,0.01035268
1.1542952,0.00050383253,7.423382,0.10776319,8.1816025,3.4969943,30.133755,9.016394e-05,17.642483,4.6094966,2.1672196,143.75993,2.6780663,0.03187386,0.0021013804,0.19613555,1.704452,0.01068086,0.1822158,0.023221424
1.1954985,0.0007671105,11.02918,0.08639145,14.788682,6.3559394,48.95499,0.000121985904,27.767193,9.6852865,2.891811,212.14175,4.892506,0.017626874,0.0027723545,0.35130697,2.0552657,0.014613528,0.16902393,0.024668047
1.0778693,0.00041147388,9.74155,0.08640378,7.503279,5.0056663,34.22395,8.833362e-05,16.502857,8.81054,2.8919477,192.31537,5.2714367,0.01844413,0.0029761966,0.19271971,2.6865067,0.013272563,0.15632583,0.018698113
1.2378321,0.0005875465,11.70084,0.12454805,8.884031,3.8560467,38.57962,0.00012589962,17.04695,8.835206,2.538996,218.17206,5.2827253,0.034294147,0.004075749,0.35652474,5.386675,0.018083842,0.17117386,0.019601002
1.2109039,0.0005101969,9.006674,0.095581636,10.578763,3.2298336,60.21026,7.875282e-05,14.336222,7.341468,3.2986887,156.28783,4.462787,0.019064596,0.0047297706,0.24034165,4.943555,0.01243395,0.07534605,0.00807408
1.3262397,0.00048491822,6.6771903,0.17106529,9.5041685,2.0351074,43.668777,7.799572e-05,15.4964695,3.429319,2.5005138,123.44766,2.2026286,0.03249233,0.0026909786,0.23770657,3.1560016,0.016618276,0.10812734,0.015101549
1.237684,0.000325164,4.368631,0.04056352,8.9179735,1.4271364,44.802273,6.905449e-05,9.688847,3.0395048,3.459328,79.63685,1.6954376,0.015167412,0.0013861817,0.2176196,2.1203144,0.012936474,0.08925792,0.009648253
1.2147586,0.00031908133,3.459577,0.13754311,5.974846,1.4114765,24.742113,6.002974e-05,6.7387886,2.555672,4.0776587,71.69801,0.99161017,0.022184867,0.0014903772,0.14169729,1.8916628,0.008683724,0.0901571,0.0044760015
1.3332797,0.0005005849,12.111425,0.2387424,9.502075,4.4670434,53.448406,0.00010542195,27.146084,9.8070135,2.9569967,231.25882,5.748545,0.038363818,0.004413815,0.2389157,6.987614,0.018324062,0.13168779,0.018695422
1.2826037,0.00051394233,20.819534,0.17095192,13.100936,6.430214,48.292347,0.00014931578,36.516754,14.847667,2.5106857,376.30466,9.710086,0.03428823,0.012247936,0.45842996,12.118916,0.028171169,0.12982322,0.03184466
1.0474395,0.00037599553,4.3467565,0.06706158,7.1426125,1.5674906,29.984211,7.2319235e-05,8.440308,3.5307689,3.880591,79.26655,2.1446965,0.010035572,0.002246713,0.19631417,2.159651,0.011271512,0.08225876,0.008830794
1.1168858,0.00027382685,9.794,0.05166664,11.888074,3.3449004,32.298786,9.254919e-05,31.18924,6.435723,2.8498685,173.30246,3.6659193,0.02173463,0.0036353034,0.28457403,4.66658,0.01491368,0.072152205,0.014747355
1.173388,0.0003006872,3.374793,0.079061605,6.51293,1.1940625,34.706654,5.0370218e-05,8.432105,2.0519593,2.74324,73.717606,0.7820898,0.02273262,0.0014668857,0.1627429,1.3692992,0.008727758,0.07829737,0.009434739
2.20213,9.679069e-05,2.03725,0.06197517,10.72035,0.97579885,63.103867,3.1904656e-05,10.629057,0.79336834,5.2866077,51.726257,0.19384967,0.011127075,0.00028344098,0.110144176,0.65079594,0.008550648,0.13645507,0.0100261
1.3530986,0.00033439967,5.219869,0.1537531,8.52224,1.5311182,41.933598,6.34795e-05,10.481744,3.35878,3.6422899,101.41653,1.5704955,0.032279458,0.0022731824,0.20009062,2.5132267,0.007897201,0.0506853,0.00918375
1.4466541,0.00023809189,2.9318857,0.07182072,7.878037,0.937228,42.620296,4.806862e-05,8.709004,1.514402,2.383275,58.837524,0.6688176,0.01586989,0.0013620148,0.1603253,1.438589,0.0083448,0.059779786,0.0073474604
1.2980624,0.00034851037,4.489091,0.06301979,8.849812,1.3425349,50.280315,7.1255796e-05,11.683282,2.708298,4.0758476,91.85469,1.3229618,0.019495249,0.0010741025,0.20312278,1.7986451,0.011536099,0.08865276,0.0091744205
1.2252183,0.00037658954,4.9413676,0.052101165,8.483936,1.7153198,41.996105,6.8859845e-05,10.011706,3.9751937,3.5388389,92.58912,2.1177726,0.016974932,0.0016406402,0.21601811,2.4179928,0.010196583,0.08780067,0.0083317105
1.2463093,0.00029714545,3.5092604,0.04137079,8.488396,1.2709688,45.65695,5.7017278e-05,7.8333273,2.6146479,3.503906,69.6564,1.3536087,0.014367949,0.00092197664,0.18262792,1.5600849,0.010098541,0.077003464,0.0075997305
1.1788689,0.00032239157,4.2048917,0.07583799,7.0302367,1.0411559,39.54925,5.5499306e-05,6.9108324,2.7006671,3.223913,75.51611,1.7202363,0.016012697,0.0019152054,0.18241203,2.0953026,0.011147053,0.04985626,0.008630565
1.4631983,0.00027559284,3.113787,0.14232975,8.380927,1.0154841,43.400894,5.865068e-05,7.9547815,1.9498829,3.7908525,60.699554,1.0323023,0.024228774,0.0016646506,0.14841038,1.6780158,0.008512759,0.050171122,0.008381038
1.3549426,0.00028675466,4.548954,0.09999462,6.277694,1.0722507,28.85977,6.0996186e-05,9.607012,2.5414717,3.5800521,91.03012,1.4395602,0.022562116,0.00239863,0.19977362,2.8359525,0.011799063,0.074412905,0.009448618
1.4463989,0.00027036577,2.8244913,0.15739785,8.575013,0.88004065,43.5623,6.1785155e-05,9.0171175,1.8492129,3.8594356,56.069542,1.1487726,0.02473792,0.0020930003,0.14836256,1.544196,0.008536026,0.049087223,0.008521156
1.3902826,0.00021608737,3.7774985,0.08983909,8.35414,0.7910909,45.142002,5.5011766e-05,8.67966,2.9696789,3.0913937,76.84127,2.1184573,0.017476061,0.002014662,0.20249754,1.8260194,0.009987084,0.11998754,0.013684869
1.4805679,0.00043350627,5.2043953,0.15504521,10.368055,1.500951,55.205418,5.9978916e-05,15.392094,3.579354,3.517478,96.255035,2.0186057,0.023399414,0.001594881,0.26076534,2.3530717,0.015742246,0.091674745,0.011773892
1.1653508,0.000282475,3.4053872,0.025126878,6.367773,0.99444604,33.379284,4.6720426e-05,5.216274,1.6357584,3.3597167,66.38341,0.68462133,0.013040831,0.0008623919,0.1434179,1.3982557,0.0061989743,0.05769507,0.0052734255
1.2563689,0.00030684928,3.4792778,0.08002638,6.4474616,1.0527854,29.959719,5.36459e-05,7.1467543,1.8684146,3.5335763,68.420456,0.87817955,0.016893554,0.0012764089,0.15837815,1.5676146,0.008035864,0.0557715,0.0064738453
1.1132089,0.00033417868,5.4583592,0.08950502,6.7255616,1.4735543,32.194183,5.5635926e-05,11.923853,3.5778747,2.7749262,100.68046,1.8932819,0.02668351,0.002682223,0.1775628,2.3681629,0.010635893,0.06213766,0.011734517
1.161284,0.0003395279,4.056684,0.05046796,8.412916,1.5048224,48.555744,5.7001253e-05,9.036288,2.8857343,3.4987354,76.974655,1.2991189,0.016442673,0.001461776,0.19229588,1.6141475,0.011263792,0.07775313,0.01162152
1.2370186,0.0007099859,15.699497,0.138943,9.45959,6.7356873,45.949005,0.00010278709,32.13015,13.676126,3.3965578,297.5039,5.835508,0.02588103,0.0036183698,0.3216972,7.026068,0.027341897,0.141115,0.020445626
1.435003,0.00033918477,4.9196897,0.14724237,9.018284,1.3529943,43.89182,8.234398e-05,11.693697,2.5880089,2.5522742,90.361275,0.87993956,0.02674738,0.0017907129,0.20988181,2.4185848,0.013069288,0.14583588,0.011993648
0.96745336,0.0001452043,2.9925277,0.0060580797,5.8473034,1.9732276,25.201645,3.0804724e-05,8.4834385,3.0737853,3.76994,63.855877,0.8551153,0.0072664246,8.827754e-05,0.08371809,0.5857698,0.0072359657,0.11755123,0.005579605
1.254212,0.00047912923,7.937916,0.090889126,10.514797,2.9473627,52.647472,9.261368e-05,16.652016,6.6008735,3.3303761,144.99294,3.4056387,0.026139524,0.0035015026,0.34296638,3.219081,0.018514838,0.1270707,0.018541723
0.99873984,0.00022976234,3.6879883,0.043550316,7.459163,1.3516341,33.44506,4.4895867e-05,12.771255,2.7259834,4.5375085,82.06975,1.0056435,0.013635485,0.00048931036,0.15698497,1.2272413,0.011321948,0.09616512,0.0073752827
1.13761,0.0003555022,3.4372158,0.08126445,7.9707804,1.3766495,31.568611,7.338765e-05,15.256605,1.4261138,1.5778637,67.22957,0.23434125,0.024023388,0.0009825695,0.18208504,0.98887724,0.010686725,0.18796888,0.012178378
1.2529578,0.00045553525,4.536333,0.10047353,9.480847,1.5381887,50.45339,7.7118275e-05,12.037447,3.2976663,3.2690456,91.35761,1.6388859,0.026752112,0.0021021364,0.22293383,2.0119936,0.010324615,0.09088924,0.009903205
1.2484766,0.00032468868,6.0823064,0.088190876,10.02966,1.7477782,38.395443,6.775735e-05,18.411007,4.132763,3.5452886,112.1067,1.968798,0.021056542,0.0018307348,0.17666043,3.3292053,0.013915613,0.10014273,0.008560143
1.2353325,0.00019910625,2.6819322,0.05478343,7.5618563,1.4495429,35.5074,3.5709283e-05,9.772455,2.6003375,3.633942,61.27221,0.86188835,0.012435958,0.0010026825,0.09661531,0.7775171,0.005717138,0.09771581,0.0057094563
1.3185296,0.00047370937,3.816429,0.1219258,8.586615,1.2474877,47.139282,6.337724e-05,12.071013,2.8449337,3.176909,89.42827,1.3067969,0.02289753,0.0017140426,0.21322301,1.5092578,0.010037725,0.11447388,0.012189323
0.9183659,0.000114727234,1.9835528,0.038129766,8.138051,1.2884227,35.31473,3.149971e-05,12.174918,1.9430761,1.3219739,48.635796,0.5648378,0.015730076,0.0010140368,0.082232594,0.5202961,0.011035142,0.12336901,0.010136919
1.1992638,0.00042861793,4.070174,0.0868561,7.8582335,1.8240294,36.26835,6.689797e-05,14.656982,2.0087483,2.5013676,81.69271,0.43555295,0.025131268,0.00060165446,0.16208017,1.1751289,0.011046826,0.13536432,0.009957458
1.0232235,9.749892e-05,5.772774,0.05171068,5.6702213,3.7494948,23.706066,4.7208276e-05,6.8850265,7.7819605,3.0687063,116.98476,2.7723887,0.01328064,0.0010499803,0.1650361,1.2145321,0.011759667,0.2054989,0.013663338
1.0351307,0.00029284638,2.9181335,0.07780655,7.3295383,0.76084155,34.708088,2.586045e-05,11.607743,1.7777783,3.9674444,56.346115,0.6495886,0.015634533,0.0002772022,0.11629111,0.7166077,0.010374505,0.04374894,0.0074716746
1.3389301,0.00035476696,4.2237916,0.08131578,7.307371,1.8465728,36.256905,4.7059868e-05,16.134108,3.3905234,4.222077,85.48605,1.3795594,0.017458564,0.00047035216,0.12754124,1.742294,0.0034907598,0.07464481,0.0032077667
1.118915,0.00038410493,6.8557315,0.0630042,7.1601777,1.7345338,31.40313,7.188799e-05,12.524236,3.5523553,3.0848534,122.37168,2.220819,0.020395774,0.002757154,0.23920569,2.900943,0.0103186155,0.057182096,0.0084992945
1.446017,0.00035393776,6.3502326,0.17889656,9.470959,1.730861,44.596874,9.113462e-05,13.422807,2.3757563,2.172618,118.1835,0.5884738,0.03148951,0.0025492585,0.29520223,3.3104694,0.012649764,0.163277,0.013605824
1.0457622,0.00013242922,2.9603543,0.0118514765,6.7526784,2.145091,31.926792,3.0009727e-05,11.049271,4.1347156,2.83803,63.479496,1.4909022,0.008774091,0.0010195918,0.08435284,0.831392,0.003975963,0.1036392,0.00356865
1.1765602,0.00020669411,4.1462727,0.08001094,8.231522,1.370689,39.08795,4.6905403e-05,11.497468,3.2809966,3.0032122,74.004425,1.942683,0.017598664,0.0022032387,0.16350202,2.6820467,0.010610116,0.04949921,0.008647576
1.5048151,0.00036191224,4.5599446,0.10457948,10.628467,1.1892074,62.38376,7.207982e-05,13.535606,2.279617,4.078073,97.237175,0.9061036,0.025275432,0.0014283014,0.24846959,2.0845551,0.011662717,0.090920836,0.010970189
1.0806324,9.7367105e-05,3.1053338,0.015238248,7.944805,2.0974553,37.692753,2.9713578e-05,8.257545,3.6597028,2.8145523,77.56127,1.0918846,0.009491631,0.00064955663,0.10800908,0.69984466,0.00675546,0.11741844,0.0076600546
1.1385435,0.00026876532,4.230857,0.069487795,5.7217226,1.4224329,29.069681,6.007932e-05,9.545012,2.181818,3.533374,81.47839,1.0868902,0.02580901,0.0021004754,0.16736758,2.237443,0.008427672,0.055964816,0.0080918595
1.3381568,0.00025490325,3.1529589,0.15431686,8.099129,1.028027,47.13168,4.5998866e-05,13.798651,1.7182456,5.110333,62.276386,0.68055564,0.018296547,0.0013575767,0.14787011,1.7426103,0.0050094426,0.06378492,0.0069526583
1.1751168,0.00026958095,4.105228,0.06694662,8.950443,1.2067211,48.787766,5.826727e-05,8.859504,2.4816928,3.5455105,75.0609,1.1907156,0.02083586,0.002632751,0.19525866,1.8725575,0.011580337,0.05947613,0.012747595
1.3910564,0.00037428373,4.189726,0.0868504,10.886534,1.7335341,56.910572,8.107992e-05,10.5161705,3.4884377,3.666759,84.15882,1.7156854,0.026710281,0.0022945607,0.2569101,1.9258611,0.010180499,0.07815949,0.010797735
1.2122215,0.00019894629,3.20824,0.029102255,5.8452396,1.8170133,24.711721,3.2087697e-05,9.762323,2.7962637,3.3290455,72.54529,0.836955,0.008210512,-0.0001378209,0.09556164,0.5426337,0.005441366,0.112105645,0.005887088
1.1822344,0.0003080294,3.949824,0.059075605,6.3982644,1.2747663,36.022564,5.393585e-05,11.505253,2.3415198,4.0744987,80.56194,1.2037979,0.024429904,0.0017206859,0.18195666,1.8122596,0.0068839937,0.043460306,0.0077076643
1.4283983,0.00021782766,2.1735663,0.038461093,9.2364645,1.2213718,41.296608,3.6391553e-05,20.713026,1.3517994,3.2328088,43.40643,0.17427824,0.014058685,0.00046968073,0.10789227,0.5255727,0.006570895,0.10453513,0.0067490824
1.389653,0.00028537557,5.356909,0.06735145,8.446182,2.1209545,42.67152,5.4436907e-05,15.8418455,4.555338,4.088015,100.844215,1.9381504,0.013470628,0.0012009349,0.18491103,2.8035154,0.010482461,0.058942266,0.005142184
1.4038259,0.00035021262,4.4340563,0.114118844,8.416068,1.3160727,48.89843,6.3249725e-05,9.612625,3.3888185,3.1361995,83.14537,1.8927377,0.021078814,0.0023447112,0.1876567,2.203392,0.0061213765,0.06918554,0.009696648
1.0111165,0.00016913252,2.8677268,0.06136162,7.676506,1.2090257,27.915361,5.0285085e-05,17.705341,2.1054592,1.7305278,53.548958,0.84846133,0.017392611,0.0015874701,0.10358053,1.3092349,0.010952816,0.12286087,0.00942079
1.0334916,0.00030412214,3.5804222,0.07335818,5.045756,1.2925212,21.415342,4.476628e-05,8.649503,2.3291607,4.769958,76.29002,0.8311086,0.016411776,0.0004897136,0.108895525,1.1165297,0.004991021,0.09298682,0.004799428
1.1164837,0.00015077912,3.3904607,0.042823136,6.7823477,2.2920432,29.976418,3.3674823e-05,11.22522,3.7747726,4.3801856,78.8898,1.004373,0.010907795,0.00032285668,0.08671302,0.6954192,0.005287721,0.12634082,0.005024512
1.1314043,0.00015382926,2.2743423,0.014073957,7.0857916,1.1357797,29.901941,3.4629116e-05,11.512846,1.7556778,6.36902,45.846767,0.563525,0.0077478327,-1.36980525e-05,0.09455402,0.7831135,0.0060280645,0.090796016,0.0042180554
1.5343333,0.0001325668,1.3435917,0.23463464,11.94021,0.9435871,53.61009,3.3294295e-05,20.612122,1.1225184,0.6188999,47.145103,0.6338932,0.021088842,0.0019455636,0.088944346,0.4651012,0.010688516,0.13453984,0.013570616
1.2997446,0.00053245877,18.102922,0.21706578,10.78421,6.79338,51.202984,0.00013370393,32.939724,14.790442,2.8998444,335.2644,7.235528,0.052342575,0.0058254316,0.2944368,9.599476,0.027265554,0.2332261,0.02805866
1.1870707,0.00027167142,4.2320776,0.042110216,8.993458,1.4400058,52.546104,6.9369125e-05,8.357377,3.1896117,3.8531983,84.46807,1.5264761,0.014046487,0.0023217376,0.2177134,1.7353905,0.009413462,0.06762047,0.01129451
1.251229,0.0004171306,5.969608,0.044589393,11.968468,1.6993192,55.712738,7.501787e-05,13.749989,3.8779886,5.086305,112.13587,1.9432832,0.01508276,0.0012381376,0.26500276,2.6566117,0.014947852,0.07213488,0.0100681335
1.1842811,0.0002610328,4.194072,0.03060158,8.797707,1.3405449,46.1988,5.925771e-05,9.962665,2.335189,3.818749,81.69009,1.1413257,0.01620378,0.0019212764,0.1822183,2.0336473,0.006964759,0.036934108,0.0073013385
1.2387402,0.0003876366,4.8207483,0.038964033,11.104609,1.8638872,63.895348,7.613503e-05,12.06539,4.407947,3.8951735,91.717,2.1687462,0.012397856,0.0013446505,0.23806985,1.8551471,0.012456759,0.09052191,0.010571619
1.2994889,0.00021026902,3.8733723,0.12861161,9.525218,0.8863079,52.865295,6.382353e-05,8.199715,3.193681,3.7263675,76.01911,2.1163144,0.02026837,0.007891772,0.22099523,2.1199431,0.008913019,0.06782578,0.014273432
1.3736523,0.00028947624,3.1487925,0.048681304,11.952661,1.0378759,71.026985,7.258578e-05,12.712805,1.8410201,4.8717256,63.392555,0.73527086,0.008846655,0.0016464917,0.21970367,1.5970731,0.0077689355,0.073767886,0.009763561
1.3129506,0.00029588683,3.6516807,0.069502,10.373442,1.4781454,62.497105,7.160943e-05,8.349702,2.9344544,3.975074,73.123024,1.3620964,0.016594397,0.0016716772,0.20635019,1.4977344,0.011491284,0.08219625,0.009943775
1.3954779,0.00032008503,4.220334,0.12041685,10.193536,1.2334075,52.229794,7.400573e-05,9.390768,3.0049493,3.1917336,79.619316,1.6367499,0.026157442,0.0036875487,0.22881018,2.1947408,0.011015402,0.07495173,0.01369778
1.4131168,0.0002844998,2.9784732,0.07381042,12.665425,1.0012121,65.25803,6.86388e-05,17.830294,1.7307429,4.2666225,67.87442,0.70330673,0.012493725,0.0015189812,0.21334387,1.1958562,0.0106695965,0.11022446,0.012941512
0.98808396,0.00039102763,6.546229,0.082825646,5.995283,1.679891,23.116793,4.8171078e-05,13.074459,4.464282,2.5059927,122.574814,2.2319527,0.026461719,0.003145753,0.16635987,3.7883058,0.015265945,0.118835755,0.012198063
1.0855805,0.00037415023,5.701063,0.013742116,9.992484,3.1718507,47.62092,7.452406e-05,10.677758,6.312007,4.100485,112.73286,3.1436543,0.011520463,0.0031051042,0.1910149,2.6363802,0.0067736036,0.08047045,0.0073852697
1.3747916,0.0002963323,3.6504028,0.124236874,8.041318,1.0062093,39.03387,5.0922372e-05,10.361518,2.2078722,2.187738,76.78234,1.1704458,0.027773915,0.0020658954,0.14169033,2.2233367,0.0067201233,0.059538342,0.00863075
1.1312125,0.0004390433,4.1334505,0.10502596,8.54362,1.1936252,31.464945,6.378097e-05,15.45974,2.6007657,2.255616,71.4864,1.3165691,0.028495666,0.0018416252,0.15480134,1.871517,0.010571338,0.09688406,0.0119013125
1.2101827,0.00028203081,4.0181875,0.028940408,9.252993,1.0417314,46.517506,4.5836343e-05,11.211203,2.5941944,3.122212,78.07124,1.4647502,0.012194216,0.002089643,0.13942105,1.9667877,0.0061902604,0.07341575,0.005627273
1.143313,0.00020429745,4.2143116,0.04892268,8.955958,1.4037786,44.863792,5.9300677e-05,8.109626,3.2414823,2.538861,75.79591,1.9103947,0.018834248,0.0037024808,0.17248946,2.060916,0.01057981,0.07413363,0.012685764
1.1332009,0.00037449453,6.026447,0.12841885,7.24009,1.6852212,32.912956,6.469818e-05,8.615422,4.7681913,2.726605,110.17679,2.7491815,0.031290226,0.0031204587,0.1941772,2.9049633,0.015643975,0.10719518,0.013937453
1.3015122,0.00034459523,5.789715,0.08112054,14.376765,1.7661874,51.369987,7.1155824e-05,21.173468,4.4032307,2.558074,99.78747,2.3044405,0.029129926,0.0027848403,0.20821466,2.549226,0.014932539,0.08577236,0.01618101
1.1345731,0.00027524325,3.541555,0.032134816,8.172452,1.4501241,31.845043,5.0420284e-05,12.050267,2.3873634,3.0422516,71.92988,0.919938,0.02079225,0.0015472266,0.14773908,1.4425976,0.010662735,0.07537618,0.0069134654
1.2307462,0.00030849836,6.0187597,0.079703495,8.422412,2.0072515,36.82942,6.770556e-05,11.702325,4.704083,3.0136795,115.946785,2.0278459,0.02397165,0.0017924759,0.2136402,2.7573566,0.01521221,0.11144947,0.013561952
1.3304596,0.00032944963,4.382878,0.074337415,8.751717,1.3655286,48.54751,6.8930414e-05,9.597064,2.3465405,3.1807966,90.50277,1.0403631,0.023130376,0.0017297845,0.1935527,1.9372324,0.008995588,0.06981352,0.008547771
1.2003682,0.00030735886,5.2853804,0.055217072,9.237029,1.7890772,47.523453,6.937004e-05,7.9706244,4.6622386,3.3152392,90.94606,2.922083,0.02071634,0.004197087,0.20010127,2.743981,0.009100157,0.07681103,0.010462467
1.4754621,0.00043088794,3.414305,0.34519833,9.597571,1.2060175,47.821877,5.472697e-05,7.387394,2.860186,3.9254918,71.860374,1.2358454,0.024013218,0.002138108,0.15954284,1.190968,0.0096878605,0.088021934,0.010506906
1.2756257,0.00025315053,4.8687453,0.0720276,10.049764,1.8922879,43.42886,6.428963e-05,8.878518,4.0284843,3.365562,92.64591,2.1396713,0.021602975,0.0032021971,0.22270726,2.3137386,0.009678663,0.063164964,0.01124394
1.2650493,0.0004115446,3.8881025,0.09580616,9.056573,1.1604717,49.24775,5.454785e-05,11.587722,2.3484516,3.099972,80.051735,1.0351974,0.035821505,0.0028403348,0.16475528,1.7192655,0.004719171,0.051522158,0.005576246
1.2440687,0.00040445162,5.699711,0.08531799,8.189859,1.9010357,36.857876,6.456243e-05,10.749704,4.7967653,3.4807463,105.15911,2.610325,0.025848985,0.0030528684,0.21316022,2.8100276,0.0077880304,0.102237925,0.008151533
1.4506366,0.0004392152,3.8995593,0.33177727,9.575308,1.4885823,49.775463,6.596645e-05,11.388634,3.8788548,3.3167422,75.520485,2.1603844,0.032239296,0.005343345,0.18882492,1.6730734,0.0060145212,0.07077288,0.009350242
1.3160409,0.00031955473,5.437437,0.084784,10.882861,2.0955002,59.383373,7.397648e-05,8.231851,4.7629,3.8245845,95.04076,2.9056432,0.015998632,0.0038710618,0.22262381,2.7964666,0.00982948,0.096228436,0.012542985
1.4716399,0.00039520636,4.843109,0.115872554,11.881633,1.8044349,62.084454,6.9056965e-05,11.43105,3.8896856,3.0743134,92.05187,1.7086897,0.029467914,0.0021672023,0.22900432,2.1211364,0.010012835,0.091878094,0.011091988
1.2766175,0.00021572507,3.0177128,0.13076586,7.2177672,1.5123516,34.37898,4.101995e-05,6.288464,3.072332,3.2677953,62.60977,1.1720915,0.016611854,0.0013677857,0.1171125,1.1054639,0.00948135,0.10775785,0.008054085
1.2284138,0.00038242087,4.2271004,0.114150606,13.343298,1.2941682,48.097244,6.691878e-05,13.388677,2.506953,3.447412,76.8006,1.0290815,0.025163604,0.0025905157,0.16455515,2.7282,0.011470372,0.077015765,0.008605489
1.2078758,0.00032411632,5.1074486,0.08398786,9.654757,2.7271984,49.71717,6.515515e-05,10.376768,4.9534397,2.8344612,99.40075,2.2584958,0.019883037,0.0028268562,0.22118928,1.9706621,0.016469402,0.1133911,0.013410213
1.0749706,0.00036509172,6.1877127,0.08529518,6.9367304,1.7008463,25.404669,5.43288e-05,13.249813,4.147528,3.9183393,116.89453,1.8574898,0.020987539,0.0024256057,0.17300747,2.2286258,0.010247705,0.06341641,0.009153094
1.1922898,0.00029574696,5.1338677,0.07993171,9.798194,1.4456185,36.782715,5.8221216e-05,17.565144,3.2734363,3.6460261,89.721504,1.9832916,0.019756095,0.0019585448,0.19430865,2.6079755,0.009456914,0.07373241,0.0075878953
1.3906164,0.00039188203,3.990299,0.17526884,9.994218,1.3843266,47.922302,5.482178e-05,9.075633,2.970696,2.484955,87.03804,1.4400625,0.031815555,0.0016537223,0.1719333,1.9071546,0.011098546,0.07828294,0.011757454
1.1180131,0.00027780933,3.747887,0.056595284,9.215103,1.4305397,48.823177,5.9021822e-05,10.653283,3.5010803,4.2370424,68.59391,1.9100765,0.01330694,0.0018819006,0.21196409,1.7334983,0.0108481115,0.06442508,0.009452395
1.2883934,0.00022113041,2.672587,0.08643073,6.0365114,1.0023599,27.190517,3.4509274e-05,8.587189,2.0921798,3.8124714,53.29614,1.1128932,0.016454747,0.0004589478,0.1190786,1.2407823,0.008143848,0.09114718,0.004795322
1.4336885,0.0002636628,3.3319843,0.08182385,8.985473,1.3011374,38.674877,5.322837e-05,13.967613,1.9645357,4.558191,66.72495,1.0161082,0.018364001,0.0011283569,0.16949704,1.6476454,0.0103317695,0.06237876,0.0073623382
1.4573182,0.0002882576,3.9593327,0.061304558,8.913259,1.0956957,42.1117,5.478587e-05,15.180477,1.9748383,3.8270884,79.57428,1.0189077,0.01855485,0.001172735,0.20012134,1.923948,0.011924076,0.07485156,0.008122234
1.335839,0.00035711267,5.579056,0.067568146,12.430996,1.5713315,42.289715,7.068326e-05,19.151926,3.8770194,3.522,106.3262,2.038353,0.020626005,0.001994289,0.21187276,2.779399,0.012002737,0.086179644,0.00833518
1.3924565,0.0004935159,7.945844,0.08479215,11.532319,2.796936,45.590008,9.246907e-05,18.829258,5.42609,2.5103745,153.16685,2.5316622,0.025156705,0.0019645893,0.28097165,3.3851905,0.019564403,0.13053931,0.017820958
1.0243915,0.00014543139,2.2061448,0.03752909,7.5575104,1.4310423,25.426847,4.0040726e-05,10.36307,2.4714808,4.0078664,41.029724,1.3069566,0.007845556,0.0013917205,0.101383805,1.1698327,0.0065790056,0.054397415,0.004801942
1.357759,0.00039907443,7.361339,0.053940747,11.411527,2.743048,51.869614,9.694535e-05,15.276298,5.7637157,3.0304768,144.83841,2.646663,0.016563976,0.0022120215,0.30525428,3.2551382,0.018198933,0.14147203,0.015650762
1.0542738,0.00033543847,7.725059,0.101726435,7.6084514,2.6003475,25.887548,7.742034e-05,14.045263,6.213627,2.3526466,130.19205,2.3623338,0.023915848,0.0014789652,0.20203908,2.732328,0.014751878,0.107404634,0.018357527
1.3259462,0.00054674165,10.383385,0.103274785,8.392042,4.857254,52.712566,9.2353075e-05,27.471651,11.2791605,2.5637314,232.12108,4.172092,0.022575548,0.0027851083,0.3060983,4.05178,0.023046589,0.1689193,0.013448459
1.0516242,0.00030387152,5.8288865,0.06589449,7.9923487,2.2361467,32.878075,5.902352e-05,20.295427,5.1291375,4.7332306,117.70843,2.4032254,0.019696401,0.0016945037,0.16281371,2.980528,0.009352566,0.08091945,0.0062412117
1.201925,0.00018913834,4.982401,0.067320675,8.7839,2.3340359,43.25897,5.0864473e-05,14.071172,4.3653293,2.4784567,109.260254,1.6008898,0.020347,0.0008649015,0.14300415,2.0102124,0.014857691,0.09522643,0.013840497
1.207363,0.0003556359,3.4859762,0.08285082,8.309157,1.2834902,41.037037,5.328324e-05,16.506695,2.07863,4.913481,71.69283,0.72943425,0.016566167,0.0003946044,0.17078823,1.0733554,0.010681796,0.12721983,0.010772691
1.147885,0.00040057543,7.855875,0.07401146,8.424874,2.1862144,42.130936,7.4860065e-05,16.453176,5.063039,3.7200654,151.66783,2.4499047,0.019454662,0.0014418676,0.22922716,3.179154,0.015241094,0.14165491,0.010936564
1.3773077,0.0003381189,4.425431,0.14657292,9.284422,1.2686809,48.885574,7.416957e-05,11.45864,1.967008,3.0169756,83.91055,0.68637085,0.025760684,0.0016070509,0.21813045,1.7773814,0.014679737,0.10668464,0.012847096
1.1746792,0.0003292015,2.6779432,0.39856914,10.574297,1.1556773,40.29024,4.335848e-05,22.568417,1.7401242,5.4295654,52.606613,1.0601026,0.032415047,0.0018517149,0.13045408,1.1259013,0.012812245,0.09718273,0.013124186
1.0431262,0.0002373324,3.673436,0.05350018,8.191007,1.4465135,29.841394,5.2389718e-05,15.708472,2.0451412,3.389709,76.58691,0.7111974,0.020655802,0.00039606943,0.20998666,1.4287307,0.019750942,0.14396435,0.015733564
1.4005435,0.00039785457,4.261689,0.105972186,8.809819,0.9417368,54.52712,7.019908e-05,16.192867,1.7266129,5.2405453,89.27985,0.6358475,0.018886378,0.000634822,0.19701146,1.7692367,0.011647506,0.098014705,0.0090888785
1.1637819,0.000532727,7.249225,0.1819375,8.053634,2.3136427,36.504345,7.358239e-05,27.999077,4.059686,2.2660122,139.15149,2.0685394,0.02665907,0.0026869562,0.2405922,3.225415,0.03394489,0.11929189,0.020979783
1.5596853,0.00014782956,2.4903889,0.031044418,9.801256,0.9284366,47.052742,5.0837298e-05,12.47227,1.2399278,3.1842108,48.381577,0.6537142,0.018128114,0.00039935793,0.19225328,1.0334243,0.011492236,0.13200088,0.010178327
1.0664905,0.00043089528,5.707658,0.04791153,7.9049635,1.4141655,34.349968,6.780022e-05,16.018227,3.0784526,5.9324408,97.14715,1.9722908,0.016014934,0.0012988963,0.2186603,2.742951,0.01568407,0.0738908,0.007336257
1.2149265,9.121583e-05,2.6412234,0.038749944,7.563768,1.1764789,39.943844,3.630734e-05,11.892716,2.0369637,2.561974,65.380486,0.69709957,0.012953623,0.00029144238,0.12488266,0.6803088,0.011101424,0.11381564,0.010677907
1.3181171,0.0003039157,5.5456896,0.08491665,8.101924,1.8506213,40.137024,7.009387e-05,14.190482,4.0982695,3.75753,105.47942,2.3911178,0.020454498,0.0026208882,0.19209032,3.024849,0.01007814,0.05364989,0.009144983
1.2447848,0.00053946197,16.874899,0.12277131,10.505772,5.590153,54.671974,9.819027e-05,28.022823,13.035638,3.3355446,306.84772,5.9904695,0.028297717,0.004213211,0.319567,9.716126,0.026539806,0.12226628,0.021896373
1.1530015,0.00054917333,18.289188,0.16094685,7.342325,5.9035892,35.050198,0.00012194528,29.947626,13.609504,2.4063551,308.0509,7.2699404,0.037158374,0.0064132907,0.3557296,10.279594,0.027279697,0.12738441,0.028659947
1.4063512,0.00016277195,2.6738193,0.040957738,8.947468,1.0041784,38.918156,4.7893413e-05,10.729386,1.3918346,3.3012483,51.56388,0.52671003,0.01353853,0.00043610955,0.16696858,0.9406221,0.009451753,0.1029884,0.008698799
1.0493207,0.0004566275,13.522281,0.13581654,6.920793,4.9190445,24.689602,9.065087e-05,44.37782,9.366246,2.8956058,250.04088,4.3575373,0.028679954,0.0029794949,0.3107577,6.8769035,0.02758199,0.11988526,0.0187082
1.4011801,0.0002148095,3.5415921,0.11484724,6.1948853,1.8500273,36.85789,4.5626508e-05,9.041921,2.8313415,3.7391045,75.55328,1.0456733,0.016814701,0.0011385785,0.12256194,1.1564876,0.010600838,0.11525855,0.009952272
1.3565943,0.0011314846,19.856678,,10.775853,6.422707,55.815414,0.00020108548,27.751574,14.588039,2.540184,371.00223,7.513745,0.09452456,0.007732208,0.39108893,10.731918,0.044364017,0.14325683,0.027216192
1.3325815,0.0002939358,2.5921347,0.13185817,9.433313,0.79431576,44.543343,4.604078e-05,13.564484,1.2113307,2.6780775,51.815895,0.6641747,0.023324769,0.0013075965,0.14105986,0.91555476,0.0121051725,0.07906699,0.012610031
1.2843587,0.001156271,17.637209,0.22782648,8.595231,6.1498623,45.46955,0.00011404339,35.9953,14.572223,3.190475,325.34808,5.9867115,0.04449407,0.003407624,0.33426505,8.580269,0.032172807,0.1713095,0.014365029
1.332976,0.00037980842,5.390814,0.05545268,8.397877,1.8360419,35.335342,8.501233e-05,12.981288,3.1678736,3.4678142,97.316475,1.249446,0.020627296,0.0015108682,0.23093785,2.6115525,0.014425722,0.11079215,0.010209727
1.2498701,0.00029450076,4.3587294,0.091739975,8.263592,1.7002527,39.602352,6.163607e-05,11.187417,3.6695316,3.15358,78.57623,1.8762875,0.021896774,0.0028009957,0.18848442,2.6797218,0.00633464,0.07176652,0.008453188
1.4967917,0.00024758914,3.1933904,0.08802682,6.8631277,0.8507168,33.09072,4.5481782e-05,9.100851,1.4458318,3.2356362,60.608425,0.72285414,0.018612022,0.0006989262,0.14538784,1.6994059,0.008816969,0.0537663,0.0075988164
1.3292389,0.00017763434,4.6676216,0.06533364,7.8262806,2.3086236,39.517555,4.9744067e-05,11.90023,3.976829,3.9760673,112.584274,1.0747253,0.020582158,0.00068454706,0.14609614,1.6365306,0.0074390317,0.072110526,0.0054208357
1.5768089,0.00034493994,4.5416265,0.113684535,10.50892,1.23427,58.358063,7.060431e-05,9.9702,3.0739589,2.7709436,85.95657,1.8578924,0.025221154,0.0019184843,0.22956678,2.2835991,0.015453072,0.069707096,0.014521516
1.4278113,0.00023545475,4.353209,0.12653755,11.06403,1.670654,50.69151,6.164184e-05,8.996668,3.5093958,3.1936955,83.92129,1.7473586,0.030812755,0.0029506313,0.20142804,1.9609987,0.01286398,0.06929494,0.015069224
1.1996843,0.0004433621,11.616851,0.14777066,10.018471,3.575638,41.32174,8.444362e-05,21.821655,9.062335,2.8035762,210.64032,4.986476,0.030929178,0.0053466936,0.23542023,6.0900674,0.018527927,0.10978498,0.01785788
1.0834246,0.00031825327,4.761172,0.058078837,8.449976,2.5637844,33.631565,6.1229126e-05,13.193806,4.029042,3.0546727,99.53011,1.5793412,0.022913914,0.00074457494,0.21040763,1.7040702,0.019148067,0.14418344,0.016920447
1.2621716,0.0003929845,5.3140674,0.13510364,8.703342,1.2586958,28.631163,6.477848e-05,12.95148,2.0655339,3.1488857,103.90646,0.78086615,0.032713644,0.0017132516,0.21251005,3.6677005,0.01059738,0.04292948,0.007052788
1.1809325,0.00032691756,10.277969,0.08111651,7.851729,3.2803595,42.195267,8.9754925e-05,24.982601,6.741185,3.253017,183.36563,3.2376304,0.018344479,0.0031503553,0.29321834,5.821744,0.029484728,0.20196852,0.021363541
1.5909114,0.00024347613,2.3980832,0.06410505,7.5933228,0.9239885,35.153698,4.5509776e-05,8.980235,1.5601332,3.4902573,43.479813,0.6600806,0.019109542,0.00046691464,0.1437263,1.1586819,0.009149403,0.055909745,0.006332296
1.1774838,0.00016295635,2.0386775,0.07139584,5.9624825,0.7300511,24.185944,3.2695654e-05,6.694219,1.028616,3.452297,44.975014,0.25767916,0.017723255,0.00042789156,0.10568191,0.7924031,0.0080575645,0.059391856,0.007542584
1.2425982,0.0005025554,14.693088,0.11394508,13.730956,6.947843,47.919624,8.750786e-05,45.806614,13.477018,3.4476476,262.0771,6.3876467,0.032009777,0.00405057,0.3960848,4.984211,0.027496919,0.1444849,0.028569436
1.28959,0.00045620656,9.290068,0.11755182,11.323408,3.0330107,53.923054,0.000103044935,20.928875,6.657789,3.015525,166.80312,3.6953042,0.020955017,0.0032846031,0.304296,4.163244,0.021819504,0.17335035,0.0189694
1.167923,0.00065854064,9.864483,0.12995262,11.063626,4.0723796,55.820972,9.1002235e-05,28.555782,10.830163,4.078966,221.78975,5.842015,0.01853399,0.0034144162,0.3503767,4.510379,0.029312424,0.16806169,0.02094923
1.4622257,0.0007335376,19.321112,0.1957287,13.490411,5.7113976,68.09054,0.00013144652,30.60814,14.831171,3.6750445,367.93002,7.417863,0.029998671,0.0035077266,0.44827452,10.247393,0.03203781,0.18906896,0.016206488
1.2551671,0.0003777935,8.501718,0.09087235,10.242453,3.1961951,52.690983,7.715256e-05,17.280836,6.7662077,2.7896636,170.91446,2.5799081,0.023264533,0.0018459413,0.22914816,3.7154527,0.019716397,0.09630312,0.019315718
1.1516467,0.000121803,2.6920974,0.051269658,8.190857,0.8250604,30.859304,4.6960937e-05,13.835392,0.8539967,3.1025114,52.745476,0.19141483,0.021750828,0.0006811198,0.17451626,1.0882876,0.015018549,0.161382,0.0144475335
1.232573,0.000118895136,2.270074,0.052458007,9.26628,0.6292964,48.21796,3.3853543e-05,7.2871704,0.8969426,2.2663493,54.399784,0.4268428,0.01925744,0.000824785,0.107513666,0.6767961,0.009974607,0.07550151,0.011650006
1.3472275,0.00062967994,13.867545,0.16378133,12.564308,5.3424864,46.466076,7.89031e-05,41.964222,13.508468,2.1793988,276.4526,6.489089,0.04297305,0.0029448157,0.40401322,5.823881,0.023282094,0.20210075,0.02259395
1.0957882,0.0010156691,13.540823,0.24248388,6.7051387,3.9184692,29.53393,9.384775e-05,26.994352,9.342032,2.0551546,268.68265,3.6504662,0.14905995,0.0032816431,0.30255577,5.966848,0.029738376,0.16241461,0.020406548
1.2562264,0.00050533644,6.3879566,0.096900456,9.406148,2.2193635,41.356857,6.48153e-05,14.20351,4.5633936,2.5339346,128.0815,1.9407697,0.027875284,0.002201598,0.24584427,2.2941675,0.017261103,0.07634783,0.014308005
1.1934502,0.00039327418,5.971585,0.07343042,9.435386,1.3756322,33.92903,5.7521775e-05,14.646234,2.5773633,3.4344146,108.22685,1.6322404,0.019257138,0.002865522,0.23197667,3.5791478,0.011435274,0.04015257,0.009778003
1.061608,0.0004061034,8.792451,0.111649774,6.7617583,2.7668903,28.676409,7.745195e-05,16.397888,6.1299205,3.3654659,178.50864,2.3142414,0.03997291,0.002413299,0.2538738,4.0098968,0.020530138,0.15143421,0.0135649685
1.014172,0.00061739737,10.521869,0.0800212,8.342711,5.19523,38.321693,9.06337e-05,18.074451,10.600599,3.1069994,198.88742,4.65605,0.02732189,0.002353423,0.2816659,4.218081,0.028442899,0.13260396,0.019834524
1.0497118,0.00016333206,4.569214,0.04336803,7.9300594,2.0271022,34.111702,4.482371e-05,11.577364,3.2296252,5.185347,109.04009,1.1595868,0.012378319,0.00077016954,0.17187454,1.512184,0.010649641,0.106512055,0.0073539917
1.2527465,0.00025565564,5.2669854,0.07204801,7.277216,1.3888869,32.17564,5.995698e-05,14.218735,2.478287,3.8576155,102.71298,1.4266196,0.021236178,0.0012004948,0.18271446,2.6957238,0.014677642,0.07377344,0.009964441
1.2386663,0.0012327896,11.028985,0.19582137,11.18185,4.04002,38.870987,0.00012140243,22.964258,10.848913,3.0197742,210.45381,5.2730794,0.037699062,0.0030770442,0.3528862,5.710745,0.022097558,0.1792296,0.014835147
1.21658,0.00062423456,17.191473,0.15672003,9.5432205,5.8265486,49.101723,9.748655e-05,30.184576,15.05248,3.0999577,302.22263,8.950953,0.03399318,0.0053132176,0.33664963,9.637885,0.019932743,0.11108421,0.018217275
1.1794716,0.00015104639,3.9391656,0.056379564,9.231096,2.038086,36.20418,5.1382263e-05,14.773203,2.7747338,3.572133,77.60379,0.927207,0.023398267,0.00084994157,0.19705153,1.1855667,0.01920608,0.19803691,0.02351874
1.0774682,0.00055770524,11.6009865,0.13212581,6.808208,3.257,30.330967,8.745524e-05,23.632618,7.1276083,2.5344324,234.85143,2.4625854,0.054208677,0.0027825625,0.308236,5.277663,0.034106832,0.16512743,0.018704357
1.4089601,0.00035374565,6.7403216,0.20857331,7.626444,1.6097853,40.00659,7.676103e-05,17.445816,2.6660733,1.5025471,142.36818,1.2628284,0.03876023,0.0025898681,0.2388217,3.029161,0.020951303,0.115183026,0.015092937
1.1796807,0.00090776174,20.25188,0.20982653,6.699078,6.811222,39.64576,0.00013521813,36.868816,16.033365,3.2427971,373.52054,6.4753575,0.03462079,0.004701528,0.4350211,10.673273,0.02741464,0.22244768,0.014681884
1.2669121,0.0011365798,27.323204,0.21258938,8.108589,12.613599,50.1152,,63.16227,17.959362,2.5569744,478.2742,8.346328,0.045437742,0.0065239877,0.797455,12.359507,,0.29956838,0.03275915
1.2645022,0.0002476509,4.953694,0.0872968,8.296445,2.0278459,40.949665,6.0747836e-05,14.876182,3.6418312,2.34751,99.495834,1.2103099,0.021414205,0.0012437393,0.16165355,2.2476158,0.011757965,0.09581988,0.009487431
1.1644931,0.00030661252,5.804013,0.08210138,7.0527005,2.583816,36.017967,6.830042e-05,11.730432,5.172547,2.9390087,106.13352,2.2168972,0.020730339,0.0027301507,0.16776115,2.9032786,0.011281732,0.07745867,0.007275352
1.1609967,0.00050496485,16.761295,0.096984856,14.957611,5.249352,39.18248,0.00012480552,42.26137,11.681507,3.441177,306.65286,6.4337664,0.024140846,0.0046968595,0.47268772,7.015247,0.033859137,0.109286286,0.025233293
1.2156689,0.00069183286,18.260265,0.19098197,8.262777,6.8507013,47.275787,0.0001289273,33.94341,14.23427,3.068225,329.25125,6.675823,0.032860313,0.0052196193,0.33092827,9.458586,0.024030875,0.18830709,0.019491978
1.2816486,0.00072714593,16.631832,0.19199789,8.52649,7.1017275,51.526363,0.00012392513,33.971214,14.8313,2.902175,290.6242,6.9792724,0.035672322,0.005484569,0.35497573,9.014277,0.022580357,0.16193776,0.017989747
1.0569792,0.0003632217,6.8782115,0.076759085,8.075748,2.4540553,33.044907,6.893589e-05,17.27523,5.951133,4.5450373,133.91353,3.4061115,0.016296366,0.0016745889,0.23846665,3.2130558,0.020802256,0.10138258,0.014439474
1.2799321,0.00033065997,5.8801136,0.090524584,8.056614,2.0658035,37.97392,6.4059735e-05,12.263776,4.3993917,3.6480572,110.24928,1.9408326,0.02145956,0.0015834091,0.1890091,2.9843247,0.014823876,0.08189821,0.009565241
1.1222628,0.00066278706,21.682177,0.15549873,8.735499,7.9053164,42.94813,9.055392e-05,31.146164,20.159407,3.6526558,357.46542,11.614936,0.026483644,0.005255054,0.28770489,11.989075,0.021616029,0.12280533,0.019594729
1.2066523,0.00037312094,6.837112,0.096480004,7.5635076,1.9963573,37.440376,6.7063986e-05,9.212529,4.7697783,3.7113762,118.46604,3.1830802,0.020506468,0.0038010164,0.20594174,3.7172112,0.009942354,0.043747406,0.010437732
1.13554,0.00029880978,6.766301,0.0749689,8.959951,2.7515235,45.387913,6.085519e-05,8.078072,6.7565484,3.4803665,118.33773,3.7457364,0.024169536,0.0058920053,0.18059199,3.3471766,0.00798151,0.050315183,0.013099337
1.3223255,0.00028010205,3.961122,0.107348405,9.267396,0.79005384,44.546196,5.591117e-05,7.931687,2.7197564,4.0767503,74.9076,2.1047542,0.015046019,0.0017499579,0.2044288,2.3203585,0.01141912,0.058250792,0.009311067
1.1273671,0.0004899281,13.107559,0.10431258,6.4904895,4.453545,36.09223,8.8468354e-05,30.3811,9.954768,3.2136536,233.77222,4.7873588,0.02564519,0.0038346641,0.301468,6.1982584,0.021598274,0.110103875,0.018427903
1.4446657,0.00030749396,4.506169,0.10894476,9.375186,1.620224,47.70537,6.489736e-05,14.924956,2.661461,2.581618,95.9246,1.104511,0.027870668,0.001264808,0.22835495,1.6321939,0.016136374,0.15071094,0.013169574
