Anth,B,C,Ca,Car,Cel,Chl,Cu,EWT,Fiber,LAI,LMA,Lignin,Mg,Mn,N,NSC,P,K,S
1.1510564,0.000127014,1.6385063,0.033144075,6.575984,0.77545255,23.238754,3.1947246e-05,9.353044,1.1970049,3.0164962,28.06849,0.4460364,0.008209851,0.000610322,0.06559865,0.70647496,0.009826621,0.072493546,0.006864737
1.2473004,0.00010559206,1.9163334,0.021902079,4.934035,0.95477057,18.382471,3.3885433e-05,8.50083,1.5909961,2.039969,36.547394,0.59146434,0.007071285,0.00051158306,0.08154682,0.68780714,0.008584354,0.067871325,0.006462824
1.1541104,0.00013355608,1.35175,0.024969222,7.5777206,0.63382494,22.847044,3.57653e-05,11.358462,1.057838,2.9922569,19.953661,0.34646574,0.004709322,0.0006828738,0.0885222,0.623189,0.0089005465,0.078103475,0.006494983
1.1600453,0.00015119174,1.94665,0.07087034,6.169426,0.81893027,27.68174,4.122979e-05,19.741041,1.4248332,3.1656063,36.429688,0.59404844,0.006475743,0.0008593065,0.106401354,0.94062877,0.012350337,0.07857852,0.008245375
1.1826783,0.00019449549,2.962166,0.0537227,5.7724447,1.0365491,29.21552,4.213976e-05,15.701577,1.8261602,2.7129877,60.305794,0.64016676,0.013339059,0.0007369678,0.11838582,1.2946051,0.013777423,0.077352196,0.008664812
1.2807329,0.00019169883,2.8410523,0.06033652,6.597467,1.2603906,30.08941,4.6267214e-05,11.319862,2.1701865,4.479747,59.128246,0.8365735,0.012910022,0.0010727628,0.15327545,1.1327986,0.012009022,0.09776983,0.010105729
1.3761779,0.0001511358,1.2903894,0.03920298,8.2317915,0.7335006,26.413857,3.448095e-05,9.936904,1.116515,3.3395379,22.326357,0.4925347,0.009334431,0.00058884226,0.06459234,0.6677568,0.0085128015,0.07656582,0.0071961465
1.1717224,0.000254259,2.8590295,0.094146386,4.26734,1.3430969,21.686882,4.870979e-05,14.680266,2.167633,2.817545,60.0534,0.7813211,0.016511552,0.001177881,0.09887819,1.3855621,0.013566834,0.074795045,0.00930097
1.0405045,0.00011580277,1.9007491,0.029805385,6.9548693,0.89341646,23.306433,3.560541e-05,9.847826,1.3782995,2.3606114,32.450806,0.5553736,0.0077987215,0.00074850814,0.0737319,0.8319935,0.009684365,0.068209544,0.007788994
1.1024488,0.00019241121,3.0010495,0.042304456,6.3552594,1.2098665,23.565992,4.3640608e-05,9.332211,1.8888249,2.8233542,54.795185,0.71296895,0.016199188,0.0008160244,0.12162192,1.1990758,0.013763555,0.08161515,0.009427763
1.5208592,0.0002474353,3.724775,0.12949704,9.692247,1.3402523,49.680527,6.186268e-05,18.079638,2.5877264,4.441597,71.58469,1.138974,0.021189168,0.0020485758,0.16837132,1.944275,0.015035189,0.11060484,0.0133313965
1.0297012,0.00016241099,2.615931,0.043703575,7.6856146,1.0331589,24.41389,3.8954233e-05,15.562875,1.963774,3.016825,42.980923,0.6746836,0.010692798,0.0010485816,0.093822,1.1716956,0.009645767,0.067895256,0.0065837237
1.1044337,0.0002022213,3.1276963,0.06340071,4.4944944,1.3074442,19.641685,4.2698735e-05,18.537354,2.6184688,3.58107,63.570816,1.1383394,0.013106598,0.0013137601,0.092695974,1.7036967,0.010158941,0.07365394,0.007064261
1.1670686,0.0002053189,2.261567,0.083543785,7.103309,1.0493695,33.593735,4.7419206e-05,20.312386,1.7468611,3.0673869,46.312733,0.7518971,0.01277883,0.00085881224,0.12535192,1.127191,0.01034715,0.09135239,0.008348756
1.2935935,0.00014109764,1.8936336,0.03470149,7.118726,0.98117167,26.761265,3.5113953e-05,14.150206,1.6391447,3.2126,33.814915,0.5984605,0.009005723,0.0009069249,0.078126796,0.6996133,0.009711884,0.094647415,0.007921773
1.4379245,0.0002230523,2.368029,0.08262994,10.254871,1.117899,47.765778,5.087514e-05,13.389258,1.6821162,3.8829145,58.18932,0.7085119,0.017862238,0.0013320551,0.13482295,1.3037294,0.012039543,0.096517764,0.012810699
1.3598492,0.00016489936,2.5334072,0.05368811,9.076053,1.3464359,37.801224,4.5969606e-05,15.860703,2.277074,5.3948574,40.914623,0.9233686,0.012273734,0.000947737,0.14200734,1.1139486,0.011938772,0.09733167,0.010117795
1.5797473,0.00021100235,2.1869392,0.062978886,9.267396,0.91018426,35.3838,4.540325e-05,12.826912,1.8267597,3.7215042,40.456833,0.8155025,0.010588164,0.0009836849,0.12483373,1.048448,0.0093645295,0.092197746,0.007857475
1.6611387,0.00019217777,1.0623193,0.07721297,13.249925,1.2541424,66.28194,4.693993e-05,15.627463,1.8148658,0.9855187,55.682243,0.8814889,0.016826326,0.0014761868,0.1185035,1.0827931,0.011560056,0.10243471,0.009573803
1.4947917,0.00011450547,1.8936003,0.045347456,9.678901,1.0878842,40.368114,4.0888466e-05,14.534014,1.8660043,3.6288834,34.79065,0.76833206,0.011339916,0.0009863173,0.12164257,0.7458843,0.010254097,0.08927186,0.011308347
1.2144395,0.0001147059,1.5668558,0.054246146,10.887513,1.0529832,40.461098,3.4977846e-05,15.166515,1.6741846,3.9213893,32.255722,0.6729647,0.011147788,0.00071068166,0.0915327,0.63105154,0.009424082,0.10824178,0.01022887
1.5318327,0.00023003733,1.8858234,0.07398509,11.816497,0.9929847,41.82207,4.7115685e-05,26.72142,1.9210422,3.3198109,32.464672,0.7513749,0.01418461,0.0012132823,0.1402269,1.1810766,0.011087468,0.08724991,0.009369343
0.8086605,0.00018013135,2.1345444,0.06700141,7.622185,1.0326958,20.785557,4.68342e-05,15.004781,1.3141266,1.3899691,36.13986,0.5915693,0.015896183,0.0012045808,0.1367541,0.926627,0.010198219,0.08261839,0.009422001
0.930215,0.00023895333,4.124671,0.0701652,8.3923235,1.4930792,28.78169,5.0460305e-05,13.471399,2.8281229,3.8034596,75.906784,1.4960121,0.018415721,0.001680768,0.16348293,1.6642629,0.011902226,0.08516551,0.011561498
1.4378976,0.0002169249,2.1034648,0.11287182,10.279708,1.3794391,41.865543,4.6997277e-05,16.069025,2.0347514,3.808933,59.389168,0.71616507,0.019167379,0.001330828,0.09603918,1.4024913,0.011837592,0.10318068,0.010474657
1.1901754,0.00021312726,2.2313824,0.057617683,7.6994,0.9170062,26.58008,4.3217067e-05,12.709703,1.8157991,3.4377701,34.244434,0.6809291,0.011704042,0.0008366292,0.10663143,1.0647498,0.0104551995,0.07644431,0.007440709
1.2732626,0.00019823332,2.2381918,0.05408579,10.157142,1.0042691,32.293217,3.8884973e-05,12.921596,1.9974846,5.1659856,34.321156,0.844861,0.012266691,0.0012893565,0.11078969,1.143039,0.010105769,0.07189321,0.009909606
1.3479176,0.0001759203,2.2708895,0.053268567,7.4170804,1.0307837,33.296368,4.3510474e-05,24.228703,1.8862622,3.703282,38.072525,0.8543353,0.012458371,0.0010111714,0.1360358,1.2006526,0.015311269,0.10160007,0.009854896
0.7390713,0.00015827535,2.0798862,0.067724526,6.3380227,0.89987034,16.996517,3.949841e-05,19.279026,1.4144614,2.503082,35.91806,0.6404085,0.0126188975,0.000805188,0.10064501,0.95509905,0.010875514,0.079212494,0.008039867
1.0645226,0.00017556544,2.3050516,0.03434192,8.741734,0.96100795,24.724596,4.069648e-05,12.770105,1.7636997,2.735556,38.95456,0.7254344,0.0106983315,0.00085869717,0.10723399,1.0616238,0.009687194,0.070895396,0.008395032
1.4175894,0.00011816093,2.0908055,0.038343877,9.290734,1.1255745,38.182465,3.9437935e-05,17.440971,1.8913082,3.7718413,38.71555,0.8077286,0.011449538,0.0008162051,0.123481706,0.7658111,0.010737982,0.09984739,0.011217456
1.265284,0.00019910224,2.5570695,0.07087423,8.780544,1.2019142,28.67114,4.224746e-05,11.145061,2.425913,4.9255385,43.15156,0.952918,0.014546037,0.001376109,0.11284455,1.2537445,0.011816549,0.07193863,0.0106588695
1.3758595,0.00020328807,2.0231116,0.0704299,9.021447,0.8893702,28.811905,4.025265e-05,13.685968,1.8336195,3.9367511,38.154537,0.9551155,0.009577266,0.00056146644,0.13667227,0.9636747,0.011270194,0.08083817,0.0074109626
1.1859065,0.00011785321,1.9601698,0.047863748,9.9676075,1.1391699,35.931385,3.886091e-05,16.772594,2.0084107,4.02182,34.061802,0.8606936,0.011825685,0.0008933277,0.11498569,0.83063096,0.010200661,0.09911895,0.0100293
1.5672343,0.00018349777,1.869225,0.04808396,9.744479,0.8841433,33.33558,3.946511e-05,11.681856,1.4783102,4.1134934,27.964867,0.4896844,0.011068028,0.0010804308,0.106911995,0.897786,0.008833356,0.07162482,0.007813884
1.2564744,0.00020352486,2.8914862,0.06147452,10.347276,1.1834767,36.779266,4.643006e-05,17.564505,2.2245154,3.4035232,52.33836,0.8402291,0.014045913,0.0010975295,0.12788363,1.4849151,0.011384932,0.0784321,0.008270339
0.82565534,0.00022119889,3.834039,0.06573001,7.1814165,1.3843222,25.168398,5.010484e-05,9.567631,2.6449342,4.8603983,73.090515,1.390555,0.018725762,0.0014751453,0.14552899,1.8919715,0.012954833,0.09949761,0.011040272
1.1361963,0.00018692637,2.2694929,0.05108415,8.657039,1.1510348,25.63108,4.5097055e-05,11.325096,2.0048409,5.684893,37.632023,0.8299971,0.01266551,0.0010845418,0.12300119,1.056251,0.008463424,0.08536951,0.008181842
1.230876,0.00021451124,2.850674,0.056359895,10.176007,1.1524925,32.589977,4.3978755e-05,17.796568,2.218741,3.500966,52.232357,0.8577591,0.012971739,0.0013041986,0.11965009,1.358545,0.010753364,0.07213364,0.008043686
1.3306943,0.00018466743,2.6342883,0.05467596,9.245523,1.0847309,27.947458,4.352621e-05,14.249214,2.2757084,3.3989935,49.5956,1.0617417,0.009712945,0.0011070935,0.13067393,1.2598617,0.011646439,0.080055006,0.008276692
1.5893427,0.0002707981,2.946643,0.10239623,11.925933,1.1550621,56.365562,5.6083307e-05,13.819384,2.262397,2.8061159,68.17976,0.9414925,0.018014481,0.0016973607,0.17486084,1.5451068,0.010735704,0.08188184,0.010917428
1.2240354,0.00021367602,2.9478922,0.061565273,10.386092,1.223655,32.89768,4.577644e-05,18.579622,2.3817477,3.52805,55.255157,0.9539265,0.013497197,0.0012418645,0.11878785,1.4894701,0.011399499,0.0730206,0.00810878
1.1186103,0.00022734342,2.7363145,0.066969,8.678091,1.2313911,23.944384,4.523748e-05,12.848371,2.7812052,3.695102,48.676502,1.2624077,0.011809783,0.001374407,0.1271071,1.401711,0.011150191,0.084325835,0.00896875
1.0360897,0.00016724586,2.655356,0.046501003,7.8108234,1.2249072,25.639214,4.135665e-05,10.200346,2.1058207,5.026429,48.889576,0.8397189,0.013230815,0.00094867096,0.109939426,1.2994756,0.00907936,0.08042416,0.00894075
1.4651127,0.00022795795,2.146137,0.07211797,9.8875885,1.1607836,37.66159,4.7617174e-05,19.032839,1.6473805,2.2163968,36.15659,0.55159545,0.019299394,0.0010512308,0.13691531,0.9234768,0.008930688,0.08548756,0.008245368
1.9809015,0.0002739264,3.0180507,0.08048197,12.094963,1.245358,64.8288,5.198363e-05,11.88613,2.1016533,6.1661,64.83709,1.0361664,0.01641676,0.0012897619,0.18901187,1.3147936,0.013443389,0.10621646,0.013758058
1.0384396,0.00019629659,2.1540155,0.056063637,8.78253,1.1242602,24.6558,4.45687e-05,11.901004,1.8462534,3.383742,39.06547,0.88137317,0.017364873,0.0013181677,0.117885165,1.1039718,0.008261198,0.08331133,0.00875713
1.3957125,0.00017784546,2.2998314,0.06962127,8.69391,0.85544026,28.994896,4.2428896e-05,11.675898,1.6471467,3.3559117,43.211872,0.7690148,0.014435087,0.0013043965,0.103666686,1.3682712,0.010303962,0.077391446,0.008168443
1.1877574,0.00022444899,2.7898607,0.0790127,8.987603,1.1102532,26.449886,4.6088095e-05,15.337205,2.3578837,3.8429244,51.300354,1.2307496,0.010916774,0.0015150812,0.114472285,1.7002088,0.012098975,0.08830331,0.010900514
1.2862437,0.00018711017,1.8953028,0.045504767,8.666701,0.92009133,30.810373,4.0311006e-05,13.705071,1.5774741,3.0215137,30.632536,0.47914943,0.00981814,0.00071696995,0.10177371,0.84836,0.008684496,0.072768554,0.0073464997
0.78472793,0.00020153493,2.5163696,0.06832077,6.3428235,1.1725957,19.571913,4.5822006e-05,11.552536,2.308897,5.927726,39.565865,0.93359566,0.014563481,0.0010146868,0.12611386,1.3585595,0.011457896,0.0888782,0.009462359
0.8896602,0.00016817068,2.500913,0.066306636,8.072157,1.3493204,20.408012,4.1406187e-05,8.866048,2.5669062,6.582751,46.59191,0.9173428,0.013344883,0.0008304322,0.10615749,1.4092385,0.009964127,0.07704011,0.009071709
1.2156575,0.00012669414,2.0378797,0.05315769,7.9593444,0.98649704,30.062069,3.8148548e-05,7.8285155,1.7508374,6.8377924,30.900637,0.5942867,0.011635912,0.0006352635,0.104643576,0.91761357,0.009767463,0.10069966,0.01011962
1.6107717,0.0001964342,2.6442332,0.09263323,8.498122,0.9300996,26.216705,4.4353455e-05,16.261026,1.8808827,4.1794868,50.36095,0.92402625,0.012871054,0.0012103651,0.1206885,1.407161,0.012145327,0.082644425,0.009595021
0.9402791,0.00016749038,1.6308528,0.060459748,8.136374,0.9945262,24.944622,3.935279e-05,14.31417,1.5716883,3.3878598,23.109507,0.6481375,0.015260747,0.0011691275,0.11216314,0.852334,0.0097585665,0.0809953,0.009318473
0.76405954,0.000166765,2.207144,0.06349188,7.7002115,1.2689433,18.695475,4.0088413e-05,8.55664,2.5275342,6.3843427,41.74,0.92002416,0.012612448,0.0007457158,0.09848936,1.2516078,0.009369878,0.08134933,0.008449701
0.9272433,0.00016085141,1.8229479,0.0465925,8.530592,0.95416856,22.831339,4.0249994e-05,12.751329,1.5289571,2.8412242,33.597786,0.62434745,0.013883001,0.0011099024,0.10673233,0.91206735,0.008223499,0.08222817,0.0077894377
0.9656064,0.000303089,2.642467,0.15168875,10.495318,1.3038418,34.233418,5.363361e-05,27.338835,2.256851,5.1150885,58.74644,1.3839935,0.015419666,0.0014008273,0.16585737,1.430882,0.012498908,0.09700338,0.011524808
1.3911736,0.00031804413,3.6435328,0.12956083,10.716279,1.3327786,45.41887,5.6239336e-05,18.245716,1.9653249,2.9125144,83.574234,0.6136591,0.026552644,0.0010368729,0.18388318,1.4800364,0.012504303,0.07535258,0.012032263
1.7099428,0.00013115595,2.1772938,0.060396727,9.107876,1.1077502,44.086628,4.1419215e-05,10.386598,1.8603613,4.9091144,42.693253,0.77709323,0.013653103,0.0010012733,0.12622604,0.9025315,0.0122347865,0.108846374,0.011758921
1.3618641,0.00014158576,2.0991852,0.05781064,8.261484,1.110697,29.356815,4.0901483e-05,7.503118,2.104758,6.5138416,33.719055,0.6228714,0.013656257,0.00074269465,0.1204047,0.8756671,0.009711206,0.1002641,0.011408433
1.9054885,0.00022199376,2.2629552,0.05629459,10.285986,0.8457111,35.97394,4.908055e-05,13.324642,1.658855,3.2806273,42.89501,0.92043847,0.009798852,0.0010448244,0.17286757,1.1359242,0.010244431,0.08725193,0.0089037735
0.82279825,0.00022311596,3.9746583,0.07117724,6.8719273,1.562168,27.40482,4.7700705e-05,10.193137,3.0295086,5.0117016,81.320595,1.5638711,0.018744912,0.00146459,0.14317024,1.7349795,0.012345554,0.10435629,0.010970267
0.7472781,0.00015824944,2.1528354,0.053669445,7.243936,1.2080128,20.075134,3.9229828e-05,7.7488213,2.5566308,6.876803,37.547234,0.97520185,0.013268732,0.00080283126,0.09793293,1.2771875,0.009381535,0.086175494,0.008450563
1.3384006,0.00020075224,2.3760555,0.058303416,7.94349,1.1866732,26.52599,4.6397654e-05,11.695613,2.161098,4.717109,40.42062,0.90913445,0.013132322,0.0012524531,0.14254718,1.0859556,0.010890581,0.08216322,0.00926127
1.1064695,0.00023463777,2.6549275,0.1352977,10.194245,1.1627316,35.09684,4.9289247e-05,28.404457,1.9968675,4.793617,55.215694,1.1449103,0.014969689,0.0012470213,0.16144858,1.2888851,0.013021405,0.094889864,0.011987425
1.3804164,0.00021125031,2.8246808,0.11673093,9.008748,1.3302486,39.935356,5.5664543e-05,14.83228,2.3954654,4.959269,55.263668,0.9979221,0.016470283,0.001334438,0.13057922,1.301908,0.012172571,0.094822794,0.009939123
1.3276807,0.00014272303,2.1427395,0.054647136,8.282137,1.1652106,29.720598,4.2801592e-05,7.291013,2.2114882,6.519227,33.997448,0.6721264,0.013724231,0.00072680257,0.11967419,0.9540844,0.009694073,0.10478911,0.0109737655
2.009309,0.00019892862,2.0850992,0.065744385,10.765677,0.80026954,37.579567,4.9169907e-05,11.810623,1.498931,3.2851985,40.773468,0.7971946,0.010858429,0.0011384002,0.16442712,1.0818281,0.011690973,0.088367335,0.010300976
1.0235753,0.00016183931,2.6051345,0.045141537,8.085495,1.2689468,26.46409,4.2910706e-05,11.877471,2.3423476,5.855414,44.654484,0.86378133,0.012723347,0.0009741059,0.1176432,1.3752196,0.009004213,0.075350545,0.008428128
2.3169763,0.00023833588,2.832765,0.085353635,12.315707,1.1769366,67.56554,5.5303008e-05,14.507121,2.059,6.5377235,68.25218,1.0147324,0.01769967,0.0013357502,0.18923873,1.254821,0.014384505,0.10943022,0.014893235
0.7556425,0.00016489036,2.130255,0.060700707,7.488874,1.2503155,19.781446,3.947622e-05,8.436514,2.6189926,6.591539,38.79472,0.95591927,0.012601145,0.00080568984,0.09918328,1.230602,0.009301488,0.08252435,0.008250491
1.1990252,0.00019153622,2.1792712,0.061410885,8.841383,1.1541256,23.55516,4.3367512e-05,12.673773,1.9870718,4.4752774,38.082848,0.84705293,0.010374258,0.00113578,0.100027286,1.052499,0.009231292,0.090467684,0.008508236
1.2447599,0.00019631478,2.8546407,0.072225094,8.737267,1.205815,26.204103,4.28063e-05,21.227192,2.1338918,2.9466805,59.718704,0.897224,0.014159871,0.0013129514,0.13761944,1.3955657,0.010532437,0.08618064,0.008787715
1.2835772,0.00013458265,1.8866286,0.052760072,8.103089,1.1055014,29.442848,4.0438754e-05,7.8041406,1.8174335,6.66941,28.505856,0.56051624,0.013323464,0.0006475902,0.11786452,0.7860525,0.01061529,0.116601355,0.0117268665
1.1239896,0.00015530267,1.5710049,0.051908728,7.7989283,0.78538334,18.703703,4.2310625e-05,12.2960825,1.1153965,1.3116477,24.227173,0.45490623,0.0130058825,0.000937034,0.12745617,0.7180373,0.009271625,0.0839396,0.007753982
0.867212,0.00015047073,1.950303,0.036792874,7.180983,0.9654664,20.187977,4.4023862e-05,11.22952,1.3880792,2.7312727,30.909594,0.5019058,0.012073261,0.00076430984,0.11001585,0.9907326,0.012349019,0.09286291,0.009127715
1.289883,0.0002735241,2.2337515,0.12246249,10.366331,1.2503681,32.74581,5.344292e-05,25.108519,1.9526837,4.2141776,47.554005,1.089619,0.014884928,0.0015143959,0.13073732,1.3805286,0.011804946,0.085521415,0.0110195475
1.7693635,0.0001960228,2.3185072,0.105562694,8.853932,0.9088013,33.040947,4.474954e-05,15.281706,1.595895,3.5462806,44.256405,0.6867202,0.01501941,0.0011403883,0.1391879,1.1523341,0.013410727,0.10314094,0.011340422
0.9246078,0.00018597815,2.1677048,0.05805509,8.2745285,1.1341342,28.741714,4.621607e-05,12.540168,2.273545,6.049649,33.698574,0.87516254,0.014382847,0.0012080427,0.12636232,1.256826,0.008865243,0.08014545,0.008128357
1.2619916,0.00019610023,2.332552,0.0668349,8.478253,0.9674091,28.414536,4.504334e-05,13.595501,1.8023039,4.2746134,40.353195,0.67619085,0.0146476235,0.0010637505,0.1510808,0.98652536,0.012072093,0.09369071,0.009753532
1.4070514,0.000172706,2.2065969,0.06851296,9.047654,0.99460113,31.193121,4.5651166e-05,11.275931,1.6719699,3.5776155,37.094555,0.871261,0.016671674,0.001255232,0.1261025,1.1536567,0.0115645155,0.09794191,0.009782232
1.4068505,0.00021851168,2.193257,0.0699248,8.743343,0.8710187,30.247177,4.681301e-05,13.023447,1.8107302,3.7692015,44.20609,0.9357645,0.012362106,0.0009161014,0.13455886,1.0523608,0.011944188,0.08328747,0.009235279
1.9107949,0.00019663402,2.2594616,0.08855602,9.764273,0.82436895,34.67082,4.6493977e-05,12.902426,1.5957857,3.6755877,45.56281,0.857629,0.013043143,0.0011089869,0.16119386,1.0785203,0.012858273,0.09755826,0.011867448
1.4551594,0.00019273623,2.2204154,0.062860765,8.920817,1.013367,28.870922,4.7915073e-05,11.476422,1.4529696,2.5145056,42.365612,0.62183243,0.015475033,0.00088891695,0.1445635,1.0206695,0.009573531,0.08695325,0.008486585
1.0987909,0.00013404108,1.9085193,0.063150875,9.309303,0.94458544,34.754173,4.046123e-05,11.594581,1.5550851,2.7022429,37.768993,0.6880365,0.015190818,0.0010728147,0.106724456,0.71622384,0.008612908,0.08027148,0.010065456
1.3380734,0.00018796814,2.1323113,0.07583719,5.9530272,0.91221744,27.123915,3.834101e-05,12.084023,1.3596175,2.5536363,45.644573,0.5793498,0.01763954,0.00083407573,0.09700459,1.2971032,0.014583037,0.09020886,0.0118709495
2.2033756,0.0001977256,2.0580266,0.08055509,10.376519,0.9059681,31.870674,4.8756337e-05,12.211093,1.7923142,0.60244524,31.803482,0.84893674,0.014915559,0.0017480317,0.18844727,0.88425136,0.009857747,0.07976424,0.008801759
1.8314884,0.00020891843,2.1466255,0.076354586,9.881302,0.91183186,28.16255,4.955985e-05,10.534041,1.6084763,0.5154156,33.85944,0.89614385,0.015424575,0.0017533252,0.16328442,1.0925372,0.0082935635,0.06831359,0.0075281197
1.147181,0.00018822067,2.9983022,0.0715515,8.587775,1.3823793,32.770164,5.3094693e-05,8.792537,2.6062455,1.9065423,56.42462,1.3223495,0.018049067,0.0019130957,0.14382848,1.5741515,0.0076902444,0.06439279,0.008600735
1.641213,0.0001536483,1.8660955,0.043060835,10.837778,0.74478626,40.681396,3.5089244e-05,16.814995,1.4262989,2.9071152,32.213943,0.7341943,0.00927262,0.0005878103,0.1315937,0.85304135,0.008733152,0.078758955,0.00816011
1.4502151,0.00014161001,1.9213747,0.038413327,8.623913,1.1716862,34.76229,3.889012e-05,10.451406,1.8707587,4.7584023,33.367348,0.66657376,0.009743987,0.00081311114,0.09539746,0.72508335,0.007102049,0.08884885,0.007815156
2.0000756,0.00019464771,1.5680814,0.0634996,11.50994,0.6029936,50.134872,4.42216e-05,11.670035,0.91788584,3.909886,28.230555,0.45783204,0.012656726,0.00073378545,0.13438602,0.73884046,0.008724136,0.075788036,0.008462004
1.2498653,0.00019181927,3.3123782,0.079749,11.80184,1.2503716,49.951645,5.2669708e-05,13.928746,1.8372337,1.0508357,73.425644,0.93909055,0.020234212,0.0015040787,0.20406589,1.3094602,0.010429677,0.08746354,0.011519784
1.0654346,0.00014015555,1.4662559,0.04712052,8.810507,0.8895839,35.220306,3.63301e-05,13.445053,1.5587071,2.224812,21.999594,0.50327533,0.011434034,0.00079034053,0.1032524,0.64873713,0.009643797,0.08343007,0.008174638
1.2905617,0.00012045358,1.8949275,0.03578113,9.2811365,1.1347163,36.84994,3.4688284e-05,15.728758,1.6871835,5.6128063,30.557611,0.5717457,0.010671964,0.00063538144,0.10211669,0.79651725,0.008168685,0.0868438,0.0083535295
1.2614572,0.00012414214,1.8851641,0.029342443,9.813229,1.1757724,40.45059,3.401245e-05,16.394163,1.8238956,4.916437,31.977388,0.6806854,0.009267016,0.00062664936,0.096027635,0.65859693,0.008879846,0.0884804,0.009031286
1.4214798,0.0001597961,1.82379,0.037220825,9.954897,1.0753553,38.264545,3.3375298e-05,15.157205,1.6608876,4.1292524,29.375883,0.5509461,0.008843573,0.00073097367,0.08977615,0.7245491,0.0064282585,0.076275274,0.006637006
0.8436223,0.00016498717,2.4617198,0.048022285,7.792438,1.2355287,26.10475,4.521185e-05,14.746068,2.0634542,2.9541109,42.653233,0.78913885,0.011967669,0.00090740685,0.124009974,1.0392455,0.0118223205,0.096940644,0.010261501
1.0007828,0.000109162036,1.6044446,0.030363875,9.165871,1.1234692,38.359447,3.181651e-05,13.420168,1.8938546,4.171959,25.880455,0.66556144,0.009254496,0.0006676128,0.08612811,0.65470695,0.009424216,0.09493179,0.009692441
1.5289165,0.00016469017,1.8633205,0.04247864,10.0218725,0.96168786,42.337532,3.7799095e-05,13.679763,1.5195309,6.0897775,28.787245,0.6346905,0.009710547,0.0009725002,0.106363535,0.74986064,0.0077008987,0.07345097,0.008653135
0.8696477,0.00019395273,2.0604334,0.06902866,9.06102,0.918546,32.652596,3.9034192e-05,17.906631,1.3960452,2.2431557,44.661003,0.6178188,0.013547253,0.0005087379,0.11299489,0.79149437,0.008965527,0.08642687,0.008566209
1.0468285,0.00018688412,2.3619456,0.083513305,8.296862,1.0454798,29.08694,4.267827e-05,16.371267,2.2281337,3.6665695,42.113552,0.9162087,0.014342042,0.0008255931,0.12048868,1.1840686,0.013401346,0.10138441,0.010530132
0.9118023,0.00020368792,1.7383535,0.054261792,8.539792,0.9999118,27.21034,4.6978737e-05,17.9312,1.5618869,1.3814714,27.552002,0.5418014,0.011849739,0.0010978802,0.10449833,0.81488144,0.010738899,0.10628973,0.0086499145
1.5707921,0.00017693198,1.8876971,0.047111902,10.907731,0.83115226,40.820568,3.799892e-05,17.250399,1.665237,2.7451117,29.643938,0.6410952,0.010345392,0.0010064038,0.13734588,0.83998924,0.008813615,0.07091341,0.007877353
1.3690228,0.00016847411,2.152794,0.04471424,9.298282,1.0686749,37.072857,4.220979e-05,14.36584,1.5938706,4.352426,35.007652,0.6023659,0.01123762,0.00087852206,0.1329631,0.8883182,0.0081980005,0.085994005,0.008794979
0.77416086,0.00024475323,2.6528292,0.06461023,6.6130166,1.2323052,17.475323,5.1684376e-05,21.48549,2.1476247,2.142794,48.378887,0.6893913,0.011749788,0.0010859208,0.10044356,1.1506844,0.012584496,0.12630267,0.009669906
0.70201576,0.00019061918,1.7284226,0.07673859,6.8705473,0.89791,19.573534,4.0875253e-05,14.252579,1.4005883,3.5588944,28.69556,0.48585624,0.015833981,0.0007523594,0.096899375,0.8024398,0.00878963,0.09206522,0.00899304
1.2424471,0.00015647529,2.190418,0.0725516,10.350321,1.3408302,42.866447,4.024245e-05,16.968456,1.7544796,2.4801066,67.01157,0.799037,0.013921552,0.0010771634,0.109549366,1.0634036,0.009951725,0.10742952,0.01063161
1.0265546,0.0001341312,1.6442972,0.049348712,8.999921,0.998173,32.294117,3.7419588e-05,12.605611,1.619413,3.719531,23.046913,0.4890661,0.0127816945,0.0008889038,0.10331899,0.7417893,0.010060827,0.09214385,0.009314006
1.618373,0.00022822167,2.5028265,0.071301326,10.6147995,1.1080575,45.76352,5.6790293e-05,11.5778055,2.0293941,4.966067,40.854504,0.90920967,0.014183157,0.0015704341,0.15495996,1.2979614,0.010367022,0.09088587,0.009909817
0.8234149,0.00015967428,2.2737327,0.06978578,8.335061,1.00059,31.743061,3.9311726e-05,16.314177,1.5669087,2.8992302,51.866962,0.70053744,0.016169336,0.00056047126,0.10142468,0.84249836,0.008635321,0.09918419,0.008485772
0.69962436,0.00022478784,2.5332642,0.0736988,6.427441,1.1464794,16.74943,4.8489153e-05,24.264954,2.2849984,2.3921692,48.4317,0.8872062,0.012014706,0.0011583703,0.08877811,1.1931883,0.012978489,0.11144207,0.009434851
1.5883996,0.00018367452,1.9940317,0.051079813,9.151081,1.0118685,36.073853,4.4549284e-05,9.09854,1.7069708,5.356955,32.31443,0.694578,0.011093823,0.0013057421,0.1348342,0.95182383,0.0070433086,0.07671982,0.007784915
0.78589433,0.00019625023,2.5965626,0.07368095,7.700897,1.1006951,23.221,4.196058e-05,23.179804,1.8572257,2.8222141,53.677,0.78864837,0.012624096,0.0009662317,0.08442587,1.3152236,0.011261433,0.08680253,0.00835305
1.1859474,0.00019607156,2.719587,0.10927499,8.502016,1.1971817,32.636654,4.323054e-05,14.593695,1.8982133,2.6894672,47.0578,0.8657089,0.02006509,0.0013128906,0.11509672,1.5700806,0.016562896,0.13054049,0.01393462
1.4481853,0.00020092697,2.064359,0.07842026,9.754701,1.0679234,39.193756,4.165899e-05,10.117075,1.5743865,5.36996,38.983154,0.58871466,0.016326502,0.0010924567,0.12476802,0.93529916,0.010049653,0.09173551,0.009997009
1.009081,0.00022964201,2.6177726,0.07964744,8.813526,1.2983454,33.321285,4.9706814e-05,11.671219,2.119175,4.474551,45.134727,0.8151667,0.015849318,0.0013802049,0.14749631,1.1142403,0.0110082505,0.095108494,0.011688518
1.2283005,0.00026909966,2.6377573,0.08881481,8.563449,1.1421987,29.948149,4.6872585e-05,11.944083,2.2373338,5.1730776,44.741524,1.1140583,0.017585667,0.0018137352,0.13535252,1.7872784,0.014472525,0.07933087,0.01165021
1.6982865,0.00020900722,2.4345264,0.07188504,9.882885,1.1466519,38.365593,4.2254018e-05,20.779272,2.0811725,5.710009,41.762115,0.79945034,0.012735544,0.0010124095,0.13674612,1.0980343,0.012984675,0.10236932,0.0103432685
0.91118443,0.00017615377,2.9104872,0.05934779,8.794737,1.3015419,33.18998,4.2154374e-05,17.325144,2.1979902,3.1149528,57.722,1.0843784,0.016396567,0.0011136306,0.13376535,1.0769731,0.011802095,0.11011706,0.011118243
1.2306743,0.00018085701,2.4999714,0.062274832,8.707717,1.2289288,31.516422,4.5120207e-05,10.454481,1.7450123,4.5863075,48.68715,0.73864657,0.01758291,0.0011898413,0.1533878,0.9773621,0.01126287,0.13206553,0.012478114
0.9853664,0.00022742523,2.6932843,0.06645831,9.537857,1.2260457,33.38276,4.680902e-05,13.2719755,1.9637524,4.595384,49.125244,0.83159566,0.015951457,0.0013142932,0.13966757,1.1640795,0.010424952,0.07688258,0.010247346
1.379293,0.00023104824,2.0842314,0.06553722,8.930756,1.0899247,29.178648,4.923603e-05,11.84491,2.340471,3.3482888,30.34733,1.0007619,0.014084046,0.0010997206,0.11802389,1.1983873,0.012268965,0.09157218,0.008559195
1.0861305,0.00020816512,1.9054508,0.08539335,9.798129,0.9798611,32.753254,4.3221546e-05,16.384512,1.5928379,3.8933904,38.69228,0.56902903,0.015114016,0.0010950897,0.10638298,0.9990967,0.0087105995,0.08782671,0.008182773
0.945191,0.00019238418,3.2571785,0.050946966,8.660501,1.3823662,27.620636,4.4231445e-05,17.875559,2.7249029,3.2176373,64.01007,1.321622,0.014412749,0.0012850867,0.14787741,1.3253914,0.012410055,0.095263645,0.0108102225
1.4879869,0.0001985354,2.1619172,0.054798935,9.085847,0.9229846,34.268005,4.5888468e-05,8.952364,1.6037375,5.2730327,38.675514,0.6296042,0.012706439,0.0010992123,0.122545525,1.1787722,0.008439811,0.07273413,0.008324233
0.9771675,0.0001517456,2.0801172,0.05993743,8.298345,1.1730925,24.973011,4.1644424e-05,18.590889,2.111494,3.1523376,39.68375,0.799745,0.011602342,0.00092914817,0.11398475,1.0294522,0.012452115,0.09693946,0.010336196
0.86058366,0.00021614316,2.774644,0.07429645,8.221134,0.96318954,28.00997,4.0470924e-05,20.622644,1.8249583,3.2563748,56.337547,0.8859925,0.013335007,0.0009195002,0.13032962,1.2223959,0.011056321,0.08489633,0.008521287
1.3008393,0.000300192,3.462301,0.17191269,11.052325,1.7897209,43.94243,5.040417e-05,37.15673,2.642124,4.2560835,76.71572,1.2360275,0.02589359,0.0016066547,0.17274278,1.607969,0.0173927,0.16196366,0.017591933
0.90288085,0.00017334375,3.0346255,0.049498122,7.9760604,1.1196156,24.289797,4.4774428e-05,10.742995,1.9015205,3.23725,59.289005,1.0898414,0.01591348,0.0011462239,0.14274651,1.3201482,0.01005733,0.10016924,0.009636969
0.8860843,0.00025050202,2.5425086,0.08725084,8.222971,1.1225408,22.712685,5.209001e-05,15.844158,2.0217805,4.251172,40.653267,0.7328445,0.01810114,0.0007895053,0.15807049,1.2858425,0.013659767,0.0993443,0.011118593
1.0209682,0.00019575961,2.0843139,0.046802927,8.111254,1.1898683,29.54406,4.225877e-05,9.462642,2.0478313,4.1518526,35.65176,0.80965537,0.011378604,0.0011581902,0.109571874,0.8163384,0.008522933,0.10270946,0.007618104
1.1253475,0.00027183842,2.5155697,0.09714951,8.863416,1.1296083,22.612503,5.534515e-05,14.549685,1.8624411,3.5633528,43.59856,0.7423288,0.017412627,0.00092792045,0.19704066,1.2777594,0.012955936,0.09971583,0.012118686
1.3579738,0.00015777112,1.334549,0.037858542,9.268631,0.81375057,34.203945,4.1748604e-05,14.952005,1.4658431,2.7493095,18.912476,0.69934696,0.007607982,0.0010898797,0.103085525,0.7053044,0.008326704,0.077131756,0.0069180843
1.1579378,0.00016935023,2.74829,0.07246219,9.570387,1.3222225,35.202995,3.931337e-05,19.9887,2.3678129,4.108063,52.974518,1.1285635,0.016664412,0.0011938193,0.1548879,1.2825431,0.011333756,0.088184364,0.011726689
1.531241,0.00014191936,1.6481943,0.052678276,11.073104,0.7000772,42.87739,3.4144618e-05,17.730453,1.3689015,3.3859425,28.151693,0.671118,0.008863031,0.0006552815,0.121313915,0.80781066,0.009518326,0.07684422,0.00785211
0.7841094,0.00025586525,2.6195793,0.08709812,6.6078434,1.1265095,19.790756,4.6919842e-05,17.594442,2.2413843,3.9897475,47.705284,1.1413864,0.015724964,0.0011106794,0.12438432,1.3895539,0.012120875,0.08931659,0.0095400335
0.8936302,0.00011622501,1.8923554,0.039477136,6.400126,0.89258933,14.407305,3.5760317e-05,10.645623,1.5709004,2.4579482,31.164042,0.6147033,0.009779366,0.000730793,0.07802392,0.8980642,0.009415549,0.06953449,0.0065407474
0.6877748,0.00027005989,2.5237277,0.08292682,9.488973,1.0289496,28.006292,4.7618098e-05,15.994267,1.8422414,3.8094423,45.217266,0.93728215,0.020414425,0.0014010131,0.10822792,1.6088858,0.011165163,0.084657155,0.010017014
0.9444605,0.0003000687,4.0506196,0.11959289,8.3357315,1.5427957,27.464857,5.256503e-05,23.794193,2.6406355,3.5886524,85.32774,1.2001505,0.02727135,0.0012990527,0.16076301,1.6186877,0.013328643,0.094774425,0.010993578
0.7458429,0.00020876594,2.6322808,0.06594141,6.5231028,1.262412,19.450766,4.3931526e-05,13.733588,2.5550876,4.3439174,49.88211,1.0277497,0.012418985,0.00092337147,0.11084849,1.26627,0.009962027,0.08483855,0.007946919
0.8886635,0.00018520647,2.639787,0.06590226,8.231907,1.1591524,22.56592,3.9356244e-05,16.246532,2.0849884,3.3634052,51.340202,0.8666415,0.011390736,0.0010334712,0.09205197,1.455066,0.010569853,0.08524447,0.008206886
1.45046,0.0003000491,3.4390316,0.09929332,11.71089,1.3410039,51.205482,5.6189772e-05,15.468319,2.8588514,2.8344443,85.38319,1.458469,0.017696394,0.0015929341,0.1929961,1.969299,0.011894336,0.071869,0.010554233
1.3532493,0.00021822602,3.073916,0.084554635,10.633562,1.3224599,38.02632,5.0503273e-05,28.927992,2.1364362,3.7232316,61.54703,1.029988,0.015383225,0.0011181945,0.15964587,1.4467185,0.012143339,0.0959157,0.01087282
0.6575767,0.00021294747,2.8630772,0.0766457,6.5486474,1.2527701,15.855749,4.319543e-05,17.764349,2.505886,2.994342,61.321346,1.1436943,0.01119438,0.0008761333,0.10119975,1.2505485,0.009312673,0.09232477,0.008400652
1.4169198,0.00025659875,3.0399652,0.066719815,8.862522,1.1783663,31.538729,4.855467e-05,12.119824,2.4348214,2.6615448,50.245537,1.142976,0.017196378,0.0013223484,0.1338812,1.5106473,0.013027049,0.068411954,0.010587017
1.1328824,0.00013502334,2.794943,0.047211424,4.2505436,1.3060517,18.30823,3.946078e-05,10.687994,2.2490084,4.0313854,61.51973,0.8634322,0.012018168,0.00076029403,0.11167043,1.1279263,0.014847278,0.10930827,0.010928048
1.0490059,0.00016646965,2.5982645,0.06991555,5.1604867,1.3501627,20.272457,4.2289797e-05,11.410069,2.339972,2.0284016,62.47542,0.9132401,0.013930943,0.0009950338,0.092531025,1.2390293,0.010668234,0.08860319,0.009186142
1.4469689,0.00025550355,3.1902742,0.071061246,9.012941,1.1677296,34.653004,5.0182975e-05,13.43657,2.3963444,2.16581,49.913113,1.0410547,0.019115664,0.0013889642,0.13292469,1.5609708,0.013615199,0.07144705,0.010182459
1.2963805,0.0001507125,2.6344128,0.05176315,8.296185,1.3169492,30.319242,4.140895e-05,9.675206,2.3628387,5.125381,50.51969,1.0117012,0.01210068,0.0012128669,0.12828217,1.2418793,0.009841909,0.09846975,0.009008985
1.0800496,0.00017577726,2.1184297,0.07193431,4.644394,1.0457438,30.562174,4.1607484e-05,24.62598,1.8053093,3.0838985,41.604343,0.75545424,0.012185505,0.0008704217,0.09378728,1.0099403,0.00938841,0.08699649,0.00759479
1.1756953,0.00020242794,2.5463035,0.07345949,7.6342764,1.295298,31.53657,4.676995e-05,10.679569,2.4590924,4.523824,40.248592,0.91903937,0.015657723,0.0012805349,0.14398682,1.2391242,0.013083136,0.10879651,0.01140676
1.0660028,0.0002969788,3.7521582,0.11873902,8.096431,1.648413,37.86159,5.7618217e-05,21.42763,3.7360497,4.1264105,61.877792,1.7087947,0.024368491,0.0015962315,0.17186058,2.1283183,0.016755074,0.1461926,0.013049909
1.1861246,0.0002148429,2.3144815,0.08848262,8.266824,0.93032974,20.883408,4.4426433e-05,18.0176,1.6342688,2.9887745,47.65533,0.66999483,0.018412348,0.0013466446,0.14227481,1.215901,0.010826378,0.073095635,0.009086192
1.5232031,0.00019327234,2.2501779,0.087893024,7.533746,1.0456024,39.93811,5.021878e-05,18.929613,1.7221242,3.3770697,41.27871,0.89401984,0.014124419,0.001143335,0.14543009,1.0230765,0.011862408,0.09147499,0.009802184
1.3953539,0.00018391185,2.2212825,0.066772506,7.9043264,1.0365282,32.087025,4.4348064e-05,10.604175,1.7278032,3.4692192,40.65659,0.65025645,0.018165814,0.0012997009,0.11200135,1.0615498,0.011186836,0.09164408,0.009053106
1.3136277,0.00017655655,2.430932,0.041367363,5.597599,1.1361089,19.868605,3.8186987e-05,15.933015,2.258741,3.3976104,46.851357,0.85196996,0.010343467,0.0012073729,0.08495699,1.1482525,0.010263833,0.08233151,0.00710917
1.2159812,0.0001832725,2.7497604,0.044146717,4.994903,1.2687358,21.421253,4.020697e-05,15.99632,2.4655347,4.22753,57.092827,0.89866304,0.011454794,0.0011357148,0.09383373,1.1661487,0.009407002,0.080998115,0.0071773645
1.025376,0.00028022783,3.4105136,0.0812299,7.1969175,1.2096461,23.289948,4.933685e-05,15.051691,2.5468583,3.446255,60.02587,1.0341278,0.01681653,0.0015295368,0.11911941,1.7836437,0.012325038,0.084839575,0.009727184
1.048594,0.00022573757,2.7159817,0.07246003,6.0149527,1.1839228,19.90929,4.3032513e-05,14.000635,2.3073559,2.9675033,48.495235,0.8325659,0.014188345,0.0011620278,0.0892839,1.4319085,0.010283127,0.075793535,0.0075922986
1.1996524,0.00018780038,2.9633045,0.049519178,5.3653164,1.3850943,23.716574,4.4940163e-05,14.004404,2.6339397,4.65484,63.576267,1.2624372,0.013837323,0.0013601015,0.1219379,1.5678431,0.011855994,0.084050566,0.009060475
1.0255018,0.00018473137,2.7713444,0.072044656,2.8606067,1.562574,12.431317,4.3663524e-05,18.153097,2.549217,3.1507483,67.33784,1.0526385,0.013005436,0.001072518,0.06575463,1.501007,0.011193595,0.08009424,0.008643849
1.1435622,0.00028447318,3.921022,0.08075948,4.7947235,1.440017,25.519323,5.003916e-05,24.003824,2.605815,4.1767316,83.84593,1.2194046,0.021270083,0.0015254996,0.13082099,1.9344199,0.010695005,0.07423469,0.007508864
1.2452376,0.00020905555,2.6249006,0.058429644,7.487261,1.2288238,27.332457,4.498984e-05,13.160374,2.289104,3.7770312,44.771343,0.8898772,0.013660005,0.0014142629,0.11313184,1.3456498,0.011757904,0.08079122,0.0099134995
1.1501726,0.00017861703,2.552805,0.038712922,4.952013,1.3476137,24.93465,4.4490556e-05,15.0125475,2.2172685,3.8530607,51.09313,1.03782,0.013358829,0.001010479,0.1044141,1.3525606,0.014754218,0.08193083,0.009472053
0.9817689,0.00019540938,2.3710744,0.065507725,7.1676607,1.2321011,21.90654,4.5644665e-05,17.958199,2.053904,3.3677757,47.37984,0.7672351,0.014691776,0.0010252245,0.09819863,1.2180353,0.010172228,0.0950153,0.008983969
1.4424477,0.0001811421,2.4043891,0.07607915,9.655344,1.0396324,38.451057,4.7085814e-05,11.048324,1.7386546,2.9572687,46.930996,0.5734094,0.015361824,0.00085565867,0.14047953,0.93276435,0.011867448,0.09448375,0.011212039
1.7016361,0.00022518265,2.6333663,0.08674008,10.4751835,1.0101304,47.657707,6.061451e-05,11.265643,2.156104,3.8217885,46.9473,1.0059844,0.016314598,0.0016148726,0.16284494,1.3110892,0.010204312,0.094503604,0.009347013
1.2619388,0.00020379374,2.5488496,0.0592606,5.0807743,1.264324,32.195187,4.6984253e-05,20.664291,2.1461482,3.9359899,49.25126,0.9315675,0.015497577,0.00087988796,0.14338829,1.2841506,0.019260652,0.106786795,0.011094929
1.274403,0.00024135431,3.330134,0.07297328,8.240289,1.187548,31.384272,4.9149905e-05,10.486569,2.042233,2.3702493,60.07919,0.91539156,0.021909148,0.0014388461,0.12366259,1.6151018,0.012962143,0.06257132,0.009972144
1.4183093,0.00023310304,2.9896297,0.0663155,8.664831,1.0804464,34.677254,4.6941455e-05,12.261845,2.127445,2.199382,50.00322,0.92150795,0.018119039,0.0014348887,0.11324577,1.5032766,0.011951337,0.07248025,0.01027569
0.96744776,0.00018148175,2.1479938,0.065236315,4.553245,0.9970059,25.61676,4.1994947e-05,23.82022,1.7418222,3.214319,40.275764,0.7431587,0.01225182,0.0011480958,0.082294665,1.1270884,0.009882941,0.08131721,0.008097398
1.184667,0.00022618679,2.4936662,0.062801115,7.774496,1.057947,29.39672,4.5521454e-05,12.623268,2.2864215,4.152842,43.208553,1.1602628,0.011572526,0.0011430451,0.13060881,1.5328243,0.0138254985,0.07734839,0.00982721
1.202792,0.00025563908,2.6595623,0.068671145,7.1872344,1.0828936,26.292109,5.0099326e-05,12.87253,1.8358642,3.839754,52.21932,0.99370277,0.01565761,0.001226818,0.150109,1.6316049,0.01155236,0.06711727,0.0075584454
1.2711966,0.00021521027,2.82333,0.08657911,8.968539,1.3057082,34.201763,5.3256354e-05,16.129787,2.0572925,1.5578153,53.822426,0.95764196,0.019205086,0.0011380714,0.1622738,1.4091814,0.014644256,0.114951305,0.0108812945
1.3489196,0.00014947227,1.9269997,0.044869404,7.84365,0.8470605,29.50289,4.128704e-05,15.257385,1.6064521,3.1013944,29.46523,0.55629325,0.011293366,0.001031734,0.09875572,0.9266772,0.011206927,0.06494585,0.0077178404
1.0732101,0.00020106112,2.6373,0.06312114,7.805907,1.0075216,29.256613,4.3841566e-05,15.938669,1.7759627,2.6702096,53.319656,0.8510819,0.01203523,0.0015071192,0.11443152,1.3947115,0.009326139,0.06873418,0.0064980714
0.9193677,0.00017182967,2.606699,0.05747344,5.847424,1.086678,18.475534,3.9780814e-05,15.192952,1.7838546,2.1461537,49.300648,0.74126035,0.013311277,0.000824443,0.10357068,1.1427946,0.010182631,0.075145885,0.0078006946
0.9198699,0.00016382875,2.3720307,0.072346926,6.3069186,1.106799,22.39877,4.1218384e-05,13.889698,1.6718264,2.6452742,49.201077,0.6162057,0.015170279,0.0008870674,0.07995311,1.2468921,0.011039976,0.095676795,0.008894785
1.0272428,0.00018783039,2.6527686,0.090715356,6.099509,1.3089081,27.127693,4.201055e-05,14.363567,2.0392275,1.8182976,57.691933,0.8055987,0.01646021,0.0007951294,0.10052588,1.3087531,0.012853213,0.09660605,0.010297714
1.0437988,0.00019551678,2.5455856,0.08384361,6.273441,1.1777629,30.433825,4.6729965e-05,14.763424,1.9587029,2.4725978,53.239853,0.7861452,0.01526484,0.0008278948,0.09211104,1.3178807,0.013166531,0.095785566,0.010875921
1.3492501,0.00022827015,2.9033613,0.09956378,6.713487,1.1675605,34.37487,5.266704e-05,21.60826,2.08488,3.3297954,59.86923,1.0297484,0.016420014,0.0013412123,0.12562186,1.6633224,0.015080321,0.093216434,0.012173886
1.4239277,0.00023800241,2.564465,0.0993815,6.376655,1.0369854,30.88399,4.9356455e-05,18.37055,1.8076748,3.7669585,50.6064,0.84732753,0.016051184,0.0012155982,0.13881983,1.4957855,0.0151613355,0.076728575,0.01182822
1.4612304,0.00021533747,2.6853967,0.10151652,6.217683,1.0389773,31.560596,4.6707475e-05,21.339926,1.9011759,4.21358,48.21004,0.94368607,0.015203094,0.0013934114,0.15297472,1.3404908,0.0131498445,0.09898348,0.01127856
1.2044579,0.00012117373,1.7402719,0.028788209,6.882345,0.7988906,24.740374,3.4302346e-05,9.675453,1.2010156,1.5117158,33.76209,0.51119155,0.007557927,0.00039917344,0.08523866,0.7069625,0.008455698,0.07361656,0.0073705567
0.9793495,0.00011604066,1.8556626,0.04488515,6.234957,0.9406673,19.516851,3.430427e-05,12.361615,1.2719194,1.722562,34.103844,0.4343815,0.008094885,0.00058563927,0.07996077,0.7123246,0.009364541,0.07599611,0.0077457787
1.0048733,0.0001689512,2.2098467,0.06397122,7.1172132,1.0516527,27.684292,4.0314382e-05,14.063741,1.3530931,1.3440536,43.66017,0.46699956,0.012088983,0.0006754383,0.10144918,0.72241956,0.0092336945,0.09149009,0.007913853
1.1856838,0.00014548929,2.363981,0.028071012,5.8053355,1.0529573,17.8338,3.5042132e-05,9.364411,2.0226521,3.239243,38.20961,0.6997757,0.009062191,0.0010320027,0.06739939,1.081313,0.009923679,0.07317919,0.008963607
1.1117549,0.00024982245,3.458801,0.081327006,5.429144,1.2347564,23.090794,4.7274196e-05,11.333962,2.3131795,3.3838344,69.3601,0.80809826,0.02647535,0.0012342883,0.10890634,1.6543863,0.015815016,0.08753706,0.009870235
0.89567035,0.00020643175,2.4942122,0.07708992,7.05543,1.2532147,24.82493,5.018413e-05,18.708977,2.0325122,3.26836,48.48622,0.81427604,0.017838694,0.0012572169,0.10088831,1.1851914,0.010276969,0.10727116,0.0103603685
1.2217821,0.00020652468,2.9413717,0.06491453,5.890059,1.1837394,25.302982,4.8007514e-05,16.317408,2.23443,2.8408759,56.028484,1.0959225,0.012506626,0.0015399036,0.12047286,1.5547873,0.009871369,0.06901656,0.0060992697
1.1933551,0.00021375521,3.5587158,0.049078144,4.6003847,1.3620965,21.19913,5.0086936e-05,19.761122,2.2279441,3.9418783,75.65901,0.93366945,0.016760772,0.0012128884,0.11853378,1.7396487,0.010908032,0.07450051,0.007462314
1.0983119,0.0001995143,2.9408293,0.057111822,4.524873,1.2914814,19.351156,4.4280157e-05,16.89357,2.552175,3.3781338,62.709435,1.3227781,0.012942689,0.0012876386,0.09745055,1.6697791,0.010506462,0.0715152,0.0073499293
1.0751241,0.00017084408,3.1920054,0.05165752,3.0203476,1.3212118,9.246172,3.732247e-05,15.407801,2.2075462,3.3339105,69.5889,0.84618735,0.011334389,0.0009936969,0.06638723,1.4361154,0.010147086,0.06647671,0.006957127
0.95758516,0.00019766219,2.6298726,0.079246186,6.4189625,1.2709296,24.066442,4.384509e-05,14.90221,2.3127127,3.5348666,48.210457,0.89299893,0.015651498,0.00087335455,0.11259232,1.430023,0.011851632,0.10130814,0.009437
1.1519262,0.00018642365,2.5115435,0.039926376,4.2684402,1.2495452,25.339321,4.413449e-05,14.592594,2.0866747,3.6202934,49.59863,0.96331084,0.014170266,0.0008951221,0.09862991,1.2532191,0.015010881,0.086015545,0.009132311
0.96147686,0.00021709548,3.2640333,0.079693794,4.227691,1.3068664,16.344296,4.2878535e-05,19.643682,2.5393462,2.998361,68.136475,1.0793763,0.015352776,0.0010849936,0.093904905,1.5218153,0.010835018,0.07816918,0.0072319005
1.4364783,0.00017643595,2.326743,0.08037251,8.850377,1.0177236,32.703335,4.396631e-05,17.534779,1.7697186,2.914746,50.23025,0.7953069,0.015529694,0.0010872395,0.13336988,1.0442054,0.009896796,0.10357658,0.010280664
1.4303933,0.00020100937,2.453625,0.10692741,9.026773,1.2253754,34.87395,4.9720882e-05,16.377148,2.096144,3.0372608,51.393024,0.8400735,0.015973557,0.0015368068,0.16081011,1.2521361,0.013042497,0.11354258,0.011319727
1.2441633,0.00016081204,2.0817795,0.07363996,7.4840207,0.7989418,26.5211,3.79485e-05,11.380431,1.1303284,2.3340611,45.73288,0.52796245,0.015202483,0.00095461623,0.1139967,0.99337363,0.009910048,0.08061431,0.008359695
1.283323,0.0001595064,1.8798921,0.091170214,7.739878,0.84431434,29.805408,3.7273792e-05,13.048958,1.0779094,2.2845173,42.401047,0.51230454,0.01687141,0.0009050093,0.11280213,0.94819355,0.012291955,0.09620312,0.010532258
1.2113906,0.00012006245,1.6391364,0.038229186,8.182195,0.8421834,28.0983,3.6570353e-05,11.430299,1.1150757,2.393344,37.988792,0.51569724,0.012057274,0.00054161553,0.10984844,0.81178224,0.010852658,0.07371427,0.008360097
1.2081977,0.00011564399,2.0068078,0.037319817,7.8940578,0.91587436,26.900135,3.6667494e-05,13.523471,1.625046,3.05138,40.821278,0.60360795,0.0090314625,0.00073843764,0.11562362,0.8985164,0.011950329,0.08454197,0.008392913
1.4001381,0.00027301506,2.5976946,0.25730562,6.0616693,1.1712341,30.386438,5.787728e-05,10.485795,2.0986013,4.2298865,53.20792,0.86453474,0.024557373,0.0015674977,0.14750877,1.4377803,0.01639022,0.10161034,0.010457819
1.3744937,0.00022735493,2.737803,0.15464592,5.659774,0.96024233,29.330946,4.7123493e-05,16.584158,1.8289323,3.492347,56.047615,0.8182513,0.019114451,0.0011320597,0.13352908,1.4157981,0.017568149,0.081093155,0.009794854
1.7776119,0.00022142445,2.171197,0.09598223,8.931724,0.88784546,41.97021,5.1464773e-05,12.979993,1.381996,3.2188063,40.151848,0.6600136,0.015955398,0.0011872986,0.13223457,1.131843,0.011975836,0.07837555,0.009656521
1.9915129,0.0002292722,2.2155552,0.09473075,9.700063,0.92347693,45.67523,5.391603e-05,14.399134,1.6344563,3.0025005,41.893906,0.73930293,0.016349947,0.0014594916,0.15531024,1.1458292,0.012699329,0.09387996,0.009791279
1.5612296,0.0001857218,2.1253061,0.054434914,7.3336396,1.0732309,40.699436,4.5433775e-05,18.677185,1.637229,3.6694562,40.409435,0.86531764,0.013465879,0.0007947153,0.15838921,1.1037796,0.014734963,0.09846808,0.0109934835
1.1796439,0.00018670868,2.3200521,0.05222269,7.5026817,0.9821201,24.727556,3.988014e-05,12.080146,1.7900639,3.1591158,39.694485,0.60754985,0.009315729,0.0008671092,0.10214196,1.0780271,0.0110095665,0.064044036,0.0082871085
1.237562,0.00014092129,1.650185,0.024607604,6.586428,0.7908401,20.43508,3.460797e-05,8.71707,1.1673696,2.822448,33.144207,0.47896275,0.008091597,0.00056461064,0.06094647,0.7283022,0.009262916,0.07269015,0.007666698
1.4143522,0.00023831625,2.9597955,0.06874519,8.677815,1.0924319,34.319824,4.7531146e-05,12.31086,2.1028652,2.2543128,49.730576,0.9083434,0.018377505,0.0013953454,0.112773366,1.4735136,0.011928842,0.07381576,0.010339477
1.3013368,0.00016747694,2.615695,0.06045481,7.4376245,1.0142832,28.55224,4.042781e-05,10.73889,1.5196291,2.1648865,51.471085,0.6650113,0.018819975,0.0010046464,0.10363413,1.0744998,0.011687079,0.06264765,0.009625148
1.2664537,0.00017887876,2.3705914,0.04518898,8.0328,0.9281062,28.724985,4.330219e-05,9.878807,1.3730747,2.4080484,43.58717,0.6399698,0.016564187,0.0010720333,0.12944233,1.0173626,0.011374286,0.088205054,0.00879109
1.1687893,0.00016565723,1.7627454,0.046596587,7.4582214,0.78250206,26.36317,3.8661874e-05,14.765856,1.3055867,3.1072254,26.913618,0.39688468,0.006422494,0.0008625613,0.09461879,0.8509984,0.009687852,0.07872937,0.006690024
1.0517665,0.00016835605,1.9912198,0.06773648,4.3448343,0.94229805,26.463408,3.9983213e-05,23.686295,1.6917274,2.7730162,39.578033,0.72484875,0.007335859,0.0008836921,0.08621808,0.994134,0.009930151,0.08114782,0.0071901022
1.1900591,0.00021798043,2.478872,0.057428245,7.0852046,1.0418986,29.56439,4.3778597e-05,13.633447,2.206331,3.9246926,43.352383,1.0884187,0.010923241,0.0010451463,0.12191476,1.3823676,0.01362765,0.072888896,0.008639771
1.2130513,0.00020796004,2.5950885,0.07449956,6.9947734,1.1593927,29.411987,4.4350418e-05,11.604219,2.2214012,4.5550723,43.963486,1.0339605,0.013587183,0.0013211676,0.1348001,1.3346943,0.013379165,0.08078272,0.010005657
1.20695,0.00025369602,2.8143816,0.066591024,7.2214546,1.1609933,27.283022,5.195487e-05,13.166298,1.922585,3.859238,56.912083,0.9716389,0.015468659,0.0013050685,0.15699816,1.6700577,0.011588493,0.07170325,0.0077601573
1.0790126,0.00019831098,2.564258,0.06363616,7.8057113,1.0006886,29.953192,4.4241246e-05,15.865961,1.7628655,2.657444,52.048447,0.8660721,0.011853283,0.0015160127,0.11433219,1.371156,0.009132108,0.06874286,0.0063673705
1.0393981,0.000255251,3.3542635,0.08386994,7.222534,1.4083916,26.106205,5.5685454e-05,17.904629,2.4610553,2.9312809,57.41023,0.9221479,0.018586917,0.0014478684,0.13608262,1.6658766,0.014184301,0.11449886,0.0123595055
0.91161203,0.0002556417,3.1774402,0.088492304,7.4413686,1.4213055,29.132566,5.8125046e-05,17.832037,2.4110277,2.8785663,56.589947,0.97883517,0.019153912,0.0014234553,0.14795911,1.6011975,0.016867243,0.13929425,0.013773259
1.0152122,0.00016748032,2.1527417,0.075553015,5.7226286,0.95009744,24.69057,3.8156442e-05,13.872353,1.517848,2.6023457,52.433933,0.5959441,0.014267534,0.0007949744,0.07655477,1.2619579,0.010225618,0.091896705,0.008240662
0.898109,0.00016561504,2.3608885,0.073952034,6.4337482,1.0879304,22.981419,4.2390577e-05,14.657001,1.6553476,2.7568038,49.13143,0.62629855,0.015406835,0.0009094326,0.079966605,1.2447093,0.011134078,0.09946632,0.009010632
0.9857811,0.00018141547,2.8391871,0.08099776,5.8685226,1.3757936,28.680319,4.2956508e-05,15.699317,2.2124007,2.43467,61.315075,0.87668437,0.014567571,0.0010435261,0.10292946,1.3360944,0.012484505,0.09028141,0.009770836
0.91647863,0.00020230377,2.6417196,0.08615431,5.927766,1.1776373,22.008417,4.698373e-05,15.816447,1.8716884,2.7881863,55.863857,0.6873719,0.016037395,0.0008963417,0.088497676,1.3782537,0.012358378,0.107286125,0.010626845
1.0525545,0.00016091431,2.495437,0.06892731,6.835024,0.97607243,27.76105,3.7733935e-05,14.180034,1.5185083,2.5619364,59.21044,0.5868403,0.015672432,0.00092342205,0.09562456,1.1701115,0.010220569,0.08235366,0.007140199
1.4082062,0.00024402305,2.2240756,0.14933091,8.01177,0.95563155,37.886604,4.806046e-05,23.079723,1.330176,4.2303715,47.699184,0.5969204,0.019157324,0.0007987024,0.12978095,1.4542434,0.017878233,0.10357354,0.015337427
1.297298,0.00020959994,2.4058783,0.069466576,6.9122844,1.0783243,34.7925,4.420486e-05,18.104622,2.0096242,3.8812983,43.487946,0.90616447,0.008633482,0.0012442169,0.123069756,1.2583963,0.013531121,0.08245057,0.00901117
1.4899819,0.00021777567,2.2653418,0.09438931,6.844962,0.9780125,34.13489,4.890763e-05,18.280403,1.5013398,3.7266657,46.719322,0.8075777,0.0156589,0.0009257391,0.14470698,1.1882057,0.014416076,0.09018071,0.011748796
1.3411825,0.00023026929,2.9218843,0.09991603,6.6949058,1.1778117,34.41537,5.2859235e-05,21.709301,2.1012402,3.3198526,60.33265,1.039135,0.016398838,0.0013629068,0.12590939,1.6701523,0.015078645,0.093928754,0.012186164
1.4554722,0.00019961942,2.4141695,0.107091025,6.8104444,1.0162139,30.562782,4.7049904e-05,18.717953,1.9811736,3.4042368,45.341,0.9742703,0.014278653,0.0012102369,0.123134166,1.2741796,0.013120507,0.08346961,0.009468048
1.1323795,0.00014965849,1.9553441,0.031989038,7.694668,0.8534289,27.266443,3.696633e-05,8.953672,1.4070365,2.8051314,31.998766,0.58511436,0.009798632,0.0007293952,0.093624,0.98084396,0.010566682,0.07350835,0.008638724
1.3087978,0.000118326214,1.7764089,0.030145423,6.8403845,0.8979114,26.024792,3.5534606e-05,9.161059,1.563101,3.0406601,32.6814,0.63012964,0.007417169,0.000619629,0.07759052,0.7362979,0.008049842,0.08602745,0.006821062
1.102553,0.00014399237,2.1024325,0.0352882,7.000556,0.95209044,24.497156,3.7200574e-05,10.260636,1.4519186,2.4006827,34.337997,0.548773,0.009496194,0.0006996154,0.086053096,0.9078796,0.010492629,0.07118127,0.007962094
1.1018416,0.00014498731,2.060706,0.041431718,6.850114,1.0132844,25.800327,3.4653705e-05,11.023989,1.5289443,1.5342916,36.69008,0.54397607,0.010594921,0.0006660412,0.08623416,0.7103662,0.00857972,0.0818452,0.006481394
1.0311598,0.00018877565,2.718502,0.060678784,5.4101324,1.2374191,17.097462,4.0064795e-05,10.645593,2.285946,3.0776634,50.78946,0.850851,0.013986331,0.0011106388,0.07913601,1.3526795,0.010394086,0.06857678,0.008006775
1.0545188,0.00014928066,2.699102,0.035602085,5.634777,1.0406713,17.980934,3.720585e-05,9.861,1.9385374,3.2331579,47.52864,0.704476,0.013049777,0.0010144039,0.07278473,1.2047979,0.010611923,0.06956919,0.008758717
1.0891837,0.0002552611,3.141619,0.067938305,6.052773,1.2326077,20.343834,4.5077308e-05,15.032761,2.348932,3.4233782,55.982662,0.79063207,0.015467309,0.0011866643,0.10783015,1.5853913,0.012908194,0.07724992,0.008536031
1.0484645,0.00016743618,2.920967,0.053387545,5.845369,1.1903226,18.747614,3.8338505e-05,9.048793,2.1030104,2.7110698,58.74114,0.8289249,0.017734872,0.0011995943,0.08232264,1.2817984,0.010781343,0.073160104,0.008613566
1.020408,0.0001556407,2.7866237,0.060867768,5.58282,1.1531692,20.504913,3.86852e-05,10.627458,1.9305658,2.6622448,54.179783,0.7288921,0.016036335,0.0010843204,0.08169842,1.1251835,0.010528105,0.07086039,0.008003952
1.0368992,0.00018126504,3.059667,0.066025406,3.059475,1.4117992,10.887133,4.0365656e-05,17.00927,2.4476497,3.3110013,69.949814,0.93898106,0.012589045,0.00093762,0.06623184,1.3885539,0.010397713,0.07526664,0.0073346426
1.0632675,0.00021226393,2.8532119,0.06618418,5.6943183,1.1868936,22.523943,4.3873784e-05,14.203524,2.3094206,2.8275154,60.31672,1.3082232,0.014095288,0.0013854944,0.099580795,1.7078443,0.008732494,0.060954425,0.0055619227
0.89669263,0.00020686809,2.5010898,0.07714191,7.0590105,1.2530247,24.837822,5.0171304e-05,18.727467,2.035087,3.27502,48.513695,0.8164623,0.017827384,0.0012580813,0.10092581,1.1868175,0.010281803,0.1069502,0.010372436
1.1472566,0.00017132619,2.6235075,0.051193964,6.2050676,0.9833407,23.307682,3.6747508e-05,11.025325,1.7586595,3.0992064,50.01191,0.57684374,0.012121229,0.0008766443,0.08993952,1.0159469,0.01043947,0.06456474,0.007848198
1.1717112,0.00018479706,3.1492813,0.048070867,4.3794403,1.4944503,18.107,4.2234085e-05,17.3533,2.6414602,4.8427672,66.4713,1.0272151,0.012792489,0.0012336994,0.09419179,1.5304195,0.010446093,0.078775145,0.008524642
1.220509,0.00023675057,2.9296763,0.050717823,4.7656937,1.380159,24.943794,4.8613685e-05,21.097767,2.3574314,3.9582484,64.56831,1.1868137,0.017541384,0.0015555997,0.13371298,1.7742729,0.011639455,0.08122052,0.008602443
1.06862,0.0001834685,2.8297603,0.09781102,3.739848,1.1485149,10.241487,3.596728e-05,12.12285,2.3154614,3.3901424,57.888912,0.879938,0.012303212,0.00096107315,0.066912755,1.3855389,0.011335889,0.06408628,0.006882601
1.1760998,0.00020420365,2.5276387,0.05329967,4.526882,1.3890169,23.588829,4.8629416e-05,16.146925,2.4603434,4.23491,51.15084,1.0789429,0.017670432,0.0011282617,0.10849648,1.6514995,0.015393771,0.08341357,0.009072344
0.9796675,0.00019692721,3.1190093,0.055762965,2.9977481,1.5090572,9.4964905,4.0606054e-05,17.80268,2.4104118,2.8662734,70.74049,0.8729979,0.014876353,0.0009868657,0.06682679,1.5738739,0.009924289,0.06878018,0.00720406
1.3513441,0.00020636561,3.338835,0.08380894,4.2305965,0.95371705,15.759026,3.7140035e-05,20.020895,1.9239554,3.128326,65.22547,0.55695784,0.015764862,0.0008696846,0.08728834,1.4398129,0.010796699,0.07399899,0.0070461137
1.7258625,0.00022885598,2.4701374,0.08304115,9.395907,0.98310477,41.284954,4.858005e-05,15.459619,1.6507039,3.933094,42.010452,0.76635593,0.0141490195,0.0013009834,0.14106941,1.0225515,0.010924256,0.08136065,0.0092063695
1.3712627,0.0001920005,2.197345,0.07282914,6.3229985,1.0411816,28.52013,4.4344855e-05,10.73246,1.8397609,4.246703,43.91963,0.91004735,0.012010414,0.0011330419,0.13984959,1.2003131,0.012923229,0.08703418,0.009651523
1.2578387,0.00017466133,2.2864041,0.04930859,7.380307,1.0949732,26.363586,3.936909e-05,12.889932,2.0778875,4.2778707,44.27633,0.775108,0.009795483,0.0009368068,0.12406419,1.159354,0.013745947,0.08193208,0.009214318
1.5093988,0.00027911205,3.0622113,0.24908504,7.0383353,1.176151,36.91405,6.0338683e-05,11.107902,2.004383,4.3411617,62.676083,1.152618,0.020704525,0.0016262078,0.20200415,1.4429342,0.015712228,0.11008494,0.012042563
1.3517039,0.00020176356,2.2929986,0.055751067,8.469986,0.95434016,30.315117,4.1165436e-05,14.702839,1.6730658,3.2382708,41.20878,0.48144922,0.011424308,0.00091941777,0.11507003,1.0918617,0.011087622,0.0665968,0.0072225356
1.249237,0.00032919287,4.0823064,0.08360957,8.156781,1.8797115,35.451744,5.8335347e-05,12.471381,3.4426532,2.5587742,80.85938,1.5877279,0.020932322,0.00214692,0.14925732,2.3208911,0.011646577,0.08078505,0.011650673
1.2593021,0.00033102575,4.1048527,0.08059693,8.384459,1.879933,36.272476,6.024721e-05,12.347235,3.5458272,2.560445,81.85098,1.6314875,0.02082089,0.002132357,0.16038783,2.28898,0.011438069,0.08189349,0.011818983
1.2415804,0.0003227946,3.8984125,0.080142304,8.289646,1.8416404,35.23482,5.6730154e-05,12.454802,3.3539944,2.4594345,76.57048,1.5310773,0.020505093,0.002126442,0.14991477,2.185829,0.011705114,0.07861518,0.011874365
1.2138392,0.00032722935,5.281496,0.09871543,7.74499,2.1335647,32.537785,5.8590314e-05,9.257091,4.965997,3.2200806,97.67858,2.5048647,0.019607645,0.0028122335,0.14911659,2.777708,0.0084446585,0.07452102,0.007573946
1.2895488,0.00032945492,4.4995227,0.07629181,7.4994926,1.5234044,33.185123,6.0777405e-05,11.694295,3.1926618,2.9781647,91.589424,1.708759,0.019692067,0.0020679578,0.16187687,2.058646,0.008791281,0.067064375,0.007681357
1.3277181,0.00027765348,3.9950275,0.10230989,7.762215,1.4662168,32.52615,5.1362313e-05,10.945873,3.2553344,4.1740613,72.178856,1.4574138,0.01671112,0.0020971359,0.15703166,2.2497916,0.013287358,0.10406676,0.012610245
1.2855747,0.00025261485,4.013553,0.064762145,6.8964763,1.3412017,31.751265,4.8870126e-05,11.645684,3.104205,3.188961,77.03822,2.1967053,0.013498418,0.0020025268,0.16178851,2.1531425,0.010095314,0.060427632,0.0077954875
1.0188313,0.00029704958,5.1545687,0.099536546,6.992106,1.6620829,30.830841,5.7821548e-05,12.501301,3.58633,1.2952642,107.10069,1.2292578,0.022846889,0.0017150699,0.16145214,1.9529512,0.011819277,0.08282098,0.009903674
1.2198116,0.00032309836,5.297262,0.09586782,7.3215985,2.006032,35.263073,5.8416063e-05,10.317638,4.522979,3.7525265,106.27127,2.397685,0.018723527,0.002773497,0.16293469,2.9111466,0.009068328,0.07478248,0.006789204
1.2841226,0.00024514587,3.7855225,0.10459094,7.4367876,1.5977732,30.814743,4.794413e-05,11.09037,3.4790351,4.522555,69.09305,1.5387765,0.0150170745,0.001990657,0.15623927,2.1166403,0.01381993,0.11746093,0.01300115
1.1392776,0.00023496078,3.4315274,0.06529169,6.379893,1.3423365,31.46302,4.39837e-05,8.765565,2.739328,1.5272788,71.18159,0.9276941,0.013818367,0.0009890419,0.08836239,1.3620824,0.010393052,0.07476199,0.008459691
1.2494911,0.00026719985,4.609406,0.06687049,8.279129,1.4559516,38.939556,5.5959816e-05,9.624659,3.5340333,2.7897348,95.0961,1.6732867,0.01653991,0.0021862132,0.17129172,2.1543405,0.010561837,0.063685395,0.009360811
1.2286627,0.00012749697,2.920058,0.031333614,7.4520645,1.2924228,32.74336,4.198544e-05,9.920372,2.246932,4.123094,56.486534,0.83524185,0.011092326,0.00081036537,0.12855174,1.1633373,0.009308178,0.08706473,0.009634151
1.1558394,0.00025013956,5.4052877,0.055700995,7.5074735,2.1353738,33.61339,5.6656805e-05,12.118068,4.534397,2.60516,109.40329,2.0982432,0.017794792,0.0024273698,0.16046087,2.657475,0.010335345,0.07232732,0.008218479
1.2473962,0.0003845282,4.3135123,0.085592955,7.8633933,1.4748504,37.15108,6.4542284e-05,11.593437,2.8464417,3.2796967,87.61575,1.2917651,0.021098193,0.0020271468,0.15045594,1.853542,0.0099267755,0.085731216,0.009475215
1.358303,0.0002651485,3.578099,0.076981165,7.3258257,1.0580835,32.70876,5.225615e-05,14.612236,2.0612214,3.8096616,65.66519,0.8449271,0.015418108,0.00150854,0.15694194,1.6670204,0.013105573,0.08483953,0.009588241
1.3281349,0.00016283027,3.4017365,0.062140185,10.661498,1.3998263,40.486717,4.0594103e-05,10.02753,2.7924066,4.262638,71.509544,1.3509617,0.014184986,0.0019205307,0.121429235,1.7824411,0.011603696,0.06590046,0.009223219
1.381179,0.0002796185,3.7294388,0.068282686,9.353128,1.5264523,52.040215,6.757887e-05,11.762206,3.053254,4.0363445,73.41321,1.51288,0.016244695,0.0024410347,0.18651053,1.7845584,0.00910741,0.10380087,0.010713128
1.3477713,0.00023585814,3.7933671,0.056592517,8.655601,1.2125676,43.536263,6.1656196e-05,9.688977,3.0739987,2.8656833,77.39801,1.4142711,0.01723276,0.0019454319,0.19832684,1.8815066,0.010411647,0.0910773,0.009703424
1.1497437,0.00017970738,4.441786,0.06280823,6.1980386,1.6313581,25.580725,4.5561024e-05,10.9520645,3.4095087,3.0858757,81.59489,1.5290624,0.016119516,0.0017302155,0.13708346,1.9581609,0.010136339,0.07199923,0.008583362
1.204639,0.000163338,3.3400993,0.044053487,6.1937976,1.4957727,30.199387,4.3038126e-05,9.336079,2.926038,4.127087,65.43503,1.2201062,0.01340138,0.0011002587,0.12308959,1.4790334,0.0082901595,0.080545485,0.007630401
1.2637607,0.0003151962,3.9657419,0.09386837,8.727022,1.6915606,39.264565,5.507927e-05,9.124544,3.2495358,3.5516891,71.15378,1.8271496,0.02067417,0.0027579484,0.1212505,2.1647182,0.0096612135,0.051756687,0.008030937
1.2508103,0.00033302515,4.6839786,0.09002662,9.066936,1.7294127,40.580902,5.89584e-05,9.998078,3.3597956,3.2629623,86.12502,2.0449114,0.02235945,0.0032473244,0.14329942,2.6654181,0.010390394,0.059694123,0.0087025715
1.2399755,0.00027262367,3.6013577,0.08130542,8.302752,1.3988698,34.95079,5.0648712e-05,9.45252,2.5873384,2.992806,68.967445,1.4246548,0.018923506,0.002150478,0.12237852,1.89634,0.010033594,0.060667638,0.008122154
1.3217186,0.00029168744,4.843125,0.07786984,7.4847355,1.4287084,41.495728,5.8438534e-05,10.879571,3.0171697,2.690264,103.523384,1.5353469,0.021708189,0.001932694,0.2165468,2.174116,0.011269394,0.06966491,0.010791049
1.3087134,0.00023993604,4.874143,0.06811043,9.97303,2.0167978,47.293594,5.4218028e-05,14.291238,3.6168067,3.0220776,99.24548,1.5360279,0.016549643,0.0019156019,0.16258858,2.2944508,0.013028007,0.0899638,0.010686551
1.2124155,0.00021818765,3.9820783,0.049822345,6.656518,1.2938149,31.463867,4.394854e-05,10.507859,2.466217,3.4320917,82.41285,0.9683528,0.017164286,0.0008901104,0.13141873,1.6563102,0.010224719,0.08161389,0.00863422
1.1762378,0.00024094549,4.579735,0.059110954,6.9740434,1.722037,27.95645,5.0120987e-05,14.120215,3.2539015,3.0749292,92.72194,1.5125592,0.016273776,0.0017171124,0.13135567,2.1806443,0.010857885,0.0684122,0.008093156
1.2345792,0.00012270652,1.9909784,0.05501315,6.9553695,1.0568117,27.704279,3.6026846e-05,10.467062,1.376594,3.942173,48.806034,0.474269,0.013489737,0.00055381574,0.092576146,0.88693714,0.013570655,0.10264534,0.009706675
1.2227422,0.0001561547,3.4992113,0.056139454,6.68663,1.3366897,25.58564,4.0217823e-05,9.458008,2.7573402,4.0647507,62.78485,1.2343253,0.012874772,0.0015101137,0.115625136,1.5714498,0.010154795,0.0680583,0.008151679
1.1267889,0.00030735703,5.6825595,0.07674094,7.215698,1.6894971,33.78073,6.149167e-05,13.475157,3.5177727,1.9513106,108.76662,1.6849977,0.020689216,0.0022090902,0.12793474,2.5647454,0.011294395,0.0657422,0.0075753615
1.2582573,0.00023845086,3.9759068,0.06441351,7.493626,1.0662956,46.04813,4.9771283e-05,10.587796,2.6291387,2.5158305,85.96475,1.3854359,0.015377431,0.0018769683,0.18296307,1.6840277,0.010939522,0.06542711,0.010737074
1.4136276,0.00020412286,3.3447852,0.07816816,10.53915,1.0885457,43.767254,4.667735e-05,11.796539,2.4579117,2.9242969,66.77585,1.3718266,0.014835076,0.0017087869,0.15197983,1.4260439,0.012561863,0.07763416,0.010979648
1.3262316,0.00028709284,3.7576416,0.107842386,7.8586106,1.7422274,36.541794,5.604562e-05,14.011674,2.828236,3.8724673,77.8188,1.1863519,0.019286614,0.0015770062,0.16146004,1.8610162,0.014409619,0.10352868,0.012630551
1.3364785,0.00032974195,5.4241357,0.083073124,10.688596,1.545934,48.29562,6.0806306e-05,14.57412,3.2876964,2.4888368,109.0159,1.5169783,0.019319639,0.002253008,0.17337888,2.0066795,0.011755144,0.08297849,0.00891778
1.3442764,0.00022359485,3.8772247,0.068657,8.9057045,1.4133885,39.64625,4.3287157e-05,9.895147,3.0320296,3.487099,75.12598,1.2968816,0.014921132,0.0017312396,0.11832381,1.5738205,0.01257849,0.07378911,0.008801891
1.273925,0.00036662037,4.9726343,0.094157614,9.574843,1.6297548,51.8332,6.753787e-05,12.107264,3.3144104,3.4818547,95.10777,1.5412531,0.02708143,0.0017529415,0.20326583,2.2335446,0.010835149,0.07561478,0.009370302
1.1975448,0.00023208816,2.6710303,0.09496047,7.761345,1.0803207,32.870495,4.9078542e-05,15.306872,1.9659082,4.134087,57.884846,0.89297855,0.014702717,0.00091875484,0.15144132,1.3517715,0.011896357,0.10920186,0.009927159
1.4064618,0.00023688763,4.2167325,0.063589305,8.75784,1.1937295,44.179924,5.938666e-05,11.993418,2.4542918,3.3591242,78.9596,1.0089285,0.019463805,0.0014116488,0.21572672,2.2569032,0.016524075,0.092860386,0.011811145
1.3535343,0.00035364236,4.664946,0.09093946,10.024956,1.2613581,47.249027,7.197675e-05,11.132212,3.09603,3.7951777,87.881424,1.5310584,0.02771928,0.0023720793,0.22480442,2.366825,0.0097733205,0.08346602,0.011452383
1.32515,0.00031170654,5.9062366,0.07323251,8.781418,1.5732523,40.423496,6.0603972e-05,15.011121,3.7340772,3.2526913,115.26463,1.9220399,0.015921386,0.001621281,0.24558921,2.8482368,0.012870433,0.070545286,0.009307114
1.3141047,0.00026868458,5.5969234,0.09441445,10.188467,1.7203583,52.903534,6.6809895e-05,19.04657,3.6605334,3.2128139,101.4313,1.9197929,0.018778943,0.0018512334,0.2595292,2.6998835,0.018283937,0.11734251,0.013361095
1.3041818,0.0003443597,4.7500987,0.09384707,8.219468,1.5121043,36.52878,6.1152874e-05,14.85802,3.3041513,2.8929625,95.198875,1.7478921,0.018826919,0.0018714791,0.17507426,2.0345976,0.011309344,0.071819484,0.009620814
1.270058,0.00029821994,4.3888807,0.10329377,7.6623445,1.5783483,39.34814,5.9709615e-05,18.095627,2.9062574,2.8957555,93.568085,1.2059252,0.02166385,0.0016580287,0.15483314,1.9217367,0.0140957525,0.08700563,0.0107981805
1.2416164,0.0002363716,3.9376957,0.08573949,7.676177,1.5844104,37.532013,5.202984e-05,15.296696,2.660553,3.0987663,85.89453,1.1654333,0.019947067,0.0013092142,0.13793916,1.5299387,0.014935696,0.09622228,0.011487327
1.2070664,0.00023805347,3.8253658,0.070616856,7.079594,1.4615513,30.79914,5.4178407e-05,14.943645,2.6146152,3.1558151,76.01495,1.0077819,0.017687721,0.0011912348,0.13849178,1.7681794,0.0144798905,0.08154137,0.010306869
1.1915363,0.00018157982,3.420526,0.06742345,6.8323207,1.2844795,28.532108,4.4646753e-05,9.383316,2.3538523,3.5495589,61.80874,1.0295652,0.017043967,0.001064015,0.12655485,1.3912952,0.010663901,0.0751834,0.008573499
1.1619444,0.00013874531,2.7058802,0.055429965,7.404308,1.1617666,25.953678,3.8526065e-05,8.20304,1.7493192,6.723635,52.517006,0.60834336,0.012830195,0.00070535537,0.10579261,1.1488824,0.01114095,0.089660056,0.009538792
1.1531887,0.0001868802,3.2009258,0.055132408,7.495649,1.2468145,30.22698,4.954284e-05,6.4084415,2.3915038,2.936099,66.18351,0.91536015,0.015438184,0.0008523721,0.099432945,1.3663268,0.008654074,0.07328023,0.0076749716
1.2444755,0.0003069727,3.7636268,0.107933536,7.449786,1.5032893,33.92128,6.109654e-05,15.916262,2.7223365,3.909843,79.19078,1.3958204,0.018401098,0.0014737269,0.16212162,1.9872073,0.014990725,0.09664484,0.011722874
1.225645,0.00026451377,3.7206879,0.083655976,6.5924473,1.5957333,35.10852,5.9827176e-05,16.045166,2.425625,3.1096401,79.06132,1.0238434,0.01935069,0.0013048921,0.13771646,1.7254202,0.014311986,0.09462419,0.011415837
1.2172074,0.0002655926,4.266687,0.08256355,6.7501526,1.5945722,32.63876,5.771141e-05,14.913437,2.669067,2.8034315,88.02193,1.026219,0.0189893,0.0014357822,0.12908354,1.897049,0.013908448,0.084493905,0.010812071
1.2840161,0.00020200855,3.6578302,0.05601783,7.377903,1.4232678,31.150608,5.1428826e-05,13.807537,2.732653,3.6242938,65.78846,1.2318673,0.012879458,0.0012370796,0.16265818,1.6199892,0.017216764,0.09141205,0.010984574
1.2542747,0.00033835127,6.0667315,0.099165216,9.061017,2.2684686,38.213135,6.339032e-05,12.738696,4.9903154,3.9435258,107.35095,2.447231,0.020391202,0.0027807062,0.20424013,3.0527134,0.01455949,0.112679705,0.0135458745
1.2038002,0.00015078364,2.7841878,0.054105878,6.300498,1.2502252,30.98953,4.5068646e-05,15.88897,2.3726847,3.3174653,59.375298,1.247162,0.01085378,0.0012309699,0.11919105,1.5687138,0.013707811,0.08172992,0.008947956
1.230738,0.00018239024,3.709921,0.05541992,6.817311,1.2673677,28.746576,4.5378834e-05,11.306835,2.7422059,3.7331345,69.38764,1.2879441,0.013885208,0.0014779617,0.13936906,1.7220653,0.012004468,0.06388316,0.008721212
1.1702778,0.00020011119,3.805118,0.0680012,6.7093635,1.6877195,26.399878,5.0342267e-05,10.194349,3.269711,4.054614,68.25643,1.5089121,0.014369473,0.0014152195,0.16098382,1.5551134,0.01285734,0.09823618,0.011107044
1.2480035,0.00034275654,9.108657,0.14069577,9.676798,3.125317,43.5358,8.475644e-05,17.906982,7.6106625,3.986153,152.68045,4.3306346,0.025002148,0.003708339,0.28759757,4.5810657,0.02107813,0.13489144,0.017564395
1.3377824,0.00027864715,4.600525,0.09181565,9.01889,1.9683293,38.800663,5.9320344e-05,11.103249,3.9463656,3.7165844,81.76162,1.7640275,0.015531318,0.0021110505,0.19475661,2.10086,0.01502286,0.113308996,0.014799019
1.2338374,0.00029965112,5.7448244,0.08621156,7.7708087,2.1161208,38.397728,6.0553386e-05,12.220806,4.615676,4.2383103,116.11716,2.5404923,0.019585058,0.0029662375,0.1916651,2.8352904,0.011406296,0.076037325,0.009086177
1.1424657,0.00025978292,4.644573,0.10131283,6.789869,2.1376774,26.337042,5.4502205e-05,9.587989,4.4895406,3.1669126,89.46151,1.7678549,0.021559294,0.0023888368,0.12696426,2.20268,0.010496566,0.08622131,0.010927343
1.1265126,0.00016957751,2.9032693,0.055604562,6.685571,1.4769139,25.00362,4.4557637e-05,8.896073,2.8126473,3.3903272,54.740906,1.1980165,0.012166777,0.0013931119,0.12719464,1.2713345,0.007603248,0.073506325,0.006990036
1.1006668,0.00014576006,3.2431018,0.05599518,6.051624,1.5065206,25.897722,4.41883e-05,8.945055,2.8796463,3.3336222,62.45576,1.0842363,0.014404108,0.0012856392,0.12892221,1.3794074,0.00781439,0.082471006,0.007827215
1.314024,0.00028239324,4.5436807,0.08436095,8.314698,1.3559731,44.908928,6.369029e-05,11.224533,3.2789369,3.5514612,88.935074,1.2444202,0.02080911,0.0021131265,0.209294,2.1582475,0.012654666,0.08528527,0.010441111
1.3847916,0.00037079566,4.68613,0.10793278,8.107904,1.5293088,47.717876,7.409168e-05,15.034183,2.9906235,4.075836,89.70071,1.4172837,0.020141857,0.002170255,0.22542875,2.302142,0.018621346,0.10608313,0.014157329
1.3220202,0.00036953102,4.4299045,0.15460701,8.563481,1.6735086,40.568417,6.517413e-05,16.262335,2.954479,4.2451944,90.979744,1.2656739,0.02204363,0.0018337214,0.18453975,2.2052763,0.016471276,0.10721451,0.014116445
1.2957512,0.00036860257,4.413903,0.13851939,9.005399,1.4409186,40.746094,5.9863396e-05,13.81906,2.5535276,4.0717893,88.15754,1.0253565,0.02316656,0.0016872182,0.17031713,2.0414023,0.014394696,0.10313692,0.012195539
1.2700264,0.00031117245,5.784156,0.09490612,9.072064,1.8717328,40.40255,5.805825e-05,15.607146,3.9576392,3.2868912,119.93809,1.9392436,0.02084951,0.0015509658,0.20012864,2.6254048,0.0155536095,0.07854199,0.011435609
1.2086732,0.00032310316,5.509765,0.11610897,6.60291,2.2225108,39.587837,6.67747e-05,12.98361,4.2634883,4.3837943,107.27419,1.5974406,0.021995721,0.0022086175,0.17104124,2.684511,0.015212021,0.09056578,0.010974461
1.0958288,0.000119999895,2.9609566,0.05717598,5.2629924,1.4989595,22.188147,4.196375e-05,8.849795,2.7175987,2.8606296,61.546524,0.8888383,0.014056122,0.0011259657,0.10434747,1.2986169,0.009517035,0.07948872,0.007943994
1.0651885,0.00015859272,3.3890505,0.051239785,7.9453306,1.5637707,29.533148,4.295091e-05,10.003554,3.071896,5.871567,62.122482,1.0204915,0.013176103,0.0009935487,0.12238749,1.4665127,0.009470186,0.09128736,0.00918518
1.1184413,0.00019778131,3.9666154,0.04566498,7.284848,1.3631215,30.158094,4.2403874e-05,6.484019,2.7475677,2.6105058,81.0926,1.1701812,0.01529425,0.0009357189,0.10890127,1.6322235,0.008435191,0.08197485,0.007908246
1.088099,0.000246136,3.9222357,0.066230774,7.1575527,1.3951834,27.551943,5.5399134e-05,9.210361,2.6253953,2.2250428,80.369514,1.0466278,0.02045609,0.0011535076,0.15353836,1.5847688,0.011953061,0.10355579,0.010255505
1.2701952,0.00016394208,2.2243521,0.06467626,7.2361937,1.0500727,28.427542,3.6375834e-05,13.067392,1.8283634,3.3588417,56.2495,0.7215618,0.01350736,0.0005778666,0.1171361,1.1415437,0.011811442,0.07925547,0.009443372
0.99150115,0.00014730543,2.835382,0.059229393,4.826035,1.3364635,16.149023,3.970293e-05,8.964822,2.3900707,3.1913328,62.626133,0.8388189,0.015493969,0.0009167231,0.094044276,1.3158746,0.010514156,0.078841254,0.0084332
1.0255113,0.00014732894,2.7006595,0.04833379,7.0210285,1.3500384,26.076292,3.9855946e-05,8.422393,2.348295,2.5215755,56.61904,0.8827526,0.01491825,0.0008656783,0.10106218,1.1045489,0.009026854,0.08759722,0.007914935
1.2606466,0.00036751828,5.3975196,0.08840678,8.700011,1.8952416,35.401196,6.13668e-05,13.033452,3.7399304,3.2640657,102.268166,2.0216944,0.017609635,0.0020766607,0.20572369,2.3933115,0.01336569,0.08686748,0.01095773
1.3160827,0.00030153868,5.721839,0.0662454,8.359439,1.4997238,40.939686,5.61755e-05,12.720437,3.3044317,2.4799554,113.55204,1.8344607,0.016486365,0.0015610016,0.2745164,2.4482262,0.014060201,0.07381328,0.01117055
1.2431005,0.00020270821,4.0437746,0.077040866,7.388411,1.5007977,34.3238,5.4653137e-05,12.770981,3.3187726,3.6727083,73.391014,1.84925,0.01488427,0.0016875964,0.16445589,2.221175,0.013545897,0.089236446,0.008963401
1.0813318,0.00022364211,3.1329284,0.08451043,8.124453,1.4087671,28.10661,5.403517e-05,13.960043,2.297556,3.6274588,59.95185,1.0525843,0.013350726,0.0009548722,0.15883598,1.4279971,0.013055766,0.12786537,0.011178247
1.1478758,0.00017387995,3.0617285,0.05819377,7.3933573,1.285848,24.148579,4.81866e-05,14.421318,2.2046854,3.7174923,55.874718,0.81219804,0.012215666,0.0010256469,0.12810749,1.3217167,0.010215616,0.090137884,0.008186362
1.3810117,0.00023583733,3.181478,0.07242103,6.4977484,1.1402773,26.820024,5.0122882e-05,14.688364,1.9438367,2.6868982,61.021107,0.82876325,0.014384816,0.00139817,0.1411433,1.4225565,0.013144091,0.078946546,0.00936337
1.2451555,0.00030275912,4.959337,0.06630261,8.0487,1.6370715,37.56742,6.3205196e-05,12.588966,3.614221,2.8458061,95.96768,1.4997734,0.018401628,0.0017170996,0.20690109,2.2959802,0.014229915,0.08624632,0.010260874
1.2524369,0.0003424458,9.83557,0.12448253,9.245671,3.7563741,44.381313,8.427343e-05,21.47927,8.363953,3.830297,178.31516,3.4361715,0.025039189,0.0036486015,0.26733422,4.5056753,0.026391024,0.15613213,0.018419227
1.2627527,0.00021682587,3.815702,0.060957,6.2711525,1.1792467,30.47815,4.5905486e-05,10.692717,2.6041057,2.972242,73.45504,0.9867494,0.017414622,0.0014124024,0.17145531,1.9197431,0.010222816,0.06540261,0.008497401
1.3400389,0.00025957372,4.4163823,0.05034205,6.8068695,1.2206727,35.128876,5.081825e-05,10.953162,2.6941454,2.8092804,91.53239,1.1552784,0.018999564,0.001612593,0.20311442,2.0491657,0.0108445035,0.056758925,0.009363688
1.3099107,0.00021751082,3.4462411,0.064954735,6.969626,1.1738392,27.72021,4.5946454e-05,14.626606,2.4527662,3.0493047,68.04886,1.0947239,0.013396926,0.0015318207,0.13071714,1.8119733,0.014463389,0.076112084,0.008970651
1.1895696,0.00020236801,3.7651975,0.05128519,6.513094,1.3692099,29.224363,4.4763492e-05,9.755659,2.3986864,2.9068997,82.340195,0.99344254,0.0148971565,0.001128156,0.1397128,1.4831557,0.009700818,0.07592571,0.006622905
1.2372195,0.00026146823,3.3374038,0.09395832,7.2037425,1.1414038,30.107508,4.895453e-05,11.180387,2.2234292,3.323462,66.23392,0.8888571,0.017392052,0.0013171359,0.12748459,1.5376524,0.010887025,0.0594789,0.0076598693
1.1868143,0.00022818358,3.5167892,0.062267262,6.2799983,1.1658454,29.91085,4.3161555e-05,8.604264,2.2531548,3.593004,71.520294,0.90437156,0.013032726,0.0013374457,0.14779525,1.6235931,0.009226854,0.05121005,0.006168569
1.3684185,0.0002713131,5.19395,0.09451438,10.321687,1.656911,50.618706,6.77584e-05,12.874319,3.5962784,3.159099,112.878784,1.422565,0.019809077,0.0018589323,0.22991322,2.2983618,0.0159129,0.09132519,0.011642036
1.2612872,0.00032092014,5.0926213,0.07922297,9.168965,1.6406206,49.18017,7.273919e-05,12.272065,3.619165,3.0773628,103.24929,1.4374576,0.02359482,0.0017026732,0.25972912,2.12868,0.016059136,0.100317955,0.01286946
1.4483855,0.0003238101,5.3136826,0.1304368,9.313354,1.69056,45.70852,6.193448e-05,11.931225,3.1937962,2.9251459,117.4756,1.4801207,0.019149398,0.0019477675,0.22887729,2.0448756,0.016840296,0.0847475,0.011800342
1.2668532,0.0003288813,3.7330365,0.06813332,7.6495605,1.377256,42.14642,6.689682e-05,14.484825,2.9523702,2.6285832,66.79188,1.0973724,0.020284217,0.001590525,0.16872911,1.7005683,0.013768321,0.0953539,0.009281437
1.2616203,0.00015950936,2.176016,0.06429236,7.275168,1.0133544,28.394297,3.730778e-05,10.095158,1.5710931,1.7988278,44.765556,0.5988471,0.014971986,0.0008383852,0.102722965,0.8024655,0.010482115,0.10228351,0.009756398
1.2759571,0.00016390506,2.0100205,0.07052382,7.2901707,0.9289855,29.790321,3.7949554e-05,10.3625965,1.3542867,1.7936637,42.20515,0.5113002,0.014845079,0.00072623295,0.10456939,0.73515964,0.010121931,0.10183457,0.009912126
1.3284686,0.00028051046,4.0843706,0.083501995,8.375241,1.228235,44.30841,5.9292786e-05,11.551427,3.0470462,2.9943364,82.86329,1.2060952,0.020229733,0.0021380153,0.18692267,1.9824284,0.015642108,0.09056779,0.011945792
1.2186546,0.0004248296,8.552522,0.08049864,8.118752,2.8030818,28.92856,7.626728e-05,19.435633,5.5302114,3.464966,178.84836,3.0458825,0.02408852,0.003327298,0.17334402,3.976003,0.012806255,0.07605218,0.010312215
1.3452643,0.00025732143,3.4214206,0.09957297,8.303414,1.1758277,44.281036,5.570872e-05,11.876391,2.4959307,3.5338933,70.54524,1.1420937,0.020285219,0.0016457099,0.16612782,1.5647639,0.012687689,0.09323676,0.011082008
1.1914103,0.00037400963,6.037428,0.09679086,8.085597,1.9295077,36.376644,6.637248e-05,13.403098,4.5979466,3.8113973,118.0022,2.3405993,0.024701476,0.0025946603,0.18106224,2.9935744,0.0094894245,0.09717447,0.0077260826
1.3237585,0.00029956538,4.0066705,0.08183028,9.152463,1.3643577,46.05033,6.450754e-05,10.387245,3.285059,3.7840173,78.562294,1.5741796,0.018206086,0.0021895766,0.19626783,1.9872527,0.009749759,0.09768521,0.010921057
1.309548,0.0002919078,4.606274,0.079136774,8.092179,1.2678814,37.279247,5.7256188e-05,10.839016,2.6516082,3.1408272,93.12413,1.2141427,0.019114723,0.0019151028,0.21257704,2.0319602,0.011976931,0.06770472,0.011109236
1.2819517,0.00029247705,4.1131687,0.062167954,8.769667,1.2320226,45.896366,6.297785e-05,9.4008875,3.084395,3.314511,81.04525,1.4975376,0.018919745,0.00225853,0.20377907,1.9679368,0.009199693,0.074086845,0.009918714
1.360254,0.0002322685,3.6673553,0.06662786,7.3508883,0.96232057,40.798412,5.0849085e-05,9.672712,2.019178,3.6276329,74.59993,0.80335885,0.019151617,0.0014954585,0.20051683,1.4668158,0.008780069,0.081290476,0.008601516
1.3306497,0.00028744308,4.592429,0.11169868,8.643207,1.497232,39.884987,6.375657e-05,14.442006,2.9857748,2.942016,90.13016,1.6067765,0.022051759,0.0019848861,0.18982017,2.3203676,0.013344977,0.09471422,0.011504513
1.3090371,0.000306079,4.5629478,0.08715139,8.432424,1.2287085,43.241554,5.705441e-05,10.808631,3.2377374,3.006478,86.45104,1.5787702,0.019513184,0.0019003905,0.20137942,1.933762,0.012528208,0.098376945,0.011884801
1.2582066,0.00032443987,4.5247216,0.079568855,8.323626,1.4880805,41.74822,6.1543135e-05,10.386418,3.1461926,3.4604754,90.39382,1.657207,0.022131389,0.002232287,0.19846807,2.2360678,0.011579318,0.069776274,0.01084115
1.409494,0.00025493925,3.5364816,0.07291701,7.0919976,1.1552887,29.260109,5.2946554e-05,11.849223,2.1796892,2.9151716,78.11857,1.1585295,0.016836964,0.0016737098,0.17030801,1.6850247,0.009526294,0.07056837,0.007505454
1.2442639,0.0004792416,11.148402,0.10262482,8.877717,2.73447,38.24146,8.4675325e-05,20.524136,6.7098,3.4039438,194.62558,3.441324,0.02615765,0.0035662644,0.20805332,5.8831573,0.014560385,0.09187143,0.013510116
1.1672854,0.00035812918,6.314685,0.059200022,6.98989,2.025494,29.1453,6.341392e-05,14.187589,4.0467453,4.0743756,119.4351,1.9139912,0.020409254,0.0029324624,0.14406984,3.2351885,0.01430833,0.059021957,0.008834061
1.2187052,0.0002746233,3.5098023,0.084599786,9.043814,1.2691265,38.717415,4.8157166e-05,12.92966,2.1735911,3.631599,69.08728,1.0575784,0.020864664,0.0015963442,0.14377736,1.9066259,0.008642955,0.07093232,0.0073116994
1.2738297,0.0002726786,3.5612323,0.08605687,8.834189,1.1799008,37.869698,4.72688e-05,13.410073,2.1955776,3.4889774,66.46921,1.0442634,0.019525968,0.0014922325,0.15288591,1.8504992,0.008819278,0.06453438,0.0073046926
1.2015162,0.00026321053,3.3457928,0.09087955,7.8313556,1.331903,36.860405,4.9583567e-05,14.523767,3.0482757,3.8266056,72.62997,1.7920331,0.01842835,0.0020459378,0.15979777,2.0612485,0.009433826,0.076098286,0.0073018232
1.4123008,0.00017453032,3.770388,0.069957204,9.048215,0.99654245,45.561153,6.123493e-05,10.971899,2.1653166,3.4024103,74.58845,1.087621,0.017441003,0.0015079915,0.21712005,1.9040915,0.011577393,0.1045494,0.011491851
1.326561,0.000339229,4.3222413,0.09560884,9.368337,1.3205999,43.025173,6.7455134e-05,13.564155,2.5294054,3.2277606,98.648926,1.3611856,0.024091993,0.0021942456,0.23030569,1.8293465,0.013815127,0.094231665,0.013084851
1.2793549,0.00029153685,4.2789493,0.11049286,8.396475,1.1364444,38.473087,6.326178e-05,10.231954,2.7463021,3.3641646,92.23288,1.3239084,0.023848683,0.002498815,0.21148391,1.8834352,0.011773255,0.07041499,0.011782384
1.2559996,0.00030517852,4.586329,0.08613728,9.092244,1.3818696,38.70703,6.670374e-05,12.317819,2.7340493,3.3829358,93.56296,1.4896858,0.025432153,0.002570262,0.20106523,2.2046132,0.012422554,0.092557386,0.012283779
1.3434759,0.00022525864,3.6261532,0.083886646,8.061111,0.8534321,40.01989,5.9879414e-05,10.578416,1.9756474,4.21473,70.99092,0.96206325,0.01848457,0.0030009772,0.17997381,1.9351319,0.008449711,0.077764064,0.009746959
1.2895118,0.00041470162,5.1004944,0.09936342,10.92736,1.6120756,56.288044,8.3496394e-05,14.986099,2.9421291,3.476631,100.45532,1.332537,0.027121965,0.0022285085,0.26630133,2.0280237,0.010722698,0.09824346,0.013191097
1.2291304,0.00037615342,4.8797207,0.08775536,10.058638,1.496694,48.078938,7.29233e-05,13.24894,2.990572,3.86834,104.716545,1.5656515,0.026658878,0.0023627062,0.22258253,2.1306856,0.012336086,0.0892868,0.012122234
1.5066223,0.00021887924,2.4032395,0.06280459,9.607764,1.0901432,43.835983,5.216341e-05,9.252554,2.0751083,4.328858,43.88233,1.006559,0.014227183,0.0016676355,0.14665312,1.1687413,0.008303747,0.09297811,0.009966522
1.6498153,0.00018374194,2.9215953,0.090530306,9.81016,0.8454982,46.876072,5.6963487e-05,11.314763,1.6173066,3.7021253,59.45312,0.6991309,0.016841829,0.0017634225,0.1715893,1.362105,0.009833959,0.0850464,0.009965261
1.3508875,0.00028308813,4.005662,0.07590656,8.345607,1.1383082,42.647644,4.9683622e-05,8.922231,2.640693,2.5898898,75.94719,1.4557247,0.014463163,0.0012942476,0.18819599,1.7042406,0.011603253,0.057736456,0.008907718
1.264213,0.00017352382,3.6818142,0.05998791,7.36041,1.3105106,34.66579,4.5553086e-05,10.975798,2.923913,3.9595337,65.622406,1.4035027,0.012446299,0.0016695001,0.13899365,1.8967909,0.009730738,0.06094355,0.00791894
1.279468,0.0005548855,15.04633,0.10971384,10.178291,5.053901,41.025646,9.936894e-05,28.746016,10.28821,2.8635738,253.02101,5.573223,0.024115063,0.0052193697,0.34966677,5.9846945,0.019665612,0.10197598,0.019501612
1.2984979,0.00024161584,3.4709005,0.042840265,6.4213376,1.0731691,30.812582,4.5920493e-05,8.170227,2.0655892,2.884922,67.691666,1.0427603,0.014607045,0.0018687804,0.14843656,1.8355762,0.005312501,0.034459047,0.005117738
1.3011036,0.0002866471,4.8056197,0.10473554,8.085844,1.6284741,38.94802,5.3036463e-05,9.415125,3.8050437,4.7583394,87.95164,2.1236074,0.015178847,0.0024804268,0.18595746,2.7075477,0.012672733,0.14706403,0.014426789
1.3471119,0.00032036906,4.526257,0.097648114,6.9775066,1.7548587,29.665373,6.109837e-05,13.609112,3.0242798,3.100412,93.2143,1.5257459,0.016393282,0.0019019371,0.17119107,1.94666,0.011802099,0.08587372,0.008670823
1.3197415,0.00046290358,13.712706,0.18200187,9.181171,4.689339,47.76846,9.788761e-05,24.205397,11.698697,3.7263248,241.96275,5.609944,0.031247724,0.004012996,0.31595463,6.682979,0.02538879,0.17055562,0.019049253
1.2178175,0.0003141889,5.5335426,0.06919081,8.192571,1.9049993,36.906464,6.152124e-05,11.187414,3.9636483,2.5440347,100.24342,2.327146,0.020973574,0.0029894828,0.15362327,3.2267354,0.010921182,0.070420526,0.008989052
1.3852133,0.00023982362,3.3837168,0.072679825,8.625877,1.1857921,50.75528,5.3847296e-05,11.19565,2.566136,3.3254418,70.61464,1.3891851,0.017731143,0.0020634204,0.1565869,1.4277517,0.009646375,0.09625275,0.010555823
1.274133,0.0003701775,6.4523106,0.10495609,8.74359,2.2388024,38.42072,7.262808e-05,14.599665,4.2445006,3.4261227,121.16383,2.4037113,0.023009641,0.002079989,0.21895067,3.1072059,0.014689297,0.09911049,0.015801389
1.2176605,0.00029804,5.239008,0.0842007,6.8506994,1.8429574,34.24619,5.5588043e-05,10.877395,4.20565,3.5174594,95.42003,2.0322723,0.018945111,0.0024671785,0.15672842,2.597136,0.010767654,0.08037659,0.0077411034
1.3715477,0.00023330023,3.1660645,0.08294736,9.182751,1.1011516,46.864716,4.826129e-05,8.335152,2.5071056,2.9670308,63.60164,1.5015897,0.014519564,0.0018742657,0.15714008,1.558707,0.011251265,0.061415955,0.010784434
1.3445641,0.00024294213,4.542979,0.06453478,6.03791,1.4147894,31.725615,5.2333668e-05,11.053963,2.991248,3.2760458,92.98447,1.3994411,0.020775847,0.00188588,0.17877021,2.1806302,0.010754887,0.04225606,0.009885259
1.2543517,0.00038184156,7.295603,0.09085102,8.572175,1.7807056,38.712,7.4531206e-05,15.665724,3.2090483,3.1686516,152.2111,1.5411997,0.022918193,0.0020174587,0.23945811,2.6287708,0.013485467,0.09085813,0.011386144
1.2788966,0.0003218913,4.4517064,0.07267581,7.9840064,1.3149415,41.55058,6.458617e-05,10.68772,2.8840375,3.534461,87.53197,1.2607785,0.01826564,0.0020787755,0.15580626,2.1637037,0.009944679,0.075919524,0.009233108
1.488016,0.00024842913,3.9329262,0.07469232,8.042369,1.1740582,27.526754,5.5226494e-05,17.87643,1.9691521,3.1173408,81.402626,1.0288705,0.017053267,0.0013841707,0.18913123,1.6978314,0.014049302,0.08253605,0.0097531425
1.353324,0.00023436788,2.8185484,0.071521744,8.641706,1.1301191,42.840797,5.71338e-05,10.836193,2.095289,3.5504246,64.0825,0.89725596,0.0165469,0.001053224,0.21784532,1.1858699,0.010666419,0.08362066,0.01049341
1.336851,0.00023006827,3.1643643,0.06318137,8.263493,1.2314059,36.845203,4.966636e-05,10.844053,2.307425,3.470824,61.988926,1.2218894,0.013805692,0.0011234862,0.19323637,1.5115796,0.013756349,0.08613496,0.012828866
1.308341,0.0002468077,3.3418796,0.085325226,8.02633,1.3514162,37.37068,5.0557996e-05,9.067219,2.5541081,3.1359723,69.21887,1.3718271,0.014930911,0.0016144043,0.21060674,1.6573756,0.012731965,0.08023942,0.011135652
1.6339961,0.00029067014,3.5493038,0.0953154,7.7503815,1.1740488,31.512083,5.988176e-05,13.571873,2.5526404,2.0006168,69.855125,1.052108,0.021368196,0.0020303088,0.2079852,1.4944587,0.009778163,0.09401235,0.0074920123
1.3578813,0.00029221573,3.6521695,0.061579373,7.1643014,1.2653488,29.49019,5.6428722e-05,12.7975025,2.6310613,2.8666427,78.70614,1.2635112,0.01559587,0.0013662616,0.23128732,1.7770835,0.013990365,0.08100712,0.010417398
1.2621977,0.00028759698,3.7504816,0.11356304,8.556563,1.2376461,39.544388,6.617911e-05,11.648431,2.6764073,3.8506374,86.45922,1.6328647,0.02059602,0.0027155261,0.2636043,2.214284,0.013071691,0.07386195,0.012532797
1.2584398,0.0003010967,3.4391298,0.11319424,7.6025,1.325975,33.684692,5.655658e-05,14.041703,2.6574113,3.3711452,76.68717,1.3446642,0.022766836,0.0022633576,0.17253472,1.9616808,0.010049972,0.070457295,0.0084426645
1.2202092,0.00017718409,2.6486568,0.06882296,7.1294518,1.349499,31.79413,4.842296e-05,12.929835,2.2533553,3.5806704,53.544514,0.9542174,0.013484234,0.0010760749,0.13749263,1.1256875,0.011970234,0.11273607,0.009654528
1.3056306,0.0002391409,2.889169,0.109219775,8.09208,1.2746308,39.18425,5.837619e-05,12.734629,2.4515908,4.152073,63.652878,1.265842,0.020440979,0.0018925673,0.182315,1.4510009,0.013805888,0.09622784,0.012260384
1.2244786,0.00019197655,2.6483905,0.05545155,4.670068,1.0526899,23.337996,4.2934458e-05,13.263923,2.2364402,3.8987463,54.664616,0.9466459,0.015025611,0.0012346026,0.110024594,1.4186138,0.013963602,0.07580166,0.008969202
1.2182293,0.0001287666,2.5398824,0.059000965,6.3198504,1.18065,26.476454,3.6947742e-05,9.880009,2.0822382,4.9833784,51.44938,0.94973016,0.01183328,0.0010732372,0.110988624,1.1846594,0.012651729,0.083966516,0.01021625
1.1806594,0.00014238516,2.1523411,0.06176982,6.4437933,1.2077833,27.005701,3.8445338e-05,11.772913,1.9311608,3.7693138,46.625946,0.7349022,0.012571451,0.0007157877,0.10835681,0.8536411,0.011576054,0.10589886,0.009397656
1.3534237,0.00021763737,2.5303314,0.071877144,7.8480206,1.2204202,40.00938,5.495636e-05,11.129326,2.274794,4.338339,53.411335,1.0888382,0.015036656,0.001230558,0.17776765,1.323929,0.013507379,0.091902524,0.010278915
1.3632156,0.00018863998,2.5898292,0.06868207,8.213157,1.1940722,41.011494,4.8900176e-05,11.41274,2.2609472,4.231544,57.02315,1.0061111,0.016639547,0.0011188806,0.15655474,1.2607676,0.011859063,0.0922696,0.01010361
1.3009783,0.00023888946,3.0546653,0.06050769,7.862506,1.1627834,34.048073,4.9504793e-05,10.513525,2.1496832,3.3305874,66.03515,0.94043463,0.017183397,0.00092626107,0.1604328,1.2910424,0.010033271,0.08212505,0.007894889
1.2436787,0.00017127483,2.021302,0.06860073,7.5566373,0.99622786,31.405014,3.7546874e-05,13.511316,1.9116955,3.8806005,40.053997,0.81678295,0.0115022855,0.00089529494,0.0921827,0.94365144,0.009730365,0.07805967,0.008298752
1.3036362,0.00017079686,2.8328464,0.04411185,6.0999336,1.0626132,27.674103,4.5219633e-05,11.569007,2.018345,4.3456373,64.94476,0.9205908,0.012117356,0.00110756,0.16498289,1.3547341,0.012654164,0.0776546,0.009772669
1.4824697,0.000192162,2.9669256,0.06512919,9.044233,1.0936918,42.49452,5.151454e-05,11.457799,1.8278365,3.8000827,71.02543,0.7871796,0.015570374,0.0009622405,0.15419018,1.1671089,0.00923015,0.08506224,0.009874162
1.4369019,0.00021765527,2.6729114,0.06934799,8.6192465,1.2225934,37.692787,5.249195e-05,11.469649,2.0788345,4.1040974,55.88412,0.8596338,0.014065097,0.0010317167,0.16478504,1.1741179,0.011990625,0.100261636,0.009317254
1.4124415,0.00022576374,2.6504214,0.08134099,9.151006,1.218861,42.763866,5.5935667e-05,12.7185335,1.8905442,4.7406497,60.194668,0.9607823,0.01710829,0.0011844733,0.15197174,1.1752193,0.009812797,0.092677794,0.010400912
1.291028,0.00020295376,2.5258296,0.043098807,7.374878,1.1651775,28.058756,4.6447745e-05,9.356971,2.191894,3.7516692,52.581593,0.8668517,0.012948518,0.0008420547,0.16634259,1.1837153,0.009998608,0.07482289,0.00809515
1.3597523,0.00020058847,3.0236967,0.06944307,7.2890205,1.196733,33.621967,5.028063e-05,11.348349,2.216062,4.8201337,65.6345,0.7989572,0.015809719,0.001072209,0.19732755,1.2481469,0.011403739,0.105550155,0.009997662
1.2166264,0.00022021214,2.9245787,0.07698441,7.879176,1.2989259,36.15584,4.5243843e-05,16.611313,2.3056498,3.4655583,67.508026,0.8667902,0.017074905,0.0008719401,0.11782305,1.3254905,0.011177725,0.10319314,0.009444029
1.4254656,0.00021241423,3.0703301,0.08551484,8.062621,1.1857159,38.80135,5.66998e-05,12.190696,2.0407267,3.5539343,67.74191,0.917143,0.01575764,0.001715247,0.21511532,1.4465659,0.014799531,0.09560173,0.0140127335
1.3713338,0.00025667908,2.7973304,0.08361668,8.854485,1.0993273,35.038185,5.138024e-05,15.4440975,2.051766,2.9678316,61.998947,0.9392036,0.014747548,0.00102964,0.13255487,1.2453893,0.011553629,0.11251714,0.009584616
1.2531497,0.00038108218,4.377605,0.09424568,7.694728,1.4047002,33.425194,6.5880864e-05,15.075573,2.307069,2.9967551,89.77037,1.1491375,0.024667883,0.001595136,0.20357925,2.2903244,0.009429347,0.091688134,0.007564341
1.3033341,0.00028193186,4.465884,0.061186377,9.035713,1.7104602,38.30443,5.5326807e-05,14.106447,3.4926603,2.6706119,84.803276,1.7989948,0.015728705,0.00130514,0.19922142,1.9214672,0.016264845,0.09575246,0.012774699
1.3004576,0.00018806664,3.5888987,0.053355027,6.258744,1.2034303,25.468157,4.7083417e-05,12.269072,2.3294718,3.1934497,75.94391,1.1780498,0.013560677,0.0013746009,0.16827843,1.7271732,0.012838574,0.07111177,0.00911147
1.4087033,0.0002546287,3.6638567,0.059030604,7.424008,1.4944521,27.930092,5.266131e-05,12.931726,2.8842647,2.8921943,71.25512,1.3149521,0.015344908,0.0013983543,0.16429204,1.6486424,0.015424004,0.08008989,0.009768407
1.3172495,0.00025916728,3.1045485,0.09323921,9.552704,1.1826208,42.57257,5.0898187e-05,12.317439,2.026446,3.179151,72.573265,1.0265455,0.017792968,0.0016627769,0.16307956,1.426811,0.011999332,0.08631252,0.01249666
1.2013798,0.00025008,2.7908394,0.0910398,8.664907,1.3154845,40.835537,5.176606e-05,13.318897,2.097333,3.1516523,67.616844,0.877082,0.015096571,0.0011534,0.12601864,1.1494335,0.01187043,0.11276933,0.012296341
1.4549856,0.00022953452,2.8338025,0.09737984,9.186912,0.91374165,38.23907,5.0887582e-05,14.345814,1.6496538,4.0702415,65.86991,0.8262543,0.018662948,0.0010872092,0.19050933,1.1229156,0.014092282,0.07946928,0.01190211
1.4798025,0.00017164738,2.6840632,0.058919076,7.931882,1.0644532,32.27262,4.240078e-05,12.602454,1.7577449,3.667714,61.2012,0.7668945,0.011498797,0.0007876389,0.12793674,1.1230496,0.0101571055,0.07858962,0.008068636
1.2708101,0.00031951413,3.6463938,0.11124505,8.80984,1.2832339,41.18188,6.0051865e-05,10.975868,2.6007447,3.9226735,83.27234,1.3344694,0.021525722,0.0020298767,0.18727641,1.5659997,0.011435166,0.07918713,0.011771088
1.3664167,0.0002510618,2.9113648,0.111441776,7.8455887,1.3401012,34.62966,4.9887512e-05,13.208275,2.051459,3.6947756,63.039974,0.90119255,0.016308285,0.0013870231,0.13127722,1.4674033,0.013159862,0.084606335,0.011425879
1.3437923,0.00024385545,4.566319,0.05637532,9.9809,1.5821738,52.331852,7.5140364e-05,11.569326,3.4458482,4.110947,85.832825,1.76268,0.015388353,0.0025786087,0.21784712,2.4517787,0.009259921,0.101946056,0.011360587
1.2647438,0.00032074217,3.8725312,0.10728353,7.21715,1.3293474,33.5639,5.422262e-05,9.189723,2.87773,3.7284691,71.948685,1.4394736,0.021768754,0.0021726876,0.15478851,1.9535662,0.006100355,0.040377323,0.0064427536
1.338572,0.00031924807,4.71842,0.10612246,10.669003,1.6042676,52.73387,6.706759e-05,18.152527,3.5014195,3.6187553,87.62643,1.8017894,0.019821476,0.0018649079,0.23960398,2.4080365,0.016459048,0.103207864,0.013069701
1.1816384,0.00030972878,6.5653696,0.077232495,6.2874837,1.4681323,27.207722,5.377839e-05,13.310489,3.2763278,3.833826,131.78944,1.4997296,0.019917635,0.0022230756,0.18768637,2.924266,0.011469943,0.07321115,0.009044895
1.3276862,0.00029184963,4.2126265,0.08534916,8.99534,1.3570842,42.136833,5.6885783e-05,11.758196,2.8128402,3.6966732,78.0115,1.4545269,0.02272915,0.0019795476,0.16085367,2.2807357,0.012287457,0.059002403,0.009338426
1.6678303,0.00020714455,2.371444,0.08216432,10.087109,1.0908517,41.56102,4.150299e-05,14.544093,1.9549274,3.2379785,49.790016,0.95958257,0.014252915,0.0010058258,0.12444633,1.249546,0.012874081,0.09558556,0.010497174
1.42055,0.00020497135,1.9991868,0.06950074,8.469577,0.9191377,36.768913,4.5362e-05,15.829247,1.5687451,3.646239,39.68063,0.9156724,0.01364249,0.0008389177,0.14971623,1.2078857,0.012975187,0.07920931,0.009939028
1.2971113,0.00019343532,1.8735483,0.08188285,8.153689,1.0005246,36.043552,4.36898e-05,16.355986,1.4372066,2.929246,40.66318,0.70883214,0.014642782,0.0010145305,0.11156245,1.0088419,0.011870151,0.10601153,0.010793211
1.3229514,0.00014868639,2.003619,0.06009304,6.23154,0.81029683,24.936604,3.7320733e-05,10.497412,1.1547068,2.0042365,43.913944,0.53703386,0.013520206,0.00072502653,0.0774545,0.9749713,0.012883877,0.084906094,0.011625841
1.2771152,0.00019018239,1.7641042,0.07722997,7.4672346,0.90384316,28.819315,4.1159587e-05,12.483237,1.4451711,2.001963,43.111343,0.7334375,0.01539421,0.0008186763,0.09858991,1.0282867,0.011858018,0.079000585,0.009551391
1.2495096,0.0002197028,2.0060985,0.09186975,8.34488,0.9252207,35.048634,4.4477696e-05,15.160921,1.4494746,2.2469327,48.16664,0.9163868,0.016936637,0.0009692534,0.10843893,1.2237296,0.011429363,0.08755878,0.011263825
1.2305028,0.00023511874,2.941622,0.07621402,7.4542003,1.2240458,38.317802,5.409392e-05,14.3416,1.8673294,4.93412,53.095726,0.81160873,0.015837105,0.00077622425,0.16971686,1.3465714,0.014668176,0.11898524,0.013044223
1.3120741,0.00022067182,2.4149382,0.11191473,7.7848983,1.0878712,35.054447,4.526017e-05,15.335239,1.7359782,3.209689,43.9399,0.86025184,0.015742198,0.0014227598,0.12568198,1.3699883,0.013164381,0.12138151,0.012669725
1.4170177,0.0002040696,2.4667819,0.0917979,6.698942,1.2880048,33.496414,4.4571072e-05,19.100769,1.9539695,2.959205,54.853626,0.974164,0.016419813,0.0013184701,0.13038294,1.1827499,0.013569051,0.109643094,0.011708188
1.310469,0.00024183755,2.366105,0.10096334,7.3506093,1.0388007,37.04954,4.6531528e-05,15.634572,1.8163929,2.5386748,50.72344,0.8129376,0.01754912,0.0010034529,0.10284094,1.3412552,0.012812435,0.11016942,0.013579622
1.6116406,0.00023351636,2.1834302,0.116269514,9.513505,1.0325967,39.031055,4.583143e-05,16.757868,1.4439999,3.4529698,47.471653,0.69197834,0.016634798,0.0008450066,0.13469675,1.249494,0.01612954,0.11947513,0.013401042
1.4270701,0.00021829025,2.1084244,0.11135161,9.010648,1.2975677,37.801712,4.484844e-05,15.637676,1.6026411,3.4676108,56.40782,0.7724855,0.017187607,0.00096478336,0.105643965,1.0186555,0.013110204,0.11137966,0.011723689
1.4382943,0.00021403264,1.7669976,0.10110615,10.186066,0.95455396,50.64641,4.2702606e-05,16.262716,1.4652622,3.008371,46.12308,0.8635535,0.014649589,0.0009276606,0.124434076,0.9732028,0.012660591,0.118838005,0.012909117
1.2559425,0.00022301047,2.7919307,0.09770794,6.9873013,1.2100507,32.063286,4.467785e-05,15.897864,1.96373,3.8710814,56.393154,0.7733998,0.014945894,0.0011682486,0.12842755,1.693236,0.012705831,0.10537132,0.010134727
1.1705863,0.000319243,3.097962,0.104998685,6.038381,1.2266487,34.496914,5.8824982e-05,20.945478,2.053251,3.9861555,54.63823,1.0089877,0.018925762,0.0017342669,0.14562203,1.6254525,0.016924119,0.098668896,0.012649435
1.3963032,0.00025764437,2.4358556,0.06483451,6.9545135,1.1559763,37.914093,4.7502686e-05,14.784739,1.8711079,4.052565,44.543037,0.73188955,0.014822378,0.0010792731,0.12881374,1.4265378,0.014638279,0.08138483,0.010162585
1.2442565,0.00025016555,2.765558,0.09154733,6.90068,1.1711749,32.479256,4.4972952e-05,15.481943,2.034044,3.8241842,52.00082,0.85714966,0.016319524,0.0012196344,0.13157015,1.6407287,0.013077712,0.09916308,0.010293992
1.1493378,0.00020376449,2.2892296,0.064539045,6.372136,0.9756477,23.486145,4.180734e-05,11.184615,1.6105206,3.6014376,41.28638,0.5913099,0.011974286,0.0010579893,0.108582616,1.2829672,0.012289961,0.07551927,0.01001173
1.243126,0.00017951334,2.2990897,0.049626943,6.7363186,0.8785695,24.607815,3.978736e-05,9.657096,1.4032307,2.9289997,40.378212,0.57310414,0.012120333,0.0008902702,0.1054202,1.1245526,0.0126423165,0.070724465,0.0102021275
1.3809854,0.00023536697,2.4814055,0.091539204,6.684058,1.0981511,32.92979,4.684361e-05,16.243668,1.9091476,3.494961,50.30444,1.0024117,0.018285127,0.0015353421,0.14332767,1.2209417,0.013144833,0.10203189,0.010882471
1.1806557,0.0001861538,2.2897267,0.050826523,6.668007,1.0581665,30.531515,4.3979646e-05,12.297202,1.6770025,2.9286337,43.21945,0.66063,0.013257303,0.0010572387,0.112761475,1.2398397,0.013098597,0.06685046,0.01060189
1.3983831,0.00018297337,2.3476415,0.083288796,6.9632306,1.1178273,37.390408,4.5451383e-05,15.520283,1.8468016,3.5231133,48.35507,0.8080328,0.014198053,0.0011936858,0.12037046,1.3474668,0.0138923405,0.10299149,0.010508324
1.5369601,0.00023830216,2.9348948,0.122222655,8.98515,1.3494632,39.196163,4.4710985e-05,15.473097,2.3770418,3.2404597,66.263466,0.99026823,0.020185871,0.0015522739,0.12246001,1.5392734,0.014499983,0.108071566,0.013029703
1.5651512,0.00021373158,2.3368902,0.079253234,8.034626,1.0583513,37.20175,4.4709544e-05,15.5674925,1.8067899,2.9680057,42.500397,0.7677452,0.014319786,0.001561592,0.12283371,1.1235126,0.011857129,0.07515723,0.008672869
1.4456967,0.00020579492,2.6129138,0.06537896,6.4907627,0.8855195,33.29558,4.127644e-05,16.394295,1.425736,4.068884,48.772366,0.5669325,0.012771289,0.000934006,0.14475903,1.1172816,0.011502102,0.07233818,0.009149786
1.2502995,0.00026371834,3.1517851,0.08062901,6.084555,1.2981849,32.973373,5.4356467e-05,20.648958,1.9669445,3.6251554,54.575176,0.9489564,0.014710549,0.001681005,0.15779395,1.4484829,0.016053248,0.10061732,0.011067269
1.2043072,0.00028867883,3.0567892,0.0927004,5.9355245,1.2790456,34.69749,5.707922e-05,21.962465,2.2030163,4.0169725,52.606346,1.0908818,0.016558489,0.0016951517,0.1441733,1.535516,0.017349346,0.0931814,0.012289789
1.3478085,0.000182622,2.1927214,0.08193679,6.7147374,0.87278974,31.908619,3.9831248e-05,12.001847,1.3431103,2.3394375,44.517956,0.5769154,0.017517777,0.00082920893,0.10596928,1.0026741,0.013684037,0.09658117,0.011994768
1.3580049,0.00024255965,3.0667813,0.093120694,6.595232,0.98198116,33.060574,4.6038367e-05,14.482703,2.02024,4.15534,62.93083,1.1085746,0.016257623,0.0016969728,0.15093789,1.4095967,0.0118570905,0.105874516,0.010859043
1.2752628,0.0002117686,2.8424113,0.07945124,5.842526,1.1687647,30.368605,4.4372457e-05,20.037943,1.9286076,3.2685602,58.024906,0.9772472,0.014487085,0.0015676132,0.15091531,1.2372024,0.013211522,0.09691273,0.010427673
1.251969,0.0002398414,2.3148212,0.101608455,6.799316,1.151376,22.13195,4.4490276e-05,13.717018,1.6153961,3.4845705,41.9763,0.7810708,0.016739717,0.0012557673,0.10373309,1.1297737,0.014143364,0.10875406,0.012191392
1.34134,0.0002570125,2.8609214,0.083933204,6.4854455,1.1350194,33.523018,5.308507e-05,21.519627,1.4126934,3.9145637,54.32529,0.78981256,0.01662159,0.0012285543,0.15827687,1.244826,0.015208327,0.11930283,0.010731826
1.2213141,0.00024261673,2.5602422,0.09864511,6.2925286,1.0571374,30.230667,4.4191143e-05,14.631536,1.5543219,3.067934,52.76407,0.7893123,0.01629789,0.0011758206,0.10218919,1.1924101,0.012114303,0.098061815,0.011117929
1.1493177,0.00021977969,1.9384632,0.08383436,8.001205,0.89494485,29.70493,4.1027808e-05,14.21398,1.6944274,2.6831884,42.13888,0.91209066,0.017317006,0.0010749357,0.11642677,1.1459609,0.010784446,0.08453798,0.010441945
1.2380193,0.00035639893,6.45023,0.08279738,7.8878455,2.162234,34.94725,7.22062e-05,13.427926,5.0307446,3.210596,129.69028,2.9424453,0.019442536,0.0028281684,0.19684248,2.9694746,0.012983938,0.07802439,0.011178666
1.1978128,0.0002595707,3.417007,0.07962343,7.6278543,1.1682523,34.633873,5.5155786e-05,11.152365,2.704248,3.3132045,71.516655,1.5199496,0.016650496,0.001636533,0.1571106,1.5962368,0.010568777,0.08538909,0.009257008
1.257803,0.00025577212,2.642205,0.09171721,7.9889345,0.8803467,35.772324,5.6611054e-05,13.439793,2.0073142,3.5061362,53.124844,1.1412119,0.018691286,0.001671973,0.13877732,1.5646276,0.012434431,0.08544827,0.010560853
1.0894,0.000296081,3.7988641,0.07754857,7.540176,1.2413031,35.840157,5.1097468e-05,11.472459,2.8033218,2.9818065,82.39861,1.5656817,0.021297723,0.0014859976,0.16660997,1.5118142,0.011055447,0.09111695,0.010110799
1.2058756,0.000386394,7.3088703,0.121609464,8.153539,3.6763759,37.1296,6.496102e-05,14.368358,7.605866,3.0520902,149.89023,3.6417193,0.025998125,0.0029710901,0.13280334,3.2857335,0.013243513,0.10001009,0.01074032
1.2976437,0.00030216787,3.4613817,0.106338374,7.8596354,1.3061422,36.521893,6.062871e-05,12.16661,3.167641,3.816053,72.89996,1.8413439,0.02333129,0.0024505816,0.15065742,2.3276863,0.011880088,0.06546762,0.011526118
1.2319636,0.00035492197,6.4871564,0.10153164,9.211529,1.9131482,40.23113,6.6474066e-05,13.771627,4.8834267,3.1955812,121.10555,2.686747,0.022728387,0.002748764,0.19253288,3.0846026,0.011695997,0.08603774,0.011555616
1.2763363,0.00037769013,7.4232593,0.101968214,8.844028,2.3320909,39.710537,6.702104e-05,14.487569,6.548519,3.0516922,146.50488,3.7471008,0.021038711,0.0031529446,0.21538258,3.1342618,0.012277911,0.08647829,0.012161861
1.3801597,0.00020960154,2.468152,0.06403298,7.2736225,0.73776364,32.967495,4.719561e-05,10.120701,1.4725581,3.812131,55.40774,0.7206462,0.016458439,0.0013404005,0.13766448,1.2296073,0.010001139,0.0669043,0.009858359
1.3244634,0.00021891299,1.8229883,0.06300658,7.821402,0.76956946,37.681282,4.6276535e-05,8.272986,1.4711696,3.702511,39.537724,0.75550044,0.01415636,0.0010661865,0.12832439,0.9168914,0.008070422,0.07537943,0.007967434
1.3333427,0.00021459084,2.6149123,0.06447707,7.6181817,0.8817812,32.097214,4.8578688e-05,11.049858,1.6738279,3.4389968,55.96547,0.8891351,0.01631873,0.0012608325,0.1562438,1.1960511,0.009822707,0.07787896,0.010020208
1.4022951,0.0002239525,2.5659873,0.0772525,8.558999,0.86463475,39.68769,5.2261927e-05,10.729658,1.6161258,3.1797376,54.51904,0.9391186,0.016667947,0.0014927452,0.15771712,1.1978352,0.01034372,0.07460972,0.0105481325
1.3247191,0.00032775727,5.2139277,0.069904044,8.951872,1.7271708,43.072308,7.1398026e-05,12.495875,4.1412206,2.8493116,113.80725,2.499589,0.01958726,0.0020877894,0.24332231,2.2120383,0.014157562,0.09031991,0.012422221
1.2622812,0.00022374697,2.7273293,0.057146765,7.823209,0.9648228,40.746296,4.956862e-05,9.915447,1.9302617,3.7636914,58.826553,1.0207986,0.014172789,0.0012153913,0.16443565,1.2566938,0.009400272,0.08436174,0.009562964
1.3252054,0.00021507594,2.746462,0.06080199,8.56721,0.9260725,41.870464,5.167514e-05,10.573583,1.8323796,3.9186058,58.455425,1.015761,0.013954176,0.001511831,0.16367975,1.1854452,0.008445773,0.07882024,0.009853518
1.2683655,0.000284424,3.5952113,0.080923215,8.384684,1.0573843,41.725826,6.105263e-05,10.335326,2.6667647,3.7134993,72.57834,1.501455,0.016309366,0.002286996,0.21002035,1.9727912,0.009582096,0.088108525,0.010960046
1.3769752,0.00023712606,3.0120504,0.068243936,8.460122,1.076274,42.396393,5.46302e-05,8.634528,2.2391698,4.233296,60.917755,1.2334962,0.014365369,0.0015315051,0.1893643,1.2986306,0.010071855,0.07796568,0.010940755
1.2410538,0.00024929404,2.876362,0.067631416,8.051034,0.9963751,44.410286,5.4940956e-05,9.710182,2.0291564,2.852373,59.399864,1.139633,0.0149651095,0.0013703255,0.18346934,1.3226123,0.010425613,0.08451014,0.010029327
1.3257887,0.0002357913,2.8378592,0.060611468,9.455976,0.9872698,49.112663,5.70942e-05,10.646519,1.986051,3.623054,59.023754,1.1407293,0.0145554915,0.0017419801,0.17722201,1.277304,0.008729231,0.080424644,0.010356327
1.2646105,0.0002513039,3.2701876,0.05859477,8.28214,1.0896401,45.64638,5.6500332e-05,10.534445,2.2734594,3.0499773,68.39499,1.2966229,0.014648701,0.0014612842,0.1989296,1.442538,0.010713196,0.08828706,0.010662772
1.1972244,0.00043033814,8.089202,0.10786874,9.030507,3.1083333,40.639004,8.2136e-05,15.675242,7.090695,3.2754476,155.20161,4.0111976,0.02903836,0.0034175408,0.2815216,3.5608344,0.014988318,0.10374674,0.015862288
1.1657773,0.0004260875,7.4379497,0.09521892,8.696406,2.856427,35.493587,7.627358e-05,14.169128,7.2381396,2.9749398,143.79393,4.100459,0.021997154,0.0029267482,0.26166797,2.874807,0.011862602,0.08221295,0.010947645
1.1712157,0.00044525487,7.285174,0.11508755,8.860995,2.6606162,42.212223,7.028279e-05,11.861189,6.2860885,3.2342196,149.69781,3.6202044,0.030320486,0.0026436904,0.24267033,2.8644454,0.014842951,0.092577405,0.01288158
1.1919925,0.00040589034,6.9302173,0.089929804,8.113859,2.4273887,31.700317,7.705787e-05,13.94343,5.6552534,2.9849734,137.85385,3.3293612,0.022114057,0.002728599,0.25972384,2.7412503,0.012314636,0.075303815,0.011104297
1.2249542,0.00027015514,4.292494,0.07624777,8.284583,1.203968,42.0979,5.804682e-05,11.606518,3.2670207,3.3951104,90.43446,2.1141868,0.01798719,0.0024194978,0.22846168,2.3386676,0.010755523,0.07822838,0.010943231
1.3368264,0.00029825442,3.611954,0.073159605,8.729807,1.0879053,43.566795,6.2275314e-05,10.981039,2.429554,3.9223812,75.911415,1.3317553,0.017875733,0.0017982783,0.21392766,1.9423585,0.0107756965,0.093340285,0.011405337
1.0961541,0.00035174232,6.388397,0.092746176,8.196289,2.2670844,34.47567,7.1516966e-05,12.211513,5.6992397,3.0163288,127.72545,3.214531,0.019726237,0.0026551317,0.25675312,2.3762283,0.011993534,0.09710618,0.011003894
1.3327886,0.00030573035,3.995331,0.099565044,8.5641365,1.3638291,42.56606,6.3733e-05,11.722787,2.8514407,3.297622,89.269356,1.6414729,0.022410722,0.0021652442,0.23615314,1.8921586,0.011921299,0.07730449,0.011094441
1.2834847,0.0003064676,3.9010367,0.07010504,8.4778385,1.1758392,43.275173,6.6179025e-05,10.248809,2.5636668,3.8227854,81.272644,1.4489357,0.019005809,0.002072601,0.22215283,2.0779076,0.009701341,0.08300888,0.010814809
1.2825483,0.00030715016,4.5307183,0.09448675,8.1786,1.3961108,39.693596,7.1238406e-05,12.508269,3.1887407,3.2568572,97.354965,1.9908326,0.018782314,0.0021627329,0.26334688,2.3405108,0.012366204,0.082494,0.011000097
1.1991568,0.00027219293,3.884819,0.08459598,7.566515,1.0969656,36.901546,6.428301e-05,12.258373,2.4807463,3.0001564,82.21526,1.4326595,0.016429868,0.0018671763,0.20514467,2.0858393,0.0116502475,0.0775023,0.010493539
1.3214735,0.00025921816,3.9083383,0.095433064,9.353594,1.1944468,45.581985,6.400942e-05,12.677104,2.582505,2.8041284,87.17847,1.6104414,0.018761164,0.0019787275,0.23023523,2.0487638,0.013230044,0.08165231,0.010985238
1.2839868,0.00027006722,3.9540792,0.10367695,8.457337,1.1413625,38.46954,6.1019546e-05,11.740487,2.7793853,4.3088007,81.14865,1.7249266,0.016911699,0.0018455462,0.23426259,1.7784046,0.013823999,0.09714945,0.0117852995
1.1566497,0.00022844672,3.3301582,0.056655593,8.066124,1.0763669,39.950047,5.4715918e-05,12.56572,2.274738,2.7385132,68.66048,1.3277988,0.014562734,0.0014745955,0.16036166,1.393654,0.010744306,0.094198085,0.009318905
1.1766361,0.00024249127,3.9554012,0.06746416,8.140446,1.3531735,36.816486,5.2356667e-05,11.727017,3.0375774,3.688716,82.876434,1.7522024,0.01685997,0.0016576492,0.18229145,1.446161,0.011237597,0.09485437,0.009577085
1.26595,0.00025617235,3.538139,0.06837999,8.529549,1.2336876,40.5514,5.6091336e-05,11.426464,2.7237651,2.2571292,77.55186,1.4243472,0.015034277,0.0016299534,0.17239453,1.6049066,0.009703447,0.07691017,0.009352521
1.1865073,0.0003289144,4.513059,0.08882517,8.378227,1.6562477,43.62101,6.0195438e-05,12.029069,3.8310378,3.1721702,102.97969,2.2918289,0.019960629,0.0021152643,0.20340319,1.9195405,0.011116913,0.0809243,0.010275666
1.1837285,0.00023250445,3.304823,0.054243978,7.2029114,1.0713191,36.469894,4.8645794e-05,10.7136545,2.1358232,2.9349287,71.44542,1.1328325,0.014050634,0.0011440342,0.17922321,1.3244361,0.011725005,0.07837423,0.009926148
1.2484937,0.0002361286,2.357742,0.057292867,7.59518,0.9260435,34.32248,4.7825764e-05,10.374732,1.8734665,3.9806707,50.783543,1.0575296,0.015463681,0.0011537931,0.13570794,1.2526993,0.009116426,0.07128753,0.009158419
1.207065,0.00024934034,2.3968287,0.06639246,7.744508,0.97545403,36.682564,4.6341727e-05,9.5195265,1.9176247,4.134615,51.44336,0.94890773,0.016662966,0.0012772069,0.14304659,1.1196842,0.0078114057,0.08726499,0.008968551
1.2054828,0.00023698033,2.8118787,0.059018984,7.3701034,0.97063035,34.913754,5.157444e-05,10.81114,1.8988135,3.2500849,61.39255,0.9999912,0.015067348,0.0013646842,0.15496609,1.3386384,0.01030978,0.07132871,0.009829154
1.2706664,0.0002703704,2.938814,0.09136762,7.7255573,0.8904687,34.95904,5.585059e-05,10.526514,2.0555124,4.1184688,65.79187,1.1498142,0.017915381,0.001500401,0.18425071,1.6152583,0.0101577565,0.07869657,0.009791717
1.2222232,0.00033626694,5.639708,0.08561805,7.442185,1.8990456,34.518265,6.1857056e-05,14.148942,4.407081,3.20757,118.94657,2.6968343,0.022749236,0.0023597425,0.21568277,2.8550372,0.013545233,0.08070358,0.012015535
1.1644216,0.0004103282,5.5490046,0.08624341,8.618431,1.847279,40.473824,6.100276e-05,11.432209,4.8723297,3.505885,102.51123,3.104428,0.017932372,0.0026853292,0.20958795,2.5635688,0.009367877,0.04308171,0.008356309
1.2906833,0.0003706402,5.979595,0.1331249,10.307308,2.0878987,40.812084,6.970497e-05,17.665085,4.829777,2.6765063,120.86936,3.0550501,0.023512518,0.002957554,0.20709671,2.5554469,0.015255473,0.0839036,0.013546519
1.1671808,0.00038648464,5.641891,0.069492914,9.045486,2.0204139,43.065083,6.702292e-05,10.554277,4.7021847,4.016401,114.07519,2.7616515,0.015393019,0.0023192305,0.22603251,2.3411818,0.010881839,0.053377595,0.008417009
1.2879759,0.00028734416,2.647672,0.09364641,7.1711507,0.88067,33.36922,4.9652954e-05,12.131985,1.7229143,3.2521071,62.867474,0.93540674,0.017845182,0.0011755399,0.14286332,1.4670638,0.009800198,0.066926055,0.00827456
1.2437488,0.00027308625,4.436529,0.08300768,7.9669023,1.1484095,31.53248,5.8726822e-05,15.022587,2.547507,3.0008814,93.807495,1.3461498,0.018417528,0.0017989649,0.16985467,2.1682365,0.011600086,0.07973867,0.009483677
1.1203337,0.0005257514,10.600694,0.15585864,9.946733,4.4222884,43.979225,9.904714e-05,19.881903,9.828373,3.5275154,201.27223,5.1828804,0.033803694,0.0036685306,0.23946235,5.100798,0.020347323,0.13864581,0.021520378
1.2582844,0.00041011398,9.031263,0.08702994,8.828166,3.990029,40.349064,7.658235e-05,14.769625,9.436955,3.071589,179.82483,5.4245872,0.024004366,0.003600899,0.26399148,4.0546002,0.014244215,0.09830015,0.013656127
1.1444286,0.00039413045,7.3390107,0.09804449,8.933199,2.9311512,41.456352,7.307703e-05,13.427487,6.6179485,2.4020414,148.29648,3.8409512,0.021903828,0.0025935005,0.25302643,2.5521724,0.015487088,0.09843602,0.012554865
1.2213619,0.0002743672,3.1585872,0.064645566,7.896768,1.1262399,33.413925,5.0416984e-05,13.772948,1.9898345,3.0837977,68.31335,0.9267589,0.02013875,0.0012859538,0.14361456,1.3805144,0.0077574914,0.090598635,0.007825252
1.1538115,0.0006293418,12.9816675,0.16839013,10.674056,4.8423886,47.103096,0.000102744874,26.23718,11.332891,2.900308,224.90463,6.179108,0.04380063,0.003957672,0.3078019,6.6310577,0.030907867,0.13785361,0.02192758
1.2585663,0.00028704575,3.6610084,0.07211434,9.024784,1.0795321,40.19647,5.4226748e-05,14.641333,2.307429,2.9791937,80.56075,1.2791935,0.018800313,0.0014334325,0.16671012,1.5914115,0.011240944,0.08027457,0.010339497
1.2606851,0.00021936891,2.752848,0.07258311,8.177193,0.9019874,42.852,4.9392722e-05,11.683531,2.0301774,3.718569,57.376366,1.1564875,0.014623884,0.0011281822,0.15190215,1.336163,0.011042941,0.080379345,0.009520004
1.3215921,0.00025800543,3.2034924,0.06803536,9.480454,0.9586514,46.516796,5.644601e-05,12.783162,2.1566088,3.8465927,66.41767,1.2293546,0.0144509515,0.0015657939,0.15661527,1.5073913,0.010499946,0.08663406,0.010984471
1.2690933,0.00028972837,3.7466884,0.08966496,9.620183,1.1526747,45.19085,5.7758287e-05,15.565952,2.584144,3.8535433,82.01415,1.4175173,0.020270143,0.0014360726,0.18115662,1.7484863,0.014502738,0.09917706,0.0112572685
1.2368424,0.0002708186,3.1668475,0.06361001,8.059178,0.91005564,38.85502,5.604669e-05,10.920873,1.9981434,3.1672714,67.6605,1.1313953,0.018781947,0.0016501405,0.16235279,1.6783164,0.01112813,0.07355949,0.008843721
1.3584107,0.00027984794,3.2689161,0.07282933,8.862738,0.96455973,42.546444,5.9343987e-05,12.755508,2.2625508,3.2463837,68.4303,1.2950089,0.0204975,0.001699649,0.1629568,1.8260707,0.012027586,0.072127335,0.010326405
1.1246207,0.00037560874,6.273556,0.10448304,9.666869,2.374762,40.437057,7.105611e-05,16.138124,5.865325,3.4733882,123.3057,3.7041245,0.022777839,0.0030304887,0.18706296,3.0047824,0.013431058,0.09293353,0.013117313
1.122413,0.0002017842,2.920153,0.04959429,8.788207,0.8246089,38.83339,4.341664e-05,12.191786,1.8808446,3.4006748,62.123802,1.0856498,0.015476548,0.0012821169,0.1405366,1.2106661,0.010545359,0.091443665,0.009023169
1.1656746,0.00020611002,2.2452197,0.09108681,6.378186,1.0250835,28.416456,4.3511645e-05,11.233459,1.3108994,0.6786097,50.117107,0.48394677,0.018370178,0.000756631,0.10337642,0.94513154,0.013685701,0.12898058,0.013188508
1.1506307,0.00020830495,2.4083247,0.07352158,5.89334,1.0019255,24.415396,4.3814794e-05,10.20508,1.6747899,1.340345,47.46778,0.7074809,0.013397857,0.0007918973,0.08126601,1.2544981,0.010874752,0.08505216,0.009264239
1.18329,0.00020247696,2.2958124,0.08054891,6.173088,0.96609247,26.053492,4.195736e-05,10.486325,1.3730931,0.5751555,50.881214,0.5877408,0.016730478,0.00085702655,0.09487515,1.0392264,0.012664139,0.109715275,0.0122642
1.0700511,0.00017450347,2.3759718,0.05570179,5.4732995,1.0955777,19.904882,4.334341e-05,12.238444,1.5793518,0.97848636,47.999,0.66028655,0.013153657,0.00077824376,0.08612039,1.0882901,0.012046559,0.08974787,0.00922123
1.1763787,0.00022836796,2.4994829,0.080886245,5.7833357,0.9835667,24.331337,4.2060088e-05,10.840284,1.4558084,0.45501715,54.138374,0.7219252,0.016591987,0.00076450757,0.09003845,1.1213207,0.010278803,0.09798358,0.010720934
1.0773348,0.00017231502,1.8940855,0.076228745,9.1429205,0.9410549,35.769833,4.0059083e-05,13.714271,1.1434168,1.2258126,42.621014,0.5289408,0.015752045,0.00070592,0.09639532,0.7685953,0.009182253,0.09161896,0.009182803
1.3200068,0.00017651888,1.2802379,0.09756272,12.259262,0.81993943,49.750813,3.5502926e-05,13.748851,0.858513,1.8587188,47.58577,0.4693277,0.016162654,0.0008752986,0.071041964,0.75806135,0.00961565,0.08094669,0.0093212705
1.0694095,0.0001483487,1.5507052,0.076730825,8.294842,0.74029964,33.186146,3.5258625e-05,13.097916,0.8513143,1.266714,44.08136,0.538585,0.015393064,0.00061858,0.103976704,0.664677,0.00910757,0.075556494,0.0099081835
1.1783674,0.00016327402,2.0998251,0.07764676,6.0366106,0.97175163,27.509342,3.924309e-05,11.860376,1.3237209,0.581296,46.671207,0.4585054,0.015674952,0.0006397746,0.097187534,0.9215299,0.013010752,0.117583506,0.011210507
1.1615084,0.00018108281,2.3847942,0.07138088,6.168956,1.0171853,25.619139,4.0171824e-05,10.116254,1.5690322,0.49162993,50.10993,0.6485121,0.015519597,0.00093055476,0.09202917,1.1052097,0.01301177,0.110019654,0.011825681
1.2512919,0.0002467558,1.8499532,0.105411634,10.845104,0.95484936,43.683155,4.361299e-05,15.018957,0.898852,2.6927872,52.33243,0.2892696,0.023085166,0.0008722149,0.11435499,0.79681057,0.009355932,0.08350171,0.009913467
1.1636875,0.00021536752,2.4522784,0.078955755,6.199376,0.986628,25.242538,4.2516836e-05,11.129062,1.3582911,0.4491981,53.90517,0.63970816,0.017137863,0.00074261887,0.09650623,1.1003996,0.010940112,0.10723275,0.011404528
1.2780086,0.00017560033,1.4972732,0.07053158,7.079624,0.9129299,35.221092,4.4051452e-05,10.950967,1.4400191,0.38356194,44.944756,0.81723475,0.014214838,0.000979446,0.10643427,0.9187333,0.009970449,0.09971369,0.011365965
1.2661712,0.00017043958,1.596978,0.08206364,6.7050123,0.8218763,31.682528,4.0219842e-05,11.823533,1.1144475,0.16510677,43.55601,0.4668439,0.015486834,0.00070256006,0.10685417,0.83057296,0.010887891,0.092560746,0.011595367
1.4442915,0.00023301198,1.7406813,0.13004243,11.109026,1.0766009,49.999607,4.5590274e-05,23.904455,1.5747801,3.7551467,52.767124,0.65446204,0.019767499,0.0014248891,0.12786394,1.2167386,0.011557755,0.09354981,0.01103814
1.1978718,0.00017897288,2.1388555,0.08300824,6.3678565,0.9548713,27.693922,3.854777e-05,11.695677,1.4258468,0.14053167,46.342396,0.612967,0.015674625,0.0009554879,0.096439496,1.0243688,0.013351894,0.107010946,0.0132393325
1.2194113,0.00018861932,1.8878253,0.100604214,6.585769,0.92428654,30.95771,4.0386014e-05,12.711283,1.1015106,0.3461312,45.42434,0.38875175,0.018512366,0.0007029259,0.102721825,0.8518919,0.012328927,0.11151057,0.013124815
1.5102507,0.00021602503,1.7668293,0.10449475,10.535056,0.9907494,48.39899,4.104597e-05,24.141727,1.4200982,3.0662158,43.282185,0.54656315,0.017994856,0.0011305688,0.13529843,0.9278574,0.0106857745,0.0880428,0.010861656
1.3468496,0.00022295368,2.48065,0.06543144,9.011034,1.1241137,40.112663,4.642816e-05,21.79568,1.9479675,3.9015322,50.337948,0.950341,0.014291111,0.0011091192,0.13056329,1.4061213,0.011024563,0.081142776,0.008694409
1.2511524,0.00018488622,1.7680212,0.089795314,6.9686656,0.8520063,33.346027,4.159685e-05,11.502984,1.1549277,0.28933993,45.88313,0.5020023,0.017047469,0.00070234755,0.104872406,0.9024011,0.010427542,0.09621884,0.011829879
1.5257008,0.00024387955,1.4792311,0.095411256,10.804319,1.0051702,46.426453,5.0924606e-05,17.44627,1.4328921,3.8581243,50.764187,0.7742121,0.016740413,0.0015892258,0.13005832,1.2223413,0.010212867,0.08495687,0.0094056185
1.4493301,0.00019965536,1.4555119,0.1003341,8.990739,1.0388535,42.087265,4.5332283e-05,17.319479,1.7559115,6.2704177,49.520237,0.8782895,0.01422761,0.0010948102,0.10832487,1.0567567,0.011954717,0.09424242,0.010682151
1.2969252,0.00017059177,1.4527799,0.06248928,7.4230647,0.8615726,35.74936,4.3956996e-05,11.567526,1.3733456,0.5548569,45.881332,0.81918496,0.013421155,0.0008561726,0.105958216,0.8714549,0.010894342,0.09900789,0.011341527
1.4463284,0.00023628141,2.0939353,0.072063014,10.772158,1.0870658,42.514065,4.9418788e-05,26.918655,1.7981517,2.4720712,41.42176,0.8536464,0.017531503,0.0015851094,0.14588344,1.3686224,0.011147879,0.07203846,0.007968673
1.0607964,0.00017265274,1.8533273,0.07644729,8.313548,0.755619,34.055676,3.8202892e-05,12.130195,0.7564874,1.4508623,42.264225,0.3549817,0.016410008,0.00067067984,0.11023167,0.6679254,0.009719182,0.08564045,0.010007348
1.3157537,0.00021773849,2.0873985,0.092004456,8.658179,1.1724714,41.383373,4.8566864e-05,19.83373,1.9102352,5.0294113,54.136185,1.0080762,0.015379164,0.0012959534,0.12876645,1.3306131,0.012245592,0.08936865,0.010206646
1.0784425,0.00016257771,2.1505358,0.056619365,6.3413982,0.97625166,24.93087,3.9843442e-05,12.18532,1.3460891,1.0800972,47.152805,0.47682193,0.010896466,0.00041382763,0.09805889,0.80736625,0.009935425,0.10424497,0.0086396495
1.0681866,0.0001660182,1.8634626,0.08273669,7.894118,0.85373163,30.375248,3.8040536e-05,15.004598,0.95974576,0.99987876,41.12325,0.41541544,0.01429182,0.00049807015,0.12072737,0.69168437,0.010039594,0.09432715,0.011003813
1.4641253,0.0002379801,1.676231,0.10558075,9.465376,1.0651011,42.004627,5.237627e-05,17.849976,1.6638756,5.04173,51.48603,0.85395837,0.01583182,0.0014196016,0.12965475,1.2978691,0.012290026,0.094475046,0.01049258
1.2884334,0.00023413134,2.5442028,0.079827525,8.24136,1.1703595,38.948425,4.9919945e-05,21.137274,1.9522358,4.3950567,54.705765,1.0063066,0.015778337,0.0013044818,0.1374945,1.526221,0.012335309,0.084869,0.009781395
1.2809002,0.00028056905,2.7546682,0.099131115,8.891942,1.2325805,43.83969,5.9646125e-05,18.346125,2.2352774,5.174666,57.758465,1.0797768,0.0169297,0.0015339114,0.16690764,1.4493322,0.012536552,0.100851595,0.012349818
1.0349799,0.00015591082,2.0654645,0.047097217,6.745567,1.0223091,23.776155,3.7792965e-05,11.940804,1.3392296,0.9367389,41.188927,0.4459616,0.01152052,0.00051992695,0.09670911,0.7602322,0.008965679,0.09235767,0.0077702426
1.2609835,0.00027557847,2.9515681,0.089366585,8.234993,1.1604625,41.012,5.9853057e-05,19.14367,1.9962003,4.2163916,58.57589,1.01754,0.017263418,0.001389464,0.16725764,1.6024497,0.012311425,0.092131466,0.011366902
1.3590112,0.00020100715,1.9431288,0.10205556,6.4728518,1.039452,36.86995,4.858608e-05,20.749,1.7346984,5.5394135,44.67043,0.95331234,0.014585701,0.0012005315,0.129198,1.2578242,0.014958431,0.09656485,0.011778818
1.0842197,0.00017376896,2.3091807,0.059735954,6.9723096,1.0665131,26.787,4.1832263e-05,11.830929,1.3992383,0.8949179,49.795883,0.47017756,0.013079486,0.0005909045,0.1140436,0.85621053,0.009923462,0.10894036,0.009471113
1.4127163,0.00019344925,1.6860838,0.080366455,8.385946,1.1212707,41.156265,4.8153062e-05,15.175983,1.5216746,4.29142,46.89922,0.6379303,0.015432222,0.0008665535,0.12183614,1.0447911,0.012274902,0.10923672,0.011712705
1.0187174,0.00018401211,1.8590683,0.08551525,8.648395,0.75830644,35.435913,3.8236783e-05,12.959159,0.7103023,1.2596811,40.870453,0.31858915,0.017481038,0.00065144413,0.11365629,0.67225796,0.010101812,0.08929038,0.010520712
1.3163519,0.00017967152,2.1561592,0.052259162,10.297003,1.1243494,43.356052,3.9671202e-05,14.97956,1.6118445,1.8293794,36.469677,0.5372406,0.014761283,0.0008545226,0.12599304,0.7491896,0.0086528715,0.08271541,0.008874069
1.2087758,0.00016712764,1.5804805,0.06199388,10.398464,0.8407887,41.053646,3.685645e-05,15.907379,0.9619483,1.34998,40.199062,0.42848364,0.012851624,0.0006145776,0.09390621,0.5573207,0.0077085914,0.09117991,0.008279581
0.9831379,0.00016002415,2.0000913,0.07497949,8.107568,0.9206094,30.937466,3.8306105e-05,12.813263,0.94755906,1.1363767,40.377495,0.38085172,0.014629058,0.0005547762,0.12133493,0.6604018,0.010233469,0.10277529,0.010769029
1.1160096,0.00016466652,1.7272637,0.07474634,8.902872,0.9292599,35.41532,3.9079074e-05,12.168667,1.1009538,1.0452092,34.0998,0.38298404,0.013242733,0.0006337639,0.09872612,0.61460644,0.008120821,0.09352025,0.0092837745
1.533825,0.00018804622,1.6067088,0.07744508,11.470513,0.85468435,40.26175,4.490531e-05,16.971233,1.1830837,1.4750417,27.86703,0.5063842,0.01674567,0.0011387495,0.120331936,0.7503343,0.009699609,0.09728976,0.009325618
1.3079008,0.00017863081,2.0101275,0.10230533,7.193488,1.0691762,38.818104,4.3561093e-05,22.056065,1.7061133,6.253505,44.18034,0.8847159,0.014338712,0.0009988359,0.13591416,1.0095211,0.017072858,0.108861454,0.014784699
1.53185,0.00017395115,1.4085239,0.08802425,10.043573,1.0974743,42.942112,4.0475705e-05,14.324901,1.5464811,4.807477,52.38798,0.6912936,0.015932797,0.0009982459,0.09050204,0.9990691,0.011038735,0.092534095,0.010629559
1.5192158,0.00018480727,1.6498189,0.089310825,9.224557,1.0641172,38.310516,4.1762054e-05,15.357998,1.6413708,5.368072,46.08402,0.7414021,0.014074197,0.0011036905,0.10072588,1.0058312,0.011805247,0.0896039,0.01125694
1.4650979,0.0001606493,1.5945153,0.07900156,11.626753,1.1019579,45.65821,3.76353e-05,15.2986555,1.5141127,5.710518,48.21987,0.61288506,0.014228351,0.00080635934,0.09119082,0.86195904,0.011861024,0.094419405,0.011852891
1.3166262,0.00018610164,2.118847,0.07921977,9.132619,1.107823,43.117928,4.3158027e-05,18.74618,1.9310008,6.4582553,46.477146,0.9069994,0.013267272,0.0008690998,0.13718015,1.0050523,0.014384214,0.102494776,0.014004406
1.091433,0.00017138498,1.7910389,0.07874554,8.281683,0.83169746,32.68479,3.9219067e-05,15.129893,0.94988215,1.1290317,41.84491,0.4773692,0.01489684,0.000647724,0.122854955,0.6830068,0.009763725,0.08923088,0.010734543
1.3399286,0.00015210458,1.616673,0.05814384,10.527848,0.9088604,38.315056,4.0978386e-05,18.011568,1.3157623,1.9647237,38.471607,0.591837,0.013060909,0.0009434464,0.092083976,0.7909747,0.009414748,0.09604646,0.009475902
1.4242079,0.00017862284,1.6324532,0.090686865,11.783521,1.1143202,46.165184,4.0297124e-05,16.619246,1.602827,6.012702,49.80126,0.70913965,0.014673524,0.0009182217,0.09737849,0.93380064,0.012233495,0.09651649,0.012797419
1.5425811,0.00014350715,1.9888095,0.063054174,9.020304,1.0766462,39.633617,4.2943368e-05,12.685292,1.3876117,4.6065536,38.916683,0.34685642,0.015404781,0.00062445184,0.12429133,0.7951014,0.01255802,0.12072693,0.012816732
1.1222516,0.0001566188,1.5363076,0.078054994,7.77363,0.698795,34.267414,3.8623377e-05,15.671647,0.81990635,1.6074812,43.34959,0.50970805,0.014955049,0.0006594947,0.11848424,0.713789,0.011178282,0.07890758,0.010818622
1.1540139,0.00015903087,2.01635,0.05667238,5.959935,0.81626177,24.34306,3.8203372e-05,10.3860445,1.2538545,0.92362225,44.000877,0.51895803,0.01123749,0.00043923096,0.090361916,0.9392915,0.01209045,0.085153215,0.009368051
1.0015479,0.00015410219,2.2448115,0.058842078,7.486016,0.9138613,24.937515,3.8274273e-05,10.414968,1.374132,2.3565454,45.350143,0.67966837,0.016234322,0.0006334434,0.113439806,0.8853976,0.010766359,0.105591804,0.010225046
1.4679954,0.00027987317,2.7507327,0.10444001,10.92495,1.2034944,45.604748,5.1161845e-05,18.756683,1.8113115,2.3050098,60.780727,0.6626494,0.020292584,0.0011973385,0.17343898,1.3703523,0.0112613235,0.08731017,0.011240201
0.99446607,0.00021680242,2.9760263,0.06551057,8.183482,1.233586,32.53581,4.9333667e-05,13.675475,1.9798385,3.4806557,54.54307,0.80758005,0.016211793,0.0008985292,0.1454684,1.2509254,0.014593654,0.107519336,0.01102095
1.1686449,0.00015220811,2.078866,0.05814657,7.1512814,0.96757656,30.80556,4.6981564e-05,12.558174,1.3506138,1.4617499,52.999107,0.59934604,0.01713116,0.0006351127,0.13123816,0.8338913,0.012040257,0.11358347,0.011655011
1.3070623,0.00014512516,1.8951343,0.060941976,8.699024,1.115722,33.62858,4.1442716e-05,14.341824,1.7291965,3.3688881,35.639927,0.60147786,0.012032526,0.00081542437,0.11059619,0.7469642,0.0108262235,0.11945701,0.011731861
1.068258,0.0001557217,2.1246648,0.06397981,7.175708,1.0758452,29.305548,4.243695e-05,10.663272,1.6183316,3.8565397,44.240288,0.5819622,0.015426613,0.00073553185,0.11421427,0.84958154,0.010560759,0.109181084,0.010743339
1.2007321,0.00014475916,2.050309,0.050754577,9.396341,1.1451907,37.50037,3.8761755e-05,12.980418,1.9434737,4.643757,33.811066,0.7536245,0.012689758,0.0007531069,0.11018559,0.8633228,0.010616027,0.104536526,0.010165795
1.4131346,0.00016784457,2.4351342,0.059382908,9.773226,1.1536722,35.27712,4.1630872e-05,13.975551,2.3175645,3.0638325,40.73607,0.95685434,0.011831731,0.0010779323,0.13895494,1.1095496,0.012444887,0.10568642,0.010088327
1.1979656,0.00012205397,1.7319491,0.05215226,9.819511,1.0330236,38.266136,3.647718e-05,16.651693,1.5896751,2.7866495,39.394245,0.5721621,0.013072829,0.00060262386,0.0939966,0.7717765,0.009818372,0.10127454,0.008817879
1.1679462,0.00016128525,1.9608587,0.05674739,8.607326,1.0700836,30.915276,4.3241387e-05,13.4072075,1.5237749,3.800385,32.551582,0.6058947,0.01411511,0.00096093497,0.109403,0.8098954,0.011580441,0.09859952,0.010575509
0.9983433,0.00015580133,1.5799304,0.07619913,8.640128,0.8485845,34.82655,3.684917e-05,12.479239,0.99906576,1.857346,39.673737,0.58493704,0.01790589,0.0006944754,0.09319352,0.66526365,0.010711457,0.10926013,0.009605596
1.2881438,0.00013432333,1.8175173,0.062351346,9.238788,0.940549,42.14658,3.8233407e-05,13.290985,1.5993266,3.4606705,41.25915,0.58888155,0.013594621,0.0005693735,0.11221789,0.63445795,0.011350928,0.11747064,0.012612525
1.2100983,0.00017280743,2.2490368,0.06394955,8.348642,1.2163,36.27082,3.941369e-05,13.066825,2.1823714,5.3475194,40.78861,0.82619864,0.0143002365,0.0010904638,0.09621399,0.9664411,0.012300432,0.10154084,0.0128532825
1.2328503,0.00019208835,3.2801933,0.043862693,6.9404254,0.9260899,45.0545,4.1729698e-05,7.231005,2.3335667,3.1711378,62.83132,1.4713712,0.008752804,0.0016738336,0.15034874,1.4375186,0.009268544,0.05252803,0.00863787
1.3043082,0.00027737048,3.8076363,0.07235085,7.426505,1.3234786,42.66445,5.003725e-05,8.894908,3.3859704,2.8285887,67.93884,1.9423573,0.013926178,0.0021001115,0.16920057,1.927606,0.012220964,0.048630677,0.00953602
1.2719048,0.00032406993,4.5173273,0.08104908,9.083837,1.5018315,51.774994,5.6563287e-05,11.181171,3.227211,2.6723878,88.33919,2.0747113,0.017263643,0.0015131155,0.21182066,2.2322469,0.014038986,0.092032924,0.011418467
1.3056539,0.00025640355,3.6486385,0.07267,7.2158785,1.2312402,41.858013,5.013797e-05,9.231075,3.1416936,2.8217168,67.54452,1.838178,0.014211679,0.002130774,0.16561195,1.8350346,0.0117518855,0.054851506,0.00963031
1.2400678,0.0003686142,4.76453,0.054651294,9.840134,1.7977471,55.529926,7.5117445e-05,10.960959,3.7166326,3.307621,89.95986,1.7765381,0.020418499,0.0019383514,0.23356448,1.7941118,0.009595521,0.10027167,0.0104040345
1.3347642,0.00028265055,3.9439087,0.05817916,8.532737,1.0959233,47.31735,5.1499068e-05,7.537863,2.4588072,2.761617,79.37482,1.3141036,0.017042246,0.001105654,0.18399626,1.7456282,0.010127321,0.051840793,0.0073034544
1.2489426,0.00029103036,3.8544035,0.04908373,8.778613,1.3713502,47.94719,5.6399633e-05,8.493703,2.854201,3.5251522,83.68459,1.4714214,0.016759569,0.0014860962,0.1920085,1.4626603,0.008859906,0.07326048,0.008237866
1.2327753,0.00033552301,4.55243,0.06556799,9.25045,1.736495,51.15127,7.45115e-05,10.014763,3.130603,2.8466513,97.67763,1.4898481,0.01867252,0.0015537381,0.22958784,1.8112887,0.011537571,0.08732254,0.011223984
1.2033119,0.0003239567,4.136474,0.08406245,9.440591,1.4212669,47.82559,5.9359405e-05,11.427479,2.479426,2.8779788,95.423584,0.99967706,0.022329057,0.0015078152,0.20394844,1.5574903,0.010536845,0.09790844,0.010194127
1.2582469,0.00036683393,4.8382697,0.087849036,9.098196,2.1664436,45.779385,7.457535e-05,11.044392,3.8442483,2.1973462,104.37999,1.8230425,0.017613478,0.002194758,0.20867273,1.6123002,0.009243771,0.10231014,0.00980698
1.228781,0.00036130194,4.436893,0.09510297,9.43997,1.7348269,48.40585,7.494469e-05,11.29931,3.092207,2.5853207,100.75507,1.4776446,0.020819532,0.0019510227,0.21618238,1.5791177,0.010655633,0.091682546,0.010671032
1.244382,0.00023673703,3.2753935,0.035917167,7.4520764,1.0224602,39.332848,3.5874302e-05,6.917841,1.9832089,3.1257422,65.60794,0.85373336,0.0115391,0.0010069793,0.12804781,1.2722884,0.006441164,0.047797825,0.0059547056
1.2392032,0.00035668895,6.4150853,0.08261311,7.896971,2.1392143,34.88898,7.227279e-05,13.359858,4.9960904,3.2119281,128.94592,2.9270375,0.01943963,0.0028220105,0.19730927,2.957021,0.01296977,0.07806712,0.011227058
1.2049528,0.00034772945,6.9677467,0.11168547,8.628694,2.4399428,36.30933,6.792505e-05,15.294968,5.9704537,3.2393851,139.27917,3.3371255,0.021316292,0.0026461503,0.20539293,3.0850673,0.01244908,0.09199651,0.011896421
1.1990635,0.00025994144,3.4034996,0.08012315,7.6159477,1.1618934,34.245255,5.5226836e-05,11.103373,2.7005618,3.362487,71.307495,1.5135686,0.016678324,0.0016335575,0.15783915,1.5975385,0.010623068,0.0853974,0.009284865
1.2555851,0.00027311183,3.5781507,0.07766208,8.061337,1.2441648,37.459526,5.9649483e-05,11.086686,2.9349225,3.484756,71.153076,1.6435039,0.017779192,0.0016703447,0.15745185,1.7059325,0.011140177,0.08987237,0.010476683
1.0889027,0.00029498644,3.7790864,0.07756822,7.534989,1.2366847,35.733395,5.092601e-05,11.396073,2.792993,2.992281,81.979126,1.5592561,0.021228101,0.0014776454,0.16614302,1.4967068,0.0110438615,0.091033004,0.010147095
1.2848742,0.00028870074,4.2342663,0.093149826,7.8447714,1.5078472,38.355488,6.2118575e-05,10.857118,3.5812764,3.4555202,84.08512,2.0811038,0.020334726,0.0022152995,0.1730093,2.1481097,0.011078939,0.075994834,0.010828124
1.2532493,0.00027936767,3.3110464,0.07584385,7.990474,1.2020315,38.397774,5.90446e-05,10.741982,2.8591137,3.403338,69.054474,1.5842724,0.016415382,0.0018519423,0.15374537,1.7244238,0.009950391,0.07403592,0.009918736
1.311239,0.00020990982,2.5788221,0.056088496,7.6317964,0.8555558,35.953293,4.9423095e-05,10.365864,1.6689223,3.9446144,56.92492,0.85944325,0.014344532,0.0012449732,0.14989032,1.1532348,0.008670669,0.076367095,0.009563849
1.5182239,0.00023374478,2.3519652,0.073422104,8.0483465,0.803726,37.4684,4.8504917e-05,9.493931,1.5717423,3.2594993,52.842022,0.78222877,0.016033648,0.0011123501,0.13878712,1.0620269,0.00895109,0.0720836,0.00872385
1.385286,0.00019995181,2.760509,0.060930308,6.948951,0.74764687,32.64363,4.5051558e-05,10.712545,1.5433016,3.6712098,62.57668,0.8133813,0.015388589,0.0013133433,0.13865227,1.3248279,0.010443628,0.06461416,0.0100445915
1.3073578,0.0003178687,3.6375384,0.07809774,7.680752,1.1565082,37.4544,5.5898116e-05,11.177666,2.4139326,2.7042649,78.9598,1.3353456,0.018068237,0.0017384086,0.21200806,1.796192,0.01201213,0.07138401,0.010891576
1.3205932,0.0003121618,4.028046,0.07308985,8.288358,1.2820327,39.301453,6.186065e-05,11.764863,2.8258858,2.5863245,87.1376,1.6417842,0.01870408,0.0018046405,0.22745655,1.8601716,0.012647191,0.078471616,0.011795066
1.325884,0.00031613285,4.0143356,0.07268227,8.179775,1.2628824,39.94013,6.238204e-05,11.575616,2.813725,2.5614436,86.73444,1.6115116,0.018422158,0.0019210291,0.22424781,1.8776906,0.012048698,0.07356409,0.01160823
1.3288425,0.00020002322,2.44305,0.061406065,7.8600106,0.7941819,37.51732,4.6888403e-05,10.466951,1.5569817,3.7323353,54.494717,0.83603203,0.014565623,0.0012031758,0.14096378,1.0975184,0.008901745,0.08065601,0.009811244
1.2830368,0.00020642247,2.7724671,0.054028273,7.824819,0.91086686,37.2918,4.4803823e-05,9.994244,1.7666138,4.1113286,59.543064,0.83902156,0.014381517,0.0011236633,0.15101945,1.1992731,0.0086310925,0.07576354,0.009357194
1.2541219,0.0002678497,4.215876,0.07333059,8.887635,1.2338217,45.675278,5.9952603e-05,11.131807,3.1599274,3.273826,88.97781,2.074247,0.018164221,0.0024584637,0.23321208,2.2491937,0.010650391,0.08454086,0.011265479
1.2764134,0.00029325832,4.4865932,0.07520165,8.699007,1.35535,44.170902,6.8371206e-05,11.883259,3.383156,3.0111935,94.12904,2.1261652,0.018482512,0.0025118794,0.24222606,2.4293685,0.011060547,0.07829884,0.010847838
1.2609949,0.00025088873,3.2703106,0.0587089,8.277498,1.0874442,45.35725,5.624877e-05,10.563993,2.2689545,3.0886633,68.308334,1.2932541,0.014643939,0.0014563017,0.19801126,1.4428891,0.010641244,0.088216655,0.010648938
1.222579,0.0003729713,6.4739594,0.085715555,8.7177515,2.2619784,41.87977,7.691017e-05,12.011085,5.6517663,3.3062708,133.60498,3.2716198,0.025128957,0.0030220773,0.26184043,3.042797,0.01370252,0.09234191,0.013201771
1.1841441,0.00028480712,3.7596538,0.077942684,8.313432,1.1685557,38.08545,5.56623e-05,11.661656,2.7038465,3.9931877,77.62287,1.5174433,0.018418232,0.0018340028,0.20761777,1.8405874,0.009359041,0.08909612,0.010616306
1.3164039,0.00029118557,3.9017632,0.06650443,8.816947,1.1333003,44.76305,6.596306e-05,10.295351,2.602559,3.7797644,80.54068,1.4675808,0.016319845,0.002095065,0.21874705,2.076618,0.009435865,0.08603182,0.010963866
1.2154869,0.00043730545,8.9989,0.1393005,10.585019,3.5858243,39.674812,7.432766e-05,23.69129,9.603986,3.3247004,164.71327,6.3432374,0.026644591,0.0031551165,0.2768722,3.0165734,0.016016888,0.12851653,0.015374768
1.3629013,0.00030314582,3.5072598,0.094956376,8.966394,1.1704427,45.095577,6.108119e-05,11.198256,2.404122,3.6281285,78.03402,1.3153684,0.022207145,0.0018477157,0.21284103,1.6804329,0.011449043,0.07979901,0.010716876
1.2833782,0.00030649215,3.9035635,0.07058081,8.47587,1.1719328,43.277637,6.6254215e-05,10.247121,2.570394,3.8566792,81.22483,1.4522902,0.019039247,0.0020750745,0.22243616,2.0860262,0.009748952,0.0832335,0.010881411
1.3192605,0.0002592533,3.9198735,0.095523104,9.333866,1.1933714,45.335266,6.408975e-05,12.679659,2.5836895,2.822883,87.496376,1.614089,0.018752996,0.001982142,0.23079444,2.055598,0.0132489195,0.081533864,0.011013532
1.1544638,0.00022745135,3.3245533,0.057053354,8.050083,1.0686026,39.586384,5.4499036e-05,12.571343,2.264158,2.7712643,68.33172,1.3254646,0.014565653,0.0014683618,0.16057241,1.3883293,0.0107848765,0.09418635,0.0093179075
1.1954412,0.00038604642,7.2043242,0.07731241,8.351926,2.746199,35.997967,6.909177e-05,14.513282,6.583102,3.2145574,150.93863,4.434969,0.021147888,0.0027939612,0.22466378,3.031058,0.011432399,0.09986517,0.01145163
1.2076899,0.0002931416,3.8325958,0.07348409,7.2853136,1.2094054,38.348995,5.739896e-05,11.444042,2.591789,2.570009,81.21214,1.5707271,0.017961454,0.0016542262,0.1844915,1.7438153,0.009493125,0.07390494,0.008625381
1.1944386,0.00037052797,5.417112,0.09011006,8.024462,1.7908441,39.555855,6.884747e-05,11.0486765,4.1600504,3.032876,117.26093,2.5602927,0.02399789,0.0023541811,0.19655278,2.4592113,0.009290553,0.07220029,0.008890941
1.2687117,0.0002541577,3.5054128,0.067917615,8.50801,1.2161926,40.22475,5.575748e-05,11.380024,2.6923757,2.2775033,76.89558,1.4100761,0.015028274,0.0016146825,0.17090847,1.5859804,0.0096788285,0.07678208,0.00936586
1.1840818,0.0002931818,3.715241,0.07651899,7.760268,1.325632,40.88749,5.5976176e-05,11.479834,2.935833,2.929768,80.504425,1.7546583,0.018190753,0.0017677977,0.17760909,1.7334746,0.010510272,0.07869415,0.009281332
1.1847737,0.00032837206,4.505752,0.08802616,8.380341,1.660752,43.433918,6.0411752e-05,12.047993,3.8410444,3.1876407,102.8508,2.298282,0.019943349,0.002115252,0.20372611,1.9136266,0.011048385,0.08134779,0.010296281
1.2010303,0.0002508852,3.3507318,0.0638005,7.9274697,1.1408617,41.925266,4.9988248e-05,10.715186,2.5473895,3.1131191,76.14947,1.4549373,0.016550235,0.0014534375,0.16501705,1.5133599,0.011370745,0.08167243,0.009718035
1.1828923,0.0002317195,3.2896922,0.054159265,7.18857,1.0651978,36.263943,4.848014e-05,10.723361,2.1287441,2.9405408,70.87877,1.1299195,0.014028877,0.0011285775,0.17863779,1.3189926,0.01171949,0.078696914,0.009932415
1.1110883,0.00040848783,7.0659065,0.10948215,8.534952,2.4628508,41.678204,6.291634e-05,13.308918,5.932204,2.85602,147.4345,3.3320959,0.030973103,0.0024530597,0.20717002,3.2663937,0.014928964,0.083138056,0.012503519
1.231268,0.00041072437,10.471226,0.09270148,7.9694033,2.3231764,37.86809,6.5511726e-05,13.710699,5.203534,3.0319147,295.48804,2.6892288,0.026947824,0.0031166226,0.21398948,4.035784,0.0126858065,0.062777266,0.010740581
1.2083067,0.00023487794,2.7755601,0.059140574,7.383273,0.9592976,34.714054,5.1417683e-05,10.897841,1.887097,3.281409,60.447304,0.99826133,0.014921331,0.0013483115,0.15369092,1.3280456,0.01027877,0.07119346,0.009830013
1.2446373,0.00043513186,9.638492,0.09513252,8.565128,3.3522413,39.386127,7.513627e-05,13.741221,8.654155,3.4751537,196.95723,4.633578,0.024965223,0.0034481783,0.24998918,4.08783,0.014568279,0.08980628,0.012908832
1.3751419,0.00021373158,2.6159925,0.061800938,7.367557,0.85593045,34.93885,4.4872842e-05,9.135351,1.631946,3.864766,59.66339,0.80755943,0.015906183,0.0011891413,0.13983312,1.1994259,0.009104783,0.065437995,0.009063597
1.3262318,0.00021416986,2.745426,0.061614487,8.250094,0.9293893,38.67698,4.7102752e-05,9.384162,1.8012363,4.2861166,60.44985,0.87203676,0.016058117,0.001276733,0.14631104,1.1936035,0.0079542985,0.07833635,0.008994914
1.2439618,0.00044492216,9.295881,0.09062991,8.209023,2.795596,38.829052,7.352623e-05,12.380754,7.0455456,3.4603505,198.41943,3.8675182,0.023252076,0.0032684929,0.25257042,3.5684524,0.012980425,0.087355174,0.012130613
1.2203797,0.0003719254,6.699765,0.12436825,9.988534,2.6048558,38.37569,6.893581e-05,17.255152,6.482651,2.9488199,127.31458,4.1660085,0.023779674,0.0031006914,0.22111273,3.2185037,0.015072775,0.07830537,0.0134515865
1.4400009,0.000202565,2.5693219,0.0600962,6.5816674,0.68954337,28.814375,3.6919973e-05,11.184945,1.4055301,3.0623848,54.44041,0.747816,0.013858073,0.0013479771,0.10439859,1.1722579,0.010770508,0.06627517,0.008040717
1.2738767,0.00030012426,3.5451446,0.08462642,9.965855,1.1295308,49.52804,5.664263e-05,15.955672,2.2505827,3.2643661,75.40202,1.3685102,0.020141894,0.0014508327,0.17577757,1.5861294,0.012451435,0.087782934,0.011315372
1.2971228,0.00026068123,3.3113089,0.071602575,9.13024,1.015205,41.768917,5.1888157e-05,15.417136,2.1721814,3.2202356,72.844246,1.2393135,0.01610274,0.0013092672,0.16619028,1.488463,0.012726674,0.08069573,0.010349176
1.2103976,0.00039721874,8.749498,0.08488331,8.426864,3.8130233,41.430836,7.301603e-05,14.882843,8.550594,2.9819,183.32965,5.140166,0.023198802,0.0036786648,0.25307867,4.1456957,0.013949332,0.09950405,0.013697621
1.143525,0.00039705567,7.3961678,0.09907597,8.93559,2.9460237,41.462475,7.295338e-05,13.566806,6.661499,2.4221246,148.56567,3.8713853,0.022155995,0.00260318,0.2523214,2.5687804,0.015588181,0.098513454,0.012636744
1.2493862,0.00021788664,2.2251472,0.08918902,7.4729333,0.6917872,30.820843,4.177614e-05,13.160194,1.3683072,3.2472715,49.396408,0.7025304,0.018829621,0.0013147602,0.102108024,1.1208751,0.009268439,0.06922668,0.0076754424
1.2207079,0.00027439673,3.158285,0.06492178,7.9101925,1.1278864,33.366478,5.0376126e-05,13.7851,1.9894348,3.08627,68.28822,0.931575,0.020134341,0.0012915301,0.14351666,1.3761411,0.007742519,0.090861775,0.007859826
1.2173842,0.00033029288,5.8918247,0.09225584,8.664972,1.6604885,33.43655,6.947329e-05,14.79055,4.082398,3.3343425,114.21176,2.5685577,0.019504905,0.0026187478,0.1957778,3.2914953,0.01108205,0.084320895,0.009928837
1.1548086,0.0006298327,13.017939,0.16863991,10.681359,4.845893,47.0323,0.00010293458,26.209688,11.337901,2.9026728,225.70807,6.177789,0.043924805,0.003967238,0.30831572,6.6279626,0.030984882,0.13776392,0.021984257
1.2597312,0.00028527726,3.653433,0.07208963,9.008884,1.0796634,39.880283,5.397779e-05,14.592577,2.3089557,2.9773123,80.48844,1.2847289,0.018688802,0.0014405443,0.16561112,1.5819585,0.011194029,0.080256745,0.010337827
1.0802859,0.00029030518,4.097741,0.07399959,8.4558115,1.2715272,37.44169,5.681155e-05,14.17841,2.7918055,3.4359722,90.2469,1.7084161,0.022223976,0.0017047274,0.15695609,1.642649,0.012542042,0.11319989,0.011284836
1.2131267,0.00034814829,4.493122,0.080888234,8.475229,1.4513938,40.907978,6.210819e-05,12.074148,3.113716,3.5525177,96.71145,1.673423,0.019046409,0.0017961587,0.1807293,1.9716461,0.011531341,0.08424009,0.00940709
1.2571379,0.00023660179,2.8805666,0.079744644,8.573345,0.9091201,40.45518,4.8683338e-05,11.945816,1.9794977,4.1016226,59.830383,1.1189121,0.016640363,0.001109192,0.15541746,1.3942912,0.011119601,0.0770015,0.00964166
1.3742683,0.00027298194,3.3489254,0.06892955,8.254119,1.0319916,35.511707,5.7753474e-05,11.338307,2.2776282,3.1710525,75.873535,1.2736477,0.019459948,0.0017582572,0.17304316,1.8878438,0.011472123,0.06726717,0.009772977
1.2239202,0.00021491635,3.6190078,0.058560397,9.134173,1.1213207,41.353638,4.7898113e-05,12.354101,2.6980727,4.260296,76.82381,1.5409087,0.015358422,0.0013725698,0.16505831,1.3986411,0.010653535,0.092529215,0.0100685675
1.267746,0.0002864712,3.73991,0.08865249,9.585868,1.1491103,44.766796,5.7382644e-05,15.611557,2.5778027,3.88047,81.78168,1.4176432,0.02018682,0.0014370155,0.18075949,1.7467498,0.014481034,0.09880292,0.011215475
1.3016617,0.0003026105,3.5847268,0.08099588,8.555877,1.0411801,39.962765,5.917041e-05,11.83021,2.3856595,3.5344148,76.31149,1.3166176,0.020862522,0.0016969922,0.17195067,1.8611653,0.0117652,0.07501434,0.009889065
1.2249722,0.00022958199,3.0916164,0.060733616,8.456308,1.0603511,41.10799,5.0715524e-05,11.784123,2.4390645,3.8993666,64.89389,1.30785,0.015182156,0.0013106584,0.13916005,1.4060023,0.010586477,0.082511425,0.0095566
1.2315155,0.00024205132,3.2917626,0.06717401,8.287891,1.2470851,38.535988,5.5000568e-05,10.99629,2.8390763,3.7677867,66.78524,1.4763411,0.016193492,0.0015300594,0.1354276,1.4544235,0.010170842,0.08810972,0.010148591
1.2528845,0.0004047006,4.746804,0.10240412,8.128503,1.4548019,36.520092,6.174261e-05,14.0049,2.883473,3.0349011,87.894615,1.2978265,0.020879202,0.0016936683,0.15828913,2.3578258,0.014942249,0.108288065,0.009965479
1.0670582,0.00041768234,4.613953,0.15062322,8.197929,2.0575235,35.34865,5.9567275e-05,15.427855,3.659998,3.9723475,85.23812,1.9403262,0.032019127,0.0019330413,0.1576737,2.5975716,0.017705372,0.11078828,0.014954219
1.1538067,0.00038519138,5.9314747,0.10304547,8.221839,1.62537,34.365383,6.394733e-05,15.966561,3.714565,3.0668712,121.66949,2.1771874,0.027258655,0.002482091,0.16536702,3.877311,0.013829048,0.08957851,0.010217199
1.1477181,0.00023005961,2.4837658,0.1363357,7.2384944,1.0399541,28.42359,5.158985e-05,17.326046,1.7609036,1.9535726,53.068172,0.8290571,0.018588275,0.0014576482,0.12877885,1.5368716,0.013109546,0.08373411,0.01075506
1.3440331,0.00025472246,3.5146632,0.07735538,7.551099,1.3451962,24.705523,5.821923e-05,14.929192,2.7945352,2.7568467,61.304626,1.2610549,0.017813545,0.0016283398,0.13967781,1.8415209,0.013249821,0.09476657,0.008966701
1.0726682,0.00032250688,4.0969067,0.08610951,8.902372,1.6659825,37.72724,5.4678047e-05,18.940367,3.4539135,3.9447463,77.51722,1.8096229,0.01878536,0.0017972692,0.17266737,2.6138875,0.017803995,0.09903588,0.013127563
0.96132684,0.00022662514,2.655328,0.109368384,8.330075,1.1376082,32.953903,5.4179687e-05,20.683212,2.02833,2.6166632,55.40931,1.0780237,0.017162634,0.0013760467,0.156044,1.5416819,0.014953384,0.08764162,0.013377719
1.1822617,0.00018832835,2.2074347,0.08741404,6.5755386,0.93955505,29.015738,4.2913558e-05,14.551734,1.3828691,2.306859,58.218193,0.63722044,0.014589699,0.00083518255,0.12182016,1.086313,0.011798106,0.081873536,0.009721523
1.2203078,0.00025307282,4.2270236,0.10160062,10.840544,2.3202007,48.162365,4.511773e-05,28.555763,4.245399,2.5791528,82.84351,1.3864443,0.022440264,0.0017743725,0.14933597,1.562175,0.012900598,0.16374172,0.016071098
1.1880238,0.00019663757,2.311583,0.09454988,7.868775,1.2249066,29.204912,4.7670936e-05,17.951544,2.0249639,2.175449,53.30047,0.7856593,0.01757347,0.0011692749,0.12734589,1.3624787,0.011944993,0.09144387,0.010621498
1.3766001,0.0002316119,2.660876,0.08842696,6.717456,1.1272218,28.76119,4.6395784e-05,14.950092,1.9084032,2.2942536,57.16327,0.76025045,0.01816902,0.0011310292,0.12359066,1.5466188,0.013083978,0.08396089,0.009960694
1.1095445,0.00015511387,2.0147321,0.060486894,6.864941,0.9503618,28.890654,3.6072524e-05,12.569369,1.4798478,2.337908,48.19803,0.6116029,0.013613523,0.00076604827,0.08836637,1.015058,0.010665966,0.07985353,0.008443871
1.3036454,0.0001839281,2.1015596,0.07293989,7.1659713,1.0191478,28.971304,3.962852e-05,12.055637,1.6186082,2.3584394,50.517033,0.6521588,0.015690599,0.000939338,0.09244352,1.171642,0.009422877,0.08168553,0.007966357
1.2753209,0.00013254498,2.0611296,0.06386455,7.7896667,0.8657947,30.342714,3.4031167e-05,12.990453,1.3858466,2.2773714,45.776924,0.5734164,0.012794028,0.0006763484,0.09614748,1.0205314,0.009506113,0.072732985,0.007202824
0.94411486,0.00016536702,2.3249912,0.06845886,6.068891,1.0903293,21.812492,4.0478837e-05,9.831442,1.602284,2.4405646,51.860073,0.50746816,0.016944243,0.00073336915,0.09188187,1.0250518,0.011816477,0.104535215,0.00887202
1.0012298,0.00037200772,4.2338634,0.10128448,6.5104427,1.5346701,27.629414,5.2345218e-05,6.1158137,2.530425,2.2186925,86.76209,1.0543468,0.03117438,0.0013886787,0.116778076,2.1090555,0.013002217,0.09557417,0.010628149
1.1301198,0.00020126699,2.3444633,0.076714836,6.7304397,1.1334256,30.611076,4.3758788e-05,12.65104,1.8136941,2.3357813,55.322475,0.7487723,0.014535674,0.0011042298,0.10260464,1.3653992,0.012369543,0.08587171,0.010459094
1.1312976,0.00019850873,2.0829277,0.08777707,5.8645554,1.1307192,30.602497,4.1864994e-05,14.523099,1.8285475,2.4225662,65.74953,0.83969647,0.015622709,0.00095806347,0.09990502,1.3794885,0.012639895,0.0886296,0.01007222
1.517467,0.00023427744,2.572822,0.098382674,8.45862,1.1614252,37.343647,5.2328724e-05,15.271757,1.7849839,2.5452015,54.31117,0.70597655,0.018711068,0.0013953451,0.19018814,1.0829952,0.01326933,0.12486869,0.013797925
1.1848382,0.00019076384,2.6559494,0.05082835,10.040292,1.253365,50.723537,4.6962534e-05,13.424044,1.6805054,2.6225479,53.89186,0.9763484,0.015197715,0.0009767932,0.15474026,1.1641144,0.013419388,0.085984945,0.012356635
1.2731136,0.00019478642,3.6157074,0.052778836,10.150247,1.518287,55.56321,5.176788e-05,11.454483,3.2409244,2.7331135,80.35305,1.5758505,0.014116556,0.001389386,0.1728144,1.4208698,0.011536915,0.07285031,0.011852562
1.2991784,0.0002462594,3.430769,0.08898386,8.271735,1.2191743,33.749664,5.6186585e-05,13.68478,2.523605,2.7292128,59.416298,1.2685504,0.017586624,0.002066276,0.16151328,1.6904632,0.013933921,0.06446504,0.010083727
1.3274509,0.00027891682,4.5094504,0.09487496,8.414123,1.3413571,38.901775,5.6957422e-05,12.442653,2.3025002,2.840479,98.264915,1.3840413,0.017443042,0.0017298579,0.15536691,1.987848,0.013031583,0.072193995,0.010837593
1.1155783,0.0002782344,4.301594,0.07245,8.309468,1.6774751,34.38559,5.74555e-05,7.085924,3.0093684,2.850776,83.248276,1.2829357,0.022630285,0.0014697749,0.18280907,1.5182856,0.0150764445,0.11834721,0.013409485
1.2153308,0.00020693058,3.036211,0.059963603,9.510244,1.313358,44.985634,4.9964143e-05,13.256082,1.8750389,2.3585246,60.83774,0.8735827,0.017105754,0.00075443235,0.11977315,1.053096,0.012873265,0.113869555,0.012013125
1.2627218,0.00022608793,3.1780014,0.06459708,8.4610615,1.3348597,31.097971,4.627554e-05,13.066184,2.5668616,3.958129,54.78139,1.2954199,0.012484926,0.0013607669,0.13809448,1.7246767,0.010925785,0.07775657,0.008745087
1.2529048,0.00018348519,2.8331692,0.046767395,8.341785,1.3177208,38.708035,4.897738e-05,12.381723,2.056647,2.6399932,54.101086,0.8864583,0.013230851,0.0011346069,0.16070996,1.1119701,0.012558702,0.10304574,0.012001958
1.3198029,0.00022500152,3.4737654,0.08417006,8.404723,1.0963935,36.14677,5.4476586e-05,11.443378,2.0753572,4.0414715,69.06439,1.1032013,0.016956465,0.0019148258,0.16566151,1.8597503,0.011397444,0.07163222,0.010207103
1.1660612,0.00020614773,3.405895,0.06221831,6.9900117,1.3617111,29.812378,5.131662e-05,13.010372,2.0161822,2.0849242,68.12683,0.7711123,0.016842555,0.0011524659,0.13511378,1.3825746,0.01264119,0.10213761,0.009581635
1.1951102,0.00018125521,2.249335,0.066580184,10.079415,1.094871,48.18069,4.6425546e-05,11.307582,1.4690597,2.312385,49.395496,0.77988225,0.01709615,0.0011061787,0.12983546,0.9165408,0.011574526,0.09281607,0.012244083
1.2742308,0.00025002487,3.6599908,0.09662311,8.495114,1.2603453,40.13627,5.3405383e-05,14.604325,2.4414365,2.9872687,78.94282,1.1406248,0.019579627,0.001706977,0.13768004,1.7218826,0.014135547,0.066742465,0.0096881585
1.2257618,0.00020614553,1.9802458,0.063642785,7.2515106,1.044757,31.091232,3.8984443e-05,11.741688,1.9458688,3.0049675,40.942215,0.84774303,0.012783714,0.001033493,0.10060597,0.94929945,0.010571601,0.093024,0.009554838
1.3077304,0.00028248384,2.9015055,0.0706447,9.505265,1.1682692,47.2659,5.9636815e-05,11.60656,1.8294181,3.821535,62.071007,0.9169176,0.020329894,0.0017940443,0.16795804,1.5508232,0.0077648107,0.08345549,0.009442556
1.3939487,0.00021442819,2.4711127,0.080328844,8.896053,1.1799808,62.590237,5.1145267e-05,13.720282,1.8575727,4.5313306,55.248276,0.84423786,0.016771322,0.0009899079,0.14737049,1.0569801,0.011395327,0.109964944,0.012858393
1.2150035,0.00023016955,2.4949586,0.08509157,9.155924,1.0850868,46.47083,4.9704264e-05,18.295599,1.9543146,3.295081,54.002888,0.8327923,0.01741443,0.0014847141,0.14664157,1.3197323,0.010729643,0.09501497,0.010643815
1.1794993,0.00023138829,2.4682348,0.08727227,8.757196,1.1497551,47.94188,5.0050898e-05,17.36317,2.0460904,3.244239,56.663887,0.8607984,0.017340684,0.00140137,0.13767582,1.2482044,0.010172663,0.10115056,0.009839945
1.1493369,0.00024272472,2.3020732,0.10037051,8.68664,1.1161116,40.75482,5.01997e-05,20.033693,1.6881127,3.5650046,52.33272,0.7535183,0.017743181,0.0013339228,0.14920586,1.1538785,0.012203419,0.11104853,0.011152716
1.4641597,0.00023155335,1.5660853,0.07980035,13.189751,1.1044998,56.9528,4.9855953e-05,14.742919,1.5870662,4.1099405,66.66637,0.842657,0.014780058,0.0014345305,0.116643466,1.2799362,0.010000008,0.09397534,0.010513139
1.4664804,0.00020829332,2.298594,0.063416384,10.653583,1.0558828,63.971222,4.7951908e-05,13.245431,1.6665412,3.4754488,59.42776,0.72969174,0.013829633,0.0010417069,0.14105053,1.154401,0.009623101,0.09895741,0.011035236
1.3999894,0.00011188591,1.9297198,0.045056988,9.530471,1.04561,54.24571,3.3270826e-05,10.558319,1.6064802,2.7737205,44.082603,0.7032686,0.010312525,0.0007919909,0.09825067,0.7753631,0.007599372,0.06796474,0.008660508
1.2902222,0.00021928146,2.5172153,0.083967,9.415203,1.2311703,51.7838,4.7373393e-05,18.18107,2.1741993,4.413658,60.7425,0.7887223,0.016673619,0.0011593271,0.12294775,1.1533104,0.011968327,0.10638663,0.011693087
1.3810617,0.00025150235,2.48843,0.05384296,8.955312,1.1377585,48.950233,5.2846262e-05,11.279721,1.9017942,4.084254,56.67658,0.8592089,0.0123824505,0.0013445879,0.13465872,1.256874,0.008445627,0.08848635,0.009057528
1.332922,0.00023049294,2.238601,0.06842299,9.348126,1.1100885,57.705715,4.7829417e-05,13.82062,2.0564978,4.0051737,56.165226,1.0404272,0.016354794,0.0014328123,0.12168952,1.3190541,0.009776454,0.09278074,0.00958811
1.232882,0.00019904049,2.0852733,0.08527459,8.257043,0.9565452,55.793518,4.1612428e-05,15.082805,1.3319811,3.3063037,52.548088,0.53610504,0.015517612,0.0004834284,0.11271175,0.73599297,0.011264713,0.1103027,0.011694224
1.2971244,0.00016998428,2.0105562,0.05182396,8.978728,1.0096161,59.72092,4.1065538e-05,11.7248335,1.5896746,3.8656688,48.92123,0.77248734,0.015263782,0.00080352783,0.12723058,0.8819025,0.009802254,0.08934397,0.010601543
1.3834105,0.00023356882,2.6162333,0.08157343,8.916796,1.2130011,53.98891,4.7980644e-05,14.765253,2.1555846,3.7063336,60.307907,0.8939703,0.016183538,0.001256755,0.12772584,1.3586221,0.0126467,0.104959704,0.012240841
1.3971847,0.0002125354,2.2118182,0.06326806,9.171585,1.10374,45.356873,4.703188e-05,14.516678,1.7732989,3.8697498,58.28064,0.76522505,0.01280181,0.0012609434,0.117938675,1.2867093,0.010264878,0.0855927,0.010015409
1.4991608,0.0001805119,2.5183558,0.07955724,8.714961,1.2203437,50.848087,4.5271976e-05,13.2037,1.9990398,3.4772003,56.701454,0.73156357,0.016379848,0.0008521256,0.13921168,0.7981629,0.01260519,0.13605338,0.014705618
1.4439572,0.00018368827,1.849524,0.047108732,9.797839,0.9520333,58.41998,4.1610525e-05,10.567957,1.4627465,3.2391632,46.683704,0.66927063,0.012402447,0.0010007779,0.1190538,0.86939186,0.0083971,0.0814795,0.008849368
1.3722351,0.000243517,2.2732224,0.11002546,9.291219,0.9320638,49.873657,4.8305883e-05,13.952754,1.4792565,2.476896,52.725708,0.8735212,0.018530002,0.0013647645,0.13671774,1.366373,0.012455199,0.07730903,0.011913948
1.3261147,0.00018086928,2.308009,0.07878612,8.420295,1.116473,58.087955,4.490381e-05,12.255634,1.6021453,3.398148,52.43906,0.5457697,0.0168404,0.00050500117,0.1285331,0.85619116,0.010996665,0.10251887,0.012099361
1.3182899,0.00021672416,2.3668613,0.09037934,8.4542885,1.1195942,52.870857,4.7780806e-05,13.09942,1.5610738,3.3686857,51.643894,0.5502027,0.017140485,0.0008356756,0.12625767,0.896542,0.009572664,0.09996934,0.01059849
1.3325993,0.00023510997,2.6010804,0.085228704,8.645482,1.1111181,51.238808,4.96456e-05,12.669647,1.6908189,4.045425,57.002327,0.62076324,0.016778484,0.00089049136,0.136144,1.0538796,0.009993486,0.09727085,0.010642283
1.4693058,0.00022051905,1.9647497,0.058347855,10.10777,1.102577,61.43574,4.949033e-05,12.043088,1.8239309,3.4914935,47.132977,0.93586034,0.012308879,0.0013829294,0.14110184,0.97029763,0.010261623,0.08987331,0.011387701
1.3383449,0.00016584877,2.2720273,0.07077943,8.453687,1.1392705,53.668793,4.1351563e-05,12.723875,1.87967,4.4834123,48.925953,0.6279285,0.015913634,0.0007413678,0.11875503,0.8583406,0.011400024,0.120936625,0.012090893
1.3792217,0.00022599268,2.44118,0.06957253,9.271184,1.1998153,56.525772,5.055009e-05,11.961638,1.9805253,5.182313,55.9819,0.81575686,0.0142664155,0.0010327318,0.14228417,1.1606745,0.009993011,0.10152404,0.009759509
1.3200637,0.00023370002,2.311112,0.08698769,8.656709,1.2066805,55.056755,5.4254444e-05,15.324661,1.8843437,4.09349,55.792217,0.74678034,0.018578472,0.0012129375,0.14179538,1.2136564,0.011783819,0.11638352,0.012460866
1.4273759,0.00019191469,2.8554983,0.07344376,9.198204,1.3251886,60.40795,4.76286e-05,14.796493,1.8688105,2.1591923,67.29029,0.6699028,0.017530667,0.00091301394,0.15621373,0.98489666,0.011557478,0.11038343,0.013605976
1.4891918,0.0001837572,3.104513,0.09739641,9.6792345,1.0396609,38.470184,5.1758798e-05,20.424635,1.3826385,3.3040395,72.98094,0.5884291,0.020115543,0.00090115896,0.18332475,1.2073519,0.01503605,0.09797364,0.013025386
1.4435064,0.00023238665,2.6260095,0.10133072,8.00767,1.1679776,33.41046,5.4727934e-05,14.306337,1.7658112,3.9547157,52.916473,0.86129856,0.016893474,0.0012778409,0.13518143,1.3804154,0.014657265,0.09887139,0.015116868
1.4910297,0.000220164,2.4101608,0.08562605,8.197616,1.0899411,33.633152,5.2151896e-05,14.188743,1.6842564,3.800392,49.024185,0.86735725,0.014392814,0.0011044837,0.13920096,1.2798864,0.012822439,0.09431655,0.012317601
1.3239748,0.00020735747,2.6309848,0.09012722,6.0157876,1.0862908,33.28601,4.4953755e-05,15.396887,1.7292248,3.3625124,56.630814,0.7769282,0.016495166,0.0010729355,0.1508863,1.3002986,0.0141925085,0.0960717,0.011669672
1.1520808,0.0001943571,2.2461677,0.08385657,6.059741,1.0865242,24.337372,3.7691294e-05,13.427732,1.8518169,2.2334697,48.00924,0.77614766,0.01286295,0.00080056465,0.10689628,1.2292517,0.012911938,0.100562,0.01086452
1.1537507,0.00017618244,2.3159957,0.07468235,6.311911,1.0202699,24.855722,3.6767993e-05,12.616013,1.8015409,2.0990183,49.799034,0.75647205,0.013996369,0.00077986735,0.10158351,1.1776884,0.011360939,0.09551492,0.009665218
1.344943,0.00023495423,2.6787302,0.09515982,8.1521845,1.0891876,29.010006,5.1927822e-05,13.810987,1.8139071,4.810291,54.991837,0.9309362,0.016463395,0.001091764,0.15056679,1.2651283,0.013274815,0.09387677,0.011158018
1.2532881,0.00024903493,4.828176,0.10335991,8.011097,1.6759299,29.151888,5.230293e-05,16.80953,2.9633725,2.6962404,88.90098,1.2237335,0.022705158,0.0016851684,0.1686265,2.041764,0.015528239,0.11103639,0.015453915
1.0566106,0.00020972922,2.5456452,0.06422609,6.659812,1.1543834,27.375854,4.680139e-05,11.384498,1.5595808,1.5549467,53.71046,0.5875177,0.016963184,0.00068064797,0.10469945,1.0747762,0.011086125,0.10421255,0.010141573
1.1448092,0.00018812541,2.819937,0.07591032,6.4934015,1.3360336,24.93774,4.5298788e-05,13.842734,2.2856107,3.1597967,60.625378,0.9333586,0.015805235,0.0013587478,0.11416383,1.5486861,0.012182419,0.09293335,0.01077324
1.1518142,0.00017709658,2.6016452,0.071184285,6.234723,1.2500736,23.892544,4.2279855e-05,12.631703,2.2302225,3.3634295,57.98367,0.8944067,0.014759611,0.0012548437,0.10345617,1.5184996,0.011782458,0.08688637,0.010172792
1.555648,0.00020139512,2.6908307,0.11939607,7.364561,0.88102317,30.59558,4.6802335e-05,17.870687,1.380034,3.7094603,58.346413,0.6196209,0.016009206,0.0008734523,0.16016245,1.1993134,0.014183561,0.10040434,0.01189057
1.3808542,0.00020023782,2.6582391,0.08567553,8.046473,1.2908417,30.950146,4.6948462e-05,15.515517,2.181857,3.4619188,56.33517,0.98187673,0.016590001,0.0012289234,0.108483896,1.4949923,0.014508502,0.086319126,0.012188862
1.4083253,0.00019555957,2.4992824,0.08332766,8.378553,1.2383415,32.33009,4.7240646e-05,14.363037,1.9863595,3.4055092,48.655697,0.8407266,0.016639082,0.0012743492,0.11636892,1.3798382,0.013732455,0.08747733,0.012625516
1.1176037,0.00016162593,2.429402,0.06347833,6.036614,1.1206523,22.79241,3.9321596e-05,11.511479,2.0399218,3.4518354,53.348343,0.79835254,0.0128972875,0.0011089416,0.088642925,1.4168748,0.0108842105,0.07713169,0.00900696
1.427894,0.00021530002,2.8690526,0.08009631,8.510369,1.2733514,39.972767,5.1168372e-05,16.018606,2.0665445,3.6651554,59.82167,1.0179513,0.01418239,0.0013316759,0.16604616,1.3426915,0.011894974,0.10186148,0.013325331
1.1285295,0.00022934318,3.154109,0.08964209,6.673481,1.4174691,24.940111,5.2876057e-05,18.34465,2.0508435,2.5413728,63.796967,0.9128023,0.01823343,0.0013949218,0.13591796,1.5299237,0.01291937,0.10513155,0.011289106
1.1743808,0.00020084366,2.273894,0.084755585,6.685297,1.0727425,26.9255,4.5691966e-05,11.571536,1.554179,1.9610909,48.314934,0.62780315,0.016355483,0.0010232123,0.09930471,0.99939144,0.011136746,0.098234475,0.010464816
1.2107438,0.0002071797,2.1347191,0.098294,7.2095346,1.0910041,31.347408,4.888844e-05,13.879074,1.3344958,1.5763129,47.970577,0.54256576,0.019909045,0.0011473872,0.11183948,0.9188288,0.01297904,0.12171094,0.012590041
1.3418835,0.00021661198,2.5849926,0.08037676,8.1363,1.2137809,30.648132,5.047272e-05,13.385416,1.8776375,4.5233665,53.658775,0.8419312,0.015434592,0.0009895941,0.12599379,1.1777903,0.0139226625,0.09618596,0.012383943
1.3317978,0.00021852633,2.5944507,0.08064138,8.392876,1.2800403,31.764738,4.9883445e-05,13.702023,2.0137563,3.470709,53.71293,0.9524752,0.017098207,0.0015354472,0.12001977,1.4321272,0.012799396,0.078294605,0.01198454
1.1409338,0.00022106817,2.8374805,0.08608976,8.064975,1.2833991,32.78655,4.520033e-05,16.948587,2.4035575,4.8860326,58.959675,1.1191226,0.015831428,0.0015297646,0.120574854,1.550404,0.0110316705,0.098539785,0.010704995
1.0147165,0.0001800543,2.3321242,0.052532244,5.4189267,1.0349811,18.188105,4.0068917e-05,10.742399,1.8413967,2.990723,50.979702,0.6692419,0.014802441,0.00080967025,0.082017995,1.3198513,0.009814653,0.059712622,0.008117258
1.1132717,0.00018018496,2.7127726,0.076587565,5.9450326,1.3089856,20.062935,4.364107e-05,14.501336,2.3144362,3.2042406,60.820847,0.95457876,0.014739632,0.0012916985,0.11261629,1.5663607,0.011825244,0.08800666,0.009996588
1.264876,0.00024296004,2.6254525,0.08796931,6.7347245,1.1964737,30.715055,4.653795e-05,16.483318,2.2215433,4.618149,52.644707,1.0506393,0.013803392,0.0014984901,0.11805447,1.3464832,0.012657636,0.10932878,0.011850484
1.5075102,0.00020026712,2.5921361,0.09216445,8.501543,1.2438668,35.73168,4.5895285e-05,15.85905,2.0638177,3.751877,52.284393,0.92725885,0.015648643,0.0011446134,0.12625076,1.3135962,0.013713309,0.10231668,0.013253754
1.301484,0.00021941266,2.6357107,0.08247453,8.707692,1.3360267,32.473022,5.0237602e-05,12.159667,2.1370885,3.8416762,55.229073,1.0316585,0.016909402,0.0015477426,0.11916023,1.4222895,0.011858498,0.07586333,0.0112802405
1.4993219,0.00021164576,2.5840652,0.09688258,7.8425627,1.2398802,35.160145,4.830279e-05,15.278865,1.9743582,3.6793451,51.537346,0.9033361,0.016215406,0.0010874819,0.13676763,1.3128735,0.013843786,0.10695148,0.013371439
1.3473912,0.00023256928,2.6679826,0.08768346,8.248176,1.3268993,31.59792,5.161034e-05,13.399117,2.0049143,3.7773445,54.588898,0.91269916,0.017866187,0.0013511986,0.11304355,1.4031646,0.014120807,0.086574316,0.012665571
1.2789897,0.00020458543,2.584748,0.09293118,8.753315,1.051995,32.017853,4.4947577e-05,14.353256,1.6690238,3.250065,55.060402,0.79949874,0.014674789,0.0011012687,0.13255182,1.331221,0.013530126,0.099640995,0.011223289
1.2696596,0.00019197655,2.3189156,0.07190518,6.4709277,1.2087706,31.452597,4.4237036e-05,9.07736,2.065591,1.6702628,52.346733,0.7296495,0.016976135,0.0010853987,0.110796295,1.2589924,0.011749115,0.08954599,0.012439514
1.2608143,0.00017544348,2.2235878,0.060160942,6.6683717,1.1028199,30.119156,3.9503037e-05,9.589311,2.012924,2.6228218,51.114456,0.6851474,0.014321883,0.0009503782,0.0940148,1.2587631,0.011670224,0.07518063,0.009959906
1.1044034,0.00023101317,2.7621202,0.074404135,7.2968774,1.2553635,31.18293,4.698447e-05,17.528368,2.5090616,4.768413,56.40512,1.1714535,0.014560074,0.0015936883,0.11036459,1.5845864,0.009905487,0.08862886,0.009742979
1.20633,0.0001585049,2.1767976,0.053243008,7.729388,0.8105212,27.098547,3.7762245e-05,10.397739,1.2981379,3.096972,41.498253,0.60702324,0.0127700325,0.00090993446,0.10180328,1.0263846,0.011874873,0.09426309,0.010830717
1.2835689,0.0002068857,2.291244,0.066338,8.078189,0.97038513,32.335987,4.1034593e-05,15.756739,1.7269591,3.1105947,51.726192,0.84547365,0.009713962,0.00083426846,0.119272485,1.2007481,0.011476767,0.07699591,0.009191528
1.2835121,0.0002265397,2.0189793,0.0897195,8.100163,0.97828794,38.5061,4.8128404e-05,16.307077,1.5754814,3.9662876,44.09242,0.63858384,0.016568588,0.0012942421,0.12734173,1.1415502,0.012156603,0.08478364,0.011356704
1.3234448,0.000227596,2.9842713,0.09326446,8.382075,1.4280694,41.306038,5.3394044e-05,11.420524,2.074492,1.2427166,60.719234,0.8598893,0.022879265,0.001231204,0.1496064,1.1610436,0.014912764,0.13399561,0.016896553
1.1862335,0.00024722406,3.9773934,0.083003715,8.1221695,1.7626349,34.91763,5.5561657e-05,16.354303,2.7586534,2.3921647,75.36001,1.1094525,0.01997551,0.0018022294,0.15882283,1.675997,0.01621523,0.117427655,0.014238596
1.3238268,0.00020901227,2.7530742,0.08512399,8.086657,1.3065854,38.29776,4.7761783e-05,11.789387,2.3372545,2.6515315,58.95851,0.9738494,0.019874,0.0016119012,0.12994725,1.4899479,0.0146936355,0.116000585,0.014920355
1.3284327,0.00020904333,2.255977,0.10388696,7.4039187,1.1133265,32.54694,4.8634243e-05,14.483127,1.4925506,1.8380634,50.71324,0.6049155,0.019485198,0.0011222253,0.121956244,1.0586125,0.014833492,0.12187439,0.013337395
1.2430627,0.00019624889,3.734409,0.08789375,6.98588,1.4996105,25.968699,4.44845e-05,16.289597,2.4794433,2.8907456,73.94823,0.9183452,0.018094223,0.0012562041,0.14811108,1.8017863,0.014705744,0.10232722,0.013585743
1.1199503,0.00020216755,2.3558552,0.09327417,6.4080753,1.1043291,25.377588,4.2508014e-05,16.08943,1.6193522,1.9417526,50.07865,0.6596211,0.017544093,0.0010551087,0.110277385,1.1538812,0.01393837,0.111954674,0.012602101
1.1173106,0.0001773931,2.326689,0.070820466,6.2793984,1.2642473,22.25088,4.1045125e-05,12.72019,2.1275952,2.7998898,54.973812,0.8696699,0.014089758,0.0013106588,0.090352,1.3444227,0.012308522,0.09614733,0.010863856
1.2145296,0.00020497896,2.316768,0.08572394,6.8915334,1.1331708,27.516598,4.680253e-05,11.985154,1.6453259,1.908077,49.045685,0.6791558,0.017050639,0.0011973602,0.10048471,1.0569657,0.01183711,0.10262328,0.011503846
1.1104552,0.0001577393,2.3334384,0.05735574,6.4203806,1.046922,26.49605,3.874703e-05,10.065131,1.9374764,3.3723786,48.92611,0.7144377,0.012442509,0.0010454899,0.07849849,1.2917702,0.010316977,0.070068784,0.008547116
1.3290331,0.0002734644,2.7554333,0.09555347,8.158066,1.2376721,29.737736,5.4947985e-05,14.334328,1.9453509,3.7853699,54.66862,1.0639871,0.01752376,0.0015814474,0.12696111,1.5211197,0.013174204,0.08173318,0.012050531
1.1427457,0.00014422182,1.8979656,0.057668824,7.759241,0.6806189,33.722965,3.9192055e-05,11.54542,0.59728914,1.6417485,42.6865,0.30767062,0.015852233,0.00056152936,0.115200974,0.5958578,0.010261371,0.08340555,0.0093772495
1.2817781,0.00019872493,2.0286791,0.07776722,6.9667926,0.9536421,37.002064,4.4698292e-05,16.319733,1.5643048,3.0759525,45.464474,0.78974986,0.014525575,0.0014142827,0.114277445,1.182124,0.011977316,0.085884355,0.010343653
1.0438876,0.0002265396,2.3581269,0.08718907,7.0624995,1.0322526,29.323978,4.544974e-05,16.363438,1.8330338,3.7269232,53.44565,0.83161926,0.014467186,0.0013201407,0.115480766,1.5767462,0.012553135,0.073955715,0.010830351
1.0182587,0.0002177429,2.3273284,0.069827236,6.612369,1.0733212,28.593962,4.4717734e-05,14.758864,1.9673166,3.877777,50.72199,0.87063277,0.013744211,0.0013186117,0.10675214,1.5042038,0.010738083,0.07374722,0.0092875175
1.1906192,0.00024366846,2.9061801,0.09242061,7.9095664,1.2686815,32.93869,4.6659996e-05,16.769154,2.322755,4.783275,60.243195,1.0505074,0.016219655,0.0014720325,0.11920678,1.4908679,0.011723192,0.111901596,0.011470958
1.2794744,0.00021896641,2.3988967,0.08382285,6.5246525,1.0500425,32.378674,4.7140093e-05,16.796986,1.693611,3.6105657,48.69458,0.9265494,0.0147291785,0.0013849068,0.12985855,1.2852124,0.013420296,0.10296463,0.011429379
1.3241162,0.00020543713,2.2787554,0.08522412,6.8155637,0.9979462,34.550594,4.6228703e-05,16.009874,1.5714706,3.3496237,47.86932,0.7999894,0.015436561,0.0013166345,0.1282874,1.2067204,0.012978865,0.09892716,0.011191985
1.0971253,0.00021214702,2.6722279,0.08105337,6.3104925,1.179262,25.009062,4.4287488e-05,11.577835,1.9323266,1.9594097,52.51613,0.80407155,0.016571,0.0010128747,0.09816227,1.156874,0.011938036,0.104469515,0.010410278
1.3009968,0.00017828803,2.176932,0.057399914,9.418621,1.3274729,66.01948,4.339891e-05,17.435904,2.058082,3.5203733,57.56487,0.9768265,0.014204343,0.0009353923,0.12819184,0.97187936,0.01221553,0.112693295,0.012643111
1.3021371,0.00021291125,2.1743453,0.06722357,9.837672,1.2975857,65.446106,4.6294525e-05,18.95776,2.0811496,3.4689388,59.81268,1.0372264,0.016256884,0.0012060368,0.13259989,1.1864184,0.013780842,0.1017767,0.0126487445
1.2673348,0.0001998446,1.9391236,0.07534215,9.209212,1.0794353,61.45709,4.7260775e-05,19.250109,1.6362706,3.4938881,60.22497,0.8024168,0.016812675,0.0010065353,0.118973225,1.0569708,0.013713478,0.09460804,0.012353942
1.2162335,0.00015453377,1.9600804,0.043722782,6.1664705,0.9008429,26.654541,4.1840278e-05,10.954899,1.325876,1.2837043,36.185562,0.5160579,0.011045655,0.00074045255,0.08502763,0.7487097,0.011025554,0.08200567,0.008818188
1.319085,0.0002607112,2.8561544,0.08963896,9.504828,1.2036207,47.666145,5.1602863e-05,23.217001,2.2426193,3.7465336,61.826157,1.0876669,0.017026847,0.0018545634,0.14314589,1.7649938,0.012404393,0.09367045,0.012695778
1.1648668,0.00020605401,1.9835961,0.07181614,9.440739,1.0009224,51.258057,4.3317148e-05,14.329112,1.8630869,4.3147764,48.63685,0.95360965,0.014908452,0.0009777336,0.118189126,0.98321074,0.010433877,0.09670324,0.010894079
1.1014789,0.00023936632,2.1535015,0.08714263,8.633195,1.0290399,52.28827,4.9266768e-05,13.454003,1.4606019,4.167828,50.018085,0.65588725,0.019206466,0.00084346446,0.13348147,1.1025475,0.0112068625,0.09560669,0.011584179
1.2866461,0.0002555212,2.609126,0.076588534,9.11388,1.1626697,46.573204,5.014293e-05,17.189875,1.9834677,4.5292616,56.341915,0.86984783,0.018059442,0.0012124578,0.1363038,1.2251914,0.011117672,0.104784906,0.011767249
1.210986,0.00024753925,2.7796094,0.0724088,9.634005,1.2321937,47.097378,4.6702873e-05,18.121315,2.1466963,3.9345076,57.15888,0.95630366,0.016616063,0.0014400884,0.13946372,1.4529489,0.012207507,0.09232713,0.012635319
1.3421378,0.00020457497,2.3950112,0.07182976,7.9137115,1.1540482,49.022095,4.699815e-05,14.104038,1.8374652,4.8275137,54.01223,0.82159144,0.016195145,0.0012082062,0.1272202,1.3399597,0.011457959,0.08807167,0.012135719
1.1341976,0.00025662465,2.4619918,0.07368675,8.120444,1.096586,52.906425,5.199792e-05,13.05786,1.6124277,3.9147117,53.982876,0.6725422,0.019547226,0.0010256198,0.14473057,1.1782302,0.011205078,0.090299085,0.011525743
1.3563737,0.00029142882,2.5895796,0.09762168,9.01971,1.1261903,51.383793,5.3849126e-05,14.707347,1.8713791,4.141253,55.87891,0.8352512,0.019293005,0.0012449864,0.15194476,1.3342658,0.011905365,0.104631715,0.012250816
1.3972628,0.00019729137,2.1968162,0.07522009,7.0450063,0.91639894,34.86326,4.289411e-05,16.554686,1.336947,4.702334,45.27745,0.63664377,0.012369847,0.00072828523,0.1268383,0.9722509,0.014659348,0.084357046,0.010264372
1.3712567,0.00020538866,2.2969213,0.08461194,6.6960373,0.9608168,33.682636,4.4614084e-05,16.649658,1.3714269,4.536885,48.006653,0.71188945,0.013881826,0.00081284996,0.13319382,1.0358244,0.01567736,0.08993671,0.010787394
1.3874782,0.00020981733,2.2664344,0.08419428,6.882378,0.92343754,34.704906,4.499326e-05,17.292545,1.360597,4.7799087,47.409317,0.6957538,0.014035201,0.000840251,0.13480018,1.0111973,0.015531925,0.08500581,0.010813773
1.3002441,0.00020353691,2.0207174,0.06569253,9.044884,1.0862205,51.326244,4.745825e-05,18.740585,1.6213872,4.271508,57.187325,0.8296091,0.016803695,0.0010155329,0.11166451,1.3191023,0.011965632,0.09739353,0.01173908
1.2933474,0.00019884773,2.3465552,0.06901897,8.855105,1.2799888,53.679276,5.060689e-05,17.869831,2.0648978,3.9584968,63.69438,0.83593446,0.01502827,0.0009740891,0.13916862,1.0952653,0.014721223,0.10830121,0.012376884
1.1652802,0.00021152865,2.2055743,0.074203365,6.4343686,1.1369299,33.6759,5.0618437e-05,16.847553,1.5497149,2.6480672,48.179577,0.56588525,0.012711,0.0007306869,0.10878077,0.7560651,0.011240604,0.09666096,0.009315197
1.1652802,0.00021152865,2.2055743,0.074203365,6.4343686,1.1369299,33.6759,5.0618437e-05,16.847553,1.5497149,2.6480672,48.179577,0.56588525,0.012711,0.0007306869,0.10878077,0.7560651,0.011240604,0.09666096,0.009315197
1.2541888,0.000106010695,0.31984866,0.077301286,9.371548,0.5794314,40.740234,3.246046e-05,10.539081,0.5172239,0.7867835,20.77391,0.1828146,0.016795384,0.0006428799,0.03888379,0.27289516,0.008893309,0.09312851,0.008501357
1.4293274,0.00019164762,1.1716443,0.08243189,14.352851,0.9509715,54.185547,4.0948973e-05,16.076292,1.3943304,5.110367,52.183113,0.7115147,0.01735241,0.0012482436,0.08791178,0.93229717,0.008849298,0.090995915,0.010252893
1.4225945,0.00021167447,1.3116866,0.07785199,14.892763,1.0649076,57.17057,4.5530916e-05,15.36774,1.7926567,5.758866,50.036785,0.81261915,0.014996388,0.0013228672,0.08408608,1.1035925,0.00996627,0.0977709,0.011139013
1.0409235,0.00018037678,1.1446497,0.07814808,3.5709863,1.0017192,17.119072,3.310751e-05,9.161858,1.4907405,3.6657414,58.04464,0.5468606,0.01544276,0.000667077,0.04473856,1.3102092,0.008790825,0.06013585,0.0065114624
1.1838051,0.0001012924,0.4131043,0.054938514,9.814433,0.65390635,41.93023,2.8394967e-05,10.431669,0.84706295,0.87565506,29.272717,0.42145327,0.0150140235,0.00078230514,0.03051017,0.46482676,0.007513386,0.07446013,0.007122067
1.2193534,0.00012119333,0.9226306,0.050033458,14.112963,1.0854408,50.83902,2.9167008e-05,13.8070965,1.2256861,2.8886487,41.12407,0.62021416,0.013088412,0.00065002893,0.0522789,0.58898735,0.006330282,0.077794835,0.0068933396
1.4672346,0.00017461534,1.2759283,0.06988045,15.268104,1.0926086,56.329964,4.0033196e-05,15.003166,1.5173684,3.5506423,59.18536,0.7799557,0.015496304,0.00087948743,0.079421654,0.9240501,0.010953824,0.10147304,0.009358872
1.3621112,0.00025584816,2.5300915,0.07547278,10.113649,1.1567508,43.05266,5.1438125e-05,16.245665,2.2510095,4.6469164,65.340706,1.3401753,0.014817763,0.0014005627,0.13953003,1.450118,0.012569153,0.083964035,0.011159153
1.4263288,0.00029816746,2.675315,0.09148296,11.370913,1.5163057,53.232548,5.6015917e-05,18.273104,2.4796815,2.9776354,73.75156,1.4279157,0.018234052,0.0014446662,0.16573787,1.7756495,0.014996151,0.101533644,0.011329621
1.1964066,0.00024120089,3.3471832,0.07707862,7.7070594,1.3144814,32.01679,4.9226837e-05,12.333475,2.8500254,3.8338623,67.46426,1.3081028,0.01505381,0.001523792,0.12088088,1.7866786,0.010805141,0.08146736,0.0092473235
1.2207972,0.00021688815,2.4257066,0.06988295,9.348309,1.2392517,48.23271,4.8491624e-05,14.148887,2.2631483,4.1809635,58.180794,1.313006,0.014987588,0.0014857877,0.12536968,1.4855897,0.012258054,0.110015765,0.012345638
1.3033172,0.00023917443,2.4447992,0.09016508,9.808271,1.087517,48.314804,5.3555563e-05,15.773428,1.7848543,5.03839,58.758137,0.87833834,0.015591457,0.0014619612,0.14008164,1.2429042,0.011696701,0.096747726,0.012220462
1.3193984,0.00023319987,2.28775,0.06821609,10.295356,1.294842,49.52338,5.2838215e-05,14.444294,1.8990357,3.8696554,63.851543,0.95201105,0.016342426,0.0012574723,0.13778195,1.3036206,0.012225673,0.08659483,0.01186854
1.2341424,0.00030231266,4.5606055,0.06129964,9.490237,1.745635,40.820507,5.216675e-05,12.234271,4.0466795,3.352413,95.10751,2.1976674,0.019284345,0.002823,0.12165123,2.2695022,0.010604015,0.07003473,0.009555925
1.3062549,0.0001935009,2.5494044,0.060037978,8.495316,0.92859775,40.960167,4.540237e-05,10.902221,1.9559379,4.4750705,56.081184,1.0447086,0.013153385,0.0010508555,0.13019255,1.3891494,0.008951216,0.07998179,0.009759475
1.4182897,0.00029213182,3.3852303,0.06575452,11.682001,1.2922648,53.2827,5.5767832e-05,16.35826,2.5188072,3.044947,74.966995,1.2733837,0.01737851,0.0010172366,0.19403379,1.720966,0.015266016,0.0915505,0.011632032
1.4570245,0.00025117295,2.1911469,0.08576608,11.095155,1.1021917,51.248146,5.052243e-05,17.479784,2.0029016,4.995189,63.83365,1.2285947,0.015182846,0.0014026541,0.14372712,1.3894542,0.012914913,0.093762115,0.01196028
1.2517877,0.0002763482,3.8770852,0.08155861,8.302924,1.4934113,39.535946,4.9575152e-05,8.241578,3.1254556,2.4678092,78.565834,1.3036697,0.019512545,0.0021768617,0.075189345,1.8363171,0.009446531,0.058308378,0.00810614
1.2590115,0.00024725008,4.972337,0.056728225,7.030097,1.6509577,32.7737,4.91021e-05,9.063907,3.8598268,1.2855867,90.966286,1.8890486,0.016721575,0.0022054682,0.100632705,2.2169526,0.009230099,0.0650018,0.007709664
1.170815,0.00023283382,5.0638175,0.06736193,6.539437,2.062938,27.685467,5.4348195e-05,9.065095,4.4977,2.4990265,103.61773,1.974497,0.020650975,0.0020040479,0.114357196,2.3669233,0.009062233,0.07323023,0.008413335
1.184758,0.00031827035,6.271502,0.09565796,7.368892,1.890696,30.91808,6.357252e-05,11.775418,4.0737095,1.7139701,128.062,1.9294634,0.02115806,0.0023203033,0.120071664,2.6760917,0.011620095,0.07100278,0.00918522
1.20929,0.00027406137,5.1595764,0.07281752,7.1512685,1.6233833,32.91405,5.3121217e-05,8.798387,3.585949,2.6162982,98.785446,1.6824257,0.01956239,0.002415068,0.086691774,2.4123173,0.009107297,0.06002194,0.008057081
1.2501863,0.00029363425,5.574137,0.065857835,7.4251757,1.6806872,40.249557,5.2261996e-05,10.266608,3.7953558,1.5014713,109.85151,1.7801193,0.018379854,0.0021626365,0.10274675,2.2785113,0.009713181,0.0707207,0.008597377
1.193951,0.0003072117,4.911851,0.083744295,7.216834,1.5058502,35.295578,5.1993185e-05,8.472517,3.3440356,1.4977372,97.88909,1.5995805,0.02043858,0.002465342,0.08424945,1.991534,0.009400558,0.06500324,0.007983769
1.2641693,0.00038584304,10.121851,0.11267089,8.566056,2.3974621,40.645126,7.444365e-05,24.810102,4.8654447,0.97485787,218.03807,2.1022904,0.026322095,0.0024905058,0.304185,3.0837002,0.013560782,0.10961808,0.012177826
1.2528305,0.00032138848,6.335272,0.0703828,7.9299417,1.8406833,38.416748,5.8602993e-05,12.944796,4.119613,1.8044158,120.75923,1.92797,0.021152051,0.0021947029,0.118885584,2.5629795,0.010595211,0.07385682,0.008826498
1.1113915,0.0002518707,3.6821945,0.060570933,6.114596,1.231346,25.025642,4.6040073e-05,7.1970525,2.3199883,1.0970982,72.080574,1.033431,0.018738667,0.0014364278,0.06963274,1.5382627,0.008507992,0.06687937,0.0077199736
1.2445955,0.00025365816,4.7011104,0.076308124,7.3222213,1.6560953,30.548645,5.2260235e-05,12.45664,3.0498257,2.068183,89.83258,1.3143373,0.016330222,0.0017105691,0.10843717,1.9716691,0.01156889,0.07264465,0.009144644
1.3258623,0.0003399808,6.1661973,0.09790116,8.919945,1.7460088,43.68798,7.19358e-05,13.824675,3.8877828,3.2071881,120.42333,2.2931647,0.024436058,0.002967893,0.16150358,3.104695,0.010982143,0.058170512,0.011924824
1.2302395,0.0003597256,5.615753,0.09776781,8.003138,1.648843,30.88842,6.011519e-05,15.103924,3.4735687,3.062993,105.28777,1.7305362,0.027492072,0.0028326241,0.13564716,2.8088913,0.0112928245,0.043525603,0.0116488375
1.2408469,0.0003560965,6.138667,0.1057508,7.7540154,1.7044116,33.98181,6.23407e-05,13.839305,3.7367592,3.0739315,111.61714,2.016274,0.024740072,0.0029896179,0.13383469,2.92772,0.009526278,0.05277843,0.009674216
1.2457649,0.00026236702,4.405776,0.06330486,8.947759,1.8979589,45.556942,5.4925145e-05,9.890738,4.068231,2.4975076,84.228065,1.5496503,0.01878691,0.0021117537,0.11575497,1.9667258,0.011285488,0.08268947,0.008993727
1.0716516,0.00031964513,7.199624,0.11105561,8.359875,2.4328914,37.082054,6.2025385e-05,18.073748,5.1113377,3.2098074,146.4205,2.3391204,0.026172353,0.0020773148,0.14038205,3.1485684,0.014614972,0.09858686,0.010863405
1.2792493,0.00028072638,6.459346,0.074833825,7.8436513,1.7435216,38.551704,5.7476504e-05,12.820287,3.5780418,1.5316666,126.17623,1.7112689,0.020600772,0.0019512164,0.11856138,2.4261005,0.010938583,0.06850237,0.008706455
1.1309478,0.00026944806,3.606257,0.06734267,6.2923617,1.2103037,26.076872,4.6239897e-05,6.560573,2.236795,1.1416223,69.497444,0.94830596,0.021394204,0.0014841496,0.06467813,1.4321272,0.008185181,0.07177976,0.007969998
1.1684273,0.0002759197,3.3930168,0.020617697,6.97494,1.1203161,29.791424,4.7833495e-05,10.109804,1.8522708,3.067351,63.206207,0.39383915,0.014079762,0.0009703218,0.1632666,1.3485949,0.013145809,0.059842605,0.008007136
1.1897261,0.0002936346,3.4654162,0.030496692,6.869399,1.1295414,30.158545,5.0675008e-05,11.263262,1.7392458,3.1305196,64.426636,0.33308345,0.014760489,0.0010279656,0.17101443,1.4087638,0.013809655,0.063759655,0.008130455
1.1361327,0.00030018672,3.6735215,0.046366334,7.4900327,1.2318667,31.959408,5.572731e-05,13.6972065,1.932911,3.1529942,68.16519,0.5151203,0.01828834,0.0009244223,0.22558768,1.5920413,0.019459145,0.11318621,0.010499434
1.1739789,0.0002819567,3.4154315,0.027242178,7.0584116,1.1547508,31.99742,5.389527e-05,11.634785,1.7099164,3.2850697,63.381332,0.34195912,0.016394427,0.0009930093,0.19573383,1.4414787,0.015381869,0.06886928,0.008541663
1.2769768,0.00032471574,4.2982163,0.037814762,8.805496,1.3646946,49.44325,6.947084e-05,11.643063,2.3864474,3.327522,89.46102,0.90470636,0.01990753,0.0015509187,0.21262215,1.827811,0.017775558,0.09848667,0.012420789
1.238503,0.00036268716,4.776406,0.072819844,9.824922,1.6772319,49.934242,7.298728e-05,10.778152,2.9763618,3.408962,92.07633,1.180923,0.019499475,0.001963938,0.20614307,1.8608158,0.0111356685,0.09733033,0.01115905
1.1962323,0.0003743858,4.7687902,0.075700335,8.575694,1.6101269,43.7279,7.477428e-05,10.362031,2.8943849,3.0489645,96.137344,1.1003824,0.01934752,0.0018689546,0.22985289,1.8609779,0.008846887,0.11055876,0.010664768
1.2626425,0.0003411635,4.631501,0.0734372,9.553722,1.5508102,44.4112,6.6049346e-05,11.414472,3.034212,2.761918,95.11657,1.4377238,0.02113619,0.0022354277,0.21907379,2.0989294,0.013776726,0.060540456,0.010671813
1.3023428,0.00032519927,4.097582,0.11448241,10.085816,1.4959137,52.20425,6.955506e-05,11.095982,3.0118217,3.3419743,88.87801,1.1463056,0.02277011,0.002018718,0.21251489,2.0299938,0.015399647,0.06539616,0.010842727
1.3583236,0.00034797087,4.596792,0.034660123,10.57006,1.750366,52.33597,7.439627e-05,11.894528,3.767952,3.3142414,97.00667,1.8617195,0.017310228,0.0021602977,0.25321817,2.3600461,0.016612152,0.069453426,0.012148477
1.2410967,0.00033529455,5.022165,0.06841902,8.957059,1.5510576,39.178074,5.5207736e-05,13.856628,2.8302908,2.5422554,100.18269,1.2389282,0.020257637,0.0015954307,0.18681188,2.3338242,0.013848984,0.03911766,0.01097672
1.235565,0.00034808792,4.4416847,0.110382244,7.9568877,1.498014,38.164013,5.5371198e-05,10.957358,2.820615,2.8644865,88.107185,1.0322657,0.018868037,0.001892407,0.16026714,1.9708273,0.0146115795,0.056506034,0.0103078
1.2927208,0.00036417705,4.194246,0.15567395,8.987016,1.5420344,46.61142,5.8709553e-05,11.407747,3.0489085,2.9277296,87.05165,1.0953805,0.02507528,0.00211647,0.16587532,1.722617,0.015736049,0.07571358,0.01146047
1.3342566,0.00033851256,4.8030653,0.07730845,9.570591,1.6925708,45.71167,6.717688e-05,12.330184,3.6597066,2.5220652,95.59497,1.5734352,0.02270774,0.0021088356,0.21509267,2.116506,0.016095292,0.06597287,0.011118817
1.1868795,0.00025648985,3.5674772,0.091636494,7.7331905,1.3773433,35.52007,4.5587425e-05,10.371798,2.3968759,3.0228894,79.08048,0.8612557,0.020451179,0.0015921145,0.073905624,1.8890773,0.009720043,0.043687813,0.0068935435
1.2896777,0.00037273625,6.1857977,0.073530905,10.177809,1.9966288,47.626564,7.0331065e-05,13.229173,4.2313986,2.8116453,131.76135,2.53158,0.020807303,0.0023198614,0.30275145,2.923697,0.024500918,0.07816877,0.0135027375
1.2137444,0.00019538934,3.3576665,0.057414178,6.601359,1.3766733,27.42518,4.252311e-05,10.471534,3.0577803,3.2810419,65.5315,1.602489,0.01243024,0.0015565015,0.13005382,1.7860333,0.009371313,0.062472343,0.0065769395
1.2146249,0.00018908549,3.024181,0.07077524,6.4969883,1.3209713,24.988543,4.381382e-05,11.363629,2.8749273,3.9719567,58.08071,1.5908073,0.013091301,0.0017028536,0.1237226,1.7054029,0.010035209,0.06585678,0.007105019
1.1261994,0.000118697084,2.9749787,0.0507687,5.2610993,1.413204,18.591717,4.1453728e-05,7.6588464,2.5790381,2.990602,62.802795,0.9398893,0.015408714,0.00094641605,0.116447106,1.2851931,0.008824542,0.08585906,0.008552959
1.4228063,0.00019191657,2.6801107,0.07325767,7.0451818,1.2027757,31.532282,4.8360384e-05,10.406367,2.2617335,4.938787,53.554287,0.802176,0.01495061,0.0010705348,0.15417849,1.25451,0.013666257,0.09718312,0.010548189
1.1196979,0.00015722177,2.569264,0.056826185,6.342466,1.3257042,21.95528,4.3279277e-05,12.529376,2.5617235,4.3942866,47.90586,0.9408691,0.012331382,0.0010293178,0.10811166,1.0903459,0.010854951,0.094292976,0.009383198
1.0828279,0.00022314278,3.3350682,0.06720891,5.1092677,1.5025699,18.598982,4.381163e-05,6.627956,3.129898,4.0637846,63.261826,1.272168,0.016149174,0.001254894,0.12281185,1.4384674,0.00966298,0.077873595,0.00737736
1.1776285,0.00019203131,3.1522355,0.07086174,6.029281,1.4458694,22.078007,4.1841766e-05,8.193738,2.9814532,4.817571,56.042004,1.3646827,0.014092041,0.0015952502,0.121982336,1.6586052,0.011073262,0.0739613,0.008542183
1.1711695,0.00011443826,2.2658722,0.048790053,8.112328,1.0467263,25.78187,3.611837e-05,10.769394,1.7620223,4.6514554,41.962177,0.7088824,0.010195291,0.00095870503,0.10184689,1.0131959,0.010974818,0.100884326,0.009022312
1.1261922,0.000115825205,2.362476,0.039117415,6.9843144,1.2660471,27.184145,4.1528077e-05,9.936831,2.017129,3.235983,45.698177,0.65763223,0.013620208,0.000768006,0.11460802,0.8967776,0.010536562,0.13746232,0.00915328
1.2687988,0.00031451142,3.9138937,0.0704302,6.5562873,1.3407125,25.038292,5.4579265e-05,13.858193,2.7344763,3.4052176,73.42638,1.4478614,0.018360842,0.0014999689,0.13833818,1.9864198,0.01037571,0.08234804,0.008105298
1.0804706,0.00017279972,2.4277725,0.052960176,7.915876,1.1501435,25.397633,4.057071e-05,8.180844,2.2772126,2.6656945,49.654606,0.98172385,0.013964871,0.0012084091,0.116104625,1.1079508,0.009327381,0.08718791,0.007677906
1.2791854,0.00011857413,2.4136715,0.06205791,6.858345,1.2614948,26.498785,3.6770143e-05,9.646117,2.1450624,5.1794953,46.46616,0.85162985,0.011488828,0.00100099,0.11839967,1.0067916,0.0140232295,0.123732165,0.011637458
1.1443841,0.0002665757,5.3084626,0.076636486,6.6746387,1.4679471,28.408482,5.5851157e-05,12.241152,2.9916618,2.5483475,91.8502,1.2581036,0.01993495,0.0011434921,0.14735958,2.2277658,0.012836347,0.10795303,0.010333756
1.2596536,0.000260698,2.698862,0.11019222,8.713058,1.1332772,25.662437,5.1054725e-05,12.597715,1.5380402,1.0680137,54.183376,0.66761845,0.020161485,0.0014481357,0.12039391,1.4582994,0.013047333,0.08849732,0.012182284
1.1192256,0.00017000303,2.7877493,0.058514968,6.1586504,1.2173644,23.467905,4.3117372e-05,7.7544556,2.1169636,2.7828758,50.701828,0.816528,0.016169544,0.0007695196,0.10829204,1.1803842,0.010665241,0.0943916,0.00882363
1.2480718,0.00021899585,2.2067156,0.09444761,7.2221303,1.0772724,26.262905,4.3558975e-05,14.582032,1.5722331,0.78753376,47.71631,0.5766381,0.016568517,0.0010613173,0.097403266,1.2601566,0.013584816,0.093515106,0.011604049
1.2635196,0.00019946572,2.2193086,0.0824228,6.6122737,1.0718389,25.938507,4.0919324e-05,11.104034,1.5322167,0.47759685,46.79956,0.5068611,0.016722418,0.00081317226,0.091054045,1.0506014,0.011934367,0.09808098,0.010581243
1.2926488,0.00023748737,2.4592338,0.10064739,8.674781,1.135682,25.848692,4.7879905e-05,15.103607,1.605328,1.0294499,50.076954,0.72153556,0.017550373,0.0013445265,0.11320815,1.4265673,0.013866151,0.090321526,0.011396845
1.2358005,0.00018976253,2.9336717,0.09050535,8.829992,1.3037887,34.53306,4.7402515e-05,14.165203,2.1806474,2.438897,65.25488,1.0272224,0.015741441,0.00096377207,0.11525092,1.1901069,0.0115063405,0.13174066,0.011920294
1.2168022,0.00023947051,3.9856281,0.09722065,8.64523,1.6284713,35.32428,5.394303e-05,18.62338,3.718756,3.685888,80.79983,1.9200699,0.018924985,0.0019826458,0.14569171,1.9861152,0.016580896,0.11662496,0.012184872
1.2575297,0.0002712053,4.9145803,0.096302666,6.6178207,1.4146118,31.953163,5.4518205e-05,12.352264,3.0071182,2.4157083,89.208275,1.259226,0.020225408,0.0010392603,0.1469922,2.0272694,0.014951063,0.11010715,0.011184925
1.0633068,0.00017722219,2.2635953,0.06270108,6.345066,0.99248374,20.3615,4.2196905e-05,15.963455,1.844983,2.716675,47.088367,0.95939314,0.011054945,0.001029637,0.08891586,1.242348,0.009913714,0.06690434,0.00639893
1.3129082,0.00017135192,1.8392644,0.084333055,8.0255375,0.9440597,31.405838,4.136728e-05,14.761063,1.0682454,0.43094796,43.372253,0.40753862,0.01654285,0.00071705476,0.1092664,0.88933116,0.012790203,0.10248585,0.011221656
1.3204248,0.00034391574,5.5947256,0.10920079,10.631819,2.0341578,35.966125,7.404548e-05,19.132898,3.9583488,2.1812189,92.73499,2.2803674,0.019203098,0.0025917303,0.22191262,3.4691837,0.019994268,0.12825151,0.0152763445
1.299913,0.00020626084,1.9970958,0.08490052,7.4443736,1.0384642,27.54303,4.128523e-05,13.876294,1.3144634,0.89373636,45.027916,0.48767644,0.015878694,0.0008884912,0.093853146,1.0971836,0.012465585,0.09208418,0.009981434
1.2371808,0.00022629659,2.414855,0.074703276,7.1935625,1.2283372,25.293837,4.254849e-05,12.117911,1.924852,1.6068082,48.800854,0.73087686,0.015618252,0.0010167353,0.09476089,1.3638604,0.012726637,0.09881366,0.010142578
1.2856308,0.00019887593,2.1118493,0.08469342,7.023107,1.0167773,27.785105,3.9472485e-05,12.400958,1.4525325,0.62223935,46.11461,0.49634844,0.016330697,0.00080554315,0.094531894,1.0887649,0.012032681,0.094857916,0.010197779
1.164093,0.00024408253,3.2784684,0.089784876,6.3257117,1.406702,23.592691,4.8964583e-05,9.042903,3.0881402,2.9675694,61.740585,1.1435108,0.014373717,0.0011750775,0.11140084,1.5090731,0.012210113,0.092678346,0.010931599
1.1444517,0.00022145257,2.8890557,0.0825446,6.8498025,1.2587366,28.276226,4.7747188e-05,11.970109,2.3026397,2.8006938,53.473167,0.83805007,0.015933858,0.0008684321,0.11459105,1.2848271,0.012318438,0.10416879,0.010263438
1.2394584,0.0001883194,2.4037085,0.077591114,8.731317,1.1260853,28.727829,4.347143e-05,15.448429,1.76736,1.5948104,48.893974,0.66084796,0.016754976,0.0009688872,0.102076404,1.2477032,0.013220522,0.102293834,0.011158322
1.3131915,0.00028966705,3.3371215,0.101905495,8.512649,1.395783,33.500114,5.5616874e-05,12.107777,1.9821115,1.2031912,63.39679,0.81422997,0.021907095,0.0015863436,0.14007638,1.3625346,0.010850653,0.1012905,0.0108290715
1.1473007,0.00020873084,3.4681997,0.061799213,6.0323324,1.3925967,27.000399,4.5399986e-05,8.869876,2.9383564,2.568649,65.1942,1.408895,0.011158101,0.0014629444,0.12010697,1.9475425,0.008315029,0.059090614,0.005995629
1.2899178,0.0001967409,3.106103,0.062423553,6.7592907,1.1512846,25.89055,5.090996e-05,13.700611,2.224406,2.088595,65.344,1.0364838,0.013046527,0.001255858,0.12602529,1.6092837,0.011017162,0.07392563,0.008076917
1.2377794,0.00020212239,3.421441,0.079053216,7.931501,1.2765849,29.211475,5.437841e-05,13.035084,2.6921992,3.7441418,57.036217,1.1289018,0.018157348,0.0017721539,0.13991947,1.6223694,0.0136443805,0.12823012,0.013852397
1.3158147,0.00024167403,3.518017,0.06802159,7.53028,1.6011616,27.244753,5.4991633e-05,15.056768,3.0742862,2.7735593,56.255016,1.1116053,0.0126279,0.0020075312,0.15726158,1.9957786,0.0118807275,0.09802374,0.010593273
1.2877864,0.00021848528,3.702653,0.10607235,8.457946,1.8162966,35.636955,5.1283976e-05,12.333645,3.4165893,3.1191025,64.54574,1.5046726,0.018007115,0.0015210764,0.16739161,1.5445613,0.01631031,0.1168143,0.013364577
0.9975135,0.00034681289,6.3675623,0.088424586,7.350462,1.9041669,31.780605,5.9967475e-05,6.8560953,3.617588,1.8268564,134.5155,1.5620238,0.029203873,0.0018857564,0.20083635,2.564335,0.015682938,0.10588392,0.011573909
1.2831353,0.00023096625,3.8531513,0.098704726,7.589615,1.4276745,31.900908,4.7278834e-05,11.82439,3.0348067,4.4927926,70.928665,1.7544843,0.015042578,0.002215558,0.15149397,2.1582358,0.012423933,0.09996434,0.010991481
1.1939046,0.00026447335,5.34934,0.09783676,7.625095,2.1592846,30.316603,5.8124697e-05,11.068535,4.200276,4.61217,95.801346,2.1880205,0.022054784,0.0027158777,0.13857117,2.7924924,0.012254509,0.07434127,0.010841257
1.2675513,0.0002521766,4.0602574,0.0746318,7.5233417,1.4547117,33.2539,5.3045183e-05,12.604387,2.9565008,3.17114,73.44904,1.6501613,0.013326691,0.0014922604,0.17502162,1.9944392,0.014053329,0.08422871,0.011095765
1.2367033,0.00021114152,2.7670603,0.08391684,7.1803064,1.2461971,31.51658,3.9899853e-05,9.604982,2.0450752,1.7012917,54.63706,0.7506787,0.021046307,0.00096830376,0.09395114,0.9643897,0.009748084,0.10463029,0.01109004
1.3665111,0.00030033535,4.1529074,0.09286753,8.414415,1.2663541,41.888077,5.0930015e-05,12.240812,2.749493,2.698849,80.74736,1.785355,0.015343769,0.0014138315,0.20463,2.0895624,0.013499768,0.07090621,0.0112224845
1.3092058,0.00019319287,3.290891,0.08714894,8.617239,1.3934183,31.132463,4.5009474e-05,14.399919,2.6046276,2.693871,59.9822,1.2291971,0.020138582,0.0014671885,0.18167709,1.3533655,0.015798109,0.11719595,0.015441774
1.196975,0.00029660156,3.6447852,0.09828652,8.560036,1.4353286,28.995722,5.626993e-05,8.925965,3.3479145,2.5749884,64.49128,1.5897427,0.019612366,0.0023976206,0.13352643,1.9037828,0.011524029,0.048028838,0.010334265
1.2235018,0.0003115812,5.060051,0.07881472,8.334287,1.7790753,30.511927,6.240803e-05,21.710085,3.416306,3.414486,96.5641,1.8916479,0.020055039,0.0024511805,0.14101756,2.8835938,0.010535337,0.07043855,0.008031104
1.2466375,0.00021032138,3.5680041,0.055900175,7.423028,1.5059144,30.855616,4.7097627e-05,7.4108505,3.553256,2.0706477,67.61437,1.4227712,0.014928996,0.0013456607,0.09395548,1.546647,0.010954497,0.076316506,0.00839218
1.2118158,0.00019999621,3.8418064,0.071426064,7.207321,1.0552034,35.784534,3.888547e-05,7.760712,2.6930485,2.7751281,72.141426,2.065456,0.014438203,0.0022325881,0.14588189,1.7584257,0.01065005,0.06856764,0.011026907
1.2561754,0.00017059185,3.5776463,0.05142604,5.4605007,0.788399,28.703127,3.806329e-05,9.073159,2.2942066,3.490894,69.59755,1.1944374,0.016207721,0.0023001134,0.1194899,1.7021812,0.0075595225,0.060448118,0.008338281
1.2826397,0.00026052666,4.3567967,0.07746586,8.662793,1.384228,44.91434,5.0336803e-05,9.121479,4.0314984,2.9040973,78.796455,2.9807458,0.017375236,0.0033892458,0.17787373,2.0973868,0.009179143,0.04938376,0.011704985
1.274021,0.000534322,12.854246,0.14373629,11.027723,3.533072,41.342155,9.3910334e-05,30.93345,11.179767,2.8635185,225.01154,6.7181363,0.027874291,0.006071608,0.30778447,4.9411736,0.021308023,0.13013998,0.02476994
1.2665526,0.00031257918,4.727566,0.10081563,8.397608,1.5752364,43.083534,5.10771e-05,10.196651,3.751746,2.6560497,92.856125,2.4637623,0.018292181,0.0023959512,0.18137787,1.833181,0.012810295,0.09375015,0.012985202
1.3095186,0.0003710087,6.6752915,0.10621464,9.80905,1.8912088,38.3625,6.4935986e-05,19.076641,4.962669,2.5473983,130.20242,2.7039542,0.021919273,0.0034825692,0.23335247,2.463703,0.016238507,0.11370097,0.016043175
1.1715322,0.00033130485,5.0428452,0.077807896,7.9524813,1.3232739,39.346817,4.7898182e-05,11.81444,3.0352225,2.9288828,99.800446,1.502271,0.021407247,0.0018761584,0.1747979,2.211979,0.010221728,0.0726199,0.008607729
1.2574099,0.00030832185,3.9174566,0.08850312,8.735524,1.0751339,46.148342,5.9509894e-05,8.867494,2.487068,3.2687721,74.57339,1.2431991,0.02441047,0.002713084,0.18237908,2.2536275,0.008896615,0.057651524,0.009926989
1.2528282,0.0004316785,5.4643273,0.026934875,10.4817,2.498655,58.827774,8.709163e-05,9.2169895,5.0882516,3.1130514,103.217445,2.5634272,0.017388597,0.0022924743,0.2848106,2.2421277,0.009380608,0.11763644,0.011712339
1.2909309,0.00039464948,4.5635867,0.054577257,11.352162,1.6454766,65.15211,7.5928336e-05,11.929758,3.253466,2.8486776,87.13388,1.6590767,0.015135238,0.0019181322,0.24734925,1.9288632,0.009794106,0.10367377,0.01119434
1.3190358,0.0002871779,4.4792047,0.09821248,9.374749,1.0512817,48.239265,6.423599e-05,8.866623,2.7562888,3.2409785,90.907684,1.3823195,0.03194856,0.0034976022,0.2332862,2.4754486,0.009444538,0.03504807,0.011309555
1.2092549,0.00039031418,4.3339224,0.12733614,7.782631,1.7951643,38.413948,6.606813e-05,10.803537,3.8758988,2.9272022,85.07605,2.138235,0.022265166,0.0025773079,0.17402378,2.2321742,0.004991042,0.07923944,0.0074063344
1.2681353,0.0003384685,4.8395543,0.029328449,8.91798,1.6703728,46.87294,6.6760054e-05,8.479475,3.58668,3.159037,88.08356,1.709656,0.01892097,0.0023486875,0.21440554,2.1283543,0.0077480623,0.073452294,0.009193553
1.1756608,0.00039639173,3.675717,0.13936596,8.927727,1.4743081,47.75717,5.5574263e-05,12.280569,2.9451902,3.4188762,73.50576,1.3521255,0.022470566,0.0020525735,0.15936694,1.6204557,0.003927765,0.064629875,0.006222627
1.2543812,0.00028750504,4.9704494,0.02280068,9.427578,1.6578069,50.74203,5.909349e-05,8.574493,3.3529644,2.8861585,97.32707,1.8253592,0.01903983,0.002665265,0.22026463,2.2840912,0.009225367,0.07164405,0.010365823
1.3107479,0.00033693132,4.6626997,0.06345846,9.522097,1.7402177,53.929165,6.6549255e-05,11.274637,3.4147992,3.0501564,88.48509,1.8053284,0.015314249,0.0019205863,0.20547397,1.6211917,0.012222396,0.09191231,0.01054698
1.2492787,0.0003622881,4.8880854,0.06710215,9.344608,1.0674388,48.09331,7.255109e-05,8.647737,2.071302,3.210751,99.64201,0.87699366,0.027532283,0.0024900148,0.20664161,2.924857,0.007743868,0.050317876,0.009437676
1.2873644,0.00028303463,4.8191943,0.03731236,10.404728,1.7867641,55.835556,6.210927e-05,9.681708,3.9646842,2.744624,90.30199,2.1998131,0.015520679,0.0033563739,0.21870925,2.1574013,0.010623574,0.0642754,0.012691108
1.2486411,0.0003485989,3.5820234,0.10935103,8.951503,1.2669779,47.146973,5.5064607e-05,10.571833,2.7431219,3.5019445,72.758286,1.5046273,0.021718202,0.0018550453,0.17989792,1.4018399,0.007956277,0.07466368,0.008887017
1.2678411,0.000293024,3.6667538,0.13122332,9.545071,0.8439483,52.435074,5.6931854e-05,11.593394,1.6935743,3.3108418,67.730934,0.7620082,0.022729376,0.0016811894,0.16290589,1.8489122,0.0059694145,0.051626123,0.010072641
1.2924355,0.0003887968,4.442883,0.059411023,10.38832,1.737074,56.547096,7.222098e-05,10.011999,3.7508404,2.875304,85.816864,2.0391057,0.018599741,0.002138747,0.2313613,1.9356885,0.009676918,0.09026945,0.010834469
1.2422332,0.0003193089,5.070553,0.037309084,9.846255,1.9406911,52.280815,6.916682e-05,10.107904,4.025484,3.451298,95.701256,2.1708694,0.02169588,0.0025172592,0.22554904,2.2057292,0.01230087,0.07893758,0.011037451
1.3103824,0.0003044863,4.3090887,0.07573261,9.784522,1.4608464,51.925503,7.053407e-05,11.0615635,3.3287752,2.797139,86.296265,1.4331421,0.019632583,0.0021674144,0.2240011,1.8231502,0.01095226,0.08564512,0.011454096
1.2642672,0.00035858713,4.773206,0.06762955,10.686484,1.744858,53.82824,7.23642e-05,9.160966,4.2220807,3.3668547,92.45955,2.1201205,0.02038377,0.002424623,0.24791679,2.09665,0.011909471,0.0918116,0.012354568
1.2529763,0.0004476183,7.4956107,0.09469149,10.362357,2.3762045,48.0484,7.931783e-05,15.364451,6.1643414,3.096692,134.49905,4.011939,0.027437821,0.0046268106,0.21770068,4.160343,0.010817227,0.086954035,0.012600661
1.1595405,0.00046934964,14.120582,0.12593979,10.262219,4.6628156,39.258003,0.00010477102,26.309355,11.261064,3.4265034,256.3382,6.338419,0.028497161,0.004030758,0.26516488,5.576223,0.0174597,0.13416313,0.01598552
1.2244772,0.00063585123,11.5041485,0.121049754,13.787891,5.1064277,45.651295,9.211819e-05,31.559206,12.671261,2.8689792,214.90489,6.1040764,0.03945242,0.004751911,0.286833,5.8505116,0.01732917,0.110617064,0.010193365
1.263155,0.00038810415,4.125563,0.12925687,8.766996,1.2152586,42.308456,6.560239e-05,8.487122,2.5810404,2.99925,84.672874,1.1784337,0.022090347,0.0019073195,0.18484543,1.6188132,0.01171548,0.09807302,0.012067932
1.2424302,0.0005561462,10.916767,0.113974735,9.866939,4.235891,45.045944,8.05769e-05,15.535002,10.6835375,3.5809906,185.56546,6.2300205,0.024832826,0.0058987564,0.24896528,4.661687,0.014493929,0.113234475,0.016114876
1.2055057,0.00050502596,5.9635267,0.21216613,8.738188,2.2466903,40.328953,8.3722894e-05,14.970301,4.725406,3.0148783,109.65314,2.89037,0.045350984,0.002851287,0.21179888,1.6941144,0.016235465,0.1553949,0.02223106
1.2548914,0.0005410551,11.866667,0.18449211,11.9542675,4.14118,49.386864,9.81609e-05,21.749773,11.191625,3.0091867,202.24593,5.8010554,0.02966049,0.006677715,0.3185851,5.016057,0.020074515,0.11306392,0.014693271
1.2428156,0.00057416974,9.811454,0.045593277,12.769677,4.4613953,66.74664,0.00011300914,14.382021,9.352189,3.0954885,188.83247,4.753909,0.03274255,0.0039993767,0.3077721,4.189624,0.009581472,0.15061373,0.013124792
1.2262747,0.0004771443,8.952345,0.054829013,10.761711,3.5798023,53.978664,9.466784e-05,12.969914,8.60582,3.5369027,172.67953,5.517308,0.025774868,0.0059524206,0.28283572,4.556823,0.0048006657,0.10371688,0.01199854
1.1917801,0.0005366992,6.5726495,0.18058492,6.9552655,1.9572064,28.483181,8.9095265e-05,13.98293,2.2561948,2.966784,127.21313,2.0314906,0.067709796,0.002380231,0.23522198,1.7476319,0.018640682,0.18420057,0.025048992
1.3521117,0.0005345006,9.9072,0.16363655,13.089902,4.501491,73.27956,0.00011352217,16.6241,10.825963,3.84337,193.98346,5.7122784,0.030119274,0.0046672504,0.33501083,3.295135,0.0223152,0.18496257,0.021824105
1.2368553,0.00032568493,5.9697,0.05481363,8.023915,1.9682215,37.177666,6.812912e-05,7.076214,4.480073,3.3369503,107.35714,2.5689251,0.02324138,0.003962262,0.18157157,2.8223634,0.0053948467,0.040348656,0.007751014
1.2234365,0.00038107115,6.7577667,0.07898127,8.663602,2.3995345,42.97391,6.793921e-05,8.477283,5.087916,2.6013083,128.33429,2.907023,0.02291322,0.0040225103,0.19431727,3.0724127,0.0075159837,0.060961742,0.009414258
1.260834,0.0003760169,5.2703476,0.09823892,8.84013,1.6316504,42.32161,5.192894e-05,5.6440926,3.9680245,3.5220537,96.32397,2.2693727,0.020783244,0.004551585,0.16244756,2.3756235,0.008445926,0.05461854,0.0123452265
1.1018395,0.00020193467,4.5723224,0.069247544,6.4255085,2.0992568,26.183723,5.274576e-05,9.123098,4.6594014,2.9365647,88.79449,1.8542897,0.021484928,0.0019532554,0.13037644,1.9992673,0.008768125,0.086287625,0.010325998
1.239573,0.00047025678,6.61267,0.12289008,10.63616,2.0021162,39.78081,8.954552e-05,16.242815,4.0643425,2.9861493,121.47983,2.2698781,0.032322824,0.0025926714,0.20866457,3.4202518,0.01206625,0.090225115,0.0074812826
1.1995914,0.00033053706,5.5783944,0.10646005,8.27554,1.4687569,41.771664,6.2704916e-05,11.159257,4.2018213,3.9190366,104.98188,3.054057,0.022018312,0.003540124,0.20044215,2.864078,0.009518011,0.06347327,0.009029767
1.2878412,0.00060481136,12.782848,0.13379322,10.384742,3.7012362,33.266624,8.335549e-05,23.277472,9.748756,2.347485,217.714,5.3852015,0.02226756,0.0053177993,0.3140587,5.861475,0.019223113,0.085358635,0.01889096
1.1540807,0.00047839415,5.5320992,0.24057654,7.304604,1.5737532,32.25699,7.623507e-05,15.839413,2.1133661,3.2995775,108.901505,2.5169473,0.057905562,0.0019255469,0.20457025,1.7970325,0.019413615,0.17323323,0.028111005
1.131126,0.00041671866,5.5846386,0.18360624,6.751913,1.6059753,28.927187,7.111495e-05,15.8055105,2.4744165,3.316287,110.52203,2.2590876,0.05031291,0.0019323037,0.20622541,1.7985379,0.020711232,0.17926928,0.02974234
1.2211282,0.0007438254,9.089487,0.26494202,8.418584,2.84559,37.719215,0.00011135304,16.38159,5.1668406,3.099651,181.79094,3.0667455,0.045603786,0.0025055048,0.26978487,2.9577231,0.02481079,0.18155222,0.021772185
1.1889497,0.0004754995,7.048752,0.12285442,9.200089,2.339398,43.199577,8.8254594e-05,11.885238,4.6328588,3.275194,130.63039,3.6797695,0.023478884,0.004897045,0.22857234,3.3135827,0.010686582,0.12613253,0.01557258
1.2247137,0.0004885731,5.663359,0.19095023,7.738008,1.7213005,33.627487,8.416985e-05,13.351005,2.2040586,3.2371309,107.2142,2.5630963,0.050272763,0.00403989,0.2492809,2.311217,0.015274998,0.16321413,0.018286735
1.2538011,0.00034693026,4.292966,0.09339793,7.04009,1.506772,35.206852,6.294529e-05,9.2162695,2.979166,2.6437166,83.49448,1.6337245,0.021385435,0.0016590708,0.18563375,2.204748,0.008877256,0.05719054,0.006715121
1.2809466,0.00044902766,6.3052726,0.052780982,8.142263,2.094569,33.41475,7.761998e-05,11.103373,3.8418336,3.228693,126.1971,2.1903443,0.020316802,0.0025077763,0.2780647,2.6649544,0.011245405,0.068419024,0.007571045
1.1585091,0.0002886115,3.8437016,0.07490212,6.913871,1.3189319,30.793367,5.2442927e-05,5.5136085,2.9344895,3.1211197,75.36096,1.5848,0.017488627,0.0020009389,0.14648591,1.8346535,0.0069490033,0.035939697,0.0063137203
1.2750707,0.00037851132,9.456087,0.06599731,12.868755,3.1206563,36.963108,9.871044e-05,26.853027,7.24204,2.802273,172.9482,4.1771703,0.024175106,0.004275902,0.2908544,4.8055844,0.012585715,0.09484764,0.0106899
1.3003229,0.0004618417,16.717274,0.16764145,14.282493,6.421614,37.15936,0.00011682101,35.898552,15.259384,3.4066944,303.5622,8.440026,0.015237427,0.0073400494,0.40787965,7.7184544,0.020952072,0.10504697,0.023623357
1.2441267,0.00037140693,3.2887087,0.115948506,7.915367,1.2882779,45.32761,5.6429682e-05,9.085222,2.5744808,2.8303387,68.393486,1.1823815,0.025323154,0.0010882416,0.1673674,1.4333364,0.010368394,0.07076323,0.0080328565
1.2703756,0.0004155689,4.837795,0.13192749,6.929271,1.6290108,35.272858,6.817898e-05,9.113074,4.0601225,3.0326908,90.6846,2.354194,0.026499776,0.0023361638,0.17212252,2.6817856,0.0058319964,0.020644225,0.0064137536
1.2381986,0.00040426216,4.4755626,0.09032938,9.233986,1.7318609,48.983334,7.481729e-05,9.576424,2.9927006,2.7849455,94.55562,1.5259857,0.019867126,0.0022587576,0.20741615,1.8113468,0.007907,0.07759734,0.008716078
1.1935188,0.0003121128,5.4164824,0.116702616,9.57053,1.8870686,38.614666,7.057491e-05,15.523369,3.35625,3.2415085,101.21444,2.1843002,0.028279124,0.0024390235,0.2477371,2.017101,0.0138032045,0.12528282,0.017279979
1.248547,0.0005383564,16.787632,0.13615377,15.434339,6.4300337,42.937447,0.00013670136,27.000286,14.3956785,3.7176857,306.58987,8.072114,0.027384242,0.0070259604,0.4202395,7.645889,0.028276013,0.1402794,0.02225542
1.2988638,0.0005667878,13.434154,0.13073811,13.244655,5.060878,40.351913,9.961442e-05,31.550707,12.883065,3.4256942,242.44652,7.752791,0.025137186,0.0054781167,0.3574568,4.0312843,0.03181741,0.10787128,0.032852422
1.2231487,0.00038499833,4.322352,0.03466241,8.908179,1.7508297,48.174763,7.123688e-05,9.262586,3.6254673,3.2673743,80.53127,1.9707079,0.01431002,0.0022326477,0.23156288,1.8612376,0.009609914,0.06789647,0.008585081
1.2747921,0.0002370085,3.132671,0.04286444,8.19611,1.0176845,45.479744,4.3401138e-05,7.6213827,2.0451372,3.3230093,63.09397,1.0056602,0.01608844,0.0015385686,0.14796141,1.4016149,0.005963063,0.044393145,0.006653302
1.2033601,0.00029479063,3.8238628,0.07276215,6.9041576,1.3173506,32.861057,5.796616e-05,10.152621,2.5031931,3.0788321,75.9525,1.2546977,0.019230502,0.0014261013,0.17145935,1.8032364,0.010467688,0.06607762,0.0076012705
1.2167448,0.0002465218,2.7150602,0.11619778,7.643558,1.1570574,39.00578,4.686385e-05,8.271169,2.1766965,3.4710042,60.723644,0.8838585,0.02640528,0.0013483013,0.12484625,1.0382903,0.008444756,0.06659058,0.006915024
1.2809999,0.00040409004,4.830373,0.044678103,8.049524,2.0559154,37.26503,6.979635e-05,10.228036,3.7306113,2.6344054,93.388725,1.7840722,0.019520214,0.0018263721,0.20454133,2.0766075,0.008054002,0.082507424,0.007368096
1.3297276,0.00030517278,4.1621513,0.04677481,9.094919,1.4807454,46.142265,6.668979e-05,8.565437,3.184558,3.0122902,79.745155,1.685887,0.016536344,0.0015228937,0.22136424,1.9780672,0.010969512,0.070441365,0.010400699
1.2259282,0.00041217695,3.9411972,0.10822875,7.8364997,1.1511506,35.719532,6.6939596e-05,10.917846,2.4357305,2.8989098,83.31338,1.1713854,0.022512227,0.0019331531,0.1707602,1.8496935,0.008065826,0.07800931,0.0041182484
1.2574701,0.00036164632,4.195052,0.05951226,6.72356,1.533424,35.977085,6.324852e-05,7.4778514,3.316301,2.7947512,84.87666,1.6763943,0.017868541,0.00184789,0.1813944,2.027459,0.006229165,0.037773833,0.006111628
1.2841926,0.00022576464,3.6281946,0.019070143,6.7648087,1.2073029,33.308018,4.2010295e-05,7.1622376,2.2420826,3.0355046,70.850685,1.0742084,0.0110188,0.0014638571,0.14974432,1.6186229,0.0061097927,0.046580687,0.005985543
1.2519492,0.0003058484,3.769826,0.06352477,8.872416,1.1613656,50.21512,5.7718822e-05,8.077289,2.4904256,3.0199566,71.73147,1.2746718,0.019704213,0.001457049,0.17580745,1.8761824,0.009542708,0.05626065,0.0078580165
1.2633518,0.0003943506,3.60244,0.14766935,7.6088443,1.5526129,37.11319,6.5610904e-05,8.926657,2.7996705,2.5495834,80.17454,1.1464136,0.029454228,0.001445263,0.17446093,1.1989204,0.011675077,0.095551476,0.009372551
1.2303188,0.0003780252,4.339341,0.086447604,7.579527,1.6265172,40.621086,6.637828e-05,9.905019,3.3124068,2.8753583,85.283424,1.7138684,0.022921588,0.0017887081,0.2025209,2.0211277,0.009269513,0.066911444,0.0072810235
1.1766497,0.00066270266,17.350937,0.20966534,9.377416,5.8762665,44.653996,0.00013483105,32.95148,14.667014,3.2610893,316.01108,7.1881647,0.037901685,0.005215349,0.3346727,8.146361,0.03016052,0.14596821,0.02272432
1.2108039,0.00020081345,3.7324567,0.04766518,7.1659713,2.0047247,34.320793,4.291228e-05,9.948637,3.3863807,2.7002594,87.66315,1.161157,0.01703124,0.00060007756,0.12389931,1.0322503,0.010036155,0.124946475,0.008151042
1.1381706,4.6894926e-05,3.9736125,0.07908448,6.0226936,2.2546945,25.852865,3.222795e-05,10.508769,4.7621436,3.2680974,86.942375,1.711816,0.017837912,0.0005261601,0.0911042,1.0692563,0.009261998,0.11653418,0.009475219
1.2340592,0.0005240924,4.3088727,0.18163823,8.560505,1.327563,42.97138,8.893071e-05,11.53636,2.4512174,2.8910697,90.15429,1.471929,0.033688065,0.0012381823,0.24902298,1.7816496,0.013906414,0.16397479,0.013717318
1.2173457,0.00014677015,3.2449038,0.004683518,6.3008804,2.099011,27.100752,3.7056823e-05,7.2397366,3.5703394,3.5502195,68.717766,1.1401517,0.008359737,0.0007684401,0.11388662,0.6609143,0.005925476,0.12562455,0.0068399305
1.1343306,0.0001771512,3.1941836,0.02995462,6.2543354,2.0987158,31.096357,2.9793235e-05,9.73489,4.1665993,2.8330104,67.43151,1.3865829,0.008955548,0.00065123517,0.08470065,0.8168621,0.0030250566,0.08253842,0.0023744993
1.2199599,0.00037186217,4.589849,0.07574828,7.456582,1.6130219,37.590813,6.768796e-05,10.027663,2.595342,2.8184366,89.32171,1.091901,0.02279207,0.0014510216,0.16978401,2.2418606,0.005962225,0.0669445,0.0054129306
1.0696341,0.000116460265,3.4046195,0.031178392,5.5487757,2.204464,21.562624,2.6072084e-05,11.444478,3.9605577,2.8491638,75.85812,1.1269065,0.0054468126,0.00024420628,0.06586531,0.7981273,0.0053594992,0.11206694,0.0032198343
1.2364839,0.000367537,4.27087,0.13260685,8.473658,1.0571669,41.19586,6.047129e-05,11.716301,1.8828611,2.732751,84.722244,1.0422739,0.026606424,0.0019773794,0.19164985,2.395089,0.013602443,0.08007162,0.010835298
1.1882836,0.00021759528,2.9017804,0.06596353,5.2662463,1.0523728,23.346395,4.085143e-05,9.459112,1.7812183,2.964021,57.65632,0.8091129,0.016271554,0.00087824283,0.12401911,1.2126688,0.008776272,0.093800336,0.007357187
1.1120107,0.00012317444,3.0026073,0.01874016,6.59205,2.2577069,31.010288,2.3059905e-05,10.789191,3.8793619,3.0595663,67.645256,1.2823653,0.008186806,0.00060716,0.06692376,0.6088552,0.0043651066,0.08569242,0.0032751786
1.2116579,0.00027858675,3.5530562,0.07410146,7.03587,1.3478807,32.941185,4.019102e-05,9.999417,2.5827138,2.793163,72.426575,1.1082398,0.023082633,0.0014906393,0.110797316,1.4481584,0.005436435,0.055712894,0.0044048363
1.0948994,0.00025086262,3.6925232,0.02030727,6.582688,2.2783995,29.341202,4.416671e-05,5.855741,3.5780911,3.216225,81.796196,1.1706579,0.012870461,0.00097112235,0.12279445,0.76820844,0.008645229,0.1397397,0.0075804065
1.1833286,0.00014245673,3.3273132,0.020551518,7.0011315,2.1460593,32.768986,3.2260494e-05,10.998079,3.9015326,3.4026916,69.81486,1.3711708,0.009211161,0.00069894874,0.101076186,0.8729466,0.0071549355,0.10785246,0.0066847517
1.2159153,0.0003208737,4.846178,0.09153603,9.060273,1.5733672,43.61488,5.7569105e-05,13.884241,3.1887224,2.9035187,99.251045,1.5263847,0.024973977,0.0018272713,0.21832526,2.3032293,0.016353063,0.08107971,0.014074179
1.2667205,0.0002701243,3.9816408,0.07662184,8.673034,1.3478296,44.207436,4.591722e-05,11.975925,2.7968717,3.0898674,76.14424,1.5288352,0.019680606,0.0015379874,0.16959362,1.835889,0.011478763,0.06691743,0.009033548
1.1509098,0.00033031692,4.313852,0.07178634,7.4811664,1.8307289,34.36765,5.9359274e-05,9.7762,3.908381,2.8419254,82.96007,2.0670462,0.020856703,0.0028011806,0.16555767,2.2887716,0.005616735,0.04304239,0.006713942
1.2202029,0.00023627238,3.7961977,0.070744984,8.095273,1.1369056,39.01889,3.984829e-05,9.427312,2.6292024,3.281814,73.838196,1.3584603,0.013811578,0.0017194484,0.13918735,2.0483632,0.0088481335,0.05525594,0.0069000465
1.2697935,9.819036e-05,2.6191068,0.012926658,7.7677593,1.7093575,40.334236,2.4845116e-05,10.85213,2.9979527,2.8344374,58.13404,0.8941154,0.0063632824,0.00060083496,0.086948015,0.5386705,0.0058931485,0.1055303,0.005883934
1.2035921,0.00036736598,3.776677,0.096851565,7.8294187,1.1659566,38.341736,5.0928127e-05,10.889873,2.1050577,3.4892297,75.355804,1.0362998,0.020715272,0.0015208358,0.1957979,1.0634755,0.012718202,0.07558781,0.009764338
1.241532,0.00026749537,3.9078422,0.07087452,7.765195,1.2425545,38.963615,5.213757e-05,12.665661,2.7726617,3.9581962,79.29813,0.93526405,0.012274569,0.00081653823,0.15686521,1.6155607,0.010720451,0.08602587,0.006680474
1.2484498,0.0001700604,3.1882422,0.020289615,6.7569613,1.9097611,31.140371,3.3922843e-05,11.228402,3.385952,2.8424842,66.69933,1.0926391,0.011108987,0.0008772966,0.10749106,0.7486722,0.009510236,0.11983257,0.0068495697
1.289526,0.00024244805,3.8455184,0.0640727,9.564185,2.0909748,45.89447,4.7973455e-05,14.55871,2.8459551,2.9422083,77.915016,0.57498735,0.018669253,0.000991849,0.120050475,1.0210483,0.0061919726,0.12851934,0.006714127
1.3615894,5.4859578e-05,2.0999153,0.019057672,8.242856,1.4476054,42.030777,1.8355291e-05,10.704747,2.6627383,4.160194,46.94178,0.9364246,0.005871072,0.00030174834,0.070741706,0.5093643,0.0068624886,0.09152844,0.0074956366
1.1825346,0.00011073127,3.0789518,-0.0008657778,6.2254868,1.9230366,26.643173,3.5773108e-05,6.778628,3.3768125,3.2840562,65.30897,1.0586845,0.006289006,0.00067752035,0.11368582,0.7498319,0.0070493426,0.11848977,0.0071491734
1.1636949,0.00018694994,3.8815687,0.025911214,6.8388615,2.166838,31.168865,3.806733e-05,13.437364,3.9106123,3.2881744,79.16005,1.3779815,0.010087142,0.0008836566,0.121341996,1.0751106,0.009296557,0.11983102,0.0075943344
1.1841873,0.00017107748,4.0365596,0.052258108,7.1337852,2.117539,36.40017,4.7214315e-05,10.651619,3.9732459,3.3808184,80.145256,1.2964801,0.014540116,0.0014382033,0.16567484,0.9841242,0.011272961,0.144531,0.012028548
1.2183148,0.0003494111,3.8775995,0.116619475,6.6005163,1.8821535,31.728567,5.722318e-05,11.9613085,2.8268304,2.5036306,80.15304,0.8673473,0.02329609,0.000789257,0.11463035,1.1427921,0.009725155,0.1307834,0.006694047
1.2034055,0.00028613154,3.7812626,0.08433912,6.3834653,1.9346442,30.44178,4.7774916e-05,11.0683,2.959496,2.6944888,82.30918,0.8512789,0.018469278,0.0006919303,0.11164714,1.0725008,0.008513487,0.14053743,0.0062165875
1.2120029,0.00024164282,3.287123,0.06025476,7.367866,1.7974045,36.34512,4.857487e-05,12.274327,3.0145895,3.0424433,69.68721,0.77425426,0.02036053,0.00070760376,0.11288895,0.86286086,0.008810665,0.1326432,0.008463795
1.2212094,0.00021089544,3.5080986,0.08736252,7.560139,1.8911313,37.575397,4.508903e-05,13.426307,2.8483007,2.9599614,71.91814,0.8458053,0.023484685,0.00089467666,0.08156158,1.1942986,0.009177103,0.11833075,0.0078084767
1.234309,0.00015627035,3.001445,0.050852437,6.8746166,1.3789576,32.613937,3.9485112e-05,11.471035,2.1707103,2.9428873,63.422745,0.867115,0.016384939,0.0008916325,0.10957252,1.0743971,0.009656678,0.1145673,0.008198038
1.206008,0.00014219499,2.9508922,0.041359577,6.4888964,1.9310994,31.022612,2.7953649e-05,11.862784,3.223501,2.8921044,63.36437,0.94938046,0.0137120895,0.0009046611,0.08338315,0.61562604,0.005821199,0.10432871,0.0049230107
1.2398045,0.00024984294,3.4124463,0.08256933,7.6996703,1.668765,36.285385,4.8553073e-05,12.977099,2.5242245,3.0232534,70.08175,0.6863123,0.024399651,0.0009146512,0.11133804,1.0204322,0.010493299,0.124921456,0.009095139
1.1759083,0.00016954879,3.0501494,0.052810676,7.2686954,1.1330419,29.530762,4.6729e-05,11.548564,1.2737402,2.9073339,65.98128,0.6185697,0.019099556,0.0009665004,0.14907773,1.0564386,0.010815845,0.09702085,0.008584256
1.2022684,0.00035432875,11.585728,0.09001524,11.88084,3.5801377,30.645775,8.973868e-05,28.707066,9.929711,2.849394,226.31873,4.9232154,0.027110774,0.004113415,0.2826182,5.3825755,0.017378565,0.06466665,0.01219786
1.2079617,0.00050847954,10.526395,0.07335661,11.563433,3.4220011,41.917377,8.4150575e-05,26.959145,8.81539,3.1292725,200.69733,4.563541,0.023888845,0.0028195856,0.25802076,5.0291142,0.014393817,0.0789196,0.0115664
1.3757182,0.0002912194,3.7038856,0.052869618,11.614468,1.3831229,66.873055,7.0344046e-05,11.955853,2.7971873,3.4066176,69.127655,1.2405936,0.012738821,0.0017408265,0.20747039,1.5756438,0.011165565,0.0904158,0.010184171
1.2915115,0.00033109568,5.0570154,0.054911606,9.266395,1.8568268,52.685204,7.648062e-05,11.282291,3.984092,3.3860295,92.35198,1.7276113,0.022078695,0.0025545442,0.22202143,2.3581614,0.010655373,0.06407721,0.011807641
1.2624271,0.00043927814,5.6210613,0.09258567,12.641528,2.2678926,70.376114,9.153845e-05,13.377811,4.736688,3.3066874,108.77797,2.3234138,0.023506278,0.0029284228,0.26041073,2.2578976,0.012702221,0.1056001,0.013209012
1.2563803,0.00036880228,4.941176,0.059676982,11.381271,1.6620587,64.24274,7.826503e-05,10.937225,3.7779646,2.6706064,87.73159,2.0064309,0.015371243,0.002007734,0.25339153,1.9857237,0.014705126,0.08969688,0.013679776
1.3748101,0.00030805665,4.229369,0.06758143,11.735648,1.5123854,68.1961,7.714042e-05,12.214221,3.1488652,3.4118135,78.35656,1.6141036,0.015714753,0.002402696,0.24106604,2.0065086,0.013369878,0.08386309,0.013140622
1.3904344,0.00023159923,3.4164424,0.057550766,11.122331,1.1256682,59.523235,5.9581143e-05,9.856206,2.5407634,3.2966616,64.81493,1.1552825,0.012010926,0.0018244658,0.18798377,1.6623702,0.008176001,0.059599508,0.009144487
1.3047915,0.0003743895,5.0724535,0.054087948,11.3537245,1.7095308,66.47179,8.380207e-05,12.135396,3.3028853,2.9628947,94.46627,1.5666828,0.016899753,0.001806878,0.26262426,1.9674432,0.014245256,0.091148995,0.013869284
1.3933135,0.00024784857,4.6338644,0.051502243,11.477277,1.2546794,64.81517,8.097698e-05,11.441922,2.6787355,2.9168482,83.13019,1.3860375,0.017015643,0.0019968003,0.2739948,2.291141,0.014862627,0.08078028,0.013691566
1.2808833,0.00039931404,4.4020195,0.0622281,10.286946,1.7074345,55.965363,7.575497e-05,9.848404,3.7770739,3.3437223,83.97847,1.6250422,0.019541444,0.0015221533,0.23731041,1.8216298,0.009848704,0.09408666,0.009798444
1.2330399,0.0005384114,15.367261,0.13109933,9.609914,6.6604266,40.83167,0.00012621375,32.171196,15.655251,3.0486703,274.70975,8.7914915,0.028010484,0.006434493,0.33919498,7.5060854,0.026673747,0.14804137,0.021330573
1.2179288,0.00047362936,6.903849,0.11213902,9.217125,1.9247906,38.972836,7.280495e-05,19.850187,4.6410613,2.9222078,134.65376,2.919517,0.0411671,0.0028088903,0.22382487,3.6250682,0.010588888,0.103809,0.0102801975
1.2503505,0.00042219798,6.604802,0.02112556,9.241798,2.4740195,46.491135,8.266864e-05,9.215349,4.7677474,3.1964645,123.1301,2.920447,0.025152102,0.0031127438,0.22419742,3.1303587,0.0067829317,0.05739208,0.0078787105
1.1935856,0.0005143911,14.389306,0.12828964,10.001883,5.368513,42.42898,9.890461e-05,26.056847,12.495521,2.8520653,281.8144,6.460606,0.030625235,0.0039103976,0.28640872,5.4032807,0.01811867,0.13072422,0.016661862
1.1546445,0.00039070108,5.4875507,0.045773704,7.8448534,1.6303648,38.97405,6.721081e-05,11.714436,3.2657769,2.6947966,105.27089,1.5891142,0.024061585,0.0021682752,0.1768218,2.5472584,0.006166333,0.06124289,0.0068405853
1.218744,0.00048121475,5.239726,0.036882173,8.395942,2.3384304,41.7645,7.660062e-05,8.8088045,4.2639976,2.809419,97.68226,1.9812384,0.016311277,0.001995154,0.22243965,2.3257701,0.00765911,0.08888926,0.0065104356
1.198824,0.0002753792,4.050294,0.06530332,6.789693,1.831767,36.220833,4.8434176e-05,9.971551,3.3595672,2.5230176,83.79659,1.4298388,0.018700019,0.001903212,0.12920992,1.326474,0.009103181,0.09422819,0.007107117
1.2656364,0.00031647173,4.6661625,0.04757925,9.951727,2.384278,50.579136,7.4457304e-05,8.8897505,5.1606293,3.216275,92.049355,2.7406704,0.021052416,0.0030311805,0.21176624,2.3864458,0.00638756,0.06752499,0.006997713
1.2690438,0.0003626923,5.025909,0.05649075,9.2636385,2.108595,49.905605,7.31318e-05,8.663092,4.760592,2.7255073,99.36683,2.6438968,0.021569345,0.002630071,0.21027389,2.6069796,0.008249066,0.062648274,0.009028481
1.2900409,0.000370537,3.7736588,0.082910836,9.460619,1.5099465,51.167923,8.2318744e-05,9.992219,2.3421562,3.3271306,73.76649,0.8692593,0.020518987,0.0017386833,0.2229036,1.6594145,0.007151824,0.072976,0.0074820844
1.2626364,0.00027473824,4.947588,0.04288945,9.011665,1.5602568,48.010593,6.919506e-05,10.430322,3.5810497,2.9474027,94.34693,2.192242,0.01671545,0.0027301272,0.21545169,2.2794075,0.010527964,0.085515566,0.0101143755
1.2285551,0.00038652334,6.304062,0.058043946,10.20301,2.350159,52.989826,7.125998e-05,12.190772,5.598822,3.3007164,116.803665,3.4031515,0.027911844,0.0030440122,0.2563807,2.1604128,0.01397818,0.10645712,0.0140908
1.2849909,0.00029763795,3.5078528,0.0693787,7.498783,1.0872463,35.825428,4.394071e-05,10.57023,2.2147422,2.5696,67.72103,1.1543621,0.017059736,0.0017402605,0.14835566,1.7165542,0.007865973,0.0684455,0.0066951285
1.2567042,0.00031125275,3.8299358,0.078738704,8.257808,1.1087414,36.142105,5.4623164e-05,7.432796,2.5605204,3.7937908,74.28929,1.41241,0.016508022,0.0024591398,0.14957127,1.9600699,0.006399771,0.051925655,0.006604878
1.2790579,0.0003678345,4.3139653,0.116019905,8.633639,1.3581948,44.922718,5.5012977e-05,9.917763,3.333775,2.8472958,86.3174,1.5225542,0.026696168,0.0018368755,0.1984655,1.7100097,0.011543543,0.05323633,0.011241314
1.2518857,0.000376298,4.2133646,0.07394734,9.329849,1.3202103,46.18899,6.2324514e-05,12.396557,3.0193698,3.4819562,83.988205,1.5946821,0.022108737,0.0023189762,0.1671267,2.4053457,0.005355503,0.08236768,0.004717323
1.2600542,0.00031289228,4.1261563,0.0814449,10.418812,1.3521652,59.02063,6.746848e-05,9.462092,2.905549,3.233682,78.2797,1.3671658,0.026856864,0.0024258532,0.23639144,2.0202053,0.012547509,0.08049474,0.01380767
1.2225133,0.00028865665,3.7355545,0.102777794,9.564022,1.8554993,47.58126,5.9677932e-05,9.852909,3.6015508,2.7161005,78.03031,1.8391924,0.02410225,0.003775139,0.19792365,1.9690504,0.0077782553,0.03870868,0.010758016
1.3449004,0.00032623016,4.689503,0.06273797,9.823597,1.6039058,52.438854,7.388867e-05,11.247514,3.0417242,3.2695389,95.09544,1.7791011,0.020258982,0.002451894,0.23911487,2.5928767,0.0082763685,0.0773945,0.009555322
1.2578725,0.00033995925,4.5029263,0.054757677,7.134401,1.4273807,33.510212,5.941097e-05,13.787184,2.4328988,2.3608978,89.15422,1.208236,0.019335158,0.0012990864,0.16746154,1.8670026,0.0065106046,0.08301021,0.0057370756
1.2171746,0.00024434278,2.437643,0.075335346,7.1640344,1.3399249,31.9996,4.5282646e-05,10.334853,2.4743052,3.5470984,50.495872,1.3538405,0.017233681,0.0016955697,0.15125899,1.1132907,0.010028544,0.06663431,0.009201662
1.2463421,0.00031767087,4.8820767,0.069233224,7.3795094,1.8369743,33.103886,4.5055018e-05,11.0435915,4.011539,2.762722,92.86565,2.0470936,0.018935837,0.0012685345,0.1709578,2.391423,0.010325534,0.06252397,0.006240699
1.2533199,0.00028815243,4.419314,0.08721653,8.469751,1.5751748,41.395294,5.545106e-05,11.152778,3.3833852,3.1987355,80.56242,1.4360074,0.017820846,0.0016547003,0.20892161,2.0877008,0.017325614,0.08494979,0.011000612
1.2611941,0.0007159646,14.29538,0.17043602,14.410606,4.54307,38.492504,0.00010110175,29.663448,12.272553,2.9731553,243.43184,7.0768795,0.023508504,0.005437604,0.32147843,7.1207266,0.021613764,0.09248776,0.019961143
1.2622976,0.0007079515,14.333614,0.20501956,13.074407,4.5011506,39.973396,9.532521e-05,28.128387,11.96033,3.1946898,243.28558,7.080186,0.024249617,0.0060323835,0.34297082,6.6220336,0.019869274,0.08576317,0.020665351
1.2809473,0.00026304252,4.103233,0.051875062,7.8075523,1.5056574,33.689804,5.3437845e-05,11.44994,2.9913,2.9223626,79.38373,1.4875493,0.014308303,0.0015549085,0.16109587,1.8291976,0.008441406,0.06327858,0.0071826223
1.2362134,0.0003311225,4.82792,0.04449069,8.916707,1.70976,49.73463,7.591402e-05,8.689826,3.9083066,3.0085113,88.45812,2.0077338,0.014327254,0.0023380169,0.22577803,2.1263676,0.011230968,0.069385454,0.010907383
1.2299515,0.00046634502,10.381734,0.10386346,9.166229,3.6176279,38.061478,9.1723065e-05,19.08325,8.510481,2.8358495,189.3517,5.483342,0.021533659,0.0049534915,0.29195866,5.0970387,0.016702613,0.0824904,0.015064898
1.204761,0.00029606576,6.0259604,0.03478457,8.8372,1.8004763,41.77427,6.379787e-05,9.814755,3.9414425,3.2746902,108.06514,2.3157144,0.0197493,0.0030211876,0.19722629,2.5333982,0.010452553,0.07317132,0.010520788
1.1863154,0.0002991081,6.603074,0.074901305,8.552425,2.225993,39.05022,7.120698e-05,14.15291,4.1462827,2.4801762,141.26431,1.7031233,0.025157208,0.0023542745,0.22059423,3.0936909,0.015949106,0.12995182,0.0120781185
1.199771,0.0004207583,8.338124,0.15121995,7.9521217,2.5901225,35.09066,8.898999e-05,18.116947,5.0371346,3.2999983,156.60431,2.9569538,0.032657534,0.0021614393,0.23777874,3.0956821,0.019489577,0.112847894,0.0181357
1.2605696,0.00024856,3.4456978,0.08256386,8.621072,1.1471784,39.585255,4.899693e-05,11.050128,2.3987498,3.5342255,64.95536,1.2332076,0.015562934,0.0014808932,0.16244408,1.6863681,0.009612264,0.06153214,0.006981706
1.2999692,0.00035886568,3.8171132,0.081426024,8.615062,0.9999018,44.930878,4.6149824e-05,12.6524725,2.4276214,2.9716327,70.96559,1.392702,0.02035558,0.0019050846,0.1765009,2.7558544,0.008732826,0.054278836,0.004550775
1.0994035,0.00031875155,3.5377827,0.08213777,7.8563547,1.5271668,33.725426,5.5856315e-05,13.298772,4.4188204,3.2598705,67.761894,3.6454268,0.016495652,0.003473781,0.20650478,2.4996707,0.012211195,0.07262637,0.009117348
1.3339176,0.00032226532,5.7748055,0.09347398,10.977448,1.555823,46.23917,7.7087156e-05,18.52003,4.7129507,2.9885073,108.666115,2.9954197,0.018154763,0.003119043,0.27709055,3.1430118,0.018745199,0.09072121,0.013644607
1.2778339,0.00022129678,3.025379,0.0773719,7.8165784,1.2014046,38.33957,4.1894335e-05,8.833357,2.2183037,3.421935,61.19717,0.9467099,0.014764605,0.0014012563,0.16118847,1.4784651,0.010573344,0.062327474,0.008697153
1.1636193,0.0002641756,3.5719016,0.10145079,7.5186253,1.6220326,39.21564,4.6809175e-05,8.227109,2.450174,3.5331519,75.67994,0.9468413,0.018574962,0.0013321786,0.16588251,1.4563226,0.010454009,0.081626795,0.009777069
1.1915407,0.0001860846,3.6128511,0.042141467,6.5957513,1.7898486,31.32088,4.511756e-05,9.899353,2.912905,2.9751742,70.26024,1.0685093,0.013511915,0.00088708824,0.12246569,1.1538086,0.0071361423,0.09156067,0.006998798
1.270997,0.00029834145,5.1844134,0.070784,10.666465,1.8609568,51.456894,6.2489955e-05,13.697107,3.6120932,3.3498623,106.807396,1.6579901,0.019379037,0.001522106,0.23603268,2.1217093,0.01830596,0.098971896,0.014292844
1.2643833,0.00027037362,4.528069,0.056187883,7.1093636,1.0518866,32.089664,4.4908054e-05,12.024347,2.831888,2.9832454,84.03227,1.6826764,0.014655295,0.0021725113,0.14369127,2.5984154,0.0091057215,0.062873624,0.005372971
1.2591529,0.00026206957,3.447959,0.116841055,8.64419,1.1509436,38.520885,5.65024e-05,12.501035,1.7829062,2.6890428,67.93321,0.82137644,0.02336199,0.001627707,0.17903294,1.4797195,0.012119182,0.109166816,0.010931935
1.4724071,0.00031878662,4.173408,0.08730713,9.742375,1.7801574,44.93523,6.7721034e-05,14.395506,2.9989789,2.9848597,90.32594,1.2376099,0.021972328,0.0014980478,0.2141883,1.69704,0.012998888,0.12542588,0.011248055
1.3828206,0.00028305498,4.4892273,0.13237232,11.04129,2.2612474,49.1575,4.638438e-05,25.189262,4.510544,2.9482453,85.81925,1.435759,0.024595559,0.0018708941,0.15976173,1.5873277,0.016304487,0.1774499,0.01626887
1.3686988,0.00032233947,3.6300237,0.10475514,9.602562,1.2015892,43.9956,4.303592e-05,21.903908,2.170118,4.0927806,73.09326,0.9459519,0.020110756,0.0010113296,0.16862582,0.97898364,0.011890835,0.08525142,0.011516817
1.2537563,0.00023256434,5.0288267,0.10338576,10.176812,2.0805602,51.704147,6.0698098e-05,14.375872,3.8557618,3.5864325,100.23723,1.9703864,0.028819796,0.0020659878,0.27117485,1.806323,0.023008252,0.10774678,0.021779098
1.4491298,0.00023356557,2.1863449,0.10333799,12.0845175,1.201619,56.083214,6.0425544e-05,13.172106,1.6176133,2.5796885,46.295547,0.86923665,0.019948967,0.0016034214,0.16032809,1.2171555,0.012875956,0.10342827,0.011528103
1.3808744,0.00035125107,2.339387,0.20804064,11.575468,1.099463,60.671944,6.5308246e-05,20.249294,1.1488789,2.6731496,54.84291,0.3237,0.059000194,0.0018292683,0.33082762,0.7428248,0.018067295,0.12687758,0.021023232
1.2039002,0.00035799947,7.0156207,0.13517112,7.940339,2.2613554,31.678362,7.3878895e-05,18.821531,3.6577842,3.1670353,143.77243,2.4702072,0.033314425,0.002356538,0.20980668,2.3656547,0.018697286,0.14777543,0.018425457
1.1529937,0.00061215134,17.180513,0.20623682,7.1608963,3.8060465,36.955185,0.00011356023,25.803724,9.868042,2.8110642,286.1503,5.911864,0.05101543,0.0066490946,0.28794187,10.195465,0.021900322,0.17631552,0.022812154
1.2035629,0.00014853412,2.9591732,0.050861962,9.045048,1.0697105,40.01489,4.7646216e-05,10.202936,1.0643795,3.1852076,63.460644,0.6722738,0.019848572,0.0008905683,0.15285926,1.0363394,0.011822392,0.12202005,0.010499272
1.3092477,0.0003027037,3.4780364,0.097488806,7.8377957,1.2220597,35.53972,5.5362776e-05,12.93178,1.8312838,3.2391875,72.97528,0.62310886,0.019228147,0.00096062274,0.1643197,1.3258961,0.010160677,0.10659188,0.0081496
1.182261,0.00074183143,17.471664,0.25514928,4.726144,5.4236593,28.363472,0.00014288787,32.248253,11.554896,3.242972,321.62418,4.9466815,0.05507399,0.0044784104,0.33326903,10.585631,0.030327326,0.18600011,0.026164835
1.193611,0.0007355723,15.59653,0.17167772,4.402519,5.4140935,24.631905,0.00011694533,35.216755,12.414924,3.0650294,302.1642,5.3607235,0.03935199,0.004227659,0.34594235,7.1167808,0.028233303,0.18308686,0.02278544
1.2429518,0.00058672804,15.668092,0.16708106,11.371319,5.5091543,49.03286,0.000108751105,35.0059,13.462954,3.400684,307.78232,5.7923503,0.03558431,0.004145545,0.37428066,8.242468,0.02753506,0.17299734,0.01838183
1.2010405,0.0011124493,18.87305,0.23470809,9.742503,5.6457267,43.404854,0.000114989845,29.346815,12.350417,3.381991,340.74902,4.9444075,0.051905043,0.0050433977,0.3717809,8.738889,0.029631408,0.2169945,0.03977039
1.3088607,0.00024920303,5.0067043,0.05781003,8.164137,1.9805815,35.357845,5.6579058e-05,12.870141,3.661129,2.6838465,98.43356,1.6977595,0.012954383,0.001270281,0.18456967,2.5506449,0.0131035615,0.067272544,0.0073274532
1.1983446,0.0002876331,5.4356003,0.08068293,7.7801056,1.7970986,34.332874,5.109947e-05,12.522037,4.2201324,3.0716522,100.88209,2.1016512,0.016274177,0.0016804715,0.17614205,3.054133,0.011874001,0.04385822,0.006329882
1.3256698,0.000435681,12.610154,0.13583551,12.331581,4.353758,73.573845,8.122993e-05,26.820263,12.334571,3.5773752,225.12962,5.9326854,0.020047529,0.004538687,0.31552076,7.1540275,0.028831035,0.18672301,0.019862557
1.20799,0.0003071912,5.888667,0.07144129,8.023229,1.9663857,35.702385,5.375342e-05,12.575671,4.844434,2.8048553,108.25801,2.33831,0.015562143,0.0014246173,0.19347864,3.3401003,0.014235406,0.05258542,0.006700842
1.2119198,0.0004959948,13.130765,0.16619797,10.105885,4.067863,52.667915,9.867264e-05,30.446787,9.430649,3.1114511,229.2874,4.0760217,0.02832575,0.0027376593,0.34460002,6.348846,0.032009274,0.22906072,0.02228405
1.1692337,0.0004076447,10.586933,0.13154843,8.513261,3.248269,39.305027,7.268691e-05,22.49865,8.100924,3.1511278,187.49503,3.5488727,0.024446895,0.0036411528,0.21677256,5.335342,0.021464244,0.08315994,0.011643671
1.2447821,0.00021917715,3.8710272,0.049606115,7.088062,1.4183908,34.639038,4.482157e-05,10.619953,3.2655935,3.209843,75.541,1.5025047,0.012493156,0.00097625545,0.15507126,1.8469496,0.012499732,0.08127424,0.007429056
1.2428621,0.00033362894,3.9992135,0.089555405,8.129355,1.3836817,40.781345,5.7064455e-05,10.412301,2.7833893,2.9745963,73.913445,1.4763544,0.020522974,0.0018634334,0.17549703,1.8676705,0.010200544,0.077148855,0.009896931
1.1536677,0.00030747632,3.9739056,0.06310207,6.0822244,1.6776302,29.20842,4.277359e-05,11.133785,3.430934,3.3113933,75.16334,1.6748295,0.01403768,0.0016160953,0.12915386,2.1103196,0.010532824,0.05960557,0.006229823
1.2217584,0.0002908546,5.155822,0.07640182,7.608104,1.710619,34.485626,5.1228286e-05,12.975004,3.653976,2.8288965,96.414795,1.6526557,0.022066066,0.001986635,0.19551812,2.8439088,0.016201586,0.07354863,0.012647002
1.1789526,0.00043609706,10.118687,0.08798418,9.436873,3.4291227,36.16351,8.7560635e-05,18.65486,7.0156064,3.1057265,181.61148,3.9621663,0.024957074,0.003262709,0.21300244,6.5492067,0.017059453,0.08443851,0.0131553775
1.2048787,0.0002891271,4.4433045,0.077388026,6.2867217,1.6967355,26.483953,4.5193898e-05,10.950489,3.7989879,2.7640169,86.78269,1.7630075,0.016871884,0.001517198,0.14911431,2.127186,0.010018344,0.055631485,0.0076260334
1.2238512,0.00027726835,6.3396306,0.0791906,6.9603004,2.0569859,36.140686,5.5088538e-05,14.293279,4.7099657,3.0321538,114.94745,2.6293228,0.017617239,0.0022627541,0.22011136,3.72062,0.013549975,0.08574784,0.009077949
1.2562538,0.00038143666,4.533187,0.11329996,8.608806,1.6719359,36.991413,6.9263966e-05,13.128349,3.584836,2.9587328,89.521736,1.5786406,0.023162939,0.0021164273,0.20831351,2.2915664,0.01389633,0.07151482,0.009294924
1.2849275,0.00026499326,3.6320424,0.13080072,8.980693,1.2979894,41.485794,6.884748e-05,13.500834,1.9023727,2.8841097,74.93061,0.8926092,0.024377843,0.0015074501,0.22133064,1.4194981,0.01399114,0.10470286,0.011952244
1.2613592,0.00040440608,11.444673,0.13899879,11.038792,4.0415716,56.934166,8.8510715e-05,28.90498,10.451457,3.0522256,208.13904,5.3711104,0.022231443,0.0037833448,0.30823198,5.1373434,0.027619015,0.15536352,0.02143255
1.3858862,0.00038973306,7.020232,0.10213322,9.262019,2.4837189,47.795834,8.122107e-05,15.592288,5.320018,2.6665213,138.90266,2.4565809,0.033417035,0.0025361248,0.27931237,2.5653098,0.017453535,0.1466639,0.016637497
1.1494533,0.0003050274,3.7236407,0.12136144,7.5719423,1.0733517,37.118664,5.5430137e-05,10.546249,1.670575,2.5165555,71.87427,0.8261985,0.024083754,0.0013299113,0.16049747,1.6700828,0.01156571,0.1017153,0.008935782
1.2969825,0.0008022648,22.735865,0.2008915,10.952796,8.327942,63.186718,0.0001710722,45.78866,19.11476,3.2688549,438.81583,8.506159,0.025840731,0.004388197,0.88887703,11.156045,0.04538294,0.20372543,0.034311354
1.215886,0.00052530627,8.82977,0.08965357,10.922298,3.6811993,52.135746,8.727357e-05,19.285257,6.731417,3.2996867,169.93045,2.6681118,0.021965183,0.0023104176,0.28670815,3.0687664,0.016864676,0.114553586,0.018867798
1.0820967,0.0004259308,7.04249,0.10522739,9.172774,2.4481373,40.839935,7.809071e-05,16.897015,4.2806664,3.5159976,135.41754,2.21573,0.022581626,0.0020358295,0.2405785,2.3946953,0.016599266,0.12388916,0.017834045
1.256426,0.00017216908,3.3487818,0.04890217,7.359319,1.6160572,34.472572,4.0901057e-05,13.856196,3.0998256,2.7950518,73.81963,1.0238991,0.021427374,0.00084293575,0.10835644,1.0759915,0.009610326,0.09621146,0.007874602
1.0855879,0.00014090617,2.2599678,0.055741534,7.6420517,0.8046302,32.507694,4.1549254e-05,10.998706,0.832468,2.917121,44.33348,0.4583875,0.020716753,0.00069917383,0.111562744,0.78575194,0.010759056,0.09576214,0.009754536
1.2301722,0.0004891959,10.327356,0.12152714,12.119751,4.0549846,51.92662,8.565743e-05,25.773123,8.009067,3.526792,198.19511,4.391165,0.02701109,0.0027330406,0.3285913,3.5360763,0.026790207,0.1317483,0.028240671
1.1253071,0.0003300972,4.9762483,0.09382608,7.8130035,1.3275977,35.425495,5.6667857e-05,13.69242,2.8079746,2.8886023,90.97258,1.4713436,0.023637578,0.00224337,0.17283513,2.2382078,0.013802737,0.07731655,0.010176135
1.227256,0.00059129094,13.271569,0.14924824,8.948375,5.720877,35.61762,9.358611e-05,29.475374,12.666999,2.889905,268.01422,5.684259,0.046983246,0.005289699,0.28167027,4.535073,0.023288406,0.1984632,0.026666394
1.2096941,0.0005873936,17.550589,0.18697137,10.314074,5.6585774,53.410923,0.00010999909,37.51999,14.500055,2.9499393,326.5248,7.3693705,0.03676125,0.005448417,0.36001518,10.068934,0.024280276,0.29805702,0.020977184
1.2337338,0.000599098,13.175346,0.116141684,8.874771,4.48461,35.767693,8.757508e-05,26.381647,11.442726,3.359131,252.96722,5.067834,0.03012057,0.004892976,0.28172216,5.37369,0.019052148,0.11198139,0.017654477
1.2373246,0.0004549914,16.015787,0.1993549,8.303098,6.8577113,35.153786,0.00011090767,42.50775,16.670042,3.3705583,320.67407,7.0697637,0.038440734,0.004003823,0.39636648,6.5701237,0.036708064,0.23456687,0.016531872
1.2807698,0.00022595252,3.3396535,0.039522294,8.28721,1.2647256,37.8838,5.0146682e-05,7.236721,2.6339333,2.482199,65.115135,1.1619021,0.016079793,0.000990556,0.15219818,1.2246587,0.013472943,0.10700443,0.010105365
1.2410724,0.0010189248,20.413746,0.28623655,10.21829,7.30572,52.520084,0.00014279032,43.290104,19.48036,3.3416498,402.5109,9.434361,0.052428264,0.005426786,0.44981095,10.671485,0.03381931,0.34307292,0.021099418
1.1791989,0.0006400737,13.711005,0.17756492,5.977125,2.865936,27.262695,0.00010014198,22.840965,7.3683577,2.8963199,250.00673,4.0728383,0.047441225,0.0037256845,0.2254001,7.9405875,0.016737353,0.1094556,0.01552677
1.1816096,0.0007664837,19.614891,0.30091518,9.674475,7.504302,50.266415,0.00013819759,31.126667,17.518068,3.0632954,371.53534,9.263589,0.04555745,0.00796855,0.2966485,10.409612,0.02563651,0.2068881,0.032066368
1.3145897,0.001084646,21.431446,0.21833542,13.081604,8.485122,47.266064,0.00017063018,55.34257,18.906591,4.317403,399.11148,9.858008,0.045238353,0.0059450925,0.57610106,13.054675,0.04867914,0.26749733,0.03161879
1.1419832,0.0008589921,22.808062,0.24246004,6.3860674,7.8555517,29.396687,0.00012495606,38.280605,18.122746,3.630157,377.7138,8.503744,0.048765793,0.006812768,0.3644435,12.516171,0.03125174,0.25903785,0.046804838
1.1771753,0.00062505255,13.150274,0.19607867,7.309044,6.026601,34.34935,0.000105435065,23.643887,13.015463,3.092844,254.18285,7.4569044,0.038217127,0.006154531,0.22936891,6.7628617,0.020298906,0.15015018,0.02212316
1.3339407,0.00031225028,4.035064,0.10835401,9.227383,1.1508243,44.594963,5.9179914e-05,11.97876,2.1390226,2.6705241,79.22409,1.2926797,0.021180972,0.0014236781,0.18750562,2.0393908,0.012172368,0.084600136,0.009547066
1.3382242,0.0002721846,3.901248,0.08048668,7.115548,1.1947535,32.164116,4.7520487e-05,9.202489,2.8074408,3.2416773,75.09262,1.4336154,0.01334185,0.001279576,0.1652964,1.9305755,0.01113937,0.0684867,0.008324709
1.3185688,0.0002820163,3.61513,0.09363574,7.634107,1.2707269,38.978275,5.6854216e-05,9.33697,2.6174018,3.2758625,69.38585,1.4567068,0.019686086,0.0021380952,0.15787777,1.897116,0.010066747,0.05592712,0.009433256
1.2702482,0.00030214412,5.300158,0.075630814,8.211998,1.8362204,38.536476,6.135633e-05,10.885753,4.068001,2.7868662,95.23763,2.3918111,0.021581182,0.0029583578,0.17970642,2.832512,0.011903387,0.07107404,0.009574749
1.2845408,0.00030079528,4.741598,0.099762686,6.9982343,1.6952953,28.250448,5.858789e-05,11.764025,3.2377484,3.1543608,92.64938,1.7568212,0.02050857,0.001942222,0.18069023,2.7048051,0.010636909,0.08233057,0.009333351
1.2000201,0.0003035611,4.396039,0.06638447,8.19995,1.8762027,31.022274,6.0004648e-05,8.551781,4.3752074,2.7673461,78.11867,2.22491,0.018319879,0.0027583796,0.15335195,2.2365174,0.007235593,0.073710576,0.00672172
1.2253158,0.0003223253,5.3515058,0.06797285,8.949465,2.3676016,37.88416,6.339071e-05,11.713149,4.514859,3.2295566,103.70628,1.9301063,0.020300554,0.0022162697,0.16548191,2.486598,0.009769376,0.065158166,0.007341866
1.4152207,0.00033584458,3.9168992,0.163102,11.399439,1.1129184,61.015858,7.0631286e-05,13.494583,2.299969,2.7740285,73.49543,1.3086386,0.023723913,0.001548107,0.22727287,1.8509748,0.016406298,0.09669523,0.013146834
1.26885,0.0012092749,25.425175,0.27325276,12.327448,8.961677,45.419365,0.0001729524,51.772774,21.245792,4.1323643,458.78012,9.599313,0.067026764,0.0057112514,0.71653765,13.691434,0.06702292,0.27554452,0.047975056
1.2174933,0.00035251016,4.2338834,0.09319575,7.2725058,1.1124145,33.54885,5.3530322e-05,10.038601,2.5953026,2.8580215,85.900925,1.7371031,0.024361331,0.0018108467,0.17308272,1.8439525,0.010507005,0.080682516,0.009327711
1.3129712,0.00028784777,4.53775,0.087655604,7.6910233,1.2330965,40.61231,5.8127625e-05,10.031581,2.8045444,3.5309541,82.19839,1.6237466,0.022441437,0.002442127,0.18994012,2.5153637,0.008861449,0.047644,0.009502729
1.3139002,0.00024246972,3.9875164,0.061671108,7.643866,0.9473044,42.67254,5.4033728e-05,9.63829,2.62565,3.3328655,80.097824,1.2690886,0.01776798,0.0017687789,0.20083097,1.9214817,0.010393143,0.07753119,0.009479109
