cab,cw,cm,LAI,cp,cbc,car,anth
19.33997867,0.006019982,0.001900473,,0.000228797,0.001671676,,
24.07812286,0.006617554,0.002789021,,0.000267575,0.002521447,,
19.01040153,0.006612723,0.003596897,,0.000425184,0.003171713,,
25.50478552,0.007095194,0.00314939,,0.000364291,0.0027851,,
11.52918621,0.01271285,0.005076995,,0.000324028,0.004752967,,
23.12853602,0.006949855,0.002834181,,0.000379417,0.002454764,,
26.74102578,0.007146532,0.002749282,,0.000376911,0.002372371,,
23.21848045,0.010465219,0.007158453,,0.000508067,0.006650386,,
24.4125549,0.01189284,0.002296931,,0.000329267,0.001967665,,
20.81039549,0.010573226,0.001913176,,0.00035793,0.001555245,,
27.63801383,0.013132381,0.006939162,,0.000448336,0.006490826,,
26.52690577,0.026592068,0.006424614,,0.000675945,0.005748669,,
36.39925699,0.033701728,0.008815622,,0.000831243,0.00798438,,
30.0367018,0.017796417,0.002999125,,0.000415749,0.002583376,,
29.73668941,0.017495578,0.003030578,,0.000403381,0.002627197,,
26.40689094,0.019479939,0.003837375,,0.000358049,0.003479327,,
36.50776719,0.011471567,0.004131957,,0.000377099,0.003754858,,
20.54481648,0.015213831,0.004420142,,0.000395007,0.004025136,,
25.34002976,0.010570746,0.003816491,,0.000408646,0.003407845,,
34.04738199,0.010889923,0.004665231,,0.000512508,0.004152722,,
29.78528674,0.010351932,0.002994561,,0.000386044,0.002608517,,
63.27106705,0.029629615,0.012135753,,0.000989557,0.011146196,,
47.90419839,0.046313387,0.010218258,,0.001084208,0.00913405,,
38.23814723,0.012205875,0.003918885,,0.000479049,0.003439836,,
27.09807274,0.011423791,0.005122086,,0.000303315,0.00481877,,
18.70853914,0.00581484,0.00182079,,0.000206878,0.001613912,,
27.87120037,0.008695349,0.00459272,,0.000430918,0.004161803,,
22.82402641,0.010996594,0.002406152,,0.000247142,0.00215901,,
23.92323637,0.01043868,0.002166009,,0.000219201,0.001946808,,
22.080311,0.009967703,0.002577023,,0.000228194,0.002348829,,
23.91327112,0.017322063,0.003108604,,0.000210332,0.002898272,,
42.22470055,0.015882364,0.005206602,,0.000529162,0.00467744,,
28.70283793,0.020794318,0.005400967,,0.000463067,0.0049379,,
16.20385481,0.008571388,0.00226916,,0.000227811,0.00204135,,
19.55188465,0.009401716,0.002792747,,0.000306926,0.002485821,,
17.60445922,0.009342698,0.002877857,,0.000232402,0.002645455,,
19.09442534,0.010728335,0.002861952,,0.000291446,0.002570506,,
17.83742086,0.007044039,0.003043546,,0.00033969,0.002703856,,
23.32002101,0.010270048,0.003960923,,0.000370099,0.003590824,,
32.53311774,0.016942867,0.004983335,,0.00063657,0.004346765,,
32.12775315,0.016783913,0.004803201,,0.000685282,0.004117919,,
39.49312606,0.014869251,0.003691427,,0.000590531,0.003100896,,
26.58720846,0.018317989,0.004805414,,0.000495993,0.004309421,,
67.09652688,0.038172834,0.011309004,,0.000568182,0.010740822,,
59.72068112,0.04419384,0.014489293,,0.001349449,0.013139844,,
23.04243089,0.013975078,0.003800152,,0.00031053,0.003489622,,
26.65785548,0.014408935,0.002862794,,0.000302221,0.002560573,,
23.3681515,0.014930509,0.006005142,,0.000609841,0.005395301,,
26.44842023,0.007577363,0.003818126,,0.000458585,0.003359541,,
41.09779798,0.010352415,0.007930207,,0.00117073,0.006759478,,
24.07957837,0.013992234,0.003454289,,0.000384312,0.003069977,,
23.75527923,0.013888468,0.003476277,,0.000359525,0.003116751,,
23.15972671,0.011625371,0.006161361,,0.000470356,0.005691004,,
41.05300708,0.011499325,0.0068741,,0.000704908,0.006169192,,
18.99645619,0.008422862,0.005972005,,0.000358624,0.005613381,,
27.17428201,0.01354191,0.005958324,,0.000465023,0.005493301,,
25.55150263,0.01168077,0.005638359,,0.000426171,0.005212188,,
25.13063808,0.011311168,0.005027568,,0.000487792,0.004539776,,
21.35919553,0.014821668,0.006946906,,0.000500749,0.006446158,,
10.97772846,0.011343144,0.006788017,,0.000294726,0.006493292,,
17.68320468,0.011756334,0.006692424,,0.000426641,0.006265782,,
14.5461188,0.011999825,0.005976072,,0.000312104,0.005663968,,
50.00344856,0.025286237,0.003777908,,0.000496262,0.003281645,,
48.53845705,0.02387704,0.00550357,,0.000672829,0.00483074,,
41.235521,0.024875985,0.004949534,,0.000523272,0.004426262,,
34.70645849,0.02244784,0.00379958,,0.000725623,0.003073957,,
25.14113285,0.022970666,0.003217007,,0.000244538,0.002972469,,
38.04438331,0.021994251,0.004173416,,0.000473977,0.003699439,,
35.67605125,0.028986553,0.004637533,,0.000417115,0.004220418,,
38.65698995,0.01789297,0.005144674,,0.000568153,0.004576522,,
30.09513686,0.010699365,0.00518915,,0.000649558,0.004539591,,
35.90387324,0.012180044,0.005870335,,0.000523607,0.005346728,,
38.06426302,0.011318419,0.006177461,,0.000866805,0.005310656,,
26.76447412,0.019790797,0.008979122,3.212962055,,,7.547696358,0.968686196
24.74853403,0.012446343,0.00359777,3.715885375,,,7.6387921,1.183458544
28.7475392,0.014464697,0.004582706,2.905599209,,,8.451562485,1.138707777
68.18551947,0.019947869,0.007090204,1.650159684,,,11.62001715,2.169330615
37.09796539,0.012840751,0.004271898,3.242724716,,,9.023417861,1.673124118
29.29625649,0.012497959,0.002912943,4.332305929,,,8.748426166,1.030723475
32.97792168,0.010730474,0.003867542,2.618133643,,,7.920989256,1.416568852
42.52215804,0.020123155,0.005090673,2.272846154,,,12.04510322,1.335144561
27.5844285,0.013642396,0.003811472,1.855035968,,,8.623809006,1.287536996
37.67601888,0.029936883,0.005694342,3.985629249,,,10.91858869,1.116725575
49.51951783,0.017614144,0.003691983,3.225553406,,,11.36733485,2.203916684
29.37303977,0.012677043,0.004200823,5.134309486,,,8.897926897,1.237890976
39.93271752,0.018420571,0.005357782,5.041697416,,,10.95000196,1.752261677
65.58076382,0.017748975,0.005607826,0.597367194,,,12.11460323,1.600649004
28.84675716,0.019339371,0.002648356,4.6418,,,8.740200717,0.871428343
36.9835463,0.017558743,0.003661106,3.742598897,,,9.102526397,1.440179677
34.66482346,0.017322905,0.00237366,3.397279044,,,9.119797188,1.312453372
36.83426917,0.019526961,0.00277724,3.357968412,,,9.789430026,1.108106957
46.77649605,0.013931596,0.003428464,4.572313012,,,10.84199867,1.841728981
40.41117533,0.022792972,0.003346523,4.1615,,,10.79531257,1.5147519
11.39552854,,,0.185566772,,,5.237370171,0.898114386
26.9641431,0.017631523,0.008623366,3.403160953,,,7.59035155,0.943068951
24.80128858,0.012233248,0.003760415,4.173440607,,,7.723132358,1.150168938
28.34781914,0.013776628,0.004613465,3.421533347,,,8.362843953,1.13332355
67.26299066,0.018637691,0.006911706,2.288419846,,,11.68842464,2.088911436
34.53438166,0.012060752,0.00431911,3.894037603,,,8.957947219,1.611423618
28.81359031,0.012272288,0.003211286,4.192724298,,,8.818611137,1.03938171
32.59127447,0.010076904,0.003884174,3.246462203,,,8.093649623,1.383780847
40.78693099,0.019614151,0.005245072,2.751174825,,,11.80765352,1.342719993
26.6341299,0.013210577,0.004067795,2.303239401,,,8.46512874,1.243804766
36.7674536,0.029688653,0.005892743,4.141808737,,,10.76277878,1.052231379
46.01352367,0.016258335,0.003836118,3.240217105,,,11.0960983,2.022006727
28.85918498,0.012313273,0.004343945,5.421877346,,,8.927648595,1.244632136
36.40127244,0.018344562,0.005116348,4.91657104,,,10.5178251,1.818618854
64.51499952,0.017230393,0.005861777,0.911763095,,,11.97217215,1.60783379
26.15906687,0.015984426,0.002706881,4.0238,,,8.174988201,0.853262123
36.47055088,0.015121077,0.003578592,4.204001103,,,9.270984968,1.526747342
33.92166481,0.017047846,0.002697806,2.722846149,,,9.099317901,1.320270635
40.00152803,0.017779874,0.002915164,3.923863111,,,9.947849003,1.330279578
45.55877197,0.013716061,0.003374587,4.481435119,,,10.71617282,1.80954791
38.92696403,0.021138105,0.003468835,4.77375,,,10.91132889,1.542308473
13.93011518,,,0.299947806,,,5.575082154,0.893277194
27.13356608,0.015707787,0.008309201,3.585484044,,,7.619923515,0.919914237
24.76882552,0.012054091,0.003896756,4.581430518,,,7.780232533,1.117428376
27.99340277,0.013161998,0.004632154,3.897086998,,,8.280820441,1.126706506
66.46363893,0.017462541,0.006757285,2.880112503,,,11.75364076,2.0212197
32.19180842,0.01134384,0.004353515,4.485881643,,,8.883702827,1.548682441
28.36430429,0.01207779,0.003470766,4.061438902,,,8.873376745,1.047345872
32.27359121,0.009502207,0.003889339,3.822819014,,,8.240334269,1.353375679
38.96002508,0.01918194,0.005384474,3.149601399,,,11.53067527,1.335833557
25.8005255,0.012803207,0.004281703,2.705798045,,,8.319308142,1.206638504
35.99423441,0.02947204,0.006055076,4.284054275,,,10.62803735,0.998261899
42.95293939,0.015063631,0.003967817,3.269170666,,,10.86157784,1.860984239
28.39852904,0.012008694,0.004469857,5.680152195,,,8.953352694,1.250460478
33.24150721,0.018302923,0.004950892,4.784800375,,,10.12557124,1.871220177
63.42192478,0.016752376,0.006097657,1.202770709,,,11.83813111,1.613832709
19.41490343,0.014778601,0.002565471,3.5008,,,7.030633345,0.801445769
35.93890206,0.012983437,0.003502125,4.62901973,,,9.395465671,1.595767507
33.14658884,0.016726568,0.002952975,2.163385632,,,9.049222308,1.319848601
42.81463964,0.01618061,0.003039215,4.432610407,,,10.09553082,1.52670688
44.48197455,0.013530571,0.003330009,4.389625722,,,10.61304618,1.787605601
37.53944947,0.020078721,0.003799106,5.124666667,,,10.94060763,1.521565097
33.82634554,0.010653486,0.002742269,4.700901471,,,9.952183496,1.552383007
16.24303472,0.008671466,0.002675261,0.397018824,,,5.912575856,0.895493398
27.27274307,0.014019588,0.008036628,3.759931329,,,7.636412252,0.899222057
24.65114486,0.011908871,0.004006795,4.939855107,,,7.810092626,1.085236858
27.68429009,0.012620808,0.004638774,4.332260162,,,8.20549195,1.118856646
65.78746429,0.016422421,0.006626941,3.425237653,,,11.81566551,1.966255405
30.07024566,0.010690014,0.004375113,5.018256837,,,8.800684686,1.484900589
27.94839843,0.011914465,0.003691384,3.93844974,,,8.91272299,1.054615961
32.02487189,0.009006385,0.003883039,4.347204076,,,8.361043194,1.325353351
37.04144032,0.018826523,0.005508878,3.468125874,,,11.21416848,1.314485253
25.0836153,0.012420286,0.004453195,3.062711899,,,8.186347211,1.176038208
35.35636132,0.029287044,0.006181341,4.412365862,,,10.51436442,0.954817133
40.33776498,0.014030031,0.004087079,3.312414087,,,10.66377346,1.720849222
27.99107194,0.011763306,0.004578557,5.909134034,,,8.975039193,1.255376001
30.45342183,0.018295656,0.004861413,4.646385421,,,9.773240382,1.910065646
62.3015396,0.016314924,0.006315466,1.470390035,,,11.71248013,1.618645761
8.614266842,0.015721895,0.002224124,3.0728,,,5.30713615,0.715979279
35.38859982,0.011145823,0.003431707,5.017654779,,,9.475968505,1.647240174
45.27360399,0.014729168,0.003149394,4.884210302,,,10.23247548,1.697388864
43.54610378,0.013375125,0.003294727,4.29688482,,,10.53261873,1.775902053
36.24863164,0.019614821,0.004337336,5.21425,,,10.88314878,1.452521772
32.27034476,0.010499361,0.002929116,4.749754412,,,9.680923126,1.484379487
27.38167406,0.012566928,0.007805646,3.926502808,,,7.639817762,0.880992408
24.44824659,0.01179759,0.00409053,5.248714375,,,7.812712635,1.053594385
27.42048111,0.012153057,0.004633324,4.72705284,,,8.136858478,1.109773969
65.23446673,0.015517329,0.006520673,3.923795299,,,11.8744989,1.924018552
28.16969338,0.010099274,0.004383905,5.491163184,,,8.708892795,1.420078061
27.56587274,0.011782312,0.003873139,3.823756813,,,8.936649872,1.061191976
31.84511651,0.008589436,0.003865273,4.819617389,,,8.455776398,1.299713862
35.03117669,0.018547898,0.005618284,3.706748252,,,10.85813315,1.27867508
24.48339931,0.012061815,0.00458227,3.373980965,,,8.066245947,1.152003879
34.85383433,0.029133666,0.00627154,4.526743499,,,10.42175999,0.921897082
38.16800044,0.013157537,0.004193906,3.369947368,,,10.50268515,1.601601675
27.6368137,0.01157711,0.004670047,6.108822862,,,8.992708093,1.259378707
28.03701629,0.018322759,0.004847913,4.501326178,,,9.460832526,1.935155259
61.15384399,0.015918038,0.006515205,1.714621073,,,11.59521919,1.622272946
34.81964417,0.009608237,0.003367337,5.36990625,,,9.51249347,1.681165341
47.37842108,0.013425548,0.003245701,5.278662794,,,10.35868298,1.842325529
42.75115967,0.013249725,0.003268743,4.203212413,,,10.47489049,1.774437268
35.05451056,0.019746405,0.005083524,5.0425,,,10.73895234,1.335178499
30.8837053,0.010376081,0.003099305,4.792235747,,,9.43724631,1.424907827
27.46035905,0.011349806,0.007616256,4.085198481,,,7.630140045,0.865225292
24.16013071,0.011720246,0.004147962,5.508008321,,,7.788092561,1.022500957
27.20197583,0.011758745,0.004615804,5.08146503,,,8.074920026,1.099458476
64.80464625,0.014747266,0.006438482,4.375785438,,,11.93014091,1.894509141
26.49015158,0.00957162,0.00437989,5.904600684,,,8.608327154,1.354214857
27.2167272,0.011681333,0.004016031,3.717360121,,,8.945157392,1.067073918
31.73432508,0.008251361,0.003836042,5.240058953,,,8.524533881,1.276457211
32.92923421,0.018346066,0.005712693,3.865468531,,,10.46256929,1.228403039
23.99987752,0.011727793,0.004668928,3.639605242,,,7.95900435,1.134535517
34.48665345,0.029011904,0.006325671,4.627187185,,,10.35022405,0.899501747
36.44364578,0.012446147,0.004288296,3.441770511,,,10.37831293,1.503241598
27.3357543,0.011450104,0.004744326,6.279218681,,,9.006359392,1.262468594
25.99229059,0.018384233,0.004910391,4.349622647,,,9.188347672,1.946489018
59.97883795,0.015561718,0.006696874,1.935463824,,,11.4863483,1.624714264
34.23203511,0.008370676,0.003309015,5.685774142,,,9.505040566,1.69754301
42.09714222,0.013154369,0.003252056,4.108608501,,,10.43986145,1.783211244
33.95708621,0.020473472,0.006037671,4.609416667,,,10.50801832,1.169535276
29.66642715,0.010283648,0.003252838,4.828345475,,,9.221153048,1.373968026
44.015923,0.011120077,0.003012904,2.613833333,,,10.56141058,1.821228878
27.50879805,0.010368222,0.007468458,4.236018348,,,7.6073791,0.851920708
23.78679723,0.01167684,0.004179091,5.717736946,,,7.736232404,0.991956573
27.02877423,0.011437873,0.004586215,5.395496734,,,8.019676594,1.087910167
64.49800286,0.014112232,0.006380367,4.781208072,,,11.98259155,1.877727171
25.03162027,0.009107053,0.004363069,6.258569337,,,8.498987764,1.287310977
26.90096182,0.011611526,0.00412006,3.619259663,,,8.938245548,1.072261787
31.69249759,0.00799216,0.003795344,5.608528767,,,8.567315642,1.255583399
30.73561287,0.018221027,0.005792104,3.944286713,,,10.02747688,1.163669129
23.63304993,0.011418221,0.004713171,3.859584731,,,7.86462242,1.123633122
34.25481866,0.028921761,0.006343735,4.713696921,,,10.29975661,0.887631126
35.16470099,0.011895863,0.00437025,3.527883514,,,10.29065679,1.425768991
27.08789375,0.011382289,0.004801395,6.420321489,,,9.015993091,1.264645664
24.31924474,0.018480077,0.005048847,4.191274827,,,8.95578582,1.944066923
58.77652148,0.015245963,0.006860472,2.132918286,,,11.38586745,1.625969715
33.62577264,0.007433143,0.003256741,5.965258456,,,9.453609794,1.69637318
28.61851032,0.010222061,0.003389713,4.858083597,,,9.03264334,1.331560086
40.73031583,0.010903601,0.003392806,2.87325,,,10.43740353,1.582356432
31.18019107,0.020222731,0.002936407,2.530965035,,,9.178110102,1.025864465
27.52699105,0.009622176,0.007362251,4.378962409,,,7.571534927,0.841078657
23.32824614,0.011667371,0.004183916,5.87790025,,,7.657132165,0.961961234
26.90087633,0.011190439,0.004544555,5.669147951,,,7.971128182,1.075129041
64.31453655,0.013612227,0.006346329,5.1400632,,,12.03185083,1.873672644
23.79409944,0.008705572,0.004333441,6.553069143,,,8.380874624,1.219366422
26.61857661,0.011572892,0.004185227,3.52945544,,,8.915914342,1.076755583
31.71963405,0.007811832,0.003743181,5.925026832,,,8.584121683,1.237092425
28.45031267,0.01817278,0.005856518,3.943202797,,,9.552855932,1.084473351
23.38291654,0.011133098,0.004714997,4.03391943,,,7.783100157,1.119296694
34.15832998,0.028863234,0.006325732,4.786272706,,,10.27035766,0.886285221
34.33116607,0.011506683,0.004439769,3.628286378,,,10.23971672,1.369183855
26.89323205,0.011373666,0.004841252,6.532131288,,,9.02160919,1.265909915
23.01787873,0.018610293,0.005263282,4.026282719,,,8.763146969,1.927888973
57.54689456,0.014970774,0.007006,2.30698446,,,11.29377666,1.626039298
33.00085676,0.006795636,0.003210515,6.208359191,,,9.358201154,1.677655851
27.73995481,0.010191321,0.003509931,4.881450113,,,8.871717187,1.297684006
38.02345736,0.01073516,0.003666325,2.97175,,,10.30480142,1.4154789
24.48262588,0.007444387,0.00425538,0.622723689,,,7.596770144,1.012375351
30.6734715,0.01864833,0.00316043,3.239404196,,,9.307175197,1.178081749
41.41673432,0.013087512,0.002226038,0.783708333,,,9.390030539,0.866319775
27.51493805,0.009111668,0.007297636,4.514030664,,,7.522607527,0.832699138
22.78447745,0.011691841,0.004162439,5.988498232,,,7.550791842,0.932514939
26.81828212,0.011016445,0.004490827,5.902418681,,,7.92927479,1.061115099
64.25424732,0.013247251,0.006336368,5.452350822,,,12.07791873,1.882345558
22.77758909,0.008367178,0.004291006,6.788100103,,,8.253987734,1.150381191
26.36957155,0.011565432,0.004211531,3.447947452,,,8.878163772,1.080555306
31.81573445,0.007710378,0.003679552,6.189553148,,,8.574952002,1.220984291
26.07333361,0.018201327,0.005905933,3.862216783,,,9.038706446,0.990815705
23.24947736,0.010872424,0.004674407,4.162609341,,,7.714437561,1.121526233
34.1971874,0.028836325,0.006271662,4.844914541,,,10.26202721,0.895464031
33.94304103,0.011278608,0.004496851,3.742979102,,,10.22549274,1.333486189
26.7517692,0.011424233,0.004863898,6.614648076,,,9.02320769,1.266261348
22.08819256,0.018774879,0.005553694,3.854646322,,,8.61043112,1.897955168
56.28995722,0.01473615,0.007133458,2.457662347,,,11.21007591,1.624923015
32.35728747,0.006458156,0.003170337,6.415076348,,,9.218814645,1.641391023
27.82586906,0.013828316,0.003035487,1.221042466,,,8.126706321,1.14429114
27.03076062,0.010191427,0.003613491,4.898445023,,,8.738374587,1.272339786
35.89534758,0.010614752,0.003833461,2.909333333,,,10.16360424,1.320596283
25.46554281,0.007173245,0.004044528,0.615934616,,,7.932954158,1.056911928
30.23691626,0.017375804,0.003352838,3.745414452,,,9.403072299,1.314061087
38.39620628,0.013116637,0.002250804,1.858291667,,,9.320611597,0.883358995
27.47263906,0.008836698,0.007274612,4.641223112,,,7.4605969,0.826782152
22.15549115,0.011750248,0.004114658,6.049530892,,,7.417211437,0.903617689
26.78099161,0.01091589,0.004425028,6.095308924,,,7.894116418,1.04586834
64.31713517,0.013017303,0.006350483,5.718070938,,,12.12079527,1.903745915
21.98208923,0.00809187,0.004235765,6.963662216,,,8.118327095,1.080355284
26.15394666,0.011589144,0.004198972,3.374735698,,,8.82499384,1.083660955
31.9807988,0.007687798,0.003604456,6.402107714,,,8.5398066,1.207258995
23.60467569,0.018306667,0.005940352,3.701328671,,,8.48502842,0.882696191
23.23273238,0.0106362,0.004591401,4.245654462,,,7.658634632,1.130321739
34.37139092,0.028841033,0.006181524,4.889622426,,,10.27476525,0.915167555
34.00032586,0.011211638,0.004541497,3.871961687,,,10.24798483,1.318675993
26.6635052,0.011533991,0.004869334,6.667871854,,,9.02078859,1.265699963
21.53018624,0.018973836,0.005920084,3.676365636,,,8.497638273,1.854265509
55.00570944,0.014542092,0.007242845,2.584951945,,,11.13476521,1.622620864
31.69506476,0.006420702,0.003136206,6.585409926,,,9.035450267,1.587578697
26.82737177,0.01318351,0.002807821,1.466388594,,,7.869296585,1.086194022
26.49092775,0.010222379,0.003700394,4.909068326,,,8.632615542,1.255527425
34.34598648,0.010542379,0.003894215,2.686,,,10.01381198,1.297708581
26.22679263,0.006893527,0.00365805,0.591835529,,,8.268919891,1.108501901
29.87052536,0.016405152,0.003513632,4.048995804,,,9.465801408,1.43380248
35.5465995,0.013077487,0.002261671,2.621375,,,9.172339029,0.883893027
27.40009407,0.008797266,0.007293179,4.760539755,,,7.385503045,0.823327697
21.44128725,0.011842594,0.004040574,6.060998232,,,7.256390948,0.875269483
26.78900479,0.010888775,0.00434716,6.247818681,,,7.865653066,1.029388765
64.50320011,0.012922384,0.006388674,5.937223549,,,12.16048043,1.937873713
21.40759985,0.007879648,0.004167717,7.079755482,,,7.973892706,1.009288702
25.97170193,0.011644029,0.004147551,3.309820179,,,8.756404545,1.086072531
32.2148271,0.007744092,0.003517896,6.562690531,,,8.478685476,1.195916538
21.04433891,0.018488799,0.005959772,3.460538462,,,7.891821855,0.760114808
23.3326816,0.010424425,0.004465978,4.283054795,,,7.61569137,1.145683212
34.68094053,0.028877358,0.006055319,4.920396359,,,10.30857179,0.945395795
34.50302056,0.011305773,0.004573707,4.015234133,,,10.30719301,1.324753268
26.62844005,0.01170294,0.004857559,6.691802621,,,9.014351889,1.26422576
21.34385976,0.019207164,0.006362453,3.491440661,,,8.424768428,1.796819995
53.69415123,0.0143886,0.007334162,2.688853256,,,11.06784455,1.619132847
31.01418865,0.006683275,0.003108124,6.719359926,,,8.80810802,1.516218871
25.79695715,0.012492485,0.002511179,1.8267071,,,7.582270544,1.019857605
26.12045619,0.010284178,0.00377064,4.913320023,,,8.55444005,1.247246925
33.37537407,0.010518039,0.003848585,2.30175,,,9.855424652,1.346815794
26.76637536,0.006605234,0.003095946,0.550426426,,,8.604667342,1.167145269
29.5742988,0.015736375,0.003642811,4.150148252,,,9.495362523,1.537305928
32.86791398,0.012970062,0.00225864,3.072958333,,,8.945212834,0.867921871
27.29730308,0.008993372,0.007353338,4.871980591,,,7.297325962,0.822335775
20.64186574,0.011968877,0.003940186,6.02290025,,,7.068330377,0.847470322
26.84232167,0.010935098,0.004257222,6.359947951,,,7.843884733,1.011676374
64.81244213,0.012962494,0.006450943,6.109808654,,,12.19697423,1.984728953
21.05412095,0.007730512,0.004086862,7.136379902,,,7.820684567,0.937181443
25.82283736,0.011730087,0.004057267,3.253200895,,,8.672395886,1.087790034
32.51781933,0.00787926,0.003419869,6.6713016,,,8.391588632,1.186956919
18.39232327,0.018747725,0.005964196,3.139846154,,,7.25908675,0.623071557
23.54932502,0.010237099,0.004298139,4.274810339,,,7.585607775,1.167610652
35.12583625,0.028945301,0.005893047,4.937236343,,,10.36344682,0.98614875
35.45112513,0.011561013,0.004593481,4.17279644,,,10.40311726,1.351718012
26.64657375,0.011931081,0.004828573,6.686440379,,,9.003897589,1.261838739
21.52921312,0.019474862,0.006880799,3.299871398,,,8.391821584,1.725618626
52.35528258,0.014275673,0.007407408,2.769366278,,,11.00931395,1.614458962
30.31465912,0.007245874,0.00308609,6.816926348,,,8.536787905,1.427311547
24.7346252,0.011755242,0.002145561,2.301997983,,,7.265628196,0.945281892
25.91934595,0.010376823,0.003824228,4.911200113,,,8.503848113,1.247498284
32.98351035,0.010541733,0.003696573,1.756583333,,,9.688442253,1.467917921
27.08429098,0.006308365,0.002358216,0.491707309,,,8.940196513,1.232842033
29.34823657,0.015369473,0.003740375,4.048871795,,,9.491755644,1.624571431
30.36014974,0.012794361,0.002241711,3.213041667,,,8.639233013,0.835445528
27.16426609,0.009425016,0.007455089,4.975545621,,,7.196065652,0.823806386
19.75722662,0.012129097,0.003813496,5.935236946,,,6.853029722,0.820220206
26.94094223,0.011054861,0.004155215,6.431696734,,,7.828811421,0.992731167
65.24486124,0.013137633,0.006537287,6.235826253,,,12.23027665,2.044311635
20.92165253,0.007644462,0.003993201,7.133535475,,,7.658702678,0.864033509
25.70735295,0.011847318,0.00392812,3.204877845,,,8.572967865,1.088813464
32.88977552,0.008093301,0.003310376,6.727940918,,,8.278516067,1.18038014
23.88266265,0.010074223,0.004087884,4.220921094,,,7.568383847,1.196104058
35.70607807,0.029044861,0.005694708,4.940142376,,,10.43939034,1.03742642
36.84463958,0.011977358,0.004600819,4.344648607,,,10.5357576,1.399570227
26.71790629,0.012218412,0.004782376,6.651785126,,,8.989425689,1.258538899
50.9891035,0.014203311,0.007462584,2.826491013,,,10.95917339,1.60859921
29.59647618,0.0081085,0.003070105,6.878109191,,,8.221489921,1.320856724
51.46765644,0.008318185,0.003516751,6.376976259,,,10.98180525,2.07498738
41.46496643,0.013328134,0.003395575,3.420298985,,,10.83023588,2.131314404
25.88759703,0.010500315,0.00386116,4.902708597,,,8.48083973,1.256281504
29.19233868,0.015304445,0.003806324,3.745166434,,,9.454980773,1.695598988
28.02330676,0.012550385,0.002210883,3.041625,,,8.254399566,0.786463997
27.00098311,0.010092198,0.007598431,5.071234845,,,7.081722115,0.827739529
18.7873699,0.012323256,0.003660502,5.798008321,,,6.610488985,0.793519134
27.0848665,0.011248063,0.004041137,6.46306503,,,7.820433128,0.972553143
65.80045743,0.013447801,0.006647708,6.315276347,,,12.26038771,2.116621758
21.0101946,0.007621499,0.003886733,7.071222201,,,7.48794704,0.789844899
25.6252487,0.011995721,0.00376011,3.16485103,,,8.458120481,1.08914282
33.33069564,0.008386216,0.003189418,6.732608488,,,8.13946778,1.176186199
24.33269448,0.009935796,0.003835212,4.121387061,,,7.564019586,1.231163432
36.421666,0.029176038,0.005460301,4.929114458,,,10.53640237,1.099228805
38.6835639,0.012554807,0.004595721,4.530790635,,,10.70511401,1.468309912
26.84243769,0.012564934,0.004718968,6.587836863,,,8.970936189,1.254326242
23.01495938,0.020113372,0.008145427,2.896800006,,,8.445696902,1.541948325
49.59561398,0.014171516,0.007499689,2.86022746,,,10.91742288,1.601553591
28.85963984,0.009271153,0.003060167,6.902908456,,,7.862214069,1.196854401
41.93836223,0.013473137,0.003453266,3.318243035,,,10.97680047,2.221998474
26.02520942,0.010654653,0.003881433,4.887845475,,,8.485414901,1.273596583
,,,0.322339029,,,,
29.10660513,0.015541293,0.003840658,3.239032168,,,9.385037907,1.7503886
25.85738505,0.012238134,0.002166158,2.558708333,,,7.790712493,0.720977279
26.80745413,0.010994918,0.007783365,5.159048263,,,6.95429535,0.834135204
17.73229557,0.012551353,0.003481205,5.611214375,,,6.340708164,0.767367106
27.27409445,0.011514705,0.00391499,6.45405284,,,7.818749856,0.951142302
66.4792307,0.013892998,0.006782206,6.348158935,,,12.28730739,2.201659324
21.31974715,0.007661623,0.003767459,6.94944008,,,7.308417653,0.714615614
25.57652461,0.012175298,0.003553238,3.133120449,,,8.327853734,1.088778103
33.84057971,0.008758005,0.003056994,6.685304309,,,7.974443772,1.174375097
24.89942051,0.009821818,0.003540124,3.976208238,,,7.572514992,1.272788773
37.27260002,0.029338833,0.005189827,4.90415259,,,10.65448288,1.171555906
40.96789809,0.013293362,0.004578187,4.731222523,,,10.9111865,1.557937068
27.02016793,0.012970647,0.004638349,6.49459559,,,8.948429089,1.249200766
24.31535228,0.020484183,0.008891708,2.685297877,,,8.532519063,1.429479393
48.17481403,0.014180285,0.007518724,2.870575619,,,10.88406241,1.593322106
28.10415008,0.010733832,0.003056277,6.891324142,,,7.458960348,1.05530458
42.55268469,0.013648184,0.003520256,3.21525558,,,11.14606426,2.322921305
26.33218313,0.010839838,0.00388505,4.866610747,,,8.517573626,1.299443523
29.09103591,0.016080015,0.003843377,2.530468998,,,9.281927048,1.788940267
23.86238461,0.011857607,0.002107534,1.764291667,,,7.248171793,0.638985373
26.58367916,0.012133177,0.00800989,5.238985875,,,6.813785357,0.842993412
16.59200364,0.012813387,0.003275604,5.374855107,,,6.043687261,0.741764123
27.5086261,0.011854785,0.003776774,6.404660162,,,7.823761603,0.928498645
67.28118105,0.014473223,0.006940781,6.334474017,,,12.31103571,2.299424331
21.85031019,0.007764832,0.003635378,6.768189112,,,7.120114515,0.638345652
25.56118068,0.012386048,0.003307503,3.109686104,,,8.182167624,1.087719313
34.41942773,0.009208667,0.002913104,6.58602838,,,7.783444043,1.174946834
25.58284074,0.00973229,0.00320262,3.785384627,,,7.593870065,1.320980081
38.25888014,0.029533245,0.004883286,4.865256771,,,10.79363189,1.254407721
43.69764216,0.014193021,0.004548216,4.945944272,,,11.15397508,1.668451693
27.25109702,0.013435552,0.00454052,6.372061306,,,8.921904389,1.243162473
25.98742501,0.020889364,0.009713967,2.46715146,,,8.659264227,1.303254606
46.72670365,0.014229621,0.007519689,2.85753549,,,10.85909199,1.583904753
43.3079338,0.013853277,0.003596542,3.111336621,,,11.33802726,2.434082898
26.80851816,0.011055869,0.003872009,4.839004412,,,8.577315905,1.333822322
29.14563102,0.016920611,0.003814482,1.619476923,,,9.145648196,1.811253989
26.32965819,0.013506973,0.008278007,5.31104768,,,6.660192137,0.854314152
15.36649409,0.013109359,0.003043701,5.088930518,,,5.719426275,0.716710185
27.78846144,0.012268305,0.003626488,6.314886998,,,7.83546837,0.904622172
68.20630849,0.015188478,0.007123431,6.274221594,,,12.33157266,2.409916781
22.60188371,0.007931128,0.00349049,6.527469298,,,6.923037628,0.561035015
25.57921691,0.01262797,0.003022905,3.094547993,,,8.021062151,1.08596645
35.06723969,0.009738204,0.002757748,6.434780702,,,7.566468592,1.177901409
26.38295517,0.009667211,0.002822699,3.548916226,,,7.628084805,1.375737356
39.38050637,0.029759274,0.004540678,4.812427002,,,10.9538494,1.347784251
27.53522497,0.013959647,0.00442548,6.220234013,,,8.89136209,1.236211361
28.0311776,0.021328917,0.010612204,2.242360754,,,8.825932392,1.163273964
45.25128283,0.014319522,0.007502583,2.821107073,,,10.84251162,1.573301532
44.20410957,0.014088414,0.003682126,3.006486157,,,11.55268946,2.555483253
27.45421451,0.011302746,0.003842311,4.805026471,,,8.664641738,1.376732982
29.27039048,0.018063083,0.003753971,0.506055944,,,8.976201351,1.817329766
26.04539122,0.015116308,0.008587715,5.37523368,,,6.49351569,0.868097424
14.05576695,0.013439269,0.002785494,4.753440607,,,5.367925206,0.692205291
28.11360048,0.012755264,0.003464132,6.184733347,,,7.853870158,0.879512883
69.25461301,0.016038761,0.007330159,6.167401664,,,12.34891823,2.533136672
25.63063331,0.012901065,0.002699445,3.087706116,,,7.844537316,1.083519513
27.29976381,0.009626582,0.002400363,3.266803037,,,7.675159212,1.437060598
40.63747869,0.03001692,0.004162002,4.745663283,,,11.1351354,1.451685497
27.87255176,0.014542933,0.004293228,6.039113709,,,8.85680219,1.228347431
30.44661002,0.02180284,0.011586419,2.010925759,,,9.032523558,1.009537468
43.74855157,0.014449988,0.007467407,2.761290368,,,10.8343213,1.561512445
45.241212,0.014353597,0.003777007,2.900704187,,,11.79005086,2.68712237
25.73087825,0.01696118,0.008939015,5.431543874,,,6.313756015,0.884343229
12.6598222,0.013803117,0.002500984,4.368385375,,,4.989184053,0.668249442
28.48404321,0.013315663,0.003289706,6.014199209,,,7.878966965,0.853170777
70.42609461,0.017024073,0.007560963,6.014014229,,,12.36307244,2.669084005
25.71542986,0.013205334,0.002337122,3.089160474,,,7.652593117,1.080378504
28.33326665,0.009610402,0.00193561,2.939045059,,,7.735093286,1.504949807
42.02979712,0.030306184,0.00374726,4.664965613,,,11.3374899,1.566111457
28.2630774,0.01518541,0.004143766,5.828700395,,,8.81822469,1.219570683
42.21850989,0.01462102,0.007414161,2.678085375,,,10.83452103,1.548537491
39.66039807,0.010696191,0.0031374,4.800520471,,,10.99818626,1.168180386
46.41924108,0.014648824,0.003881186,2.793990714,,,12.05011146,2.829000249
25.38611929,0.019041591,0.009331906,5.479978261,,,6.120913113,0.903051566
11.17865984,0.014200902,0.00219017,3.933764822,,,4.583202818,0.644842637
28.89978964,0.0139495,0.003103211,5.803284585,,,7.910758792,0.825595855
71.7207533,0.018144414,0.007815843,5.814059289,,,12.37403528,2.81775878
25.83360658,0.013540775,0.001935936,3.098911067,,,7.445229555,1.076543421
29.48346369,0.009618671,0.00142844,2.565642292,,,7.807887027,1.579404983
43.55746164,0.030627065,0.003296449,4.570333992,,,11.56091289,1.691062133
28.70680189,0.015887079,0.003977094,5.588994071,,,8.775629591,1.209881117
40.66115777,0.014832618,0.007342844,2.571492095,,,10.8431108,1.53437667
36.45300626,0.011609903,0.003025621,4.337761932,,,10.96333637,0.926937272
47.73819683,0.014974095,0.003994662,2.686345735,,,12.33287127,2.981116889
23.21848045,0.017623673,0.007158454,,0.000508067,0.006650386,4.125131344,
,,,,,,,
,,,,,,,
,,,,,,,
23.21848045,0.017623673,0.007158454,,0.000508067,0.006650386,4.125131344,
23.21848045,0.017623673,0.007158454,,0.000508067,0.006650386,4.125131344,
23.21848045,0.017623673,0.007158454,,0.000508067,0.006650386,4.125131344,
,,,,,,,
,,,,,,,
,,,,,,,
,,,,,,,
,,,,,,,
,,,,,,,
,,,,,,,
26.40689094,0.023317314,0.003837375,,0.000358049,0.003479327,4.656664003,
26.40689094,0.023317314,0.003837375,,0.000358049,0.003479327,4.656664003,
26.40689094,0.023317314,0.003837375,,0.000358049,0.003479327,4.656664003,
26.40689094,0.023317314,0.003837375,,0.000358049,0.003479327,4.656664003,
,,,,,,,
,,,,,,,
,,,,,,,
,,,,,,,
,,,,,,,
,,,,,,,
,,,,,,,
,,,,,,,
,,,,,,,
,,,,,,,
,,,,,,,
,,,,,,,
,,,,,,,
,,,,,,,
,,,,,,,
,,,,,,,
,,,,,,,
,,,,,,,
,,,,,,,
,,,,,,,
32.12775315,0.021587114,0.004803201,,0.000685282,0.004117919,6.310817876,
39.49312606,0.018560679,0.003691427,,0.000590531,0.003100896,7.512185328,
,,,,,,,
32.12775315,0.021587114,0.004803201,,0.000685282,0.004117919,6.310817876,
,,,,,,,
,,,,,,,
,,,,,,,
,,,,,,,
39.49312606,0.018560679,0.003691427,,0.000590531,0.003100896,7.512185328,
32.12775315,0.021587114,0.004803201,,0.000685282,0.004117919,6.310817876,
32.12775315,0.021587114,0.004803201,,0.000685282,0.004117919,6.310817876,
32.12775315,0.021587114,0.004803201,,0.000685282,0.004117919,6.310817876,
32.12775315,0.021587114,0.004803201,,0.000685282,0.004117919,6.310817876,
39.49312606,0.018560679,0.003691427,,0.000590531,0.003100896,7.512185328,
39.49312606,0.018560679,0.003691427,,0.000590531,0.003100896,7.512185328,
,,,,,,,
,,,,,,,
,,,,,,,
,,,,,,,
,,,,,,,
,,,,,,,
,,,,,,,
23.15972671,0.017786732,0.006161361,,0.000470356,0.005691004,5.157500741,
,,,,,,,
23.15972671,0.017786732,0.006161361,,0.000470356,0.005691004,5.157500741,
,,,,,,,
,,,,,,,
,,,,,,,
25.13063808,0.016338736,0.005027568,,0.000487792,0.004539776,4.883929481,
10.97772846,0.018131162,0.006788017,,0.000294726,0.006493292,3.20410926,
14.5461188,0.017975897,0.005976072,,0.000312104,0.005663968,3.118470465,
,,,,,,,
25.13063808,0.016338736,0.005027568,,0.000487792,0.004539776,4.883929481,
10.97772846,0.018131162,0.006788017,,0.000294726,0.006493292,3.20410926,
17.68320468,0.018448757,0.006692424,,0.000426641,0.006265782,4.410524466,
25.13063808,0.016338736,0.005027568,,0.000487792,0.004539776,4.883929481,
17.68320468,0.018448757,0.006692424,,0.000426641,0.006265782,4.410524466,
25.13063808,0.016338736,0.005027568,,0.000487792,0.004539776,4.883929481,
,,,,,,,
25.13063808,0.016338736,0.005027568,,0.000487792,0.004539776,4.883929481,
,,,,,,,
25.55150263,0.017319128,0.005638358,,0.000426171,0.005212187,5.677561008,
,,,,,,,
25.55150263,0.017319128,0.005638358,,0.000426171,0.005212187,5.677561008,
25.55150263,0.017319128,0.005638358,,0.000426171,0.005212187,5.677561008,
,,,,,,,
,,,,,,,
,,,,,,,
,,,,,,,
,,,,,,,
25.13063808,0.016338736,0.005027568,,0.000487792,0.004539776,4.883929481,
14.5461188,0.017975897,0.005976072,,0.000312104,0.005663968,3.118470465,
,,,,,,,
17.68320468,0.018448757,0.006692424,,0.000426641,0.006265782,4.410524466,
21.35919553,0.021768575,0.006946907,,0.000500749,0.006446158,4.646784592,
17.68320468,0.018448757,0.006692424,,0.000426641,0.006265782,4.410524466,
25.13063808,0.016338736,0.005027568,,0.000487792,0.004539776,4.883929481,
10.97772846,0.018131162,0.006788017,,0.000294726,0.006493292,3.20410926,
,,,,,,,
14.5461188,0.017975897,0.005976072,,0.000312104,0.005663968,3.118470465,
,,,,,,,
14.5461188,0.017975897,0.005976072,,0.000312104,0.005663968,3.118470465,
25.13063808,0.016338736,0.005027568,,0.000487792,0.004539776,4.883929481,
10.97772846,0.018131162,0.006788017,,0.000294726,0.006493292,3.20410926,
,,,,,,,
,,,,,,,
34.70645849,0.02624742,0.00379958,,0.000725623,0.003073957,5.04198573,
,,,,,,,
,,,,,,,
34.70645849,0.02624742,0.00379958,,0.000725623,0.003073957,5.04198573,
,,,,,,,
34.70645849,0.02624742,0.00379958,,0.000725623,0.003073957,5.04198573,
34.70645849,0.02624742,0.00379958,,0.000725623,0.003073957,5.04198573,
,,,,,,,
,,,,,,,
,,,,,,,
,,,,,,,
,,,,,,,
,,,,,,,
38.06426302,0.01749588,0.006177461,,0.000866805,0.005310656,6.527779509,
,,,,,,,
,,,,,,,
,,,,,,,
,,,,,,,
,,,,,,,
,,,,,,,
35.90387324,0.018050379,0.005870335,,0.000523607,0.005346728,6.150298042,
,,,,,,,
,,,,,,,
,,,,,,,
30.09513686,0.015888515,0.00518915,,0.000649558,0.004539591,5.788805405,
,,,,,,,
,,,,,,,
,,,,,,,
,,,,,,,
,,,,,,,
,,,,,,,
23.21848045,0.017623673,0.007158454,,0.000508067,0.006650386,4.125131344,
,,,,,,,
23.21848045,0.017623673,0.007158454,,0.000508067,0.006650386,4.125131344,
,,,,,,,
23.21848045,0.017623673,0.007158454,,0.000508067,0.006650386,4.125131344,
,,,,,,,
,,,,,,,
,,,,,,,
23.21848045,0.017623673,0.007158454,,0.000508067,0.006650386,4.125131344,
,,,,,,,
,,,,,,,
,,,,,,,
,,,,,,,
,,,,,,,
,,,,,,,
,,,,,,,
,,,,,,,
,,,,,,,
,,,,,,,
,,,,,,,
26.40689094,0.023317314,0.003837375,,0.000358049,0.003479327,4.656664003,
26.40689094,0.023317314,0.003837375,,0.000358049,0.003479327,4.656664003,
26.40689094,0.023317314,0.003837375,,0.000358049,0.003479327,4.656664003,
,,,,,,,
,,,,,,,
,,,,,,,
,,,,,,,
,,,,,,,
,,,,,,,
,,,,,,,
,,,,,,,
,,,,,,,
,,,,,,,
,,,,,,,
,,,,,,,
,,,,,,,
,,,,,,,
,,,,,,,
,,,,,,,
,,,,,,,
,,,,,,,
,,,,,,,
,,,,,,,
,,,,,,,
,,,,,,,
,,,,,,,
,,,,,,,
,,,,,,,
,,,,,,,
,,,,,,,
,,,,,,,
,,,,,,,
,,,,,,,
,,,,,,,
,,,,,,,
,,,,,,,
,,,,,,,
,,,,,,,
,,,,,,,
,,,,,,,
,,,,,,,
,,,,,,,
,,,,,,,
,,,,,,,
,,,,,,,
,,,,,,,
,,,,,,,
,,,,,,,
32.12775315,0.021587114,0.004803201,,0.000685282,0.004117919,6.310817876,
,,,,,,,
,,,,,,,
39.49312606,0.018560679,0.003691427,,0.000590531,0.003100896,7.512185328,
,,,,,,,
,,,,,,,
39.49312606,0.018560679,0.003691427,,0.000590531,0.003100896,7.512185328,
,,,,,,,
,,,,,,,
32.12775315,0.021587114,0.004803201,,0.000685282,0.004117919,6.310817876,
39.49312606,0.018560679,0.003691427,,0.000590531,0.003100896,7.512185328,
,,,,,,,
,,,,,,,
32.12775315,0.021587114,0.004803201,,0.000685282,0.004117919,6.310817876,
,,,,,,,
,,,,,,,
,,,,,,,
,,,,,,,
,,,,,,,
,,,,,,,
,,,,,,,
,,,,,,,
,,,,,,,
,,,,,,,
,,,,,,,
,,,,,,,
,,,,,,,
,,,,,,,
,,,,,,,
,,,,,,,
,,,,,,,
,,,,,,,
,,,,,,,
,,,,,,,
,,,,,,,
23.15972671,0.017786732,0.006161361,,0.000470356,0.005691004,5.157500741,
23.15972671,0.017786732,0.006161361,,0.000470356,0.005691004,5.157500741,
23.15972671,0.017786732,0.006161361,,0.000470356,0.005691004,5.157500741,
,,,,,,,
,,,,,,,
,,,,,,,
,,,,,,,
,,,,,,,
21.35919553,0.021768575,0.006946907,,0.000500749,0.006446158,4.646784592,
,,,,,,,
17.68320468,0.018448757,0.006692424,,0.000426641,0.006265782,4.410524466,
,,,,,,,
14.5461188,0.017975897,0.005976072,,0.000312104,0.005663968,3.118470465,
,,,,,,,
,,,,,,,
10.97772846,0.018131162,0.006788017,,0.000294726,0.006493292,3.20410926,
,,,,,,,
,,,,,,,
,,,,,,,
,,,,,,,
,,,,,,,
,,,,,,,
,,,,,,,
25.55150263,0.017319128,0.005638358,,0.000426171,0.005212187,5.677561008,
25.55150263,0.017319128,0.005638358,,0.000426171,0.005212187,5.677561008,
21.35919553,0.021768575,0.006946907,,0.000500749,0.006446158,4.646784592,
10.97772846,0.018131162,0.006788017,,0.000294726,0.006493292,3.20410926,
17.68320468,0.018448757,0.006692424,,0.000426641,0.006265782,4.410524466,
25.13063808,0.016338736,0.005027568,,0.000487792,0.004539776,4.883929481,
10.97772846,0.018131162,0.006788017,,0.000294726,0.006493292,3.20410926,
14.5461188,0.017975897,0.005976072,,0.000312104,0.005663968,3.118470465,
,,,,,,,
25.13063808,0.016338736,0.005027568,,0.000487792,0.004539776,4.883929481,
10.97772846,0.018131162,0.006788017,,0.000294726,0.006493292,3.20410926,
,,,,,,,
14.5461188,0.017975897,0.005976072,,0.000312104,0.005663968,3.118470465,
,,,,,,,
21.35919553,0.021768575,0.006946907,,0.000500749,0.006446158,4.646784592,
10.97772846,0.018131162,0.006788017,,0.000294726,0.006493292,3.20410926,
,,,,,,,
17.68320468,0.018448757,0.006692424,,0.000426641,0.006265782,4.410524466,
14.5461188,0.017975897,0.005976072,,0.000312104,0.005663968,3.118470465,
,,,,,,,
25.13063808,0.016338736,0.005027568,,0.000487792,0.004539776,4.883929481,
21.35919553,0.021768575,0.006946907,,0.000500749,0.006446158,4.646784592,
10.97772846,0.018131162,0.006788017,,0.000294726,0.006493292,3.20410926,
14.5461188,0.017975897,0.005976072,,0.000312104,0.005663968,3.118470465,
,,,,,,,
25.13063808,0.016338736,0.005027568,,0.000487792,0.004539776,4.883929481,
17.68320468,0.018448757,0.006692424,,0.000426641,0.006265782,4.410524466,
,,,,,,,
25.13063808,0.016338736,0.005027568,,0.000487792,0.004539776,4.883929481,
10.97772846,0.018131162,0.006788017,,0.000294726,0.006493292,3.20410926,
,,,,,,,
,,,,,,,
17.68320468,0.018448757,0.006692424,,0.000426641,0.006265782,4.410524466,
14.5461188,0.017975897,0.005976072,,0.000312104,0.005663968,3.118470465,
,,,,,,,
34.70645849,0.02624742,0.00379958,,0.000725623,0.003073957,5.04198573,
,,,,,,,
,,,,,,,
,,,,,,,
,,,,,,,
,,,,,,,
,,,,,,,
,,,,,,,
,,,,,,,
,,,,,,,
,,,,,,,
,,,,,,,
,,,,,,,
30.09513686,0.015888515,0.00518915,,0.000649558,0.004539591,5.788805405,
35.90387324,0.018050379,0.005870335,,0.000523607,0.005346728,6.150298042,
,,,,,,,
,,,,,,,
,,,,,,,
,,,,,,,
,,,,,,,
,,,,,,,
30.09513686,0.015888515,0.00518915,,0.000649558,0.004539591,5.788805405,
35.90387324,0.018050379,0.005870335,,0.000523607,0.005346728,6.150298042,
38.06426302,0.01749588,0.006177461,,0.000866805,0.005310656,6.527779509,
30.09513686,0.015888515,0.00518915,,0.000649558,0.004539591,5.788805405,
38.06426302,0.01749588,0.006177461,,0.000866805,0.005310656,6.527779509,
30.09513686,0.015888515,0.00518915,,0.000649558,0.004539591,5.788805405,
,,,,,,,
30.09513686,0.015888515,0.00518915,,0.000649558,0.004539591,5.788805405,
,,,,,,,
,,,,,,,
30.09513686,0.015888515,0.00518915,,0.000649558,0.004539591,5.788805405,
,,,,,,,
,,,,,,,
,,,,,,,
,,,,,,,
30.09513686,0.015888515,0.00518915,,0.000649558,0.004539591,5.788805405,
,,,,,,,
,,,,,,,
30.09513686,0.015888515,0.00518915,,0.000649558,0.004539591,5.788805405,
,,,,,,,
,,,,,,,
,,,,,,,
,,,,,,,
,,,,,,,
,,,,,,,
,,,,,,,
23.21848045,0.017623673,0.007158454,,0.000508067,0.006650386,4.125131344,
,,,,,,,
23.21848045,0.017623673,0.007158454,,0.000508067,0.006650386,4.125131344,
,,,,,,,
23.21848045,0.017623673,0.007158454,,0.000508067,0.006650386,4.125131344,
,,,,,,,
,,,,,,,
,,,,,,,
23.21848045,0.017623673,0.007158454,,0.000508067,0.006650386,4.125131344,
,,,,,,,
,,,,,,,
,,,,,,,
,,,,,,,
,,,,,,,
,,,,,,,
,,,,,,,
,,,,,,,
,,,,,,,
,,,,,,,
,,,,,,,
26.40689094,0.023317314,0.003837375,,0.000358049,0.003479327,4.656664003,
26.40689094,0.023317314,0.003837375,,0.000358049,0.003479327,4.656664003,
26.40689094,0.023317314,0.003837375,,0.000358049,0.003479327,4.656664003,
,,,,,,,
,,,,,,,
,,,,,,,
,,,,,,,
,,,,,,,
,,,,,,,
,,,,,,,
,,,,,,,
,,,,,,,
,,,,,,,
,,,,,,,
,,,,,,,
,,,,,,,
,,,,,,,
,,,,,,,
,,,,,,,
,,,,,,,
,,,,,,,
,,,,,,,
,,,,,,,
,,,,,,,
,,,,,,,
,,,,,,,
,,,,,,,
,,,,,,,
,,,,,,,
,,,,,,,
,,,,,,,
,,,,,,,
,,,,,,,
,,,,,,,
,,,,,,,
,,,,,,,
,,,,,,,
,,,,,,,
,,,,,,,
,,,,,,,
,,,,,,,
,,,,,,,
,,,,,,,
,,,,,,,
,,,,,,,
,,,,,,,
,,,,,,,
,,,,,,,
32.12775315,0.021587114,0.004803201,,0.000685282,0.004117919,6.310817876,
,,,,,,,
,,,,,,,
39.49312606,0.018560679,0.003691427,,0.000590531,0.003100896,7.512185328,
,,,,,,,
,,,,,,,
39.49312606,0.018560679,0.003691427,,0.000590531,0.003100896,7.512185328,
,,,,,,,
,,,,,,,
32.12775315,0.021587114,0.004803201,,0.000685282,0.004117919,6.310817876,
39.49312606,0.018560679,0.003691427,,0.000590531,0.003100896,7.512185328,
,,,,,,,
,,,,,,,
32.12775315,0.021587114,0.004803201,,0.000685282,0.004117919,6.310817876,
,,,,,,,
,,,,,,,
,,,,,,,
,,,,,,,
,,,,,,,
,,,,,,,
,,,,,,,
,,,,,,,
,,,,,,,
,,,,,,,
,,,,,,,
,,,,,,,
,,,,,,,
,,,,,,,
,,,,,,,
,,,,,,,
,,,,,,,
,,,,,,,
,,,,,,,
,,,,,,,
,,,,,,,
23.15972671,0.017786732,0.006161361,,0.000470356,0.005691004,5.157500741,
23.15972671,0.017786732,0.006161361,,0.000470356,0.005691004,5.157500741,
23.15972671,0.017786732,0.006161361,,0.000470356,0.005691004,5.157500741,
,,,,,,,
,,,,,,,
,,,,,,,
,,,,,,,
,,,,,,,
21.35919553,0.021768575,0.006946907,,0.000500749,0.006446158,4.646784592,
,,,,,,,
17.68320468,0.018448757,0.006692424,,0.000426641,0.006265782,4.410524466,
,,,,,,,
14.5461188,0.017975897,0.005976072,,0.000312104,0.005663968,3.118470465,
,,,,,,,
,,,,,,,
10.97772846,0.018131162,0.006788017,,0.000294726,0.006493292,3.20410926,
,,,,,,,
,,,,,,,
,,,,,,,
,,,,,,,
,,,,,,,
,,,,,,,
,,,,,,,
25.55150263,0.017319128,0.005638358,,0.000426171,0.005212187,5.677561008,
25.55150263,0.017319128,0.005638358,,0.000426171,0.005212187,5.677561008,
21.35919553,0.021768575,0.006946907,,0.000500749,0.006446158,4.646784592,
10.97772846,0.018131162,0.006788017,,0.000294726,0.006493292,3.20410926,
17.68320468,0.018448757,0.006692424,,0.000426641,0.006265782,4.410524466,
25.13063808,0.016338736,0.005027568,,0.000487792,0.004539776,4.883929481,
10.97772846,0.018131162,0.006788017,,0.000294726,0.006493292,3.20410926,
14.5461188,0.017975897,0.005976072,,0.000312104,0.005663968,3.118470465,
,,,,,,,
25.13063808,0.016338736,0.005027568,,0.000487792,0.004539776,4.883929481,
10.97772846,0.018131162,0.006788017,,0.000294726,0.006493292,3.20410926,
,,,,,,,
14.5461188,0.017975897,0.005976072,,0.000312104,0.005663968,3.118470465,
,,,,,,,
21.35919553,0.021768575,0.006946907,,0.000500749,0.006446158,4.646784592,
10.97772846,0.018131162,0.006788017,,0.000294726,0.006493292,3.20410926,
,,,,,,,
17.68320468,0.018448757,0.006692424,,0.000426641,0.006265782,4.410524466,
14.5461188,0.017975897,0.005976072,,0.000312104,0.005663968,3.118470465,
,,,,,,,
25.13063808,0.016338736,0.005027568,,0.000487792,0.004539776,4.883929481,
21.35919553,0.021768575,0.006946907,,0.000500749,0.006446158,4.646784592,
10.97772846,0.018131162,0.006788017,,0.000294726,0.006493292,3.20410926,
14.5461188,0.017975897,0.005976072,,0.000312104,0.005663968,3.118470465,
,,,,,,,
25.13063808,0.016338736,0.005027568,,0.000487792,0.004539776,4.883929481,
17.68320468,0.018448757,0.006692424,,0.000426641,0.006265782,4.410524466,
,,,,,,,
25.13063808,0.016338736,0.005027568,,0.000487792,0.004539776,4.883929481,
10.97772846,0.018131162,0.006788017,,0.000294726,0.006493292,3.20410926,
,,,,,,,
,,,,,,,
17.68320468,0.018448757,0.006692424,,0.000426641,0.006265782,4.410524466,
14.5461188,0.017975897,0.005976072,,0.000312104,0.005663968,3.118470465,
,,,,,,,
34.70645849,0.02624742,0.00379958,,0.000725623,0.003073957,5.04198573,
,,,,,,,
,,,,,,,
,,,,,,,
,,,,,,,
,,,,,,,
,,,,,,,
,,,,,,,
,,,,,,,
,,,,,,,
,,,,,,,
,,,,,,,
,,,,,,,
30.09513686,0.015888515,0.00518915,,0.000649558,0.004539591,5.788805405,
35.90387324,0.018050379,0.005870335,,0.000523607,0.005346728,6.150298042,
,,,,,,,
,,,,,,,
,,,,,,,
,,,,,,,
,,,,,,,
,,,,,,,
30.09513686,0.015888515,0.00518915,,0.000649558,0.004539591,5.788805405,
35.90387324,0.018050379,0.005870335,,0.000523607,0.005346728,6.150298042,
38.06426302,0.01749588,0.006177461,,0.000866805,0.005310656,6.527779509,
30.09513686,0.015888515,0.00518915,,0.000649558,0.004539591,5.788805405,
38.06426302,0.01749588,0.006177461,,0.000866805,0.005310656,6.527779509,
30.09513686,0.015888515,0.00518915,,0.000649558,0.004539591,5.788805405,
,,,,,,,
30.09513686,0.015888515,0.00518915,,0.000649558,0.004539591,5.788805405,
,,,,,,,
,,,,,,,
30.09513686,0.015888515,0.00518915,,0.000649558,0.004539591,5.788805405,
,,,,,,,
,,,,,,,
,,,,,,,
,,,,,,,
30.09513686,0.015888515,0.00518915,,0.000649558,0.004539591,5.788805405,
,,,,,,,
,,,,,,,
30.09513686,0.015888515,0.00518915,,0.000649558,0.004539591,5.788805405,
,,,,,,,
,,,,,,,
,,,,,,,
,,,,,,,
,,,,,,,
,,,,,,,
,,,,,,,
,,,,,,,
,,,,,,,
,,,,,,,
,,,,,,,
,,,,,,,
,,,,,,,
,,,,,,,
,,,,,,,
,,,,,,,
,,,,,,,
,,,,,,,
,,,,,,,
,,,,,,,
,,,,,,,
,,,,,,,
,,,,,,,
,,,,,,,
,,,,,,,
,,,,,,,
,,,,,,,
,,,,,,,
,,,,,,,
,,,,,,,
,,,,,,,
,,,,,,,
,,,,,,,
,,,,,,,
,,,,,,,
,,,,,,,
,,,,,,,
,,,,,,,
,,,,,,,
,,,,,,,
,,,,,,,
,,,,,,,
,,,,,,,
,,,,,,,
,,,,,,,
,,,,,,,
,,,,,,,
,,,,,,,
,,,,,,,
,,,,,,,
,,,,,,,
,,,,,,,
,,,,,,,
,,,,,,,
,,,,,,,
,,,,,,,
,,,,,,,
,,,,,,,
,,,,,,,
,,,,,,,
,,,,,,,
,,,,,,,
,,,,,,,
,,,,,,,
,,,,,,,
,,,,,,,
,,,,,,,
,,,,,,,
,,,,,,,
,,,,,,,
,,,,,,,
,,,,,,,
,,,,,,,
,,,,,,,
,,,,,,,
,,,,,,,
,,,,,,,
,,,,,,,
,,,,,,,
,,,,,,,
,,,,,,,
,,,,,,,
,,,,,,,
,,,,,,,
,,,,,,,
,,,,,,,
,,,,,,,
,,,,,,,
,,,,,,,
,,,,,,,
,,,,,,,
,,,,,,,
,,,,,,,
,,,,,,,
,,,,,,,
,,,,,,,
,,,,,,,
,,,,,,,
,,,,,,,
,,,,,,,
,,,,,,,
,,,,,,,
,,,,,,,
,,,,,,,
,,,,,,,
,,,,,,,
,,,,,,,
,,,,,,,
,,,,,,,
,,,,,,,
,,,,,,,
,,,,,,,
,,,,,,,
,,,,,,,
,,,,,,,
,,,,,,,
,,,,,,,
,,,,,,,
,,,,,,,
,,,,,,,
,,,,,,,
,,,,,,,
,,,,,,,
,,,,,,,
,,,,,,,
,,,,,,,
,,,,,,,
,,,,,,,
,,,,,,,
,,,,,,,
,,,,,,,
,,,,,,,
,,,,,,,
,,,,,,,
,,,,,,,
,,,,,,,
,,,,,,,
,,,,,,,
,,,,,,,
,,,,,,,
,,,,,,,
,,,,,,,
,,,,,,,
,,,,,,,
,,,,,,,
,,,,,,,
,,,,,,,
,,,,,,,
,,,,,,,
,0.026629859,0.020122,,0.00204223,0.01807977,,
,0.014665059,0.007646,,0.00074867,0.00689733,,
,0.019875945,0.01752,,0.00171441,0.01580559,,
,0.01487609,0.007947,,0.00091701,0.00702999,,
,0.015084598,0.016983,,0.00176757,0.01521543,,
,0.013042312,0.006809,,0.0007974,0.0060116,,
,,,,,,,
,0.007554115,0.006052,,0.00050502,0.00554698,,
,0.00986628,0.007553,,0.0006202,0.0069328,,
,0.012278503,0.007446,,0.00050945,0.00693655,,
,,,,,,,
,,,,,,,
,,,,,,,
,0.019367858,0.007178,,0.00056704,0.00661096,,
,0.018469398,0.011528,,0.00090815,0.01061985,,
,0.020603,0.008128,,0.00063349,0.00749451,,
,0.017459813,0.004765,,,,,
,0.028932163,0.012317,,0.00094359,0.01137341,,
,0.010499933,0.009315,,0.00099232,0.00832268,,
,0.011023458,0.011112,,0.00107649,0.01003551,,
,0.009587722,0.010877,,0.00117838,0.00969862,,
,0.011719883,0.012722,,0.00118724,0.01153476,,
,0.012465518,0.012907,,0.00135558,0.01155142,,
,0.009775786,0.010339,,0.00091258,0.00942642,,
,0.008759554,0.010828,,0.00069994,0.01012806,,
,0.013434847,0.010526,,0.00076196,0.00976404,,
,0.018343143,0.020274,,0.0012404,0.0190336,,
,0.02309374,0.019187,,0.00138659,0.01780041,,
,0.004053648,0.005679,,0.00041199,0.00526701,,
,0.017742297,0.003382,,0.00033225,0.00304975,,
,0.040645357,0.003839,,,,,
,0.006857327,0.005412,,0.00041642,0.00499558,,
,0.012016256,0.006304,,0.00038984,0.00591416,,
,0.012709304,0.00877,,0.00122711,0.00754289,,
,0.012313153,0.008056,,0.00106763,0.00698837,,
,0.009889329,0.008506,,0.00069108,0.00781492,,
,0.011430572,0.008609,,0.00104991,0.00755909,,
,0.004510064,0.006709,,0.00042085,0.00628815,,
,0.008745284,0.00719,,0.00050502,0.00668498,,
,0.006812911,0.006783,,0.00039427,0.00638873,,
,0.014433371,0.011833,,0.0011961,0.0106369,,
,0.013065184,0.009181,,0.00086828,0.00831272,,
,0.018376211,0.020108,,0.00205995,0.01804805,,
,0.014673658,0.021504,,0.00144861,0.02005539,,
,0.036158099,0.03319,,0.00257383,0.03061617,,
,0.012542465,0.009458,,0.00090372,0.00855428,,
,0.013709588,0.009806,,0.00089486,0.00891114,,
,,,,,,,
,,,,,,,
,,,,,,,
,,,,,,,
,,,,,,,
,,,,,,,
,,,,,,,
,,,,,,,
,,,,,,,
,,,,,,,
,,,,,,,
,,,,,,,
,,,,,,,
,,,,,,,
,,,,,,,
,,,,,,,
,,,,,,,
,,,,,,,
,,,,,,,
,,,,,,,
,,,,,,,
,,,,,,,
,,,,,,,
,,,,,,,
,,,,,,,
,,,,,,,
,,,,,,,
,,,,,,,
,,,,,,,
,,,,,,,
,,,,,,,
,,,,,,,
,,,,,,,
,,,,,,,
,,,,,,,
,,,,,,,
,,,,,,,
,,,,,,,
,,,,,,,
,,,,,,,
,,,,,,,
,,,,,,,
,,,,,,,
,,,,,,,
,,,,,,,
,,,,,,,
,,,,,,,
,,,,,,,
,,,,,,,
,,,,,,,
,,,,,,,
,,,,,,,
,,,,,,,
,,,,,,,
,,,,,,,
,,,,,,,
,,,,,,,
,,,,,,,
,,,,,,,
,,,,,,,
,,,,,,,
,,,,,,,
,,,,,,,
,,,,,,,
,,,,,,,
,,,,,,,
,,,,,,,
,,,,,,,
,,,,,,,
,,,,,,,
,,,,,,,
,,,,,,,
,,,,,,,
,,,,,,,
,,,,,,,
,,,,,,,
,,,,,,,
,,,,,,,
,,,,,,,
,,,,,,,
,,,,,,,
,,,,,,,
,,,,,,,
,,,,,,,
,,,,,,,
,,,,,,,
,,,,,,,
,,,,,,,
,,,,,,,
,,,,,,,
,,,,,,,
,,,,,,,
,,,,,,,
,,,,,,,
,,,,,,,
,,,,,,,
,,,,,,,
,,,,,,,
,,,,,,,
,,,,,,,
,,,,,,,
,,,,,,,
,,,,,,,
,,,,,,,
,,,,,,,
,,,,,,,
,,,,,,,
,,,,,,,
,,,,,,,
,,,,,,,
,,,,,,,
,,,,,,,
,,,,,,,
,,,,,,,
,,,,,,,
,,,,,,,
,,,,,,,
,,,,,,,
,,,,,,,
,,,,,,,
,,,,,,,
,,,,,,,
,,,,,,,
,,,,,,,
,,,,,,,
,,,,,,,
,,,,,,,
,,,,,,,
,,,,,,,
,,,,,,,
,,,,,,,
,,,,,,,
,,,,,,,
,,,,,,,
,,,,,,,
,,,,,,,
,,,,,,,
,,,,,,,
,,,,,,,
,,,,,,,
,,,,,,,
,,,,,,,
,,,,,,,
,,,,,,,
,,,,,,,
,,,,,,,
,,,,,,,
,,,,,,,
,,,,,,,
,,,,,,,
,,,,,,,
,,,,,,,
,,,,,,,
,,,,,,,
,,,,,,,
,,,,,,,
,,,,,,,
,,,,,,,
,,,,,,,
,,,,,,,
,,,,,,,
,,,,,,,
,,,,,,,
,,,,,,,
,,,,,,,
,,,,,,,
,,,,,,,
,,,,,,,
,,,,,,,
,,,,,,,
,,,,,,,
,,,,,,,
,,,,,,,
,,,,,,,
,,,,,,,
,,,,,,,
,,,,,,,
,,,,,,,
,,,,,,,
,,,,,,,
,,,,,,,
,,,,,,,
,,,,,,,
,,,,,,,
,,,,,,,
,,,,,,,
,,,,,,,
,,,,,,,
,,,,,,,
,,,,,,,
,,,,,,,
,,,,,,,
,,,,,,,
,,,,,,,
,,,,,,,
,,,,,,,
,,,,,,,
,,,,,,,
,,,,,,,
,,,,,,,
,,,,,,,
,,,,,,,
,,,,,,,
,,,,,,,
,,,,,,,
,,,,,,,
,,,,,,,
,,,,,,,
,,,,,,,
,,,,,,,
,,,,,,,
,,,,,,,
,,,,,,,
,,,,,,,
,,,,,,,
,,,,,,,
,,,,,,,
,,,,,,,
,,,,,,,
,,,,,,,
,,,,,,,
,,,,,,,
,,,,,,,
,,,,,,,
,,,,,,,
,,,,,,,
,,,,,,,
,,,,,,,
,,,,,,,
,,,,,,,
,,,,,,,
,,,,,,,
,,,,,,,
,,,,,,,
,,,,,,,
,,,,,,,
,,,,,,,
,,,,,,,
,,,,,,,
,,,,,,,
,,,,,,,
,,,,,,,
,,,,,,,
,,,,,,,
,,,,,,,
,,,,,,,
,,,,,,,
,,,,,,,
,,,,,,,
,,,,,,,
,,,,,,,
,,,,,,,
,,,,,,,
,,,,,,,
,,,,,,,
,,,,,,,
,,,,,,,
,,,,,,,
,,,,,,,
,,,,,,,
,,,,,,,
,,,,,,,
,,,,,,,
,,,,,,,
,,,,,,,
,,,,,,,
,,,,,,,
,,,,,,,
,,,,,,,
,,,,,,,
,,,,,,,
,,,,,,,
,,,,,,,
,,,,,,,
,,,,,,,
,,,,,,,
,,,,,,,
,,,,,,,
,,,,,,,
,,,,,,,
,,,,,,,
,,,,,,,
,,,,,,,
,,,,,,,
,,,,,,,
,,,,,,,
,,,,,,,
,,,,,,,
,,,,,,,
,,,,,,,
,,,,,,,
,,0.0073189,,0.000924098,0.006394802,,
,,0.0085005,,0.001091995,0.007408505,,
,,0.0075076,,0.000944476,0.006563124,,
,,0.0064774,,0.000771706,0.005705694,,
,,0.006661,,0.000964854,0.005696146,,
,,0.0082115,,0.000927642,0.007283858,,
,,0.0095456,,0.000896632,0.008648968,,
,,0.008747,,0.000895303,0.007851697,,
,,0.007931,,0.001033076,0.006897924,,
,,0.0100747,,0.000932958,0.009141742,,
,,0.0072552,,0.00078411,0.00647109,,
,,0.0087419,,0.001018457,0.007723443,,
,,0.0092621,,0.001066744,0.008195356,,
,,0.0166834,,0.000931186,0.015752214,,
,,0.0080581,,0.000842586,0.007215514,,
,,0.0099874,,0.001026431,0.008960969,,
,,0.0068441,,0.00073981,0.00610429,,
,,0.0071098,,0.000765504,0.006344296,,
,,0.0067018,,0.00088157,0.00582023,,
,,0.0053383,,0.000619757,0.004718543,,
,,0.0066389,,0.000888215,0.005750685,,
,,0.007676,,0.000955551,0.006720449,,
,,0.0092315,,0.000965297,0.008266203,,
,,0.008747,,0.001065415,0.007681585,,
,,0.009155,,0.00120053,0.00795447,,
,,0.0064773,,0.000786325,0.005690975,,
,,0.010325,,0.000727406,0.009597594,,
,,0.0173639,,0.000676904,0.016686996,,
,,0.0106708,,0.000921883,0.009748917,,
,,0.0128217,,0.000863407,0.011958293,,
,,0.0071303,,0.000691966,0.006438334,,
,,0.0079419,,0.000830182,0.007111718,,
,,0.0074537,,0.00089486,0.00655884,,
,,0.0093948,,0.001107057,0.008287743,,
,,0.0072118,,0.000894417,0.006317383,,
,,0.0185754,,0.000962639,0.017612761,,
,,0.0101355,,0.000942704,0.009192796,,
,,0.0142671,,0.001137624,0.013129476,,
,,0.0113333,,0.000848345,0.010484955,,
,,0.01144,,0.001140282,0.010299718,,
,,0.007686,,0.000807146,0.006878854,,
,,,,,,,
,,0.009507,,0.001048581,0.008458419,,
,,0.0094611,,0.00101447,0.00844663,,
,,0.0093438,,0.000844358,0.008499442,,
,,0.0102141,,0.000981688,0.009232412,,
,,0.0100045,,0.001245273,0.008759227,,
,,0.0082788,,0.001092881,0.007185919,,
,,0.010196,,0.001133637,0.009062363,,
,,0.0068732,,0.000684878,0.006188322,,
,,0.0097071,,0.001036177,0.008670923,,
,,0.007359,,0.000599822,0.006759178,,
,,0.0095944,,0.001117689,0.008476711,,
,,0.0086095,,0.00090372,0.00770578,,
,,0.0174446,,0.00108978,0.01635482,,
,,0.0067438,,0.000627288,0.006116512,,
,,0.0096141,,0.000834612,0.008779488,,
,,0.0066947,,0.000934287,0.005760413,,
,,0.0089394,,0.000831511,0.008107889,,
,,0.0096978,,0.00098789,0.00870991,,
,,0.0095262,,0.000975043,0.008551157,,
,,0.0089916,,0.000912137,0.008079463,,
,,0.0106094,,0.000827081,0.009782319,,
,,0.0098416,,0.001020229,0.008821371,,
,,0.0053918,,0.000540017,0.004851783,,
,,0.0088284,,0.000778351,0.008050049,,
,,0.0080144,,0.000848345,0.007166055,,
,,0.0115089,,0.000774807,0.010734093,,
,,0.016186,,0.001104399,0.015081601,,
,,0.0084407,,0.000931186,0.007509514,,
,,0.0083662,,0.000848788,0.007517412,,
,,0.0069049,,0.000614884,0.006290016,,
,,0.0093664,,0.000697282,0.008669118,,
,,0.0064517,,0.000588747,0.005862953,,
,,0.0108971,,0.001071617,0.009825483,,
,,0.0074767,,0.000784996,0.006691704,,
,,0.0098149,,0.000574128,0.009240772,,
,,0.005193,,0.000252953,0.004940047,,
,,0.0275094,,0.000804488,0.026704912,,
,,0.0192945,,0.00084613,0.01844837,,
,,0.0214006,,0.001042822,0.020357778,,
,,0.0283099,,0.000840371,0.027469529,,
,,0.0078162,,0.000751328,0.007064872,,
,,0.0188365,,0.000659184,0.018177316,,
,,0.0068257,,0.000837713,0.005987987,,
,,0.0186681,,0.00074424,0.01792386,,
,,0.0074223,,0.000802273,0.006620027,,
,,0.0084574,,0.000779237,0.007678163,,
,,0.0266939,,0.001099969,0.025593931,,
,,0.0106952,,0.000980802,0.009714398,,
,,0.0086725,,0.000680005,0.007992495,,
,,0.0095336,,0.000870052,0.008663548,,
,,0.0085345,,0.000865622,0.007668878,,
,,0.005668,,0.000670259,0.004997741,,
,,0.0059852,,0.000538245,0.005446955,,
,,0.0048718,,0.000563496,0.004308304,,
,,0.0065435,,0.000750885,0.005792615,,
,,0.0055773,,0.000773478,0.004803822,,
,,0.008104,,0.000886886,0.007217114,,
,,0.0082464,,0.00068665,0.00755975,,
,,0.0049049,,0.00058033,0.00432457,,
,,0.0079989,,0.000790312,0.007208588,,
,,0.0069693,,0.000879798,0.006089502,,
,,0.0089023,,0.000922769,0.007979531,,
,,0.0096056,,0.000936059,0.008669541,,
,,0.0071247,,0.000795185,0.006329515,,
,,0.0057768,,0.00092144,0.00485536,,
,,0.0059569,,0.000678233,0.005278667,,
,,0.0077092,,0.000891316,0.006817884,,
,,0.0041657,,0.000599822,0.003565878,,
,,0.0056801,,0.000754872,0.004925228,,
,,0.0100163,,0.000629946,0.009386354,,
,,0.0098893,,0.000880684,0.009008616,,
,,0.0095719,,0.000958209,0.008613691,,
,,0.0092861,,0.001053011,0.008233089,,
,,0.0104609,,0.001065858,0.009395042,,
,,0.0094306,,0.000944033,0.008486567,,
,,0.0101716,,0.001009154,0.009162446,,
,,0.0099601,,0.000864736,0.009095364,,
,,0.0104408,,0.001526135,0.008914665,,
,,0.010848,,0.001273625,0.009574375,,
,,0.0093945,,0.001048581,0.008345919,,
,,0.0077653,,0.000598493,0.007166807,,
,,0.0102562,,0.000954222,0.009301978,,
,,0.0074119,,0.000692852,0.006719048,,
,,0.0085954,,0.001005167,0.007590233,,
,,0.0051368,,0.000582545,0.004554255,,
,,0.0050369,,0.000553307,0.004483593,,
,,0.0056183,,0.000734051,0.004884249,,
26.76447412,0.019790797,0.008979122,3.212962055,,,7.547696358,0.968686196
24.74853403,0.012446343,0.00359777,3.715885375,,,7.6387921,1.183458544
28.7475392,0.014464697,0.004582706,2.905599209,,,8.451562485,1.138707777
68.18551947,0.019947869,0.007090204,1.650159684,,,11.62001715,2.169330615
37.09796539,0.012840751,0.004271898,3.242724716,,,9.023417861,1.673124118
29.29625649,0.012497959,0.002912943,4.332305929,,,8.748426166,1.030723475
32.97792168,0.010730474,0.003867542,2.618133643,,,7.920989256,1.416568852
42.52215804,0.020123155,0.005090673,2.272846154,,,12.04510322,1.335144561
27.5844285,0.013642396,0.003811472,1.855035968,,,8.623809006,1.287536996
37.67601888,0.029936883,0.005694342,3.985629249,,,10.91858869,1.116725575
49.51951783,0.017614144,0.003691983,3.225553406,,,11.36733485,2.203916684
29.37303977,0.012677043,0.004200823,5.134309486,,,8.897926897,1.237890976
39.93271752,0.018420571,0.005357782,5.041697416,,,10.95000196,1.752261677
65.58076382,0.017748975,0.005607826,0.597367194,,,12.11460323,1.600649004
28.84675716,0.019339371,0.002648356,4.6418,,,8.740200717,0.871428343
36.9835463,0.017558743,0.003661106,3.742598897,,,9.102526397,1.440179677
34.66482346,0.017322905,0.00237366,3.397279044,,,9.119797188,1.312453372
36.83426917,0.019526961,0.00277724,3.357968412,,,9.789430026,1.108106957
46.77649605,0.013931596,0.003428464,4.572313012,,,10.84199867,1.841728981
40.41117533,0.022792972,0.003346523,4.1615,,,10.79531257,1.5147519
11.39552854,,,0.185566772,,,5.237370171,0.898114386
26.9641431,0.017631523,0.008623366,3.403160953,,,7.59035155,0.943068951
24.80128858,0.012233248,0.003760415,4.173440607,,,7.723132358,1.150168938
28.34781914,0.013776628,0.004613465,3.421533347,,,8.362843953,1.13332355
67.26299066,0.018637691,0.006911706,2.288419846,,,11.68842464,2.088911436
34.53438166,0.012060752,0.00431911,3.894037603,,,8.957947219,1.611423618
28.81359031,0.012272288,0.003211286,4.192724298,,,8.818611137,1.03938171
32.59127447,0.010076904,0.003884174,3.246462203,,,8.093649623,1.383780847
40.78693099,0.019614151,0.005245072,2.751174825,,,11.80765352,1.342719993
26.6341299,0.013210577,0.004067795,2.303239401,,,8.46512874,1.243804766
36.7674536,0.029688653,0.005892743,4.141808737,,,10.76277878,1.052231379
46.01352367,0.016258335,0.003836118,3.240217105,,,11.0960983,2.022006727
28.85918498,0.012313273,0.004343945,5.421877346,,,8.927648595,1.244632136
36.40127244,0.018344562,0.005116348,4.91657104,,,10.5178251,1.818618854
64.51499952,0.017230393,0.005861777,0.911763095,,,11.97217215,1.60783379
26.15906687,0.015984426,0.002706881,4.0238,,,8.174988201,0.853262123
36.47055088,0.015121077,0.003578592,4.204001103,,,9.270984968,1.526747342
33.92166481,0.017047846,0.002697806,2.722846149,,,9.099317901,1.320270635
40.00152803,0.017779874,0.002915164,3.923863111,,,9.947849003,1.330279578
45.55877197,0.013716061,0.003374587,4.481435119,,,10.71617282,1.80954791
38.92696403,0.021138105,0.003468835,4.77375,,,10.91132889,1.542308473
13.93011518,,,0.299947806,,,5.575082154,0.893277194
27.13356608,0.015707787,0.008309201,3.585484044,,,7.619923515,0.919914237
24.76882552,0.012054091,0.003896756,4.581430518,,,7.780232533,1.117428376
27.99340277,0.013161998,0.004632154,3.897086998,,,8.280820441,1.126706506
66.46363893,0.017462541,0.006757285,2.880112503,,,11.75364076,2.0212197
32.19180842,0.01134384,0.004353515,4.485881643,,,8.883702827,1.548682441
28.36430429,0.01207779,0.003470766,4.061438902,,,8.873376745,1.047345872
32.27359121,0.009502207,0.003889339,3.822819014,,,8.240334269,1.353375679
38.96002508,0.01918194,0.005384474,3.149601399,,,11.53067527,1.335833557
25.8005255,0.012803207,0.004281703,2.705798045,,,8.319308142,1.206638504
35.99423441,0.02947204,0.006055076,4.284054275,,,10.62803735,0.998261899
42.95293939,0.015063631,0.003967817,3.269170666,,,10.86157784,1.860984239
28.39852904,0.012008694,0.004469857,5.680152195,,,8.953352694,1.250460478
33.24150721,0.018302923,0.004950892,4.784800375,,,10.12557124,1.871220177
63.42192478,0.016752376,0.006097657,1.202770709,,,11.83813111,1.613832709
19.41490343,0.014778601,0.002565471,3.5008,,,7.030633345,0.801445769
35.93890206,0.012983437,0.003502125,4.62901973,,,9.395465671,1.595767507
33.14658884,0.016726568,0.002952975,2.163385632,,,9.049222308,1.319848601
42.81463964,0.01618061,0.003039215,4.432610407,,,10.09553082,1.52670688
44.48197455,0.013530571,0.003330009,4.389625722,,,10.61304618,1.787605601
37.53944947,0.020078721,0.003799106,5.124666667,,,10.94060763,1.521565097
33.82634554,0.010653486,0.002742269,4.700901471,,,9.952183496,1.552383007
16.24303472,0.008671466,0.002675261,0.397018824,,,5.912575856,0.895493398
27.27274307,0.014019588,0.008036628,3.759931329,,,7.636412252,0.899222057
24.65114486,0.011908871,0.004006795,4.939855107,,,7.810092626,1.085236858
27.68429009,0.012620808,0.004638774,4.332260162,,,8.20549195,1.118856646
65.78746429,0.016422421,0.006626941,3.425237653,,,11.81566551,1.966255405
30.07024566,0.010690014,0.004375113,5.018256837,,,8.800684686,1.484900589
27.94839843,0.011914465,0.003691384,3.93844974,,,8.91272299,1.054615961
32.02487189,0.009006385,0.003883039,4.347204076,,,8.361043194,1.325353351
37.04144032,0.018826523,0.005508878,3.468125874,,,11.21416848,1.314485253
25.0836153,0.012420286,0.004453195,3.062711899,,,8.186347211,1.176038208
35.35636132,0.029287044,0.006181341,4.412365862,,,10.51436442,0.954817133
40.33776498,0.014030031,0.004087079,3.312414087,,,10.66377346,1.720849222
27.99107194,0.011763306,0.004578557,5.909134034,,,8.975039193,1.255376001
30.45342183,0.018295656,0.004861413,4.646385421,,,9.773240382,1.910065646
62.3015396,0.016314924,0.006315466,1.470390035,,,11.71248013,1.618645761
8.614266842,0.015721895,0.002224124,3.0728,,,5.30713615,0.715979279
35.38859982,0.011145823,0.003431707,5.017654779,,,9.475968505,1.647240174
45.27360399,0.014729168,0.003149394,4.884210302,,,10.23247548,1.697388864
43.54610378,0.013375125,0.003294727,4.29688482,,,10.53261873,1.775902053
36.24863164,0.019614821,0.004337336,5.21425,,,10.88314878,1.452521772
32.27034476,0.010499361,0.002929116,4.749754412,,,9.680923126,1.484379487
27.38167406,0.012566928,0.007805646,3.926502808,,,7.639817762,0.880992408
24.44824659,0.01179759,0.00409053,5.248714375,,,7.812712635,1.053594385
27.42048111,0.012153057,0.004633324,4.72705284,,,8.136858478,1.109773969
65.23446673,0.015517329,0.006520673,3.923795299,,,11.8744989,1.924018552
28.16969338,0.010099274,0.004383905,5.491163184,,,8.708892795,1.420078061
27.56587274,0.011782312,0.003873139,3.823756813,,,8.936649872,1.061191976
31.84511651,0.008589436,0.003865273,4.819617389,,,8.455776398,1.299713862
35.03117669,0.018547898,0.005618284,3.706748252,,,10.85813315,1.27867508
24.48339931,0.012061815,0.00458227,3.373980965,,,8.066245947,1.152003879
34.85383433,0.029133666,0.00627154,4.526743499,,,10.42175999,0.921897082
38.16800044,0.013157537,0.004193906,3.369947368,,,10.50268515,1.601601675
27.6368137,0.01157711,0.004670047,6.108822862,,,8.992708093,1.259378707
28.03701629,0.018322759,0.004847913,4.501326178,,,9.460832526,1.935155259
61.15384399,0.015918038,0.006515205,1.714621073,,,11.59521919,1.622272946
34.81964417,0.009608237,0.003367337,5.36990625,,,9.51249347,1.681165341
47.37842108,0.013425548,0.003245701,5.278662794,,,10.35868298,1.842325529
42.75115967,0.013249725,0.003268743,4.203212413,,,10.47489049,1.774437268
35.05451056,0.019746405,0.005083524,5.0425,,,10.73895234,1.335178499
30.8837053,0.010376081,0.003099305,4.792235747,,,9.43724631,1.424907827
27.46035905,0.011349806,0.007616256,4.085198481,,,7.630140045,0.865225292
24.16013071,0.011720246,0.004147962,5.508008321,,,7.788092561,1.022500957
27.20197583,0.011758745,0.004615804,5.08146503,,,8.074920026,1.099458476
64.80464625,0.014747266,0.006438482,4.375785438,,,11.93014091,1.894509141
26.49015158,0.00957162,0.00437989,5.904600684,,,8.608327154,1.354214857
27.2167272,0.011681333,0.004016031,3.717360121,,,8.945157392,1.067073918
31.73432508,0.008251361,0.003836042,5.240058953,,,8.524533881,1.276457211
32.92923421,0.018346066,0.005712693,3.865468531,,,10.46256929,1.228403039
23.99987752,0.011727793,0.004668928,3.639605242,,,7.95900435,1.134535517
34.48665345,0.029011904,0.006325671,4.627187185,,,10.35022405,0.899501747
36.44364578,0.012446147,0.004288296,3.441770511,,,10.37831293,1.503241598
27.3357543,0.011450104,0.004744326,6.279218681,,,9.006359392,1.262468594
25.99229059,0.018384233,0.004910391,4.349622647,,,9.188347672,1.946489018
59.97883795,0.015561718,0.006696874,1.935463824,,,11.4863483,1.624714264
34.23203511,0.008370676,0.003309015,5.685774142,,,9.505040566,1.69754301
42.09714222,0.013154369,0.003252056,4.108608501,,,10.43986145,1.783211244
33.95708621,0.020473472,0.006037671,4.609416667,,,10.50801832,1.169535276
29.66642715,0.010283648,0.003252838,4.828345475,,,9.221153048,1.373968026
44.015923,0.011120077,0.003012904,2.613833333,,,10.56141058,1.821228878
27.50879805,0.010368222,0.007468458,4.236018348,,,7.6073791,0.851920708
23.78679723,0.01167684,0.004179091,5.717736946,,,7.736232404,0.991956573
27.02877423,0.011437873,0.004586215,5.395496734,,,8.019676594,1.087910167
64.49800286,0.014112232,0.006380367,4.781208072,,,11.98259155,1.877727171
25.03162027,0.009107053,0.004363069,6.258569337,,,8.498987764,1.287310977
26.90096182,0.011611526,0.00412006,3.619259663,,,8.938245548,1.072261787
31.69249759,0.00799216,0.003795344,5.608528767,,,8.567315642,1.255583399
30.73561287,0.018221027,0.005792104,3.944286713,,,10.02747688,1.163669129
23.63304993,0.011418221,0.004713171,3.859584731,,,7.86462242,1.123633122
34.25481866,0.028921761,0.006343735,4.713696921,,,10.29975661,0.887631126
35.16470099,0.011895863,0.00437025,3.527883514,,,10.29065679,1.425768991
27.08789375,0.011382289,0.004801395,6.420321489,,,9.015993091,1.264645664
24.31924474,0.018480077,0.005048847,4.191274827,,,8.95578582,1.944066923
58.77652148,0.015245963,0.006860472,2.132918286,,,11.38586745,1.625969715
33.62577264,0.007433143,0.003256741,5.965258456,,,9.453609794,1.69637318
28.61851032,0.010222061,0.003389713,4.858083597,,,9.03264334,1.331560086
40.73031583,0.010903601,0.003392806,2.87325,,,10.43740353,1.582356432
31.18019107,0.020222731,0.002936407,2.530965035,,,9.178110102,1.025864465
27.52699105,0.009622176,0.007362251,4.378962409,,,7.571534927,0.841078657
23.32824614,0.011667371,0.004183916,5.87790025,,,7.657132165,0.961961234
26.90087633,0.011190439,0.004544555,5.669147951,,,7.971128182,1.075129041
64.31453655,0.013612227,0.006346329,5.1400632,,,12.03185083,1.873672644
23.79409944,0.008705572,0.004333441,6.553069143,,,8.380874624,1.219366422
26.61857661,0.011572892,0.004185227,3.52945544,,,8.915914342,1.076755583
31.71963405,0.007811832,0.003743181,5.925026832,,,8.584121683,1.237092425
28.45031267,0.01817278,0.005856518,3.943202797,,,9.552855932,1.084473351
23.38291654,0.011133098,0.004714997,4.03391943,,,7.783100157,1.119296694
34.15832998,0.028863234,0.006325732,4.786272706,,,10.27035766,0.886285221
34.33116607,0.011506683,0.004439769,3.628286378,,,10.23971672,1.369183855
26.89323205,0.011373666,0.004841252,6.532131288,,,9.02160919,1.265909915
23.01787873,0.018610293,0.005263282,4.026282719,,,8.763146969,1.927888973
57.54689456,0.014970774,0.007006,2.30698446,,,11.29377666,1.626039298
33.00085676,0.006795636,0.003210515,6.208359191,,,9.358201154,1.677655851
27.73995481,0.010191321,0.003509931,4.881450113,,,8.871717187,1.297684006
38.02345736,0.01073516,0.003666325,2.97175,,,10.30480142,1.4154789
24.48262588,0.007444387,0.00425538,0.622723689,,,7.596770144,1.012375351
30.6734715,0.01864833,0.00316043,3.239404196,,,9.307175197,1.178081749
41.41673432,0.013087512,0.002226038,0.783708333,,,9.390030539,0.866319775
27.51493805,0.009111668,0.007297636,4.514030664,,,7.522607527,0.832699138
22.78447745,0.011691841,0.004162439,5.988498232,,,7.550791842,0.932514939
26.81828212,0.011016445,0.004490827,5.902418681,,,7.92927479,1.061115099
64.25424732,0.013247251,0.006336368,5.452350822,,,12.07791873,1.882345558
22.77758909,0.008367178,0.004291006,6.788100103,,,8.253987734,1.150381191
26.36957155,0.011565432,0.004211531,3.447947452,,,8.878163772,1.080555306
31.81573445,0.007710378,0.003679552,6.189553148,,,8.574952002,1.220984291
26.07333361,0.018201327,0.005905933,3.862216783,,,9.038706446,0.990815705
23.24947736,0.010872424,0.004674407,4.162609341,,,7.714437561,1.121526233
34.1971874,0.028836325,0.006271662,4.844914541,,,10.26202721,0.895464031
33.94304103,0.011278608,0.004496851,3.742979102,,,10.22549274,1.333486189
26.7517692,0.011424233,0.004863898,6.614648076,,,9.02320769,1.266261348
22.08819256,0.018774879,0.005553694,3.854646322,,,8.61043112,1.897955168
56.28995722,0.01473615,0.007133458,2.457662347,,,11.21007591,1.624923015
32.35728747,0.006458156,0.003170337,6.415076348,,,9.218814645,1.641391023
27.82586906,0.013828316,0.003035487,1.221042466,,,8.126706321,1.14429114
27.03076062,0.010191427,0.003613491,4.898445023,,,8.738374587,1.272339786
35.89534758,0.010614752,0.003833461,2.909333333,,,10.16360424,1.320596283
25.46554281,0.007173245,0.004044528,0.615934616,,,7.932954158,1.056911928
30.23691626,0.017375804,0.003352838,3.745414452,,,9.403072299,1.314061087
38.39620628,0.013116637,0.002250804,1.858291667,,,9.320611597,0.883358995
27.47263906,0.008836698,0.007274612,4.641223112,,,7.4605969,0.826782152
22.15549115,0.011750248,0.004114658,6.049530892,,,7.417211437,0.903617689
26.78099161,0.01091589,0.004425028,6.095308924,,,7.894116418,1.04586834
64.31713517,0.013017303,0.006350483,5.718070938,,,12.12079527,1.903745915
21.98208923,0.00809187,0.004235765,6.963662216,,,8.118327095,1.080355284
26.15394666,0.011589144,0.004198972,3.374735698,,,8.82499384,1.083660955
31.9807988,0.007687798,0.003604456,6.402107714,,,8.5398066,1.207258995
23.60467569,0.018306667,0.005940352,3.701328671,,,8.48502842,0.882696191
23.23273238,0.0106362,0.004591401,4.245654462,,,7.658634632,1.130321739
34.37139092,0.028841033,0.006181524,4.889622426,,,10.27476525,0.915167555
34.00032586,0.011211638,0.004541497,3.871961687,,,10.24798483,1.318675993
26.6635052,0.011533991,0.004869334,6.667871854,,,9.02078859,1.265699963
21.53018624,0.018973836,0.005920084,3.676365636,,,8.497638273,1.854265509
55.00570944,0.014542092,0.007242845,2.584951945,,,11.13476521,1.622620864
31.69506476,0.006420702,0.003136206,6.585409926,,,9.035450267,1.587578697
26.82737177,0.01318351,0.002807821,1.466388594,,,7.869296585,1.086194022
26.49092775,0.010222379,0.003700394,4.909068326,,,8.632615542,1.255527425
34.34598648,0.010542379,0.003894215,2.686,,,10.01381198,1.297708581
26.22679263,0.006893527,0.00365805,0.591835529,,,8.268919891,1.108501901
29.87052536,0.016405152,0.003513632,4.048995804,,,9.465801408,1.43380248
35.5465995,0.013077487,0.002261671,2.621375,,,9.172339029,0.883893027
27.40009407,0.008797266,0.007293179,4.760539755,,,7.385503045,0.823327697
21.44128725,0.011842594,0.004040574,6.060998232,,,7.256390948,0.875269483
26.78900479,0.010888775,0.00434716,6.247818681,,,7.865653066,1.029388765
64.50320011,0.012922384,0.006388674,5.937223549,,,12.16048043,1.937873713
21.40759985,0.007879648,0.004167717,7.079755482,,,7.973892706,1.009288702
25.97170193,0.011644029,0.004147551,3.309820179,,,8.756404545,1.086072531
32.2148271,0.007744092,0.003517896,6.562690531,,,8.478685476,1.195916538
21.04433891,0.018488799,0.005959772,3.460538462,,,7.891821855,0.760114808
23.3326816,0.010424425,0.004465978,4.283054795,,,7.61569137,1.145683212
34.68094053,0.028877358,0.006055319,4.920396359,,,10.30857179,0.945395795
34.50302056,0.011305773,0.004573707,4.015234133,,,10.30719301,1.324753268
26.62844005,0.01170294,0.004857559,6.691802621,,,9.014351889,1.26422576
21.34385976,0.019207164,0.006362453,3.491440661,,,8.424768428,1.796819995
53.69415123,0.0143886,0.007334162,2.688853256,,,11.06784455,1.619132847
31.01418865,0.006683275,0.003108124,6.719359926,,,8.80810802,1.516218871
25.79695715,0.012492485,0.002511179,1.8267071,,,7.582270544,1.019857605
26.12045619,0.010284178,0.00377064,4.913320023,,,8.55444005,1.247246925
33.37537407,0.010518039,0.003848585,2.30175,,,9.855424652,1.346815794
26.76637536,0.006605234,0.003095946,0.550426426,,,8.604667342,1.167145269
29.5742988,0.015736375,0.003642811,4.150148252,,,9.495362523,1.537305928
32.86791398,0.012970062,0.00225864,3.072958333,,,8.945212834,0.867921871
27.29730308,0.008993372,0.007353338,4.871980591,,,7.297325962,0.822335775
20.64186574,0.011968877,0.003940186,6.02290025,,,7.068330377,0.847470322
26.84232167,0.010935098,0.004257222,6.359947951,,,7.843884733,1.011676374
64.81244213,0.012962494,0.006450943,6.109808654,,,12.19697423,1.984728953
21.05412095,0.007730512,0.004086862,7.136379902,,,7.820684567,0.937181443
25.82283736,0.011730087,0.004057267,3.253200895,,,8.672395886,1.087790034
32.51781933,0.00787926,0.003419869,6.6713016,,,8.391588632,1.186956919
18.39232327,0.018747725,0.005964196,3.139846154,,,7.25908675,0.623071557
23.54932502,0.010237099,0.004298139,4.274810339,,,7.585607775,1.167610652
35.12583625,0.028945301,0.005893047,4.937236343,,,10.36344682,0.98614875
35.45112513,0.011561013,0.004593481,4.17279644,,,10.40311726,1.351718012
26.64657375,0.011931081,0.004828573,6.686440379,,,9.003897589,1.261838739
21.52921312,0.019474862,0.006880799,3.299871398,,,8.391821584,1.725618626
52.35528258,0.014275673,0.007407408,2.769366278,,,11.00931395,1.614458962
30.31465912,0.007245874,0.00308609,6.816926348,,,8.536787905,1.427311547
24.7346252,0.011755242,0.002145561,2.301997983,,,7.265628196,0.945281892
25.91934595,0.010376823,0.003824228,4.911200113,,,8.503848113,1.247498284
32.98351035,0.010541733,0.003696573,1.756583333,,,9.688442253,1.467917921
27.08429098,0.006308365,0.002358216,0.491707309,,,8.940196513,1.232842033
29.34823657,0.015369473,0.003740375,4.048871795,,,9.491755644,1.624571431
30.36014974,0.012794361,0.002241711,3.213041667,,,8.639233013,0.835445528
27.16426609,0.009425016,0.007455089,4.975545621,,,7.196065652,0.823806386
19.75722662,0.012129097,0.003813496,5.935236946,,,6.853029722,0.820220206
26.94094223,0.011054861,0.004155215,6.431696734,,,7.828811421,0.992731167
65.24486124,0.013137633,0.006537287,6.235826253,,,12.23027665,2.044311635
20.92165253,0.007644462,0.003993201,7.133535475,,,7.658702678,0.864033509
25.70735295,0.011847318,0.00392812,3.204877845,,,8.572967865,1.088813464
32.88977552,0.008093301,0.003310376,6.727940918,,,8.278516067,1.18038014
23.88266265,0.010074223,0.004087884,4.220921094,,,7.568383847,1.196104058
35.70607807,0.029044861,0.005694708,4.940142376,,,10.43939034,1.03742642
36.84463958,0.011977358,0.004600819,4.344648607,,,10.5357576,1.399570227
26.71790629,0.012218412,0.004782376,6.651785126,,,8.989425689,1.258538899
50.9891035,0.014203311,0.007462584,2.826491013,,,10.95917339,1.60859921
29.59647618,0.0081085,0.003070105,6.878109191,,,8.221489921,1.320856724
51.46765644,0.008318185,0.003516751,6.376976259,,,10.98180525,2.07498738
41.46496643,0.013328134,0.003395575,3.420298985,,,10.83023588,2.131314404
25.88759703,0.010500315,0.00386116,4.902708597,,,8.48083973,1.256281504
29.19233868,0.015304445,0.003806324,3.745166434,,,9.454980773,1.695598988
28.02330676,0.012550385,0.002210883,3.041625,,,8.254399566,0.786463997
27.00098311,0.010092198,0.007598431,5.071234845,,,7.081722115,0.827739529
18.7873699,0.012323256,0.003660502,5.798008321,,,6.610488985,0.793519134
27.0848665,0.011248063,0.004041137,6.46306503,,,7.820433128,0.972553143
65.80045743,0.013447801,0.006647708,6.315276347,,,12.26038771,2.116621758
21.0101946,0.007621499,0.003886733,7.071222201,,,7.48794704,0.789844899
25.6252487,0.011995721,0.00376011,3.16485103,,,8.458120481,1.08914282
33.33069564,0.008386216,0.003189418,6.732608488,,,8.13946778,1.176186199
24.33269448,0.009935796,0.003835212,4.121387061,,,7.564019586,1.231163432
36.421666,0.029176038,0.005460301,4.929114458,,,10.53640237,1.099228805
38.6835639,0.012554807,0.004595721,4.530790635,,,10.70511401,1.468309912
26.84243769,0.012564934,0.004718968,6.587836863,,,8.970936189,1.254326242
23.01495938,0.020113372,0.008145427,2.896800006,,,8.445696902,1.541948325
49.59561398,0.014171516,0.007499689,2.86022746,,,10.91742288,1.601553591
28.85963984,0.009271153,0.003060167,6.902908456,,,7.862214069,1.196854401
41.93836223,0.013473137,0.003453266,3.318243035,,,10.97680047,2.221998474
26.02520942,0.010654653,0.003881433,4.887845475,,,8.485414901,1.273596583
,,,0.322339029,,,,
29.10660513,0.015541293,0.003840658,3.239032168,,,9.385037907,1.7503886
25.85738505,0.012238134,0.002166158,2.558708333,,,7.790712493,0.720977279
26.80745413,0.010994918,0.007783365,5.159048263,,,6.95429535,0.834135204
17.73229557,0.012551353,0.003481205,5.611214375,,,6.340708164,0.767367106
27.27409445,0.011514705,0.00391499,6.45405284,,,7.818749856,0.951142302
66.4792307,0.013892998,0.006782206,6.348158935,,,12.28730739,2.201659324
21.31974715,0.007661623,0.003767459,6.94944008,,,7.308417653,0.714615614
25.57652461,0.012175298,0.003553238,3.133120449,,,8.327853734,1.088778103
33.84057971,0.008758005,0.003056994,6.685304309,,,7.974443772,1.174375097
24.89942051,0.009821818,0.003540124,3.976208238,,,7.572514992,1.272788773
37.27260002,0.029338833,0.005189827,4.90415259,,,10.65448288,1.171555906
40.96789809,0.013293362,0.004578187,4.731222523,,,10.9111865,1.557937068
27.02016793,0.012970647,0.004638349,6.49459559,,,8.948429089,1.249200766
24.31535228,0.020484183,0.008891708,2.685297877,,,8.532519063,1.429479393
48.17481403,0.014180285,0.007518724,2.870575619,,,10.88406241,1.593322106
28.10415008,0.010733832,0.003056277,6.891324142,,,7.458960348,1.05530458
42.55268469,0.013648184,0.003520256,3.21525558,,,11.14606426,2.322921305
26.33218313,0.010839838,0.00388505,4.866610747,,,8.517573626,1.299443523
29.09103591,0.016080015,0.003843377,2.530468998,,,9.281927048,1.788940267
23.86238461,0.011857607,0.002107534,1.764291667,,,7.248171793,0.638985373
26.58367916,0.012133177,0.00800989,5.238985875,,,6.813785357,0.842993412
16.59200364,0.012813387,0.003275604,5.374855107,,,6.043687261,0.741764123
27.5086261,0.011854785,0.003776774,6.404660162,,,7.823761603,0.928498645
67.28118105,0.014473223,0.006940781,6.334474017,,,12.31103571,2.299424331
21.85031019,0.007764832,0.003635378,6.768189112,,,7.120114515,0.638345652
25.56118068,0.012386048,0.003307503,3.109686104,,,8.182167624,1.087719313
34.41942773,0.009208667,0.002913104,6.58602838,,,7.783444043,1.174946834
25.58284074,0.00973229,0.00320262,3.785384627,,,7.593870065,1.320980081
38.25888014,0.029533245,0.004883286,4.865256771,,,10.79363189,1.254407721
43.69764216,0.014193021,0.004548216,4.945944272,,,11.15397508,1.668451693
27.25109702,0.013435552,0.00454052,6.372061306,,,8.921904389,1.243162473
25.98742501,0.020889364,0.009713967,2.46715146,,,8.659264227,1.303254606
46.72670365,0.014229621,0.007519689,2.85753549,,,10.85909199,1.583904753
43.3079338,0.013853277,0.003596542,3.111336621,,,11.33802726,2.434082898
26.80851816,0.011055869,0.003872009,4.839004412,,,8.577315905,1.333822322
29.14563102,0.016920611,0.003814482,1.619476923,,,9.145648196,1.811253989
26.32965819,0.013506973,0.008278007,5.31104768,,,6.660192137,0.854314152
15.36649409,0.013109359,0.003043701,5.088930518,,,5.719426275,0.716710185
27.78846144,0.012268305,0.003626488,6.314886998,,,7.83546837,0.904622172
68.20630849,0.015188478,0.007123431,6.274221594,,,12.33157266,2.409916781
22.60188371,0.007931128,0.00349049,6.527469298,,,6.923037628,0.561035015
25.57921691,0.01262797,0.003022905,3.094547993,,,8.021062151,1.08596645
35.06723969,0.009738204,0.002757748,6.434780702,,,7.566468592,1.177901409
26.38295517,0.009667211,0.002822699,3.548916226,,,7.628084805,1.375737356
39.38050637,0.029759274,0.004540678,4.812427002,,,10.9538494,1.347784251
27.53522497,0.013959647,0.00442548,6.220234013,,,8.89136209,1.236211361
28.0311776,0.021328917,0.010612204,2.242360754,,,8.825932392,1.163273964
45.25128283,0.014319522,0.007502583,2.821107073,,,10.84251162,1.573301532
44.20410957,0.014088414,0.003682126,3.006486157,,,11.55268946,2.555483253
27.45421451,0.011302746,0.003842311,4.805026471,,,8.664641738,1.376732982
29.27039048,0.018063083,0.003753971,0.506055944,,,8.976201351,1.817329766
26.04539122,0.015116308,0.008587715,5.37523368,,,6.49351569,0.868097424
14.05576695,0.013439269,0.002785494,4.753440607,,,5.367925206,0.692205291
28.11360048,0.012755264,0.003464132,6.184733347,,,7.853870158,0.879512883
69.25461301,0.016038761,0.007330159,6.167401664,,,12.34891823,2.533136672
25.63063331,0.012901065,0.002699445,3.087706116,,,7.844537316,1.083519513
27.29976381,0.009626582,0.002400363,3.266803037,,,7.675159212,1.437060598
40.63747869,0.03001692,0.004162002,4.745663283,,,11.1351354,1.451685497
27.87255176,0.014542933,0.004293228,6.039113709,,,8.85680219,1.228347431
30.44661002,0.02180284,0.011586419,2.010925759,,,9.032523558,1.009537468
43.74855157,0.014449988,0.007467407,2.761290368,,,10.8343213,1.561512445
45.241212,0.014353597,0.003777007,2.900704187,,,11.79005086,2.68712237
25.73087825,0.01696118,0.008939015,5.431543874,,,6.313756015,0.884343229
12.6598222,0.013803117,0.002500984,4.368385375,,,4.989184053,0.668249442
28.48404321,0.013315663,0.003289706,6.014199209,,,7.878966965,0.853170777
70.42609461,0.017024073,0.007560963,6.014014229,,,12.36307244,2.669084005
25.71542986,0.013205334,0.002337122,3.089160474,,,7.652593117,1.080378504
28.33326665,0.009610402,0.00193561,2.939045059,,,7.735093286,1.504949807
42.02979712,0.030306184,0.00374726,4.664965613,,,11.3374899,1.566111457
28.2630774,0.01518541,0.004143766,5.828700395,,,8.81822469,1.219570683
42.21850989,0.01462102,0.007414161,2.678085375,,,10.83452103,1.548537491
39.66039807,0.010696191,0.0031374,4.800520471,,,10.99818626,1.168180386
46.41924108,0.014648824,0.003881186,2.793990714,,,12.05011146,2.829000249
25.38611929,0.019041591,0.009331906,5.479978261,,,6.120913113,0.903051566
11.17865984,0.014200902,0.00219017,3.933764822,,,4.583202818,0.644842637
28.89978964,0.0139495,0.003103211,5.803284585,,,7.910758792,0.825595855
71.7207533,0.018144414,0.007815843,5.814059289,,,12.37403528,2.81775878
25.83360658,0.013540775,0.001935936,3.098911067,,,7.445229555,1.076543421
29.48346369,0.009618671,0.00142844,2.565642292,,,7.807887027,1.579404983
43.55746164,0.030627065,0.003296449,4.570333992,,,11.56091289,1.691062133
28.70680189,0.015887079,0.003977094,5.588994071,,,8.775629591,1.209881117
40.66115777,0.014832618,0.007342844,2.571492095,,,10.8431108,1.53437667
36.45300626,0.011609903,0.003025621,4.337761932,,,10.96333637,0.926937272
47.73819683,0.014974095,0.003994662,2.686345735,,,12.33287127,2.981116889
,,0.021560571,,0.001622561,0.01993801,,
,,0.030231864,,0.00172076,0.028511104,,
53.11001069,0.010148147,0.007867388,,0.000898811,0.006968576,8.743683021,
65.21281332,0.014205928,0.009170499,,0.001237154,0.007933345,11.32691682,
47.96110261,0.007767551,0.007144072,,0.000646783,0.006497289,8.371873452,
52.08302264,0.011441208,0.007576908,,0.000899513,0.006677395,9.043495826,
34.45554143,0.016646596,0.006437673,,0.000848097,0.005589576,8.375241794,
61.57936875,0.008629089,0.007252095,,0.000749099,0.006502997,10.04742913,
50.68916905,0.006411667,0.005483565,,0.000499025,0.00498454,8.518461568,
34.36778646,0.013149324,0.008693388,,0.000938303,0.007755085,8.193228459,
41.47104089,0.006461103,0.005202962,,0.00036521,0.004837752,7.097336903,
,,0.008175464,,0.000787846,0.007387617,,
,,0.02155542,,0.001293397,0.020262023,,
,,0.023761394,,0.001447688,0.022313707,,
,,,,,,,
,,,,,,,
,0.012458426,,,,,,
,0.007553123,,,,,,
50.20459656,,0.00993156,,0.001066413,0.008865148,8.822713573,
47.07023642,0.011277223,0.005945259,,0.000628505,0.005316754,7.297554389,
,0.007455136,0.012358639,,0.00085473,0.011503908,,
44.68303834,,0.00733483,,0.00068366,0.00665117,7.143545311,
39.47869661,0.008186601,0.010361186,,0.00090091,0.009460276,7.695087325,
,,0.010066593,,0.000950569,0.009116024,,
45.93004472,,0.009496274,,,,8.250033539,
,0.005738133,0.0221311,,0.001067989,0.021063111,,
,0.010127583,0.008634805,,0.000746739,0.007888066,,
45.54849032,0.006968496,0.005658847,,,,7.299712985,
46.90255249,0.009929562,0.007996923,,0.000822725,0.007174198,8.078453245,
49.43817147,0.007693935,0.005570074,,0.000568295,0.005001779,8.186581814,
36.04674118,0.012156536,0.007475999,,0.000633374,0.006842625,6.398980181,
30.1836022,0.005925148,0.006479203,,,,5.775302835,
49.53026302,,0.007405508,,0.000717869,0.006687638,9.249968836,
42.01634254,,0.007491845,,,,6.967858045,
,,0.020010577,,0.000866576,0.019144001,,
,,,,,,5.437068447,
,,,,,,5.523736292,
,,,,,,,
,,,,,,8.804660526,
,,,,,,8.207338166,
,,,,,,9.922013803,
,,,,,,7.65169759,
,,,,,,,
,,,,,,13.93414831,
,,,,,,8.954600585,
,,,,,,7.215504043,
,,,,,,7.914742503,
,,,,,,,
,,,,,,7.002899731,
,,,,,,5.167297077,
,,,,,,5.973802348,
,,,,,,9.401050755,
,,,,,,6.33846885,
,,,,,,,
,,,,,,,
,,,,,,7.10826836,
,,,,,,8.005907102,
,,,,,,,
,,,,,,,
,,,,,,,
,,0.00929,,0.000777908,0.008512092,,
,,0.008455,,0.000835498,0.007619502,,
,,0.009074,,0.000683549,0.008390451,,
,,0.008976,,0.000731836,0.008244164,,
,,0.009604,,0.000872267,0.008731733,,
,,0.010631,,0.000937388,0.009693612,,
,,0.010816,,0.001207618,0.009608382,,
,,0.010518,,0.001025102,0.009492898,,
,,0.008672,,0.000625959,0.008046041,,
,,0.009349,,0.000650324,0.008698676,,
,,0.008605,,0.000571913,0.008033087,,
,,0.00894,,0.000736709,0.008203291,,
,,0.007807,,0.000695067,0.007111933,,
,,0.008676,,0.000557294,0.008118706,,
,,0.008524,,0.000758859,0.007765141,,
,,0.006035,,0.00060691,0.00542809,,
,,0.005774,,0.000595835,0.005178165,,
,,0.005589,,0.000356615,0.005232385,,
,,0.00523,,0.00065568,0.00457432,,
,,0.008947,,0.001002771,0.007944229,,
,,0.00713,,0.000830709,0.006299291,,
,,0.008321,,0.001061626,0.007259374,,
,,0.005382,,0.000765337,0.004616663,,
,,0.007117,,0.001116102,0.006000898,,
,,0.009225,,0.001254609,0.007970391,,
,,0.00549,,0.000698004,0.004791996,,
,,0.006082,,0.001013067,0.005068933,,
,,0.009312,,0.000965301,0.008346699,,
,,0.006217,,0.000897847,0.005319153,,
,,0.006082,,0.001013067,0.005068933,,
,,0.0076,,0.00101004,0.00658996,,
,,0.006453,,0.000768985,0.005684015,,
,,0.006082,,0.001013067,0.005068933,,
,,0.010478,,0.001100096,0.009377904,,
,,0.005765,,0.000738076,0.005026924,,
,,0.008539,,0.000957043,0.007581957,,
,,0.00802,,0.000802946,0.007217054,,
,,0.007238,,0.00078237,0.00645563,,
,,0.008527,,0.000887703,0.007639297,,
,,0.010975,,0.001259239,0.009715761,,
,,0.007808,,0.001013471,0.006794529,,
,,0.008314,,0.000928142,0.007385858,,
,,0.005615,,0.000773595,0.004841405,,
,,0.006708,,0.000971728,0.005736272,,
,,0.008242,,0.001047896,0.007194104,,
,,0.008655,,0.000839682,0.007815318,,
,,0.006384,,0.000865402,0.005518598,,
,,0.008122,,0.001072218,0.007049782,,
,,0.009751,,0.000946013,0.008804987,,
,,0.009291,,0.00114834,0.00814266,,
,,0.00961,,0.001366571,0.008243429,,
,,0.007332,,0.001071865,0.006260135,,
,,0.009026,,0.001107589,0.007918411,,
,,0.008582,,0.001091124,0.007490876,,
,,0.011845,,0.001154414,0.010690586,,
,,0.006777,,0.000957705,0.005819295,,
,,,,,,,
,,0.008222,,0.000874163,0.007347837,,
,,0.007189,,0.000939494,0.006249506,,
,,0.008723,,0.001383415,0.007339585,,
,,0.009004,,0.000813709,0.008190291,,
,,0.0077,,0.000873242,0.006826758,,
,,0.007524,,0.001099934,0.006424066,,
,,0.00797,,0.001090989,0.006879011,,
,,0.008613,,0.000961521,0.007651479,,
,,0.008322,,0.000715209,0.007606791,,
,,0.008024,,0.000956196,0.007067804,,
,,0.009432,,0.00095267,0.00847933,,
,,0.008711,,0.001018769,0.007692231,,
,,0.008048,,0.000663139,0.007384861,,
,,0.005442,,0.000593058,0.004848942,,
,,0.007449,,0.000782078,0.006666922,,
,,0.005409,,0.00064697,0.00476203,,
,,0.005142,,,,,
,,0.004787,,0.000833412,0.003953588,,
,,0.005626,,0.000750188,0.004875812,,
,,0.004874,,0.000962995,0.003911005,,
,,0.006241,,,,,
,,0.006747,,,,,
,,0.006164,,0.000914768,0.005249232,,
,,0.006556,,,,,
,,0.004356,,,,,
,,0.005696,,,,,
,,0.006968,,0.000694535,0.006273465,,
,,0.005442,,,,,
,,0.00539,,,,,
,,0.008182,,,,,
,,0.00532,,,,,
,,0.005306,,,,,
,,0.005373,,,,,
,,0.006986,,,,,
,,0.004682,,,,,
,,0.007864,,,,,
,,0.005175,,,,,
,,0.005408,,0.000646851,0.004761149,,
,,0.008405,,0.001009045,0.007395955,,
,,0.006783,,0.000769246,0.006013754,,
,,0.00807,,0.001104678,0.006965322,,
,,0.006039,,0.000781181,0.005257819,,
,,0.006023,,0.000789784,0.005233216,,
,,0.006686,,0.00062496,0.00606104,,
,,0.006044,,0.000599758,0.005444242,,
,,0.007164,,0.000758503,0.006405497,,
,,0.006045,,0.000744466,0.005300534,,
,,0.006277,,0.000789722,0.005487278,,
,,0.006841,,0.000918261,0.005922739,,
,,0.006699,,0.00098823,0.00571077,,
,,0.005412,,0.000728845,0.004683155,,
,,0.006603,,0.000868763,0.005734237,,
,,0.006667,,0.000915579,0.005751421,,
,,0.006138,,0.000696098,0.005441902,,
,,0.005737,,0.000584543,0.005152457,,
,,0.006281,,0.000912654,0.005368346,,
,,0.006479,,0.000792174,0.005686826,,
,,0.006484,,0.000629058,0.005854942,,
,,0.005945,,,,,
,,0.006429,,0.000865806,0.005563194,,
,,0.007684,,0.00051741,0.00716659,,
,,0.007107,,0.000661164,0.006445836,,
,,0.004819,,,,,
,,0.005833,,0.000545228,0.005287772,,
,,0.007545,,0.000377695,0.007167305,,
,,0.006364,,0.000648428,0.005715572,,
,,0.006511,,0.000657637,0.005853363,,
,,0.006335,,0.000606183,0.005728817,,
,,0.00592,,0.000965102,0.004954898,,
,,0.006303,,0.000745525,0.005557475,,
,,0.006017,,0.000788997,0.005228003,,
,,0.005499,,0.000708893,0.004790107,,
,,0.005187,,0.000749096,0.004437904,,
,,0.003995,,0.00049377,0.00350123,,
,,0.005034,,0.000468313,0.004565687,,
,,0.004682,,0.000597348,0.004084652,,
,,0.007135,,0.000360332,0.006774668,,
,,0.006568,,0.000468449,0.006099551,,
,,0.006828,,0.00054144,0.00628656,,
,,0.005785,,0.000594559,0.005190441,,
,,0.006061,,0.000606815,0.005454185,,
,,0.005413,,0.000410051,0.005002949,,
,,0.006187,,0.000600244,0.005586756,,
,,0.009423,,0.001022725,0.008400275,,
,,0.006564,,0.000881079,0.005682921,,
,,0.007211,,0.000824174,0.006386826,,
,,0.005628,,0.000725522,0.004902478,,
,,0.009484,,0.001134381,0.008349619,,
,,0.005371,,0.000566286,0.004804714,,
,,0.005938,,0.000723397,0.005214603,,
,,0.006456,,0.000589162,0.005866838,,
,,0.007766,,0.000791278,0.006974722,,
,,0.006822,,0.000658828,0.006163172,,
,,0.006422,,0.000620198,0.005801802,,
,,0.006736,,0.000605762,0.006130238,,
,,0.006099,,0.000516055,0.005582945,,
,,0.009147,,0.001288574,0.007858426,,
,,,,,,,
,,0.005871,,0.000785458,0.005085542,,
,,0.007003,,0.000850038,0.006152962,,
,,0.006463,,0.000712914,0.005750086,,
,,0.004109,,0.000411385,0.003697615,,
,,0.008945,,0.001121426,0.007823574,,
,,0.010074,,0.001079993,0.008994007,,
,,0.007053,,0.000856107,0.006196893,,
,,0.007818,,0.000782723,0.007035277,,
,,0.006254,,0.000429431,0.005824569,,
,,0.008263,,0.000406316,0.007856684,,
,,0.007017,,0.000419652,0.006597348,,
,,0.009447,,0.000359912,0.009087088,,
,,0.008298,,0.000374953,0.007923047,,
,,0.007948,,0.00051054,0.00743746,,
,,0.006591,,0.000437972,0.006153028,,
,,0.008433,,0.00032128,0.00811172,,
,,,,,,,
,,0.008945,,0.001121426,0.007823574,,
,,0.010074,,0.001079993,0.008994007,,
,,0.007053,,0.000856107,0.006196893,,
,,0.007818,,0.000782723,0.007035277,,
,,0.005556,,0.000718702,0.004837298,,
,,0.006029,,0.000608953,0.005420047,,
,,0.00566,,0.00066947,0.00499053,,
,,0.007178,,0.000731366,0.006446634,,
,,0.008514,,0.000769427,0.007744573,,
,,0.007034,,0.000838221,0.006195779,,
,,0.006693,,0.00083613,0.00585687,,
,,0.006182,,,,,
,,0.007258,,0.000671996,0.006586004,,
,,0.009061,,0.000923225,0.008137775,,
,,0.009026,,0.000799704,0.008226296,,
,,0.00853,,0.001076955,0.007453045,,
,,0.008908,,0.001045755,0.007862245,,
,,,,,,,
,,,,,,,
,,,,,,,
,,,,,,,
,,,,,,,
,,,,,,,
,,0.008589,,0.001118649,0.007470351,,
,,0.009226,,0.000923689,0.008302311,,
,,0.009542,,0.001090593,0.008451407,,
,,0.00854,,0.001184148,0.007355852,,
,,0.01075,,0.001314381,0.009435619,,
,,0.008355,,0.000973433,0.007381567,,
,,0.009457,,0.001177236,0.008279764,,
,,0.009838,,0.001311828,0.008526172,,
,,0.00898,,0.000926907,0.008053093,,
,,0.008926,,0.001008326,0.007917674,,
,,0.010456,,0.000981986,0.009474014,,
,,0.008322,,0.001271893,0.007050107,,
,,0.009325,,0.000950124,0.008374876,,
,,0.009056,,0.001071153,0.007984847,,
,,0.012388,,0.001251238,0.011136762,,
,,0.011276,,0.000999054,0.010276946,,
,,0.008879,,0.001003016,0.007875984,,
,,0.012163,,0.000986042,0.011176958,,
,,0.012065,,0.00092465,0.01114035,,
,,0.013016,,0.000991767,0.012024233,,
,,0.010047,,0.000996984,0.009050016,,
,,0.009376,,0.000963628,0.008412372,,
26.76447412,0.019790797,0.008979122,3.212962055,,,7.547696358,0.968686196
24.74853403,0.012446343,0.00359777,3.715885375,,,7.6387921,1.183458544
28.7475392,0.014464697,0.004582706,2.905599209,,,8.451562485,1.138707777
68.18551947,0.019947869,0.007090204,1.650159684,,,11.62001715,2.169330615
37.09796539,0.012840751,0.004271898,3.242724716,,,9.023417861,1.673124118
29.29625649,0.012497959,0.002912943,4.332305929,,,8.748426166,1.030723475
32.97792168,0.010730474,0.003867542,2.618133643,,,7.920989256,1.416568852
42.52215804,0.020123155,0.005090673,2.272846154,,,12.04510322,1.335144561
27.5844285,0.013642396,0.003811472,1.855035968,,,8.623809006,1.287536996
37.67601888,0.029936883,0.005694342,3.985629249,,,10.91858869,1.116725575
49.51951783,0.017614144,0.003691983,3.225553406,,,11.36733485,2.203916684
29.37303977,0.012677043,0.004200823,5.134309486,,,8.897926897,1.237890976
39.93271752,0.018420571,0.005357782,5.041697416,,,10.95000196,1.752261677
65.58076382,0.017748975,0.005607826,0.597367194,,,12.11460323,1.600649004
28.84675716,0.019339371,0.002648356,4.6418,,,8.740200717,0.871428343
36.9835463,0.017558743,0.003661106,3.742598897,,,9.102526397,1.440179677
34.66482346,0.017322905,0.00237366,3.397279044,,,9.119797188,1.312453372
36.83426917,0.019526961,0.00277724,3.357968412,,,9.789430026,1.108106957
46.77649605,0.013931596,0.003428464,4.572313012,,,10.84199867,1.841728981
40.41117533,0.022792972,0.003346523,4.1615,,,10.79531257,1.5147519
11.39552854,,,0.185566772,,,5.237370171,0.898114386
26.9641431,0.017631523,0.008623366,3.403160953,,,7.59035155,0.943068951
24.80128858,0.012233248,0.003760415,4.173440607,,,7.723132358,1.150168938
28.34781914,0.013776628,0.004613465,3.421533347,,,8.362843953,1.13332355
67.26299066,0.018637691,0.006911706,2.288419846,,,11.68842464,2.088911436
34.53438166,0.012060752,0.00431911,3.894037603,,,8.957947219,1.611423618
28.81359031,0.012272288,0.003211286,4.192724298,,,8.818611137,1.03938171
32.59127447,0.010076904,0.003884174,3.246462203,,,8.093649623,1.383780847
40.78693099,0.019614151,0.005245072,2.751174825,,,11.80765352,1.342719993
26.6341299,0.013210577,0.004067795,2.303239401,,,8.46512874,1.243804766
36.7674536,0.029688653,0.005892743,4.141808737,,,10.76277878,1.052231379
46.01352367,0.016258335,0.003836118,3.240217105,,,11.0960983,2.022006727
28.85918498,0.012313273,0.004343945,5.421877346,,,8.927648595,1.244632136
36.40127244,0.018344562,0.005116348,4.91657104,,,10.5178251,1.818618854
64.51499952,0.017230393,0.005861777,0.911763095,,,11.97217215,1.60783379
26.15906687,0.015984426,0.002706881,4.0238,,,8.174988201,0.853262123
36.47055088,0.015121077,0.003578592,4.204001103,,,9.270984968,1.526747342
33.92166481,0.017047846,0.002697806,2.722846149,,,9.099317901,1.320270635
40.00152803,0.017779874,0.002915164,3.923863111,,,9.947849003,1.330279578
45.55877197,0.013716061,0.003374587,4.481435119,,,10.71617282,1.80954791
38.92696403,0.021138105,0.003468835,4.77375,,,10.91132889,1.542308473
13.93011518,,,0.299947806,,,5.575082154,0.893277194
27.13356608,0.015707787,0.008309201,3.585484044,,,7.619923515,0.919914237
24.76882552,0.012054091,0.003896756,4.581430518,,,7.780232533,1.117428376
27.99340277,0.013161998,0.004632154,3.897086998,,,8.280820441,1.126706506
66.46363893,0.017462541,0.006757285,2.880112503,,,11.75364076,2.0212197
32.19180842,0.01134384,0.004353515,4.485881643,,,8.883702827,1.548682441
28.36430429,0.01207779,0.003470766,4.061438902,,,8.873376745,1.047345872
32.27359121,0.009502207,0.003889339,3.822819014,,,8.240334269,1.353375679
38.96002508,0.01918194,0.005384474,3.149601399,,,11.53067527,1.335833557
25.8005255,0.012803207,0.004281703,2.705798045,,,8.319308142,1.206638504
35.99423441,0.02947204,0.006055076,4.284054275,,,10.62803735,0.998261899
42.95293939,0.015063631,0.003967817,3.269170666,,,10.86157784,1.860984239
28.39852904,0.012008694,0.004469857,5.680152195,,,8.953352694,1.250460478
33.24150721,0.018302923,0.004950892,4.784800375,,,10.12557124,1.871220177
63.42192478,0.016752376,0.006097657,1.202770709,,,11.83813111,1.613832709
19.41490343,0.014778601,0.002565471,3.5008,,,7.030633345,0.801445769
35.93890206,0.012983437,0.003502125,4.62901973,,,9.395465671,1.595767507
33.14658884,0.016726568,0.002952975,2.163385632,,,9.049222308,1.319848601
42.81463964,0.01618061,0.003039215,4.432610407,,,10.09553082,1.52670688
44.48197455,0.013530571,0.003330009,4.389625722,,,10.61304618,1.787605601
37.53944947,0.020078721,0.003799106,5.124666667,,,10.94060763,1.521565097
33.82634554,0.010653486,0.002742269,4.700901471,,,9.952183496,1.552383007
16.24303472,0.008671466,0.002675261,0.397018824,,,5.912575856,0.895493398
27.27274307,0.014019588,0.008036628,3.759931329,,,7.636412252,0.899222057
24.65114486,0.011908871,0.004006795,4.939855107,,,7.810092626,1.085236858
27.68429009,0.012620808,0.004638774,4.332260162,,,8.20549195,1.118856646
65.78746429,0.016422421,0.006626941,3.425237653,,,11.81566551,1.966255405
30.07024566,0.010690014,0.004375113,5.018256837,,,8.800684686,1.484900589
27.94839843,0.011914465,0.003691384,3.93844974,,,8.91272299,1.054615961
32.02487189,0.009006385,0.003883039,4.347204076,,,8.361043194,1.325353351
37.04144032,0.018826523,0.005508878,3.468125874,,,11.21416848,1.314485253
25.0836153,0.012420286,0.004453195,3.062711899,,,8.186347211,1.176038208
35.35636132,0.029287044,0.006181341,4.412365862,,,10.51436442,0.954817133
40.33776498,0.014030031,0.004087079,3.312414087,,,10.66377346,1.720849222
27.99107194,0.011763306,0.004578557,5.909134034,,,8.975039193,1.255376001
30.45342183,0.018295656,0.004861413,4.646385421,,,9.773240382,1.910065646
62.3015396,0.016314924,0.006315466,1.470390035,,,11.71248013,1.618645761
8.614266842,0.015721895,0.002224124,3.0728,,,5.30713615,0.715979279
35.38859982,0.011145823,0.003431707,5.017654779,,,9.475968505,1.647240174
45.27360399,0.014729168,0.003149394,4.884210302,,,10.23247548,1.697388864
43.54610378,0.013375125,0.003294727,4.29688482,,,10.53261873,1.775902053
36.24863164,0.019614821,0.004337336,5.21425,,,10.88314878,1.452521772
32.27034476,0.010499361,0.002929116,4.749754412,,,9.680923126,1.484379487
27.38167406,0.012566928,0.007805646,3.926502808,,,7.639817762,0.880992408
24.44824659,0.01179759,0.00409053,5.248714375,,,7.812712635,1.053594385
27.42048111,0.012153057,0.004633324,4.72705284,,,8.136858478,1.109773969
65.23446673,0.015517329,0.006520673,3.923795299,,,11.8744989,1.924018552
28.16969338,0.010099274,0.004383905,5.491163184,,,8.708892795,1.420078061
27.56587274,0.011782312,0.003873139,3.823756813,,,8.936649872,1.061191976
31.84511651,0.008589436,0.003865273,4.819617389,,,8.455776398,1.299713862
35.03117669,0.018547898,0.005618284,3.706748252,,,10.85813315,1.27867508
24.48339931,0.012061815,0.00458227,3.373980965,,,8.066245947,1.152003879
34.85383433,0.029133666,0.00627154,4.526743499,,,10.42175999,0.921897082
38.16800044,0.013157537,0.004193906,3.369947368,,,10.50268515,1.601601675
27.6368137,0.01157711,0.004670047,6.108822862,,,8.992708093,1.259378707
28.03701629,0.018322759,0.004847913,4.501326178,,,9.460832526,1.935155259
61.15384399,0.015918038,0.006515205,1.714621073,,,11.59521919,1.622272946
34.81964417,0.009608237,0.003367337,5.36990625,,,9.51249347,1.681165341
47.37842108,0.013425548,0.003245701,5.278662794,,,10.35868298,1.842325529
42.75115967,0.013249725,0.003268743,4.203212413,,,10.47489049,1.774437268
35.05451056,0.019746405,0.005083524,5.0425,,,10.73895234,1.335178499
30.8837053,0.010376081,0.003099305,4.792235747,,,9.43724631,1.424907827
27.46035905,0.011349806,0.007616256,4.085198481,,,7.630140045,0.865225292
24.16013071,0.011720246,0.004147962,5.508008321,,,7.788092561,1.022500957
27.20197583,0.011758745,0.004615804,5.08146503,,,8.074920026,1.099458476
64.80464625,0.014747266,0.006438482,4.375785438,,,11.93014091,1.894509141
26.49015158,0.00957162,0.00437989,5.904600684,,,8.608327154,1.354214857
27.2167272,0.011681333,0.004016031,3.717360121,,,8.945157392,1.067073918
31.73432508,0.008251361,0.003836042,5.240058953,,,8.524533881,1.276457211
32.92923421,0.018346066,0.005712693,3.865468531,,,10.46256929,1.228403039
23.99987752,0.011727793,0.004668928,3.639605242,,,7.95900435,1.134535517
34.48665345,0.029011904,0.006325671,4.627187185,,,10.35022405,0.899501747
36.44364578,0.012446147,0.004288296,3.441770511,,,10.37831293,1.503241598
27.3357543,0.011450104,0.004744326,6.279218681,,,9.006359392,1.262468594
25.99229059,0.018384233,0.004910391,4.349622647,,,9.188347672,1.946489018
59.97883795,0.015561718,0.006696874,1.935463824,,,11.4863483,1.624714264
34.23203511,0.008370676,0.003309015,5.685774142,,,9.505040566,1.69754301
42.09714222,0.013154369,0.003252056,4.108608501,,,10.43986145,1.783211244
33.95708621,0.020473472,0.006037671,4.609416667,,,10.50801832,1.169535276
29.66642715,0.010283648,0.003252838,4.828345475,,,9.221153048,1.373968026
44.015923,0.011120077,0.003012904,2.613833333,,,10.56141058,1.821228878
27.50879805,0.010368222,0.007468458,4.236018348,,,7.6073791,0.851920708
23.78679723,0.01167684,0.004179091,5.717736946,,,7.736232404,0.991956573
27.02877423,0.011437873,0.004586215,5.395496734,,,8.019676594,1.087910167
64.49800286,0.014112232,0.006380367,4.781208072,,,11.98259155,1.877727171
25.03162027,0.009107053,0.004363069,6.258569337,,,8.498987764,1.287310977
26.90096182,0.011611526,0.00412006,3.619259663,,,8.938245548,1.072261787
31.69249759,0.00799216,0.003795344,5.608528767,,,8.567315642,1.255583399
30.73561287,0.018221027,0.005792104,3.944286713,,,10.02747688,1.163669129
23.63304993,0.011418221,0.004713171,3.859584731,,,7.86462242,1.123633122
34.25481866,0.028921761,0.006343735,4.713696921,,,10.29975661,0.887631126
35.16470099,0.011895863,0.00437025,3.527883514,,,10.29065679,1.425768991
27.08789375,0.011382289,0.004801395,6.420321489,,,9.015993091,1.264645664
24.31924474,0.018480077,0.005048847,4.191274827,,,8.95578582,1.944066923
58.77652148,0.015245963,0.006860472,2.132918286,,,11.38586745,1.625969715
33.62577264,0.007433143,0.003256741,5.965258456,,,9.453609794,1.69637318
28.61851032,0.010222061,0.003389713,4.858083597,,,9.03264334,1.331560086
40.73031583,0.010903601,0.003392806,2.87325,,,10.43740353,1.582356432
31.18019107,0.020222731,0.002936407,2.530965035,,,9.178110102,1.025864465
27.52699105,0.009622176,0.007362251,4.378962409,,,7.571534927,0.841078657
23.32824614,0.011667371,0.004183916,5.87790025,,,7.657132165,0.961961234
26.90087633,0.011190439,0.004544555,5.669147951,,,7.971128182,1.075129041
64.31453655,0.013612227,0.006346329,5.1400632,,,12.03185083,1.873672644
23.79409944,0.008705572,0.004333441,6.553069143,,,8.380874624,1.219366422
26.61857661,0.011572892,0.004185227,3.52945544,,,8.915914342,1.076755583
31.71963405,0.007811832,0.003743181,5.925026832,,,8.584121683,1.237092425
28.45031267,0.01817278,0.005856518,3.943202797,,,9.552855932,1.084473351
23.38291654,0.011133098,0.004714997,4.03391943,,,7.783100157,1.119296694
34.15832998,0.028863234,0.006325732,4.786272706,,,10.27035766,0.886285221
34.33116607,0.011506683,0.004439769,3.628286378,,,10.23971672,1.369183855
26.89323205,0.011373666,0.004841252,6.532131288,,,9.02160919,1.265909915
23.01787873,0.018610293,0.005263282,4.026282719,,,8.763146969,1.927888973
57.54689456,0.014970774,0.007006,2.30698446,,,11.29377666,1.626039298
33.00085676,0.006795636,0.003210515,6.208359191,,,9.358201154,1.677655851
27.73995481,0.010191321,0.003509931,4.881450113,,,8.871717187,1.297684006
38.02345736,0.01073516,0.003666325,2.97175,,,10.30480142,1.4154789
24.48262588,0.007444387,0.00425538,0.622723689,,,7.596770144,1.012375351
30.6734715,0.01864833,0.00316043,3.239404196,,,9.307175197,1.178081749
41.41673432,0.013087512,0.002226038,0.783708333,,,9.390030539,0.866319775
27.51493805,0.009111668,0.007297636,4.514030664,,,7.522607527,0.832699138
22.78447745,0.011691841,0.004162439,5.988498232,,,7.550791842,0.932514939
26.81828212,0.011016445,0.004490827,5.902418681,,,7.92927479,1.061115099
64.25424732,0.013247251,0.006336368,5.452350822,,,12.07791873,1.882345558
22.77758909,0.008367178,0.004291006,6.788100103,,,8.253987734,1.150381191
26.36957155,0.011565432,0.004211531,3.447947452,,,8.878163772,1.080555306
31.81573445,0.007710378,0.003679552,6.189553148,,,8.574952002,1.220984291
26.07333361,0.018201327,0.005905933,3.862216783,,,9.038706446,0.990815705
23.24947736,0.010872424,0.004674407,4.162609341,,,7.714437561,1.121526233
34.1971874,0.028836325,0.006271662,4.844914541,,,10.26202721,0.895464031
33.94304103,0.011278608,0.004496851,3.742979102,,,10.22549274,1.333486189
26.7517692,0.011424233,0.004863898,6.614648076,,,9.02320769,1.266261348
22.08819256,0.018774879,0.005553694,3.854646322,,,8.61043112,1.897955168
56.28995722,0.01473615,0.007133458,2.457662347,,,11.21007591,1.624923015
32.35728747,0.006458156,0.003170337,6.415076348,,,9.218814645,1.641391023
27.82586906,0.013828316,0.003035487,1.221042466,,,8.126706321,1.14429114
27.03076062,0.010191427,0.003613491,4.898445023,,,8.738374587,1.272339786
35.89534758,0.010614752,0.003833461,2.909333333,,,10.16360424,1.320596283
25.46554281,0.007173245,0.004044528,0.615934616,,,7.932954158,1.056911928
30.23691626,0.017375804,0.003352838,3.745414452,,,9.403072299,1.314061087
38.39620628,0.013116637,0.002250804,1.858291667,,,9.320611597,0.883358995
27.47263906,0.008836698,0.007274612,4.641223112,,,7.4605969,0.826782152
22.15549115,0.011750248,0.004114658,6.049530892,,,7.417211437,0.903617689
26.78099161,0.01091589,0.004425028,6.095308924,,,7.894116418,1.04586834
64.31713517,0.013017303,0.006350483,5.718070938,,,12.12079527,1.903745915
21.98208923,0.00809187,0.004235765,6.963662216,,,8.118327095,1.080355284
26.15394666,0.011589144,0.004198972,3.374735698,,,8.82499384,1.083660955
31.9807988,0.007687798,0.003604456,6.402107714,,,8.5398066,1.207258995
23.60467569,0.018306667,0.005940352,3.701328671,,,8.48502842,0.882696191
23.23273238,0.0106362,0.004591401,4.245654462,,,7.658634632,1.130321739
34.37139092,0.028841033,0.006181524,4.889622426,,,10.27476525,0.915167555
34.00032586,0.011211638,0.004541497,3.871961687,,,10.24798483,1.318675993
26.6635052,0.011533991,0.004869334,6.667871854,,,9.02078859,1.265699963
21.53018624,0.018973836,0.005920084,3.676365636,,,8.497638273,1.854265509
55.00570944,0.014542092,0.007242845,2.584951945,,,11.13476521,1.622620864
31.69506476,0.006420702,0.003136206,6.585409926,,,9.035450267,1.587578697
26.82737177,0.01318351,0.002807821,1.466388594,,,7.869296585,1.086194022
26.49092775,0.010222379,0.003700394,4.909068326,,,8.632615542,1.255527425
34.34598648,0.010542379,0.003894215,2.686,,,10.01381198,1.297708581
26.22679263,0.006893527,0.00365805,0.591835529,,,8.268919891,1.108501901
29.87052536,0.016405152,0.003513632,4.048995804,,,9.465801408,1.43380248
35.5465995,0.013077487,0.002261671,2.621375,,,9.172339029,0.883893027
27.40009407,0.008797266,0.007293179,4.760539755,,,7.385503045,0.823327697
21.44128725,0.011842594,0.004040574,6.060998232,,,7.256390948,0.875269483
26.78900479,0.010888775,0.00434716,6.247818681,,,7.865653066,1.029388765
64.50320011,0.012922384,0.006388674,5.937223549,,,12.16048043,1.937873713
21.40759985,0.007879648,0.004167717,7.079755482,,,7.973892706,1.009288702
25.97170193,0.011644029,0.004147551,3.309820179,,,8.756404545,1.086072531
32.2148271,0.007744092,0.003517896,6.562690531,,,8.478685476,1.195916538
21.04433891,0.018488799,0.005959772,3.460538462,,,7.891821855,0.760114808
23.3326816,0.010424425,0.004465978,4.283054795,,,7.61569137,1.145683212
34.68094053,0.028877358,0.006055319,4.920396359,,,10.30857179,0.945395795
34.50302056,0.011305773,0.004573707,4.015234133,,,10.30719301,1.324753268
26.62844005,0.01170294,0.004857559,6.691802621,,,9.014351889,1.26422576
21.34385976,0.019207164,0.006362453,3.491440661,,,8.424768428,1.796819995
53.69415123,0.0143886,0.007334162,2.688853256,,,11.06784455,1.619132847
31.01418865,0.006683275,0.003108124,6.719359926,,,8.80810802,1.516218871
25.79695715,0.012492485,0.002511179,1.8267071,,,7.582270544,1.019857605
26.12045619,0.010284178,0.00377064,4.913320023,,,8.55444005,1.247246925
33.37537407,0.010518039,0.003848585,2.30175,,,9.855424652,1.346815794
26.76637536,0.006605234,0.003095946,0.550426426,,,8.604667342,1.167145269
29.5742988,0.015736375,0.003642811,4.150148252,,,9.495362523,1.537305928
32.86791398,0.012970062,0.00225864,3.072958333,,,8.945212834,0.867921871
27.29730308,0.008993372,0.007353338,4.871980591,,,7.297325962,0.822335775
20.64186574,0.011968877,0.003940186,6.02290025,,,7.068330377,0.847470322
26.84232167,0.010935098,0.004257222,6.359947951,,,7.843884733,1.011676374
64.81244213,0.012962494,0.006450943,6.109808654,,,12.19697423,1.984728953
21.05412095,0.007730512,0.004086862,7.136379902,,,7.820684567,0.937181443
25.82283736,0.011730087,0.004057267,3.253200895,,,8.672395886,1.087790034
32.51781933,0.00787926,0.003419869,6.6713016,,,8.391588632,1.186956919
18.39232327,0.018747725,0.005964196,3.139846154,,,7.25908675,0.623071557
23.54932502,0.010237099,0.004298139,4.274810339,,,7.585607775,1.167610652
35.12583625,0.028945301,0.005893047,4.937236343,,,10.36344682,0.98614875
35.45112513,0.011561013,0.004593481,4.17279644,,,10.40311726,1.351718012
26.64657375,0.011931081,0.004828573,6.686440379,,,9.003897589,1.261838739
21.52921312,0.019474862,0.006880799,3.299871398,,,8.391821584,1.725618626
52.35528258,0.014275673,0.007407408,2.769366278,,,11.00931395,1.614458962
30.31465912,0.007245874,0.00308609,6.816926348,,,8.536787905,1.427311547
24.7346252,0.011755242,0.002145561,2.301997983,,,7.265628196,0.945281892
25.91934595,0.010376823,0.003824228,4.911200113,,,8.503848113,1.247498284
32.98351035,0.010541733,0.003696573,1.756583333,,,9.688442253,1.467917921
27.08429098,0.006308365,0.002358216,0.491707309,,,8.940196513,1.232842033
29.34823657,0.015369473,0.003740375,4.048871795,,,9.491755644,1.624571431
30.36014974,0.012794361,0.002241711,3.213041667,,,8.639233013,0.835445528
27.16426609,0.009425016,0.007455089,4.975545621,,,7.196065652,0.823806386
19.75722662,0.012129097,0.003813496,5.935236946,,,6.853029722,0.820220206
26.94094223,0.011054861,0.004155215,6.431696734,,,7.828811421,0.992731167
65.24486124,0.013137633,0.006537287,6.235826253,,,12.23027665,2.044311635
20.92165253,0.007644462,0.003993201,7.133535475,,,7.658702678,0.864033509
25.70735295,0.011847318,0.00392812,3.204877845,,,8.572967865,1.088813464
32.88977552,0.008093301,0.003310376,6.727940918,,,8.278516067,1.18038014
23.88266265,0.010074223,0.004087884,4.220921094,,,7.568383847,1.196104058
35.70607807,0.029044861,0.005694708,4.940142376,,,10.43939034,1.03742642
36.84463958,0.011977358,0.004600819,4.344648607,,,10.5357576,1.399570227
26.71790629,0.012218412,0.004782376,6.651785126,,,8.989425689,1.258538899
50.9891035,0.014203311,0.007462584,2.826491013,,,10.95917339,1.60859921
29.59647618,0.0081085,0.003070105,6.878109191,,,8.221489921,1.320856724
51.46765644,0.008318185,0.003516751,6.376976259,,,10.98180525,2.07498738
41.46496643,0.013328134,0.003395575,3.420298985,,,10.83023588,2.131314404
25.88759703,0.010500315,0.00386116,4.902708597,,,8.48083973,1.256281504
29.19233868,0.015304445,0.003806324,3.745166434,,,9.454980773,1.695598988
28.02330676,0.012550385,0.002210883,3.041625,,,8.254399566,0.786463997
27.00098311,0.010092198,0.007598431,5.071234845,,,7.081722115,0.827739529
18.7873699,0.012323256,0.003660502,5.798008321,,,6.610488985,0.793519134
27.0848665,0.011248063,0.004041137,6.46306503,,,7.820433128,0.972553143
65.80045743,0.013447801,0.006647708,6.315276347,,,12.26038771,2.116621758
21.0101946,0.007621499,0.003886733,7.071222201,,,7.48794704,0.789844899
25.6252487,0.011995721,0.00376011,3.16485103,,,8.458120481,1.08914282
33.33069564,0.008386216,0.003189418,6.732608488,,,8.13946778,1.176186199
24.33269448,0.009935796,0.003835212,4.121387061,,,7.564019586,1.231163432
36.421666,0.029176038,0.005460301,4.929114458,,,10.53640237,1.099228805
38.6835639,0.012554807,0.004595721,4.530790635,,,10.70511401,1.468309912
26.84243769,0.012564934,0.004718968,6.587836863,,,8.970936189,1.254326242
23.01495938,0.020113372,0.008145427,2.896800006,,,8.445696902,1.541948325
49.59561398,0.014171516,0.007499689,2.86022746,,,10.91742288,1.601553591
28.85963984,0.009271153,0.003060167,6.902908456,,,7.862214069,1.196854401
41.93836223,0.013473137,0.003453266,3.318243035,,,10.97680047,2.221998474
26.02520942,0.010654653,0.003881433,4.887845475,,,8.485414901,1.273596583
,,,0.322339029,,,,
29.10660513,0.015541293,0.003840658,3.239032168,,,9.385037907,1.7503886
25.85738505,0.012238134,0.002166158,2.558708333,,,7.790712493,0.720977279
26.80745413,0.010994918,0.007783365,5.159048263,,,6.95429535,0.834135204
17.73229557,0.012551353,0.003481205,5.611214375,,,6.340708164,0.767367106
27.27409445,0.011514705,0.00391499,6.45405284,,,7.818749856,0.951142302
66.4792307,0.013892998,0.006782206,6.348158935,,,12.28730739,2.201659324
21.31974715,0.007661623,0.003767459,6.94944008,,,7.308417653,0.714615614
25.57652461,0.012175298,0.003553238,3.133120449,,,8.327853734,1.088778103
33.84057971,0.008758005,0.003056994,6.685304309,,,7.974443772,1.174375097
24.89942051,0.009821818,0.003540124,3.976208238,,,7.572514992,1.272788773
37.27260002,0.029338833,0.005189827,4.90415259,,,10.65448288,1.171555906
40.96789809,0.013293362,0.004578187,4.731222523,,,10.9111865,1.557937068
27.02016793,0.012970647,0.004638349,6.49459559,,,8.948429089,1.249200766
24.31535228,0.020484183,0.008891708,2.685297877,,,8.532519063,1.429479393
48.17481403,0.014180285,0.007518724,2.870575619,,,10.88406241,1.593322106
28.10415008,0.010733832,0.003056277,6.891324142,,,7.458960348,1.05530458
42.55268469,0.013648184,0.003520256,3.21525558,,,11.14606426,2.322921305
26.33218313,0.010839838,0.00388505,4.866610747,,,8.517573626,1.299443523
29.09103591,0.016080015,0.003843377,2.530468998,,,9.281927048,1.788940267
23.86238461,0.011857607,0.002107534,1.764291667,,,7.248171793,0.638985373
26.58367916,0.012133177,0.00800989,5.238985875,,,6.813785357,0.842993412
16.59200364,0.012813387,0.003275604,5.374855107,,,6.043687261,0.741764123
27.5086261,0.011854785,0.003776774,6.404660162,,,7.823761603,0.928498645
67.28118105,0.014473223,0.006940781,6.334474017,,,12.31103571,2.299424331
21.85031019,0.007764832,0.003635378,6.768189112,,,7.120114515,0.638345652
25.56118068,0.012386048,0.003307503,3.109686104,,,8.182167624,1.087719313
34.41942773,0.009208667,0.002913104,6.58602838,,,7.783444043,1.174946834
25.58284074,0.00973229,0.00320262,3.785384627,,,7.593870065,1.320980081
38.25888014,0.029533245,0.004883286,4.865256771,,,10.79363189,1.254407721
43.69764216,0.014193021,0.004548216,4.945944272,,,11.15397508,1.668451693
27.25109702,0.013435552,0.00454052,6.372061306,,,8.921904389,1.243162473
25.98742501,0.020889364,0.009713967,2.46715146,,,8.659264227,1.303254606
46.72670365,0.014229621,0.007519689,2.85753549,,,10.85909199,1.583904753
43.3079338,0.013853277,0.003596542,3.111336621,,,11.33802726,2.434082898
26.80851816,0.011055869,0.003872009,4.839004412,,,8.577315905,1.333822322
29.14563102,0.016920611,0.003814482,1.619476923,,,9.145648196,1.811253989
26.32965819,0.013506973,0.008278007,5.31104768,,,6.660192137,0.854314152
15.36649409,0.013109359,0.003043701,5.088930518,,,5.719426275,0.716710185
27.78846144,0.012268305,0.003626488,6.314886998,,,7.83546837,0.904622172
68.20630849,0.015188478,0.007123431,6.274221594,,,12.33157266,2.409916781
22.60188371,0.007931128,0.00349049,6.527469298,,,6.923037628,0.561035015
25.57921691,0.01262797,0.003022905,3.094547993,,,8.021062151,1.08596645
35.06723969,0.009738204,0.002757748,6.434780702,,,7.566468592,1.177901409
26.38295517,0.009667211,0.002822699,3.548916226,,,7.628084805,1.375737356
39.38050637,0.029759274,0.004540678,4.812427002,,,10.9538494,1.347784251
27.53522497,0.013959647,0.00442548,6.220234013,,,8.89136209,1.236211361
28.0311776,0.021328917,0.010612204,2.242360754,,,8.825932392,1.163273964
45.25128283,0.014319522,0.007502583,2.821107073,,,10.84251162,1.573301532
44.20410957,0.014088414,0.003682126,3.006486157,,,11.55268946,2.555483253
27.45421451,0.011302746,0.003842311,4.805026471,,,8.664641738,1.376732982
29.27039048,0.018063083,0.003753971,0.506055944,,,8.976201351,1.817329766
26.04539122,0.015116308,0.008587715,5.37523368,,,6.49351569,0.868097424
14.05576695,0.013439269,0.002785494,4.753440607,,,5.367925206,0.692205291
28.11360048,0.012755264,0.003464132,6.184733347,,,7.853870158,0.879512883
69.25461301,0.016038761,0.007330159,6.167401664,,,12.34891823,2.533136672
25.63063331,0.012901065,0.002699445,3.087706116,,,7.844537316,1.083519513
27.29976381,0.009626582,0.002400363,3.266803037,,,7.675159212,1.437060598
40.63747869,0.03001692,0.004162002,4.745663283,,,11.1351354,1.451685497
27.87255176,0.014542933,0.004293228,6.039113709,,,8.85680219,1.228347431
30.44661002,0.02180284,0.011586419,2.010925759,,,9.032523558,1.009537468
43.74855157,0.014449988,0.007467407,2.761290368,,,10.8343213,1.561512445
45.241212,0.014353597,0.003777007,2.900704187,,,11.79005086,2.68712237
25.73087825,0.01696118,0.008939015,5.431543874,,,6.313756015,0.884343229
12.6598222,0.013803117,0.002500984,4.368385375,,,4.989184053,0.668249442
28.48404321,0.013315663,0.003289706,6.014199209,,,7.878966965,0.853170777
70.42609461,0.017024073,0.007560963,6.014014229,,,12.36307244,2.669084005
25.71542986,0.013205334,0.002337122,3.089160474,,,7.652593117,1.080378504
28.33326665,0.009610402,0.00193561,2.939045059,,,7.735093286,1.504949807
42.02979712,0.030306184,0.00374726,4.664965613,,,11.3374899,1.566111457
28.2630774,0.01518541,0.004143766,5.828700395,,,8.81822469,1.219570683
42.21850989,0.01462102,0.007414161,2.678085375,,,10.83452103,1.548537491
39.66039807,0.010696191,0.0031374,4.800520471,,,10.99818626,1.168180386
46.41924108,0.014648824,0.003881186,2.793990714,,,12.05011146,2.829000249
25.38611929,0.019041591,0.009331906,5.479978261,,,6.120913113,0.903051566
11.17865984,0.014200902,0.00219017,3.933764822,,,4.583202818,0.644842637
28.89978964,0.0139495,0.003103211,5.803284585,,,7.910758792,0.825595855
71.7207533,0.018144414,0.007815843,5.814059289,,,12.37403528,2.81775878
25.83360658,0.013540775,0.001935936,3.098911067,,,7.445229555,1.076543421
29.48346369,0.009618671,0.00142844,2.565642292,,,7.807887027,1.579404983
43.55746164,0.030627065,0.003296449,4.570333992,,,11.56091289,1.691062133
28.70680189,0.015887079,0.003977094,5.588994071,,,8.775629591,1.209881117
40.66115777,0.014832618,0.007342844,2.571492095,,,10.8431108,1.53437667
36.45300626,0.011609903,0.003025621,4.337761932,,,10.96333637,0.926937272
47.73819683,0.014974095,0.003994662,2.686345735,,,12.33287127,2.981116889
,,0.004375124,,0.000600353,0.00377477,,
,,0.005626094,,0.000623536,0.005002559,,
,,0.00411969,,0.00068104,0.00343865,,
,,0.004624008,,0.000684527,0.003939481,,
,,0.004073843,,0.000712714,0.003361129,,
,,0.004289979,,0.000741249,0.00354873,,
,,0.004067293,,0.000602237,0.003465056,,
,,0.004191735,,0.000688379,0.003503357,,
,,0.005521301,,0.000789628,0.004731673,,
,,0.005141425,,0.000742305,0.00439912,,
,,0.004977685,,0.000872433,0.004105253,,
,,0.003667768,,0.000545569,0.003122199,,
,,0.003864256,,0.000597252,0.003267004,,
,,0.003995248,,0.000732765,0.003262482,,
,,0.00395595,,0.00074988,0.00320607,,
,,0.004106591,,0.000709257,0.003397333,,
,,0.003759462,,0.000698939,0.003060524,,
,,0.003877355,,0.000630163,0.003247192,,
,,0.003569524,,0.000751657,0.002817868,,
,,0.005115227,,0.000616458,0.004498769,,
,,0.004545413,,0.000671776,0.003873637,,
,,0.004578161,,0.000693955,0.003884206,,
,,0.00459126,,0.000775966,0.003815294,,
,,0.003766012,,0.000590461,0.003175551,,
,,0.004368574,,0.000700036,0.003668538,,
,,0.004231033,,0.000813644,0.003417388,,
,,0.00442752,,,,,
,,0.004322727,,0.000793317,0.00352941,,
,,0.005180723,,0.000689559,0.004491163,,
,,0.004840144,,0.000680243,0.004159901,,
,,0.004951487,,0.000792608,0.004158879,,
,,0.004977685,,0.000746239,0.004231446,,
,,0.006235206,,0.000750586,0.00548462,,
,,0.004021446,,0.000644448,0.003376997,,
,,0.004355475,,0.000718927,0.003636548,,
,,0.003910103,,0.000655787,0.003254316,,
,,,,,,,
,,,,,,,
,,,,,,,
,,,,,,,
,,,,,,,
,,,,,,,
,,,,,,,
,,,,,,,
,,,,,,,
,,,,,,,
,,,,,,,
,,,,,,,
,,,,,,,
,,,,,,,
,,,,,,,
,,,,,,,
,,,,,,,
,,,,,,,
,,,,,,,
,,,,,,,
,,,,,,,
,,,,,,,
,,,,,,,
,,,,,,,
,,,,,,,
,,,,,,,
,,,,,,,
,,,,,,,
,,,,,,,
,,,,,,,
,,,,,,,
,,,,,,,
,,,,,,,
,,,,,,,
,,0.006444793,,0.000761834,0.005682958,,
,,0.006045268,,0.00066682,0.005378448,,
,,0.007086652,,0.000708288,0.006378364,,
,,0.00411969,,0.000512845,0.003606845,,
,,0.004938388,,0.000617417,0.004320971,,
,,0.004021446,,0.000616486,0.003404959,,
,,0.006071466,,0.000841194,0.005230272,,
,,0.005206921,,0.000547306,0.004659615,,
,,0.005278966,,0.000635008,0.004643959,,
,,0.007826755,,0.000757994,0.007068761,,
,,0.007289689,,0.0008515,0.00643819,,
,,0.003969049,,0.000481939,0.00348711,,
,,0.004381673,,0.000716031,0.003665642,,
,,0.004178636,,0.000667346,0.00351129,,
,,0.004984235,,0.000767624,0.004216611,,
,,0.004348925,,0.000622843,0.003726082,,
,,0.004984235,,0.00061049,0.004373745,,
,,0.004348925,,0.000654101,0.003694824,,
,,0.004224483,,0.000771258,0.003453225,,
,,0.007924999,,0.000654982,0.007270018,,
,,0.005547499,,0.000701327,0.004846172,,
,,0.004650206,,0.000673289,0.003976917,,
,,0.003903553,,0.00073495,0.003168604,,
,,0.00427688,,0.000694668,0.003582212,,
,,0.004689504,,0.000781981,0.003907522,,
,,0.004453719,,0.00079286,0.003660859,,
,,0.006202458,,0.000542397,0.005660061,,
,,0.007047355,,0.000728041,0.006319313,,
,,0.005737437,,0.00058236,0.005155077,,
,,0.008010144,,0.000722532,0.007287612,,
,,,,,,,
,,,,,,,
,,,,,,,
,,,,,,,
,,,,,,,
,,,,,,,
,,,,,,,
,,,,,,,
,,,,,,,
,,,,,,,
,,,,,,,
,,,,,,,
,,,,,,,
,,,,,,,
,,,,,,,
,,,,,,,
,,,,,,,
,,,,,,,
,,,,,,,
,,,,,,,
,,,,,,,
,,,,,,,
,,,,,,,
,,,,,,,
,,,,,,,
,,,,,,,
,,,,,,,
,,,,,,,
,,,,,,,
,,,,,,,
,,,,,,,
,,,,,,,
,,,,,,,
,,,,,,,
,,,,,,,
,,,,,,,
,,,,,,,
,,,,,,,
,,,,,,,
,,,,,,,
,,,,,,,
,,,,,,,
,,,,,,,
,,,,,,,
,,,,,,,
,,,,,,,
,,,,,,,
,,,,,,,
,,0.006732975,,0.000623753,0.006109222,,
,,0.005187272,,0.000630218,0.004557054,,
,,0.00348438,,0.000596276,0.002888104,,
,,0.005285516,,0.000677288,0.004608228,,
,,0.004866342,,0.000556189,0.004310154,,
,,0.0047419,,0.000699044,0.004042856,,
,,0.004008347,,0.000599202,0.003409145,,
,,0.003569524,,0.000530351,0.003039173,,
,,0.004001797,,0.000599201,0.003402596,,
,,0.004165537,,0.000482713,0.003682824,,
,,0.003392686,,0.000499146,0.00289354,,
,,0.003540385,,0.000515213,0.003025172,,
,,0.00601907,,0.000458708,0.005560362,,
,,0.007073553,,0.000639564,0.006433989,,
,,0.004309628,,0.000492172,0.003817456,,
,,0.003313021,,0.000271598,0.003041423,,
,,0.003923202,,0.000495602,0.0034276,,
,,0.004650206,,0.00065624,0.003993966,,
,,0.004067293,,0.000494826,0.003572467,,
,,0.005311714,,0.000731486,0.004580228,,
,,0.00680502,,0.000688101,0.006116919,,
,,0.006222107,,0.000714894,0.005507213,,
,,0.007459979,,0.000712884,0.006747094,,
,,0.004506115,,0.000810523,0.003695592,,
,,0.004296529,,0.000769599,0.003526929,,
,,0.00459126,,0.000687988,0.003903272,,
,,0.016243689,,,,,
,,0.016243689,,,,,
,,0.012161318,,,,,
,,0.016677467,,,,,
,,0.008489915,,,,,
,,0.013332849,,,,,
,,0.011484737,,,,,
,,0.014654937,,,,,
,,0.014654937,,,,,
,,0.013927809,,,,,
,,0.013927809,,,,,
,,0.010060171,,,,,
,,0.010060171,,,,,
,,0.00720409,,,,,
,,0.006892311,,,,,
,,0.006892311,,,,,
,,0.00723458,,,,,
,,0.00723458,,,,,
,,0.007965233,,,,,
,,0.007232033,,,,,
,,0.007232033,,,,,
,,0.014958674,,,,,
,,0.014958674,,,,,
,,0.014958674,,,,,
,,0.008885041,,,,,
,,0.008620644,,,,,
,,0.008620644,,,,,
,,0.008471052,,,,,
,,0.008471052,,,,,
,,0.015561498,,,,,
,,0.015561498,,,,,
,,0.014808878,,,,,
,,0.014808878,,,,,
,,0.007155862,,,,,
,,0.016977917,,,,,
,,0.011397922,,,,,
,,0.011397922,,,,,
,,0.011397922,,,,,
,,0.011397922,,,,,
,,0.006269633,,,,,
,,0.006269633,,,,,
,,0.006269633,,,,,
,,0.006269633,,,,,
,,0.005705922,,,,,
,,0.005705922,,,,,
,,0.005705922,,,,,
,,0.005705922,,,,,
,,0.005705922,,,,,
,,0.004899997,,,,,
,,0.004899997,,,,,
,,0.004899997,,,,,
,,0.004899997,,,,,
,,0.004899997,,,,,
,,0.006174584,,,,,
,,0.006174584,,,,,
,,0.006174584,,,,,
,,0.006174584,,,,,
,,0.006174584,,,,,
,,0.006558986,,,,,
,,0.006558986,,,,,
,,0.006558986,,,,,
,,0.006558986,,,,,
,,0.011308272,,,,,
,,0.011308272,,,,,
,,0.011308272,,,,,
,,0.011308272,,,,,
,,0.011308272,,,,,
,,0.008155307,,,,,
,,0.008155307,,,,,
,,0.008155307,,,,,
,,0.008155307,,,,,
,,0.008155307,,,,,
,,0.010688064,,,,,
,,0.010688064,,,,,
,,0.010688064,,,,,
,,0.010688064,,,,,
,,0.01031464,,,,,
,,0.01031464,,,,,
,,0.01031464,,,,,
,,0.005659366,,,,,
,,0.005659366,,,,,
,,0.005659366,,,,,
,,0.005659366,,,,,
,,0.00684615,,,,,
,,0.00684615,,,,,
,,0.00684615,,,,,
,,0.008469263,,,,,
,,0.006942721,,,,,
,,0.006942721,,,,,
,,0.006942721,,,,,
,,0.009048643,,,,,
,,0.006681887,,,,,
,,0.006681887,,,,,
,,0.006681887,,,,,
,,0.009277026,,,,,
,,0.008855109,,,,,
,,0.008855109,,,,,
,,0.008855109,,,,,
,,0.00981616,,,,,
,,0.016206024,,,,,
,,0.016206024,,,,,
,,0.014171254,,,,,
,,0.012151026,,,,,
,,0.012151026,,,,,
,,0.012151026,,,,,
,,0.013610164,,,,,
,,0.009744447,,,,,
,,0.01345016,,,,,
,,0.008979483,,,,,
,,0.00860512,,,,,
,,0.008587427,,,,,
,,0.008698017,,,,,
,,0.008698017,,,,,
,,0.015551902,,,,,
,,0.015551902,,,,,
,,0.018353551,,,,,
,,0.007995614,,,,,
,,0.010694647,,,,,
,,0.006529643,,,,,
,,0.007537042,,,,,
,,0.00923799,,,,,
,,0.00771304,,,,,
,,0.015425702,,,,,
,,0.020818348,,,,,
,,0.005738059,,,,,
,,0.009244687,,,,,
,,0.010252183,,,,,
,,0.007115509,,,,,
,,0.00938818,,,,,
,,0.010067674,,,,,
,,0.007682396,,,,,
,,0.008584626,,,,,
,,0.010100439,,,,,
,,0.018438756,,,,,
,,0.008293893,,,,,
,,0.009609843,,,,,
,,0.00990186,,,,,
,,0.008065151,,,,,
,,0.009430895,,,,,
,,0.018037953,,,,,
,,0.01640087,,,,,
,,0.010313435,,,,,
,,0.008478665,,,,,
,,0.007038153,,,,,
,,0.006964543,,,,,
,,0.007228894,,,,,
,,0.007503184,,,,,
,,0.012969798,,,,,
,,0.015224588,,,,,
,,0.013414584,,,,,
,,0.014184221,,,,,
,,0.008194813,,,,,
,,0.007162161,,,,,
,,0.006832863,,,,,
,,0.012931482,,,,,
,,0.012931482,,,,,
,,0.012649258,,,,,
,,0.012649258,,,,,
,,0.007315623,,,,,
,,0.007315623,,,,,
,,0.006758365,,,,,
,,0.00785371,,,,,
,,0.007263409,,,,,
,,0.010633251,,,,,
,,0.010633251,,,,,
,,0.008581089,,,,,
,,0.008581089,,,,,
,,0.007432885,,,,,
,,0.007432885,,,,,
,,0.007459122,,,,,
,,0.009590948,,,,,
,,0.0096358,,,,,
,,0.0096358,,,,,
,,0.006730571,,,,,
,,0.006730571,,,,,
,,0.007816645,,,,,
,,0.007635382,,,,,
,,0.007235089,,,,,
,,0.028109723,,,,,
,,0.028109723,,,,,
,,0.015655836,,,,,
,,0.021231393,,,,,
,,0.021231393,,,,,
,,0.021465866,,,,,
,,0.021465866,,,,,
,,0.008441724,,,,,
,,0.00838252,,,,,
,,0.019203306,,,,,
,,0.007591623,,,,,
,,0.005738587,,,,,
,,0.005738587,,,,,
,,0.005738587,,,,,
,,0.008674077,,,,,
,,0.008674077,,,,,
,,0.008674077,,,,,
,,0.005643409,,,,,
,,0.005643409,,,,,
,,0.006014553,,,,,
,,0.006014553,,,,,
,,0.006014553,,,,,
,,0.008835574,,,,,
,,0.008835574,,,,,
,,0.018660911,,,,,
,,0.018660911,,,,,
,,0.00798504,,,,,
,,0.00798504,,,,,
,,0.016515317,,,,,
,,0.016515317,,,,,
,,0.008865452,,,,,
,,0.008865452,,,,,
,,0.015518644,,,,,
,,0.015518644,,,,,
,,0.007528593,,,,,
,,0.007528593,,,,,
,,0.017686464,,,,,
,,0.017686464,,,,,
,,0.018107583,,,,,
,,0.018107583,,,,,
,,0.016188364,,,,,
,,0.016188364,,,,,
,,0.005350599,,,,,
,,0.017953535,,,,,
,,0.005544931,,,,,
,,0.016320193,,,,,
,,0.017813217,,,,,
,,0.01497678,,,,,
,,0.010202303,,,,,
,,0.009171094,,,,,
,,0.008383814,,,,,
,,0.009484359,,,,,
,,0.009484359,,,,,
,,0.019907374,,,,,
,,0.019907374,,,,,
,,0.011608289,,,,,
,,0.011608289,,,,,
,,0.005412034,,,,,
,,0.005412034,,,,,
,,0.007909038,,,,,
,,0.007909038,,,,,
,,0.016593936,,,,,
,,0.018736647,,,,,
,,0.022453298,,,,,
,,0.017848084,,,,,
,,0.017529366,,,,,
,,0.017898557,,,,,
,,0.01763492,,,,,
,,0.018587842,,,,,
,,0.005684057,,,,,
,,0.005684057,,,,,
,,0.010095803,,,,,
,,0.010095803,,,,,
,,0.004856854,,,,,
,,0.00490461,,,,,
,,0.012018743,,,,,
,,0.012018743,,,,,
,,0.020578329,,,,,
,,0.02096427,,,,,
,,0.008526075,,,,,
,,0.017609011,,,,,
,,0.018012374,,,,,
,,0.009487481,,,,,
,,0.009487481,,,,,
,,0.009487481,,,,,
,,0.009487481,,,,,
,,0.009487481,,,,,
,,0.009487481,,,,,
,,0.009487481,,,,,
,,0.006839871,,,,,
,,0.006839871,,,,,
,,0.006839871,,,,,
,,0.006839871,,,,,
,,0.006839871,,,,,
,,0.006839871,,,,,
,,0.007668226,,,,,
,,0.007668226,,,,,
,,0.007668226,,,,,
,,0.007668226,,,,,
,,0.007668226,,,,,
,,0.007062115,,,,,
,,0.007062115,,,,,
,,0.007062115,,,,,
,,0.006496838,,,,,
,,0.006496838,,,,,
,,0.006496838,,,,,
,,0.007581977,,,,,
,,0.007581977,,,,,
,,0.007581977,,,,,
,,0.007581977,,,,,
,,0.00749759,,,,,
,,0.00749759,,,,,
,,0.00749759,,,,,
,,0.00749759,,,,,
,,0.013664667,,,,,
,,0.013664667,,,,,
,,0.013664667,,,,,
,,0.014058122,,,,,
,,0.014058122,,,,,
,,0.014058122,,,,,
,,0.00646538,,,,,
,,0.00646538,,,,,
,,0.00646538,,,,,
,,0.00646538,,,,,
,,0.00646538,,,,,
,,0.00646538,,,,,
,0.000133333,3.1e-05,,6.73e-06,2.43e-05,,
,0.000741,0.000143,,2.89e-05,0.000114148,,
,9.57e-05,2.8e-05,,6.14e-06,2.19e-05,,
,0.000614667,0.000122333,,2.42e-05,9.81e-05,,
,0.000338333,9.33e-05,,2e-05,7.34e-05,,
,0.000929,0.000180333,,3.73e-05,0.000143017,,
,0.000198333,4.7e-05,,9.97e-06,3.7e-05,,
,0.001273,0.000238667,,4.73e-05,0.00019138,,
,0.000142333,3.97e-05,,9.08e-06,3.06e-05,,
,0.000530667,0.000115,,2.5e-05,9e-05,,
,0.000244333,6.93e-05,,1.22e-05,5.71e-05,,
,0.000894,0.000166,,3.45e-05,0.000131549,,
,0.000188667,5.27e-05,,1.09e-05,4.17e-05,,
,0.001621667,0.0003,,6.27e-05,0.000237279,,
,0.00011,2.77e-05,,6.59e-06,2.11e-05,,
,0.001206667,0.000224667,,4.45e-05,0.000180156,,
,4.83e-05,1.37e-05,,3.13e-06,1.05e-05,,
,0.000577667,0.000120667,,2.62e-05,9.45e-05,,
,0.000209,5.7e-05,,1.1e-05,4.6e-05,,
,0.000697667,0.000141333,,2.8e-05,0.000113304,,
,0.000192667,4.53e-05,,1.08e-05,3.46e-05,,
,0.001637667,0.000303333,,6.26e-05,0.000240684,,
,0.000397,9.63e-05,,2.11e-05,7.52e-05,,
,0.001263,0.00025,,5.11e-05,0.000198914,,
,0.000289333,7.07e-05,,1.7e-05,5.37e-05,,
,0.004349333,0.000746667,,0.000145476,0.000601191,,
,0.000176667,4.73e-05,,8.99e-06,3.83e-05,,
,0.002687,0.0005,,0.000106849,0.000393151,,
,0.000404333,0.000106,,2.1e-05,8.5e-05,,
,0.003448,0.000646667,,0.000139403,0.000507264,,
,0.000221333,6.3e-05,,1.28e-05,5.02e-05,,
,0.008256667,0.00129,,0.000278905,0.001011095,,
,0.000746667,0.00014,,2.22e-05,0.000117831,,
,0.003606667,0.000676667,,0.000152259,0.000524408,,
,0.000868667,0.000205333,,4.26e-05,0.000162762,,
,0.002877333,0.000513333,,0.00011066,0.000402673,,
,0.000408333,0.000111667,,2.2e-05,8.97e-05,,
,0.005604,0.00095,,0.000203208,0.000746792,,
,0.000398333,9.6e-05,,1.87e-05,7.73e-05,,
,0.005742667,0.000993333,,0.000208168,0.000785165,,
,0.000700333,0.000174667,,3.53e-05,0.000139349,,
,0.002272,0.000436667,,9.19e-05,0.000344739,,
,0.001078333,0.000256667,,4.95e-05,0.000207156,,
,0.006195,0.001063333,,0.000225441,0.000837892,,
,0.000476333,0.000125333,,2.62e-05,9.91e-05,,
,0.005635333,0.00098,,0.000205857,0.000774143,,
,0.000299,7.87e-05,,1.51e-05,6.35e-05,,
,0.002647667,0.000486667,,0.000104197,0.00038247,,
,0.000808,0.000198667,,2.49e-05,0.000173763,,
,0.002591,0.000493333,,0.000101485,0.000391848,,
,0.001190667,0.000284667,,5.39e-05,0.000230815,,
,0.003703,0.00071,,0.000132918,0.000577082,,
,0.000402,0.000106,,2.1e-05,8.5e-05,,
,0.006895333,0.001186667,,0.000249292,0.000937375,,
,0.000343333,9.33e-05,,2.02e-05,7.32e-05,,
,0.01407,0.002003333,2.8333,0.000385789,0.001617544,,
,0.000885,0.000218,,3.94e-05,0.00017856,,
,0.013946667,0.002106667,2.7733,0.000402782,0.001703885,,
,0.000900667,0.00025,,4.27e-05,0.000207347,,
,0.01819,0.002573333,3.7133,0.00045063,0.002122703,,
,0.000885333,0.000230667,,4.54e-05,0.000185234,,
,0.01937,0.00302,2.77,0.000539225,0.002480775,,
,0.000535,0.000146667,,2.37e-05,0.000122937,,
,0.0142,0.002073333,2.4967,0.000357597,0.001715736,,
,0.00102,0.00027,,5.37e-05,0.000216253,,
,0.01032,0.001513333,1.79,0.000315286,0.001198047,,
,0.000870333,0.000206667,0.403333333,4.06e-05,0.0001661,,
,0.014983333,0.002063333,3.69,0.000376089,0.001687244,,
,0.000441333,0.000123333,0.266666667,1.69e-05,0.000106465,,
,0.01711,0.002506667,3.4167,0.000466544,0.002040123,,
,0.001867,0.000438,0.386666667,8.07e-05,0.000357313,,
,0.012266667,0.001746667,3.0333,0.000329431,0.001417236,,
,0.001127667,0.000278333,0.336666667,5.6e-05,0.000222313,,
,0.015926667,0.002273333,3.0767,0.000436435,0.001836898,,
,0.000524,0.000143333,0.093333333,2.59e-05,0.000117479,,
,0.018923333,0.002466667,3.5567,0.000444516,0.002022151,,
,0.001105333,0.000285,0.146666667,5.01e-05,0.000234888,,
,0.01694,0.00218,3.3667,0.000416608,0.001763392,,
,0.001277667,0.000323333,0.216666667,6.04e-05,0.000262962,,
,0.010693333,0.001546667,2.33,0.000301827,0.00124484,,
,0.001602333,0.000477667,0.333333333,7.06e-05,0.000407091,,
,0.009833333,0.001526667,1.7033,0.000275972,0.001250695,,
,0.000825,0.00021,0.173333333,4.23e-05,0.000167733,,
,0.019473333,0.002773333,2.9833,0.000459968,0.002313365,,
,0.000698667,0.000173333,0.186666667,3.46e-05,0.000138783,,
,0.018666667,0.002663333,3.47,0.000485348,0.002177986,,
,0.001384333,0.000346667,0.253333333,6.31e-05,0.000283604,,
,0.01461,0.00185,2.92,0.000346334,0.001503666,,
,0.001427667,0.000393333,0.71,6.6e-05,0.000327377,,
,0.012036667,0.001936667,2.8133,0.000343828,0.001592839,,
,0.000675667,0.00018,0.15,3.53e-05,0.000144747,,
,0.020883333,0.00288,3.9667,0.000536707,0.002343293,,
,0.000612333,0.000146667,0.073333333,2.49e-05,0.000121779,,
,0.021953333,0.003106667,3.91,0.000562363,0.002544303,,
,0.000912333,0.000241333,0.273333333,4.56e-05,0.000195694,,
,0.011576667,0.001643333,3.7067,0.000295134,0.0013482,,
,0.001171,0.000290667,0.34,5.22e-05,0.000238438,,
,0.012476667,0.001966667,2.2833,0.000332324,0.001634342,,
,0.000622,0.000151333,0.26,2.26e-05,0.000128728,,
,0.01093,0.001906667,2.8367,0.000326447,0.00158022,,
,0.000811333,0.000204,0.12,3.85e-05,0.000165462,,
,0.017683333,0.002596667,3.6233,0.000456531,0.002140136,,
,0.001226,0.00031,0.42,4.7e-05,0.000263007,,
,0.014283333,0.00239,6.0,0.000362147,0.002027853,,
,0.001292667,0.000328333,0.266666667,5.86e-05,0.000269746,,
,0.01416,0.002203333,4.57,0.000353563,0.001849771,,
,0.000468333,0.000119333,0.063333333,2.14e-05,9.79e-05,,
,0.02235,0.003176667,5.94,0.000517075,0.002659592,,
,0.000443667,0.000112667,0.08,1.77e-05,9.49e-05,,
,0.02962,0.00416,5.14,0.000598121,0.003561879,,
,0.001255,0.000328,0.283333333,6.05e-05,0.000267549,,
,0.021953333,0.00304,5.12,0.000510364,0.002529636,,
,0.001439333,0.000383333,0.323333333,6.49e-05,0.000318452,,
,0.014966,0.00235,4.13,0.000359107,0.001990893,,
,0.001361667,0.00036,0.3,7.57e-05,0.000284315,,
,0.029173333,0.003906667,5.59,0.0007244,0.003182267,,
,0.001952333,0.000497667,0.566666667,9.28e-05,0.000404857,,
,0.022563333,0.003286667,4.44,0.000493443,0.002793223,,
,0.001972333,0.000485,0.553333333,8.61e-05,0.000398899,,
,0.015913333,0.002463333,5.82,0.000386264,0.00207707,,
,0.001657333,0.000463333,0.193333333,8.76e-05,0.000375741,,
,0.019836667,0.003026667,4.93,0.000478486,0.00254818,,
,0.001162667,0.00033,0.143333333,5.81e-05,0.00027187,,
,0.023923333,0.003233333,6.59,0.000494514,0.002738819,,
,0.001254667,0.000330667,0.206666667,5.83e-05,0.000272408,,
,0.02635,0.003743333,4.68,0.000543683,0.00319965,,
,0.002081,0.000426667,,7.31e-05,0.000353562,,
,0.020673333,0.00304,5.96,0.00047487,0.00256513,,
,0.001560333,0.000373333,,6.41e-05,0.000309221,,
,0.01659,0.002496667,4.29,0.000424103,0.002072564,,
,0.002143667,0.000563333,,7.62e-05,0.000487105,,
,0.025886667,0.003523333,5.65,0.000498261,0.003025072,,
,0.002455667,0.000603333,,9.78e-05,0.000505502,,
,0.02285,0.00325,3.96,0.000572516,0.002677484,,
,0.001334,0.000326667,,5.47e-05,0.000271963,,
,0.025276667,0.003403333,5.68,0.000593775,0.002809559,,
,0.001656667,0.000396667,,5.78e-05,0.000338889,,
,0.016856667,0.00258,4.32,0.000415182,0.002164818,,
,0.002830667,0.00076,,0.000103879,0.000656121,,
,0.03024,0.004116667,6.75,0.000763185,0.003353481,,
,0.001481667,0.000386667,,4.84e-05,0.000338282,,
,0.021666667,0.002953333,5.09,0.000506139,0.002447194,,
,0.001602667,0.000413333,,6.56e-05,0.00034775,,
,0.020726667,0.00311,6.2,0.0004803,0.0026297,,
,0.001154667,0.000253333,,4.33e-05,0.000210001,,
,0.01998,0.00296,5.79,0.000513232,0.002446768,,
,0.002409333,0.000603333,,8.34e-05,0.000519937,,
,0.014936667,0.00231,6.26,0.000341809,0.001968191,,
,0.002517667,0.000596667,,9.37e-05,0.000502929,,
,0.025876667,0.003733333,3.91,0.000600878,0.003132455,,
,0.002289,0.00058,,8.56e-05,0.00049437,,
,0.021835,0.003073333,4.4367,0.000476059,0.002597274,,
,0.001447667,0.0004,,5.36e-05,0.000346435,,
,0.024976667,0.00358,3.7267,0.000555079,0.003024921,,
,0.001925,0.000503333,,6.79e-05,0.000435458,,
,0.020513333,0.003186667,4.1167,0.00053603,0.002650636,,
,0.002700333,0.00067,,0.000106364,0.000563636,,
,0.03042,0.004353333,5.2333,0.000527727,0.003825606,,
,0.001526,0.000396667,,6.62e-05,0.000330488,,
,0.027303333,0.003866667,4.2867,0.000625393,0.003241274,,
,0.001668667,0.000406667,,6.45e-05,0.000342209,,
,0.023053333,0.003183333,3.9833,0.000548727,0.002634607,,
,0.002612333,0.00064,,9.27e-05,0.000547252,,
,0.03072,0.004153333,5.0767,0.000663966,0.003489367,,
,0.004723667,0.00111,,0.00017379,0.00093621,,
,0.028156667,0.003806667,5.15,0.000563929,0.003242737,,
,0.001478333,0.00039,,5.94e-05,0.000330649,,
,0.026463333,0.0037,4.3467,0.000648375,0.003051625,,
,0.001090667,0.00027,,4.59e-05,0.000224148,,
,0.02265,0.003133333,4.6833,0.000534545,0.002598788,,
,0.002261,0.000623333,,8.15e-05,0.000541869,,
,0.034356667,0.004643333,4.7467,0.000781235,0.003862098,,
,0.001559333,0.000413333,,6.69e-05,0.000346438,,
,0.0302,0.003936667,5.15,0.000632033,0.003304634,,
,0.004059333,0.00092,1.133333333,0.000125703,0.000794297,,
,0.01811,0.002923333,4.25,0.000509761,0.002413572,,
,0.003055,0.000763333,0.956666667,0.000114463,0.00064887,,
,0.021833333,0.00334,3.5633,0.000522388,0.002817612,,
,0.003975667,0.001073333,1.21,0.000119033,0.0009543,,
,0.026066667,0.00391,4.7833,0.000573553,0.003336447,,
,0.005393,0.00118,1.616666667,0.000186023,0.000993977,,
,0.03039,0.004386667,5.1867,0.000660793,0.003725873,,
,0.004634667,0.00096,1.11,0.000161965,0.000798035,,
,0.021873333,0.00297,4.3933,0.00052984,0.00244016,,
,0.001380333,0.0004,0.393333333,4.92e-05,0.000350752,,
,0.021966667,0.003153333,3.8833,0.00052939,0.002623943,,
,0.003790667,0.001103333,1.37,0.000129836,0.000973498,,
,0.038236667,0.00491,6.3833,0.000817499,0.004092501,,
,0.002237,0.00059,0.94,7.38e-05,0.000516178,,
,0.030166667,0.004093333,5.3633,0.000637714,0.003455619,,
,0.003523667,0.000856667,1.056666667,0.000129157,0.00072751,,
,0.02472,0.00355,4.0433,0.000578614,0.002971386,,
,0.002722667,0.000746667,0.876666667,0.000106763,0.000639904,,
,0.02327,0.003423333,3.7933,0.000608904,0.00281443,,
,0.003009,0.000796667,1.093333333,9.35e-05,0.00070319,,
,0.02059,0.00333,4.3433,0.000509561,0.002820439,,
,0.004441,0.001223333,1.753333333,0.000171535,0.001051799,,
,0.02687,0.004273333,4.54,0.000633349,0.003639984,,
,0.002009333,0.00054,0.67,6.22e-05,0.000477766,,
,0.056283333,0.009453333,6.343333333,0.00129517,0.008158163,,
,0.001912,0.000523333,0.88,6.66e-05,0.000456755,,
,0.04762,0.0082,6.133333333,0.000917637,0.007282363,,
,0.003674,0.000953333,1.306666667,0.000120217,0.000833117,,
,0.044133333,0.007946667,5.95,0.000807176,0.007139491,,
,0.003931,0.001043333,1.433333333,0.000132285,0.000911048,,
,0.04751,0.009126667,6.233333333,0.000860639,0.008266027,,
,0.002996667,0.00077,0.933333333,0.000117665,0.000652335,,
,0.02998,0.008086667,5.12,0.000831953,0.007254714,,
,0.002409,0.000656667,0.516666667,8.91e-05,0.000567614,,
,0.03053,0.007743333,5.085,0.000688755,0.007054578,,
,0.004564,0.0012,1.466666667,0.000161732,0.001038268,,
,0.032786667,0.007773333,6.545,0.00087482,0.006898513,,
,0.004213,0.00109,1.183333333,0.000152057,0.000937943,,
,0.028756667,0.008113333,5.385,0.00087307,0.007240263,,
,0.002802667,0.000713333,0.823333333,0.00011193,0.000601403,,
,0.048766667,0.008466667,6.173333333,0.001002657,0.00746401,,
,0.002058667,0.000543333,0.436666667,8.2e-05,0.000461298,,
,0.049066667,0.008216667,6.896666667,0.000853513,0.007363153,,
,0.004122,0.001053333,0.99,0.000142358,0.000910976,,
,0.045876667,0.008496667,6.42,0.000779946,0.007716721,,
,0.003982333,0.001026667,1.253333333,0.000142421,0.000884246,,
,0.044053333,0.00789,6.08,0.000688562,0.007201438,,
,0.006583333,0.001376667,1.596666667,0.000149178,0.001227488,,
,0.028746667,0.00908,4.25,0.000750855,0.008329145,,
,0.003961333,0.000956667,1.11,0.000120735,0.000835932,,
,0.02873,0.00728,4.9,0.000751781,0.006528219,,
,0.008459333,0.00201,2.173333333,0.000221037,0.001788963,,
,0.030306667,0.00868,5.525,0.000842792,0.007837208,,
,0.004179667,0.00095,1.403333333,0.00012063,0.00082937,,
,0.024173333,0.007486667,5.915,0.000779848,0.006706819,,
,0.004536667,0.001103333,1.136666667,0.000158152,0.000945181,,
,0.053506667,0.00899,6.45,0.000981392,0.008008608,,
,0.003396333,0.000946667,0.936666667,0.000119259,0.000827407,,
,0.04614,0.00748,6.303333333,0.000732943,0.006747057,,
,0.002701333,0.00072,1.586666667,7.38e-05,0.000646219,,
,0.04941,0.008296667,7.05,0.000904288,0.007392379,,
,0.006558667,0.001593333,1.993333333,0.000172766,0.001420567,,
,0.056263333,0.009366667,6.896666667,0.00099368,0.008372987,,
,0.006629333,0.001453333,1.59,0.000185953,0.00126738,,
,0.028343333,0.008036667,4.995,0.000719587,0.007317079,,
,0.008802333,0.001826667,1.943333333,0.000229896,0.001596771,,
,0.02772,0.006993333,5.89,0.00068116,0.006312173,,
,0.008025333,0.001873333,2.176666667,0.000196337,0.001676996,,
,0.03015,0.00832,5.64,0.000841315,0.007478685,,
,0.011553667,0.002433333,2.306666667,0.000301831,0.002131503,,
,0.023766667,0.006853333,5.93,0.000699694,0.00615364,,
,0.004848667,0.001176667,1.216666667,0.000140105,0.001036562,,
,0.005611,0.00131,1.526666667,0.000187373,0.001122627,,
,0.007866,0.00179,1.943333333,0.000245242,0.001544758,,
,0.005399,0.001536667,1.766666667,0.000164285,0.001372381,,
,0.006848,0.001486667,1.24,0.000189644,0.001297023,,
,0.006169667,0.001373333,1.553333333,0.000190894,0.00118244,,
,0.005986333,0.00127,1.91,0.000156317,0.001113683,,
,0.008629,0.0017,1.94,0.000239533,0.001460467,,
,0.005984,0.001406667,1.636666667,0.00018631,0.001220357,,
,0.004338,0.001106667,1.053333333,0.000145842,0.000960824,,
,0.006648667,0.00156,1.7,0.000189781,0.001370219,,
,0.008331333,0.001943333,2.323333333,0.000251416,0.001691917,,
,0.009288333,0.00221,1.976666667,0.000226442,0.001983558,,
,0.007991,0.002006667,1.67,0.00020294,0.001803727,,
,0.010625,0.002726667,2.44,0.000274578,0.002452088,,
,0.009109333,0.002266667,2.443333333,0.000206653,0.002060013,,
,0.003435667,0.001023333,1.046666667,0.000122418,0.000900915,,
,0.006045667,0.002123333,1.163333333,0.000178643,0.00194469,,
,0.007378,0.00256,2.066666667,0.0002119,0.0023481,,
,0.006331,0.00215,1.84,0.000174372,0.001975628,,
,0.008190333,0.002093333,1.593333333,0.000220709,0.001872625,,
,0.011401,0.002606667,2.47,0.000274831,0.002331835,,
,0.009837333,0.003013333,2.513333333,0.000192227,0.002821107,,
,0.012034667,0.00296,2.83,0.000259633,0.002700367,,
,0.005817333,0.00186,1.466666667,0.000171388,0.001688612,,
,0.006400667,0.001943333,1.4,0.000204893,0.00173844,,
,0.00849,0.002613333,2.13,0.000263957,0.002349376,,
,0.005945,0.00179,1.843333333,0.000174453,0.001615547,,
,0.009635,0.002586667,1.816666667,0.000250951,0.002335716,,
,0.010021,0.002316667,2.096666667,0.000247334,0.002069332,,
,0.010185667,0.00257,2.53,0.000211763,0.002358237,,
,0.009734,0.00211,2.68,0.000222466,0.001887534,,
,0.005319333,0.001526667,1.456666667,0.000156228,0.001370438,,
,0.006190333,0.001753333,1.17,0.000187191,0.001566142,,
,0.008435667,0.002963333,2.17,0.000250737,0.002712597,,
,0.007668333,0.002573333,2.186666667,0.000222297,0.002351036,,
,0.028526,0.006064,5.72,0.000556075,0.005507925,,
,0.018101667,0.004679,4.773333333,0.000414559,0.004264441,,
,0.012539667,0.003648,3.246666667,0.000227865,0.003420135,,
,0.022726,0.005674,4.47,0.000449931,0.005224069,,
,0.004341333,0.002085333,1.906666667,0.000187532,0.001897801,,
,0.007543667,0.003769667,1.806666667,0.000265524,0.003504143,,
,0.005221667,0.002468333,1.92,0.000197918,0.002270415,,
,0.006027667,0.002685667,2.096666667,0.000235571,0.002450096,,
,0.015892,0.003948,3.703333333,0.000330554,0.003617446,,
,0.013468,0.003485,2.5,0.000271718,0.003213282,,
,0.018525333,0.004570333,4.173333333,0.000421129,0.004149205,,
,0.018463,0.004258667,5.123333333,0.000350906,0.003907761,,
,0.006242667,0.003030667,1.59,0.000222869,0.002807798,,
,0.006160667,0.002912667,1.63,0.000229675,0.002682991,,
,0.007023333,0.003063333,2.196666667,0.000259198,0.002804136,,
,0.008910667,0.003796,2.7,0.000326236,0.003469764,,
,0.011145,0.00304,2.133333333,0.000253183,0.002786817,,
,0.014484333,0.003916333,2.36,0.000341782,0.003574551,,
,0.018504,0.004696,4.503333333,0.000347415,0.004348585,,
,0.025601,0.005462333,4.893333333,0.000483963,0.004978371,,
,0.007624333,0.003419,1.823333333,0.000280204,0.003138796,,
,0.007474667,0.003412,1.673333333,0.00029928,0.00311272,,
,0.006906333,0.002973667,2.006666667,0.000239755,0.002733912,,
,0.006726333,0.003027,2.533333333,0.000234668,0.002792332,,
,0.014626667,0.005113333,2.776666667,0.000443981,0.004669353,,
,0.020173333,0.006886667,3.443333333,0.000466771,0.006419895,,
,0.02045,0.007633333,5.0,0.000537669,0.007095664,,
,0.024976667,0.008,4.863333333,0.000598936,0.007401064,,
,0.003616667,0.002726667,2.506666667,0.000213801,0.002512866,,
,0.004046667,0.003126667,2.376666667,0.000166214,0.002960453,,
,0.00462,0.00353,1.696666667,0.000276791,0.003253209,,
,0.00528,0.003793333,1.613333333,0.000231902,0.003561432,,
,0.0189,0.005873333,3.96,0.000392885,0.005480448,,
,0.01787,0.006126667,3.2,0.000434258,0.005692409,,
,0.023956667,0.007013333,5.51,0.000444288,0.006569046,,
,0.0174,0.005823333,4.036666667,0.000361163,0.00546217,,
,0.00483,0.003866667,2.563333333,0.000236385,0.003630282,,
,0.007193333,0.00111,2.0,5.26e-05,0.001057385,,
,0.00482,0.003793333,1.28,0.000230221,0.003563112,,
,0.004126667,0.003326667,1.263333333,0.000229899,0.003096767,,
,0.022736667,0.00728,4.28,0.000590182,0.006689818,,
,0.021173333,0.00715,3.43,0.00048462,0.00666538,,
,0.027446667,0.008996667,5.246666667,0.000633698,0.008362968,,
,0.02113,0.005893333,4.403333333,0.000357672,0.005535661,,
,0.004493333,0.003106667,2.703333333,0.000253231,0.002853436,,
,0.005193333,0.003846667,2.85,0.000255611,0.003591056,,
,0.005013333,0.00372,1.33,0.000257082,0.003462918,,
,0.00503,0.00432,1.603333333,0.000221996,0.004098004,,
,,0.005211557,,,,,
,,0.004826487,,,,,
,,0.007298182,,,,,
,,0.006075463,,,,,
,,0.009578439,,,,,
,,0.011458187,,,,,
,,0.008654408,,,,,
,,0.006151216,,,,,
,,0.009475285,,,,,
,,0.0058346,,,,,
,,0.008781222,,,,,
,,0.007101643,,,,,
,,0.008300285,,,,,
,,0.005911346,,,,,
,,0.008770228,,,,,
,,0.007322889,,,,,
,,0.008479272,,,,,
,,0.009511957,,,,,
,,0.00968199,,,,,
,,0.008344643,,,,,
,,0.007723144,,,,,
,,0.007807411,,,,,
,,0.009918446,,,,,
,,0.008614682,,,,,
,,0.007745615,,,,,
,,0.008156079,,,,,
,,0.008655107,,,,,
,,0.008608278,,,,,
,,0.010631696,,,,,
,,0.008121437,,,,,
,,0.011744591,,,,,
,,0.008864501,,,,,
,,0.008910816,,,,,
,,0.011695263,,,,,
,,0.011769243,,,,,
,,0.008820787,,,,,
,,0.01004464,,,,,
,,0.006676711,,,,,
,,0.009175492,,,,,
,,0.00772117,,,,,
,,0.007847024,,,,,
,,0.00721985,,,,,
,,0.008305688,,,,,
,,0.007089782,,,,,
,,0.008706822,,,,,
,,0.008732131,,,,,
,,0.009158144,,,,,
,,0.009355973,,,,,
,,0.011337787,,,,,
,,0.006829532,,,,,
,,0.009584065,,,,,
,,0.005701907,,,,,
,,0.008588356,,,,,
,,0.011066953,,,,,
,,0.006347001,,,,,
,,0.010010662,,,,,
,,0.008680702,,,,,
,,0.008157511,,,,,
,,0.009487974,,,,,
,,,0.286576923,,,,
31.37166862,0.013315509,0.001946572,0.332384615,,,10.80058443,2.572246342
34.39691851,0.013575891,0.00288822,1.956365909,,,10.2503072,1.194208417
20.22120276,0.012774713,0.000584115,,,,6.906980116,0.70738974
30.53977646,0.01252483,0.002476288,0.387538462,,,10.57438855,2.352591683
36.98169092,0.013287591,0.003151472,2.604247727,,,10.43416766,1.28420305
34.37358761,0.015154857,0.001343661,1.6789,,,8.873186314,1.291640576
33.90678721,0.013742358,0.00278494,1.614083333,,,8.565929486,0.977836818
29.98267299,,,0.452038462,,,10.39703695,2.157185611
39.29249717,,,3.177619577,,,10.59723186,1.365420442
41.27839136,,,2.8948,,,9.826635279,1.637559927
,,,3.509666667,,,,
29.7003582,0.011295694,0.003306617,0.525884615,,,10.26852962,1.986028126
41.32933726,0.012775989,0.003561285,3.676481459,,,10.7394998,1.437860593
45.9355347,0.004487994,0.00429363,0.467843478,,,11.55720661,1.199165831
40.935614,0.016840931,0.002231598,3.2622,,,9.767327011,1.745147794
21.58232056,0.009586779,0.002691135,1.144199638,,,7.144537029,0.784819273
40.44971749,0.024929656,0.003013085,4.337405594,,,10.39139824,1.771435263
25.01110271,,,4.82675,,,7.336694143,0.904278745
43.24311707,0.013415825,0.003068022,3.51775,,,10.76100041,1.30037181
38.29471656,0.013778472,0.002432407,4.303506993,,,10.67345863,1.079987405
29.6928321,0.010857236,0.003607229,0.609076923,,,10.18886658,1.839119228
43.09221119,0.012552688,0.003707845,4.100833373,,,10.86097148,1.501523504
47.54571835,0.007980154,0.005638505,0.596289328,,,11.70438743,1.215848626
33.34525555,0.01614686,0.002359989,2.7811,,,8.695261511,1.614404177
35.44542412,0.013847613,0.004264206,0.625653846,,,10.39274447,0.936740381
21.4632399,0.010743029,0.002799918,1.85139642,,,7.056019932,0.769914411
40.20927124,0.023751494,0.003396015,5.198307692,,,10.49027292,1.774969139
22.07435212,0.011840355,0.002905933,5.565333333,,,6.92990327,0.860729754
44.56177934,0.01413829,0.002971996,5.39125,,,10.68982372,1.323337801
46.60646101,0.020247737,0.001191043,1.344175,,,13.0156758,1.685434998
39.423016,0.013104543,0.002404837,4.986775524,,,10.51059961,1.155258997
36.13859682,0.012960632,0.002796099,4.604391869,,,9.851566246,0.935013956
29.96009469,0.010536186,0.003831474,0.701615385,,,10.15804781,1.716458916
44.58111895,0.012351053,0.003815507,4.450675319,,,10.96164689,1.556409173
49.01320784,0.011159796,0.006849983,0.723163636,,,11.83776319,1.23205045
18.50731598,0.014428051,0.002277994,1.4515,,,6.610438778,1.245329074
35.75335923,0.01517194,0.004383421,1.265562937,,,9.895271605,0.906334305
21.35634197,0.011795464,0.002901882,2.492344343,,,6.975242335,0.756354033
39.34617645,0.022571681,0.003688856,5.802175991,,,10.45105329,1.75707889
20.14499596,0.010390698,0.002400705,5.725416667,,,6.661663595,0.81266746
44.35625155,0.01445841,0.00302208,6.5665,,,10.40129214,1.299336008
38.02995618,0.020941254,0.003306514,1.301475,,,10.77098051,1.264542198
39.81930418,0.012431911,0.002382349,5.491854079,,,10.34471298,1.215696495
35.93798772,0.012315955,0.002877434,4.701598483,,,9.761988807,0.954731216
41.33504252,0.016382119,0.002646228,4.8978625,,,10.38704082,2.059976784
30.50214597,0.010332543,0.003979351,0.8035,,,10.17607332,1.618047191
45.79606055,0.012171084,0.003884272,4.726007297,,,11.04152605,1.602517602
50.33800315,0.01402692,0.007928064,0.848466403,,,11.95733388,1.247771306
35.73150427,0.016328675,0.004492119,1.823954545,,,9.462685194,0.883009031
36.45680908,0.022479576,0.005074691,0.2576,,,10.27054462,0.988954192
21.26162676,0.012744083,0.002997026,3.067043406,,,6.902204239,0.744138139
22.77155578,0.021310687,0.003355644,1.426506818,,,7.059862129,0.756017915
33.02274426,0.012522116,0.004970639,2.004984091,,,9.613964414,1.058478641
37.86043312,0.021390216,0.003891609,6.14901049,,,10.27373933,1.717764515
19.22303423,0.008533213,0.001622698,5.307,,,6.531975119,0.760091862
53.91841801,0.057987477,0.00649925,3.625059091,,,11.85028092,1.48264448
42.62653371,0.014376185,0.003218274,7.0435,,,9.895405668,1.22836643
43.29271572,0.009879118,0.002556216,5.658436364,,,9.760407139,1.833539546
35.93888751,,,1.257025,,,9.857727265,1.177831916
39.48358112,0.011760575,0.002364942,5.818742657,,,10.17579875,1.2612999
46.13499888,0.019111785,0.002576391,1.745576923,,,11.48195643,1.912074954
35.64252055,0.011717364,0.002956044,4.775803395,,,9.663819448,0.97134356
62.25546617,0.015530209,0.001553907,3.781125874,,,12.5419195,2.806528116
39.31198885,0.015074777,0.00314702,4.941210577,,,10.4030922,1.826189593
45.45210168,0.016556111,0.00277963,2.578904545,,,12.17180888,1.763814948
42.40988404,0.011121078,0.002307996,3.375553811,,,10.67846756,1.751079709
50.73963187,0.035808135,0.00246116,2.317769231,,,11.7257984,2.057985435
31.31898593,0.010246307,0.004050859,0.914730769,,,10.24294311,1.543884053
46.73703599,0.012012781,0.003914139,4.926829306,,,11.10060894,1.639848789
51.52010429,0.016581526,0.008872747,0.972197628,,,12.0630995,1.263011191
35.37985923,0.01731782,0.004590301,2.300828671,,,9.094985235,0.86676456
29.72032079,0.02130997,0.004864782,1.5001,,,9.146713734,0.864032561
21.17909429,0.013588885,0.003085351,3.57549361,,,6.836905643,0.73326673
23.88693845,0.021675867,0.003630934,1.749217823,,,7.382381936,0.79672011
32.37954938,0.014586957,0.005633876,2.29268122,,,9.357005409,1.011443595
35.75204126,,,6.238811189,,,9.958331047,1.657026016
19.30846694,0.0062679,0.000571912,4.310083333,,,6.540837842,0.703002962
52.86248554,0.055786778,0.007022585,3.768403589,,,11.72846162,1.450775148
39.3726258,0.013891616,0.00356058,6.82225,,,9.17216431,1.110429067
40.32346686,0.00960791,0.002911691,5.574919617,,,9.465118198,1.722316794
40.33325502,0.027040749,0.003286231,1.210825,,,10.27591606,1.425304154
38.41584681,0.011090535,0.002352617,5.967441259,,,10.0038569,1.29206921
45.57775171,0.018396272,0.002822853,2.161807692,,,11.4249055,1.89186655
35.2521953,0.011164858,0.003031928,4.827006604,,,9.55705817,0.984850986
54.61305894,0.013806265,0.001999185,3.434013986,,,11.84918796,2.352434907
37.28466876,0.014007561,0.003581739,4.940525,,,10.35586438,1.627772818
42.505883,0.016049938,0.003091842,2.766882057,,,11.64682373,1.620124444
40.15449494,0.011013405,0.002555307,,,,10.32276622,1.652359971
46.62660573,0.034622429,0.002989084,3.057461538,,,11.3524337,1.852429
32.41061458,,,1.035307692,,,10.35865718,1.493969502
47.40404526,,,5.053141348,,,11.13889557,1.668402736
22.33975155,,,2.219032508,,,6.942028405,0.708463336
52.55951126,,,1.094357312,,,12.15506006,1.277770107
34.69842413,,,2.696185315,,,8.792171728,0.857600891
23.20656062,,,2.1056,,,7.871979287,0.764180717
21.10874454,,,4.017694954,,,6.779346547,0.723739806
24.8364202,,,2.038632576,,,7.664687253,0.834170202
31.75744754,,,2.551721651,,,9.125666177,0.969683645
33.02100086,,,6.071578089,,,9.504828443,1.574863391
20.40129409,,,2.734666667,,,6.688251764,0.641400759
51.83674184,,,3.888297528,,,11.61088627,1.422178702
34.59452784,,,5.90275,,,8.231568063,0.945523919
37.5456738,,,5.488074322,,,9.187572396,1.618287257
36.61610125,,,5.937949883,,,9.828887434,1.308004427
44.83679728,,,2.507125874,,,11.34364129,1.857146625
34.76701196,,,4.855208111,,,9.441704972,0.995253495
48.04858477,,,3.122179487,,,11.27048932,1.974408235
35.25308225,,,4.895805769,,,10.24535738,1.464726458
39.6891245,,,2.93542815,,,11.15643338,1.494034073
37.94932422,,,3.517971816,,,9.977752089,1.559954568
43.15285615,,,3.665825175,,,11.02792486,1.674941888
40.50121393,,,4.152610683,,,11.15042866,1.303847544
33.77703192,0.010426056,0.003964773,1.165230769,,,10.52321553,1.468303538
47.79708837,0.011761174,0.003857181,5.104943421,,,11.15638593,1.688179442
21.76737659,0.022287751,0.004866039,2.230506837,,,6.869085409,0.718891049
53.45622406,0.020753185,0.010361922,1.214945455,,,12.23321556,1.292048053
33.68719895,0.018793337,0.004755116,3.010024476,,,8.554244672,0.855518024
16.91552858,0.026623386,0.005328299,2.0741,,,6.446341279,0.689398659
21.05057753,0.01496704,0.003241543,,,,6.729526951,0.715557367
25.62000102,0.022145088,0.004067107,2.294751077,,,7.90677808,0.868368192
31.15643876,0.018176097,0.006772396,2.782105383,,,8.919946719,0.933198791
29.66731192,0.017835911,0.003959335,5.647311189,,,8.913231517,1.471276641
50.84118691,0.051818619,0.007886658,3.984740909,,,11.49755489,1.396855142
,,,4.285,,,,
34.95933654,0.009196087,0.003575593,5.397900478,,,8.927769732,1.521450935
34.08434445,0.009754346,0.002343212,5.730268531,,,9.650890362,1.30910555
43.9121356,0.017473669,0.003364,2.781531469,,,11.23816381,1.807915178
34.18697055,0.010198102,0.00317552,4.860407915,,,9.317759855,1.002551087
42.56204365,0.011427127,0.002578629,2.845622378,,,10.80582356,1.6724481
33.21722931,0.012593506,0.004252962,4.807052885,,,10.07157117,1.337050514
37.00182618,0.015221883,0.003621354,3.084542823,,,10.70063783,1.385543835
35.7943719,0.010840059,0.002982016,3.553921101,,,9.643425167,1.473863501
40.31838314,0.032634292,0.003872225,4.14286014,,,10.75227188,1.525524101
39.17155396,0.02065444,0.003920216,4.580872625,,,11.24463403,1.239728425
35.41823794,0.010692042,0.003807178,1.3045,,,10.73661816,1.46688616
47.91616532,0.01166787,0.003770355,5.082235526,,,11.15308004,1.699178907
21.23184947,0.022247432,0.004719177,2.233195046,,,6.806740247,0.728988715
54.21024269,0.022370238,0.010906413,1.333962055,,,12.29756598,1.305845029
32.3461837,0.019279709,0.004821748,3.242346154,,,8.381204069,0.86051596
10.84722467,0.03310641,0.006001727,1.4056,,,4.869799712,0.639686387
21.00459324,0.015500394,0.00330941,4.703351064,,,6.687446855,0.708719412
26.23768093,0.02224913,0.00422799,2.517573325,,,8.108654418,0.89931408
30.57652304,0.019700397,0.007247679,2.983832416,,,8.739847035,0.901989034
25.69097445,0.016647838,0.003801733,4.96601049,,,8.183540267,1.346265766
49.87582076,0.05005116,0.008227397,4.057733732,,,11.38846747,1.374804468
32.56445507,0.009055472,0.00388402,5.304398086,,,8.685710205,1.431807828
,0.009088195,0.002346133,5.344397203,,,,
,0.017266579,0.003658685,2.985024476,,,,
,0.009783851,0.003243227,4.842606016,,,,
,0.010771934,0.002712794,2.604342657,,,,
,0.012246668,0.004489465,4.674266346,,,,
,0.0149,0.003838654,3.214226077,,,,
,0.010774384,0.003161414,3.566363906,,,,
,0.031831859,0.004227443,4.488566434,,,,
,0.020703878,0.00450946,4.90948074,,,,
37.33423266,,,1.453115385,,,10.99886507,1.489717369
47.7612761,,,4.985017663,,,11.12897788,1.701401131
20.7331702,,,2.227097136,,,6.754992917,0.738756334
54.82156714,,,1.451407115,,,12.34811135,1.319161035
30.67537837,,,3.39315035,,,8.273049918,0.872594698
20.97079168,,,4.94680583,,,6.65310626,0.703225941
26.68945991,,,2.707099322,,,8.270316266,0.927007866
30.01770036,,,3.156902751,,,8.585367125,0.876054373
21.09198844,,,4.027675991,,,7.315754695,1.199830766
48.94064337,,,4.107275997,,,11.28362402,1.35602668
30.36102941,,,5.207567145,,,8.461393818,1.349357937
26.8247971,,,4.780335897,,,9.285813382,1.266805514
41.51169047,,,3.117604895,,,10.95456901,1.665917717
32.74231349,,,4.801802415,,,9.044093862,1.007831521
34.82276059,,,2.398340326,,,10.21859071,1.296727444
29.13272417,,,4.497446154,,,9.534161183,1.187809872
32.01561005,,,3.324477911,,,9.892831091,1.221363758
31.63512242,,,3.555300231,,,9.006832944,1.320624373
36.56726681,,,4.702944056,,,10.34753348,1.310896498
36.701917,,,,,,11.32583485,1.14473778
45.65281147,0.011511316,0.003034078,4.246304266,,,10.93189383,1.655404358
19.45821945,0.021740902,0.004353486,2.156086687,,,6.663337928,0.766078905
55.79937548,0.025713269,0.011750405,1.794313043,,,12.41691704,1.356223236
23.68422196,0.019549289,0.004983111,3.356458042,,,8.337906175,0.951315727
20.94248339,0.016595645,0.003512686,5.279676971,,,6.596521474,0.694812437
27.04939133,0.021794843,0.004490166,3.075899801,,,8.514014872,0.990576611
28.46779065,0.023995799,0.008522295,3.504173565,,,8.275646038,0.829900969
46.31624384,0.044425454,0.0089817,4.115199442,,,10.99455742,1.319330632
24.8994872,0.008928321,0.004960902,4.89710303,,,7.894903483,1.145167555
36.53321838,0.018132963,0.004998164,3.089870629,,,10.34757726,1.344085113
29.8638923,0.008587702,0.003486801,4.541381396,,,8.569155477,0.992465295
31.2983339,0.011713666,0.002212409,1.991997669,,,10.1929881,1.30364549
22.97396829,0.013260571,0.004774753,3.702783654,,,8.253452243,1.229227025
25.50723718,0.01422677,0.004391484,3.538644896,,,8.940581934,1.107094641
25.77288613,0.010651681,0.003652632,3.381070334,,,8.132098666,1.138123197
35.73516656,0.029899708,0.005072623,4.558104895,,,10.1068448,1.199475023
33.47166898,0.023716671,0.005873643,5.227374936,,,11.17961133,1.085370795
36.66174821,0.023218645,0.00343821,2.255942308,,,10.92305885,1.019984221
44.4020576,0.011526343,0.002752764,3.851046531,,,10.82460662,1.622517619
19.10693156,0.021527956,0.004317503,2.114844298,,,6.653981932,0.774526334
55.83992325,0.025767732,0.01162791,1.905471937,,,12.41224214,1.367615363
20.69425635,0.019197707,0.00499716,3.181192308,,,8.489297831,0.991717675
20.95741275,0.016609918,0.003546456,5.258136299,,,6.59313888,0.694696905
26.83756662,0.021463657,0.004460371,3.132240789,,,8.514818761,1.005261989
27.99334019,0.0246192,0.00868432,3.562617105,,,8.223645223,0.825066694
45.50182154,0.04338006,0.009018112,4.070939474,,,10.90668982,1.313644388
23.46188473,0.009005361,0.005190915,4.786957895,,,7.741559648,1.091490525
34.50631318,0.018773245,0.005373219,2.938800699,,,10.09682012,1.207784535
28.71470241,0.008403878,0.00354088,4.408570985,,,8.393658843,0.981133385
32.27939112,0.012839725,0.001828052,1.927104895,,,10.41251968,1.45808458
20.91251682,0.014114362,0.004680895,3.349828846,,,7.699990875,1.313773573
23.59669991,0.014212038,0.004450599,3.571171053,,,8.692355134,1.104205201
23.91924414,0.010656004,0.003718843,3.275980743,,,7.861894987,1.089918143
36.73635294,0.029736065,0.005139996,4.247167832,,,10.12432696,1.218473179
32.52137496,0.025173631,0.00596649,5.057713919,,,11.05939688,1.087746862
35.59850433,0.021042598,0.003532665,2.707998252,,,10.7956384,0.944944743
42.87733757,0.011563037,0.002432553,3.381278828,,,10.69652316,1.580853638
18.79249151,,,2.064815789,,,6.655223768,0.782643716
55.73777684,0.025509677,0.011372017,2.015059289,,,12.39376217,1.378526521
20.98452483,0.016520374,0.003573408,5.170346768,,,6.597495785,0.695925858
26.45984099,0.021045426,0.00439244,3.155285526,,,8.47540816,1.016695264
27.53998278,0.02506242,0.008783694,3.592403947,,,8.197264182,0.825507515
44.71758801,0.04247908,0.008993659,4.003228947,,,10.82306617,1.311231029
22.21573805,0.009125932,0.005405246,4.673484211,,,7.605958952,1.04500671
32.29570072,0.019583001,0.005764348,2.716818182,,,9.821849708,1.056972434
27.47065444,0.008266139,0.003592234,4.252758871,,,8.20957029,0.966696559
34.33838139,0.014322034,0.00133999,1.89748951,,,10.74608414,1.688590207
18.84679892,0.015208278,0.004520964,2.952840385,,,7.083250312,1.433690537
21.81562281,0.014258736,0.004478076,3.584265789,,,8.478723127,1.118915894
22.11582055,0.010674326,0.003762416,3.147384674,,,7.602378517,1.048027424
38.37681589,0.02970018,0.005149799,3.804902098,,,10.19066497,1.26554066
31.63430859,0.026912096,0.005960058,4.788399076,,,10.9034458,1.101205459
,,,0.883045336,,,,
34.30034869,0.019189925,0.003626411,3.083417832,,,10.61077565,0.877887255
17.90320978,0.019945346,0.00447023,1.776840557,,,6.766169447,0.81181277
53.90224951,0.021352277,0.009014474,2.437693281,,,12.18179165,1.417361454
21.21480048,0.015124035,0.00361302,4.156700047,,,6.692318409,0.714286515
23.28992927,0.018502044,0.003739362,2.914501954,,,7.91562086,1.029907343
25.93748366,0.025033503,0.008554674,3.42498433,,,8.347937755,0.880021764
41.88254158,0.040319291,0.008287194,3.49788126,,,10.53101122,1.334306457
19.14570934,0.010043524,0.006105743,4.186303987,,,7.240987547,0.931003605
21.54588176,0.008176034,0.003770392,3.39949339,,,7.387296883,0.877900084
15.98591618,0.015059828,0.004271615,3.442330542,,,7.970143024,1.353759995
15.40431006,0.010887608,0.003710333,2.397935603,,,6.671184709,0.943607902
29.36080242,0.015776838,0.004542123,1.02770791,,,8.926528996,0.821999221
26.75860857,0.015012975,0.003994307,3.818732517,,,9.296901561,0.689477211
17.77300896,0.019525249,0.004567303,1.68288145,,,6.82040045,0.818279915
53.08663225,0.019531633,0.008091595,2.539422925,,,12.09428636,1.425867763
21.30282621,,,3.737666218,,,6.735372815,0.72223789
22.08269904,0.017648584,0.003480753,2.771065431,,,7.675137811,1.025080108
25.58959151,0.024575824,0.008340791,3.311487679,,,8.449655583,0.906838067
41.2492519,0.040140377,0.007958414,3.312917943,,,10.46860739,1.348257529
18.85684166,0.01038175,0.00624166,4.05618756,,,7.194102542,0.920485867
19.8275434,0.008268721,0.003808117,3.128672763,,,7.160248733,0.847938673
14.85213996,0.015413676,0.004140907,3.358268182,,,7.929484981,1.456471353
13.85197841,0.010975927,0.003640719,2.151807137,,,6.465104275,0.93328886
29.68601646,0.018139282,0.004451855,1.048176978,,,9.141208497,0.83685035
24.28589415,0.014777172,0.004084509,3.81097028,,,8.824827271,0.662329677
17.67965599,0.019070626,0.004686552,1.580136223,,,6.885229286,0.824417013
52.12832082,0.01739847,0.007035318,2.639581028,,,11.992976,1.433893102
21.40303467,0.013802969,0.00359191,3.252383529,,,6.786166722,0.73153375
20.70956788,0.016708079,0.003184009,2.594332656,,,7.394440272,1.01700077
25.26279242,0.023937965,0.008064255,3.16933433,,,8.576993185,0.938929466
40.646151,0.040105875,0.007568769,3.104504067,,,10.41044752,1.365481487
18.75942978,0.010763506,0.006361895,3.922742584,,,7.164960674,0.917161344
18.01434695,0.008407493,0.003843117,2.834850434,,,6.924608663,0.814872345
13.84782392,0.015828954,0.003978562,3.254774402,,,7.92342173,1.576782844
12.34986515,0.011078246,0.003548466,1.882172192,,,6.269711049,0.929284154
29.52565418,0.019871378,0.004270608,1.062367414,,,9.398166102,0.834418936
21.57826797,0.014864744,0.004174003,3.726571678,,,8.295310675,0.643164133
17.60349357,,,1.34828741,,,7.046680457,0.835701066
49.78361543,,,2.835182609,,,11.74894008,1.448500871
21.63999979,,,2.083071574,,,6.910973035,0.754158925
17.4656028,,,2.140978349,,,6.712401725,0.991085789
24.67247338,,,2.799057536,,,8.90852771,1.018937555
39.53051549,,,2.617324641,,,10.30685967,1.409748061
19.13897341,,,3.645866986,,,7.159906354,0.932091944
14.10337981,,,,,,6.427552765,0.739424938
12.22757236,,,2.989492584,,,8.015079606,1.870206225
9.496293808,,,1.272382866,,,5.910986219,0.940217747
27.74820061,,,1.071912397,,,10.03891563,0.777708482
15.45828034,,,3.327865385,,,7.06395056,0.628779018
48.39722149,0.009123875,0.003066105,2.930626087,,,11.60621452,1.4550833
21.77675644,0.011042747,0.003509101,1.399042308,,,6.984985442,0.767488239
15.59476888,0.013364289,0.002064963,1.864356818,,,6.311060717,0.973250145
24.40895345,0.020943307,0.006858741,2.570934091,,,9.112724633,1.066854243
39.0179809,0.040868851,0.006034642,2.338559091,,,10.26143169,1.436790677
19.61592892,0.012169962,0.006628503,3.502436364,,,7.183993902,0.950347068
12.00560913,0.00910032,0.003931763,1.815373231,,,6.166136937,0.697043859
11.61163684,0.017443369,0.003301704,2.827704545,,,8.112800734,2.043318114
8.14483572,0.011469197,0.003135885,0.932228483,,,5.747654615,0.955156047
26.13110933,0.021285575,0.003180997,1.067266942,,,10.42270755,0.72342944
12.0459189,0.017067705,0.004438232,3.013557692,,,6.362107043,0.633559446
46.86813336,,,,,,11.4496839,1.46118476
21.92569582,,,,,,7.06673735,0.782162037
38.53563507,,,,,,10.22024767,1.467106178
9.812980362,,,,,,5.89612919,0.651557863
11.1251615,,,,,,8.245116654,2.234030137
8.398645694,,,,,,5.602821218,0.646321865
,,0.01603575,,0.001055242,0.014980508,,
,,0.01603575,,0.001055242,0.014980508,,
,,0.011627096,,0.000926659,0.010700438,,
,,0.016100942,,0.000989334,0.015111608,,
,,0.007561469,,0.000740947,0.006820522,,
,,0.012945684,,0.000873197,0.012072487,,
,,0.010056246,,0.000768205,0.009288041,,
,,0.013694643,,0.000872809,0.012821835,,
,,0.013694643,,0.000872809,0.012821835,,
,,0.013087447,,0.000869845,0.012217601,,
,,0.013087447,,0.000869845,0.012217601,,
,,0.009263916,,0.00082286,0.008441055,,
,,0.009263916,,0.00082286,0.008441055,,
,,0.006417848,,0.000737218,0.00568063,,
,,0.005452572,,0.000625567,0.004827006,,
,,0.005452572,,0.000625567,0.004827006,,
,,0.006031746,,0.000593507,0.005438239,,
,,0.006031746,,0.000593507,0.005438239,,
,,0.00645754,,0.000555336,0.005902203,,
,,0.006068138,,0.000533859,0.005534279,,
,,0.006068138,,0.000533859,0.005534279,,
,,0.0149358,,0.000640099,0.014295701,,
,,0.0149358,,0.000640099,0.014295701,,
,,0.0149358,,0.000640099,0.014295701,,
,,0.007601938,,0.000713856,0.006888082,,
,,0.007799718,,0.000816517,0.006983201,,
,,0.007799718,,0.000816517,0.006983201,,
,,0.007500331,,0.000745942,0.006754389,,
,,0.007500331,,0.000745942,0.006754389,,
,,0.014414258,,0.00102701,0.013387248,,
,,0.014414258,,0.00102701,0.013387248,,
,,0.014278508,,0.000987867,0.013290641,,
,,0.014278508,,0.000987867,0.013290641,,
,,0.005844108,,0.000706929,0.005137179,,
,,0.015881916,,0.001148665,0.014733251,,
,,0.011359851,,0.001052472,0.010307379,,
,,0.011359851,,0.001052472,0.010307379,,
,,0.011359851,,0.001052472,0.010307379,,
,,0.011359851,,0.001052472,0.010307379,,
,,0.005090606,,0.000622132,0.004468475,,
,,0.005090606,,0.000622132,0.004468475,,
,,0.005090606,,0.000622132,0.004468475,,
,,0.005090606,,0.000622132,0.004468475,,
,,0.005557192,,0.000628591,0.004928601,,
,,0.005557192,,0.000628591,0.004928601,,
,,0.005557192,,0.000628591,0.004928601,,
,,0.005557192,,0.000628591,0.004928601,,
,,0.005557192,,0.000628591,0.004928601,,
,,0.004262585,,0.000595948,0.003666637,,
,,0.004262585,,0.000595948,0.003666637,,
,,0.004262585,,0.000595948,0.003666637,,
,,0.004262585,,0.000595948,0.003666637,,
,,0.004262585,,0.000595948,0.003666637,,
,,0.005279615,,0.000728633,0.004550983,,
,,0.005279615,,0.000728633,0.004550983,,
,,0.005279615,,0.000728633,0.004550983,,
,,0.005279615,,0.000728633,0.004550983,,
,,0.005279615,,0.000728633,0.004550983,,
,,0.005378828,,0.000616113,0.004762715,,
,,0.005378828,,0.000616113,0.004762715,,
,,0.005378828,,0.000616113,0.004762715,,
,,0.005378828,,0.000616113,0.004762715,,
,,0.010884354,,0.000954231,0.009930123,,
,,0.010884354,,0.000954231,0.009930123,,
,,0.010884354,,0.000954231,0.009930123,,
,,0.010884354,,0.000954231,0.009930123,,
,,0.010884354,,0.000954231,0.009930123,,
,,0.007251711,,0.000924193,0.006327518,,
,,0.007251711,,0.000924193,0.006327518,,
,,0.007251711,,0.000924193,0.006327518,,
,,0.007251711,,0.000924193,0.006327518,,
,,0.007251711,,0.000924193,0.006327518,,
,,0.010044783,,0.001117192,0.00892759,,
,,0.010044783,,0.001117192,0.00892759,,
,,0.010044783,,0.001117192,0.00892759,,
,,0.010044783,,0.001117192,0.00892759,,
,,0.010783232,,0.001079752,0.00970348,,
,,0.010783232,,0.001079752,0.00970348,,
,,0.010783232,,0.001079752,0.00970348,,
,,0.004706795,,0.00060427,0.004102526,,
,,0.004706795,,0.00060427,0.004102526,,
,,0.004706795,,0.00060427,0.004102526,,
,,0.004706795,,0.00060427,0.004102526,,
,,0.005977464,,0.000774868,0.005202596,,
,,0.005977464,,0.000774868,0.005202596,,
,,0.005977464,,0.000774868,0.005202596,,
,,0.007044382,,0.000943024,0.006101358,,
,,0.006228502,,0.000835488,0.005393014,,
,,0.006228502,,0.000835488,0.005393014,,
,,0.006228502,,0.000835488,0.005393014,,
,,0.007724094,,0.000967299,0.006756795,,
,,0.005815655,,0.000783649,0.005032006,,
,,0.005815655,,0.000783649,0.005032006,,
,,0.005815655,,0.000783649,0.005032006,,
,,0.00788815,,0.00098767,0.00690048,,
,,0.008090321,,0.001038245,0.007052076,,
,,0.008090321,,0.001038245,0.007052076,,
,,0.008090321,,0.001038245,0.007052076,,
,,0.008750256,,0.0010571,0.007693156,,
,,0.015807524,,0.001247379,0.014560145,,
,,0.015807524,,0.001247379,0.014560145,,
,,0.014593531,,0.001157785,0.013435747,,
,,0.011829765,,0.00115336,0.010676405,,
,,0.011829765,,0.00115336,0.010676405,,
,,0.011829765,,0.00115336,0.010676405,,
,,0.012983331,,0.001127703,0.011855628,,
,,0.00859912,,0.001012181,0.007586938,,
,,0.012982846,,0.001086769,0.011896077,,
,,0.008197843,,0.001039313,0.00715853,,
,,0.007683986,,0.000960399,0.006723587,,
,,0.007370674,,0.000892473,0.006478201,,
,,0.007232569,,0.00089805,0.00633452,,
,,0.007232569,,0.00089805,0.00633452,,
,,0.014960631,,0.001468581,0.01349205,,
,,0.014960631,,0.001468581,0.01349205,,
,,0.018141319,,0.001251439,0.01688988,,
,,0.006806182,,0.00085788,0.005948302,,
,,0.009476495,,0.001148178,0.008328317,,
,,0.005905642,,0.000818661,0.005086981,,
,,0.00641367,,0.000797155,0.005616515,,
,,0.00807938,,0.001115016,0.006964364,,
,,0.007036314,,0.000910658,0.006125656,,
,,0.014294056,,0.001121055,0.013173001,,
,,0.020381714,,0.001866517,0.018515197,,
,,0.005215677,,0.000745811,0.004469866,,
,,0.008393516,,0.001108533,0.007284982,,
,,0.008869457,,0.001210241,0.007659216,,
,,0.005711069,,0.000701293,0.005009776,,
,,0.00820591,,0.00109231,0.007113601,,
,,0.008619197,,0.001065799,0.007553399,,
,,0.006640244,,0.000874637,0.005765607,,
,,0.007589892,,0.001010809,0.006579083,,
,,0.009054164,,0.001141949,0.007912215,,
,,0.017865522,,0.001319751,0.016545771,,
,,0.007635901,,0.000894632,0.006741269,,
,,0.009075917,,0.001200528,0.00787539,,
,,0.008666833,,0.001100272,0.007566561,,
,,0.007447908,,0.000850833,0.006597075,,
,,0.008202661,,0.001017861,0.007184799,,
,,0.018200754,,0.001309219,0.016891535,,
,,0.015732897,,0.001169711,0.014563186,,
,,0.009088193,,0.000886129,0.008202063,,
,,0.007512365,,0.000785882,0.006726483,,
,,0.006004098,,0.000698825,0.005305274,,
,,0.006016053,,0.000667189,0.005348864,,
,,0.006233532,,0.000713007,0.005520525,,
,,0.006410911,,0.000709688,0.005701222,,
,,0.011759229,,0.000903436,0.010855793,,
,,0.013510207,,0.000978212,0.012531995,,
,,0.012355409,,0.000878312,0.011477097,,
,,0.012915525,,0.000847157,0.012068368,,
,,0.007130363,,0.000825877,0.006304485,,
,,0.006094228,,0.000656299,0.005437929,,
,,0.006089938,,0.000690676,0.005399262,,
,,0.011554561,,0.000863659,0.010690902,,
,,0.011554561,,0.000863659,0.010690902,,
,,0.010530394,,0.000928981,0.009601413,,
,,0.010530394,,0.000928981,0.009601413,,
,,0.006307755,,0.000750606,0.005557149,,
,,0.006307755,,0.000750606,0.005557149,,
,,0.005744223,,0.00078735,0.004956873,,
,,0.007035132,,0.000783995,0.006251136,,
,,0.006509347,,0.000746784,0.005762563,,
,,0.009434489,,0.000824477,0.008610012,,
,,0.009434489,,0.000824477,0.008610012,,
,,0.007456972,,0.00089025,0.006566721,,
,,0.007456972,,0.00089025,0.006566721,,
,,0.006598621,,0.000807975,0.005790646,,
,,0.006598621,,0.000807975,0.005790646,,
,,0.006584429,,0.000736623,0.005847805,,
,,0.008691005,,0.001066311,0.007624693,,
,,0.009264633,,0.000827883,0.00843675,,
,,0.009264633,,0.000827883,0.00843675,,
,,0.00572814,,0.000692548,0.005035591,,
,,0.00572814,,0.000692548,0.005035591,,
,,0.006973799,,0.000728122,0.006245676,,
,,0.005952832,,0.00075397,0.005198862,,
,,0.005980965,,0.000787673,0.005193292,,
,,0.021343115,,0.001432902,0.019910213,,
,,0.021343115,,0.001432902,0.019910213,,
,,0.014981943,,0.001137507,0.013844435,,
,,0.022173783,,0.001136134,0.021037649,,
,,0.022173783,,0.001136134,0.021037649,,
,,0.020117236,,0.000866654,0.019250582,,
,,0.020117236,,0.000866654,0.019250582,,
,,0.007498501,,0.000913224,0.006585277,,
,,0.007621366,,0.000992315,0.006629052,,
,,0.019278515,,0.000804523,0.018473992,,
,,0.006760512,,0.000813247,0.005947266,,
,,0.005161451,,0.00060588,0.004555571,,
,,0.005161451,,0.00060588,0.004555571,,
,,0.005161451,,0.00060588,0.004555571,,
,,0.007993333,,0.00071096,0.007282373,,
,,0.007993333,,0.00071096,0.007282373,,
,,0.007993333,,0.00071096,0.007282373,,
,,0.004703654,,0.000541095,0.004162559,,
,,0.004703654,,0.000541095,0.004162559,,
,,0.005010711,,0.000602195,0.004408516,,
,,0.005010711,,0.000602195,0.004408516,,
,,0.005010711,,0.000602195,0.004408516,,
,,0.008100397,,0.000672188,0.007428209,,
,,0.008100397,,0.000672188,0.007428209,,
,,0.019543645,,0.001175938,0.018367707,,
,,0.019543645,,0.001175938,0.018367707,,
,,0.007657947,,0.000861657,0.00679629,,
,,0.007657947,,0.000861657,0.00679629,,
,,0.014697062,,0.000959332,0.013737731,,
,,0.014697062,,0.000959332,0.013737731,,
,,0.008172633,,0.001031282,0.007141351,,
,,0.008172633,,0.001031282,0.007141351,,
,,0.013635802,,0.000969588,0.012666214,,
,,0.013635802,,0.000969588,0.012666214,,
,,0.006564916,,0.000651671,0.005913245,,
,,0.006564916,,0.000651671,0.005913245,,
,,0.016562178,,0.001283454,0.015278724,,
,,0.016562178,,0.001283454,0.015278724,,
,,0.018146234,,0.001149987,0.016996247,,
,,0.018146234,,0.001149987,0.016996247,,
,,0.016162681,,0.001025253,0.015137428,,
,,0.016162681,,0.001025253,0.015137428,,
,,0.004751164,,0.000408838,0.004342327,,
,,0.017234686,,0.001291269,0.015943418,,
,,0.004931886,,0.000438563,0.004493324,,
,,0.015247453,,0.0011424,0.014105053,,
,,0.018864947,,0.001021468,0.01784348,,
,,0.014103776,,0.001171737,0.012932039,,
,,0.01009853,,0.000988479,0.009110051,,
,,0.007882692,,0.000726267,0.007156424,,
,,0.007317272,,0.000839701,0.006477571,,
,,0.008838841,,0.000750541,0.0080883,,
,,0.008838841,,0.000750541,0.0080883,,
,,0.020444085,,0.001113133,0.019330952,,
,,0.020444085,,0.001113133,0.019330952,,
,,0.01024189,,0.000834359,0.009407531,,
,,0.01024189,,0.000834359,0.009407531,,
,,0.004573439,,0.000448671,0.004124767,,
,,0.004573439,,0.000448671,0.004124767,,
,,0.007541907,,0.000904891,0.006637016,,
,,0.007541907,,0.000904891,0.006637016,,
,,0.016253608,,0.000943366,0.015310241,,
,,0.017336536,,0.00118942,0.016147117,,
,,0.022428287,,0.001179376,0.021248911,,
,,0.017640656,,0.001274141,0.016366515,,
,,0.017439382,,0.001086876,0.016352506,,
,,0.018159582,,0.001170156,0.016989426,,
,,0.017468709,,0.001098692,0.016370017,,
,,0.01769866,,0.001251996,0.016446664,,
,,0.004474461,,0.000485004,0.003989456,,
,,0.004474461,,0.000485004,0.003989456,,
,,0.009343511,,0.000863233,0.008480278,,
,,0.009343511,,0.000863233,0.008480278,,
,,0.003917873,,0.000423454,0.003494419,,
,,0.004303944,,0.000490584,0.00381336,,
,,0.010305031,,0.000796651,0.009508381,,
,,0.010305031,,0.000796651,0.009508381,,
,,0.02049824,,0.000952104,0.019546135,,
,,0.021171608,,0.001193967,0.01997764,,
,,0.007949063,,0.000911433,0.007037631,,
,,0.017005343,,0.001020937,0.015984406,,
,,0.017906441,,0.001239473,0.016666968,,
,,0.008915026,,0.000780253,0.008134773,,
,,0.008915026,,0.000780253,0.008134773,,
,,0.008915026,,0.000780253,0.008134773,,
,,0.008915026,,0.000780253,0.008134773,,
,,0.008915026,,0.000780253,0.008134773,,
,,0.008915026,,0.000780253,0.008134773,,
,,0.008915026,,0.000780253,0.008134773,,
,,0.006037391,,0.000714026,0.005323365,,
,,0.006037391,,0.000714026,0.005323365,,
,,0.006037391,,0.000714026,0.005323365,,
,,0.006037391,,0.000714026,0.005323365,,
,,0.006037391,,0.000714026,0.005323365,,
,,0.006037391,,0.000714026,0.005323365,,
,,0.006749752,,0.000750414,0.005999338,,
,,0.006749752,,0.000750414,0.005999338,,
,,0.006749752,,0.000750414,0.005999338,,
,,0.006749752,,0.000750414,0.005999338,,
,,0.006749752,,0.000750414,0.005999338,,
,,0.006399663,,0.000649234,0.005750428,,
,,0.006399663,,0.000649234,0.005750428,,
,,0.006399663,,0.000649234,0.005750428,,
,,0.006058838,,0.00065564,0.005403199,,
,,0.006058838,,0.00065564,0.005403199,,
,,0.006058838,,0.00065564,0.005403199,,
,,0.006910051,,0.000772827,0.006137224,,
,,0.006910051,,0.000772827,0.006137224,,
,,0.006910051,,0.000772827,0.006137224,,
,,0.006910051,,0.000772827,0.006137224,,
,,0.006610179,,0.000745921,0.005864258,,
,,0.006610179,,0.000745921,0.005864258,,
,,0.006610179,,0.000745921,0.005864258,,
,,0.006610179,,0.000745921,0.005864258,,
,,0.012514827,,0.000816955,0.011697872,,
,,0.012514827,,0.000816955,0.011697872,,
,,0.012514827,,0.000816955,0.011697872,,
,,0.012939014,,0.000842887,0.012096127,,
,,0.012939014,,0.000842887,0.012096127,,
,,0.012939014,,0.000842887,0.012096127,,
,,0.006068529,,0.000637212,0.005431317,,
,,0.006068529,,0.000637212,0.005431317,,
,,0.006068529,,0.000637212,0.005431317,,
,,0.006068529,,0.000637212,0.005431317,,
,,0.006068529,,0.000637212,0.005431317,,
,,0.006068529,,0.000637212,0.005431317,,
,,,2.26,,,,
,,,0.31,,,,
,,,0.45,,,,
,,,0.76,,,,
,,,2.91,,,,
,,,0.83,,,,
,,,0.47,,,,
,,,3.24,,,,
,,,3.25,,,,
,,,0.37,,,,
,,,,,,,
,,,0.37,,,,
,,,0.26,,,,
,,,1.26,,,,
,,,1.02,,,,
,,,0.8,,,,
,,,0.7,,,,
,,,0.39,,,,
,,,1.43,,,,
,,,,,,,
,,,0.66,,,,
,,,0.9,,,,
,,,0.79,,,,
,,,1.01,,,,
,,,5.25,,,,
,,,1.05,,,,
,,,2.22,,,,
,,,2.7,,,,
,,,6.4,,,,
,,,3.09,,,,
,,,1.81,,,,
,,,3.37,,,,
,,,5.3,,,,
,,,0.66,,,,
,,,2.28,,,,
,,,0.94,,,,
,,,1.7,,,,
,,,3.72,,,,
,,,2.74,,,,
,,,0.98,,,,
,,,0.79,,,,
,,,0.67,,,,
,,,5.64,,,,
,,,2.07,,,,
,,,2.68,,,,
,,,6.52,,,,
,,,0.99,,,,
,,,4.15,,,,
,,,4.56,,,,
,,,2.9,,,,
,,,4.09,,,,
,,,4.85,,,,
,,,6.64,,,,
,,,4.68,,,,
,,,2.5,,,,
,,,5.97,,,,
,,,5.39,,,,
,,,1.91,,,,
,,,2.01,,,,
,,,1.38,,,,
,,,6.36,,,,
,,,1.65,,,,
,,,6.48,,,,
,,,3.94,,,,
,,,0.79,,,,
,,,1.92,,,,
,,,7.48,,,,
,,,4.69,,,,
,,,3.78,,,,
,,,6.33,,,,
,,,5.5,,,,
,,,6.92,,,,
,,,4.78,,,,
,,,3.38,,,,
,,,5.08,,,,
,,,6.29,,,,
,,,6.84,,,,
,,,5.5,,,,
,,,1.63,,,,
,,,4.99,,,,
,,,4.19,,,,
,,,1.65,,,,
,,,3.8,,,,
,,,2.88,,,,
,,,2.94,,,,
,,,,,,,
,,,6.03,,,,
,,,2.75,,,,
,,,1.89,,,,
,,,1.71,,,,
,,,7.23,,,,
,,,3.24,,,,
,,,4.99,,,,
,,,5.09,,,,
,,,3.52,,,,
,,,5.94,,,,
,,0.006422305,,,,,
,,0.006536626,,,,,
,,,,,,,
,,,,,,,
,,0.004189235,,,,,
,,0.004933863,,,,,
,,,,,,,
,,,,,,,
,,,,,,,
,,0.006578947,,,,,
,,0.005800743,,,,,
,,0.003810216,,,,,
,,0.00560492,,,,,
,,0.005098597,,,,,
,,,,,,,
,,0.005648122,,,,,
,,,,,,,
,,0.005192942,,,,,
,,0.005190409,,,,,
,,0.006648936,,,,,
,,,,,,,
,,,,,,,
,,0.007323559,,,,,
,,0.006889266,,,,,
,,0.004808542,,,,,
,,0.003900183,,,,,
,,0.007667583,,,,,
,,0.006466799,,,,,
,,0.009205776,,,,,
,,0.010621078,,,,,
,,0.005344735,,,,,
,,0.003954132,,,,,
,,0.0121683,,,,,
,,0.012095005,,,,,
,,0.0109096,,,,,
,,0.008633848,,,,,
,,0.015507829,,,,,
,,0.006596573,,,,,
,,0.005626637,,,,,
,,0.006028837,,,,,
,,0.008076349,,,,,
,,0.007010874,,,,,
,,0.005522236,,,,,
,,0.003099577,,,,,
,,0.004372586,,,,,
,,0.00768175,,,,,
,,0.005775278,,,,,
,,0.007119426,,,,,
,,,,,,,
,,0.005323926,,,,,
,,0.002269358,,,,,
,,0.00794591,,,,,
,,0.008528125,,,,,
,,0.009687857,,,,,
,,0.005065008,,,,,
,,,,,,,
,,0.003849589,,,,,
,,0.008745051,,,,,
,,0.003909814,,,,,
,,0.00560724,,,,,
,,0.00442237,,,,,
,,0.007304551,,,,,
,,0.006689088,,,,,
,,0.009189546,,,,,
,,0.010204082,,,,,
,,0.004662005,,,,,
,,0.003882353,,,,,
,,0.003440487,,,,,
,,0.005353319,,,,,
,,0.016521773,,,,,
51.87292354,,,4.26,,,,
55.68367131,,,5.09,,,,
71.61302349,,,5.1,,,,
65.74554747,,,4.63,,,,
70.08662309,,,4.74,,,,
66.60404373,,,4.9,,,,
64.74794416,,,4.67,,,,
66.06617886,,,5.0,,,,
56.26720999,,,5.25,,,,
48.93128416,,,3.91,,,,
46.18855082,,,3.15,,,,
48.4574915,,,2.63,,,,
55.33645699,,,2.71,,,,
47.72221199,,,2.54,,,,
41.93525787,,,4.16,,,,
53.02721606,,,3.27,,,,
64.25483345,,,2.68,,,,
51.44210238,,,3.08,,,,
45.77311682,,,2.41,,,,
44.05645809,,,2.46,,,,
49.65067322,,,3.06,,,,
50.31065832,,,3.39,,,,
45.58264034,,,3.71,,,,
51.05032698,,,3.98,,,,
50.27570456,,,3.45,,,,
53.18715659,,,3.76,,,,
61.37404032,,,4.26,,,,
50.27570456,,,4.15,,,,
61.67335252,,,3.38,,,,
60.5689236,,,2.89,,,,
59.44294528,,,3.96,,,,
63.8098106,,,3.66,,,,
26.76447412,0.019790797,0.008979122,3.212962055,,,7.547696358,0.968686196
24.74853403,0.012446343,0.00359777,3.715885375,,,7.6387921,1.183458544
28.7475392,0.014464697,0.004582706,2.905599209,,,8.451562485,1.138707777
68.18551947,0.019947869,0.007090204,1.650159684,,,11.62001715,2.169330615
37.09796539,0.012840751,0.004271898,3.242724716,,,9.023417861,1.673124118
29.29625649,0.012497959,0.002912943,4.332305929,,,8.748426166,1.030723475
32.97792168,0.010730474,0.003867542,2.618133643,,,7.920989256,1.416568852
42.52215804,0.020123155,0.005090673,2.272846154,,,12.04510322,1.335144561
27.5844285,0.013642396,0.003811472,1.855035968,,,8.623809006,1.287536996
37.67601888,0.029936883,0.005694342,3.985629249,,,10.91858869,1.116725575
49.51951783,0.017614144,0.003691983,3.225553406,,,11.36733485,2.203916684
29.37303977,0.012677043,0.004200823,5.134309486,,,8.897926897,1.237890976
39.93271752,0.018420571,0.005357782,5.041697416,,,10.95000196,1.752261677
65.58076382,0.017748975,0.005607826,0.597367194,,,12.11460323,1.600649004
28.84675716,0.019339371,0.002648356,4.6418,,,8.740200717,0.871428343
36.9835463,0.017558743,0.003661106,3.742598897,,,9.102526397,1.440179677
34.66482346,0.017322905,0.00237366,3.397279044,,,9.119797188,1.312453372
36.83426917,0.019526961,0.00277724,3.357968412,,,9.789430026,1.108106957
46.77649605,0.013931596,0.003428464,4.572313012,,,10.84199867,1.841728981
40.41117533,0.022792972,0.003346523,4.1615,,,10.79531257,1.5147519
11.39552854,,,0.185566772,,,5.237370171,0.898114386
26.9641431,0.017631523,0.008623366,3.403160953,,,7.59035155,0.943068951
24.80128858,0.012233248,0.003760415,4.173440607,,,7.723132358,1.150168938
28.34781914,0.013776628,0.004613465,3.421533347,,,8.362843953,1.13332355
67.26299066,0.018637691,0.006911706,2.288419846,,,11.68842464,2.088911436
34.53438166,0.012060752,0.00431911,3.894037603,,,8.957947219,1.611423618
28.81359031,0.012272288,0.003211286,4.192724298,,,8.818611137,1.03938171
32.59127447,0.010076904,0.003884174,3.246462203,,,8.093649623,1.383780847
40.78693099,0.019614151,0.005245072,2.751174825,,,11.80765352,1.342719993
26.6341299,0.013210577,0.004067795,2.303239401,,,8.46512874,1.243804766
36.7674536,0.029688653,0.005892743,4.141808737,,,10.76277878,1.052231379
46.01352367,0.016258335,0.003836118,3.240217105,,,11.0960983,2.022006727
28.85918498,0.012313273,0.004343945,5.421877346,,,8.927648595,1.244632136
36.40127244,0.018344562,0.005116348,4.91657104,,,10.5178251,1.818618854
64.51499952,0.017230393,0.005861777,0.911763095,,,11.97217215,1.60783379
26.15906687,0.015984426,0.002706881,4.0238,,,8.174988201,0.853262123
36.47055088,0.015121077,0.003578592,4.204001103,,,9.270984968,1.526747342
33.92166481,0.017047846,0.002697806,2.722846149,,,9.099317901,1.320270635
40.00152803,0.017779874,0.002915164,3.923863111,,,9.947849003,1.330279578
45.55877197,0.013716061,0.003374587,4.481435119,,,10.71617282,1.80954791
38.92696403,0.021138105,0.003468835,4.77375,,,10.91132889,1.542308473
13.93011518,,,0.299947806,,,5.575082154,0.893277194
27.13356608,0.015707787,0.008309201,3.585484044,,,7.619923515,0.919914237
24.76882552,0.012054091,0.003896756,4.581430518,,,7.780232533,1.117428376
27.99340277,0.013161998,0.004632154,3.897086998,,,8.280820441,1.126706506
66.46363893,0.017462541,0.006757285,2.880112503,,,11.75364076,2.0212197
32.19180842,0.01134384,0.004353515,4.485881643,,,8.883702827,1.548682441
28.36430429,0.01207779,0.003470766,4.061438902,,,8.873376745,1.047345872
32.27359121,0.009502207,0.003889339,3.822819014,,,8.240334269,1.353375679
38.96002508,0.01918194,0.005384474,3.149601399,,,11.53067527,1.335833557
25.8005255,0.012803207,0.004281703,2.705798045,,,8.319308142,1.206638504
35.99423441,0.02947204,0.006055076,4.284054275,,,10.62803735,0.998261899
42.95293939,0.015063631,0.003967817,3.269170666,,,10.86157784,1.860984239
28.39852904,0.012008694,0.004469857,5.680152195,,,8.953352694,1.250460478
33.24150721,0.018302923,0.004950892,4.784800375,,,10.12557124,1.871220177
63.42192478,0.016752376,0.006097657,1.202770709,,,11.83813111,1.613832709
19.41490343,0.014778601,0.002565471,3.5008,,,7.030633345,0.801445769
35.93890206,0.012983437,0.003502125,4.62901973,,,9.395465671,1.595767507
33.14658884,0.016726568,0.002952975,2.163385632,,,9.049222308,1.319848601
42.81463964,0.01618061,0.003039215,4.432610407,,,10.09553082,1.52670688
44.48197455,0.013530571,0.003330009,4.389625722,,,10.61304618,1.787605601
37.53944947,0.020078721,0.003799106,5.124666667,,,10.94060763,1.521565097
33.82634554,0.010653486,0.002742269,4.700901471,,,9.952183496,1.552383007
16.24303472,0.008671466,0.002675261,0.397018824,,,5.912575856,0.895493398
27.27274307,0.014019588,0.008036628,3.759931329,,,7.636412252,0.899222057
24.65114486,0.011908871,0.004006795,4.939855107,,,7.810092626,1.085236858
27.68429009,0.012620808,0.004638774,4.332260162,,,8.20549195,1.118856646
65.78746429,0.016422421,0.006626941,3.425237653,,,11.81566551,1.966255405
30.07024566,0.010690014,0.004375113,5.018256837,,,8.800684686,1.484900589
27.94839843,0.011914465,0.003691384,3.93844974,,,8.91272299,1.054615961
32.02487189,0.009006385,0.003883039,4.347204076,,,8.361043194,1.325353351
37.04144032,0.018826523,0.005508878,3.468125874,,,11.21416848,1.314485253
25.0836153,0.012420286,0.004453195,3.062711899,,,8.186347211,1.176038208
35.35636132,0.029287044,0.006181341,4.412365862,,,10.51436442,0.954817133
40.33776498,0.014030031,0.004087079,3.312414087,,,10.66377346,1.720849222
27.99107194,0.011763306,0.004578557,5.909134034,,,8.975039193,1.255376001
30.45342183,0.018295656,0.004861413,4.646385421,,,9.773240382,1.910065646
62.3015396,0.016314924,0.006315466,1.470390035,,,11.71248013,1.618645761
8.614266842,0.015721895,0.002224124,3.0728,,,5.30713615,0.715979279
35.38859982,0.011145823,0.003431707,5.017654779,,,9.475968505,1.647240174
45.27360399,0.014729168,0.003149394,4.884210302,,,10.23247548,1.697388864
43.54610378,0.013375125,0.003294727,4.29688482,,,10.53261873,1.775902053
36.24863164,0.019614821,0.004337336,5.21425,,,10.88314878,1.452521772
32.27034476,0.010499361,0.002929116,4.749754412,,,9.680923126,1.484379487
27.38167406,0.012566928,0.007805646,3.926502808,,,7.639817762,0.880992408
24.44824659,0.01179759,0.00409053,5.248714375,,,7.812712635,1.053594385
27.42048111,0.012153057,0.004633324,4.72705284,,,8.136858478,1.109773969
65.23446673,0.015517329,0.006520673,3.923795299,,,11.8744989,1.924018552
28.16969338,0.010099274,0.004383905,5.491163184,,,8.708892795,1.420078061
27.56587274,0.011782312,0.003873139,3.823756813,,,8.936649872,1.061191976
31.84511651,0.008589436,0.003865273,4.819617389,,,8.455776398,1.299713862
35.03117669,0.018547898,0.005618284,3.706748252,,,10.85813315,1.27867508
24.48339931,0.012061815,0.00458227,3.373980965,,,8.066245947,1.152003879
34.85383433,0.029133666,0.00627154,4.526743499,,,10.42175999,0.921897082
38.16800044,0.013157537,0.004193906,3.369947368,,,10.50268515,1.601601675
27.6368137,0.01157711,0.004670047,6.108822862,,,8.992708093,1.259378707
28.03701629,0.018322759,0.004847913,4.501326178,,,9.460832526,1.935155259
61.15384399,0.015918038,0.006515205,1.714621073,,,11.59521919,1.622272946
34.81964417,0.009608237,0.003367337,5.36990625,,,9.51249347,1.681165341
47.37842108,0.013425548,0.003245701,5.278662794,,,10.35868298,1.842325529
42.75115967,0.013249725,0.003268743,4.203212413,,,10.47489049,1.774437268
35.05451056,0.019746405,0.005083524,5.0425,,,10.73895234,1.335178499
30.8837053,0.010376081,0.003099305,4.792235747,,,9.43724631,1.424907827
27.46035905,0.011349806,0.007616256,4.085198481,,,7.630140045,0.865225292
24.16013071,0.011720246,0.004147962,5.508008321,,,7.788092561,1.022500957
27.20197583,0.011758745,0.004615804,5.08146503,,,8.074920026,1.099458476
64.80464625,0.014747266,0.006438482,4.375785438,,,11.93014091,1.894509141
26.49015158,0.00957162,0.00437989,5.904600684,,,8.608327154,1.354214857
27.2167272,0.011681333,0.004016031,3.717360121,,,8.945157392,1.067073918
31.73432508,0.008251361,0.003836042,5.240058953,,,8.524533881,1.276457211
32.92923421,0.018346066,0.005712693,3.865468531,,,10.46256929,1.228403039
23.99987752,0.011727793,0.004668928,3.639605242,,,7.95900435,1.134535517
34.48665345,0.029011904,0.006325671,4.627187185,,,10.35022405,0.899501747
36.44364578,0.012446147,0.004288296,3.441770511,,,10.37831293,1.503241598
27.3357543,0.011450104,0.004744326,6.279218681,,,9.006359392,1.262468594
25.99229059,0.018384233,0.004910391,4.349622647,,,9.188347672,1.946489018
59.97883795,0.015561718,0.006696874,1.935463824,,,11.4863483,1.624714264
34.23203511,0.008370676,0.003309015,5.685774142,,,9.505040566,1.69754301
42.09714222,0.013154369,0.003252056,4.108608501,,,10.43986145,1.783211244
33.95708621,0.020473472,0.006037671,4.609416667,,,10.50801832,1.169535276
29.66642715,0.010283648,0.003252838,4.828345475,,,9.221153048,1.373968026
44.015923,0.011120077,0.003012904,2.613833333,,,10.56141058,1.821228878
27.50879805,0.010368222,0.007468458,4.236018348,,,7.6073791,0.851920708
23.78679723,0.01167684,0.004179091,5.717736946,,,7.736232404,0.991956573
27.02877423,0.011437873,0.004586215,5.395496734,,,8.019676594,1.087910167
64.49800286,0.014112232,0.006380367,4.781208072,,,11.98259155,1.877727171
25.03162027,0.009107053,0.004363069,6.258569337,,,8.498987764,1.287310977
26.90096182,0.011611526,0.00412006,3.619259663,,,8.938245548,1.072261787
31.69249759,0.00799216,0.003795344,5.608528767,,,8.567315642,1.255583399
30.73561287,0.018221027,0.005792104,3.944286713,,,10.02747688,1.163669129
23.63304993,0.011418221,0.004713171,3.859584731,,,7.86462242,1.123633122
34.25481866,0.028921761,0.006343735,4.713696921,,,10.29975661,0.887631126
35.16470099,0.011895863,0.00437025,3.527883514,,,10.29065679,1.425768991
27.08789375,0.011382289,0.004801395,6.420321489,,,9.015993091,1.264645664
24.31924474,0.018480077,0.005048847,4.191274827,,,8.95578582,1.944066923
58.77652148,0.015245963,0.006860472,2.132918286,,,11.38586745,1.625969715
33.62577264,0.007433143,0.003256741,5.965258456,,,9.453609794,1.69637318
28.61851032,0.010222061,0.003389713,4.858083597,,,9.03264334,1.331560086
40.73031583,0.010903601,0.003392806,2.87325,,,10.43740353,1.582356432
31.18019107,0.020222731,0.002936407,2.530965035,,,9.178110102,1.025864465
27.52699105,0.009622176,0.007362251,4.378962409,,,7.571534927,0.841078657
23.32824614,0.011667371,0.004183916,5.87790025,,,7.657132165,0.961961234
26.90087633,0.011190439,0.004544555,5.669147951,,,7.971128182,1.075129041
64.31453655,0.013612227,0.006346329,5.1400632,,,12.03185083,1.873672644
23.79409944,0.008705572,0.004333441,6.553069143,,,8.380874624,1.219366422
26.61857661,0.011572892,0.004185227,3.52945544,,,8.915914342,1.076755583
31.71963405,0.007811832,0.003743181,5.925026832,,,8.584121683,1.237092425
28.45031267,0.01817278,0.005856518,3.943202797,,,9.552855932,1.084473351
23.38291654,0.011133098,0.004714997,4.03391943,,,7.783100157,1.119296694
34.15832998,0.028863234,0.006325732,4.786272706,,,10.27035766,0.886285221
34.33116607,0.011506683,0.004439769,3.628286378,,,10.23971672,1.369183855
26.89323205,0.011373666,0.004841252,6.532131288,,,9.02160919,1.265909915
23.01787873,0.018610293,0.005263282,4.026282719,,,8.763146969,1.927888973
57.54689456,0.014970774,0.007006,2.30698446,,,11.29377666,1.626039298
33.00085676,0.006795636,0.003210515,6.208359191,,,9.358201154,1.677655851
27.73995481,0.010191321,0.003509931,4.881450113,,,8.871717187,1.297684006
38.02345736,0.01073516,0.003666325,2.97175,,,10.30480142,1.4154789
24.48262588,0.007444387,0.00425538,0.622723689,,,7.596770144,1.012375351
30.6734715,0.01864833,0.00316043,3.239404196,,,9.307175197,1.178081749
41.41673432,0.013087512,0.002226038,0.783708333,,,9.390030539,0.866319775
27.51493805,0.009111668,0.007297636,4.514030664,,,7.522607527,0.832699138
22.78447745,0.011691841,0.004162439,5.988498232,,,7.550791842,0.932514939
26.81828212,0.011016445,0.004490827,5.902418681,,,7.92927479,1.061115099
64.25424732,0.013247251,0.006336368,5.452350822,,,12.07791873,1.882345558
22.77758909,0.008367178,0.004291006,6.788100103,,,8.253987734,1.150381191
26.36957155,0.011565432,0.004211531,3.447947452,,,8.878163772,1.080555306
31.81573445,0.007710378,0.003679552,6.189553148,,,8.574952002,1.220984291
26.07333361,0.018201327,0.005905933,3.862216783,,,9.038706446,0.990815705
23.24947736,0.010872424,0.004674407,4.162609341,,,7.714437561,1.121526233
34.1971874,0.028836325,0.006271662,4.844914541,,,10.26202721,0.895464031
33.94304103,0.011278608,0.004496851,3.742979102,,,10.22549274,1.333486189
26.7517692,0.011424233,0.004863898,6.614648076,,,9.02320769,1.266261348
22.08819256,0.018774879,0.005553694,3.854646322,,,8.61043112,1.897955168
56.28995722,0.01473615,0.007133458,2.457662347,,,11.21007591,1.624923015
32.35728747,0.006458156,0.003170337,6.415076348,,,9.218814645,1.641391023
27.82586906,0.013828316,0.003035487,1.221042466,,,8.126706321,1.14429114
27.03076062,0.010191427,0.003613491,4.898445023,,,8.738374587,1.272339786
35.89534758,0.010614752,0.003833461,2.909333333,,,10.16360424,1.320596283
25.46554281,0.007173245,0.004044528,0.615934616,,,7.932954158,1.056911928
30.23691626,0.017375804,0.003352838,3.745414452,,,9.403072299,1.314061087
38.39620628,0.013116637,0.002250804,1.858291667,,,9.320611597,0.883358995
27.47263906,0.008836698,0.007274612,4.641223112,,,7.4605969,0.826782152
22.15549115,0.011750248,0.004114658,6.049530892,,,7.417211437,0.903617689
26.78099161,0.01091589,0.004425028,6.095308924,,,7.894116418,1.04586834
64.31713517,0.013017303,0.006350483,5.718070938,,,12.12079527,1.903745915
21.98208923,0.00809187,0.004235765,6.963662216,,,8.118327095,1.080355284
26.15394666,0.011589144,0.004198972,3.374735698,,,8.82499384,1.083660955
31.9807988,0.007687798,0.003604456,6.402107714,,,8.5398066,1.207258995
23.60467569,0.018306667,0.005940352,3.701328671,,,8.48502842,0.882696191
23.23273238,0.0106362,0.004591401,4.245654462,,,7.658634632,1.130321739
34.37139092,0.028841033,0.006181524,4.889622426,,,10.27476525,0.915167555
34.00032586,0.011211638,0.004541497,3.871961687,,,10.24798483,1.318675993
26.6635052,0.011533991,0.004869334,6.667871854,,,9.02078859,1.265699963
21.53018624,0.018973836,0.005920084,3.676365636,,,8.497638273,1.854265509
55.00570944,0.014542092,0.007242845,2.584951945,,,11.13476521,1.622620864
31.69506476,0.006420702,0.003136206,6.585409926,,,9.035450267,1.587578697
26.82737177,0.01318351,0.002807821,1.466388594,,,7.869296585,1.086194022
26.49092775,0.010222379,0.003700394,4.909068326,,,8.632615542,1.255527425
34.34598648,0.010542379,0.003894215,2.686,,,10.01381198,1.297708581
26.22679263,0.006893527,0.00365805,0.591835529,,,8.268919891,1.108501901
29.87052536,0.016405152,0.003513632,4.048995804,,,9.465801408,1.43380248
35.5465995,0.013077487,0.002261671,2.621375,,,9.172339029,0.883893027
27.40009407,0.008797266,0.007293179,4.760539755,,,7.385503045,0.823327697
21.44128725,0.011842594,0.004040574,6.060998232,,,7.256390948,0.875269483
26.78900479,0.010888775,0.00434716,6.247818681,,,7.865653066,1.029388765
64.50320011,0.012922384,0.006388674,5.937223549,,,12.16048043,1.937873713
21.40759985,0.007879648,0.004167717,7.079755482,,,7.973892706,1.009288702
25.97170193,0.011644029,0.004147551,3.309820179,,,8.756404545,1.086072531
32.2148271,0.007744092,0.003517896,6.562690531,,,8.478685476,1.195916538
21.04433891,0.018488799,0.005959772,3.460538462,,,7.891821855,0.760114808
23.3326816,0.010424425,0.004465978,4.283054795,,,7.61569137,1.145683212
34.68094053,0.028877358,0.006055319,4.920396359,,,10.30857179,0.945395795
34.50302056,0.011305773,0.004573707,4.015234133,,,10.30719301,1.324753268
26.62844005,0.01170294,0.004857559,6.691802621,,,9.014351889,1.26422576
21.34385976,0.019207164,0.006362453,3.491440661,,,8.424768428,1.796819995
53.69415123,0.0143886,0.007334162,2.688853256,,,11.06784455,1.619132847
31.01418865,0.006683275,0.003108124,6.719359926,,,8.80810802,1.516218871
25.79695715,0.012492485,0.002511179,1.8267071,,,7.582270544,1.019857605
26.12045619,0.010284178,0.00377064,4.913320023,,,8.55444005,1.247246925
33.37537407,0.010518039,0.003848585,2.30175,,,9.855424652,1.346815794
26.76637536,0.006605234,0.003095946,0.550426426,,,8.604667342,1.167145269
29.5742988,0.015736375,0.003642811,4.150148252,,,9.495362523,1.537305928
32.86791398,0.012970062,0.00225864,3.072958333,,,8.945212834,0.867921871
27.29730308,0.008993372,0.007353338,4.871980591,,,7.297325962,0.822335775
20.64186574,0.011968877,0.003940186,6.02290025,,,7.068330377,0.847470322
26.84232167,0.010935098,0.004257222,6.359947951,,,7.843884733,1.011676374
64.81244213,0.012962494,0.006450943,6.109808654,,,12.19697423,1.984728953
21.05412095,0.007730512,0.004086862,7.136379902,,,7.820684567,0.937181443
25.82283736,0.011730087,0.004057267,3.253200895,,,8.672395886,1.087790034
32.51781933,0.00787926,0.003419869,6.6713016,,,8.391588632,1.186956919
18.39232327,0.018747725,0.005964196,3.139846154,,,7.25908675,0.623071557
23.54932502,0.010237099,0.004298139,4.274810339,,,7.585607775,1.167610652
35.12583625,0.028945301,0.005893047,4.937236343,,,10.36344682,0.98614875
35.45112513,0.011561013,0.004593481,4.17279644,,,10.40311726,1.351718012
26.64657375,0.011931081,0.004828573,6.686440379,,,9.003897589,1.261838739
21.52921312,0.019474862,0.006880799,3.299871398,,,8.391821584,1.725618626
52.35528258,0.014275673,0.007407408,2.769366278,,,11.00931395,1.614458962
30.31465912,0.007245874,0.00308609,6.816926348,,,8.536787905,1.427311547
24.7346252,0.011755242,0.002145561,2.301997983,,,7.265628196,0.945281892
25.91934595,0.010376823,0.003824228,4.911200113,,,8.503848113,1.247498284
32.98351035,0.010541733,0.003696573,1.756583333,,,9.688442253,1.467917921
27.08429098,0.006308365,0.002358216,0.491707309,,,8.940196513,1.232842033
29.34823657,0.015369473,0.003740375,4.048871795,,,9.491755644,1.624571431
30.36014974,0.012794361,0.002241711,3.213041667,,,8.639233013,0.835445528
27.16426609,0.009425016,0.007455089,4.975545621,,,7.196065652,0.823806386
19.75722662,0.012129097,0.003813496,5.935236946,,,6.853029722,0.820220206
26.94094223,0.011054861,0.004155215,6.431696734,,,7.828811421,0.992731167
65.24486124,0.013137633,0.006537287,6.235826253,,,12.23027665,2.044311635
20.92165253,0.007644462,0.003993201,7.133535475,,,7.658702678,0.864033509
25.70735295,0.011847318,0.00392812,3.204877845,,,8.572967865,1.088813464
32.88977552,0.008093301,0.003310376,6.727940918,,,8.278516067,1.18038014
23.88266265,0.010074223,0.004087884,4.220921094,,,7.568383847,1.196104058
35.70607807,0.029044861,0.005694708,4.940142376,,,10.43939034,1.03742642
36.84463958,0.011977358,0.004600819,4.344648607,,,10.5357576,1.399570227
26.71790629,0.012218412,0.004782376,6.651785126,,,8.989425689,1.258538899
50.9891035,0.014203311,0.007462584,2.826491013,,,10.95917339,1.60859921
29.59647618,0.0081085,0.003070105,6.878109191,,,8.221489921,1.320856724
51.46765644,0.008318185,0.003516751,6.376976259,,,10.98180525,2.07498738
41.46496643,0.013328134,0.003395575,3.420298985,,,10.83023588,2.131314404
25.88759703,0.010500315,0.00386116,4.902708597,,,8.48083973,1.256281504
29.19233868,0.015304445,0.003806324,3.745166434,,,9.454980773,1.695598988
28.02330676,0.012550385,0.002210883,3.041625,,,8.254399566,0.786463997
27.00098311,0.010092198,0.007598431,5.071234845,,,7.081722115,0.827739529
18.7873699,0.012323256,0.003660502,5.798008321,,,6.610488985,0.793519134
27.0848665,0.011248063,0.004041137,6.46306503,,,7.820433128,0.972553143
65.80045743,0.013447801,0.006647708,6.315276347,,,12.26038771,2.116621758
21.0101946,0.007621499,0.003886733,7.071222201,,,7.48794704,0.789844899
25.6252487,0.011995721,0.00376011,3.16485103,,,8.458120481,1.08914282
33.33069564,0.008386216,0.003189418,6.732608488,,,8.13946778,1.176186199
24.33269448,0.009935796,0.003835212,4.121387061,,,7.564019586,1.231163432
36.421666,0.029176038,0.005460301,4.929114458,,,10.53640237,1.099228805
38.6835639,0.012554807,0.004595721,4.530790635,,,10.70511401,1.468309912
26.84243769,0.012564934,0.004718968,6.587836863,,,8.970936189,1.254326242
23.01495938,0.020113372,0.008145427,2.896800006,,,8.445696902,1.541948325
49.59561398,0.014171516,0.007499689,2.86022746,,,10.91742288,1.601553591
28.85963984,0.009271153,0.003060167,6.902908456,,,7.862214069,1.196854401
41.93836223,0.013473137,0.003453266,3.318243035,,,10.97680047,2.221998474
26.02520942,0.010654653,0.003881433,4.887845475,,,8.485414901,1.273596583
,,,0.322339029,,,,
29.10660513,0.015541293,0.003840658,3.239032168,,,9.385037907,1.7503886
25.85738505,0.012238134,0.002166158,2.558708333,,,7.790712493,0.720977279
26.80745413,0.010994918,0.007783365,5.159048263,,,6.95429535,0.834135204
17.73229557,0.012551353,0.003481205,5.611214375,,,6.340708164,0.767367106
27.27409445,0.011514705,0.00391499,6.45405284,,,7.818749856,0.951142302
66.4792307,0.013892998,0.006782206,6.348158935,,,12.28730739,2.201659324
21.31974715,0.007661623,0.003767459,6.94944008,,,7.308417653,0.714615614
25.57652461,0.012175298,0.003553238,3.133120449,,,8.327853734,1.088778103
33.84057971,0.008758005,0.003056994,6.685304309,,,7.974443772,1.174375097
24.89942051,0.009821818,0.003540124,3.976208238,,,7.572514992,1.272788773
37.27260002,0.029338833,0.005189827,4.90415259,,,10.65448288,1.171555906
40.96789809,0.013293362,0.004578187,4.731222523,,,10.9111865,1.557937068
27.02016793,0.012970647,0.004638349,6.49459559,,,8.948429089,1.249200766
24.31535228,0.020484183,0.008891708,2.685297877,,,8.532519063,1.429479393
48.17481403,0.014180285,0.007518724,2.870575619,,,10.88406241,1.593322106
28.10415008,0.010733832,0.003056277,6.891324142,,,7.458960348,1.05530458
42.55268469,0.013648184,0.003520256,3.21525558,,,11.14606426,2.322921305
26.33218313,0.010839838,0.00388505,4.866610747,,,8.517573626,1.299443523
29.09103591,0.016080015,0.003843377,2.530468998,,,9.281927048,1.788940267
23.86238461,0.011857607,0.002107534,1.764291667,,,7.248171793,0.638985373
26.58367916,0.012133177,0.00800989,5.238985875,,,6.813785357,0.842993412
16.59200364,0.012813387,0.003275604,5.374855107,,,6.043687261,0.741764123
27.5086261,0.011854785,0.003776774,6.404660162,,,7.823761603,0.928498645
67.28118105,0.014473223,0.006940781,6.334474017,,,12.31103571,2.299424331
21.85031019,0.007764832,0.003635378,6.768189112,,,7.120114515,0.638345652
25.56118068,0.012386048,0.003307503,3.109686104,,,8.182167624,1.087719313
34.41942773,0.009208667,0.002913104,6.58602838,,,7.783444043,1.174946834
25.58284074,0.00973229,0.00320262,3.785384627,,,7.593870065,1.320980081
38.25888014,0.029533245,0.004883286,4.865256771,,,10.79363189,1.254407721
43.69764216,0.014193021,0.004548216,4.945944272,,,11.15397508,1.668451693
27.25109702,0.013435552,0.00454052,6.372061306,,,8.921904389,1.243162473
25.98742501,0.020889364,0.009713967,2.46715146,,,8.659264227,1.303254606
46.72670365,0.014229621,0.007519689,2.85753549,,,10.85909199,1.583904753
43.3079338,0.013853277,0.003596542,3.111336621,,,11.33802726,2.434082898
26.80851816,0.011055869,0.003872009,4.839004412,,,8.577315905,1.333822322
29.14563102,0.016920611,0.003814482,1.619476923,,,9.145648196,1.811253989
26.32965819,0.013506973,0.008278007,5.31104768,,,6.660192137,0.854314152
15.36649409,0.013109359,0.003043701,5.088930518,,,5.719426275,0.716710185
27.78846144,0.012268305,0.003626488,6.314886998,,,7.83546837,0.904622172
68.20630849,0.015188478,0.007123431,6.274221594,,,12.33157266,2.409916781
22.60188371,0.007931128,0.00349049,6.527469298,,,6.923037628,0.561035015
25.57921691,0.01262797,0.003022905,3.094547993,,,8.021062151,1.08596645
35.06723969,0.009738204,0.002757748,6.434780702,,,7.566468592,1.177901409
26.38295517,0.009667211,0.002822699,3.548916226,,,7.628084805,1.375737356
39.38050637,0.029759274,0.004540678,4.812427002,,,10.9538494,1.347784251
27.53522497,0.013959647,0.00442548,6.220234013,,,8.89136209,1.236211361
28.0311776,0.021328917,0.010612204,2.242360754,,,8.825932392,1.163273964
45.25128283,0.014319522,0.007502583,2.821107073,,,10.84251162,1.573301532
44.20410957,0.014088414,0.003682126,3.006486157,,,11.55268946,2.555483253
27.45421451,0.011302746,0.003842311,4.805026471,,,8.664641738,1.376732982
29.27039048,0.018063083,0.003753971,0.506055944,,,8.976201351,1.817329766
26.04539122,0.015116308,0.008587715,5.37523368,,,6.49351569,0.868097424
14.05576695,0.013439269,0.002785494,4.753440607,,,5.367925206,0.692205291
28.11360048,0.012755264,0.003464132,6.184733347,,,7.853870158,0.879512883
69.25461301,0.016038761,0.007330159,6.167401664,,,12.34891823,2.533136672
25.63063331,0.012901065,0.002699445,3.087706116,,,7.844537316,1.083519513
27.29976381,0.009626582,0.002400363,3.266803037,,,7.675159212,1.437060598
40.63747869,0.03001692,0.004162002,4.745663283,,,11.1351354,1.451685497
27.87255176,0.014542933,0.004293228,6.039113709,,,8.85680219,1.228347431
30.44661002,0.02180284,0.011586419,2.010925759,,,9.032523558,1.009537468
43.74855157,0.014449988,0.007467407,2.761290368,,,10.8343213,1.561512445
45.241212,0.014353597,0.003777007,2.900704187,,,11.79005086,2.68712237
25.73087825,0.01696118,0.008939015,5.431543874,,,6.313756015,0.884343229
12.6598222,0.013803117,0.002500984,4.368385375,,,4.989184053,0.668249442
28.48404321,0.013315663,0.003289706,6.014199209,,,7.878966965,0.853170777
70.42609461,0.017024073,0.007560963,6.014014229,,,12.36307244,2.669084005
25.71542986,0.013205334,0.002337122,3.089160474,,,7.652593117,1.080378504
28.33326665,0.009610402,0.00193561,2.939045059,,,7.735093286,1.504949807
42.02979712,0.030306184,0.00374726,4.664965613,,,11.3374899,1.566111457
28.2630774,0.01518541,0.004143766,5.828700395,,,8.81822469,1.219570683
42.21850989,0.01462102,0.007414161,2.678085375,,,10.83452103,1.548537491
39.66039807,0.010696191,0.0031374,4.800520471,,,10.99818626,1.168180386
46.41924108,0.014648824,0.003881186,2.793990714,,,12.05011146,2.829000249
25.38611929,0.019041591,0.009331906,5.479978261,,,6.120913113,0.903051566
11.17865984,0.014200902,0.00219017,3.933764822,,,4.583202818,0.644842637
28.89978964,0.0139495,0.003103211,5.803284585,,,7.910758792,0.825595855
71.7207533,0.018144414,0.007815843,5.814059289,,,12.37403528,2.81775878
25.83360658,0.013540775,0.001935936,3.098911067,,,7.445229555,1.076543421
29.48346369,0.009618671,0.00142844,2.565642292,,,7.807887027,1.579404983
43.55746164,0.030627065,0.003296449,4.570333992,,,11.56091289,1.691062133
28.70680189,0.015887079,0.003977094,5.588994071,,,8.775629591,1.209881117
40.66115777,0.014832618,0.007342844,2.571492095,,,10.8431108,1.53437667
36.45300626,0.011609903,0.003025621,4.337761932,,,10.96333637,0.926937272
47.73819683,0.014974095,0.003994662,2.686345735,,,12.33287127,2.981116889
53.5208849,,,2.16,,,,
58.13552656,,,2.56,,,,
56.3063293,,,3.16,,,,
59.19558431,,,3.14,,,,
58.01444027,,,3.08,,,,
63.45601252,,,3.04,,,,
50.76727478,,,4.88,,,,
47.26012656,,,2.92,,,,
49.54725941,,,5.29,,,,
50.48579198,,,5.28,,,,
53.18715659,,,5.56,,,,
56.65962918,,,2.73,,,,
48.12187954,,,4.02,,,,
44.67311872,,,3.74,,,,
47.22729218,,,3.96,,,,
55.52908568,,,6.69,,,,
48.79544409,,,3.91,,,,
52.41652738,,,6.79,,,,
53.15020436,,,6.71,,,,
53.18715659,,,7.12,,,,
46.76999897,,,6.41,,,,
61.20365743,,,3.61,,,,
62.27636312,,,4.17,,,,
60.61103364,,,3.74,,,,
51.62117465,,,2.61,,,,
52.92902948,,,2.89,,,,
52.7454203,,,2.32,,,,
57.53261185,,,4.92,,,,
50.27570456,,,3.86,,,,
43.75132726,,,4.21,,,,
47.98828649,,,4.39,,,,
52.85550923,,,4.36,,,,
52.52592986,,,3.02,,,,
51.26365132,,,3.13,,,,
56.42385046,,,2.88,,,,
59.77436856,,,3.96,,,,
56.97553412,,,3.02,,,,
59.31913586,,,4.09,,,,
54.1946367,,,4.03,,,,
54.762571,,,4.05,,,,
62.0172114,,,3.83,,,,
49.65067322,,,3.47,,,,
58.66316105,,,4.35,,,,
50.1361322,,,4.59,,,,
53.03950163,,,4.77,,,,
56.22811787,,,5.1,,,,
51.01485933,,,3.46,,,,
53.66987997,,,4.03,,,,
54.0817586,,,3.2,,,,
52.41652738,,,3.7,,,,
51.15687795,,,3.11,,,,
49.03341231,,,3.49,,,,
56.3454758,,,3.29,,,,
58.54097578,,,3.68,,,,
60.31687707,,,3.13,,,,
59.81592619,,,2.95,,,,
45.90054312,,,3.19,,,,
45.55097141,,,3.13,,,,
47.22729218,,,2.88,,,,
50.69675729,,,2.76,,,,
48.28939396,,,2.92,,,,
54.80064422,,,2.79,,,,
57.53261185,,,2.46,,,,
56.54161692,,,2.41,,,,
53.2981675,,,2.37,,,,
50.73200378,,,2.31,,,,
60.73753948,,,3.98,,,,
58.09513641,,,3.89,,,,
55.79989288,,,4.17,,,,
57.53261185,,,3.63,,,,
58.78560134,,,4.22,,,,
51.65706383,,,3.01,,,,
56.26720999,,,3.93,,,,
51.72891708,,,3.46,,,,
52.81878742,,,3.95,,,,
49.47843656,,,4.43,,,,
52.19840557,,,5.0,,,,
59.81592619,,,4.53,,,,
54.80064422,,,4.8,,,,
57.8533841,,,5.14,,,,
57.29320038,,,4.88,,,,
53.0763769,,,3.59,,,,
49.85814881,,,4.57,,,,
55.06789892,,,4.53,,,,
50.97941632,,,4.54,,,,
53.15020436,,,4.3,,,,
48.55863077,,,3.29,,,,
55.6449846,,,4.91,,,,
53.22413451,,,5.0,,,,
47.6559242,,,3.8,,,,
50.1361322,,,4.09,,,,
,,,,,,,
,,,,,,,
,,,,,,,
,,,,,,,
,,,,,,,
,,,,,,,
,,,,,,,
,,,,,,,
,,,,,,,
,,,,,,,
,,,,,,,
,,,,,,,
,,,,,,,
,,,,,,,
,,,,,,,
,,,,,,,
,,,,,,,
,,,,,,,
,,,,,,,
,,,,,,,
,,,,,,,
,,,,,,,
,,,,,,,
,,,,,,,
,,,,,,,
,,,,,,,
,,,,,,,
,,,,,,,
,,,,,,,
,,,,,,,
,,,,,,,
,,,,,,,
,,,,,,,
,,,,,,,
,,,,,,,
,,,,,,,
,,,,,,,
,,,,,,,
,,,,,,,
,,,,,,,
,,,,,,,
,,,,,,,
,,,,,,,
,,,,,,,
,,,,,,,
,,,,,,,
,,,,,,,
,,,,,,,
,,,,,,,
,,,,,,,
,,,,,,,
,,,,,,,
,,,,,,,
,,,,,,,
,,,,,,,
,,,,,,,
,,,,,,,
,,,,,,,
,,,,,,,
,,,,,,,
,,,,,,,
,,,,,,,
,,,,,,,
,,,,,,,
,,,,,,,
,,,,,,,
,,,,,,,
,,,,,,,
,,,,,,,
,,,,,,,
,,,,,,,
,,,,,,,
,,,,,,,
,,,,,,,
,,,,,,,
,,,,,,,
,,,,,,,
,,,,,,,
,,,,,,,
,,,,,,,
,,,,,,,
,,,,,,,
,,,,,,,
,,,,,,,
,,,,,,,
,,,,,,,
,,,,,,,
,,,,,,,
,,,,,,,
,,,,,,,
,,,,,,,
,,,,,,,
,,,,,,,
,,,3.85,,,,
,,,3.35,,,,
,,,5.21,,,,
,,,5.38,,,,
,,,3.72,,,,
,,,3.83,,,,
,,,3.23,,,,
,,,4.68,,,,
,,,4.11,,,,
,,,4.15,,,,
,,,4.75,,,,
,,,3.75,,,,
,,,4.39,,,,
,,,3.02,,,,
,,,2.42,,,,
,,,3.03,,,,
,,,3.3,,,,
,,,3.06,,,,
,,,3.02,,,,
,,,2.2,,,,
,,,2.69,,,,
,,,2.49,,,,
,,,3.31,,,,
,,,2.77,,,,
,,,,,,,
,,,,,,,
,,,,,,,
,,,,,,,
,,,,,,,
,,,,,,,
,,,,,,,
,,,,,,,
,,,,,,,
,,,,,,,
,,,,,,,
,,,,,,,
,,,,,,,
,,,,,,,
,,,,,,,
,,,,,,,
,,,,,,,
,,,,,,,
,,,,,,,
,,,,,,,
,,,,,,,
,,,,,,,
,,,,,,,
,,,,,,,
,,,,,,,
,,,,,,,
,,,,,,,
,,,,,,,
,,,,,,,
,,,,,,,
,,,,,,,
,,,,,,,
,,,,,,,
,,,,,,,
,,,,,,,
,,,,,,,
,,,,,,,
,,,,,,,
,,,,,,,
,,,,,,,
,,,,,,,
,,,,,,,
,,,,,,,
,,,,,,,
,,,,,,,
,,,,,,,
,,,,,,,
,,,,,,,
,,,,,,,
,,,,,,,
,,,,,,,
,,,,,,,
,,,,,,,
,,,,,,,
,,,,,,,
,,,,,,,
,,,,,,,
,,,,,,,
,,,,,,,
,,,,,,,
,,,,,,,
,,,,,,,
,,,,,,,
,,,,,,,
,,,,,,,
,,,,,,,
,,,,,,,
,,,,,,,
,,,,,,,
,,,,,,,
,,,,,,,
,,,,,,,
,,,,,,,
,,,,,,,
,,,,,,,
,,,,,,,
,,,,,,,
,,,,,,,
,,,,,,,
,,,,,,,
,,,,,,,
,,,,,,,
,,,,,,,
,,,,,,,
,,,,,,,
,,,,,,,
,,,,,,,
,,,,,,,
,,,,,,,
,,,,,,,
,,,,,,,
,,,,,,,
,,,,,,,
,,,,,,,
,,,,,,,
,,,,,,,
,,,,,,,
,,,,,,,
,,,,,,,
,,,,,,,
,,,,,,,
,,,,,,,
,,,,,,,
,,,,,,,
,,,,,,,
,,,,,,,
,,,,,,,
,,,,,,,
,,,,,,,
,,,,,,,
,,,,,,,
,,,,,,,
,,,,,,,
,,,,,,,
,,,,,,,
,,,,,,,
,,,,,,,
,,,,,,,
,,,,,,,
,,,,,,,
,,,,,,,
,,,,,,,
,,,,,,,
,,,,,,,
,,,,,,,
,,,,,,,
,,,,,,,
,,,,,,,
,,,,,,,
,,,2.72,,,,
,,,3.22,,,,
,,,5.38,,,,
,,,5.2,,,,
,,,4.84,,,,
,,,5.74,,,,
,,,5.4,,,,
,,,4.68,,,,
,,,3.9,,,,
,,,5.95,,,,
,,,5.56,,,,
,,,4.43,,,,
,,,2.47,,,,
,,,3.19,,,,
,,,3.79,,,,
,,,4.52,,,,
,,,4.27,,,,
,,,2.28,,,,
,,,2.86,,,,
,,,3.64,,,,
,,,2.84,,,,
,,,3.03,,,,
,,,2.97,,,,
,,,2.01,,,,
,,,1.65,,,,
,,,2.02,,,,
,,,1.76,,,,
,,,3.19,,,,
,,,,,,,
65.83699733,,,3.54,,,,
65.22972586,,,3.4,,,,
63.29451131,,,3.77,,,,
64.21019185,,,3.56,,,,
61.64478381,,,3.66,,,,
64.5861473,,,4.5,,,,
,,,,,,,
26.16702289,,,0.68,,,,
34.56760424,,,1.08,,,,
53.2734784,,,5.28,,,,
55.90340458,,,5.36,,,,
51.21616901,,,4.18,,,,
45.84740577,,,4.75,,,,
54.04418484,,,4.16,,,,
42.13976997,,,4.95,,,,
47.09618264,,,4.34,,,,
57.63933784,,,4.07,,,,
45.5087804,,,4.82,,,,
59.98244582,,,4.47,,,,
42.3158597,,,4.73,,,,
53.26113814,,,4.01,,,,
48.51365395,,,3.35,,,,
55.5419514,,,5.1,,,,
50.25241554,,,3.7,,,,
51.57336119,,,4.62,,,,
50.46240564,,,4.21,,,,
44.30209423,,,5.44,,,,
44.33289489,,,3.43,,,,
47.22729218,,,3.83,,,,
45.36141935,,,3.6,,,,
55.72238491,,,3.96,,,,
70.67358977,,,3.46,,,,
51.69297797,,,3.51,,,,
54.91502276,,,3.71,,,,
41.94497399,,,3.71,,,,
47.1835485,,,3.25,,,,
59.5946189,,,4.49,,,,
51.69297797,,,3.49,,,,
54.72452424,,,3.81,,,,
52.05349552,,,3.45,,,,
41.93525787,,,4.09,,,,
52.2710118,,,5.24,,,,
23.83349513,,,2.66,,,,
23.15857872,,,1.86,,,,
27.38764364,,,2.14,,,,
53.32286804,,,5.51,,,,
56.45523085,,,3.74,,,,
47.88833515,,,3.02,,,,
51.525592,,,4.81,,,,
50.5419634,,,4.33,,,,
46.83505447,,,5.05,,,,
60.42876801,,,4.61,,,,
56.580927,,,4.96,,,,
46.70503383,,,,,,,
35.53383294,,,3.91,,,,
34.33614592,,,3.75,,,,
36.1650054,,,2.55,,,,
35.56677621,,,3.96,,,,
35.56677621,,,4.63,,,,
,,,,,,,
43.20740747,,,4.11,,,,
43.08745768,,,5.3,,,,
41.58697219,,,5.1,,,,
37.60029701,,,4.88,,,,
30.59192085,,,0.82,,,,
29.52247831,,,0.76,,,,
30.46744134,,,1.05,,,,
32.17957549,,,0.83,,,,
60.1912474,,,4.58,,,,
49.51283603,,,4.52,,,,
49.06750238,,,4.33,,,,
41.48112964,,,2.55,,,,
36.60330791,,,3.3,,,,
35.61624841,,,2.1,,,,
38.87580002,,,1.97,,,,
37.60029701,,,1.59,,,,
36.1650054,,,1.44,,,,
37.42648528,,,1.97,,,,
41.35639024,,,4.66,,,,
55.2852023,,,3.38,,,,
53.86918547,,,4.43,,,,
53.1255838,,,4.37,,,,
54.37069333,,,3.48,,,,
53.5705039,,,4.32,,,,
52.48943702,,,4.79,,,,
63.23588557,,,2.86,,,,
51.38254977,,,3.23,,,,
31.26831496,,,1.79,,,,
64.59811838,,,4.47,,,,
68.92727407,,,3.58,,,,
60.06587939,,,2.85,,,,
29.60466498,,,1.26,,,,
42.10073854,,,3.39,,,,
45.63547083,,,3.36,,,,
26.76447412,0.019790797,0.008979122,3.212962055,,,7.547696358,0.968686196
24.74853403,0.012446343,0.00359777,3.715885375,,,7.6387921,1.183458544
28.7475392,0.014464697,0.004582706,2.905599209,,,8.451562485,1.138707777
68.18551947,0.019947869,0.007090204,1.650159684,,,11.62001715,2.169330615
37.09796539,0.012840751,0.004271898,3.242724716,,,9.023417861,1.673124118
29.29625649,0.012497959,0.002912943,4.332305929,,,8.748426166,1.030723475
32.97792168,0.010730474,0.003867542,2.618133643,,,7.920989256,1.416568852
42.52215804,0.020123155,0.005090673,2.272846154,,,12.04510322,1.335144561
27.5844285,0.013642396,0.003811472,1.855035968,,,8.623809006,1.287536996
37.67601888,0.029936883,0.005694342,3.985629249,,,10.91858869,1.116725575
49.51951783,0.017614144,0.003691983,3.225553406,,,11.36733485,2.203916684
29.37303977,0.012677043,0.004200823,5.134309486,,,8.897926897,1.237890976
39.93271752,0.018420571,0.005357782,5.041697416,,,10.95000196,1.752261677
65.58076382,0.017748975,0.005607826,0.597367194,,,12.11460323,1.600649004
28.84675716,0.019339371,0.002648356,4.6418,,,8.740200717,0.871428343
36.9835463,0.017558743,0.003661106,3.742598897,,,9.102526397,1.440179677
34.66482346,0.017322905,0.00237366,3.397279044,,,9.119797188,1.312453372
36.83426917,0.019526961,0.00277724,3.357968412,,,9.789430026,1.108106957
46.77649605,0.013931596,0.003428464,4.572313012,,,10.84199867,1.841728981
40.41117533,0.022792972,0.003346523,4.1615,,,10.79531257,1.5147519
11.39552854,,,0.185566772,,,5.237370171,0.898114386
26.9641431,0.017631523,0.008623366,3.403160953,,,7.59035155,0.943068951
24.80128858,0.012233248,0.003760415,4.173440607,,,7.723132358,1.150168938
28.34781914,0.013776628,0.004613465,3.421533347,,,8.362843953,1.13332355
67.26299066,0.018637691,0.006911706,2.288419846,,,11.68842464,2.088911436
34.53438166,0.012060752,0.00431911,3.894037603,,,8.957947219,1.611423618
28.81359031,0.012272288,0.003211286,4.192724298,,,8.818611137,1.03938171
32.59127447,0.010076904,0.003884174,3.246462203,,,8.093649623,1.383780847
40.78693099,0.019614151,0.005245072,2.751174825,,,11.80765352,1.342719993
26.6341299,0.013210577,0.004067795,2.303239401,,,8.46512874,1.243804766
36.7674536,0.029688653,0.005892743,4.141808737,,,10.76277878,1.052231379
46.01352367,0.016258335,0.003836118,3.240217105,,,11.0960983,2.022006727
28.85918498,0.012313273,0.004343945,5.421877346,,,8.927648595,1.244632136
36.40127244,0.018344562,0.005116348,4.91657104,,,10.5178251,1.818618854
64.51499952,0.017230393,0.005861777,0.911763095,,,11.97217215,1.60783379
26.15906687,0.015984426,0.002706881,4.0238,,,8.174988201,0.853262123
36.47055088,0.015121077,0.003578592,4.204001103,,,9.270984968,1.526747342
33.92166481,0.017047846,0.002697806,2.722846149,,,9.099317901,1.320270635
40.00152803,0.017779874,0.002915164,3.923863111,,,9.947849003,1.330279578
45.55877197,0.013716061,0.003374587,4.481435119,,,10.71617282,1.80954791
38.92696403,0.021138105,0.003468835,4.77375,,,10.91132889,1.542308473
13.93011518,,,0.299947806,,,5.575082154,0.893277194
27.13356608,0.015707787,0.008309201,3.585484044,,,7.619923515,0.919914237
24.76882552,0.012054091,0.003896756,4.581430518,,,7.780232533,1.117428376
27.99340277,0.013161998,0.004632154,3.897086998,,,8.280820441,1.126706506
66.46363893,0.017462541,0.006757285,2.880112503,,,11.75364076,2.0212197
32.19180842,0.01134384,0.004353515,4.485881643,,,8.883702827,1.548682441
28.36430429,0.01207779,0.003470766,4.061438902,,,8.873376745,1.047345872
32.27359121,0.009502207,0.003889339,3.822819014,,,8.240334269,1.353375679
38.96002508,0.01918194,0.005384474,3.149601399,,,11.53067527,1.335833557
25.8005255,0.012803207,0.004281703,2.705798045,,,8.319308142,1.206638504
35.99423441,0.02947204,0.006055076,4.284054275,,,10.62803735,0.998261899
42.95293939,0.015063631,0.003967817,3.269170666,,,10.86157784,1.860984239
28.39852904,0.012008694,0.004469857,5.680152195,,,8.953352694,1.250460478
33.24150721,0.018302923,0.004950892,4.784800375,,,10.12557124,1.871220177
63.42192478,0.016752376,0.006097657,1.202770709,,,11.83813111,1.613832709
19.41490343,0.014778601,0.002565471,3.5008,,,7.030633345,0.801445769
35.93890206,0.012983437,0.003502125,4.62901973,,,9.395465671,1.595767507
33.14658884,0.016726568,0.002952975,2.163385632,,,9.049222308,1.319848601
42.81463964,0.01618061,0.003039215,4.432610407,,,10.09553082,1.52670688
44.48197455,0.013530571,0.003330009,4.389625722,,,10.61304618,1.787605601
37.53944947,0.020078721,0.003799106,5.124666667,,,10.94060763,1.521565097
33.82634554,0.010653486,0.002742269,4.700901471,,,9.952183496,1.552383007
16.24303472,0.008671466,0.002675261,0.397018824,,,5.912575856,0.895493398
27.27274307,0.014019588,0.008036628,3.759931329,,,7.636412252,0.899222057
24.65114486,0.011908871,0.004006795,4.939855107,,,7.810092626,1.085236858
27.68429009,0.012620808,0.004638774,4.332260162,,,8.20549195,1.118856646
65.78746429,0.016422421,0.006626941,3.425237653,,,11.81566551,1.966255405
30.07024566,0.010690014,0.004375113,5.018256837,,,8.800684686,1.484900589
27.94839843,0.011914465,0.003691384,3.93844974,,,8.91272299,1.054615961
32.02487189,0.009006385,0.003883039,4.347204076,,,8.361043194,1.325353351
37.04144032,0.018826523,0.005508878,3.468125874,,,11.21416848,1.314485253
25.0836153,0.012420286,0.004453195,3.062711899,,,8.186347211,1.176038208
35.35636132,0.029287044,0.006181341,4.412365862,,,10.51436442,0.954817133
40.33776498,0.014030031,0.004087079,3.312414087,,,10.66377346,1.720849222
27.99107194,0.011763306,0.004578557,5.909134034,,,8.975039193,1.255376001
30.45342183,0.018295656,0.004861413,4.646385421,,,9.773240382,1.910065646
62.3015396,0.016314924,0.006315466,1.470390035,,,11.71248013,1.618645761
8.614266842,0.015721895,0.002224124,3.0728,,,5.30713615,0.715979279
35.38859982,0.011145823,0.003431707,5.017654779,,,9.475968505,1.647240174
45.27360399,0.014729168,0.003149394,4.884210302,,,10.23247548,1.697388864
43.54610378,0.013375125,0.003294727,4.29688482,,,10.53261873,1.775902053
36.24863164,0.019614821,0.004337336,5.21425,,,10.88314878,1.452521772
32.27034476,0.010499361,0.002929116,4.749754412,,,9.680923126,1.484379487
27.38167406,0.012566928,0.007805646,3.926502808,,,7.639817762,0.880992408
24.44824659,0.01179759,0.00409053,5.248714375,,,7.812712635,1.053594385
27.42048111,0.012153057,0.004633324,4.72705284,,,8.136858478,1.109773969
65.23446673,0.015517329,0.006520673,3.923795299,,,11.8744989,1.924018552
28.16969338,0.010099274,0.004383905,5.491163184,,,8.708892795,1.420078061
27.56587274,0.011782312,0.003873139,3.823756813,,,8.936649872,1.061191976
31.84511651,0.008589436,0.003865273,4.819617389,,,8.455776398,1.299713862
35.03117669,0.018547898,0.005618284,3.706748252,,,10.85813315,1.27867508
24.48339931,0.012061815,0.00458227,3.373980965,,,8.066245947,1.152003879
34.85383433,0.029133666,0.00627154,4.526743499,,,10.42175999,0.921897082
38.16800044,0.013157537,0.004193906,3.369947368,,,10.50268515,1.601601675
27.6368137,0.01157711,0.004670047,6.108822862,,,8.992708093,1.259378707
28.03701629,0.018322759,0.004847913,4.501326178,,,9.460832526,1.935155259
61.15384399,0.015918038,0.006515205,1.714621073,,,11.59521919,1.622272946
34.81964417,0.009608237,0.003367337,5.36990625,,,9.51249347,1.681165341
47.37842108,0.013425548,0.003245701,5.278662794,,,10.35868298,1.842325529
42.75115967,0.013249725,0.003268743,4.203212413,,,10.47489049,1.774437268
35.05451056,0.019746405,0.005083524,5.0425,,,10.73895234,1.335178499
30.8837053,0.010376081,0.003099305,4.792235747,,,9.43724631,1.424907827
27.46035905,0.011349806,0.007616256,4.085198481,,,7.630140045,0.865225292
24.16013071,0.011720246,0.004147962,5.508008321,,,7.788092561,1.022500957
27.20197583,0.011758745,0.004615804,5.08146503,,,8.074920026,1.099458476
64.80464625,0.014747266,0.006438482,4.375785438,,,11.93014091,1.894509141
26.49015158,0.00957162,0.00437989,5.904600684,,,8.608327154,1.354214857
27.2167272,0.011681333,0.004016031,3.717360121,,,8.945157392,1.067073918
31.73432508,0.008251361,0.003836042,5.240058953,,,8.524533881,1.276457211
32.92923421,0.018346066,0.005712693,3.865468531,,,10.46256929,1.228403039
23.99987752,0.011727793,0.004668928,3.639605242,,,7.95900435,1.134535517
34.48665345,0.029011904,0.006325671,4.627187185,,,10.35022405,0.899501747
36.44364578,0.012446147,0.004288296,3.441770511,,,10.37831293,1.503241598
27.3357543,0.011450104,0.004744326,6.279218681,,,9.006359392,1.262468594
25.99229059,0.018384233,0.004910391,4.349622647,,,9.188347672,1.946489018
59.97883795,0.015561718,0.006696874,1.935463824,,,11.4863483,1.624714264
34.23203511,0.008370676,0.003309015,5.685774142,,,9.505040566,1.69754301
42.09714222,0.013154369,0.003252056,4.108608501,,,10.43986145,1.783211244
33.95708621,0.020473472,0.006037671,4.609416667,,,10.50801832,1.169535276
29.66642715,0.010283648,0.003252838,4.828345475,,,9.221153048,1.373968026
44.015923,0.011120077,0.003012904,2.613833333,,,10.56141058,1.821228878
27.50879805,0.010368222,0.007468458,4.236018348,,,7.6073791,0.851920708
23.78679723,0.01167684,0.004179091,5.717736946,,,7.736232404,0.991956573
27.02877423,0.011437873,0.004586215,5.395496734,,,8.019676594,1.087910167
64.49800286,0.014112232,0.006380367,4.781208072,,,11.98259155,1.877727171
25.03162027,0.009107053,0.004363069,6.258569337,,,8.498987764,1.287310977
26.90096182,0.011611526,0.00412006,3.619259663,,,8.938245548,1.072261787
31.69249759,0.00799216,0.003795344,5.608528767,,,8.567315642,1.255583399
30.73561287,0.018221027,0.005792104,3.944286713,,,10.02747688,1.163669129
23.63304993,0.011418221,0.004713171,3.859584731,,,7.86462242,1.123633122
34.25481866,0.028921761,0.006343735,4.713696921,,,10.29975661,0.887631126
35.16470099,0.011895863,0.00437025,3.527883514,,,10.29065679,1.425768991
27.08789375,0.011382289,0.004801395,6.420321489,,,9.015993091,1.264645664
24.31924474,0.018480077,0.005048847,4.191274827,,,8.95578582,1.944066923
58.77652148,0.015245963,0.006860472,2.132918286,,,11.38586745,1.625969715
33.62577264,0.007433143,0.003256741,5.965258456,,,9.453609794,1.69637318
28.61851032,0.010222061,0.003389713,4.858083597,,,9.03264334,1.331560086
40.73031583,0.010903601,0.003392806,2.87325,,,10.43740353,1.582356432
31.18019107,0.020222731,0.002936407,2.530965035,,,9.178110102,1.025864465
27.52699105,0.009622176,0.007362251,4.378962409,,,7.571534927,0.841078657
23.32824614,0.011667371,0.004183916,5.87790025,,,7.657132165,0.961961234
26.90087633,0.011190439,0.004544555,5.669147951,,,7.971128182,1.075129041
64.31453655,0.013612227,0.006346329,5.1400632,,,12.03185083,1.873672644
23.79409944,0.008705572,0.004333441,6.553069143,,,8.380874624,1.219366422
26.61857661,0.011572892,0.004185227,3.52945544,,,8.915914342,1.076755583
31.71963405,0.007811832,0.003743181,5.925026832,,,8.584121683,1.237092425
28.45031267,0.01817278,0.005856518,3.943202797,,,9.552855932,1.084473351
23.38291654,0.011133098,0.004714997,4.03391943,,,7.783100157,1.119296694
34.15832998,0.028863234,0.006325732,4.786272706,,,10.27035766,0.886285221
34.33116607,0.011506683,0.004439769,3.628286378,,,10.23971672,1.369183855
26.89323205,0.011373666,0.004841252,6.532131288,,,9.02160919,1.265909915
23.01787873,0.018610293,0.005263282,4.026282719,,,8.763146969,1.927888973
57.54689456,0.014970774,0.007006,2.30698446,,,11.29377666,1.626039298
33.00085676,0.006795636,0.003210515,6.208359191,,,9.358201154,1.677655851
27.73995481,0.010191321,0.003509931,4.881450113,,,8.871717187,1.297684006
38.02345736,0.01073516,0.003666325,2.97175,,,10.30480142,1.4154789
24.48262588,0.007444387,0.00425538,0.622723689,,,7.596770144,1.012375351
30.6734715,0.01864833,0.00316043,3.239404196,,,9.307175197,1.178081749
41.41673432,0.013087512,0.002226038,0.783708333,,,9.390030539,0.866319775
27.51493805,0.009111668,0.007297636,4.514030664,,,7.522607527,0.832699138
22.78447745,0.011691841,0.004162439,5.988498232,,,7.550791842,0.932514939
26.81828212,0.011016445,0.004490827,5.902418681,,,7.92927479,1.061115099
64.25424732,0.013247251,0.006336368,5.452350822,,,12.07791873,1.882345558
22.77758909,0.008367178,0.004291006,6.788100103,,,8.253987734,1.150381191
26.36957155,0.011565432,0.004211531,3.447947452,,,8.878163772,1.080555306
31.81573445,0.007710378,0.003679552,6.189553148,,,8.574952002,1.220984291
26.07333361,0.018201327,0.005905933,3.862216783,,,9.038706446,0.990815705
23.24947736,0.010872424,0.004674407,4.162609341,,,7.714437561,1.121526233
34.1971874,0.028836325,0.006271662,4.844914541,,,10.26202721,0.895464031
33.94304103,0.011278608,0.004496851,3.742979102,,,10.22549274,1.333486189
26.7517692,0.011424233,0.004863898,6.614648076,,,9.02320769,1.266261348
22.08819256,0.018774879,0.005553694,3.854646322,,,8.61043112,1.897955168
56.28995722,0.01473615,0.007133458,2.457662347,,,11.21007591,1.624923015
32.35728747,0.006458156,0.003170337,6.415076348,,,9.218814645,1.641391023
27.82586906,0.013828316,0.003035487,1.221042466,,,8.126706321,1.14429114
27.03076062,0.010191427,0.003613491,4.898445023,,,8.738374587,1.272339786
35.89534758,0.010614752,0.003833461,2.909333333,,,10.16360424,1.320596283
25.46554281,0.007173245,0.004044528,0.615934616,,,7.932954158,1.056911928
30.23691626,0.017375804,0.003352838,3.745414452,,,9.403072299,1.314061087
38.39620628,0.013116637,0.002250804,1.858291667,,,9.320611597,0.883358995
27.47263906,0.008836698,0.007274612,4.641223112,,,7.4605969,0.826782152
22.15549115,0.011750248,0.004114658,6.049530892,,,7.417211437,0.903617689
26.78099161,0.01091589,0.004425028,6.095308924,,,7.894116418,1.04586834
64.31713517,0.013017303,0.006350483,5.718070938,,,12.12079527,1.903745915
21.98208923,0.00809187,0.004235765,6.963662216,,,8.118327095,1.080355284
26.15394666,0.011589144,0.004198972,3.374735698,,,8.82499384,1.083660955
31.9807988,0.007687798,0.003604456,6.402107714,,,8.5398066,1.207258995
23.60467569,0.018306667,0.005940352,3.701328671,,,8.48502842,0.882696191
23.23273238,0.0106362,0.004591401,4.245654462,,,7.658634632,1.130321739
34.37139092,0.028841033,0.006181524,4.889622426,,,10.27476525,0.915167555
34.00032586,0.011211638,0.004541497,3.871961687,,,10.24798483,1.318675993
26.6635052,0.011533991,0.004869334,6.667871854,,,9.02078859,1.265699963
21.53018624,0.018973836,0.005920084,3.676365636,,,8.497638273,1.854265509
55.00570944,0.014542092,0.007242845,2.584951945,,,11.13476521,1.622620864
31.69506476,0.006420702,0.003136206,6.585409926,,,9.035450267,1.587578697
26.82737177,0.01318351,0.002807821,1.466388594,,,7.869296585,1.086194022
26.49092775,0.010222379,0.003700394,4.909068326,,,8.632615542,1.255527425
34.34598648,0.010542379,0.003894215,2.686,,,10.01381198,1.297708581
26.22679263,0.006893527,0.00365805,0.591835529,,,8.268919891,1.108501901
29.87052536,0.016405152,0.003513632,4.048995804,,,9.465801408,1.43380248
35.5465995,0.013077487,0.002261671,2.621375,,,9.172339029,0.883893027
27.40009407,0.008797266,0.007293179,4.760539755,,,7.385503045,0.823327697
21.44128725,0.011842594,0.004040574,6.060998232,,,7.256390948,0.875269483
26.78900479,0.010888775,0.00434716,6.247818681,,,7.865653066,1.029388765
64.50320011,0.012922384,0.006388674,5.937223549,,,12.16048043,1.937873713
21.40759985,0.007879648,0.004167717,7.079755482,,,7.973892706,1.009288702
25.97170193,0.011644029,0.004147551,3.309820179,,,8.756404545,1.086072531
32.2148271,0.007744092,0.003517896,6.562690531,,,8.478685476,1.195916538
21.04433891,0.018488799,0.005959772,3.460538462,,,7.891821855,0.760114808
23.3326816,0.010424425,0.004465978,4.283054795,,,7.61569137,1.145683212
34.68094053,0.028877358,0.006055319,4.920396359,,,10.30857179,0.945395795
34.50302056,0.011305773,0.004573707,4.015234133,,,10.30719301,1.324753268
26.62844005,0.01170294,0.004857559,6.691802621,,,9.014351889,1.26422576
21.34385976,0.019207164,0.006362453,3.491440661,,,8.424768428,1.796819995
53.69415123,0.0143886,0.007334162,2.688853256,,,11.06784455,1.619132847
31.01418865,0.006683275,0.003108124,6.719359926,,,8.80810802,1.516218871
25.79695715,0.012492485,0.002511179,1.8267071,,,7.582270544,1.019857605
26.12045619,0.010284178,0.00377064,4.913320023,,,8.55444005,1.247246925
33.37537407,0.010518039,0.003848585,2.30175,,,9.855424652,1.346815794
26.76637536,0.006605234,0.003095946,0.550426426,,,8.604667342,1.167145269
29.5742988,0.015736375,0.003642811,4.150148252,,,9.495362523,1.537305928
32.86791398,0.012970062,0.00225864,3.072958333,,,8.945212834,0.867921871
27.29730308,0.008993372,0.007353338,4.871980591,,,7.297325962,0.822335775
20.64186574,0.011968877,0.003940186,6.02290025,,,7.068330377,0.847470322
26.84232167,0.010935098,0.004257222,6.359947951,,,7.843884733,1.011676374
64.81244213,0.012962494,0.006450943,6.109808654,,,12.19697423,1.984728953
21.05412095,0.007730512,0.004086862,7.136379902,,,7.820684567,0.937181443
25.82283736,0.011730087,0.004057267,3.253200895,,,8.672395886,1.087790034
32.51781933,0.00787926,0.003419869,6.6713016,,,8.391588632,1.186956919
18.39232327,0.018747725,0.005964196,3.139846154,,,7.25908675,0.623071557
23.54932502,0.010237099,0.004298139,4.274810339,,,7.585607775,1.167610652
35.12583625,0.028945301,0.005893047,4.937236343,,,10.36344682,0.98614875
35.45112513,0.011561013,0.004593481,4.17279644,,,10.40311726,1.351718012
26.64657375,0.011931081,0.004828573,6.686440379,,,9.003897589,1.261838739
21.52921312,0.019474862,0.006880799,3.299871398,,,8.391821584,1.725618626
52.35528258,0.014275673,0.007407408,2.769366278,,,11.00931395,1.614458962
30.31465912,0.007245874,0.00308609,6.816926348,,,8.536787905,1.427311547
24.7346252,0.011755242,0.002145561,2.301997983,,,7.265628196,0.945281892
25.91934595,0.010376823,0.003824228,4.911200113,,,8.503848113,1.247498284
32.98351035,0.010541733,0.003696573,1.756583333,,,9.688442253,1.467917921
27.08429098,0.006308365,0.002358216,0.491707309,,,8.940196513,1.232842033
29.34823657,0.015369473,0.003740375,4.048871795,,,9.491755644,1.624571431
30.36014974,0.012794361,0.002241711,3.213041667,,,8.639233013,0.835445528
27.16426609,0.009425016,0.007455089,4.975545621,,,7.196065652,0.823806386
19.75722662,0.012129097,0.003813496,5.935236946,,,6.853029722,0.820220206
26.94094223,0.011054861,0.004155215,6.431696734,,,7.828811421,0.992731167
65.24486124,0.013137633,0.006537287,6.235826253,,,12.23027665,2.044311635
20.92165253,0.007644462,0.003993201,7.133535475,,,7.658702678,0.864033509
25.70735295,0.011847318,0.00392812,3.204877845,,,8.572967865,1.088813464
32.88977552,0.008093301,0.003310376,6.727940918,,,8.278516067,1.18038014
23.88266265,0.010074223,0.004087884,4.220921094,,,7.568383847,1.196104058
35.70607807,0.029044861,0.005694708,4.940142376,,,10.43939034,1.03742642
36.84463958,0.011977358,0.004600819,4.344648607,,,10.5357576,1.399570227
26.71790629,0.012218412,0.004782376,6.651785126,,,8.989425689,1.258538899
50.9891035,0.014203311,0.007462584,2.826491013,,,10.95917339,1.60859921
29.59647618,0.0081085,0.003070105,6.878109191,,,8.221489921,1.320856724
51.46765644,0.008318185,0.003516751,6.376976259,,,10.98180525,2.07498738
41.46496643,0.013328134,0.003395575,3.420298985,,,10.83023588,2.131314404
25.88759703,0.010500315,0.00386116,4.902708597,,,8.48083973,1.256281504
29.19233868,0.015304445,0.003806324,3.745166434,,,9.454980773,1.695598988
28.02330676,0.012550385,0.002210883,3.041625,,,8.254399566,0.786463997
27.00098311,0.010092198,0.007598431,5.071234845,,,7.081722115,0.827739529
18.7873699,0.012323256,0.003660502,5.798008321,,,6.610488985,0.793519134
27.0848665,0.011248063,0.004041137,6.46306503,,,7.820433128,0.972553143
65.80045743,0.013447801,0.006647708,6.315276347,,,12.26038771,2.116621758
21.0101946,0.007621499,0.003886733,7.071222201,,,7.48794704,0.789844899
25.6252487,0.011995721,0.00376011,3.16485103,,,8.458120481,1.08914282
33.33069564,0.008386216,0.003189418,6.732608488,,,8.13946778,1.176186199
24.33269448,0.009935796,0.003835212,4.121387061,,,7.564019586,1.231163432
36.421666,0.029176038,0.005460301,4.929114458,,,10.53640237,1.099228805
38.6835639,0.012554807,0.004595721,4.530790635,,,10.70511401,1.468309912
26.84243769,0.012564934,0.004718968,6.587836863,,,8.970936189,1.254326242
23.01495938,0.020113372,0.008145427,2.896800006,,,8.445696902,1.541948325
49.59561398,0.014171516,0.007499689,2.86022746,,,10.91742288,1.601553591
28.85963984,0.009271153,0.003060167,6.902908456,,,7.862214069,1.196854401
41.93836223,0.013473137,0.003453266,3.318243035,,,10.97680047,2.221998474
26.02520942,0.010654653,0.003881433,4.887845475,,,8.485414901,1.273596583
,,,0.322339029,,,,
29.10660513,0.015541293,0.003840658,3.239032168,,,9.385037907,1.7503886
25.85738505,0.012238134,0.002166158,2.558708333,,,7.790712493,0.720977279
26.80745413,0.010994918,0.007783365,5.159048263,,,6.95429535,0.834135204
17.73229557,0.012551353,0.003481205,5.611214375,,,6.340708164,0.767367106
27.27409445,0.011514705,0.00391499,6.45405284,,,7.818749856,0.951142302
66.4792307,0.013892998,0.006782206,6.348158935,,,12.28730739,2.201659324
21.31974715,0.007661623,0.003767459,6.94944008,,,7.308417653,0.714615614
25.57652461,0.012175298,0.003553238,3.133120449,,,8.327853734,1.088778103
33.84057971,0.008758005,0.003056994,6.685304309,,,7.974443772,1.174375097
24.89942051,0.009821818,0.003540124,3.976208238,,,7.572514992,1.272788773
37.27260002,0.029338833,0.005189827,4.90415259,,,10.65448288,1.171555906
40.96789809,0.013293362,0.004578187,4.731222523,,,10.9111865,1.557937068
27.02016793,0.012970647,0.004638349,6.49459559,,,8.948429089,1.249200766
24.31535228,0.020484183,0.008891708,2.685297877,,,8.532519063,1.429479393
48.17481403,0.014180285,0.007518724,2.870575619,,,10.88406241,1.593322106
28.10415008,0.010733832,0.003056277,6.891324142,,,7.458960348,1.05530458
42.55268469,0.013648184,0.003520256,3.21525558,,,11.14606426,2.322921305
26.33218313,0.010839838,0.00388505,4.866610747,,,8.517573626,1.299443523
29.09103591,0.016080015,0.003843377,2.530468998,,,9.281927048,1.788940267
23.86238461,0.011857607,0.002107534,1.764291667,,,7.248171793,0.638985373
26.58367916,0.012133177,0.00800989,5.238985875,,,6.813785357,0.842993412
16.59200364,0.012813387,0.003275604,5.374855107,,,6.043687261,0.741764123
27.5086261,0.011854785,0.003776774,6.404660162,,,7.823761603,0.928498645
67.28118105,0.014473223,0.006940781,6.334474017,,,12.31103571,2.299424331
21.85031019,0.007764832,0.003635378,6.768189112,,,7.120114515,0.638345652
25.56118068,0.012386048,0.003307503,3.109686104,,,8.182167624,1.087719313
34.41942773,0.009208667,0.002913104,6.58602838,,,7.783444043,1.174946834
25.58284074,0.00973229,0.00320262,3.785384627,,,7.593870065,1.320980081
38.25888014,0.029533245,0.004883286,4.865256771,,,10.79363189,1.254407721
43.69764216,0.014193021,0.004548216,4.945944272,,,11.15397508,1.668451693
27.25109702,0.013435552,0.00454052,6.372061306,,,8.921904389,1.243162473
25.98742501,0.020889364,0.009713967,2.46715146,,,8.659264227,1.303254606
46.72670365,0.014229621,0.007519689,2.85753549,,,10.85909199,1.583904753
43.3079338,0.013853277,0.003596542,3.111336621,,,11.33802726,2.434082898
26.80851816,0.011055869,0.003872009,4.839004412,,,8.577315905,1.333822322
29.14563102,0.016920611,0.003814482,1.619476923,,,9.145648196,1.811253989
26.32965819,0.013506973,0.008278007,5.31104768,,,6.660192137,0.854314152
15.36649409,0.013109359,0.003043701,5.088930518,,,5.719426275,0.716710185
27.78846144,0.012268305,0.003626488,6.314886998,,,7.83546837,0.904622172
68.20630849,0.015188478,0.007123431,6.274221594,,,12.33157266,2.409916781
22.60188371,0.007931128,0.00349049,6.527469298,,,6.923037628,0.561035015
25.57921691,0.01262797,0.003022905,3.094547993,,,8.021062151,1.08596645
35.06723969,0.009738204,0.002757748,6.434780702,,,7.566468592,1.177901409
26.38295517,0.009667211,0.002822699,3.548916226,,,7.628084805,1.375737356
39.38050637,0.029759274,0.004540678,4.812427002,,,10.9538494,1.347784251
27.53522497,0.013959647,0.00442548,6.220234013,,,8.89136209,1.236211361
28.0311776,0.021328917,0.010612204,2.242360754,,,8.825932392,1.163273964
45.25128283,0.014319522,0.007502583,2.821107073,,,10.84251162,1.573301532
44.20410957,0.014088414,0.003682126,3.006486157,,,11.55268946,2.555483253
27.45421451,0.011302746,0.003842311,4.805026471,,,8.664641738,1.376732982
29.27039048,0.018063083,0.003753971,0.506055944,,,8.976201351,1.817329766
26.04539122,0.015116308,0.008587715,5.37523368,,,6.49351569,0.868097424
14.05576695,0.013439269,0.002785494,4.753440607,,,5.367925206,0.692205291
28.11360048,0.012755264,0.003464132,6.184733347,,,7.853870158,0.879512883
69.25461301,0.016038761,0.007330159,6.167401664,,,12.34891823,2.533136672
25.63063331,0.012901065,0.002699445,3.087706116,,,7.844537316,1.083519513
27.29976381,0.009626582,0.002400363,3.266803037,,,7.675159212,1.437060598
40.63747869,0.03001692,0.004162002,4.745663283,,,11.1351354,1.451685497
27.87255176,0.014542933,0.004293228,6.039113709,,,8.85680219,1.228347431
30.44661002,0.02180284,0.011586419,2.010925759,,,9.032523558,1.009537468
43.74855157,0.014449988,0.007467407,2.761290368,,,10.8343213,1.561512445
45.241212,0.014353597,0.003777007,2.900704187,,,11.79005086,2.68712237
25.73087825,0.01696118,0.008939015,5.431543874,,,6.313756015,0.884343229
12.6598222,0.013803117,0.002500984,4.368385375,,,4.989184053,0.668249442
28.48404321,0.013315663,0.003289706,6.014199209,,,7.878966965,0.853170777
70.42609461,0.017024073,0.007560963,6.014014229,,,12.36307244,2.669084005
25.71542986,0.013205334,0.002337122,3.089160474,,,7.652593117,1.080378504
28.33326665,0.009610402,0.00193561,2.939045059,,,7.735093286,1.504949807
42.02979712,0.030306184,0.00374726,4.664965613,,,11.3374899,1.566111457
28.2630774,0.01518541,0.004143766,5.828700395,,,8.81822469,1.219570683
42.21850989,0.01462102,0.007414161,2.678085375,,,10.83452103,1.548537491
39.66039807,0.010696191,0.0031374,4.800520471,,,10.99818626,1.168180386
46.41924108,0.014648824,0.003881186,2.793990714,,,12.05011146,2.829000249
25.38611929,0.019041591,0.009331906,5.479978261,,,6.120913113,0.903051566
11.17865984,0.014200902,0.00219017,3.933764822,,,4.583202818,0.644842637
28.89978964,0.0139495,0.003103211,5.803284585,,,7.910758792,0.825595855
71.7207533,0.018144414,0.007815843,5.814059289,,,12.37403528,2.81775878
25.83360658,0.013540775,0.001935936,3.098911067,,,7.445229555,1.076543421
29.48346369,0.009618671,0.00142844,2.565642292,,,7.807887027,1.579404983
43.55746164,0.030627065,0.003296449,4.570333992,,,11.56091289,1.691062133
28.70680189,0.015887079,0.003977094,5.588994071,,,8.775629591,1.209881117
40.66115777,0.014832618,0.007342844,2.571492095,,,10.8431108,1.53437667
36.45300626,0.011609903,0.003025621,4.337761932,,,10.96333637,0.926937272
47.73819683,0.014974095,0.003994662,2.686345735,,,12.33287127,2.981116889
53.31,,0.00363,1.6,0.000105434,0.003524566,14.4,
55.33,,0.00306,2.3,0.000210425,0.002849575,15.33,
50.77,,0.00497,4.6,0.000431482,0.004538518,13.27,
59.51,,0.00498,5.1,0.00058476,0.00439524,17.35,
56.02,,0.00498,5.8,0.000539131,0.004440869,15.65,
55.58,,0.005,6.2,0.000450974,0.004549026,15.45,
57.77,,0.00495,5.8,0.000357058,0.004592942,16.49,
54.26,,0.00511,6.2,0.000401801,0.004708199,14.83,
54.22,,0.00544,5.9,0.000377436,0.005062564,14.81,
42.56,,0.00554,6.0,0.000255611,0.005284389,9.97,
18.21,,0.00591,3.8,,,3.18,
51.1,,0.00415,1.5,0.000195363,0.003954637,13.42,
50.47,,0.00437,3.1,0.000251181,0.004118819,13.14,
46.79,,0.00435,3.8,0.000365475,0.003984525,11.61,
50.36,,0.00505,5.0,0.000442114,0.004607886,13.09,
53.21,,0.00441,5.4,0.000333136,0.004076864,14.35,
46.85,,0.00446,6.2,0.000267129,0.004192871,11.63,
11.6,,0.00658,3.8,9.88e-05,0.006481211,2.12,
38.45,,0.00262,0.2,3.08e-05,0.002589247,8.51,
40.68,,0.00209,0.6,8.35e-05,0.002006512,9.28,
49.6,,0.00406,1.6,0.000147647,0.003912353,12.77,
51.03,,0.00395,2.9,0.000191248,0.003758752,13.38,
52.13,,0.00444,3.7,0.000252045,0.004187955,13.87,
55.16,,0.00371,3.9,0.000274921,0.003435079,15.25,
53.67,,0.00472,3.1,0.000220335,0.004499665,14.56,
49.57,,0.00488,2.5,0.000214602,0.004665398,12.76,
48.2,,0.00453,1.8,0.00020747,0.00432253,12.18,
59.93,,0.00563,3.4,0.00033182,0.00529818,17.56,
59.75,,0.00642,3.4,0.00034441,0.00607559,17.47,
60.79,,0.00602,3.6,0.000395918,0.005624082,18.0,
57.4,,0.00704,3.4,0.000336193,0.006703807,16.31,
57.5,,0.00631,3.3,0.000331395,0.005978605,16.36,
,,,4.69,,,,
,,,4.69,,,,
,,,5.36,,,,
,,,5.53,,,,
,,,2.7,,,,
,,,4.64,,,,
,,,2.48,,,,
,,,2.07,,,,
,,,5.33,,,,
,,,4.69,,,,
,,,,,,,
,,,3.77,,,,
,,,3.36,,,,
,,,5.01,,,,
,,,4.85,,,,
,,,3.78,,,,
,,,1.69,,,,
,,,5.06,,,,
,,,5.9,,,,
,,,5.24,,,,
,,,4.04,,,,
,,,4.75,,,,
,,,2.61,,,,
,,,3.59,,,,
,,,4.09,,,,
,,,2.08,,,,
,,,2.94,,,,
,,,3.65,,,,
,,,2.08,,,,
,,,2.16,,,,
,,,2.95,,,,
,,,5.19,,,,
,,,3.54,,,,
,,,3.47,,,,
,,,1.76,,,,
,,,4.59,,,,
,,,1.34,,,,
,,,1.13,,,,
,,,,,,,
,,,4.68,,,,
,,,5.8,,,,
,,,3.75,,,,
,,,5.7,,,,
,,,6.14,,,,
,,,2.6,,,,
,,,5.78,,,,
,,,2.74,,,,
,,,3.62,,,,
,,,4.46,,,,
,,,4.61,,,,
,0.00968,0.0093,2.01,0.000407296,0.008892704,,
,,,1.11,,,,
,,,1.7,,,,
,,,3.7,,,,
,,,1.91,,,,
,,,1.16,,,,
,0.0174,0.0164,1.92,0.00058859,0.01581141,,
,0.00951,0.0089,1.19,0.000414335,0.008485665,,
,0.0225,0.0215,0.74,0.000875224,0.020624776,,
,0.00839,0.0083,1.06,0.000382401,0.007917599,,
,0.0077,0.0078,1.74,0.000322321,0.007477679,,
,0.00694,0.0072,2.37,0.000278137,0.006921863,,
,0.0106,0.0073,2.21,0.000316314,0.006983686,,
,0.0153,0.0115,2.92,0.000595167,0.010904833,,
,0.0244,0.0214,2.14,0.000969839,0.020430161,,
,0.015,0.0108,2.41,0.000507888,0.010292112,,
,0.00503,0.0054,0.95,0.000198651,0.005201349,,
,0.0144,0.0133,3.66,0.000624436,0.012675564,,
,0.0143,0.013,0.77,0.000490177,0.012509823,,
,0.0112,0.0123,1.55,0.000498446,0.011801554,,
,0.0184,0.0158,1.34,0.000611274,0.015188726,,
,0.0159,0.0119,1.95,0.000533645,0.011366355,,
,0.00984,0.0103,1.76,0.000434945,0.009865055,,
,0.015,0.0103,3.42,0.00049559,0.00980441,,
,0.0358,0.0284,1.16,0.001622678,0.026777322,,
,0.0144,0.0143,2.23,0.000617022,0.013682978,,
,0.017,0.0137,2.0,0.00099232,0.01270768,,
,0.0171,0.0143,2.52,0.000649382,0.013650618,,
,0.0085,0.0092,2.51,0.000392699,0.008807301,,
,0.0213,0.0185,3.2,0.000817889,0.017682111,,
,0.011,0.0125,0.75,0.000494979,0.012005021,,
,0.0149,0.0142,2.97,0.000680311,0.013519689,,
,0.014,0.0138,2.79,0.000681172,0.013118828,,
,0.0101,0.0086,1.27,0.000404979,0.008195021,,
,0.0151,0.0148,1.74,0.000631657,0.014168343,,
,0.0101,0.009,2.21,0.000373443,0.008626557,,
,0.011,0.0105,1.31,0.000431502,0.010068498,,
,0.00954,0.0083,2.58,0.000367965,0.007932035,,
,0.0127,0.0118,1.76,0.000501899,0.011298101,,
,0.00661,0.0055,2.18,0.000347084,0.005152916,,
,0.00923,0.0078,2.94,0.000333305,0.007466695,,
,0.0221,0.0175,2.95,0.00087714,0.01662286,,
,0.0132,0.0123,1.97,0.000479654,0.011820346,,
,0.0253,0.0247,0.88,0.001016383,0.023683617,,
,0.0136,0.0141,1.48,0.000578893,0.013521107,,
,0.00522,0.0057,1.18,0.000232763,0.005467237,,
,,0.0155,1.55,0.000788254,0.014711746,,
,0.00926,0.0106,1.45,0.000376397,0.010223603,,
,0.0271,0.029,0.58,0.001314488,0.027685512,,
,0.0232,0.0116,0.19,0.001086516,0.010513484,,
,0.00371,0.0031,0.61,0.000181557,0.002918443,,
,0.0137,0.0113,0.62,0.000691652,0.010608348,,
,0.0125,0.0107,1.2,0.000546367,0.010153633,,
,0.00621,0.0054,1.7,0.000245735,0.005154265,,
,0.0149,0.0095,1.96,0.000775928,0.008724072,,
,,,2.63,,,,
,0.00868,0.0074,2.29,0.000332927,0.007067073,,
,0.023,0.0066,2.37,0.000306922,0.006293078,,
,0.0075,0.0072,1.31,0.000305366,0.006894634,,
,,0.0092,1.98,0.000355742,0.008844258,,
,,,1.76,,,,
,,0.0063,0.68,0.000377853,0.005922147,,
,0.0124,0.0102,1.64,0.000537002,0.009662998,,
,0.0107,0.0102,1.28,0.000400777,0.009799223,,
,0.0115,0.0099,2.62,0.000383313,0.009516687,,
,0.00754,0.0045,2.44,0.000242198,0.004257802,,
,0.00894,0.0094,1.56,0.000413751,0.008986249,,
,0.0153,0.0131,2.53,0.000645064,0.012454936,,
,0.00479,0.0052,2.85,0.000203314,0.004996686,,
,0.00843,0.009,4.94,0.000387042,0.008612958,,
,0.0112,0.0096,2.91,0.000442239,0.009157761,,
,0.00623,0.0052,4.18,0.000258911,0.004941089,,
,0.0095,0.0097,1.15,0.000309715,0.009390285,,
,0.0129,0.011,4.52,0.000449371,0.010550629,,
,,0.0029,2.83,0.000210855,0.002689145,,
,0.00752,0.0062,3.39,0.000212091,0.005987909,,
,0.0116,0.0104,2.9,0.000458887,0.009941113,,
,,,0.09,,,,
,0.00769,0.0074,1.58,0.000300567,0.007099433,,
,0.0346,0.0218,3.96,0.001274856,0.020525144,,
,,,4.8,,,,
,0.00892,0.0099,2.86,0.000364623,0.009535377,,
,0.0224,0.0213,0.94,0.000861022,0.020438978,,
,0.00751,0.0064,3.15,0.000304475,0.006095525,,
,0.00707,0.0064,0.73,0.00034287,0.00605713,,
,0.00834,0.0075,2.48,0.000326177,0.007173823,,
,0.0118,0.0111,1.12,0.00056087,0.01053913,,
,0.0118,0.0111,1.27,0.000534739,0.010565261,,
,,,0.41,,,,
,0.0118,0.0131,1.27,0.00052567,0.01257433,,
26.76447412,0.019790797,0.008979122,3.212962055,,,7.547696358,0.968686196
24.74853403,0.012446343,0.00359777,3.715885375,,,7.6387921,1.183458544
28.7475392,0.014464697,0.004582706,2.905599209,,,8.451562485,1.138707777
68.18551947,0.019947869,0.007090204,1.650159684,,,11.62001715,2.169330615
37.09796539,0.012840751,0.004271898,3.242724716,,,9.023417861,1.673124118
29.29625649,0.012497959,0.002912943,4.332305929,,,8.748426166,1.030723475
32.97792168,0.010730474,0.003867542,2.618133643,,,7.920989256,1.416568852
42.52215804,0.020123155,0.005090673,2.272846154,,,12.04510322,1.335144561
27.5844285,0.013642396,0.003811472,1.855035968,,,8.623809006,1.287536996
37.67601888,0.029936883,0.005694342,3.985629249,,,10.91858869,1.116725575
49.51951783,0.017614144,0.003691983,3.225553406,,,11.36733485,2.203916684
29.37303977,0.012677043,0.004200823,5.134309486,,,8.897926897,1.237890976
39.93271752,0.018420571,0.005357782,5.041697416,,,10.95000196,1.752261677
65.58076382,0.017748975,0.005607826,0.597367194,,,12.11460323,1.600649004
28.84675716,0.019339371,0.002648356,4.6418,,,8.740200717,0.871428343
36.9835463,0.017558743,0.003661106,3.742598897,,,9.102526397,1.440179677
34.66482346,0.017322905,0.00237366,3.397279044,,,9.119797188,1.312453372
36.83426917,0.019526961,0.00277724,3.357968412,,,9.789430026,1.108106957
46.77649605,0.013931596,0.003428464,4.572313012,,,10.84199867,1.841728981
40.41117533,0.022792972,0.003346523,4.1615,,,10.79531257,1.5147519
11.39552854,,,0.185566772,,,5.237370171,0.898114386
26.9641431,0.017631523,0.008623366,3.403160953,,,7.59035155,0.943068951
24.80128858,0.012233248,0.003760415,4.173440607,,,7.723132358,1.150168938
28.34781914,0.013776628,0.004613465,3.421533347,,,8.362843953,1.13332355
67.26299066,0.018637691,0.006911706,2.288419846,,,11.68842464,2.088911436
34.53438166,0.012060752,0.00431911,3.894037603,,,8.957947219,1.611423618
28.81359031,0.012272288,0.003211286,4.192724298,,,8.818611137,1.03938171
32.59127447,0.010076904,0.003884174,3.246462203,,,8.093649623,1.383780847
40.78693099,0.019614151,0.005245072,2.751174825,,,11.80765352,1.342719993
26.6341299,0.013210577,0.004067795,2.303239401,,,8.46512874,1.243804766
36.7674536,0.029688653,0.005892743,4.141808737,,,10.76277878,1.052231379
46.01352367,0.016258335,0.003836118,3.240217105,,,11.0960983,2.022006727
28.85918498,0.012313273,0.004343945,5.421877346,,,8.927648595,1.244632136
36.40127244,0.018344562,0.005116348,4.91657104,,,10.5178251,1.818618854
64.51499952,0.017230393,0.005861777,0.911763095,,,11.97217215,1.60783379
26.15906687,0.015984426,0.002706881,4.0238,,,8.174988201,0.853262123
36.47055088,0.015121077,0.003578592,4.204001103,,,9.270984968,1.526747342
33.92166481,0.017047846,0.002697806,2.722846149,,,9.099317901,1.320270635
40.00152803,0.017779874,0.002915164,3.923863111,,,9.947849003,1.330279578
45.55877197,0.013716061,0.003374587,4.481435119,,,10.71617282,1.80954791
38.92696403,0.021138105,0.003468835,4.77375,,,10.91132889,1.542308473
13.93011518,,,0.299947806,,,5.575082154,0.893277194
27.13356608,0.015707787,0.008309201,3.585484044,,,7.619923515,0.919914237
24.76882552,0.012054091,0.003896756,4.581430518,,,7.780232533,1.117428376
27.99340277,0.013161998,0.004632154,3.897086998,,,8.280820441,1.126706506
66.46363893,0.017462541,0.006757285,2.880112503,,,11.75364076,2.0212197
32.19180842,0.01134384,0.004353515,4.485881643,,,8.883702827,1.548682441
28.36430429,0.01207779,0.003470766,4.061438902,,,8.873376745,1.047345872
32.27359121,0.009502207,0.003889339,3.822819014,,,8.240334269,1.353375679
38.96002508,0.01918194,0.005384474,3.149601399,,,11.53067527,1.335833557
25.8005255,0.012803207,0.004281703,2.705798045,,,8.319308142,1.206638504
35.99423441,0.02947204,0.006055076,4.284054275,,,10.62803735,0.998261899
42.95293939,0.015063631,0.003967817,3.269170666,,,10.86157784,1.860984239
28.39852904,0.012008694,0.004469857,5.680152195,,,8.953352694,1.250460478
33.24150721,0.018302923,0.004950892,4.784800375,,,10.12557124,1.871220177
63.42192478,0.016752376,0.006097657,1.202770709,,,11.83813111,1.613832709
19.41490343,0.014778601,0.002565471,3.5008,,,7.030633345,0.801445769
35.93890206,0.012983437,0.003502125,4.62901973,,,9.395465671,1.595767507
33.14658884,0.016726568,0.002952975,2.163385632,,,9.049222308,1.319848601
42.81463964,0.01618061,0.003039215,4.432610407,,,10.09553082,1.52670688
44.48197455,0.013530571,0.003330009,4.389625722,,,10.61304618,1.787605601
37.53944947,0.020078721,0.003799106,5.124666667,,,10.94060763,1.521565097
33.82634554,0.010653486,0.002742269,4.700901471,,,9.952183496,1.552383007
16.24303472,0.008671466,0.002675261,0.397018824,,,5.912575856,0.895493398
27.27274307,0.014019588,0.008036628,3.759931329,,,7.636412252,0.899222057
24.65114486,0.011908871,0.004006795,4.939855107,,,7.810092626,1.085236858
27.68429009,0.012620808,0.004638774,4.332260162,,,8.20549195,1.118856646
65.78746429,0.016422421,0.006626941,3.425237653,,,11.81566551,1.966255405
30.07024566,0.010690014,0.004375113,5.018256837,,,8.800684686,1.484900589
27.94839843,0.011914465,0.003691384,3.93844974,,,8.91272299,1.054615961
32.02487189,0.009006385,0.003883039,4.347204076,,,8.361043194,1.325353351
37.04144032,0.018826523,0.005508878,3.468125874,,,11.21416848,1.314485253
25.0836153,0.012420286,0.004453195,3.062711899,,,8.186347211,1.176038208
35.35636132,0.029287044,0.006181341,4.412365862,,,10.51436442,0.954817133
40.33776498,0.014030031,0.004087079,3.312414087,,,10.66377346,1.720849222
27.99107194,0.011763306,0.004578557,5.909134034,,,8.975039193,1.255376001
30.45342183,0.018295656,0.004861413,4.646385421,,,9.773240382,1.910065646
62.3015396,0.016314924,0.006315466,1.470390035,,,11.71248013,1.618645761
8.614266842,0.015721895,0.002224124,3.0728,,,5.30713615,0.715979279
35.38859982,0.011145823,0.003431707,5.017654779,,,9.475968505,1.647240174
45.27360399,0.014729168,0.003149394,4.884210302,,,10.23247548,1.697388864
43.54610378,0.013375125,0.003294727,4.29688482,,,10.53261873,1.775902053
36.24863164,0.019614821,0.004337336,5.21425,,,10.88314878,1.452521772
32.27034476,0.010499361,0.002929116,4.749754412,,,9.680923126,1.484379487
27.38167406,0.012566928,0.007805646,3.926502808,,,7.639817762,0.880992408
24.44824659,0.01179759,0.00409053,5.248714375,,,7.812712635,1.053594385
27.42048111,0.012153057,0.004633324,4.72705284,,,8.136858478,1.109773969
65.23446673,0.015517329,0.006520673,3.923795299,,,11.8744989,1.924018552
28.16969338,0.010099274,0.004383905,5.491163184,,,8.708892795,1.420078061
27.56587274,0.011782312,0.003873139,3.823756813,,,8.936649872,1.061191976
31.84511651,0.008589436,0.003865273,4.819617389,,,8.455776398,1.299713862
35.03117669,0.018547898,0.005618284,3.706748252,,,10.85813315,1.27867508
24.48339931,0.012061815,0.00458227,3.373980965,,,8.066245947,1.152003879
34.85383433,0.029133666,0.00627154,4.526743499,,,10.42175999,0.921897082
38.16800044,0.013157537,0.004193906,3.369947368,,,10.50268515,1.601601675
27.6368137,0.01157711,0.004670047,6.108822862,,,8.992708093,1.259378707
28.03701629,0.018322759,0.004847913,4.501326178,,,9.460832526,1.935155259
61.15384399,0.015918038,0.006515205,1.714621073,,,11.59521919,1.622272946
34.81964417,0.009608237,0.003367337,5.36990625,,,9.51249347,1.681165341
47.37842108,0.013425548,0.003245701,5.278662794,,,10.35868298,1.842325529
42.75115967,0.013249725,0.003268743,4.203212413,,,10.47489049,1.774437268
35.05451056,0.019746405,0.005083524,5.0425,,,10.73895234,1.335178499
30.8837053,0.010376081,0.003099305,4.792235747,,,9.43724631,1.424907827
27.46035905,0.011349806,0.007616256,4.085198481,,,7.630140045,0.865225292
24.16013071,0.011720246,0.004147962,5.508008321,,,7.788092561,1.022500957
27.20197583,0.011758745,0.004615804,5.08146503,,,8.074920026,1.099458476
64.80464625,0.014747266,0.006438482,4.375785438,,,11.93014091,1.894509141
26.49015158,0.00957162,0.00437989,5.904600684,,,8.608327154,1.354214857
27.2167272,0.011681333,0.004016031,3.717360121,,,8.945157392,1.067073918
31.73432508,0.008251361,0.003836042,5.240058953,,,8.524533881,1.276457211
32.92923421,0.018346066,0.005712693,3.865468531,,,10.46256929,1.228403039
23.99987752,0.011727793,0.004668928,3.639605242,,,7.95900435,1.134535517
34.48665345,0.029011904,0.006325671,4.627187185,,,10.35022405,0.899501747
36.44364578,0.012446147,0.004288296,3.441770511,,,10.37831293,1.503241598
27.3357543,0.011450104,0.004744326,6.279218681,,,9.006359392,1.262468594
25.99229059,0.018384233,0.004910391,4.349622647,,,9.188347672,1.946489018
59.97883795,0.015561718,0.006696874,1.935463824,,,11.4863483,1.624714264
34.23203511,0.008370676,0.003309015,5.685774142,,,9.505040566,1.69754301
42.09714222,0.013154369,0.003252056,4.108608501,,,10.43986145,1.783211244
33.95708621,0.020473472,0.006037671,4.609416667,,,10.50801832,1.169535276
29.66642715,0.010283648,0.003252838,4.828345475,,,9.221153048,1.373968026
44.015923,0.011120077,0.003012904,2.613833333,,,10.56141058,1.821228878
27.50879805,0.010368222,0.007468458,4.236018348,,,7.6073791,0.851920708
23.78679723,0.01167684,0.004179091,5.717736946,,,7.736232404,0.991956573
27.02877423,0.011437873,0.004586215,5.395496734,,,8.019676594,1.087910167
64.49800286,0.014112232,0.006380367,4.781208072,,,11.98259155,1.877727171
25.03162027,0.009107053,0.004363069,6.258569337,,,8.498987764,1.287310977
26.90096182,0.011611526,0.00412006,3.619259663,,,8.938245548,1.072261787
31.69249759,0.00799216,0.003795344,5.608528767,,,8.567315642,1.255583399
30.73561287,0.018221027,0.005792104,3.944286713,,,10.02747688,1.163669129
23.63304993,0.011418221,0.004713171,3.859584731,,,7.86462242,1.123633122
34.25481866,0.028921761,0.006343735,4.713696921,,,10.29975661,0.887631126
35.16470099,0.011895863,0.00437025,3.527883514,,,10.29065679,1.425768991
27.08789375,0.011382289,0.004801395,6.420321489,,,9.015993091,1.264645664
24.31924474,0.018480077,0.005048847,4.191274827,,,8.95578582,1.944066923
58.77652148,0.015245963,0.006860472,2.132918286,,,11.38586745,1.625969715
33.62577264,0.007433143,0.003256741,5.965258456,,,9.453609794,1.69637318
28.61851032,0.010222061,0.003389713,4.858083597,,,9.03264334,1.331560086
40.73031583,0.010903601,0.003392806,2.87325,,,10.43740353,1.582356432
31.18019107,0.020222731,0.002936407,2.530965035,,,9.178110102,1.025864465
27.52699105,0.009622176,0.007362251,4.378962409,,,7.571534927,0.841078657
23.32824614,0.011667371,0.004183916,5.87790025,,,7.657132165,0.961961234
26.90087633,0.011190439,0.004544555,5.669147951,,,7.971128182,1.075129041
64.31453655,0.013612227,0.006346329,5.1400632,,,12.03185083,1.873672644
23.79409944,0.008705572,0.004333441,6.553069143,,,8.380874624,1.219366422
26.61857661,0.011572892,0.004185227,3.52945544,,,8.915914342,1.076755583
31.71963405,0.007811832,0.003743181,5.925026832,,,8.584121683,1.237092425
28.45031267,0.01817278,0.005856518,3.943202797,,,9.552855932,1.084473351
23.38291654,0.011133098,0.004714997,4.03391943,,,7.783100157,1.119296694
34.15832998,0.028863234,0.006325732,4.786272706,,,10.27035766,0.886285221
34.33116607,0.011506683,0.004439769,3.628286378,,,10.23971672,1.369183855
26.89323205,0.011373666,0.004841252,6.532131288,,,9.02160919,1.265909915
23.01787873,0.018610293,0.005263282,4.026282719,,,8.763146969,1.927888973
57.54689456,0.014970774,0.007006,2.30698446,,,11.29377666,1.626039298
33.00085676,0.006795636,0.003210515,6.208359191,,,9.358201154,1.677655851
27.73995481,0.010191321,0.003509931,4.881450113,,,8.871717187,1.297684006
38.02345736,0.01073516,0.003666325,2.97175,,,10.30480142,1.4154789
24.48262588,0.007444387,0.00425538,0.622723689,,,7.596770144,1.012375351
30.6734715,0.01864833,0.00316043,3.239404196,,,9.307175197,1.178081749
41.41673432,0.013087512,0.002226038,0.783708333,,,9.390030539,0.866319775
27.51493805,0.009111668,0.007297636,4.514030664,,,7.522607527,0.832699138
22.78447745,0.011691841,0.004162439,5.988498232,,,7.550791842,0.932514939
26.81828212,0.011016445,0.004490827,5.902418681,,,7.92927479,1.061115099
64.25424732,0.013247251,0.006336368,5.452350822,,,12.07791873,1.882345558
22.77758909,0.008367178,0.004291006,6.788100103,,,8.253987734,1.150381191
26.36957155,0.011565432,0.004211531,3.447947452,,,8.878163772,1.080555306
31.81573445,0.007710378,0.003679552,6.189553148,,,8.574952002,1.220984291
26.07333361,0.018201327,0.005905933,3.862216783,,,9.038706446,0.990815705
23.24947736,0.010872424,0.004674407,4.162609341,,,7.714437561,1.121526233
34.1971874,0.028836325,0.006271662,4.844914541,,,10.26202721,0.895464031
33.94304103,0.011278608,0.004496851,3.742979102,,,10.22549274,1.333486189
26.7517692,0.011424233,0.004863898,6.614648076,,,9.02320769,1.266261348
22.08819256,0.018774879,0.005553694,3.854646322,,,8.61043112,1.897955168
56.28995722,0.01473615,0.007133458,2.457662347,,,11.21007591,1.624923015
32.35728747,0.006458156,0.003170337,6.415076348,,,9.218814645,1.641391023
27.82586906,0.013828316,0.003035487,1.221042466,,,8.126706321,1.14429114
27.03076062,0.010191427,0.003613491,4.898445023,,,8.738374587,1.272339786
35.89534758,0.010614752,0.003833461,2.909333333,,,10.16360424,1.320596283
25.46554281,0.007173245,0.004044528,0.615934616,,,7.932954158,1.056911928
30.23691626,0.017375804,0.003352838,3.745414452,,,9.403072299,1.314061087
38.39620628,0.013116637,0.002250804,1.858291667,,,9.320611597,0.883358995
27.47263906,0.008836698,0.007274612,4.641223112,,,7.4605969,0.826782152
22.15549115,0.011750248,0.004114658,6.049530892,,,7.417211437,0.903617689
26.78099161,0.01091589,0.004425028,6.095308924,,,7.894116418,1.04586834
64.31713517,0.013017303,0.006350483,5.718070938,,,12.12079527,1.903745915
21.98208923,0.00809187,0.004235765,6.963662216,,,8.118327095,1.080355284
26.15394666,0.011589144,0.004198972,3.374735698,,,8.82499384,1.083660955
31.9807988,0.007687798,0.003604456,6.402107714,,,8.5398066,1.207258995
23.60467569,0.018306667,0.005940352,3.701328671,,,8.48502842,0.882696191
23.23273238,0.0106362,0.004591401,4.245654462,,,7.658634632,1.130321739
34.37139092,0.028841033,0.006181524,4.889622426,,,10.27476525,0.915167555
34.00032586,0.011211638,0.004541497,3.871961687,,,10.24798483,1.318675993
26.6635052,0.011533991,0.004869334,6.667871854,,,9.02078859,1.265699963
21.53018624,0.018973836,0.005920084,3.676365636,,,8.497638273,1.854265509
55.00570944,0.014542092,0.007242845,2.584951945,,,11.13476521,1.622620864
31.69506476,0.006420702,0.003136206,6.585409926,,,9.035450267,1.587578697
26.82737177,0.01318351,0.002807821,1.466388594,,,7.869296585,1.086194022
26.49092775,0.010222379,0.003700394,4.909068326,,,8.632615542,1.255527425
34.34598648,0.010542379,0.003894215,2.686,,,10.01381198,1.297708581
26.22679263,0.006893527,0.00365805,0.591835529,,,8.268919891,1.108501901
29.87052536,0.016405152,0.003513632,4.048995804,,,9.465801408,1.43380248
35.5465995,0.013077487,0.002261671,2.621375,,,9.172339029,0.883893027
27.40009407,0.008797266,0.007293179,4.760539755,,,7.385503045,0.823327697
21.44128725,0.011842594,0.004040574,6.060998232,,,7.256390948,0.875269483
26.78900479,0.010888775,0.00434716,6.247818681,,,7.865653066,1.029388765
64.50320011,0.012922384,0.006388674,5.937223549,,,12.16048043,1.937873713
21.40759985,0.007879648,0.004167717,7.079755482,,,7.973892706,1.009288702
25.97170193,0.011644029,0.004147551,3.309820179,,,8.756404545,1.086072531
32.2148271,0.007744092,0.003517896,6.562690531,,,8.478685476,1.195916538
21.04433891,0.018488799,0.005959772,3.460538462,,,7.891821855,0.760114808
23.3326816,0.010424425,0.004465978,4.283054795,,,7.61569137,1.145683212
34.68094053,0.028877358,0.006055319,4.920396359,,,10.30857179,0.945395795
34.50302056,0.011305773,0.004573707,4.015234133,,,10.30719301,1.324753268
26.62844005,0.01170294,0.004857559,6.691802621,,,9.014351889,1.26422576
21.34385976,0.019207164,0.006362453,3.491440661,,,8.424768428,1.796819995
53.69415123,0.0143886,0.007334162,2.688853256,,,11.06784455,1.619132847
31.01418865,0.006683275,0.003108124,6.719359926,,,8.80810802,1.516218871
25.79695715,0.012492485,0.002511179,1.8267071,,,7.582270544,1.019857605
26.12045619,0.010284178,0.00377064,4.913320023,,,8.55444005,1.247246925
33.37537407,0.010518039,0.003848585,2.30175,,,9.855424652,1.346815794
26.76637536,0.006605234,0.003095946,0.550426426,,,8.604667342,1.167145269
29.5742988,0.015736375,0.003642811,4.150148252,,,9.495362523,1.537305928
32.86791398,0.012970062,0.00225864,3.072958333,,,8.945212834,0.867921871
27.29730308,0.008993372,0.007353338,4.871980591,,,7.297325962,0.822335775
20.64186574,0.011968877,0.003940186,6.02290025,,,7.068330377,0.847470322
26.84232167,0.010935098,0.004257222,6.359947951,,,7.843884733,1.011676374
64.81244213,0.012962494,0.006450943,6.109808654,,,12.19697423,1.984728953
21.05412095,0.007730512,0.004086862,7.136379902,,,7.820684567,0.937181443
25.82283736,0.011730087,0.004057267,3.253200895,,,8.672395886,1.087790034
32.51781933,0.00787926,0.003419869,6.6713016,,,8.391588632,1.186956919
18.39232327,0.018747725,0.005964196,3.139846154,,,7.25908675,0.623071557
23.54932502,0.010237099,0.004298139,4.274810339,,,7.585607775,1.167610652
35.12583625,0.028945301,0.005893047,4.937236343,,,10.36344682,0.98614875
35.45112513,0.011561013,0.004593481,4.17279644,,,10.40311726,1.351718012
26.64657375,0.011931081,0.004828573,6.686440379,,,9.003897589,1.261838739
21.52921312,0.019474862,0.006880799,3.299871398,,,8.391821584,1.725618626
52.35528258,0.014275673,0.007407408,2.769366278,,,11.00931395,1.614458962
30.31465912,0.007245874,0.00308609,6.816926348,,,8.536787905,1.427311547
24.7346252,0.011755242,0.002145561,2.301997983,,,7.265628196,0.945281892
25.91934595,0.010376823,0.003824228,4.911200113,,,8.503848113,1.247498284
32.98351035,0.010541733,0.003696573,1.756583333,,,9.688442253,1.467917921
27.08429098,0.006308365,0.002358216,0.491707309,,,8.940196513,1.232842033
29.34823657,0.015369473,0.003740375,4.048871795,,,9.491755644,1.624571431
30.36014974,0.012794361,0.002241711,3.213041667,,,8.639233013,0.835445528
27.16426609,0.009425016,0.007455089,4.975545621,,,7.196065652,0.823806386
19.75722662,0.012129097,0.003813496,5.935236946,,,6.853029722,0.820220206
26.94094223,0.011054861,0.004155215,6.431696734,,,7.828811421,0.992731167
65.24486124,0.013137633,0.006537287,6.235826253,,,12.23027665,2.044311635
20.92165253,0.007644462,0.003993201,7.133535475,,,7.658702678,0.864033509
25.70735295,0.011847318,0.00392812,3.204877845,,,8.572967865,1.088813464
32.88977552,0.008093301,0.003310376,6.727940918,,,8.278516067,1.18038014
23.88266265,0.010074223,0.004087884,4.220921094,,,7.568383847,1.196104058
35.70607807,0.029044861,0.005694708,4.940142376,,,10.43939034,1.03742642
36.84463958,0.011977358,0.004600819,4.344648607,,,10.5357576,1.399570227
26.71790629,0.012218412,0.004782376,6.651785126,,,8.989425689,1.258538899
50.9891035,0.014203311,0.007462584,2.826491013,,,10.95917339,1.60859921
29.59647618,0.0081085,0.003070105,6.878109191,,,8.221489921,1.320856724
51.46765644,0.008318185,0.003516751,6.376976259,,,10.98180525,2.07498738
41.46496643,0.013328134,0.003395575,3.420298985,,,10.83023588,2.131314404
25.88759703,0.010500315,0.00386116,4.902708597,,,8.48083973,1.256281504
29.19233868,0.015304445,0.003806324,3.745166434,,,9.454980773,1.695598988
28.02330676,0.012550385,0.002210883,3.041625,,,8.254399566,0.786463997
27.00098311,0.010092198,0.007598431,5.071234845,,,7.081722115,0.827739529
18.7873699,0.012323256,0.003660502,5.798008321,,,6.610488985,0.793519134
27.0848665,0.011248063,0.004041137,6.46306503,,,7.820433128,0.972553143
65.80045743,0.013447801,0.006647708,6.315276347,,,12.26038771,2.116621758
21.0101946,0.007621499,0.003886733,7.071222201,,,7.48794704,0.789844899
25.6252487,0.011995721,0.00376011,3.16485103,,,8.458120481,1.08914282
33.33069564,0.008386216,0.003189418,6.732608488,,,8.13946778,1.176186199
24.33269448,0.009935796,0.003835212,4.121387061,,,7.564019586,1.231163432
36.421666,0.029176038,0.005460301,4.929114458,,,10.53640237,1.099228805
38.6835639,0.012554807,0.004595721,4.530790635,,,10.70511401,1.468309912
26.84243769,0.012564934,0.004718968,6.587836863,,,8.970936189,1.254326242
23.01495938,0.020113372,0.008145427,2.896800006,,,8.445696902,1.541948325
49.59561398,0.014171516,0.007499689,2.86022746,,,10.91742288,1.601553591
28.85963984,0.009271153,0.003060167,6.902908456,,,7.862214069,1.196854401
41.93836223,0.013473137,0.003453266,3.318243035,,,10.97680047,2.221998474
26.02520942,0.010654653,0.003881433,4.887845475,,,8.485414901,1.273596583
,,,0.322339029,,,,
29.10660513,0.015541293,0.003840658,3.239032168,,,9.385037907,1.7503886
25.85738505,0.012238134,0.002166158,2.558708333,,,7.790712493,0.720977279
26.80745413,0.010994918,0.007783365,5.159048263,,,6.95429535,0.834135204
17.73229557,0.012551353,0.003481205,5.611214375,,,6.340708164,0.767367106
27.27409445,0.011514705,0.00391499,6.45405284,,,7.818749856,0.951142302
66.4792307,0.013892998,0.006782206,6.348158935,,,12.28730739,2.201659324
21.31974715,0.007661623,0.003767459,6.94944008,,,7.308417653,0.714615614
25.57652461,0.012175298,0.003553238,3.133120449,,,8.327853734,1.088778103
33.84057971,0.008758005,0.003056994,6.685304309,,,7.974443772,1.174375097
24.89942051,0.009821818,0.003540124,3.976208238,,,7.572514992,1.272788773
37.27260002,0.029338833,0.005189827,4.90415259,,,10.65448288,1.171555906
40.96789809,0.013293362,0.004578187,4.731222523,,,10.9111865,1.557937068
27.02016793,0.012970647,0.004638349,6.49459559,,,8.948429089,1.249200766
24.31535228,0.020484183,0.008891708,2.685297877,,,8.532519063,1.429479393
48.17481403,0.014180285,0.007518724,2.870575619,,,10.88406241,1.593322106
28.10415008,0.010733832,0.003056277,6.891324142,,,7.458960348,1.05530458
42.55268469,0.013648184,0.003520256,3.21525558,,,11.14606426,2.322921305
26.33218313,0.010839838,0.00388505,4.866610747,,,8.517573626,1.299443523
29.09103591,0.016080015,0.003843377,2.530468998,,,9.281927048,1.788940267
23.86238461,0.011857607,0.002107534,1.764291667,,,7.248171793,0.638985373
26.58367916,0.012133177,0.00800989,5.238985875,,,6.813785357,0.842993412
16.59200364,0.012813387,0.003275604,5.374855107,,,6.043687261,0.741764123
27.5086261,0.011854785,0.003776774,6.404660162,,,7.823761603,0.928498645
67.28118105,0.014473223,0.006940781,6.334474017,,,12.31103571,2.299424331
21.85031019,0.007764832,0.003635378,6.768189112,,,7.120114515,0.638345652
25.56118068,0.012386048,0.003307503,3.109686104,,,8.182167624,1.087719313
34.41942773,0.009208667,0.002913104,6.58602838,,,7.783444043,1.174946834
25.58284074,0.00973229,0.00320262,3.785384627,,,7.593870065,1.320980081
38.25888014,0.029533245,0.004883286,4.865256771,,,10.79363189,1.254407721
43.69764216,0.014193021,0.004548216,4.945944272,,,11.15397508,1.668451693
27.25109702,0.013435552,0.00454052,6.372061306,,,8.921904389,1.243162473
25.98742501,0.020889364,0.009713967,2.46715146,,,8.659264227,1.303254606
46.72670365,0.014229621,0.007519689,2.85753549,,,10.85909199,1.583904753
43.3079338,0.013853277,0.003596542,3.111336621,,,11.33802726,2.434082898
26.80851816,0.011055869,0.003872009,4.839004412,,,8.577315905,1.333822322
29.14563102,0.016920611,0.003814482,1.619476923,,,9.145648196,1.811253989
26.32965819,0.013506973,0.008278007,5.31104768,,,6.660192137,0.854314152
15.36649409,0.013109359,0.003043701,5.088930518,,,5.719426275,0.716710185
27.78846144,0.012268305,0.003626488,6.314886998,,,7.83546837,0.904622172
68.20630849,0.015188478,0.007123431,6.274221594,,,12.33157266,2.409916781
22.60188371,0.007931128,0.00349049,6.527469298,,,6.923037628,0.561035015
25.57921691,0.01262797,0.003022905,3.094547993,,,8.021062151,1.08596645
35.06723969,0.009738204,0.002757748,6.434780702,,,7.566468592,1.177901409
26.38295517,0.009667211,0.002822699,3.548916226,,,7.628084805,1.375737356
39.38050637,0.029759274,0.004540678,4.812427002,,,10.9538494,1.347784251
27.53522497,0.013959647,0.00442548,6.220234013,,,8.89136209,1.236211361
28.0311776,0.021328917,0.010612204,2.242360754,,,8.825932392,1.163273964
45.25128283,0.014319522,0.007502583,2.821107073,,,10.84251162,1.573301532
44.20410957,0.014088414,0.003682126,3.006486157,,,11.55268946,2.555483253
27.45421451,0.011302746,0.003842311,4.805026471,,,8.664641738,1.376732982
29.27039048,0.018063083,0.003753971,0.506055944,,,8.976201351,1.817329766
26.04539122,0.015116308,0.008587715,5.37523368,,,6.49351569,0.868097424
14.05576695,0.013439269,0.002785494,4.753440607,,,5.367925206,0.692205291
28.11360048,0.012755264,0.003464132,6.184733347,,,7.853870158,0.879512883
69.25461301,0.016038761,0.007330159,6.167401664,,,12.34891823,2.533136672
25.63063331,0.012901065,0.002699445,3.087706116,,,7.844537316,1.083519513
27.29976381,0.009626582,0.002400363,3.266803037,,,7.675159212,1.437060598
40.63747869,0.03001692,0.004162002,4.745663283,,,11.1351354,1.451685497
27.87255176,0.014542933,0.004293228,6.039113709,,,8.85680219,1.228347431
30.44661002,0.02180284,0.011586419,2.010925759,,,9.032523558,1.009537468
43.74855157,0.014449988,0.007467407,2.761290368,,,10.8343213,1.561512445
45.241212,0.014353597,0.003777007,2.900704187,,,11.79005086,2.68712237
25.73087825,0.01696118,0.008939015,5.431543874,,,6.313756015,0.884343229
12.6598222,0.013803117,0.002500984,4.368385375,,,4.989184053,0.668249442
28.48404321,0.013315663,0.003289706,6.014199209,,,7.878966965,0.853170777
70.42609461,0.017024073,0.007560963,6.014014229,,,12.36307244,2.669084005
25.71542986,0.013205334,0.002337122,3.089160474,,,7.652593117,1.080378504
28.33326665,0.009610402,0.00193561,2.939045059,,,7.735093286,1.504949807
42.02979712,0.030306184,0.00374726,4.664965613,,,11.3374899,1.566111457
28.2630774,0.01518541,0.004143766,5.828700395,,,8.81822469,1.219570683
42.21850989,0.01462102,0.007414161,2.678085375,,,10.83452103,1.548537491
39.66039807,0.010696191,0.0031374,4.800520471,,,10.99818626,1.168180386
46.41924108,0.014648824,0.003881186,2.793990714,,,12.05011146,2.829000249
25.38611929,0.019041591,0.009331906,5.479978261,,,6.120913113,0.903051566
11.17865984,0.014200902,0.00219017,3.933764822,,,4.583202818,0.644842637
28.89978964,0.0139495,0.003103211,5.803284585,,,7.910758792,0.825595855
71.7207533,0.018144414,0.007815843,5.814059289,,,12.37403528,2.81775878
25.83360658,0.013540775,0.001935936,3.098911067,,,7.445229555,1.076543421
29.48346369,0.009618671,0.00142844,2.565642292,,,7.807887027,1.579404983
43.55746164,0.030627065,0.003296449,4.570333992,,,11.56091289,1.691062133
28.70680189,0.015887079,0.003977094,5.588994071,,,8.775629591,1.209881117
40.66115777,0.014832618,0.007342844,2.571492095,,,10.8431108,1.53437667
36.45300626,0.011609903,0.003025621,4.337761932,,,10.96333637,0.926937272
47.73819683,0.014974095,0.003994662,2.686345735,,,12.33287127,2.981116889
,,0.008578837,,0.000925663,0.007653174,,
,,0.008841478,,0.001019889,0.007821589,,
,,0.004830164,,0.000683736,0.004146428,,
,,0.006967258,,0.000913337,0.006053921,,
,,0.00383678,,0.000551474,0.003285306,,
,,0.005558351,,0.000834091,0.004724259,,
,,0.004724739,,0.000621827,0.004102912,,
,,0.014773373,,0.001470785,0.013302588,,
,,0.007865991,,0.000744759,0.007121232,,
,,0.00586363,,0.000954706,0.004908924,,
,,0.006614978,,0.000783156,0.005831822,,
,,0.007518536,,0.000925633,0.006592903,,
,,0.005120779,,0.001063853,0.004056926,,
,,0.00782889,,0.001078464,0.006750425,,
,,0.009825243,,0.001042083,0.00878316,,
,,0.006346855,,0.000877932,0.005468923,,
,,0.007896528,,0.000988106,0.006908423,,
,,0.008160714,,0.000747423,0.007413291,,
,,0.008288881,,0.000996704,0.007292176,,
,,0.006721122,,0.000856395,0.005864727,,
,,0.008707995,,0.001016065,0.00769193,,
,,0.007547854,,0.000785393,0.006762461,,
,,0.010150367,,0.001136352,0.009014015,,
,,0.008451576,,0.000617392,0.007834185,,
,,0.007833056,,0.00072719,0.007105866,,
,,0.010088514,,0.001044528,0.009043986,,
,,0.007901756,,0.000892355,0.007009402,,
,,0.006408923,,0.000906107,0.005502816,,
,,0.009913475,,0.001044838,0.008868637,,
,,0.008724543,,0.001119082,0.007605462,,
,,0.009684497,,0.000885077,0.008799421,,
,,0.008346268,,0.000820494,0.007525774,,
,,0.007203636,,0.000711762,0.006491873,,
,,0.012307002,,0.00150184,0.010805162,,
,,0.00907807,,0.000974348,0.008103721,,
,,0.010912047,,0.001176505,0.009735543,,
,,0.008186743,,0.000848494,0.00733825,,
,,0.009530305,,0.000685038,0.008845267,,
,,0.009206297,,0.00115273,0.008053567,,
,,0.009257755,,0.000767908,0.008489847,,
,,0.008056774,,0.000551263,0.007505511,,
,,0.009439872,,0.000725357,0.008714514,,
,,0.009925299,,0.001026376,0.008898923,,
,,0.010896723,,0.00124173,0.009654993,,
,,0.008602674,,0.001125578,0.007477095,,
,,0.009576697,,0.001247803,0.008328894,,
,,0.008539205,,0.000688391,0.007850814,,
,,0.010613016,,0.001207061,0.009405955,,
,,0.010351118,,0.000906574,0.009444544,,
,,0.010091902,,0.001203032,0.00888887,,
,,0.008033786,,0.000674465,0.007359321,,
,,0.007749863,,0.000741355,0.007008507,,
,,0.010386266,,0.001249321,0.009136945,,
,,0.010239123,,0.00137747,0.008861653,,
,,0.009013275,,0.000785166,0.008228109,,
,,0.010353563,,0.0008066,0.009546962,,
,,0.010423435,,0.000977898,0.009445537,,
,,0.007873707,,0.000669039,0.007204668,,
,,0.00842387,,0.000668726,0.007755143,,
,,0.007605501,,0.000894284,0.006711217,,
,,0.012153944,,0.001338152,0.010815792,,
,,0.009841946,,0.000770148,0.009071797,,
,,0.011097331,,0.000741158,0.010356174,,
,,0.010596149,,0.001127964,0.009468185,,
,,0.009155584,,0.00098074,0.008174843,,
,,0.009472933,,0.000728395,0.008744538,,
,,0.007383572,,0.000424796,0.006958776,,
,,0.010208898,,0.000594692,0.009614206,,
,,0.011158974,,0.000378353,0.010780621,,
,,0.011719264,,0.001421435,0.010297829,,
,,0.010492852,,0.000984767,0.009508084,,
,,0.01350491,,0.001382488,0.012122422,,
,,0.010746053,,0.000556269,0.010189784,,
,,0.011441869,,0.000464417,0.010977452,,
,,0.013638773,,0.000889999,0.012748773,,
,,0.005115063,,0.000179483,0.00493558,,
,,0.010658305,,0.0007083,0.009950006,,
,,0.010240939,,0.000692636,0.009548303,,
,,0.007079139,,0.000191189,0.00688795,,
,,0.008013835,,0.000350164,0.007663671,,
26.99933555,0.010280066,,3.01,,,7.109966777,
18.03380783,0.008529537,,2.81,,,4.891103203,
16.41046154,0.007851077,,3.25,,,4.624615385,
21.3,0.00841044,,1.82,,,5.606043956,
18.54176471,0.008393529,,1.7,,,5.736470588,
9.338095238,0.006785281,,2.31,,,3.815151515,
25.74457478,0.010373607,,3.41,,,6.240175953,
26.70546075,0.01143686,,2.93,,,6.686348123,
24.79781746,0.008466468,,5.04,,,5.964087302,
24.05172414,0.009209195,,4.35,,,5.818390805,
18.39044586,0.009721656,,1.57,,,5.55477707,
12.84590909,0.007354545,,2.2,,,3.821363636,
23.47606178,0.009944788,,5.18,,,6.422200772,
28.04201878,0.009842488,,4.26,,,6.621830986,
26.43173653,0.009879192,,6.68,,,6.358682635,
28.0420712,0.009842395,,6.18,,,6.62184466,
28.38900204,0.009390835,,4.91,,,6.594297352,
18.50985507,0.009157681,,3.45,,,4.921449275,
23.03969849,0.008593467,,5.97,,,6.060971524,
24.5542517,0.011294048,,5.88,,,6.346088435,
23.50866337,0.008772277,,4.04,,,6.553465347,
23.5561828,0.008322043,,3.72,,,5.929301075,
21.25835777,0.009572727,,3.41,,,5.772434018,
26.14347826,0.011501553,,6.44,,,6.717701863,
15.88165829,0.008961809,,3.98,,,4.85678392,
14.57847866,0.005427087,,5.39,,,4.582745826,
17.07850638,0.006837158,,5.49,,,5.849180328,
14.7389899,0.007693939,,4.95,,,4.432525253,
16.38436782,0.007263908,,4.35,,,4.908045977,
29.21754967,0.008276821,,6.04,,,6.951324503,
22.72413793,0.008491886,,4.93,,,5.914198783,
23.96268657,0.012415991,,4.69,,,6.315351812,
27.9714653,0.012715938,,3.89,,,7.360411311,
19.53712575,0.007213473,,3.34,,,6.373053892,
23.79373041,0.009510972,,3.19,,,5.925705329,
29.28646288,0.008032606,,6.87,,,7.007714702,
21.70573664,0.008711995,,7.67,,,5.727118644,
17.58445378,0.007821849,,4.76,,,5.211134454,
18.12494279,0.006618993,,4.37,,,5.037299771,
30.63352601,0.009732948,,3.46,,,7.687861272,
41.81140351,0.008187719,,2.28,,,9.632894737,
23.07926829,0.016338415,,1.64,,,15.27987805,
20.675,0.006994167,,2.4,,,5.51625,
27.48291139,0.006368987,,3.16,,,6.959177215,
32.5462585,0.01147585,,2.94,,,8.010204082,
23.44465409,0.00727044,,3.18,,,5.968553459,
27.75023041,0.008513825,,2.17,,,6.842396313,
49.79842342,0.016891216,,4.44,,,11.73873874,
25.08308271,0.006839098,,2.66,,,9.068045113,
35.33947368,0.008527851,,4.56,,,8.546491228,
27.04175824,0.010189286,,3.64,,,6.754395604,
31.77945205,0.010486986,,1.46,,,8.466438356,
31.60864865,0.009467568,,3.7,,,8.279189189,
22.86259843,0.00796378,,2.54,,,6.101968504,
29.5635514,0.013916511,,3.21,,,7.549844237,
24.87992701,0.006815328,,2.74,,,6.654379562,
26.5954955,0.009864414,,2.22,,,6.904504505,
34.97889908,0.009521789,,4.36,,,8.45733945,
32.14971098,0.009763006,,1.73,,,7.943930636,
24.92491909,0.014545631,,3.09,,,6.747249191,
,,,2.07694,,,,
,,,2.48242,,,,
,,,2.48242,,,,
,,,2.48242,,,,
,,,3.73438,,,,
,,,3.73438,,,,
,,,3.73438,,,,
,,,6.6766,,,,
,,,6.6766,,,,
,,,6.6766,,,,
,,,6.6766,,,,
,,,1.91141,,,,
,,,1.91141,,,,
,,,1.91141,,,,
,,,1.41335,,,,
,,,1.41335,,,,
,,,1.41335,,,,
,,,0.656255,,,,
,,,0.656255,,,,
,,,0.656255,,,,
,,,0.277856,,,,
,,,0.277856,,,,
,,,0.277856,,,,
,,,0.893758,,,,
,,,0.893758,,,,
,,,0.893758,,,,
,,,0.863513,,,,
,,,0.863513,,,,
,,,0.863513,,,,
,,,0.892809,,,,
,,,0.892809,,,,
,,,0.892809,,,,
,,,6.361553,,,,
,,,6.361553,,,,
,,,6.361553,,,,
,,,1.98885,,,,
,,,1.98885,,,,
,,,1.98885,,,,
,,,5.566717,,,,
,,,5.566717,,,,
,,,5.566717,,,,
,,,7.389823,,,,
,,,7.389823,,,,
,,,7.389823,,,,
,,,0.160966,,,,
,,,0.160966,,,,
,,,0.160966,,,,
,,,1.15533,,,,
,,,1.15533,,,,
,,,1.15533,,,,
,,,0.990792,,,,
,,,0.990792,,,,
,,,0.990792,,,,
,,,0.385126,,,,
,,,0.385126,,,,
,,,0.385126,,,,
,,,0.659385,,,,
,,,0.659385,,,,
,,,0.659385,,,,
,,,3.29419,,,,
,,,3.29419,,,,
,,,3.29419,,,,
,,,1.437073,,,,
,,,1.437073,,,,
,,,1.437073,,,,
,,,2.18775,,,,
,,,2.18775,,,,
,,,2.18775,,,,
,,,0.881455,,,,
,,,0.881455,,,,
,,,0.881455,,,,
,,,1.6075,,,,
,,,1.6075,,,,
,,,1.6075,,,,
,,,1.285492,,,,
,,,1.285492,,,,
,,,1.285492,,,,
,,,0.914149,,,,
,,,0.914149,,,,
,,,0.914149,,,,
,,,1.517243,,,,
,,,1.517243,,,,
,,,1.517243,,,,
,,,,,,,
,,,3.27426,,,,
,,,3.27426,,,,
,,,3.27426,,,,
,,,2.389598,,,,
,,,2.389598,,,,
,,,2.389598,,,,
,,,4.327573,,,,
,,,4.327573,,,,
,,,4.327573,,,,
,,,1.032858,,,,
,,,1.032858,,,,
,,,1.032858,,,,
,,,3.538747,,,,
,,,3.538747,,,,
,,,3.538747,,,,
,,,4.010587,,,,
,,,4.010587,,,,
,,,4.010587,,,,
,,,1.853483,,,,
,,,1.853483,,,,
,,,1.853483,,,,
,,,1.128469,,,,
,,,1.128469,,,,
,,,1.128469,,,,
,,,1.213964,,,,
,,,1.213964,,,,
,,,1.213964,,,,
,,,3.901797,,,,
,,,3.901797,,,,
,,,3.31022,,,,
,,,3.31022,,,,
,,,3.31022,,,,
,,,2.78534,,,,
,,,2.78534,,,,
,,,2.78534,,,,
,,,4.03829,,,,
,,,4.03829,,,,
,,,4.03829,,,,
,,,,,,,
,,,,,,,
,,,,,,,
,,,,,,,
,,,,,,,
,,,2.41943,,,,
,,,,,,,
,,,,,,,
,,,2.37,,,,
,,,2.37,,,,
,,,2.37,,,,
,,,2.91686,,,,
,,,2.91686,,,,
,,,2.91686,,,,
,,,2.70947,,,,
,,,2.70947,,,,
,,,2.70947,,,,
,,,2.45231,,,,
,,,2.45231,,,,
,,,2.45231,,,,
,,,1.96184,,,,
,,,1.96184,,,,
,,,1.96184,,,,
,,,,,,,
,,,,,,,
,,,,,,,
,,,2.6282,,,,
,,,2.6282,,,,
,,,2.6282,,,,
,,,3.69836,,,,
,,,3.69836,,,,
,,,3.69836,,,,
,,,0.579916,,,,
,,,0.579916,,,,
,,,0.579916,,,,
,,,4.716083,,,,
,,,4.716083,,,,
,,,4.716083,,,,
,,,2.376873,,,,
,,,2.376873,,,,
,,,2.376873,,,,
,,,0.409965,,,,
,,,0.409965,,,,
,,,0.409965,,,,
,,,5.011747,,,,
,,,5.011747,,,,
,,,5.011747,,,,
,,,,,,,
,,,,,,,
,,,,,,,
,,,,,,,
23.84565162,0.007566844,0.007239545,,0.000463844,0.006775701,5.437068447,
25.32004826,0.008267946,0.008535929,,0.000680619,0.007855311,5.523736292,
,0.026666053,0.019169892,,0.001166935,0.018002957,,
45.54491313,0.008474507,0.007530103,,,,8.804660526,
38.11434253,0.009609934,0.008341374,,0.000670645,0.00767073,8.207338166,
49.26330637,0.009990663,0.010221844,,0.000993874,0.009227969,9.922013803,
40.79518497,0.007779392,0.006410584,,0.000785786,0.005624798,7.65169759,
,0.021144569,0.013775729,,0.001001567,0.012774162,,
62.52211214,0.04226344,0.031594548,,0.001926183,0.029668365,13.93414831,
44.64892821,0.010768763,0.00921262,,0.00099415,0.00821847,8.954600585,
36.12347631,0.007322329,0.006880994,,0.000726668,0.006154326,7.215504043,
44.82796594,0.007727268,0.005857619,,0.000676893,0.005180727,7.914742503,
,0.025672327,0.0168759,,0.001033377,0.015842524,,
33.93776797,0.012626355,0.005818644,,0.000623671,0.005194973,7.002899731,
24.14875552,0.006400933,0.006042857,,0.000482079,0.005560778,5.167297077,
31.57635703,0.006691466,0.005934612,,0.00048432,0.005450291,5.973802348,
47.10814417,0.011532269,0.009193499,,0.000901541,0.008291957,9.401050755,
31.01347578,0.01143821,0.008182915,,0.000571179,0.007611736,6.33846885,
,0.021059354,0.012125521,,0.000864736,0.011260785,,
,0.02592852,0.01797747,,0.001402261,0.016575209,,
33.51950207,0.009087747,0.008593454,,0.000716231,0.007877223,7.10826836,
32.25663745,0.028810021,0.006061535,,0.000619334,0.005442201,8.005907102,
,0.046155084,0.032016917,,0.001666179,0.030350739,,
,0.032478032,0.02665832,,0.001165732,0.025492588,,
,0.04446224,0.030370273,,0.001458204,0.028912069,,
48.84888461,0.008316832,0.006904431,,0.000825671,0.00607876,9.003416981,
37.24513673,0.008964767,0.008799647,,0.000572311,0.008227336,7.690242593,
43.07278864,0.012945978,0.008265659,,0.00068664,0.007579019,8.412717667,
48.11899491,0.010352935,0.008813211,,0.000921777,0.007891435,9.246170481,
26.76447412,0.019790797,0.008979122,3.212962055,,,7.547696358,0.968686196
24.74853403,0.012446343,0.00359777,3.715885375,,,7.6387921,1.183458544
28.7475392,0.014464697,0.004582706,2.905599209,,,8.451562485,1.138707777
68.18551947,0.019947869,0.007090204,1.650159684,,,11.62001715,2.169330615
37.09796539,0.012840751,0.004271898,3.242724716,,,9.023417861,1.673124118
29.29625649,0.012497959,0.002912943,4.332305929,,,8.748426166,1.030723475
32.97792168,0.010730474,0.003867542,2.618133643,,,7.920989256,1.416568852
42.52215804,0.020123155,0.005090673,2.272846154,,,12.04510322,1.335144561
27.5844285,0.013642396,0.003811472,1.855035968,,,8.623809006,1.287536996
37.67601888,0.029936883,0.005694342,3.985629249,,,10.91858869,1.116725575
49.51951783,0.017614144,0.003691983,3.225553406,,,11.36733485,2.203916684
29.37303977,0.012677043,0.004200823,5.134309486,,,8.897926897,1.237890976
39.93271752,0.018420571,0.005357782,5.041697416,,,10.95000196,1.752261677
65.58076382,0.017748975,0.005607826,0.597367194,,,12.11460323,1.600649004
28.84675716,0.019339371,0.002648356,4.6418,,,8.740200717,0.871428343
36.9835463,0.017558743,0.003661106,3.742598897,,,9.102526397,1.440179677
34.66482346,0.017322905,0.00237366,3.397279044,,,9.119797188,1.312453372
36.83426917,0.019526961,0.00277724,3.357968412,,,9.789430026,1.108106957
46.77649605,0.013931596,0.003428464,4.572313012,,,10.84199867,1.841728981
40.41117533,0.022792972,0.003346523,4.1615,,,10.79531257,1.5147519
11.39552854,,,0.185566772,,,5.237370171,0.898114386
26.9641431,0.017631523,0.008623366,3.403160953,,,7.59035155,0.943068951
24.80128858,0.012233248,0.003760415,4.173440607,,,7.723132358,1.150168938
28.34781914,0.013776628,0.004613465,3.421533347,,,8.362843953,1.13332355
67.26299066,0.018637691,0.006911706,2.288419846,,,11.68842464,2.088911436
34.53438166,0.012060752,0.00431911,3.894037603,,,8.957947219,1.611423618
28.81359031,0.012272288,0.003211286,4.192724298,,,8.818611137,1.03938171
32.59127447,0.010076904,0.003884174,3.246462203,,,8.093649623,1.383780847
40.78693099,0.019614151,0.005245072,2.751174825,,,11.80765352,1.342719993
26.6341299,0.013210577,0.004067795,2.303239401,,,8.46512874,1.243804766
36.7674536,0.029688653,0.005892743,4.141808737,,,10.76277878,1.052231379
46.01352367,0.016258335,0.003836118,3.240217105,,,11.0960983,2.022006727
28.85918498,0.012313273,0.004343945,5.421877346,,,8.927648595,1.244632136
36.40127244,0.018344562,0.005116348,4.91657104,,,10.5178251,1.818618854
64.51499952,0.017230393,0.005861777,0.911763095,,,11.97217215,1.60783379
26.15906687,0.015984426,0.002706881,4.0238,,,8.174988201,0.853262123
36.47055088,0.015121077,0.003578592,4.204001103,,,9.270984968,1.526747342
33.92166481,0.017047846,0.002697806,2.722846149,,,9.099317901,1.320270635
40.00152803,0.017779874,0.002915164,3.923863111,,,9.947849003,1.330279578
45.55877197,0.013716061,0.003374587,4.481435119,,,10.71617282,1.80954791
38.92696403,0.021138105,0.003468835,4.77375,,,10.91132889,1.542308473
13.93011518,,,0.299947806,,,5.575082154,0.893277194
27.13356608,0.015707787,0.008309201,3.585484044,,,7.619923515,0.919914237
24.76882552,0.012054091,0.003896756,4.581430518,,,7.780232533,1.117428376
27.99340277,0.013161998,0.004632154,3.897086998,,,8.280820441,1.126706506
66.46363893,0.017462541,0.006757285,2.880112503,,,11.75364076,2.0212197
32.19180842,0.01134384,0.004353515,4.485881643,,,8.883702827,1.548682441
28.36430429,0.01207779,0.003470766,4.061438902,,,8.873376745,1.047345872
32.27359121,0.009502207,0.003889339,3.822819014,,,8.240334269,1.353375679
38.96002508,0.01918194,0.005384474,3.149601399,,,11.53067527,1.335833557
25.8005255,0.012803207,0.004281703,2.705798045,,,8.319308142,1.206638504
35.99423441,0.02947204,0.006055076,4.284054275,,,10.62803735,0.998261899
42.95293939,0.015063631,0.003967817,3.269170666,,,10.86157784,1.860984239
28.39852904,0.012008694,0.004469857,5.680152195,,,8.953352694,1.250460478
33.24150721,0.018302923,0.004950892,4.784800375,,,10.12557124,1.871220177
63.42192478,0.016752376,0.006097657,1.202770709,,,11.83813111,1.613832709
19.41490343,0.014778601,0.002565471,3.5008,,,7.030633345,0.801445769
35.93890206,0.012983437,0.003502125,4.62901973,,,9.395465671,1.595767507
33.14658884,0.016726568,0.002952975,2.163385632,,,9.049222308,1.319848601
42.81463964,0.01618061,0.003039215,4.432610407,,,10.09553082,1.52670688
44.48197455,0.013530571,0.003330009,4.389625722,,,10.61304618,1.787605601
37.53944947,0.020078721,0.003799106,5.124666667,,,10.94060763,1.521565097
33.82634554,0.010653486,0.002742269,4.700901471,,,9.952183496,1.552383007
16.24303472,0.008671466,0.002675261,0.397018824,,,5.912575856,0.895493398
27.27274307,0.014019588,0.008036628,3.759931329,,,7.636412252,0.899222057
24.65114486,0.011908871,0.004006795,4.939855107,,,7.810092626,1.085236858
27.68429009,0.012620808,0.004638774,4.332260162,,,8.20549195,1.118856646
65.78746429,0.016422421,0.006626941,3.425237653,,,11.81566551,1.966255405
30.07024566,0.010690014,0.004375113,5.018256837,,,8.800684686,1.484900589
27.94839843,0.011914465,0.003691384,3.93844974,,,8.91272299,1.054615961
32.02487189,0.009006385,0.003883039,4.347204076,,,8.361043194,1.325353351
37.04144032,0.018826523,0.005508878,3.468125874,,,11.21416848,1.314485253
25.0836153,0.012420286,0.004453195,3.062711899,,,8.186347211,1.176038208
35.35636132,0.029287044,0.006181341,4.412365862,,,10.51436442,0.954817133
40.33776498,0.014030031,0.004087079,3.312414087,,,10.66377346,1.720849222
27.99107194,0.011763306,0.004578557,5.909134034,,,8.975039193,1.255376001
30.45342183,0.018295656,0.004861413,4.646385421,,,9.773240382,1.910065646
62.3015396,0.016314924,0.006315466,1.470390035,,,11.71248013,1.618645761
8.614266842,0.015721895,0.002224124,3.0728,,,5.30713615,0.715979279
35.38859982,0.011145823,0.003431707,5.017654779,,,9.475968505,1.647240174
45.27360399,0.014729168,0.003149394,4.884210302,,,10.23247548,1.697388864
43.54610378,0.013375125,0.003294727,4.29688482,,,10.53261873,1.775902053
36.24863164,0.019614821,0.004337336,5.21425,,,10.88314878,1.452521772
32.27034476,0.010499361,0.002929116,4.749754412,,,9.680923126,1.484379487
27.38167406,0.012566928,0.007805646,3.926502808,,,7.639817762,0.880992408
24.44824659,0.01179759,0.00409053,5.248714375,,,7.812712635,1.053594385
27.42048111,0.012153057,0.004633324,4.72705284,,,8.136858478,1.109773969
65.23446673,0.015517329,0.006520673,3.923795299,,,11.8744989,1.924018552
28.16969338,0.010099274,0.004383905,5.491163184,,,8.708892795,1.420078061
27.56587274,0.011782312,0.003873139,3.823756813,,,8.936649872,1.061191976
31.84511651,0.008589436,0.003865273,4.819617389,,,8.455776398,1.299713862
35.03117669,0.018547898,0.005618284,3.706748252,,,10.85813315,1.27867508
24.48339931,0.012061815,0.00458227,3.373980965,,,8.066245947,1.152003879
34.85383433,0.029133666,0.00627154,4.526743499,,,10.42175999,0.921897082
38.16800044,0.013157537,0.004193906,3.369947368,,,10.50268515,1.601601675
27.6368137,0.01157711,0.004670047,6.108822862,,,8.992708093,1.259378707
28.03701629,0.018322759,0.004847913,4.501326178,,,9.460832526,1.935155259
61.15384399,0.015918038,0.006515205,1.714621073,,,11.59521919,1.622272946
34.81964417,0.009608237,0.003367337,5.36990625,,,9.51249347,1.681165341
47.37842108,0.013425548,0.003245701,5.278662794,,,10.35868298,1.842325529
42.75115967,0.013249725,0.003268743,4.203212413,,,10.47489049,1.774437268
35.05451056,0.019746405,0.005083524,5.0425,,,10.73895234,1.335178499
30.8837053,0.010376081,0.003099305,4.792235747,,,9.43724631,1.424907827
27.46035905,0.011349806,0.007616256,4.085198481,,,7.630140045,0.865225292
24.16013071,0.011720246,0.004147962,5.508008321,,,7.788092561,1.022500957
27.20197583,0.011758745,0.004615804,5.08146503,,,8.074920026,1.099458476
64.80464625,0.014747266,0.006438482,4.375785438,,,11.93014091,1.894509141
26.49015158,0.00957162,0.00437989,5.904600684,,,8.608327154,1.354214857
27.2167272,0.011681333,0.004016031,3.717360121,,,8.945157392,1.067073918
31.73432508,0.008251361,0.003836042,5.240058953,,,8.524533881,1.276457211
32.92923421,0.018346066,0.005712693,3.865468531,,,10.46256929,1.228403039
23.99987752,0.011727793,0.004668928,3.639605242,,,7.95900435,1.134535517
34.48665345,0.029011904,0.006325671,4.627187185,,,10.35022405,0.899501747
36.44364578,0.012446147,0.004288296,3.441770511,,,10.37831293,1.503241598
27.3357543,0.011450104,0.004744326,6.279218681,,,9.006359392,1.262468594
25.99229059,0.018384233,0.004910391,4.349622647,,,9.188347672,1.946489018
59.97883795,0.015561718,0.006696874,1.935463824,,,11.4863483,1.624714264
34.23203511,0.008370676,0.003309015,5.685774142,,,9.505040566,1.69754301
42.09714222,0.013154369,0.003252056,4.108608501,,,10.43986145,1.783211244
33.95708621,0.020473472,0.006037671,4.609416667,,,10.50801832,1.169535276
29.66642715,0.010283648,0.003252838,4.828345475,,,9.221153048,1.373968026
44.015923,0.011120077,0.003012904,2.613833333,,,10.56141058,1.821228878
27.50879805,0.010368222,0.007468458,4.236018348,,,7.6073791,0.851920708
23.78679723,0.01167684,0.004179091,5.717736946,,,7.736232404,0.991956573
27.02877423,0.011437873,0.004586215,5.395496734,,,8.019676594,1.087910167
64.49800286,0.014112232,0.006380367,4.781208072,,,11.98259155,1.877727171
25.03162027,0.009107053,0.004363069,6.258569337,,,8.498987764,1.287310977
26.90096182,0.011611526,0.00412006,3.619259663,,,8.938245548,1.072261787
31.69249759,0.00799216,0.003795344,5.608528767,,,8.567315642,1.255583399
30.73561287,0.018221027,0.005792104,3.944286713,,,10.02747688,1.163669129
23.63304993,0.011418221,0.004713171,3.859584731,,,7.86462242,1.123633122
34.25481866,0.028921761,0.006343735,4.713696921,,,10.29975661,0.887631126
35.16470099,0.011895863,0.00437025,3.527883514,,,10.29065679,1.425768991
27.08789375,0.011382289,0.004801395,6.420321489,,,9.015993091,1.264645664
24.31924474,0.018480077,0.005048847,4.191274827,,,8.95578582,1.944066923
58.77652148,0.015245963,0.006860472,2.132918286,,,11.38586745,1.625969715
33.62577264,0.007433143,0.003256741,5.965258456,,,9.453609794,1.69637318
28.61851032,0.010222061,0.003389713,4.858083597,,,9.03264334,1.331560086
40.73031583,0.010903601,0.003392806,2.87325,,,10.43740353,1.582356432
31.18019107,0.020222731,0.002936407,2.530965035,,,9.178110102,1.025864465
27.52699105,0.009622176,0.007362251,4.378962409,,,7.571534927,0.841078657
23.32824614,0.011667371,0.004183916,5.87790025,,,7.657132165,0.961961234
26.90087633,0.011190439,0.004544555,5.669147951,,,7.971128182,1.075129041
64.31453655,0.013612227,0.006346329,5.1400632,,,12.03185083,1.873672644
23.79409944,0.008705572,0.004333441,6.553069143,,,8.380874624,1.219366422
26.61857661,0.011572892,0.004185227,3.52945544,,,8.915914342,1.076755583
31.71963405,0.007811832,0.003743181,5.925026832,,,8.584121683,1.237092425
28.45031267,0.01817278,0.005856518,3.943202797,,,9.552855932,1.084473351
23.38291654,0.011133098,0.004714997,4.03391943,,,7.783100157,1.119296694
34.15832998,0.028863234,0.006325732,4.786272706,,,10.27035766,0.886285221
34.33116607,0.011506683,0.004439769,3.628286378,,,10.23971672,1.369183855
26.89323205,0.011373666,0.004841252,6.532131288,,,9.02160919,1.265909915
23.01787873,0.018610293,0.005263282,4.026282719,,,8.763146969,1.927888973
57.54689456,0.014970774,0.007006,2.30698446,,,11.29377666,1.626039298
33.00085676,0.006795636,0.003210515,6.208359191,,,9.358201154,1.677655851
27.73995481,0.010191321,0.003509931,4.881450113,,,8.871717187,1.297684006
38.02345736,0.01073516,0.003666325,2.97175,,,10.30480142,1.4154789
24.48262588,0.007444387,0.00425538,0.622723689,,,7.596770144,1.012375351
30.6734715,0.01864833,0.00316043,3.239404196,,,9.307175197,1.178081749
41.41673432,0.013087512,0.002226038,0.783708333,,,9.390030539,0.866319775
27.51493805,0.009111668,0.007297636,4.514030664,,,7.522607527,0.832699138
22.78447745,0.011691841,0.004162439,5.988498232,,,7.550791842,0.932514939
26.81828212,0.011016445,0.004490827,5.902418681,,,7.92927479,1.061115099
64.25424732,0.013247251,0.006336368,5.452350822,,,12.07791873,1.882345558
22.77758909,0.008367178,0.004291006,6.788100103,,,8.253987734,1.150381191
26.36957155,0.011565432,0.004211531,3.447947452,,,8.878163772,1.080555306
31.81573445,0.007710378,0.003679552,6.189553148,,,8.574952002,1.220984291
26.07333361,0.018201327,0.005905933,3.862216783,,,9.038706446,0.990815705
23.24947736,0.010872424,0.004674407,4.162609341,,,7.714437561,1.121526233
34.1971874,0.028836325,0.006271662,4.844914541,,,10.26202721,0.895464031
33.94304103,0.011278608,0.004496851,3.742979102,,,10.22549274,1.333486189
26.7517692,0.011424233,0.004863898,6.614648076,,,9.02320769,1.266261348
22.08819256,0.018774879,0.005553694,3.854646322,,,8.61043112,1.897955168
56.28995722,0.01473615,0.007133458,2.457662347,,,11.21007591,1.624923015
32.35728747,0.006458156,0.003170337,6.415076348,,,9.218814645,1.641391023
27.82586906,0.013828316,0.003035487,1.221042466,,,8.126706321,1.14429114
27.03076062,0.010191427,0.003613491,4.898445023,,,8.738374587,1.272339786
35.89534758,0.010614752,0.003833461,2.909333333,,,10.16360424,1.320596283
25.46554281,0.007173245,0.004044528,0.615934616,,,7.932954158,1.056911928
30.23691626,0.017375804,0.003352838,3.745414452,,,9.403072299,1.314061087
38.39620628,0.013116637,0.002250804,1.858291667,,,9.320611597,0.883358995
27.47263906,0.008836698,0.007274612,4.641223112,,,7.4605969,0.826782152
22.15549115,0.011750248,0.004114658,6.049530892,,,7.417211437,0.903617689
26.78099161,0.01091589,0.004425028,6.095308924,,,7.894116418,1.04586834
64.31713517,0.013017303,0.006350483,5.718070938,,,12.12079527,1.903745915
21.98208923,0.00809187,0.004235765,6.963662216,,,8.118327095,1.080355284
26.15394666,0.011589144,0.004198972,3.374735698,,,8.82499384,1.083660955
31.9807988,0.007687798,0.003604456,6.402107714,,,8.5398066,1.207258995
23.60467569,0.018306667,0.005940352,3.701328671,,,8.48502842,0.882696191
23.23273238,0.0106362,0.004591401,4.245654462,,,7.658634632,1.130321739
34.37139092,0.028841033,0.006181524,4.889622426,,,10.27476525,0.915167555
34.00032586,0.011211638,0.004541497,3.871961687,,,10.24798483,1.318675993
26.6635052,0.011533991,0.004869334,6.667871854,,,9.02078859,1.265699963
21.53018624,0.018973836,0.005920084,3.676365636,,,8.497638273,1.854265509
55.00570944,0.014542092,0.007242845,2.584951945,,,11.13476521,1.622620864
31.69506476,0.006420702,0.003136206,6.585409926,,,9.035450267,1.587578697
26.82737177,0.01318351,0.002807821,1.466388594,,,7.869296585,1.086194022
26.49092775,0.010222379,0.003700394,4.909068326,,,8.632615542,1.255527425
34.34598648,0.010542379,0.003894215,2.686,,,10.01381198,1.297708581
26.22679263,0.006893527,0.00365805,0.591835529,,,8.268919891,1.108501901
29.87052536,0.016405152,0.003513632,4.048995804,,,9.465801408,1.43380248
35.5465995,0.013077487,0.002261671,2.621375,,,9.172339029,0.883893027
27.40009407,0.008797266,0.007293179,4.760539755,,,7.385503045,0.823327697
21.44128725,0.011842594,0.004040574,6.060998232,,,7.256390948,0.875269483
26.78900479,0.010888775,0.00434716,6.247818681,,,7.865653066,1.029388765
64.50320011,0.012922384,0.006388674,5.937223549,,,12.16048043,1.937873713
21.40759985,0.007879648,0.004167717,7.079755482,,,7.973892706,1.009288702
25.97170193,0.011644029,0.004147551,3.309820179,,,8.756404545,1.086072531
32.2148271,0.007744092,0.003517896,6.562690531,,,8.478685476,1.195916538
21.04433891,0.018488799,0.005959772,3.460538462,,,7.891821855,0.760114808
23.3326816,0.010424425,0.004465978,4.283054795,,,7.61569137,1.145683212
34.68094053,0.028877358,0.006055319,4.920396359,,,10.30857179,0.945395795
34.50302056,0.011305773,0.004573707,4.015234133,,,10.30719301,1.324753268
26.62844005,0.01170294,0.004857559,6.691802621,,,9.014351889,1.26422576
21.34385976,0.019207164,0.006362453,3.491440661,,,8.424768428,1.796819995
53.69415123,0.0143886,0.007334162,2.688853256,,,11.06784455,1.619132847
31.01418865,0.006683275,0.003108124,6.719359926,,,8.80810802,1.516218871
25.79695715,0.012492485,0.002511179,1.8267071,,,7.582270544,1.019857605
26.12045619,0.010284178,0.00377064,4.913320023,,,8.55444005,1.247246925
33.37537407,0.010518039,0.003848585,2.30175,,,9.855424652,1.346815794
26.76637536,0.006605234,0.003095946,0.550426426,,,8.604667342,1.167145269
29.5742988,0.015736375,0.003642811,4.150148252,,,9.495362523,1.537305928
32.86791398,0.012970062,0.00225864,3.072958333,,,8.945212834,0.867921871
27.29730308,0.008993372,0.007353338,4.871980591,,,7.297325962,0.822335775
20.64186574,0.011968877,0.003940186,6.02290025,,,7.068330377,0.847470322
26.84232167,0.010935098,0.004257222,6.359947951,,,7.843884733,1.011676374
64.81244213,0.012962494,0.006450943,6.109808654,,,12.19697423,1.984728953
21.05412095,0.007730512,0.004086862,7.136379902,,,7.820684567,0.937181443
25.82283736,0.011730087,0.004057267,3.253200895,,,8.672395886,1.087790034
32.51781933,0.00787926,0.003419869,6.6713016,,,8.391588632,1.186956919
18.39232327,0.018747725,0.005964196,3.139846154,,,7.25908675,0.623071557
23.54932502,0.010237099,0.004298139,4.274810339,,,7.585607775,1.167610652
35.12583625,0.028945301,0.005893047,4.937236343,,,10.36344682,0.98614875
35.45112513,0.011561013,0.004593481,4.17279644,,,10.40311726,1.351718012
26.64657375,0.011931081,0.004828573,6.686440379,,,9.003897589,1.261838739
21.52921312,0.019474862,0.006880799,3.299871398,,,8.391821584,1.725618626
52.35528258,0.014275673,0.007407408,2.769366278,,,11.00931395,1.614458962
30.31465912,0.007245874,0.00308609,6.816926348,,,8.536787905,1.427311547
24.7346252,0.011755242,0.002145561,2.301997983,,,7.265628196,0.945281892
25.91934595,0.010376823,0.003824228,4.911200113,,,8.503848113,1.247498284
32.98351035,0.010541733,0.003696573,1.756583333,,,9.688442253,1.467917921
27.08429098,0.006308365,0.002358216,0.491707309,,,8.940196513,1.232842033
29.34823657,0.015369473,0.003740375,4.048871795,,,9.491755644,1.624571431
30.36014974,0.012794361,0.002241711,3.213041667,,,8.639233013,0.835445528
27.16426609,0.009425016,0.007455089,4.975545621,,,7.196065652,0.823806386
19.75722662,0.012129097,0.003813496,5.935236946,,,6.853029722,0.820220206
26.94094223,0.011054861,0.004155215,6.431696734,,,7.828811421,0.992731167
65.24486124,0.013137633,0.006537287,6.235826253,,,12.23027665,2.044311635
20.92165253,0.007644462,0.003993201,7.133535475,,,7.658702678,0.864033509
25.70735295,0.011847318,0.00392812,3.204877845,,,8.572967865,1.088813464
32.88977552,0.008093301,0.003310376,6.727940918,,,8.278516067,1.18038014
23.88266265,0.010074223,0.004087884,4.220921094,,,7.568383847,1.196104058
35.70607807,0.029044861,0.005694708,4.940142376,,,10.43939034,1.03742642
36.84463958,0.011977358,0.004600819,4.344648607,,,10.5357576,1.399570227
26.71790629,0.012218412,0.004782376,6.651785126,,,8.989425689,1.258538899
50.9891035,0.014203311,0.007462584,2.826491013,,,10.95917339,1.60859921
29.59647618,0.0081085,0.003070105,6.878109191,,,8.221489921,1.320856724
51.46765644,0.008318185,0.003516751,6.376976259,,,10.98180525,2.07498738
41.46496643,0.013328134,0.003395575,3.420298985,,,10.83023588,2.131314404
25.88759703,0.010500315,0.00386116,4.902708597,,,8.48083973,1.256281504
29.19233868,0.015304445,0.003806324,3.745166434,,,9.454980773,1.695598988
28.02330676,0.012550385,0.002210883,3.041625,,,8.254399566,0.786463997
27.00098311,0.010092198,0.007598431,5.071234845,,,7.081722115,0.827739529
18.7873699,0.012323256,0.003660502,5.798008321,,,6.610488985,0.793519134
27.0848665,0.011248063,0.004041137,6.46306503,,,7.820433128,0.972553143
65.80045743,0.013447801,0.006647708,6.315276347,,,12.26038771,2.116621758
21.0101946,0.007621499,0.003886733,7.071222201,,,7.48794704,0.789844899
25.6252487,0.011995721,0.00376011,3.16485103,,,8.458120481,1.08914282
33.33069564,0.008386216,0.003189418,6.732608488,,,8.13946778,1.176186199
24.33269448,0.009935796,0.003835212,4.121387061,,,7.564019586,1.231163432
36.421666,0.029176038,0.005460301,4.929114458,,,10.53640237,1.099228805
38.6835639,0.012554807,0.004595721,4.530790635,,,10.70511401,1.468309912
26.84243769,0.012564934,0.004718968,6.587836863,,,8.970936189,1.254326242
23.01495938,0.020113372,0.008145427,2.896800006,,,8.445696902,1.541948325
49.59561398,0.014171516,0.007499689,2.86022746,,,10.91742288,1.601553591
28.85963984,0.009271153,0.003060167,6.902908456,,,7.862214069,1.196854401
41.93836223,0.013473137,0.003453266,3.318243035,,,10.97680047,2.221998474
26.02520942,0.010654653,0.003881433,4.887845475,,,8.485414901,1.273596583
,,,0.322339029,,,,
29.10660513,0.015541293,0.003840658,3.239032168,,,9.385037907,1.7503886
25.85738505,0.012238134,0.002166158,2.558708333,,,7.790712493,0.720977279
26.80745413,0.010994918,0.007783365,5.159048263,,,6.95429535,0.834135204
17.73229557,0.012551353,0.003481205,5.611214375,,,6.340708164,0.767367106
27.27409445,0.011514705,0.00391499,6.45405284,,,7.818749856,0.951142302
66.4792307,0.013892998,0.006782206,6.348158935,,,12.28730739,2.201659324
21.31974715,0.007661623,0.003767459,6.94944008,,,7.308417653,0.714615614
25.57652461,0.012175298,0.003553238,3.133120449,,,8.327853734,1.088778103
33.84057971,0.008758005,0.003056994,6.685304309,,,7.974443772,1.174375097
24.89942051,0.009821818,0.003540124,3.976208238,,,7.572514992,1.272788773
37.27260002,0.029338833,0.005189827,4.90415259,,,10.65448288,1.171555906
40.96789809,0.013293362,0.004578187,4.731222523,,,10.9111865,1.557937068
27.02016793,0.012970647,0.004638349,6.49459559,,,8.948429089,1.249200766
24.31535228,0.020484183,0.008891708,2.685297877,,,8.532519063,1.429479393
48.17481403,0.014180285,0.007518724,2.870575619,,,10.88406241,1.593322106
28.10415008,0.010733832,0.003056277,6.891324142,,,7.458960348,1.05530458
42.55268469,0.013648184,0.003520256,3.21525558,,,11.14606426,2.322921305
26.33218313,0.010839838,0.00388505,4.866610747,,,8.517573626,1.299443523
29.09103591,0.016080015,0.003843377,2.530468998,,,9.281927048,1.788940267
23.86238461,0.011857607,0.002107534,1.764291667,,,7.248171793,0.638985373
26.58367916,0.012133177,0.00800989,5.238985875,,,6.813785357,0.842993412
16.59200364,0.012813387,0.003275604,5.374855107,,,6.043687261,0.741764123
27.5086261,0.011854785,0.003776774,6.404660162,,,7.823761603,0.928498645
67.28118105,0.014473223,0.006940781,6.334474017,,,12.31103571,2.299424331
21.85031019,0.007764832,0.003635378,6.768189112,,,7.120114515,0.638345652
25.56118068,0.012386048,0.003307503,3.109686104,,,8.182167624,1.087719313
34.41942773,0.009208667,0.002913104,6.58602838,,,7.783444043,1.174946834
25.58284074,0.00973229,0.00320262,3.785384627,,,7.593870065,1.320980081
38.25888014,0.029533245,0.004883286,4.865256771,,,10.79363189,1.254407721
43.69764216,0.014193021,0.004548216,4.945944272,,,11.15397508,1.668451693
27.25109702,0.013435552,0.00454052,6.372061306,,,8.921904389,1.243162473
25.98742501,0.020889364,0.009713967,2.46715146,,,8.659264227,1.303254606
46.72670365,0.014229621,0.007519689,2.85753549,,,10.85909199,1.583904753
43.3079338,0.013853277,0.003596542,3.111336621,,,11.33802726,2.434082898
26.80851816,0.011055869,0.003872009,4.839004412,,,8.577315905,1.333822322
29.14563102,0.016920611,0.003814482,1.619476923,,,9.145648196,1.811253989
26.32965819,0.013506973,0.008278007,5.31104768,,,6.660192137,0.854314152
15.36649409,0.013109359,0.003043701,5.088930518,,,5.719426275,0.716710185
27.78846144,0.012268305,0.003626488,6.314886998,,,7.83546837,0.904622172
68.20630849,0.015188478,0.007123431,6.274221594,,,12.33157266,2.409916781
22.60188371,0.007931128,0.00349049,6.527469298,,,6.923037628,0.561035015
25.57921691,0.01262797,0.003022905,3.094547993,,,8.021062151,1.08596645
35.06723969,0.009738204,0.002757748,6.434780702,,,7.566468592,1.177901409
26.38295517,0.009667211,0.002822699,3.548916226,,,7.628084805,1.375737356
39.38050637,0.029759274,0.004540678,4.812427002,,,10.9538494,1.347784251
27.53522497,0.013959647,0.00442548,6.220234013,,,8.89136209,1.236211361
28.0311776,0.021328917,0.010612204,2.242360754,,,8.825932392,1.163273964
45.25128283,0.014319522,0.007502583,2.821107073,,,10.84251162,1.573301532
44.20410957,0.014088414,0.003682126,3.006486157,,,11.55268946,2.555483253
27.45421451,0.011302746,0.003842311,4.805026471,,,8.664641738,1.376732982
29.27039048,0.018063083,0.003753971,0.506055944,,,8.976201351,1.817329766
26.04539122,0.015116308,0.008587715,5.37523368,,,6.49351569,0.868097424
14.05576695,0.013439269,0.002785494,4.753440607,,,5.367925206,0.692205291
28.11360048,0.012755264,0.003464132,6.184733347,,,7.853870158,0.879512883
69.25461301,0.016038761,0.007330159,6.167401664,,,12.34891823,2.533136672
25.63063331,0.012901065,0.002699445,3.087706116,,,7.844537316,1.083519513
27.29976381,0.009626582,0.002400363,3.266803037,,,7.675159212,1.437060598
40.63747869,0.03001692,0.004162002,4.745663283,,,11.1351354,1.451685497
27.87255176,0.014542933,0.004293228,6.039113709,,,8.85680219,1.228347431
30.44661002,0.02180284,0.011586419,2.010925759,,,9.032523558,1.009537468
43.74855157,0.014449988,0.007467407,2.761290368,,,10.8343213,1.561512445
45.241212,0.014353597,0.003777007,2.900704187,,,11.79005086,2.68712237
25.73087825,0.01696118,0.008939015,5.431543874,,,6.313756015,0.884343229
12.6598222,0.013803117,0.002500984,4.368385375,,,4.989184053,0.668249442
28.48404321,0.013315663,0.003289706,6.014199209,,,7.878966965,0.853170777
70.42609461,0.017024073,0.007560963,6.014014229,,,12.36307244,2.669084005
25.71542986,0.013205334,0.002337122,3.089160474,,,7.652593117,1.080378504
28.33326665,0.009610402,0.00193561,2.939045059,,,7.735093286,1.504949807
42.02979712,0.030306184,0.00374726,4.664965613,,,11.3374899,1.566111457
28.2630774,0.01518541,0.004143766,5.828700395,,,8.81822469,1.219570683
42.21850989,0.01462102,0.007414161,2.678085375,,,10.83452103,1.548537491
39.66039807,0.010696191,0.0031374,4.800520471,,,10.99818626,1.168180386
46.41924108,0.014648824,0.003881186,2.793990714,,,12.05011146,2.829000249
25.38611929,0.019041591,0.009331906,5.479978261,,,6.120913113,0.903051566
11.17865984,0.014200902,0.00219017,3.933764822,,,4.583202818,0.644842637
28.89978964,0.0139495,0.003103211,5.803284585,,,7.910758792,0.825595855
71.7207533,0.018144414,0.007815843,5.814059289,,,12.37403528,2.81775878
25.83360658,0.013540775,0.001935936,3.098911067,,,7.445229555,1.076543421
29.48346369,0.009618671,0.00142844,2.565642292,,,7.807887027,1.579404983
43.55746164,0.030627065,0.003296449,4.570333992,,,11.56091289,1.691062133
28.70680189,0.015887079,0.003977094,5.588994071,,,8.775629591,1.209881117
40.66115777,0.014832618,0.007342844,2.571492095,,,10.8431108,1.53437667
36.45300626,0.011609903,0.003025621,4.337761932,,,10.96333637,0.926937272
47.73819683,0.014974095,0.003994662,2.686345735,,,12.33287127,2.981116889
30.04545836,0.013025172,0.01118999,,0.00107192,0.01011807,6.565742353,
36.52696659,0.011906323,0.011552988,,0.001047352,0.010505635,7.079125567,
39.6646831,0.039932227,0.025902268,,0.002023592,0.023878676,15.83926436,
31.58187363,0.010165104,0.00885577,,0.000674971,0.008180798,6.566208533,
47.128929,0.034667731,0.030397172,,0.001961385,0.028435787,19.56825549,
42.69509141,0.007017757,0.00925979,,0.000947902,0.008311889,8.372030637,
48.22424126,0.036189064,0.022422057,,0.001810048,0.020612009,16.61385867,
53.21724843,0.013159004,0.012065747,,0.001043985,0.011021762,10.36068486,
54.07696546,0.012524477,0.010113682,,0.001347937,0.008765745,10.03622127,
34.12667807,0.01469953,0.008756226,,0.000496118,0.008260108,7.216469379,
44.01681729,0.012757693,0.010516526,,0.001124172,0.009392354,8.31053633,
56.96854369,0.01081159,0.011114356,,0.001280423,0.009833933,10.49436907,
34.53054072,0.011819347,0.008607845,,0.000763367,0.007844477,7.051600589,
43.19379366,0.012608417,0.0085061,,0.000835692,0.007670407,8.525693781,
39.20190468,0.016323035,0.008655051,,0.000619331,0.00803572,8.01273013,
54.4620743,0.009442191,0.009707439,,0.001085443,0.008621996,9.818606906,
46.53726452,0.009278704,0.008616865,,0.00093552,0.007681345,8.658751289,
42.70831406,0.008232897,0.009035613,,0.00105651,0.007979103,8.334946413,
47.18574664,0.006283914,0.007800976,,0.000755135,0.00704584,9.071081081,
39.61494528,0.006191087,0.007464667,,0.000695126,0.006769541,7.733497125,
42.13987609,0.011072428,0.008009328,,0.001051452,0.006957876,8.412689804,
56.44957751,0.009069077,0.010818846,,0.001175898,0.009642947,10.20228614,
39.51686485,0.008659809,0.007653444,,0.000742084,0.006911361,8.075755847,
46.42946983,0.006610541,0.008171645,,0.000692323,0.007479323,8.738754778,
43.01325905,0.00864596,0.00810943,,0.000715642,0.007393788,8.0256532,
39.33481188,0.008364626,0.007312419,,0.000887221,0.006425198,7.689034449,
45.9068988,0.008358668,0.008749403,,0.000927877,0.007821526,9.025865373,
56.00204958,0.009973762,0.009945186,,0.00109571,0.008849476,10.89089551,
44.51467969,0.012397173,0.009454565,,0.000877766,0.008576798,8.597103588,
53.64861685,0.017339878,0.010567401,,0.001091126,0.009476275,10.67991609,
48.42745711,0.009291385,0.008856906,,0.00094646,0.007910446,9.37093241,
44.81949183,0.0087762,0.007769466,,0.001140963,0.006628503,8.720739426,
45.45331279,0.011049649,0.009734245,,0.001205842,0.008528403,8.816086735,
41.7844025,0.010965685,0.007534226,,0.000602144,0.006932082,7.891814386,
50.72865305,0.010149443,0.010931914,,,,10.00631195,
48.7372691,0.009511809,0.007908036,,0.000867451,0.007040585,9.258683473,
44.78785754,0.008171211,0.00838672,,0.000781762,0.007604958,9.036057675,
53.14167164,0.011844387,0.009742418,,0.001005503,0.008736915,9.859094976,
59.54342612,0.009308384,0.009277636,,0.001138714,0.008138922,10.77566607,
41.67273143,0.006564105,0.00669693,,0.000830382,0.005866548,8.250520288,
55.07575372,0.010480954,0.007988503,,0.000804919,0.007183584,9.748940183,
51.04413911,0.011049148,0.009955433,,0.001049608,0.008905825,9.657671874,
48.59085472,0.015600066,0.00691036,,0.000542805,0.006367554,9.460269406,
46.24418893,0.008072205,0.006541998,,0.000611236,0.005930763,8.897134405,
64.05212073,0.012346664,0.008245849,,0.001077702,0.007168147,11.37269926,
60.68287807,0.011397421,0.008792353,,0.001069901,0.007722452,10.73585063,
60.07797481,0.011403929,0.010282896,,0.000943258,0.009339638,11.21270983,
51.57471504,0.010505414,0.009405149,,0.001023333,0.008381816,9.690664594,
52.96929707,0.012854337,0.00796954,,0.001000974,0.006968565,10.15612328,
49.7579438,0.008078245,0.006773451,,0.000856913,0.005916538,9.266969333,
57.44591072,0.009950466,0.009436938,,0.0010464,0.008390538,10.67802648,
47.3936346,0.008748475,0.007703289,,0.0007579,0.006945389,8.70015246,
45.55834133,0.01158036,0.007318685,,0.001010921,0.006307764,9.193051066,
61.06004937,0.010532847,0.008792311,,0.001065609,0.007726702,10.68779447,
46.21789514,0.009965372,0.006934782,,0.000937342,0.00599744,9.269724017,
46.67101763,0.009640072,0.008095092,,0.000787781,0.007307312,8.811281409,
45.2091359,0.012159234,0.007735113,,0.000709124,0.007025988,8.903090973,
54.46659706,0.014103172,0.007542588,,0.000786097,0.006756491,10.24163224,
57.18476332,0.009754689,0.008965226,,0.000898433,0.008066793,10.42770512,
42.53993069,0.006638367,0.006263178,,0.000749788,0.00551339,8.485969399,
37.55667852,0.012049696,0.005267256,,0.000497696,0.00476956,7.313687569,
47.52550415,0.007757647,0.007287975,,0.000598985,0.00668899,9.146174848,
41.84816782,0.010410448,0.006227625,,0.000503043,0.005724583,8.345468656,
46.93970478,0.008852616,0.008272943,,0.000669943,0.007603,9.133990722,
49.03597282,0.01167553,0.006756786,,0.000664142,0.006092644,9.24051407,
52.58330053,0.013451389,0.006366691,,0.000578047,0.005788644,10.04661695,
59.47687438,0.006735509,0.00660767,,0.000855117,0.005752552,10.71983312,
59.36952471,0.010540581,0.008843995,,0.00100049,0.007843504,10.32718437,
51.62032726,0.007524085,0.008185352,,0.001029373,0.007155979,9.521770205,
56.19180924,0.012206603,0.007928042,,0.00058307,0.007344972,10.05023126,
52.70225833,0.009140179,0.006917742,,0.000738471,0.00617927,9.51833685,
58.11220659,0.011587941,0.008321402,,0.001018869,0.007302533,10.19425421,
46.38035257,0.01375006,0.007241512,,0.00066666,0.006574852,8.74228451,
46.81688069,0.00534307,0.005526819,,0.000603679,0.00492314,8.725699238,
58.00418973,0.005949173,0.007461731,,0.000947286,0.006514444,10.69365857,
74.1523999,0.013039449,0.00937459,,0.001454277,0.007920314,12.9343525,
45.8472439,0.008430791,0.006448327,,0.000579312,0.005869015,8.82631457,
67.55324286,0.007324309,0.009789327,,0.001252225,0.008537102,12.33876389,
60.70179785,0.012918428,0.00692154,,0.000701476,0.006220064,11.31066875,
51.07641594,0.012542262,0.007520956,,0.000794398,0.006726558,9.492374954,
41.52928036,0.008941804,0.00447872,,0.000359015,0.004119705,7.975226973,
46.5493592,0.009120507,0.006012487,,0.000919993,0.005092494,9.155036627,
67.01348595,0.009834718,0.008024688,,0.00123143,0.006793258,12.19103249,
56.81179385,0.010160907,0.005350124,,0.000551945,0.004798179,10.35718103,
58.58625897,0.010258442,0.005788311,,0.000683268,0.005105043,10.97102287,
56.75332972,0.011419144,0.006826764,,0.000855469,0.005971295,10.66868704,
63.73294548,0.011003369,0.007713715,,,,12.08086045,
68.12494141,0.009693916,0.004790656,,0.000713745,0.00407691,12.45487552,
98.38872424,0.025140696,0.02282597,,0.001290537,0.021535434,,
42.47605624,0.012189262,0.011204901,,0.000857929,0.010346972,8.127632529,
34.82745954,0.021743746,0.017026043,,0.000806991,0.016219052,7.380462122,
50.2227525,0.009005205,0.014401226,,0.001164117,0.013237108,9.90153272,
50.13762817,0.018491945,0.015493406,,0.000824757,0.014668649,10.25217334,
47.27715073,0.044435808,0.026219934,,0.001163784,0.02505615,16.33424964,
39.86878378,0.047411669,0.02927511,,0.001097045,0.028178065,17.61845943,
52.52532078,0.045896617,0.03003065,,0.000994454,0.029036196,16.59299026,
32.82296084,0.043561748,0.02935118,,0.001226991,0.028124189,15.6178868,
42.15406115,0.038989449,0.029101965,,0.00140635,0.027695615,15.21518803,
47.24315431,0.047183404,0.032188034,,0.001305495,0.030882539,16.90507406,
56.60237049,0.036831726,0.024879144,,0.001388456,0.023490688,15.38976715,
47.15081497,0.035955387,0.020782441,,0.001324377,0.019458064,16.27027305,
48.07297484,0.036629587,0.02369684,,0.001311684,0.022385156,14.54059323,
50.40227995,0.035248612,0.021405567,,0.001470496,0.019935071,15.31116676,
44.30891189,0.047733877,0.030258343,,0.001686386,0.028571957,17.25664321,
48.79543712,0.044246975,0.03033951,,0.001616619,0.028722891,19.04597547,
56.7347604,0.0141717,0.016893925,,0.001104687,0.015789238,11.15587085,
58.94020559,0.014821414,0.018016966,,0.001221505,0.016795461,11.15988794,
53.56800832,0.006447689,0.011785397,,0.000962223,0.010823174,11.050102,
57.64223047,0.012578932,0.017153407,,0.001265139,0.015888269,11.27047894,
49.05452431,0.011381568,0.012450773,,0.00089678,0.011553993,9.496947482,
52.00569363,0.013126433,0.01650152,,0.000971159,0.015530361,10.55484527,
41.40839532,0.01181015,0.011348764,,0.000765982,0.010582782,8.992383427,
52.48538593,0.036738909,0.02440817,,0.001554429,0.022853741,18.04086266,
53.5585922,0.010022297,0.012938825,,0.001185301,0.011753524,10.87694587,
51.32313554,0.011213556,0.014046224,,0.000878151,0.013168074,10.13557569,
38.22161698,0.004928986,0.010603061,,0.000809455,0.009793606,7.952791228,
63.14961873,0.023424847,0.021031808,,0.001901264,0.019130544,12.29085975,
72.98588727,0.014967982,0.02142197,,0.001569604,0.019852366,13.9613243,
46.86365258,0.007605108,0.010854681,,0.000901029,0.009953653,9.53009042,
51.52141805,0.007863365,0.012240128,,0.000995588,0.011244541,10.2416615,
47.34534046,0.011329481,0.013229104,,0.000870241,0.012358863,9.86391407,
47.54309584,0.009141174,0.010775225,,0.000998717,0.009776508,9.74300248,
57.56616827,0.019314466,0.014628692,,0.000881772,0.01374692,11.1094962,
58.1677564,0.015459345,0.016362569,,0.001248188,0.015114381,10.99190214,
65.75215586,0.0144811,0.018523601,,0.001519081,0.01700452,12.46119686,
51.58196845,0.012276989,0.01488648,,0.000927605,0.013958875,10.40807964,
43.35666387,0.004758445,0.009486519,,0.000609686,0.008876832,8.861686438,
57.42044121,0.013044281,0.013272702,,0.001237063,0.012035639,10.86997302,
58.11776247,0.018900661,0.011975304,,0.001200143,0.010775161,11.06403995,
50.39700042,0.008404371,0.010951937,,0.001020137,0.0099318,10.04362779,
51.052774,0.005134129,0.008987085,,0.000862251,0.008124834,10.0218176,
44.34687333,0.010768844,0.009964046,,0.001312803,0.008651242,9.043741105,
70.24941174,0.01639897,0.0190186,,0.001521497,0.017497103,12.93917696,
69.29799378,0.02461843,0.019387891,,0.001573622,0.017814269,12.96354703,
73.30724764,0.014814403,0.01732231,,0.001411081,0.015911229,13.45393279,
51.11052679,0.00908348,0.012067458,,0.001042838,0.01102462,10.06260324,
31.35479735,0.00705861,0.011842334,,0.000787954,0.011054379,8.044832989,
35.06374588,0.010152064,0.015503886,,0.00078069,0.014723197,8.844247119,
29.70878673,0.008958181,0.014641591,,0.000776792,0.013864799,9.10289814,
20.0741127,0.017066254,0.015850458,,0.000788588,0.01506187,,
36.87175509,0.009426812,0.011266567,,0.001006609,0.010259958,8.093270773,
42.10573902,0.006872205,0.011399527,,0.000975295,0.010424232,8.458755304,
33.20582287,0.007519847,0.012459274,,0.000985125,0.011474149,6.921268158,
32.6833188,0.009185845,0.012334745,,0.000997506,0.011337239,7.332149818,
35.67124459,0.006575836,0.011449922,,0.000836754,0.010613168,7.913551204,
26.73342244,0.005689591,0.010236985,,0.000731591,0.009505394,6.167764207,
33.78508399,0.006891512,0.012333327,,0.000990127,0.0113432,7.669109006,
33.61819698,0.016812386,0.014538013,,0.000718316,0.013819697,7.372632037,
26.08496514,0.019318946,0.016206499,,0.000922624,0.015283875,5.563009867,
25.5210944,0.017191994,0.016466987,,0.000929752,0.015537235,5.260468842,
34.5537127,0.019115743,0.015982348,,0.000861852,0.015120496,9.057679807,
58.2720282,0.013671326,0.020254104,,0.001144388,0.019109716,11.66482418,
47.73986703,0.008971682,0.013625084,,0.000819286,0.012805799,9.233903295,
,0.034060373,0.026791594,,0.00149795,0.025293644,,
33.44618932,0.010304897,0.01084624,,0.000587196,0.010259044,7.364355157,
38.41731326,0.005675265,0.010918278,,0.000670663,0.010247615,8.191204066,
,0.05694327,0.039543068,,0.001641338,0.03790173,,
46.1225653,0.012039395,0.018778169,,0.000957601,0.017820568,9.666839175,
32.87725993,0.009190383,0.012832079,,0.000729715,0.012102364,7.152050636,
,0.043746832,0.030117758,,0.001210452,0.028907305,,
,0.039757573,0.03104635,,0.001636213,0.029410137,,
60.15366255,0.013773657,0.017664244,,0.001075492,0.016588753,12.35582123,
43.163965,0.01723887,0.013789114,,0.000558132,0.013230982,9.075266462,
,0.017852027,0.014279226,,0.000812409,0.013466817,,
45.41545858,0.009175498,0.005622416,,0.000654367,0.004968049,8.806323016,
,0.031225255,0.023807762,,0.001542595,0.022265167,,
49.35497864,0.009776809,0.012134124,,0.000904175,0.011229948,10.09354995,
33.73578865,0.008643891,0.013584983,,0.000647234,0.012937749,7.521630475,
,0.044561562,0.033399097,,0.0010674,0.032331697,,
41.710638,0.013002243,0.012501993,,0.000952221,0.011549772,9.23420507,
73.1780973,0.022276574,0.01866214,,0.00157088,0.01709126,15.08966537,
46.26362273,0.012000655,0.014238003,,0.001107722,0.013130281,9.637481281,
39.5271608,0.019174822,0.016657195,,0.001167582,0.015489613,8.573681372,
43.80820673,0.010411816,0.012159422,,0.000894978,0.011264444,9.659631346,
43.91999184,0.008702539,0.010038927,,0.000933476,0.009105452,9.566597742,
77.10612089,0.025189542,0.019993342,,0.001404644,0.018588697,15.11280476,
33.34926164,0.014510948,0.011515295,,0.00085358,0.010661715,7.898538166,
22.44592222,0.009034784,0.014152571,,0.000736429,0.013416142,5.57908359,
,0.045139041,0.035236461,,0.002268213,0.032968247,,
40.43580222,0.016679488,0.018066294,,0.001023949,0.017042345,8.436214117,
29.76677631,,0.012808239,,0.000618591,0.012189649,6.906109804,
21.57878174,,0.011366439,,0.000826058,0.010540382,5.735275133,
33.42452033,,0.009618099,,0.000708858,0.008909241,7.499557253,
14.51391638,,0.010086351,,0.000554168,0.009532183,4.932933365,
26.76353188,,0.014840266,,0.000924901,0.013915365,6.846562373,
29.85111748,,0.012191708,,0.000483767,0.011707941,7.939465504,
40.76015131,,0.020369103,,0.00102691,0.019342193,9.432679512,
32.36356911,,0.009587101,,0.00068177,0.008905332,7.173516652,
31.91476353,,0.014783199,,0.001031352,0.013751847,7.887941998,
,,0.009265881,,0.001249634,0.008016248,,
49.9721648,,0.008053476,,0.000747436,0.007306039,10.88202244,
28.91658335,,0.008060819,,0.000606113,0.007454706,7.083463254,
21.73271332,,0.014766515,,0.001115111,0.013651404,6.126714913,
26.82818445,,0.012614624,,0.001093461,0.011521162,6.863635452,
32.23841061,,0.012937814,,0.000742846,0.012194968,8.265540911,
25.07804141,,0.008742755,,0.000687338,0.008055416,5.946729719,
,,0.011538237,,0.000837906,0.010700332,,
20.55456447,,0.012557312,,0.0010299,0.011527412,6.939675141,
36.17160426,,0.011456162,,0.001112361,0.010343801,7.730850824,
18.94156565,,0.011045565,,0.000776124,0.010269441,5.499785953,
42.05469865,,0.009838374,,0.0008394,0.008998974,9.139134192,
41.79261924,,0.008178178,,0.00115719,0.007020988,8.768726268,
35.93578567,,0.012984282,,0.001195429,0.011788853,7.799244177,
31.95986483,,0.009519899,,0.001291658,0.008228241,7.233520173,
38.79718255,,0.01455836,,0.000824814,0.013733545,8.653594039,
31.05179701,,0.008976475,,0.001209922,0.007766553,6.690461634,
31.60245929,0.010816709,0.009698625,,0.001082091,0.008616534,6.476177867,
36.97109462,0.007987321,0.009389248,,0.00114958,0.008239668,6.675808407,
11.56937051,0.022155533,0.014187499,,0.000975935,0.013211564,,
38.96342535,0.00644684,0.009498011,,0.001058086,0.008439925,7.564873418,
31.64713699,0.00908847,0.008621369,,0.000814295,0.007807074,6.583589468,
29.27856158,0.019221891,0.015819606,,0.001246907,0.0145727,,
30.1637091,0.005851287,0.007941502,,0.000741606,0.007199896,5.915962646,
36.35888076,0.008945406,0.00903071,,0.000783549,0.008247161,7.17893987,
,0.016329488,0.015492452,,0.000784031,0.014708421,,
49.71652631,0.032325377,0.032454168,,0.001798412,0.030655756,,
30.2007837,0.018382348,0.017139316,,0.001189704,0.015949612,,
33.63680536,0.028535373,0.022180453,,0.001984375,0.020196078,12.82975918,
27.14757863,0.008878153,0.006956422,,0.00066736,0.006289062,5.87733433,
38.10504263,0.010032327,0.009231449,,0.0009044,0.008327048,7.192534205,
41.22511753,0.029415994,0.026821143,,0.001733203,0.02508794,13.41372569,
29.63518251,0.009011099,0.008319687,,0.000673325,0.007646361,6.557281901,
30.13926941,0.025379246,0.022693668,,0.001397611,0.021296057,13.86880539,
38.70640659,0.007036016,0.0082616,,0.000927206,0.007334394,6.714077529,
37.55059053,0.027124116,0.026328254,,0.001336892,0.024991362,,
34.83337087,0.011411438,0.009338138,,0.000856681,0.008481457,6.949131691,
42.59405548,0.006835538,0.009040509,,0.001087452,0.007953057,7.52916741,
33.68340762,0.009085778,0.009119176,,0.00098113,0.008138047,6.835408682,
39.64543562,0.029864781,0.025418507,,0.002086548,0.023331959,14.96612593,
39.99778767,0.042196878,0.037122569,,0.002494347,0.034628222,15.1655884,
31.10810449,0.038057316,0.029521602,,0.001924631,0.027596971,18.33145383,
39.95887736,0.038919278,0.033886256,,0.002543025,0.031343231,15.97648393,
31.70952715,0.021948331,0.014337927,,,,11.25425493,
36.21379591,0.007735233,0.009004069,,0.00102157,0.007982499,7.27314231,
38.53053433,0.036075033,0.025678607,,0.001552096,0.024126511,15.67623023,
39.59277073,0.03926008,0.030932452,,0.001962816,0.028969636,16.72934065,
34.7599626,0.034787832,0.022645007,,0.001727435,0.020917572,15.00636778,
56.78609345,0.045129642,0.028604364,,0.002052136,0.026552228,17.27589244,
32.91502525,0.008616972,0.008212053,,0.000778693,0.007433359,6.546847638,
43.20068404,0.042271387,0.029088047,,,,17.39922742,
36.91600897,0.033235255,0.021577111,,0.00223661,0.019340501,16.64959101,
47.13716672,0.036441909,0.025714652,,0.00176133,0.023953322,17.66106645,
41.76419155,0.008689228,0.008454847,,0.001059195,0.007395652,7.604238915,
42.4315939,0.006638755,0.00785709,,0.00082166,0.00703543,8.039778494,
26.72040312,0.006829833,0.006782374,,0.000754791,0.006027583,5.770665385,
44.11106672,0.042122501,0.025625841,,0.001478284,0.024147557,17.87765316,
40.08323377,0.006975802,0.007828839,,0.000898314,0.006930525,7.225571569,
37.63793582,0.008853323,0.010066929,,0.00083565,0.009231278,7.394596837,
35.42566271,0.009331282,0.007330988,,0.000459707,0.006871281,6.993083708,
33.00745895,0.01745452,0.01142535,,0.0012915,0.01013385,10.17224287,
35.9411682,0.029593028,0.023247552,,0.001789397,0.021458155,15.35929698,
40.38348117,0.008807693,0.008266349,,0.000728304,0.007538045,7.529430536,
35.7229612,0.01574628,0.01028634,,0.001024902,0.009261438,12.45223426,
44.10760212,0.006627112,0.007700095,,,,7.974355411,
37.75573456,0.01922218,0.0103039,,0.001181607,0.009122293,13.801431,
25.99221106,0.008714371,0.007316015,,0.000506765,0.00680925,5.563289034,
39.09377713,0.008109116,0.009600883,,0.000692511,0.008908372,7.913678131,
32.9032344,0.008322316,0.007213479,,0.000668251,0.006545227,6.508953621,
38.31271436,0.006297508,0.007371887,,0.000878354,0.006493533,6.888959036,
32.1529782,0.009109537,0.007965338,,0.000684351,0.007280987,6.885610004,
31.24400088,0.007859333,0.007870765,,0.000737658,0.007133106,6.470360661,
28.42045539,0.008039175,0.006204789,,0.000541303,0.005663486,5.930941375,
38.31760787,0.008812669,0.008216928,,0.000772347,0.007444581,7.297235264,
45.6129129,0.008639781,0.008333513,,0.00095186,0.007381653,8.153696224,
24.68378364,0.005627992,0.004847179,,0.000348924,0.004498255,5.5260842,
29.80701548,0.00443673,0.006435134,,0.000538365,0.005896769,6.21770265,
36.63460343,0.00830263,0.006570151,,0.000735971,0.005834181,7.309576816,
41.62292677,0.009760644,0.008973077,,0.00101016,0.007962917,8.243697558,
39.23943492,0.007468488,0.007294827,,0.000805567,0.00648926,7.330050784,
42.95485262,0.010085394,0.008548821,,0.000981826,0.007566995,8.184808579,
39.53766916,0.004440802,0.007360861,,0.000788237,0.006572624,7.974220608,
24.69403081,0.00664209,0.005371869,,0.000546893,0.004824976,5.651430781,
35.21665937,0.007639064,0.005965677,,0.000497664,0.005468013,6.853862609,
46.30585948,0.009302918,0.007781551,,0.000687939,0.007093612,8.868244773,
35.662693,0.007704053,0.007410228,,0.000829115,0.006581114,7.086562019,
54.00599699,0.007893275,0.007398619,,0.000975122,0.006423498,9.040524126,
56.95898661,0.009628275,0.009876628,,0.001314815,0.008561813,10.0560297,
46.48342695,0.005802601,0.00821347,,0.001311506,0.006901963,8.273542808,
36.41841106,0.007763088,0.005979166,,0.000391101,0.005588065,6.945350989,
39.00846095,0.009905213,0.007004414,,0.00069419,0.006310223,7.74937867,
49.04521153,0.008090967,0.007099175,,0.000820572,0.006278603,8.671428204,
50.42366587,0.010114539,0.008506309,,0.001131861,0.007374448,9.238099218,
47.24228292,0.008602287,0.006707163,,0.000822229,0.005884935,8.402920982,
25.84841206,0.005562997,0.004327372,,0.000390974,0.003936399,5.733636181,
36.92852335,0.00893839,0.006726364,,0.000750603,0.005975761,7.187165247,
46.20704657,0.007921973,0.007823637,,0.000783689,0.007039948,8.333324198,
44.88911069,0.008259867,0.007269439,,0.0007863,0.006483139,8.590959284,
37.09993625,0.007805325,0.005334824,,0.000519027,0.004815798,7.360514543,
49.48441748,0.010498651,0.006604008,,0.000718926,0.005885082,9.055638465,
30.36048735,0.00713896,0.006322453,,0.000585888,0.005736566,6.39859666,
55.97535903,0.008832933,0.008341358,,0.001076564,0.007264794,10.29789143,
32.42617173,0.005862585,0.005475241,,0.000431462,0.005043779,6.759671992,
37.96877118,0.007345086,0.005666406,,0.000612932,0.005053474,7.446531937,
46.12168852,0.010777722,0.007660361,,0.000964424,0.006695936,8.896239997,
51.19266134,0.010135834,0.008442161,,0.000980503,0.007461657,9.620077443,
42.46743434,0.009830702,0.00711165,,0.000759513,0.006352136,7.973258326,
48.05852852,0.010079901,0.006860856,,0.000957787,0.005903069,9.001493494,
49.75479742,0.010628087,0.009758783,,0.001308047,0.008450736,9.105460975,
45.26562173,0.007847555,0.006991433,,0.000777703,0.006213731,8.397193861,
63.02647826,0.009857046,0.008312884,,0.001266608,0.007046276,11.13722135,
32.82830088,0.005072693,0.004979075,,0.00039637,0.004582705,6.708087637,
52.81800003,0.011849662,0.007396273,,0.000900616,0.006495658,9.652942412,
38.0034099,0.007508683,0.005799085,,0.000672251,0.005126834,7.663947484,
51.07802452,0.010517626,0.005707954,,0.000612348,0.005095606,9.262317875,
44.66974651,0.010118442,0.005642927,,0.000509478,0.005133449,8.117526422,
59.39707544,0.006968835,0.006511657,,0.00109869,0.005412967,9.899011699,
48.15652392,0.008320744,0.006172932,,0.000651772,0.005521161,8.830864596,
44.60409134,0.008963172,0.007103589,,0.001041451,0.006062138,8.900254408,
38.3824744,0.006814499,0.005027193,,0.000429745,0.004597448,7.662251218,
46.04601582,0.00956871,0.007943136,,0.001222976,0.00672016,8.793389856,
53.83427877,0.008515097,0.005795821,,0.000672913,0.005122907,9.53503361,
47.71736901,0.008328099,0.0061877,,0.000626787,0.005560913,8.733107519,
61.60984488,0.009983064,0.00719596,,0.000826356,0.006369604,10.6934651,
17.3400979,0.00396622,0.00764455,,0.00049499,0.00714956,4.820424134,
38.23138529,0.009029637,0.009740614,,0.00110004,0.008640574,8.304973161,
13.26370732,0.007616783,0.008918501,,0.000560713,0.008357788,3.609629008,
28.37738912,0.008677497,0.00837316,,0.000932108,0.007441053,6.020147424,
19.97868095,0.006401628,0.00716064,,0.000638919,0.006521721,4.903343901,
24.09739397,0.007813254,0.009573757,,0.000739367,0.008834389,5.111438843,
,0.017973741,0.015515955,,,,,
26.76447412,0.019790797,0.008979122,3.212962055,,,7.547696358,0.968686196
24.74853403,0.012446343,0.00359777,3.715885375,,,7.6387921,1.183458544
28.7475392,0.014464697,0.004582706,2.905599209,,,8.451562485,1.138707777
68.18551947,0.019947869,0.007090204,1.650159684,,,11.62001715,2.169330615
37.09796539,0.012840751,0.004271898,3.242724716,,,9.023417861,1.673124118
29.29625649,0.012497959,0.002912943,4.332305929,,,8.748426166,1.030723475
32.97792168,0.010730474,0.003867542,2.618133643,,,7.920989256,1.416568852
42.52215804,0.020123155,0.005090673,2.272846154,,,12.04510322,1.335144561
27.5844285,0.013642396,0.003811472,1.855035968,,,8.623809006,1.287536996
37.67601888,0.029936883,0.005694342,3.985629249,,,10.91858869,1.116725575
49.51951783,0.017614144,0.003691983,3.225553406,,,11.36733485,2.203916684
29.37303977,0.012677043,0.004200823,5.134309486,,,8.897926897,1.237890976
39.93271752,0.018420571,0.005357782,5.041697416,,,10.95000196,1.752261677
65.58076382,0.017748975,0.005607826,0.597367194,,,12.11460323,1.600649004
28.84675716,0.019339371,0.002648356,4.6418,,,8.740200717,0.871428343
36.9835463,0.017558743,0.003661106,3.742598897,,,9.102526397,1.440179677
34.66482346,0.017322905,0.00237366,3.397279044,,,9.119797188,1.312453372
36.83426917,0.019526961,0.00277724,3.357968412,,,9.789430026,1.108106957
46.77649605,0.013931596,0.003428464,4.572313012,,,10.84199867,1.841728981
40.41117533,0.022792972,0.003346523,4.1615,,,10.79531257,1.5147519
11.39552854,,,0.185566772,,,5.237370171,0.898114386
26.9641431,0.017631523,0.008623366,3.403160953,,,7.59035155,0.943068951
24.80128858,0.012233248,0.003760415,4.173440607,,,7.723132358,1.150168938
28.34781914,0.013776628,0.004613465,3.421533347,,,8.362843953,1.13332355
67.26299066,0.018637691,0.006911706,2.288419846,,,11.68842464,2.088911436
34.53438166,0.012060752,0.00431911,3.894037603,,,8.957947219,1.611423618
28.81359031,0.012272288,0.003211286,4.192724298,,,8.818611137,1.03938171
32.59127447,0.010076904,0.003884174,3.246462203,,,8.093649623,1.383780847
40.78693099,0.019614151,0.005245072,2.751174825,,,11.80765352,1.342719993
26.6341299,0.013210577,0.004067795,2.303239401,,,8.46512874,1.243804766
36.7674536,0.029688653,0.005892743,4.141808737,,,10.76277878,1.052231379
46.01352367,0.016258335,0.003836118,3.240217105,,,11.0960983,2.022006727
28.85918498,0.012313273,0.004343945,5.421877346,,,8.927648595,1.244632136
36.40127244,0.018344562,0.005116348,4.91657104,,,10.5178251,1.818618854
64.51499952,0.017230393,0.005861777,0.911763095,,,11.97217215,1.60783379
26.15906687,0.015984426,0.002706881,4.0238,,,8.174988201,0.853262123
36.47055088,0.015121077,0.003578592,4.204001103,,,9.270984968,1.526747342
33.92166481,0.017047846,0.002697806,2.722846149,,,9.099317901,1.320270635
40.00152803,0.017779874,0.002915164,3.923863111,,,9.947849003,1.330279578
45.55877197,0.013716061,0.003374587,4.481435119,,,10.71617282,1.80954791
38.92696403,0.021138105,0.003468835,4.77375,,,10.91132889,1.542308473
13.93011518,,,0.299947806,,,5.575082154,0.893277194
27.13356608,0.015707787,0.008309201,3.585484044,,,7.619923515,0.919914237
24.76882552,0.012054091,0.003896756,4.581430518,,,7.780232533,1.117428376
27.99340277,0.013161998,0.004632154,3.897086998,,,8.280820441,1.126706506
66.46363893,0.017462541,0.006757285,2.880112503,,,11.75364076,2.0212197
32.19180842,0.01134384,0.004353515,4.485881643,,,8.883702827,1.548682441
28.36430429,0.01207779,0.003470766,4.061438902,,,8.873376745,1.047345872
32.27359121,0.009502207,0.003889339,3.822819014,,,8.240334269,1.353375679
38.96002508,0.01918194,0.005384474,3.149601399,,,11.53067527,1.335833557
25.8005255,0.012803207,0.004281703,2.705798045,,,8.319308142,1.206638504
35.99423441,0.02947204,0.006055076,4.284054275,,,10.62803735,0.998261899
42.95293939,0.015063631,0.003967817,3.269170666,,,10.86157784,1.860984239
28.39852904,0.012008694,0.004469857,5.680152195,,,8.953352694,1.250460478
33.24150721,0.018302923,0.004950892,4.784800375,,,10.12557124,1.871220177
63.42192478,0.016752376,0.006097657,1.202770709,,,11.83813111,1.613832709
19.41490343,0.014778601,0.002565471,3.5008,,,7.030633345,0.801445769
35.93890206,0.012983437,0.003502125,4.62901973,,,9.395465671,1.595767507
33.14658884,0.016726568,0.002952975,2.163385632,,,9.049222308,1.319848601
42.81463964,0.01618061,0.003039215,4.432610407,,,10.09553082,1.52670688
44.48197455,0.013530571,0.003330009,4.389625722,,,10.61304618,1.787605601
37.53944947,0.020078721,0.003799106,5.124666667,,,10.94060763,1.521565097
33.82634554,0.010653486,0.002742269,4.700901471,,,9.952183496,1.552383007
16.24303472,0.008671466,0.002675261,0.397018824,,,5.912575856,0.895493398
27.27274307,0.014019588,0.008036628,3.759931329,,,7.636412252,0.899222057
24.65114486,0.011908871,0.004006795,4.939855107,,,7.810092626,1.085236858
27.68429009,0.012620808,0.004638774,4.332260162,,,8.20549195,1.118856646
65.78746429,0.016422421,0.006626941,3.425237653,,,11.81566551,1.966255405
30.07024566,0.010690014,0.004375113,5.018256837,,,8.800684686,1.484900589
27.94839843,0.011914465,0.003691384,3.93844974,,,8.91272299,1.054615961
32.02487189,0.009006385,0.003883039,4.347204076,,,8.361043194,1.325353351
37.04144032,0.018826523,0.005508878,3.468125874,,,11.21416848,1.314485253
25.0836153,0.012420286,0.004453195,3.062711899,,,8.186347211,1.176038208
35.35636132,0.029287044,0.006181341,4.412365862,,,10.51436442,0.954817133
40.33776498,0.014030031,0.004087079,3.312414087,,,10.66377346,1.720849222
27.99107194,0.011763306,0.004578557,5.909134034,,,8.975039193,1.255376001
30.45342183,0.018295656,0.004861413,4.646385421,,,9.773240382,1.910065646
62.3015396,0.016314924,0.006315466,1.470390035,,,11.71248013,1.618645761
8.614266842,0.015721895,0.002224124,3.0728,,,5.30713615,0.715979279
35.38859982,0.011145823,0.003431707,5.017654779,,,9.475968505,1.647240174
45.27360399,0.014729168,0.003149394,4.884210302,,,10.23247548,1.697388864
43.54610378,0.013375125,0.003294727,4.29688482,,,10.53261873,1.775902053
36.24863164,0.019614821,0.004337336,5.21425,,,10.88314878,1.452521772
32.27034476,0.010499361,0.002929116,4.749754412,,,9.680923126,1.484379487
27.38167406,0.012566928,0.007805646,3.926502808,,,7.639817762,0.880992408
24.44824659,0.01179759,0.00409053,5.248714375,,,7.812712635,1.053594385
27.42048111,0.012153057,0.004633324,4.72705284,,,8.136858478,1.109773969
65.23446673,0.015517329,0.006520673,3.923795299,,,11.8744989,1.924018552
28.16969338,0.010099274,0.004383905,5.491163184,,,8.708892795,1.420078061
27.56587274,0.011782312,0.003873139,3.823756813,,,8.936649872,1.061191976
31.84511651,0.008589436,0.003865273,4.819617389,,,8.455776398,1.299713862
35.03117669,0.018547898,0.005618284,3.706748252,,,10.85813315,1.27867508
24.48339931,0.012061815,0.00458227,3.373980965,,,8.066245947,1.152003879
34.85383433,0.029133666,0.00627154,4.526743499,,,10.42175999,0.921897082
38.16800044,0.013157537,0.004193906,3.369947368,,,10.50268515,1.601601675
27.6368137,0.01157711,0.004670047,6.108822862,,,8.992708093,1.259378707
28.03701629,0.018322759,0.004847913,4.501326178,,,9.460832526,1.935155259
61.15384399,0.015918038,0.006515205,1.714621073,,,11.59521919,1.622272946
34.81964417,0.009608237,0.003367337,5.36990625,,,9.51249347,1.681165341
47.37842108,0.013425548,0.003245701,5.278662794,,,10.35868298,1.842325529
42.75115967,0.013249725,0.003268743,4.203212413,,,10.47489049,1.774437268
35.05451056,0.019746405,0.005083524,5.0425,,,10.73895234,1.335178499
30.8837053,0.010376081,0.003099305,4.792235747,,,9.43724631,1.424907827
27.46035905,0.011349806,0.007616256,4.085198481,,,7.630140045,0.865225292
24.16013071,0.011720246,0.004147962,5.508008321,,,7.788092561,1.022500957
27.20197583,0.011758745,0.004615804,5.08146503,,,8.074920026,1.099458476
64.80464625,0.014747266,0.006438482,4.375785438,,,11.93014091,1.894509141
26.49015158,0.00957162,0.00437989,5.904600684,,,8.608327154,1.354214857
27.2167272,0.011681333,0.004016031,3.717360121,,,8.945157392,1.067073918
31.73432508,0.008251361,0.003836042,5.240058953,,,8.524533881,1.276457211
32.92923421,0.018346066,0.005712693,3.865468531,,,10.46256929,1.228403039
23.99987752,0.011727793,0.004668928,3.639605242,,,7.95900435,1.134535517
34.48665345,0.029011904,0.006325671,4.627187185,,,10.35022405,0.899501747
36.44364578,0.012446147,0.004288296,3.441770511,,,10.37831293,1.503241598
27.3357543,0.011450104,0.004744326,6.279218681,,,9.006359392,1.262468594
25.99229059,0.018384233,0.004910391,4.349622647,,,9.188347672,1.946489018
59.97883795,0.015561718,0.006696874,1.935463824,,,11.4863483,1.624714264
34.23203511,0.008370676,0.003309015,5.685774142,,,9.505040566,1.69754301
42.09714222,0.013154369,0.003252056,4.108608501,,,10.43986145,1.783211244
33.95708621,0.020473472,0.006037671,4.609416667,,,10.50801832,1.169535276
29.66642715,0.010283648,0.003252838,4.828345475,,,9.221153048,1.373968026
44.015923,0.011120077,0.003012904,2.613833333,,,10.56141058,1.821228878
27.50879805,0.010368222,0.007468458,4.236018348,,,7.6073791,0.851920708
23.78679723,0.01167684,0.004179091,5.717736946,,,7.736232404,0.991956573
27.02877423,0.011437873,0.004586215,5.395496734,,,8.019676594,1.087910167
64.49800286,0.014112232,0.006380367,4.781208072,,,11.98259155,1.877727171
25.03162027,0.009107053,0.004363069,6.258569337,,,8.498987764,1.287310977
26.90096182,0.011611526,0.00412006,3.619259663,,,8.938245548,1.072261787
31.69249759,0.00799216,0.003795344,5.608528767,,,8.567315642,1.255583399
30.73561287,0.018221027,0.005792104,3.944286713,,,10.02747688,1.163669129
23.63304993,0.011418221,0.004713171,3.859584731,,,7.86462242,1.123633122
34.25481866,0.028921761,0.006343735,4.713696921,,,10.29975661,0.887631126
35.16470099,0.011895863,0.00437025,3.527883514,,,10.29065679,1.425768991
27.08789375,0.011382289,0.004801395,6.420321489,,,9.015993091,1.264645664
24.31924474,0.018480077,0.005048847,4.191274827,,,8.95578582,1.944066923
58.77652148,0.015245963,0.006860472,2.132918286,,,11.38586745,1.625969715
33.62577264,0.007433143,0.003256741,5.965258456,,,9.453609794,1.69637318
28.61851032,0.010222061,0.003389713,4.858083597,,,9.03264334,1.331560086
40.73031583,0.010903601,0.003392806,2.87325,,,10.43740353,1.582356432
31.18019107,0.020222731,0.002936407,2.530965035,,,9.178110102,1.025864465
27.52699105,0.009622176,0.007362251,4.378962409,,,7.571534927,0.841078657
23.32824614,0.011667371,0.004183916,5.87790025,,,7.657132165,0.961961234
26.90087633,0.011190439,0.004544555,5.669147951,,,7.971128182,1.075129041
64.31453655,0.013612227,0.006346329,5.1400632,,,12.03185083,1.873672644
23.79409944,0.008705572,0.004333441,6.553069143,,,8.380874624,1.219366422
26.61857661,0.011572892,0.004185227,3.52945544,,,8.915914342,1.076755583
31.71963405,0.007811832,0.003743181,5.925026832,,,8.584121683,1.237092425
28.45031267,0.01817278,0.005856518,3.943202797,,,9.552855932,1.084473351
23.38291654,0.011133098,0.004714997,4.03391943,,,7.783100157,1.119296694
34.15832998,0.028863234,0.006325732,4.786272706,,,10.27035766,0.886285221
34.33116607,0.011506683,0.004439769,3.628286378,,,10.23971672,1.369183855
26.89323205,0.011373666,0.004841252,6.532131288,,,9.02160919,1.265909915
23.01787873,0.018610293,0.005263282,4.026282719,,,8.763146969,1.927888973
57.54689456,0.014970774,0.007006,2.30698446,,,11.29377666,1.626039298
33.00085676,0.006795636,0.003210515,6.208359191,,,9.358201154,1.677655851
27.73995481,0.010191321,0.003509931,4.881450113,,,8.871717187,1.297684006
38.02345736,0.01073516,0.003666325,2.97175,,,10.30480142,1.4154789
24.48262588,0.007444387,0.00425538,0.622723689,,,7.596770144,1.012375351
30.6734715,0.01864833,0.00316043,3.239404196,,,9.307175197,1.178081749
41.41673432,0.013087512,0.002226038,0.783708333,,,9.390030539,0.866319775
27.51493805,0.009111668,0.007297636,4.514030664,,,7.522607527,0.832699138
22.78447745,0.011691841,0.004162439,5.988498232,,,7.550791842,0.932514939
26.81828212,0.011016445,0.004490827,5.902418681,,,7.92927479,1.061115099
64.25424732,0.013247251,0.006336368,5.452350822,,,12.07791873,1.882345558
22.77758909,0.008367178,0.004291006,6.788100103,,,8.253987734,1.150381191
26.36957155,0.011565432,0.004211531,3.447947452,,,8.878163772,1.080555306
31.81573445,0.007710378,0.003679552,6.189553148,,,8.574952002,1.220984291
26.07333361,0.018201327,0.005905933,3.862216783,,,9.038706446,0.990815705
23.24947736,0.010872424,0.004674407,4.162609341,,,7.714437561,1.121526233
34.1971874,0.028836325,0.006271662,4.844914541,,,10.26202721,0.895464031
33.94304103,0.011278608,0.004496851,3.742979102,,,10.22549274,1.333486189
26.7517692,0.011424233,0.004863898,6.614648076,,,9.02320769,1.266261348
22.08819256,0.018774879,0.005553694,3.854646322,,,8.61043112,1.897955168
56.28995722,0.01473615,0.007133458,2.457662347,,,11.21007591,1.624923015
32.35728747,0.006458156,0.003170337,6.415076348,,,9.218814645,1.641391023
27.82586906,0.013828316,0.003035487,1.221042466,,,8.126706321,1.14429114
27.03076062,0.010191427,0.003613491,4.898445023,,,8.738374587,1.272339786
35.89534758,0.010614752,0.003833461,2.909333333,,,10.16360424,1.320596283
25.46554281,0.007173245,0.004044528,0.615934616,,,7.932954158,1.056911928
30.23691626,0.017375804,0.003352838,3.745414452,,,9.403072299,1.314061087
38.39620628,0.013116637,0.002250804,1.858291667,,,9.320611597,0.883358995
27.47263906,0.008836698,0.007274612,4.641223112,,,7.4605969,0.826782152
22.15549115,0.011750248,0.004114658,6.049530892,,,7.417211437,0.903617689
26.78099161,0.01091589,0.004425028,6.095308924,,,7.894116418,1.04586834
64.31713517,0.013017303,0.006350483,5.718070938,,,12.12079527,1.903745915
21.98208923,0.00809187,0.004235765,6.963662216,,,8.118327095,1.080355284
26.15394666,0.011589144,0.004198972,3.374735698,,,8.82499384,1.083660955
31.9807988,0.007687798,0.003604456,6.402107714,,,8.5398066,1.207258995
23.60467569,0.018306667,0.005940352,3.701328671,,,8.48502842,0.882696191
23.23273238,0.0106362,0.004591401,4.245654462,,,7.658634632,1.130321739
34.37139092,0.028841033,0.006181524,4.889622426,,,10.27476525,0.915167555
34.00032586,0.011211638,0.004541497,3.871961687,,,10.24798483,1.318675993
26.6635052,0.011533991,0.004869334,6.667871854,,,9.02078859,1.265699963
21.53018624,0.018973836,0.005920084,3.676365636,,,8.497638273,1.854265509
55.00570944,0.014542092,0.007242845,2.584951945,,,11.13476521,1.622620864
31.69506476,0.006420702,0.003136206,6.585409926,,,9.035450267,1.587578697
26.82737177,0.01318351,0.002807821,1.466388594,,,7.869296585,1.086194022
26.49092775,0.010222379,0.003700394,4.909068326,,,8.632615542,1.255527425
34.34598648,0.010542379,0.003894215,2.686,,,10.01381198,1.297708581
26.22679263,0.006893527,0.00365805,0.591835529,,,8.268919891,1.108501901
29.87052536,0.016405152,0.003513632,4.048995804,,,9.465801408,1.43380248
35.5465995,0.013077487,0.002261671,2.621375,,,9.172339029,0.883893027
27.40009407,0.008797266,0.007293179,4.760539755,,,7.385503045,0.823327697
21.44128725,0.011842594,0.004040574,6.060998232,,,7.256390948,0.875269483
26.78900479,0.010888775,0.00434716,6.247818681,,,7.865653066,1.029388765
64.50320011,0.012922384,0.006388674,5.937223549,,,12.16048043,1.937873713
21.40759985,0.007879648,0.004167717,7.079755482,,,7.973892706,1.009288702
25.97170193,0.011644029,0.004147551,3.309820179,,,8.756404545,1.086072531
32.2148271,0.007744092,0.003517896,6.562690531,,,8.478685476,1.195916538
21.04433891,0.018488799,0.005959772,3.460538462,,,7.891821855,0.760114808
23.3326816,0.010424425,0.004465978,4.283054795,,,7.61569137,1.145683212
34.68094053,0.028877358,0.006055319,4.920396359,,,10.30857179,0.945395795
34.50302056,0.011305773,0.004573707,4.015234133,,,10.30719301,1.324753268
26.62844005,0.01170294,0.004857559,6.691802621,,,9.014351889,1.26422576
21.34385976,0.019207164,0.006362453,3.491440661,,,8.424768428,1.796819995
53.69415123,0.0143886,0.007334162,2.688853256,,,11.06784455,1.619132847
31.01418865,0.006683275,0.003108124,6.719359926,,,8.80810802,1.516218871
25.79695715,0.012492485,0.002511179,1.8267071,,,7.582270544,1.019857605
26.12045619,0.010284178,0.00377064,4.913320023,,,8.55444005,1.247246925
33.37537407,0.010518039,0.003848585,2.30175,,,9.855424652,1.346815794
26.76637536,0.006605234,0.003095946,0.550426426,,,8.604667342,1.167145269
29.5742988,0.015736375,0.003642811,4.150148252,,,9.495362523,1.537305928
32.86791398,0.012970062,0.00225864,3.072958333,,,8.945212834,0.867921871
27.29730308,0.008993372,0.007353338,4.871980591,,,7.297325962,0.822335775
20.64186574,0.011968877,0.003940186,6.02290025,,,7.068330377,0.847470322
26.84232167,0.010935098,0.004257222,6.359947951,,,7.843884733,1.011676374
64.81244213,0.012962494,0.006450943,6.109808654,,,12.19697423,1.984728953
21.05412095,0.007730512,0.004086862,7.136379902,,,7.820684567,0.937181443
25.82283736,0.011730087,0.004057267,3.253200895,,,8.672395886,1.087790034
32.51781933,0.00787926,0.003419869,6.6713016,,,8.391588632,1.186956919
18.39232327,0.018747725,0.005964196,3.139846154,,,7.25908675,0.623071557
23.54932502,0.010237099,0.004298139,4.274810339,,,7.585607775,1.167610652
35.12583625,0.028945301,0.005893047,4.937236343,,,10.36344682,0.98614875
35.45112513,0.011561013,0.004593481,4.17279644,,,10.40311726,1.351718012
26.64657375,0.011931081,0.004828573,6.686440379,,,9.003897589,1.261838739
21.52921312,0.019474862,0.006880799,3.299871398,,,8.391821584,1.725618626
52.35528258,0.014275673,0.007407408,2.769366278,,,11.00931395,1.614458962
30.31465912,0.007245874,0.00308609,6.816926348,,,8.536787905,1.427311547
24.7346252,0.011755242,0.002145561,2.301997983,,,7.265628196,0.945281892
25.91934595,0.010376823,0.003824228,4.911200113,,,8.503848113,1.247498284
32.98351035,0.010541733,0.003696573,1.756583333,,,9.688442253,1.467917921
27.08429098,0.006308365,0.002358216,0.491707309,,,8.940196513,1.232842033
29.34823657,0.015369473,0.003740375,4.048871795,,,9.491755644,1.624571431
30.36014974,0.012794361,0.002241711,3.213041667,,,8.639233013,0.835445528
27.16426609,0.009425016,0.007455089,4.975545621,,,7.196065652,0.823806386
19.75722662,0.012129097,0.003813496,5.935236946,,,6.853029722,0.820220206
26.94094223,0.011054861,0.004155215,6.431696734,,,7.828811421,0.992731167
65.24486124,0.013137633,0.006537287,6.235826253,,,12.23027665,2.044311635
20.92165253,0.007644462,0.003993201,7.133535475,,,7.658702678,0.864033509
25.70735295,0.011847318,0.00392812,3.204877845,,,8.572967865,1.088813464
32.88977552,0.008093301,0.003310376,6.727940918,,,8.278516067,1.18038014
23.88266265,0.010074223,0.004087884,4.220921094,,,7.568383847,1.196104058
35.70607807,0.029044861,0.005694708,4.940142376,,,10.43939034,1.03742642
36.84463958,0.011977358,0.004600819,4.344648607,,,10.5357576,1.399570227
26.71790629,0.012218412,0.004782376,6.651785126,,,8.989425689,1.258538899
50.9891035,0.014203311,0.007462584,2.826491013,,,10.95917339,1.60859921
29.59647618,0.0081085,0.003070105,6.878109191,,,8.221489921,1.320856724
51.46765644,0.008318185,0.003516751,6.376976259,,,10.98180525,2.07498738
41.46496643,0.013328134,0.003395575,3.420298985,,,10.83023588,2.131314404
25.88759703,0.010500315,0.00386116,4.902708597,,,8.48083973,1.256281504
29.19233868,0.015304445,0.003806324,3.745166434,,,9.454980773,1.695598988
28.02330676,0.012550385,0.002210883,3.041625,,,8.254399566,0.786463997
27.00098311,0.010092198,0.007598431,5.071234845,,,7.081722115,0.827739529
18.7873699,0.012323256,0.003660502,5.798008321,,,6.610488985,0.793519134
27.0848665,0.011248063,0.004041137,6.46306503,,,7.820433128,0.972553143
65.80045743,0.013447801,0.006647708,6.315276347,,,12.26038771,2.116621758
21.0101946,0.007621499,0.003886733,7.071222201,,,7.48794704,0.789844899
25.6252487,0.011995721,0.00376011,3.16485103,,,8.458120481,1.08914282
33.33069564,0.008386216,0.003189418,6.732608488,,,8.13946778,1.176186199
24.33269448,0.009935796,0.003835212,4.121387061,,,7.564019586,1.231163432
36.421666,0.029176038,0.005460301,4.929114458,,,10.53640237,1.099228805
38.6835639,0.012554807,0.004595721,4.530790635,,,10.70511401,1.468309912
26.84243769,0.012564934,0.004718968,6.587836863,,,8.970936189,1.254326242
23.01495938,0.020113372,0.008145427,2.896800006,,,8.445696902,1.541948325
49.59561398,0.014171516,0.007499689,2.86022746,,,10.91742288,1.601553591
28.85963984,0.009271153,0.003060167,6.902908456,,,7.862214069,1.196854401
41.93836223,0.013473137,0.003453266,3.318243035,,,10.97680047,2.221998474
26.02520942,0.010654653,0.003881433,4.887845475,,,8.485414901,1.273596583
,,,0.322339029,,,,
29.10660513,0.015541293,0.003840658,3.239032168,,,9.385037907,1.7503886
25.85738505,0.012238134,0.002166158,2.558708333,,,7.790712493,0.720977279
26.80745413,0.010994918,0.007783365,5.159048263,,,6.95429535,0.834135204
17.73229557,0.012551353,0.003481205,5.611214375,,,6.340708164,0.767367106
27.27409445,0.011514705,0.00391499,6.45405284,,,7.818749856,0.951142302
66.4792307,0.013892998,0.006782206,6.348158935,,,12.28730739,2.201659324
21.31974715,0.007661623,0.003767459,6.94944008,,,7.308417653,0.714615614
25.57652461,0.012175298,0.003553238,3.133120449,,,8.327853734,1.088778103
33.84057971,0.008758005,0.003056994,6.685304309,,,7.974443772,1.174375097
24.89942051,0.009821818,0.003540124,3.976208238,,,7.572514992,1.272788773
37.27260002,0.029338833,0.005189827,4.90415259,,,10.65448288,1.171555906
40.96789809,0.013293362,0.004578187,4.731222523,,,10.9111865,1.557937068
27.02016793,0.012970647,0.004638349,6.49459559,,,8.948429089,1.249200766
24.31535228,0.020484183,0.008891708,2.685297877,,,8.532519063,1.429479393
48.17481403,0.014180285,0.007518724,2.870575619,,,10.88406241,1.593322106
28.10415008,0.010733832,0.003056277,6.891324142,,,7.458960348,1.05530458
42.55268469,0.013648184,0.003520256,3.21525558,,,11.14606426,2.322921305
26.33218313,0.010839838,0.00388505,4.866610747,,,8.517573626,1.299443523
29.09103591,0.016080015,0.003843377,2.530468998,,,9.281927048,1.788940267
23.86238461,0.011857607,0.002107534,1.764291667,,,7.248171793,0.638985373
26.58367916,0.012133177,0.00800989,5.238985875,,,6.813785357,0.842993412
16.59200364,0.012813387,0.003275604,5.374855107,,,6.043687261,0.741764123
27.5086261,0.011854785,0.003776774,6.404660162,,,7.823761603,0.928498645
67.28118105,0.014473223,0.006940781,6.334474017,,,12.31103571,2.299424331
21.85031019,0.007764832,0.003635378,6.768189112,,,7.120114515,0.638345652
25.56118068,0.012386048,0.003307503,3.109686104,,,8.182167624,1.087719313
34.41942773,0.009208667,0.002913104,6.58602838,,,7.783444043,1.174946834
25.58284074,0.00973229,0.00320262,3.785384627,,,7.593870065,1.320980081
38.25888014,0.029533245,0.004883286,4.865256771,,,10.79363189,1.254407721
43.69764216,0.014193021,0.004548216,4.945944272,,,11.15397508,1.668451693
27.25109702,0.013435552,0.00454052,6.372061306,,,8.921904389,1.243162473
25.98742501,0.020889364,0.009713967,2.46715146,,,8.659264227,1.303254606
46.72670365,0.014229621,0.007519689,2.85753549,,,10.85909199,1.583904753
43.3079338,0.013853277,0.003596542,3.111336621,,,11.33802726,2.434082898
26.80851816,0.011055869,0.003872009,4.839004412,,,8.577315905,1.333822322
29.14563102,0.016920611,0.003814482,1.619476923,,,9.145648196,1.811253989
26.32965819,0.013506973,0.008278007,5.31104768,,,6.660192137,0.854314152
15.36649409,0.013109359,0.003043701,5.088930518,,,5.719426275,0.716710185
27.78846144,0.012268305,0.003626488,6.314886998,,,7.83546837,0.904622172
68.20630849,0.015188478,0.007123431,6.274221594,,,12.33157266,2.409916781
22.60188371,0.007931128,0.00349049,6.527469298,,,6.923037628,0.561035015
25.57921691,0.01262797,0.003022905,3.094547993,,,8.021062151,1.08596645
35.06723969,0.009738204,0.002757748,6.434780702,,,7.566468592,1.177901409
26.38295517,0.009667211,0.002822699,3.548916226,,,7.628084805,1.375737356
39.38050637,0.029759274,0.004540678,4.812427002,,,10.9538494,1.347784251
27.53522497,0.013959647,0.00442548,6.220234013,,,8.89136209,1.236211361
28.0311776,0.021328917,0.010612204,2.242360754,,,8.825932392,1.163273964
45.25128283,0.014319522,0.007502583,2.821107073,,,10.84251162,1.573301532
44.20410957,0.014088414,0.003682126,3.006486157,,,11.55268946,2.555483253
27.45421451,0.011302746,0.003842311,4.805026471,,,8.664641738,1.376732982
29.27039048,0.018063083,0.003753971,0.506055944,,,8.976201351,1.817329766
26.04539122,0.015116308,0.008587715,5.37523368,,,6.49351569,0.868097424
14.05576695,0.013439269,0.002785494,4.753440607,,,5.367925206,0.692205291
28.11360048,0.012755264,0.003464132,6.184733347,,,7.853870158,0.879512883
69.25461301,0.016038761,0.007330159,6.167401664,,,12.34891823,2.533136672
25.63063331,0.012901065,0.002699445,3.087706116,,,7.844537316,1.083519513
27.29976381,0.009626582,0.002400363,3.266803037,,,7.675159212,1.437060598
40.63747869,0.03001692,0.004162002,4.745663283,,,11.1351354,1.451685497
27.87255176,0.014542933,0.004293228,6.039113709,,,8.85680219,1.228347431
30.44661002,0.02180284,0.011586419,2.010925759,,,9.032523558,1.009537468
43.74855157,0.014449988,0.007467407,2.761290368,,,10.8343213,1.561512445
45.241212,0.014353597,0.003777007,2.900704187,,,11.79005086,2.68712237
25.73087825,0.01696118,0.008939015,5.431543874,,,6.313756015,0.884343229
12.6598222,0.013803117,0.002500984,4.368385375,,,4.989184053,0.668249442
28.48404321,0.013315663,0.003289706,6.014199209,,,7.878966965,0.853170777
70.42609461,0.017024073,0.007560963,6.014014229,,,12.36307244,2.669084005
25.71542986,0.013205334,0.002337122,3.089160474,,,7.652593117,1.080378504
28.33326665,0.009610402,0.00193561,2.939045059,,,7.735093286,1.504949807
42.02979712,0.030306184,0.00374726,4.664965613,,,11.3374899,1.566111457
28.2630774,0.01518541,0.004143766,5.828700395,,,8.81822469,1.219570683
42.21850989,0.01462102,0.007414161,2.678085375,,,10.83452103,1.548537491
39.66039807,0.010696191,0.0031374,4.800520471,,,10.99818626,1.168180386
46.41924108,0.014648824,0.003881186,2.793990714,,,12.05011146,2.829000249
25.38611929,0.019041591,0.009331906,5.479978261,,,6.120913113,0.903051566
11.17865984,0.014200902,0.00219017,3.933764822,,,4.583202818,0.644842637
28.89978964,0.0139495,0.003103211,5.803284585,,,7.910758792,0.825595855
71.7207533,0.018144414,0.007815843,5.814059289,,,12.37403528,2.81775878
25.83360658,0.013540775,0.001935936,3.098911067,,,7.445229555,1.076543421
29.48346369,0.009618671,0.00142844,2.565642292,,,7.807887027,1.579404983
43.55746164,0.030627065,0.003296449,4.570333992,,,11.56091289,1.691062133
28.70680189,0.015887079,0.003977094,5.588994071,,,8.775629591,1.209881117
40.66115777,0.014832618,0.007342844,2.571492095,,,10.8431108,1.53437667
36.45300626,0.011609903,0.003025621,4.337761932,,,10.96333637,0.926937272
47.73819683,0.014974095,0.003994662,2.686345735,,,12.33287127,2.981116889
29.53271992,0.009605884,0.01027533,,0.000996985,0.009278345,6.933428753,
22.06501897,0.013218164,0.009477433,,0.000466105,0.009011329,5.555063382,
19.8606187,0.03775974,0.03135664,,0.001835574,0.029521066,9.66240256,
,0.02967575,0.01308635,,0.000793392,0.012292958,,
41.32024087,0.007555727,0.010608053,,0.00102795,0.009580103,7.888322344,
19.1091775,0.005211723,0.007277731,,0.000243544,0.007034186,4.565972039,
25.51824285,0.007648927,0.00696315,,0.000670032,0.006293117,5.508163627,
24.5198072,0.013089353,0.008830125,,0.000586612,0.008243513,5.972478888,
30.7091984,0.011836428,0.006447853,,0.000259387,0.006188466,6.612545693,
48.48994062,0.034410165,0.04042803,,0.001726631,0.038701399,,
28.63233519,0.036511695,0.0368355,,0.002568659,0.034266841,8.835834669,
27.85308452,0.01124187,0.008675596,,0.000530744,0.008144851,5.904652221,
21.91807508,0.012498447,0.0079818,,0.000537301,0.007444499,5.505923988,
45.77363547,0.011978537,0.012427337,,0.001477908,0.010949429,8.846575645,
22.29951823,0.010157506,0.006310323,,0.000207091,0.006103232,5.23691605,
28.32418547,0.009420646,0.008539895,,0.000490945,0.00804895,5.800731844,
24.73463079,0.009715674,0.007228172,,0.000346109,0.006882063,5.446505206,
,0.007810914,0.010087519,,0.000383322,0.009704197,3.958901443,
32.01962987,0.009705248,0.008839394,,0.000462284,0.00837711,6.826175275,
45.19634721,0.011075493,0.011722139,,0.0014013,0.010320839,8.683582987,
20.65144653,0.008504242,0.007911746,,0.00036908,0.007542666,5.187968801,
26.98759064,0.00856255,0.008345737,,0.000485791,0.007859946,5.741659477,
37.44893517,0.00914196,0.009569364,,0.000893674,0.00867569,7.429318827,
43.42111596,0.036337869,0.012181822,,0.000876518,0.011305304,10.33523033,
29.89987414,0.010407983,0.009030192,,0.000532348,0.008497845,7.087812845,
46.09915175,0.01314729,0.012450928,,0.000980633,0.011470296,8.918686416,
32.05228869,0.010986165,0.009050504,,0.000506339,0.008544165,6.729458821,
27.96687374,0.011564943,0.008157709,,0.000523164,0.007634545,6.537194434,
31.55988282,0.016416164,0.007267801,,0.000449256,0.006818545,6.831086078,
28.910993,0.00901845,0.004994635,,0.000610052,0.004384583,6.071028957,
30.26447936,0.012736369,0.006974999,,0.000597032,0.006377967,6.406514502,
23.03496927,,0.012738191,,0.000727753,0.012010438,5.808560294,
30.46355152,0.010786965,0.00749941,,0.000375084,0.007124326,6.228887681,
34.4902402,0.017131993,0.012941733,,0.000700157,0.012241575,7.344216507,
46.81763637,0.014528287,0.009895412,,0.000650419,0.009244993,9.229795906,
36.31077415,0.012244732,0.003387717,,0.00019411,0.003193607,7.171106765,
25.90287305,0.009874987,0.012217744,,0.000961517,0.011256227,6.341134238,
40.338529,0.01152101,0.010248032,,0.000881244,0.009366788,7.696153899,
30.66991158,0.01081941,0.0070431,,0.000279745,0.006763356,6.290126705,
48.70566141,0.011893275,0.009717682,,0.000916811,0.008800871,8.952130197,
28.34026989,0.010916366,0.008113934,,0.000422069,0.007691865,6.367363647,
32.1630357,0.016146982,0.007898205,,0.000574465,0.00732374,6.985336328,
39.72592605,0.015737392,0.010026756,,0.000807223,0.009219533,7.596316635,
24.81776678,0.005899541,0.009033516,,0.000572526,0.008460991,5.645782601,
32.58728918,0.009890554,0.006967448,,0.00029458,0.006672868,6.569044864,
22.55140358,0.008916386,0.005797363,,0.000390369,0.005406994,5.519917596,
37.87293234,0.010707695,0.006456519,,0.000239002,0.006217517,7.590433478,
23.85059799,0.005591062,0.007909786,,0.000409355,0.007500431,5.857362727,
37.3300499,0.012855948,0.009156683,,0.000829454,0.008327229,7.392638555,
34.23900353,0.01188332,0.006072295,,0.000316821,0.005755474,6.856125178,
35.1686092,0.016920014,0.009516127,,0.000780466,0.008735661,8.011222698,
42.73383427,0.012800733,0.007437152,,0.000536636,0.006900515,8.46339638,
41.16818092,0.011407092,0.009999166,,0.000854371,0.009144795,8.475199532,
48.28378503,0.009642438,0.010394469,,0.00123228,0.009162188,8.904152816,
28.40459198,0.008129856,0.008241844,,0.000487438,0.007754406,6.372390023,
29.49190752,0.015258159,0.008711727,,0.000610718,0.008101009,7.152239722,
24.00663253,0.00812021,0.008151647,,0.000555115,0.007596531,6.019155381,
31.08832389,0.011287321,0.007128572,,0.000284165,0.006844408,6.405994119,
32.09416341,0.010676871,0.007111679,,0.000439578,0.006672101,7.255596227,
39.36895573,0.009337694,0.008015318,,0.000984198,0.00703112,7.677707064,
38.9763826,0.009255582,0.00856092,,0.000903945,0.007656976,7.321417823,
33.17318532,0.011442399,0.006349363,,0.000417033,0.005932331,6.726797636,
33.74224431,0.01249474,0.008388331,,0.000695416,0.007692916,6.945215156,
29.27034408,0.011374963,0.007837631,,0.000354511,0.00748312,6.333595696,
30.32721665,0.010028636,0.007301227,,0.000351726,0.006949501,6.284253294,
26.89976386,0.006432265,0.006300925,,0.000508936,0.005791989,6.345808313,
40.5833377,0.010260538,0.012668778,,0.000780373,0.011888405,8.344090176,
47.68126125,0.031999997,0.008529441,,0.000646838,0.007882603,10.35640463,
22.40289331,0.008259634,0.006751482,,0.000499815,0.006251667,5.254478737,
35.09343805,0.013973119,0.006555309,,0.000854453,0.005700856,7.063392506,
37.57758992,0.017648971,0.010649956,,0.000995102,0.009654854,8.263259598,
30.73673969,0.012486627,0.00840433,,0.000513062,0.007891268,6.626103254,
23.26644192,0.007555703,0.005543571,,0.000717786,0.004825785,5.668589425,
52.20110396,0.024775381,0.010544521,,0.000764551,0.009779969,11.03110412,
38.63758147,0.014522284,0.010905338,,0.000620245,0.010285093,8.031955182,
45.7183604,0.014522753,0.008776785,,0.000715713,0.008061073,8.581705337,
29.13755456,0.005182097,0.00801092,,0.000511108,0.007499812,6.610113257,
44.54105535,0.008354194,0.008602618,,0.000957227,0.00764539,8.976206021,
43.62984934,0.010928372,0.01088486,,0.001829785,0.009055075,8.624204228,
36.81809814,0.014389088,0.007010758,,0.000477186,0.006533572,7.473569251,
37.33369281,0.012114736,0.00650473,,0.000294359,0.006210371,7.550829674,
34.63040143,0.010021071,0.006390784,,0.000437837,0.005952947,6.698569282,
31.53713808,0.010074498,0.008519628,,0.000634653,0.007884975,7.247623256,
44.15603969,0.010554868,0.007944542,,0.000867153,0.007077389,8.584868691,
37.19812123,0.018490976,0.009125331,,0.000643746,0.008481584,8.376601272,
32.6609927,0.005737618,0.006397272,,0.000453142,0.00594413,7.10969105,
44.33091534,0.012827901,0.008735969,,0.001189107,0.007546862,8.680490355,
34.31457426,0.009513149,0.008714725,,0.000740367,0.007974358,7.686326956,
53.6891102,0.01008681,0.008918287,,0.000955399,0.007962888,9.801610131,
59.36479907,0.013089425,0.012225196,,0.001067336,0.01115786,11.33385529,
38.82161074,0.011461509,0.007089412,,0.000570668,0.006518744,7.501449755,
31.98741689,0.005710616,0.00536311,,0.00056435,0.00479876,6.469019962,
42.68088856,0.007829762,0.007355696,,0.001036001,0.006319695,8.75089462,
39.3252792,0.010476026,0.006392472,,0.000335248,0.006057224,7.565681803,
36.23273658,0.011515868,0.005758958,,0.000416081,0.005342877,7.518115329,
30.93598877,0.008191144,0.007330964,,0.000943653,0.006387311,7.198683199,
60.34127666,0.01439311,0.011466658,,0.002061151,0.009405507,11.58015763,
40.81370623,0.011832296,0.008503097,,0.000726804,0.007776292,8.081868988,
40.34960137,0.011073202,0.007146953,,0.000344154,0.0068028,7.606162054,
45.56661853,0.01208096,0.009599519,,0.001658105,0.007941414,9.124919551,
57.29505218,0.017707213,0.010903049,,0.000897927,0.010005122,10.79747418,
58.93340727,0.012627604,0.012334159,,0.001494245,0.010839914,11.33572401,
60.74723336,0.013269821,0.009113876,,0.001251541,0.007862335,10.9386158,
58.99371586,0.014442355,0.010161557,,0.001134082,0.009027475,10.66630238,
38.05909757,0.019295962,0.007337102,,0.000575735,0.006761367,8.549381153,
64.26183693,0.013565005,0.006621418,,0.000513281,0.006108137,11.5577116,
55.07063381,0.008576429,0.00981415,,0.001143757,0.008670393,10.18470838,
36.21297349,0.009169042,0.005568531,,0.000432837,0.005135694,7.517919116,
49.58381341,0.011267511,0.007213355,,0.001380554,0.005832801,9.295728155,
30.81777137,0.010295932,0.00550868,,0.000329091,0.00517959,6.80029625,
55.06897389,0.014183823,0.009391077,,0.000910127,0.00848095,10.00806222,
53.68445986,0.013095345,0.010444422,,0.001259669,0.009184753,10.58980672,
31.56958826,0.015294673,0.005881252,,0.000470313,0.005410939,6.874740237,
35.95132517,0.018110868,0.008280603,,0.000629024,0.007651579,8.282072037,
33.05131213,0.008728278,0.00460901,,0.000308549,0.004300461,7.157418364,
40.57822291,0.013639679,0.006364005,,0.000700581,0.005663424,8.452976291,
43.87211295,0.016210276,0.005863226,,0.000882166,0.004981059,9.135750812,
38.16752495,0.008698186,0.005798647,,0.000409908,0.005388739,7.90090441,
42.88400003,,,,,,8.556155338,
31.73553447,0.00656282,0.006961026,,0.000447521,0.006513505,7.108819471,
62.58579375,0.010809535,0.009421391,,0.00130262,0.008118771,11.22411894,
60.2540109,0.008380249,0.008968537,,0.001181109,0.007787428,11.12219402,
32.58796674,0.0090765,0.005527341,,0.000420566,0.005106774,6.806711568,
60.54179436,0.009598597,0.010297745,,0.001467274,0.008830471,11.5679645,
26.89653077,0.00828299,0.004852128,,0.000469032,0.004383096,6.435546934,
48.82051564,0.011020624,0.008220409,,0.00142032,0.006800089,9.476225352,
36.35749145,0.012634548,0.004580581,,0.00035653,0.004224051,7.745015397,
38.47286498,,0.006160592,,0.000753712,0.00540688,7.657986815,
53.61911901,0.018539862,0.006125137,,0.000472875,0.005652262,10.84840884,
61.93341765,0.011170176,0.008713719,,0.001236464,0.007477255,11.15538336,
56.79319697,0.020510943,0.00863174,,0.000534502,0.008097238,11.45133901,
44.33475177,0.009869836,0.007580625,,0.000908226,0.006672398,9.139758667,
38.27636724,0.0070555,0.005816689,,0.000485257,0.005331432,8.308969588,
53.17274893,0.012483272,0.007435208,,0.001590354,0.005844854,9.827148833,
65.33955863,0.014933688,0.006278418,,,,12.02096233,
47.62645629,0.011052296,0.006017356,,0.000798819,0.005218537,9.217863963,
40.80777441,0.007269516,0.011456842,,0.000788035,0.010668807,7.94440731,
21.89921685,0.005665737,0.010861198,,0.000690278,0.01017092,5.46816503,
27.26611734,0.01154336,0.007437315,,0.00055045,0.006886865,6.667456509,
28.72944891,0.010846568,0.008994525,,0.000434246,0.008560278,6.119927739,
18.29616274,0.008991142,0.006414391,,0.00027567,0.006138722,,
39.02659455,0.035459983,0.011444002,,0.000551152,0.01089285,8.585517723,
23.41441683,0.011313641,0.010633022,,0.000612537,0.010020486,5.351702393,
,,,,,,,
29.89807341,0.010379449,0.006845209,,0.000449492,0.006395717,6.285912672,
40.71222327,,,,,,7.831298771,
32.74812657,0.015538242,0.013758211,,0.000926424,0.012831786,,
33.75386632,0.023896956,0.012288469,,0.00049526,0.011793209,7.232224433,
26.52871389,0.009846476,0.010247116,,0.000395959,0.009851156,5.731478003,
19.3878465,0.008365615,0.00946835,,0.000373529,0.009094821,5.584700788,
30.7743883,,,,,,6.726475263,
,0.012600433,0.006468348,,0.000438238,0.00603011,,
,0.014415028,0.006861121,,0.000481197,0.006379925,,
,0.01837053,0.007687863,,0.000465098,0.007222765,,
,0.022138441,0.00888873,,0.000477848,0.008410882,,
,0.012284694,0.006028667,,0.000435721,0.005592947,,
,0.012186353,0.005867211,,0.000412328,0.005454883,,
,0.011697405,0.006883031,,0.000374344,0.006508687,,
,0.011927498,0.007091494,,0.000423244,0.00666825,,
,0.009611276,0.006839296,,0.000457937,0.006381359,,
,0.014210236,0.007340853,,0.000449738,0.006891115,,
,0.013508561,0.006914377,,0.000362422,0.006551955,,
,0.01706233,0.009349198,,0.000421345,0.008927854,,
,0.015088609,0.00658382,,0.000823125,0.005760695,,
,0.015269641,0.006352097,,0.000484695,0.005867402,,
,0.00996468,0.005838145,,0.000578228,0.005259917,,
,0.012736185,0.005388143,,0.0002884,0.005099742,,
,0.014081507,0.004107583,,0.000597161,0.003510422,,
,0.009278213,0.004092705,,0.000449737,0.003642968,,
,0.009240221,0.005669718,,0.000443605,0.005226113,,
,0.01064686,0.006010364,,0.000449354,0.005561009,,
,0.010707649,0.006244757,,0.000551389,0.005693368,,
,0.012783746,0.007111616,,0.000464272,0.006647344,,
,0.011514199,0.007905547,,0.000551025,0.007354522,,
21.76123726,0.009400236,0.006168526,,0.000412428,0.005756098,5.52383784,
,0.014315776,0.008112725,,0.000479701,0.007633024,,
19.13201172,0.01426808,0.01469058,,0.000746572,0.013944008,,
21.94409842,0.01629136,0.01484685,,0.000766375,0.014080475,9.583142831,
25.44580679,0.045849256,0.029643624,,0.00200591,0.027637714,17.64352268,
33.16894754,0.02514842,0.017889876,,0.000839857,0.017050019,11.90095906,
22.67426185,0.02223607,0.016945346,,0.000974532,0.015970814,,
43.41478451,0.039656904,0.02529579,,0.001651915,0.023643875,17.07012587,
29.03989281,0.024538093,0.019450339,,0.000997244,0.018453095,10.69045543,
44.58215524,0.038660618,0.030226122,,0.001523134,0.028702988,21.56729137,
51.92459921,0.007743545,0.00913874,,0.001241298,0.007897442,8.779777308,
50.60197149,0.010938475,0.010855173,,0.000975921,0.009879252,9.363662559,
50.32258438,0.012624579,0.010134826,,0.00099726,0.009137566,9.071426111,
59.51127902,0.008590872,0.008109102,,0.001121664,0.006987438,10.31491414,
45.26884242,0.009756525,0.007762873,,0.001065077,0.006697797,8.183508092,
42.76148536,0.009632188,0.008018586,,0.000670336,0.00734825,7.841013705,
63.48542049,0.010957604,0.01025812,,0.001330613,0.008927507,11.31892714,
56.45796692,0.009659201,0.007806715,,0.000850792,0.006955924,9.811232104,
46.99621579,0.006329274,0.006751736,,0.000802788,0.005948948,8.752329207,
59.13720902,0.011146269,0.009486998,,0.001220582,0.008266416,10.77047369,
56.07144424,0.012013665,0.010760444,,0.000599148,0.010161296,10.20141821,
54.53884563,0.009624937,0.007623786,,0.000937112,0.006686674,9.822485186,
54.87315016,0.010308533,0.008865426,,0.00094808,0.007917346,10.26130668,
46.99057284,0.009404959,0.007977195,,0.000895667,0.007081528,9.050735567,
65.70566038,0.011719243,0.010070931,,0.001199353,0.008871578,11.75050869,
53.88850128,0.008008373,0.007794099,,0.000994758,0.006799341,10.01476169,
54.55108214,0.009668477,0.007660925,,0.000804997,0.006855927,9.948653645,
59.64076255,0.009794562,0.008506945,,0.001176376,0.007330569,10.78230452,
67.55459904,0.013491732,0.010671193,,0.001696135,0.008975058,11.99954179,
66.71776917,0.012475721,0.010532835,,0.001192969,0.009339866,11.51933147,
53.01494958,0.009782383,0.008367948,,0.000843059,0.007524889,9.241120293,
48.66145176,0.00509587,0.005354333,,0.000887581,0.004466752,8.623099095,
56.11576858,0.008036061,0.007009544,,0.00083142,0.006178124,10.11593351,
54.31940293,0.009913572,0.007414366,,0.000889312,0.006525054,10.07036942,
61.10191838,0.009399248,0.007946904,,0.001101666,0.006845239,11.17970793,
73.73280468,0.012682915,0.010244996,,0.001305536,0.00893946,12.56277971,
65.71126572,0.010449358,0.008267655,,0.001064878,0.007202777,11.50673158,
61.8844877,0.012556993,0.0084923,,0.000975077,0.007517223,10.73089012,
60.29210852,0.010494171,0.008275768,,0.001089629,0.007186138,10.68946343,
55.03792911,0.013096014,0.006788923,,0.000817155,0.005971768,10.04472415,
60.03250365,0.015292155,0.007486392,,0.001006561,0.006479831,11.20166948,
54.39070944,0.007976977,0.006303644,,0.000656193,0.005647451,9.833898193,
50.99384581,0.009339944,0.007439508,,0.000747229,0.00669228,9.294337108,
63.23171355,0.010918922,0.009518787,,0.0012976,0.008221187,11.79175856,
67.96187549,0.0137189,0.009897371,,0.001000599,0.008896772,12.14536368,
64.9607508,0.012452456,0.007364698,,0.001009022,0.006355676,11.75603937,
63.19353027,0.009613592,0.008497479,,0.00106139,0.00743609,11.33304004,
61.64163008,0.0138851,0.006613997,,0.00090486,0.005709137,10.90968465,
66.52657373,0.012880728,0.007665625,,0.001075353,0.006590273,11.74241296,
72.31055004,0.011105803,0.006031643,,0.00092882,0.005102823,12.7615419,
64.49284432,0.010045303,0.007225592,,0.001010594,0.006214998,11.49842404,
66.22146788,0.012290447,0.006120141,,0.000970007,0.005150133,11.60608324,
69.79818428,0.013618592,0.00708105,,0.000995977,0.006085073,12.38753231,
70.39200316,0.012297505,0.005991374,,0.000924046,0.005067328,12.22057927,
65.02677446,0.011258841,0.005100225,,0.000751185,0.004349041,11.54964202,
30.37285044,0.010216728,0.011909343,,0.000856021,0.011053322,6.272391587,
38.90170423,0.008810209,0.010267011,,0.001042621,0.00922439,7.624336124,
45.66823165,0.01170437,0.014258877,,0.000977807,0.01328107,8.362980568,
39.81611865,0.011721704,0.01234032,,0.000796856,0.011543463,7.931327008,
32.98682145,0.009571781,0.010591602,,,,6.597608908,
11.94693176,0.009607096,0.007569414,,0.000326031,0.007243383,4.038255807,
36.13177072,0.011474506,0.011176482,,0.000863602,0.01031288,7.661840088,
50.07554329,0.040836684,0.027190292,,0.001193561,0.025996731,11.75583096,
56.17970969,0.041709084,0.028690394,,0.001402104,0.02728829,14.52328694,
45.78958755,0.010751408,0.013160524,,0.001072059,0.012088464,9.134945333,
50.29418905,0.027314134,0.021052188,,0.001172944,0.019879244,12.31253809,
47.91492188,0.009605227,0.01394636,,0.00123461,0.01271175,9.238225298,
43.1949381,0.01043014,0.01390214,,0.001213688,0.012688452,8.869681219,
44.51987253,0.03598497,0.027853962,,0.00128578,0.026568182,11.95977285,
39.59375049,0.009810638,0.010780808,,0.000827987,0.009952821,7.54458777,
41.64282696,0.03060018,0.03163748,,0.001360829,0.030276651,15.54356954,
41.16179508,0.009159535,0.010713141,,0.001085942,0.009627199,8.167988908,
60.92491538,0.040126906,0.029716518,,0.00177506,0.027941458,15.33704997,
36.01886675,0.017938568,0.009563569,,0.000732162,0.008831407,7.445085939,
40.86451261,0.04704027,0.03294465,,0.001447508,0.031497142,12.39805439,
39.53709449,0.009898448,0.010566973,,0.000899396,0.009667577,7.80000504,
60.41344568,0.037651104,0.037582228,,0.002073841,0.035508387,11.03914638,
48.22506601,0.042711286,0.025084402,,0.001531309,0.023553093,19.01832416,
45.84488245,0.025196894,0.025014436,,0.001510997,0.023503439,17.55950036,
52.29824333,0.034221028,0.030704256,,0.001837053,0.028867203,11.71836332,
27.92192329,0.010789635,0.006553471,,0.000546825,0.006006646,6.322875438,
43.73191076,0.03350698,0.01354641,,0.001113501,0.012432909,17.53663748,
42.4361644,0.027185138,0.011581988,,0.000930997,0.010650991,15.96080318,
37.95154452,0.005629287,0.009839335,,0.000779137,0.009060198,7.620848291,
45.19927341,0.029827088,0.012091168,,0.001149458,0.01094171,17.87851802,
48.06699943,0.010607032,0.011992549,,0.000947055,0.011045494,9.414997711,
45.25286812,0.006946367,0.00939452,,0.000935346,0.008459174,8.933766046,
47.45483816,0.008839521,0.011013549,,0.001054771,0.009958777,9.038488189,
52.35981757,0.011114906,0.013592967,,0.001114859,0.012478109,9.979457052,
26.03105323,0.008032751,0.005693507,,0.000380978,0.005312529,5.742707078,
38.74543128,0.013448423,0.008984192,,0.000448063,0.008536129,8.053279084,
37.11712164,0.007698571,0.009883644,,0.000692541,0.009191102,7.63037387,
52.66351826,0.010046251,0.011822677,,0.001011261,0.010811416,10.06185121,
32.37614789,0.006263522,0.007625919,,0.00063999,0.006985929,6.881338835,
41.01932455,0.010529569,0.009506389,,0.000815856,0.008690533,7.80924856,
47.50824254,0.009604905,0.011115263,,0.000872248,0.010243015,9.553103193,
38.39001741,0.014437219,0.008621772,,0.000559965,0.008061807,8.378190334,
24.13628894,0.007028724,0.007733655,,0.000447931,0.007285724,5.838707868,
46.1160317,0.010088253,0.010603507,,0.000831896,0.00977161,8.393046203,
38.68583015,0.007429339,0.008567901,,0.000701877,0.007866024,7.58370439,
49.84586486,0.009928806,0.010044427,,0.001124741,0.008919686,9.223958543,
51.43213759,0.008454962,0.010982577,,0.001003508,0.009979068,9.749735137,
45.10352525,0.010507192,0.012933641,,0.000999394,0.011934248,9.213664201,
53.0701455,0.009618778,0.010290827,,0.001029527,0.0092613,9.659622612,
34.84584143,0.009850302,0.007628723,,0.000575033,0.007053691,7.173121394,
45.75074828,0.007345619,0.01015502,,0.00081433,0.00934069,8.556725942,
50.68141902,0.008817378,0.010296738,,0.000912132,0.009384606,9.8704479,
48.29000955,0.009096846,0.008831141,,0.001005416,0.007825725,9.194848731,
53.16489285,0.008955222,0.009513926,,0.00092015,0.008593777,10.17841282,
42.20650755,0.012666113,0.007245711,,0.000710607,0.006535104,9.292341692,
45.67692359,0.006486296,0.009169622,,0.00075075,0.008418872,8.725122531,
52.46371109,0.010422131,0.010359412,,0.001019672,0.00933974,9.765417884,
42.97310588,0.007782775,0.0082206,,0.00066563,0.007554971,8.302036164,
55.64120826,0.009443744,0.01119038,,0.001012666,0.010177714,11.0254886,
37.0130521,0.006217151,0.005746581,,0.000626697,0.005119885,7.458019219,
31.48328864,0.008710111,0.006815199,,0.000317962,0.006497237,6.901899489,
58.76950016,0.011948838,0.012532171,,0.001226989,0.011305182,11.12068082,
40.63635027,0.004742359,0.007077101,,0.000749869,0.006327232,8.353674911,
48.81561444,0.009196026,0.009361344,,0.000750982,0.008610362,9.518218217,
45.67229431,0.009738389,0.00900459,,0.000640565,0.008364025,9.158650237,
48.22295589,0.010696672,0.009727256,,0.001094532,0.008632724,9.022619576,
51.69870372,0.011813939,0.008663986,,0.000685359,0.007978627,9.803150213,
37.10031242,0.009067405,0.006735618,,0.000701914,0.006033705,7.913369926,
45.76294623,0.011268413,0.009403763,,0.000835879,0.008567885,8.982231234,
42.23948555,0.011095075,0.007559552,,0.000561563,0.006997988,8.35939049,
48.09821979,0.009775921,0.008836404,,0.000945777,0.007890626,9.245713396,
44.86075033,0.007229254,0.008503881,,0.000871377,0.007632505,8.96438985,
62.34300014,0.008795763,0.010318693,,0.001200415,0.009118277,11.80061376,
46.59940116,0.014181332,0.008317779,,0.000717278,0.007600501,9.183006855,
40.91953341,0.010706767,0.008618356,,,,8.019311671,
51.67674222,0.009264041,0.00951351,,0.00099649,0.00851702,9.842091916,
49.66422259,0.011102418,0.011717703,,0.000882103,0.0108356,9.922251921,
55.32699109,0.010846016,0.00806931,,0.001049181,0.007020129,10.38309297,
35.48312894,0.007958963,0.006022671,,0.000372173,0.005650497,7.458234022,
43.35365245,0.009772137,0.007794698,,0.000823619,0.006971079,8.334350944,
35.18428167,0.005398375,0.006108645,,0.000529863,0.005578782,7.51344146,
49.36890896,0.012014483,0.010472087,,0.00080817,0.009663917,9.818448999,
42.44514496,0.012890943,0.007854004,,0.000505353,0.007348651,8.326818224,
30.84609604,0.009990147,0.004725884,,0.000458776,0.004267108,6.928589936,
52.93860151,0.008563223,0.010908869,,0.001032817,0.009876052,10.30075529,
50.1503291,0.00970644,0.009296814,,0.000722258,0.008574556,9.559149216,
55.90298501,0.006970215,0.009009408,,0.001033807,0.007975601,10.5681322,
46.40053376,0.008604031,0.007838964,,0.001053513,0.006785451,9.061858599,
43.72011808,0.0085201,0.00731219,,0.000772893,0.006539297,8.604633105,
50.65177295,0.00952244,0.007564641,,0.000862777,0.006701864,9.761241277,
52.56716003,0.009384024,0.008053049,,0.000811128,0.00724192,9.907261861,
54.45662186,0.00604615,0.008016779,,0.000981193,0.007035586,10.40270807,
47.18178674,0.009484345,0.006520283,,0.000647965,0.005872318,8.727280521,
42.18655828,0.005586367,0.005440239,,0.000469013,0.004971226,8.1922507,
51.23191719,0.005038703,0.006642868,,0.000729695,0.005913173,9.557826511,
43.81978471,0.010599641,0.00632715,,0.000518841,0.005808309,8.352718871,
51.15482725,0.009602692,0.006822936,,0.000677548,0.006145388,9.58993854,
49.35989544,0.007409455,0.007843264,,0.001065407,0.006777857,9.762520858,
56.76276648,0.01362731,0.009655383,,0.001196269,0.008459114,10.60507372,
58.29235173,0.008025128,0.007497435,,0.001130566,0.006366869,10.64593026,
53.64166788,0.009308037,0.007390924,,0.000980677,0.006410247,10.48701274,
61.721974,0.011143261,0.009109172,,0.00100789,0.008101283,11.27896108,
54.24818514,0.007706726,0.007265231,,0.000983052,0.006282179,10.15586872,
51.77146344,0.010718392,0.007160679,,0.00075589,0.006404789,10.01970648,
52.92727936,0.008277332,0.006154371,,0.000597706,0.005556666,9.877660283,
54.61807108,0.009105213,0.004844447,,0.00053341,0.004311036,10.37557765,
27.16908828,0.008658838,0.008543801,,0.000589083,0.007954718,5.805741592,
41.01093314,0.01403956,0.006637331,,0.000833374,0.005803957,8.360428287,
40.75313807,0.012593934,0.006543537,,0.000733934,0.005809603,8.147392555,
28.02089027,0.011891843,0.010682528,,0.000467637,0.010214891,6.20907391,
29.44914958,0.010275606,0.009714527,,0.000673499,0.009041028,6.563321369,
24.44074576,,0.00555044,,0.000523572,0.005026869,5.292867251,
40.21958855,,0.007574681,,0.000846599,0.006728082,8.433946571,
29.67263608,,0.009410821,,0.0007656,0.008645221,7.041897593,
38.23465188,,0.006942464,,0.00074222,0.006200244,8.096259805,
32.04795418,,0.008619066,,0.00079284,0.007826225,7.228043507,
28.86783032,,0.004482672,,0.00076899,0.003713682,6.515338657,
34.80471606,,0.007214987,,0.000729714,0.006485273,7.453968321,
60.16679703,0.028103033,0.02364135,,0.001778871,0.021862478,12.68195059,
41.60914479,,0.008722566,,0.000951782,0.007770784,8.195631088,
24.89704549,,0.005918899,,0.000540111,0.005378788,5.201284486,
44.05172216,,0.007683419,,0.001028923,0.006654497,8.859864944,
40.56174949,,0.005187184,,0.000915772,0.004271413,9.037941237,
28.903289,,0.004720133,,0.000475183,0.00424495,5.817468696,
62.8838783,0.035595788,0.013804176,,0.001650215,0.012153961,11.24326456,
36.40045041,,0.008449543,,0.000737607,0.007711936,7.341520385,
36.48291381,,0.009987767,,0.00073101,0.009256757,7.986757269,
46.71691953,,0.007323415,,0.001024959,0.006298455,10.53870054,
40.64636112,,0.004190483,,0.000784679,0.003405804,8.768652989,
28.00744921,,0.004908747,,0.000526823,0.004381924,6.257307244,
43.0424167,,0.006236345,,0.000778425,0.005457921,9.737865113,
45.07741917,,0.009117386,,0.001179806,0.00793758,8.287531279,
38.42069258,,0.008553811,,0.000866348,0.007687462,7.757030206,
39.47902948,,0.010098827,,0.001038899,0.009059928,7.513217082,
49.48130737,0.034737305,0.025573604,,0.001558904,0.0240147,8.788734838,
48.89546119,0.032632584,0.026399346,,0.00179669,0.024602656,8.68160063,
62.76557838,0.039214614,0.034613011,,0.002756834,0.031856177,11.34257257,
36.69058026,,0.00668486,,0.00064491,0.006039951,8.326113274,
51.04764615,,0.008677628,,0.0007077,0.007969928,10.0400199,
54.20988518,0.032455689,0.031425062,,0.001793103,0.029631959,9.527224081,
42.77145916,,0.009280603,,0.000965513,0.008315091,9.629712617,
31.80648681,,0.008082484,,0.000756487,0.007325996,7.73502604,
27.83864655,,0.007012191,,0.000636979,0.006375211,7.544875297,
45.8509885,,0.010717428,,0.000943983,0.009773445,10.14821882,
46.05770231,,0.008924381,,0.000945648,0.007978733,9.475048336,
105.0939992,0.030870464,0.028655543,,0.002480982,0.026174561,19.18053777,
41.6893768,,0.005517018,,0.000715737,0.00480128,9.050760924,
18.04557867,,0.006592936,,0.000511702,0.006081233,5.056130685,
40.3826925,0.034090984,0.030528839,,0.001677456,0.028851383,8.51156815,
27.98228403,,0.007010315,,0.000636774,0.00637354,6.783987175,
42.83919159,,0.007514993,,0.000679645,0.006835348,8.524848686,
20.08110229,,0.010637168,,0.000657778,0.00997939,5.596852227,
27.42547887,,0.006020327,,0.000564207,0.00545612,7.399520201,
62.28270336,0.03550952,0.025698053,,0.001909744,0.023788309,13.24678269,
18.74384247,,0.011759259,,0.000603964,0.011155295,5.40812978,
33.91428911,,0.00847122,,0.000588579,0.007882641,7.842495345,
40.45458722,,0.005871062,,0.000611122,0.00525994,7.513980988,
64.6151046,0.035978979,0.031688026,,0.001819022,0.029869004,15.82986785,
28.81965229,,0.008665431,,0.000663468,0.008001964,6.66827086,
28.41769494,,0.007182262,,0.000584138,0.006598124,7.15461601,
46.28770847,,0.006393268,,0.000985278,0.00540799,10.14875405,
41.46858642,,0.006435937,,0.000533961,0.005901977,8.58144296,
30.05673519,,0.007589589,,0.000658003,0.006931586,6.523218592,
43.34195333,,0.012270554,,0.000956605,0.011313949,8.749339518,
24.28268042,,0.006800687,,0.00047441,0.006326277,6.440551579,
32.16573196,,0.010169479,,0.000662469,0.00950701,7.252481835,
46.38902387,,0.00655304,,,,9.237359622,
32.90945475,,0.006382746,,0.000712778,0.005669967,7.524194906,
37.28834922,,0.008453625,,0.000746824,0.0077068,7.566794354,
38.00417889,,0.006832916,,0.00061084,0.006222076,7.716614556,
41.1656999,,0.0065506,,0.000760201,0.005790399,8.401309275,
,0.017593248,0.007382704,,0.000824186,0.006558517,,
38.78244111,,0.006233028,,0.000816606,0.005416422,8.585295644,
34.68609129,,0.007017735,,0.001087289,0.005930446,8.047814637,
32.83564042,,0.004693511,,0.000675345,0.004018166,7.371650256,
25.8842948,,0.004050861,,0.000419509,0.003631352,6.534312572,
26.91558116,,0.008901087,,0.00052113,0.008379957,6.554244953,
30.4650048,,0.005303974,,0.000865563,0.004438411,7.52870619,
39.59943298,,0.006934215,,0.000850532,0.006083683,8.586365793,
43.18240934,,0.010034978,,0.00087545,0.009159529,9.402147823,
47.20557272,,0.005471316,,0.000629598,0.004841718,9.166104718,
31.69109749,0.080620082,0.050706901,,0.003256551,0.047450351,19.94781113,
34.67929856,0.037967775,0.037062085,,0.002472641,0.034589444,11.06452695,
44.12558195,0.046638881,0.032216945,,0.002472987,0.029743958,17.25190713,
31.5449793,,0.008700977,,0.000703475,0.007997502,6.756473711,
48.51108844,0.014662076,0.008178741,,0.000822401,0.00735634,9.020846262,
27.95138848,0.009119935,0.007301916,,0.000537502,0.006764414,5.912339586,
29.10927475,0.008617772,0.006287929,,0.000446964,0.005840965,5.949472688,
28.40175037,0.006789962,0.008015587,,0.000709637,0.00730595,5.822647241,
16.18126636,0.00638241,0.006477541,,0.000524102,0.005953439,4.355394447,
33.49034317,,0.010263694,,0.000790257,0.009473437,6.992554968,
34.26953532,0.007781295,0.010224066,,0.000900532,0.009323534,7.228850708,
22.45573535,0.008806673,0.006756075,,0.000524672,0.006231403,5.205033918,
50.54910131,0.02134754,0.01245809,,0.001859207,0.010598883,14.42555183,
42.92992242,0.010745191,0.008896987,,0.000986244,0.007910743,8.173409174,
49.39748393,0.034738315,0.0103245,,0.000834675,0.009489825,10.25074471,
67.48274395,0.01424203,0.012436863,,0.001317752,0.011119111,11.79411282,
41.43110998,0.014971882,0.008533844,,0.000813265,0.007720579,7.912881724,
33.40357169,0.009233111,0.004878292,,0.000470695,0.004407597,6.742886229,
57.28040465,0.014217402,0.012052552,,0.001324987,0.010727565,10.50775928,
49.11242945,0.01559916,0.011140981,,0.001235754,0.009905227,9.096827007,
25.8718958,,0.005334735,,0.000524445,0.004810289,5.723332648,
51.5476663,0.017870747,0.009916266,,0.001272875,0.008643391,10.88238081,
45.7504533,0.033861225,0.011608723,,0.000770754,0.010837969,9.853675779,
48.03368756,0.010697591,0.007766795,,0.000980135,0.00678666,9.332022556,
32.09445948,,0.00784362,,0.000760653,0.007082967,7.528320444,
64.90608885,0.012440099,0.011791209,,0.001506624,0.010284585,11.57471952,
46.71208387,0.008688045,0.006551083,,0.000934758,0.005616325,8.424190688,
38.09607632,0.009496099,0.007177804,,0.000878004,0.006299799,7.671332496,
38.06785321,0.008516318,0.00765443,,0.001016971,0.006637459,7.604260097,
53.86622251,0.034124962,0.012461238,,0.00095844,0.011502798,10.78187024,
58.37912167,0.015272727,0.010526466,,0.001327835,0.009198631,10.46912595,
59.9159009,0.037780545,0.014272423,,0.000913312,0.013359111,12.01590743,
36.21088792,0.009645512,0.008862026,,0.000905032,0.007956994,8.067301979,
42.65402356,0.020877292,0.0066404,,0.0007547,0.0058857,9.175294619,
58.42310111,0.013712407,0.00947245,,0.001427494,0.008044957,10.76740657,
54.64155671,0.014198207,0.008620071,,0.000983546,0.007636525,10.78424696,
57.60119635,0.024535937,0.004818414,,0.000554506,0.004263908,10.8358582,
52.0776089,0.010560883,0.008301844,,0.001301203,0.007000641,9.878260397,
48.66376947,0.010275556,0.004566463,,0.000586774,0.003979689,8.938029087,
61.85283975,0.015141396,0.01025498,,0.001180996,0.009073983,10.95530676,
56.98504504,0.035414898,0.01194701,,0.000731404,0.011215606,11.44074231,
57.61312725,0.014006031,0.00907525,,0.001369372,0.007705878,10.57355174,
41.13478172,0.010450541,0.007606411,,0.001021536,0.006584875,8.478283607,
50.83860874,0.013849904,0.006954286,,0.001045627,0.005908659,9.767248175,
43.13968828,0.008596473,0.004649833,,0.000739358,0.003910475,8.380471613,
66.63153531,0.016629634,0.009728183,,0.001428411,0.008299772,11.80071301,
54.16645098,0.013869617,0.007157511,,0.001201382,0.005956129,10.4383733,
45.04977973,0.013950911,0.006880189,,0.000887556,0.005992632,9.476185678,
43.70266534,0.007100951,0.004741204,,,,8.243170941,
65.37162505,0.018066609,0.003953969,,0.000528627,0.003425342,12.07890394,
50.56159765,0.009793983,0.005122265,,0.00082173,0.004300535,9.442390768,
54.63336588,0.013164725,0.008464128,,0.001457129,0.007006999,11.97488662,
59.29612009,0.010278365,0.004253817,,0.000492293,0.003761524,10.75304312,
49.3752792,0.009504901,0.007191449,,0.001062898,0.006128551,10.32210902,
63.54747455,0.019844595,0.004327314,,0.001105249,0.003222065,12.01076534,
59.78857124,0.014148571,0.0040722,,0.000582949,0.003489251,11.20282072,
62.50250646,0.023479464,0.006525812,,0.00169467,0.004831141,12.37352512,
32.68608032,0.009062973,0.008575594,,0.000755632,0.007819962,6.514509927,
28.85070314,0.007741415,0.008066857,,0.000843368,0.007223489,6.044010137,
,,,0.286576923,,,,
31.37166862,0.013315509,0.001946572,0.332384615,,,10.80058443,2.572246342
34.39691851,0.013575891,0.00288822,1.956365909,,,10.2503072,1.194208417
20.22120276,0.012774713,0.000584115,,,,6.906980116,0.70738974
30.53977646,0.01252483,0.002476288,0.387538462,,,10.57438855,2.352591683
36.98169092,0.013287591,0.003151472,2.604247727,,,10.43416766,1.28420305
34.37358761,0.015154857,0.001343661,1.6789,,,8.873186314,1.291640576
33.90678721,0.013742358,0.00278494,1.614083333,,,8.565929486,0.977836818
29.98267299,,,0.452038462,,,10.39703695,2.157185611
39.29249717,,,3.177619577,,,10.59723186,1.365420442
41.27839136,,,2.8948,,,9.826635279,1.637559927
,,,3.509666667,,,,
29.7003582,0.011295694,0.003306617,0.525884615,,,10.26852962,1.986028126
41.32933726,0.012775989,0.003561285,3.676481459,,,10.7394998,1.437860593
45.9355347,0.004487994,0.00429363,0.467843478,,,11.55720661,1.199165831
40.935614,0.016840931,0.002231598,3.2622,,,9.767327011,1.745147794
21.58232056,0.009586779,0.002691135,1.144199638,,,7.144537029,0.784819273
40.44971749,0.024929656,0.003013085,4.337405594,,,10.39139824,1.771435263
25.01110271,,,4.82675,,,7.336694143,0.904278745
43.24311707,0.013415825,0.003068022,3.51775,,,10.76100041,1.30037181
38.29471656,0.013778472,0.002432407,4.303506993,,,10.67345863,1.079987405
29.6928321,0.010857236,0.003607229,0.609076923,,,10.18886658,1.839119228
43.09221119,0.012552688,0.003707845,4.100833373,,,10.86097148,1.501523504
47.54571835,0.007980154,0.005638505,0.596289328,,,11.70438743,1.215848626
33.34525555,0.01614686,0.002359989,2.7811,,,8.695261511,1.614404177
35.44542412,0.013847613,0.004264206,0.625653846,,,10.39274447,0.936740381
21.4632399,0.010743029,0.002799918,1.85139642,,,7.056019932,0.769914411
40.20927124,0.023751494,0.003396015,5.198307692,,,10.49027292,1.774969139
22.07435212,0.011840355,0.002905933,5.565333333,,,6.92990327,0.860729754
44.56177934,0.01413829,0.002971996,5.39125,,,10.68982372,1.323337801
46.60646101,0.020247737,0.001191043,1.344175,,,13.0156758,1.685434998
39.423016,0.013104543,0.002404837,4.986775524,,,10.51059961,1.155258997
36.13859682,0.012960632,0.002796099,4.604391869,,,9.851566246,0.935013956
29.96009469,0.010536186,0.003831474,0.701615385,,,10.15804781,1.716458916
44.58111895,0.012351053,0.003815507,4.450675319,,,10.96164689,1.556409173
49.01320784,0.011159796,0.006849983,0.723163636,,,11.83776319,1.23205045
18.50731598,0.014428051,0.002277994,1.4515,,,6.610438778,1.245329074
35.75335923,0.01517194,0.004383421,1.265562937,,,9.895271605,0.906334305
21.35634197,0.011795464,0.002901882,2.492344343,,,6.975242335,0.756354033
39.34617645,0.022571681,0.003688856,5.802175991,,,10.45105329,1.75707889
20.14499596,0.010390698,0.002400705,5.725416667,,,6.661663595,0.81266746
44.35625155,0.01445841,0.00302208,6.5665,,,10.40129214,1.299336008
38.02995618,0.020941254,0.003306514,1.301475,,,10.77098051,1.264542198
39.81930418,0.012431911,0.002382349,5.491854079,,,10.34471298,1.215696495
35.93798772,0.012315955,0.002877434,4.701598483,,,9.761988807,0.954731216
41.33504252,0.016382119,0.002646228,4.8978625,,,10.38704082,2.059976784
30.50214597,0.010332543,0.003979351,0.8035,,,10.17607332,1.618047191
45.79606055,0.012171084,0.003884272,4.726007297,,,11.04152605,1.602517602
50.33800315,0.01402692,0.007928064,0.848466403,,,11.95733388,1.247771306
35.73150427,0.016328675,0.004492119,1.823954545,,,9.462685194,0.883009031
36.45680908,0.022479576,0.005074691,0.2576,,,10.27054462,0.988954192
21.26162676,0.012744083,0.002997026,3.067043406,,,6.902204239,0.744138139
22.77155578,0.021310687,0.003355644,1.426506818,,,7.059862129,0.756017915
33.02274426,0.012522116,0.004970639,2.004984091,,,9.613964414,1.058478641
37.86043312,0.021390216,0.003891609,6.14901049,,,10.27373933,1.717764515
19.22303423,0.008533213,0.001622698,5.307,,,6.531975119,0.760091862
53.91841801,0.057987477,0.00649925,3.625059091,,,11.85028092,1.48264448
42.62653371,0.014376185,0.003218274,7.0435,,,9.895405668,1.22836643
43.29271572,0.009879118,0.002556216,5.658436364,,,9.760407139,1.833539546
35.93888751,,,1.257025,,,9.857727265,1.177831916
39.48358112,0.011760575,0.002364942,5.818742657,,,10.17579875,1.2612999
46.13499888,0.019111785,0.002576391,1.745576923,,,11.48195643,1.912074954
35.64252055,0.011717364,0.002956044,4.775803395,,,9.663819448,0.97134356
62.25546617,0.015530209,0.001553907,3.781125874,,,12.5419195,2.806528116
39.31198885,0.015074777,0.00314702,4.941210577,,,10.4030922,1.826189593
45.45210168,0.016556111,0.00277963,2.578904545,,,12.17180888,1.763814948
42.40988404,0.011121078,0.002307996,3.375553811,,,10.67846756,1.751079709
50.73963187,0.035808135,0.00246116,2.317769231,,,11.7257984,2.057985435
31.31898593,0.010246307,0.004050859,0.914730769,,,10.24294311,1.543884053
46.73703599,0.012012781,0.003914139,4.926829306,,,11.10060894,1.639848789
51.52010429,0.016581526,0.008872747,0.972197628,,,12.0630995,1.263011191
35.37985923,0.01731782,0.004590301,2.300828671,,,9.094985235,0.86676456
29.72032079,0.02130997,0.004864782,1.5001,,,9.146713734,0.864032561
21.17909429,0.013588885,0.003085351,3.57549361,,,6.836905643,0.73326673
23.88693845,0.021675867,0.003630934,1.749217823,,,7.382381936,0.79672011
32.37954938,0.014586957,0.005633876,2.29268122,,,9.357005409,1.011443595
35.75204126,,,6.238811189,,,9.958331047,1.657026016
19.30846694,0.0062679,0.000571912,4.310083333,,,6.540837842,0.703002962
52.86248554,0.055786778,0.007022585,3.768403589,,,11.72846162,1.450775148
39.3726258,0.013891616,0.00356058,6.82225,,,9.17216431,1.110429067
40.32346686,0.00960791,0.002911691,5.574919617,,,9.465118198,1.722316794
40.33325502,0.027040749,0.003286231,1.210825,,,10.27591606,1.425304154
38.41584681,0.011090535,0.002352617,5.967441259,,,10.0038569,1.29206921
45.57775171,0.018396272,0.002822853,2.161807692,,,11.4249055,1.89186655
35.2521953,0.011164858,0.003031928,4.827006604,,,9.55705817,0.984850986
54.61305894,0.013806265,0.001999185,3.434013986,,,11.84918796,2.352434907
37.28466876,0.014007561,0.003581739,4.940525,,,10.35586438,1.627772818
42.505883,0.016049938,0.003091842,2.766882057,,,11.64682373,1.620124444
40.15449494,0.011013405,0.002555307,,,,10.32276622,1.652359971
46.62660573,0.034622429,0.002989084,3.057461538,,,11.3524337,1.852429
32.41061458,,,1.035307692,,,10.35865718,1.493969502
47.40404526,,,5.053141348,,,11.13889557,1.668402736
22.33975155,,,2.219032508,,,6.942028405,0.708463336
52.55951126,,,1.094357312,,,12.15506006,1.277770107
34.69842413,,,2.696185315,,,8.792171728,0.857600891
23.20656062,,,2.1056,,,7.871979287,0.764180717
21.10874454,,,4.017694954,,,6.779346547,0.723739806
24.8364202,,,2.038632576,,,7.664687253,0.834170202
31.75744754,,,2.551721651,,,9.125666177,0.969683645
33.02100086,,,6.071578089,,,9.504828443,1.574863391
20.40129409,,,2.734666667,,,6.688251764,0.641400759
51.83674184,,,3.888297528,,,11.61088627,1.422178702
34.59452784,,,5.90275,,,8.231568063,0.945523919
37.5456738,,,5.488074322,,,9.187572396,1.618287257
36.61610125,,,5.937949883,,,9.828887434,1.308004427
44.83679728,,,2.507125874,,,11.34364129,1.857146625
34.76701196,,,4.855208111,,,9.441704972,0.995253495
48.04858477,,,3.122179487,,,11.27048932,1.974408235
35.25308225,,,4.895805769,,,10.24535738,1.464726458
39.6891245,,,2.93542815,,,11.15643338,1.494034073
37.94932422,,,3.517971816,,,9.977752089,1.559954568
43.15285615,,,3.665825175,,,11.02792486,1.674941888
40.50121393,,,4.152610683,,,11.15042866,1.303847544
33.77703192,0.010426056,0.003964773,1.165230769,,,10.52321553,1.468303538
47.79708837,0.011761174,0.003857181,5.104943421,,,11.15638593,1.688179442
21.76737659,0.022287751,0.004866039,2.230506837,,,6.869085409,0.718891049
53.45622406,0.020753185,0.010361922,1.214945455,,,12.23321556,1.292048053
33.68719895,0.018793337,0.004755116,3.010024476,,,8.554244672,0.855518024
16.91552858,0.026623386,0.005328299,2.0741,,,6.446341279,0.689398659
21.05057753,0.01496704,0.003241543,,,,6.729526951,0.715557367
25.62000102,0.022145088,0.004067107,2.294751077,,,7.90677808,0.868368192
31.15643876,0.018176097,0.006772396,2.782105383,,,8.919946719,0.933198791
29.66731192,0.017835911,0.003959335,5.647311189,,,8.913231517,1.471276641
50.84118691,0.051818619,0.007886658,3.984740909,,,11.49755489,1.396855142
,,,4.285,,,,
34.95933654,0.009196087,0.003575593,5.397900478,,,8.927769732,1.521450935
34.08434445,0.009754346,0.002343212,5.730268531,,,9.650890362,1.30910555
43.9121356,0.017473669,0.003364,2.781531469,,,11.23816381,1.807915178
34.18697055,0.010198102,0.00317552,4.860407915,,,9.317759855,1.002551087
42.56204365,0.011427127,0.002578629,2.845622378,,,10.80582356,1.6724481
33.21722931,0.012593506,0.004252962,4.807052885,,,10.07157117,1.337050514
37.00182618,0.015221883,0.003621354,3.084542823,,,10.70063783,1.385543835
35.7943719,0.010840059,0.002982016,3.553921101,,,9.643425167,1.473863501
40.31838314,0.032634292,0.003872225,4.14286014,,,10.75227188,1.525524101
39.17155396,0.02065444,0.003920216,4.580872625,,,11.24463403,1.239728425
35.41823794,0.010692042,0.003807178,1.3045,,,10.73661816,1.46688616
47.91616532,0.01166787,0.003770355,5.082235526,,,11.15308004,1.699178907
21.23184947,0.022247432,0.004719177,2.233195046,,,6.806740247,0.728988715
54.21024269,0.022370238,0.010906413,1.333962055,,,12.29756598,1.305845029
32.3461837,0.019279709,0.004821748,3.242346154,,,8.381204069,0.86051596
10.84722467,0.03310641,0.006001727,1.4056,,,4.869799712,0.639686387
21.00459324,0.015500394,0.00330941,4.703351064,,,6.687446855,0.708719412
26.23768093,0.02224913,0.00422799,2.517573325,,,8.108654418,0.89931408
30.57652304,0.019700397,0.007247679,2.983832416,,,8.739847035,0.901989034
25.69097445,0.016647838,0.003801733,4.96601049,,,8.183540267,1.346265766
49.87582076,0.05005116,0.008227397,4.057733732,,,11.38846747,1.374804468
32.56445507,0.009055472,0.00388402,5.304398086,,,8.685710205,1.431807828
,0.009088195,0.002346133,5.344397203,,,,
,0.017266579,0.003658685,2.985024476,,,,
,0.009783851,0.003243227,4.842606016,,,,
,0.010771934,0.002712794,2.604342657,,,,
,0.012246668,0.004489465,4.674266346,,,,
,0.0149,0.003838654,3.214226077,,,,
,0.010774384,0.003161414,3.566363906,,,,
,0.031831859,0.004227443,4.488566434,,,,
,0.020703878,0.00450946,4.90948074,,,,
37.33423266,,,1.453115385,,,10.99886507,1.489717369
47.7612761,,,4.985017663,,,11.12897788,1.701401131
20.7331702,,,2.227097136,,,6.754992917,0.738756334
54.82156714,,,1.451407115,,,12.34811135,1.319161035
30.67537837,,,3.39315035,,,8.273049918,0.872594698
20.97079168,,,4.94680583,,,6.65310626,0.703225941
26.68945991,,,2.707099322,,,8.270316266,0.927007866
30.01770036,,,3.156902751,,,8.585367125,0.876054373
21.09198844,,,4.027675991,,,7.315754695,1.199830766
48.94064337,,,4.107275997,,,11.28362402,1.35602668
30.36102941,,,5.207567145,,,8.461393818,1.349357937
26.8247971,,,4.780335897,,,9.285813382,1.266805514
41.51169047,,,3.117604895,,,10.95456901,1.665917717
32.74231349,,,4.801802415,,,9.044093862,1.007831521
34.82276059,,,2.398340326,,,10.21859071,1.296727444
29.13272417,,,4.497446154,,,9.534161183,1.187809872
32.01561005,,,3.324477911,,,9.892831091,1.221363758
31.63512242,,,3.555300231,,,9.006832944,1.320624373
36.56726681,,,4.702944056,,,10.34753348,1.310896498
36.701917,,,,,,11.32583485,1.14473778
45.65281147,0.011511316,0.003034078,4.246304266,,,10.93189383,1.655404358
19.45821945,0.021740902,0.004353486,2.156086687,,,6.663337928,0.766078905
55.79937548,0.025713269,0.011750405,1.794313043,,,12.41691704,1.356223236
23.68422196,0.019549289,0.004983111,3.356458042,,,8.337906175,0.951315727
20.94248339,0.016595645,0.003512686,5.279676971,,,6.596521474,0.694812437
27.04939133,0.021794843,0.004490166,3.075899801,,,8.514014872,0.990576611
28.46779065,0.023995799,0.008522295,3.504173565,,,8.275646038,0.829900969
46.31624384,0.044425454,0.0089817,4.115199442,,,10.99455742,1.319330632
24.8994872,0.008928321,0.004960902,4.89710303,,,7.894903483,1.145167555
36.53321838,0.018132963,0.004998164,3.089870629,,,10.34757726,1.344085113
29.8638923,0.008587702,0.003486801,4.541381396,,,8.569155477,0.992465295
31.2983339,0.011713666,0.002212409,1.991997669,,,10.1929881,1.30364549
22.97396829,0.013260571,0.004774753,3.702783654,,,8.253452243,1.229227025
25.50723718,0.01422677,0.004391484,3.538644896,,,8.940581934,1.107094641
25.77288613,0.010651681,0.003652632,3.381070334,,,8.132098666,1.138123197
35.73516656,0.029899708,0.005072623,4.558104895,,,10.1068448,1.199475023
33.47166898,0.023716671,0.005873643,5.227374936,,,11.17961133,1.085370795
36.66174821,0.023218645,0.00343821,2.255942308,,,10.92305885,1.019984221
44.4020576,0.011526343,0.002752764,3.851046531,,,10.82460662,1.622517619
19.10693156,0.021527956,0.004317503,2.114844298,,,6.653981932,0.774526334
55.83992325,0.025767732,0.01162791,1.905471937,,,12.41224214,1.367615363
20.69425635,0.019197707,0.00499716,3.181192308,,,8.489297831,0.991717675
20.95741275,0.016609918,0.003546456,5.258136299,,,6.59313888,0.694696905
26.83756662,0.021463657,0.004460371,3.132240789,,,8.514818761,1.005261989
27.99334019,0.0246192,0.00868432,3.562617105,,,8.223645223,0.825066694
45.50182154,0.04338006,0.009018112,4.070939474,,,10.90668982,1.313644388
23.46188473,0.009005361,0.005190915,4.786957895,,,7.741559648,1.091490525
34.50631318,0.018773245,0.005373219,2.938800699,,,10.09682012,1.207784535
28.71470241,0.008403878,0.00354088,4.408570985,,,8.393658843,0.981133385
32.27939112,0.012839725,0.001828052,1.927104895,,,10.41251968,1.45808458
20.91251682,0.014114362,0.004680895,3.349828846,,,7.699990875,1.313773573
23.59669991,0.014212038,0.004450599,3.571171053,,,8.692355134,1.104205201
23.91924414,0.010656004,0.003718843,3.275980743,,,7.861894987,1.089918143
36.73635294,0.029736065,0.005139996,4.247167832,,,10.12432696,1.218473179
32.52137496,0.025173631,0.00596649,5.057713919,,,11.05939688,1.087746862
35.59850433,0.021042598,0.003532665,2.707998252,,,10.7956384,0.944944743
42.87733757,0.011563037,0.002432553,3.381278828,,,10.69652316,1.580853638
18.79249151,,,2.064815789,,,6.655223768,0.782643716
55.73777684,0.025509677,0.011372017,2.015059289,,,12.39376217,1.378526521
20.98452483,0.016520374,0.003573408,5.170346768,,,6.597495785,0.695925858
26.45984099,0.021045426,0.00439244,3.155285526,,,8.47540816,1.016695264
27.53998278,0.02506242,0.008783694,3.592403947,,,8.197264182,0.825507515
44.71758801,0.04247908,0.008993659,4.003228947,,,10.82306617,1.311231029
22.21573805,0.009125932,0.005405246,4.673484211,,,7.605958952,1.04500671
32.29570072,0.019583001,0.005764348,2.716818182,,,9.821849708,1.056972434
27.47065444,0.008266139,0.003592234,4.252758871,,,8.20957029,0.966696559
34.33838139,0.014322034,0.00133999,1.89748951,,,10.74608414,1.688590207
18.84679892,0.015208278,0.004520964,2.952840385,,,7.083250312,1.433690537
21.81562281,0.014258736,0.004478076,3.584265789,,,8.478723127,1.118915894
22.11582055,0.010674326,0.003762416,3.147384674,,,7.602378517,1.048027424
38.37681589,0.02970018,0.005149799,3.804902098,,,10.19066497,1.26554066
31.63430859,0.026912096,0.005960058,4.788399076,,,10.9034458,1.101205459
,,,0.883045336,,,,
34.30034869,0.019189925,0.003626411,3.083417832,,,10.61077565,0.877887255
17.90320978,0.019945346,0.00447023,1.776840557,,,6.766169447,0.81181277
53.90224951,0.021352277,0.009014474,2.437693281,,,12.18179165,1.417361454
21.21480048,0.015124035,0.00361302,4.156700047,,,6.692318409,0.714286515
23.28992927,0.018502044,0.003739362,2.914501954,,,7.91562086,1.029907343
25.93748366,0.025033503,0.008554674,3.42498433,,,8.347937755,0.880021764
41.88254158,0.040319291,0.008287194,3.49788126,,,10.53101122,1.334306457
19.14570934,0.010043524,0.006105743,4.186303987,,,7.240987547,0.931003605
21.54588176,0.008176034,0.003770392,3.39949339,,,7.387296883,0.877900084
15.98591618,0.015059828,0.004271615,3.442330542,,,7.970143024,1.353759995
15.40431006,0.010887608,0.003710333,2.397935603,,,6.671184709,0.943607902
29.36080242,0.015776838,0.004542123,1.02770791,,,8.926528996,0.821999221
26.75860857,0.015012975,0.003994307,3.818732517,,,9.296901561,0.689477211
17.77300896,0.019525249,0.004567303,1.68288145,,,6.82040045,0.818279915
53.08663225,0.019531633,0.008091595,2.539422925,,,12.09428636,1.425867763
21.30282621,,,3.737666218,,,6.735372815,0.72223789
22.08269904,0.017648584,0.003480753,2.771065431,,,7.675137811,1.025080108
25.58959151,0.024575824,0.008340791,3.311487679,,,8.449655583,0.906838067
41.2492519,0.040140377,0.007958414,3.312917943,,,10.46860739,1.348257529
18.85684166,0.01038175,0.00624166,4.05618756,,,7.194102542,0.920485867
19.8275434,0.008268721,0.003808117,3.128672763,,,7.160248733,0.847938673
14.85213996,0.015413676,0.004140907,3.358268182,,,7.929484981,1.456471353
13.85197841,0.010975927,0.003640719,2.151807137,,,6.465104275,0.93328886
29.68601646,0.018139282,0.004451855,1.048176978,,,9.141208497,0.83685035
24.28589415,0.014777172,0.004084509,3.81097028,,,8.824827271,0.662329677
17.67965599,0.019070626,0.004686552,1.580136223,,,6.885229286,0.824417013
52.12832082,0.01739847,0.007035318,2.639581028,,,11.992976,1.433893102
21.40303467,0.013802969,0.00359191,3.252383529,,,6.786166722,0.73153375
20.70956788,0.016708079,0.003184009,2.594332656,,,7.394440272,1.01700077
25.26279242,0.023937965,0.008064255,3.16933433,,,8.576993185,0.938929466
40.646151,0.040105875,0.007568769,3.104504067,,,10.41044752,1.365481487
18.75942978,0.010763506,0.006361895,3.922742584,,,7.164960674,0.917161344
18.01434695,0.008407493,0.003843117,2.834850434,,,6.924608663,0.814872345
13.84782392,0.015828954,0.003978562,3.254774402,,,7.92342173,1.576782844
12.34986515,0.011078246,0.003548466,1.882172192,,,6.269711049,0.929284154
29.52565418,0.019871378,0.004270608,1.062367414,,,9.398166102,0.834418936
21.57826797,0.014864744,0.004174003,3.726571678,,,8.295310675,0.643164133
17.60349357,,,1.34828741,,,7.046680457,0.835701066
49.78361543,,,2.835182609,,,11.74894008,1.448500871
21.63999979,,,2.083071574,,,6.910973035,0.754158925
17.4656028,,,2.140978349,,,6.712401725,0.991085789
24.67247338,,,2.799057536,,,8.90852771,1.018937555
39.53051549,,,2.617324641,,,10.30685967,1.409748061
19.13897341,,,3.645866986,,,7.159906354,0.932091944
14.10337981,,,,,,6.427552765,0.739424938
12.22757236,,,2.989492584,,,8.015079606,1.870206225
9.496293808,,,1.272382866,,,5.910986219,0.940217747
27.74820061,,,1.071912397,,,10.03891563,0.777708482
15.45828034,,,3.327865385,,,7.06395056,0.628779018
48.39722149,0.009123875,0.003066105,2.930626087,,,11.60621452,1.4550833
21.77675644,0.011042747,0.003509101,1.399042308,,,6.984985442,0.767488239
15.59476888,0.013364289,0.002064963,1.864356818,,,6.311060717,0.973250145
24.40895345,0.020943307,0.006858741,2.570934091,,,9.112724633,1.066854243
39.0179809,0.040868851,0.006034642,2.338559091,,,10.26143169,1.436790677
19.61592892,0.012169962,0.006628503,3.502436364,,,7.183993902,0.950347068
12.00560913,0.00910032,0.003931763,1.815373231,,,6.166136937,0.697043859
11.61163684,0.017443369,0.003301704,2.827704545,,,8.112800734,2.043318114
8.14483572,0.011469197,0.003135885,0.932228483,,,5.747654615,0.955156047
26.13110933,0.021285575,0.003180997,1.067266942,,,10.42270755,0.72342944
12.0459189,0.017067705,0.004438232,3.013557692,,,6.362107043,0.633559446
46.86813336,,,,,,11.4496839,1.46118476
21.92569582,,,,,,7.06673735,0.782162037
38.53563507,,,,,,10.22024767,1.467106178
9.812980362,,,,,,5.89612919,0.651557863
11.1251615,,,,,,8.245116654,2.234030137
8.398645694,,,,,,5.602821218,0.646321865
43.26954491,0.028290463,0.03417223,,0.002060914,0.032111317,10.10048323,
43.38119422,0.027777537,0.030637469,,0.001312222,0.029325247,11.37645751,
,0.010286938,0.008427998,,0.000797213,0.007630785,,
37.40959338,0.005788155,0.003434579,,0.000471599,0.00296298,7.687175975,
,0.015987595,0.011744642,,0.000803105,0.010941537,,
49.80611797,0.040295181,0.026755119,,0.001678611,0.025076508,12.54420079,
29.54561247,0.011020606,0.009284219,,0.000884072,0.008400147,7.15053721,
44.8586273,0.025713844,0.032339322,,0.001276742,0.03106258,9.14418292,
,0.012375429,0.008237907,,0.001115605,0.007122302,,
,0.015788974,0.010984394,,0.000919245,0.010065148,,
32.47896915,0.006991825,0.008283182,,0.000872063,0.007411119,6.914914646,
,0.014506104,0.011697444,,0.000776597,0.010920847,,
,0.008328322,0.005860732,,0.000534423,0.005326309,,
66.5654431,0.042397651,0.049552933,,0.002180759,0.047372173,14.35843203,
75.007775,0.040032622,0.043832114,,0.001677871,0.042154243,13.43034152,
43.38555775,0.010099846,0.007290938,,0.001071499,0.00621944,9.35649211,
40.14765925,0.036400473,0.025705386,,0.001733428,0.023971958,9.697843349,
57.18055718,0.035555397,0.031801301,,0.001951957,0.029849344,12.18684736,
,0.008272877,0.00643527,,0.000595306,0.005839964,,
39.570898,0.034665362,0.030067704,,0.001805065,0.02826264,7.999376519,
45.8089003,0.028566685,0.031324542,,0.001018751,0.030305791,8.338156215,
36.42492477,0.008311328,0.008703438,,0.000723667,0.007979771,8.042237694,
10.6738242,0.036269723,0.034222657,,0.001539139,0.032683518,2.084646435,
4.44830458,0.037572468,0.023638635,,0.001428259,0.022210376,1.182576236,
,0.013585559,0.006116363,,0.000585704,0.005530659,,
,0.011182695,0.006409985,,0.000561535,0.00584845,,
31.55829728,0.011514181,0.008887309,,0.000923418,0.007963891,8.146214201,
,0.040032392,0.035273766,,0.001486242,0.033787524,,
,0.017463147,0.00892355,,0.000891472,0.008032079,,
,0.016267951,0.01048259,,0.000857424,0.009625166,,
44.51070524,0.030711002,0.033723261,,0.001475645,0.032247616,8.480923297,
,0.013275637,0.011435228,,0.000953595,0.010481633,,
,0.01349916,0.012284211,,0.000826864,0.011457347,,
,0.010768196,0.008107012,,0.000861973,0.007245039,,
,0.010664407,0.00990579,,0.00098622,0.008919571,,
,0.010618032,0.010830367,,0.000855447,0.00997492,,
,0.010279523,0.00939162,,,,,
34.64987427,0.032335955,0.031553669,,0.002168029,0.029385641,7.086728188,
26.0112285,0.013327622,0.011267361,,0.000984307,0.010283054,6.683775486,
55.41062568,0.022108854,0.020113469,,0.001361342,0.018752126,9.089852781,
60.40970492,0.016124099,0.011021822,,0.00127192,0.009749903,11.18770692,
,0.030506689,0.026926859,,0.001399954,0.025526905,,
,0.031601129,0.022589221,,0.001245745,0.021343476,,
31.7283628,0.02703382,0.021398197,,0.000910942,0.020487255,7.81664222,
24.59074738,0.013276789,0.010746175,,0.001100252,0.009645923,6.638800218,
54.396046,0.02161266,0.020323613,,0.000998717,0.019324896,9.32982462,
33.86383061,0.014196818,0.011008789,,0.001050225,0.009958563,7.768354147,
43.9265009,0.027574074,0.021845224,,0.001410435,0.020434788,6.296293167,
,0.006699256,0.004247848,,0.000422467,0.00382538,,
,0.024738395,0.020828132,,0.00097157,0.019856562,,
,0.024268441,0.0219634,,0.000760253,0.021203148,,
31.67949601,0.006928498,0.00570905,,0.000556676,0.005152374,7.11214235,
40.25889059,0.010337707,0.007179783,,0.000623531,0.006556252,8.379885404,
20.06639482,0.005838142,0.003854318,,0.000368271,0.003486047,5.336865105,
,0.020915959,0.023541345,,0.001148949,0.022392395,,
,0.028485394,0.02082761,,0.001241648,0.019585962,,
,0.011708115,0.010019196,,0.000623624,0.009395573,,
23.00786283,0.018045993,0.014027502,,0.000889823,0.013137679,4.927510178,
51.18877858,0.023068233,0.022195927,,0.001132448,0.021063479,9.667753006,
28.97360262,0.013470728,0.011657392,,0.001083515,0.010573877,7.482738308,
49.72308536,0.011396566,0.008402312,,0.001030961,0.007371351,9.924922772,
,0.010110436,0.00673283,,0.00052487,0.006207959,,
,0.01052712,0.007285682,,0.000546106,0.006739575,,
,0.024309516,0.018808728,,0.000832883,0.017975846,,
,0.005791719,0.005158172,,0.000567644,0.004590528,,
,0.013958774,0.012020357,,0.000851224,0.011169133,,
42.37289656,0.012628906,0.008294577,,0.001077658,0.007216919,9.044348993,
,0.016827937,0.020583876,,0.000970421,0.019613454,,
,0.011053078,0.009752258,,0.00068025,0.009072008,,
30.55435539,0.018667494,0.018692147,,0.000927791,0.017764356,6.747448783,
,0.020938664,0.023015464,,0.001816476,0.021198988,,
48.24401318,0.005699788,0.008330633,,0.001037011,0.007293622,9.435302979,
29.72589387,0.013897428,0.00799379,,0.000577134,0.007416655,7.562066517,
,0.013551234,0.013139836,,0.000890086,0.01224975,,
,0.011628415,0.00998679,,0.000955955,0.009030836,,
,0.023516624,0.019976449,,0.001384617,0.018591832,,
27.79474728,0.012087861,0.012353338,,0.000878234,0.011475104,4.768969956,
229.4974769,0.020534227,0.020126153,,0.0011931,0.018933053,40.44321686,
36.39683892,0.008779857,0.007200497,,0.000981742,0.006218755,7.89047772,
,0.013710937,0.010795171,,0.00082519,0.009969981,,
,0.009932386,0.006387663,,0.000715572,0.005672091,,
55.23862906,0.024647575,0.023738942,,0.001280895,0.022458047,12.42338241,
,0.009811882,0.007017193,,0.001167584,0.005849609,,
32.25274444,0.02034193,0.014786635,,0.000999761,0.013786875,6.373226176,
53.98985179,0.009110192,0.008677335,,0.001146068,0.007531267,10.70035973,
,0.012967057,0.011847429,,0.000752247,0.011095182,,
,0.016848672,0.0123495,,0.000871457,0.011478043,,
38.0622177,0.011154753,0.008761801,,0.000737753,0.008024048,8.542585771,
62.49458692,0.020765208,0.023792223,,0.001199262,0.02259296,12.44704053,
34.17893455,0.011017385,0.008652335,,0.000728492,0.007923843,5.794845564,
,0.022925454,0.02494865,,0.000910349,0.024038301,,
,0.022948812,0.016815078,,0.000966412,0.015848665,,
,0.021099289,0.018739354,,0.00074821,0.017991144,,
,0.018134218,0.018455177,,0.000961592,0.017493585,,
,0.024321048,0.022627066,,0.001250889,0.021376177,,
21.37929325,0.003937967,0.003346853,,0.00033929,0.003007563,3.291395993,
28.4175673,0.007924897,0.006826153,,0.000713952,0.006112202,5.544726136,
,0.021936076,0.016957102,,0.000925102,0.016032,,
40.01023414,0.021859611,0.015929618,,0.001317057,0.01461256,7.561303965,
,0.009548502,0.008144929,,0.000722799,0.00742213,,
,0.008477975,0.005010681,,0.000471631,0.00453905,,
,0.01260264,0.005674635,,0.000548551,0.005126084,,
,0.036663331,0.028596876,,0.001660757,0.026936119,,
71.67285233,0.044908336,0.037580793,,0.00257118,0.035009613,14.27175863,
31.9970171,0.008850134,0.004600933,,0.000507925,0.004093008,6.58039911,
,0.011645961,0.008195542,,0.000987954,0.007207588,,
33.90627188,0.008933681,0.006367823,,0.000768999,0.005598824,6.876982437,
71.33250255,0.040855227,0.036598398,,0.002774511,0.033823887,12.99941179,
60.35875667,0.033018773,0.021073295,,0.001520101,0.019553193,6.055523648,
74.25893486,0.026066052,0.024180487,,0.001345163,0.022835324,12.32630203,
60.16842888,0.034555759,0.023769996,,0.001606285,0.022163711,10.3917871,
13.22644336,0.007957166,0.004987433,,0.000444689,0.004542744,3.181567271,
,0.032996116,0.023418122,,0.001537998,0.021880124,,
,0.036287858,0.02417089,,0.00164455,0.02252634,,
45.15422182,,0.015640788,,0.001135453,0.014505335,9.5910993,
54.17311837,,0.038256936,,0.001907436,0.0363495,11.14865535,
48.01240037,,0.006527799,,0.000713622,0.005814178,9.663561215,
22.43506236,,0.006640112,,0.000694604,0.005945508,6.776912444,
71.5704918,0.048491485,0.043903717,,0.003351896,0.040551821,14.94630948,
36.46236623,,0.003329353,,0.000321862,0.003007491,7.422009136,
30.42037935,,0.0085562,,0.000808457,0.007747743,7.897937086,
38.59817232,0.047426401,0.04483855,,0.003296467,0.041542083,7.902327761,
59.49789612,,0.019285549,,0.001545872,0.017739677,12.26294043,
34.45124475,,0.003801076,,0.000354893,0.003446183,7.414382294,
44.86963272,,0.01846926,,0.001496142,0.016973118,9.613730359,
65.85547358,,0.007073699,,0.000980376,0.006093323,12.65929472,
74.3459629,0.049272936,0.040614662,,0.003881771,0.036732892,13.50337769,
37.45166726,,0.003905724,,0.000579777,0.003325947,8.548728765,
38.01028284,,0.003680517,,0.000339605,0.003340912,7.941874294,
54.46568117,,0.016353454,,0.001303318,0.015050136,11.55365018,
47.57725323,,0.007967999,,0.001074665,0.006893334,10.29676869,
38.27016249,,0.004276302,,0.000610729,0.003665573,8.398318413,
37.11193068,,0.003631572,,0.000337058,0.003294514,7.570209583,
78.12394025,0.042495197,0.038067286,,0.002931605,0.035135682,15.73242552,
,0.048731494,0.039425606,,0.003599272,0.035826334,,
31.96076595,,0.030728137,,0.00154882,0.029179317,5.923961454,
28.75276455,,0.014454063,,0.001014321,0.013439742,7.088388866,
34.12140914,,0.005599233,,0.000652334,0.004946899,8.173594005,
24.73358806,0.051337483,0.049981049,,0.004204234,0.045776815,5.277936288,
29.52987596,,0.005391555,,0.000809055,0.004582501,7.943002466,
55.37826981,,0.018097047,,0.001483149,0.016613898,11.76509432,
42.03579567,,0.00296386,,0.000404299,0.002559561,8.813617234,
77.3473666,,,,,,15.26686804,
31.64510599,,0.017424859,,0.001190873,0.016233986,7.476020803,
42.63092503,,0.016782269,,0.001614655,0.015167614,10.86237476,
,0.032146852,0.033756955,,0.001314956,0.032441999,,
24.9443837,,0.020613239,,0.000928972,0.019684268,5.466051356,
48.2677996,0.044470296,0.033142216,,0.002247738,0.030894479,9.359133718,
32.69175765,,0.02259508,,0.001325908,0.021269171,8.251911358,
43.83774464,,0.01096636,,0.001245344,0.009721016,10.14812354,
30.10163356,0.015562245,0.014469372,,0.00123927,0.013230102,8.81881846,
56.73848628,0.047852865,0.034406549,,0.00174732,0.03265923,10.27435367,
55.50794436,,0.010749876,,0.001209686,0.009540191,11.51623802,
50.28842258,0.031899494,0.023621176,,0.001552265,0.022068911,10.26337739,
41.54149688,0.000226792,0.01621564,,0.001268062,0.014947578,9.141721777,
26.65153911,,0.018654631,,0.000981096,0.017673535,5.894249594,
,0.052616839,0.034259923,,0.002140544,0.032119379,,
32.74566739,0.054308246,0.030406263,,0.001702372,0.028703891,7.811558194,
40.44531915,,0.012453798,,0.001162796,0.011291003,9.107430411,
,0.015230764,0.005422268,,0.000337687,0.005084582,,
50.74235624,0.035955789,0.040390315,,0.001487776,0.038902539,10.10488094,
38.12959862,0.013752652,0.018074757,,0.001157783,0.016916974,8.484730133,
19.21430972,,0.007108907,,0.000438848,0.006670059,4.210181967,
33.12774888,0.036592554,0.021180168,,0.001456081,0.019724087,7.597298761,
22.8200062,0.035540881,0.028922708,,0.001530521,0.027392188,6.791588062,
,0.01018217,0.006770812,,0.000750006,0.006020806,,
,0.01400135,0.006491156,,0.000534752,0.005956404,,
30.23613871,,0.006482199,,0.00082291,0.00565929,7.090311913,
49.09204919,0.04047108,0.037619016,,0.001567426,0.036051591,9.089975532,
55.49481979,0.047064955,0.013693487,,0.001367724,0.012325763,11.55147739,
40.46233374,,0.052344672,,0.002669442,0.049675229,8.563310829,
49.53144721,,0.011449212,,0.001056024,0.010393188,10.50099616,
,0.031986483,0.023193485,,0.001733096,0.021460389,,
,0.021919266,0.030964872,,0.001987244,0.028977628,,
60.33908879,0.036306668,0.023250937,,0.001853156,0.021397781,11.57296282,
,,0.010258575,,0.001141713,0.009116862,,
,0.013298078,0.010251705,,0.000850801,0.009400904,,
61.35423277,0.035681025,0.024203441,,0.001417829,0.022785612,13.14999798,
,0.018112047,0.012471127,,0.001105925,0.011365202,,
30.07376514,0.011200447,0.008257731,,0.001332185,0.006925546,7.775792698,
52.72172817,0.037678208,0.031873764,,0.002031748,0.029842016,9.926078421,
,0.01773498,0.003922313,,0.000427652,0.003494661,,
33.58844325,0.028386477,0.025095065,,0.001190194,0.023904871,6.529917095,
71.31568788,0.041874521,0.039669842,,0.002307256,0.037362586,14.76521147,
11.6674133,0.041918989,0.017013819,,0.001157387,0.015856433,3.226569693,
75.0733548,0.03437328,0.033844271,,0.002156041,0.03168823,13.98553339,
,0.055080916,0.051183702,,0.003059117,0.048124585,,
38.80014664,0.053866586,0.039446786,,0.002978889,0.036467898,10.05491648,
43.86249079,0.030535358,0.03123539,,0.001268185,0.029967205,7.901185737,
31.14769511,0.046325595,0.047621823,,0.001608359,0.046013464,7.172149034,
62.23533839,0.052552884,0.035140955,,0.001621945,0.033519011,12.59852174,
40.01644109,0.036181313,0.025435948,,0.001948309,0.023487639,7.402031051,
34.79577915,0.039191377,0.032415516,,0.002186791,0.030228725,7.938988455,
,0.010472083,0.005948212,,0.000548997,0.005399215,,
,0.010852076,0.005212407,,0.000566759,0.004645648,,
,0.007602256,0.005640591,,0.000502505,0.005138086,,
21.66039017,0.044876231,0.04088534,,0.001576537,0.039308803,5.091233492,
29.84701297,,0.014206581,,0.001801717,0.012404864,7.125491532,
,0.065801292,0.059366343,,0.003824957,0.055541386,,
,0.012130575,0.007405066,,0.000793498,0.006611568,,
73.6661132,0.037922171,0.0350144,,0.002094838,0.032919562,13.84068358,
58.1217129,0.041968346,0.040176104,,0.002736899,0.037439205,13.14041207,
,0.046016854,0.041240817,,0.002555258,0.038685559,,
35.35454933,0.009982617,0.006976147,,0.000962931,0.006013215,8.495523418,
26.37018476,0.069528658,0.066380733,,0.002801783,0.063578949,5.945690368,
43.17465981,0.035186608,0.041877245,,0.001985141,0.039892104,8.933164821,
64.94656523,0.034846796,0.030145718,,0.001845653,0.028300065,15.37901964,
,0.044835209,0.041679463,,0.002678793,0.03900067,,
,0.010613433,0.009097831,,0.000863908,0.008233922,,
67.9252828,0.045856425,0.044745151,,0.00246324,0.04228191,14.2401801,
,,0.011921729,,0.000849375,0.011072354,,
,,0.011313925,,0.000905499,0.010408426,,
,,0.009518488,,0.000897043,0.008621445,,
,,0.016233789,,0.001067739,0.01516605,,
,,0.010002343,,0.000739919,0.009262424,,
58.93479823,,0.006823285,,0.001071118,0.005752168,12.03992479,
,,0.008551078,,0.001203273,0.007347806,,
32.06271175,,0.008237877,,0.000830661,0.007407216,7.334041188,
,,0.009404268,,0.00075271,0.008651558,,
,,0.012267784,,0.000746959,0.011520825,,
,,0.010699705,,0.000794936,0.009904769,,
,,0.014600827,,0.001176761,0.013424066,,
,,0.022384456,,0.001006257,0.021378199,,
30.24900666,,0.051875085,,0.00210394,0.049771145,6.10342087,
42.29045218,,0.04514335,,0.001230578,0.043912771,8.489447609,
38.45907228,,0.038095655,,0.001489148,0.036606507,7.116228859,
36.44344017,,0.006788761,,0.000621804,0.006166958,7.989165646,
23.38213816,,0.007061135,,0.000470396,0.006590739,5.535327561,
,,0.006960281,,0.000456219,0.006504062,,
37.79335795,,0.04967518,,0.001974333,0.047700847,9.754916436,
,,0.009730669,,0.000623375,0.009107293,,
,,0.009861929,,0.000668279,0.00919365,,
,,0.018366973,,0.001054771,0.017312202,,
,,0.02737361,,0.001431403,0.025942208,,
,,0.033704416,,0.001513674,0.032190742,,
,,0.00826929,,0.00089596,0.00737333,,
36.7339176,,0.032014883,,0.001637985,0.030376897,7.322811527,
64.97552586,,0.008732524,,0.001179118,0.007553406,12.46737071,
27.37192171,,0.036652343,,0.001663432,0.034988912,6.682239131,
,,0.007870316,,0.000794168,0.007076148,,
,,0.008930316,,0.001008023,0.007922293,,
,,0.017583584,,0.001173253,0.016410331,,
30.25699088,,0.033561753,,0.001531325,0.032030428,6.269383904,
54.36547871,,0.007982577,,0.001099403,0.006883174,10.80878908,
60.72629125,,0.007481445,,0.001145856,0.006335589,11.82724513,
,,0.018620024,,0.001225703,0.017394322,,
,,0.025660837,,0.001191561,0.024469276,,
,,0.010047068,,0.000751326,0.009295742,,
33.02984169,,0.043039811,,0.001265972,0.041773839,7.220842488,
,,0.013545066,,0.000915565,0.012629501,,
,,0.013052774,,0.000973075,0.0120797,,
,,0.014148017,,0.000858211,0.013289806,,
,,0.006760362,,0.000579823,0.006180539,,
,,0.025825097,,0.000796806,0.025028291,,
27.74467013,,0.034888335,,0.001000868,0.033887467,5.307138383,
57.98798864,,0.006549466,,0.000815199,0.005734266,11.47636522,
45.64625709,,0.007754198,,0.000987988,0.00676621,9.706078999,
,,0.007850152,,0.000919032,0.00693112,,
,,0.035734073,,0.001158603,0.03457547,,
,,0.02058556,,0.00115236,0.019433199,,
39.48256262,,0.038921247,,0.001879963,0.037041283,10.58407772,
29.01173269,,0.03845603,,0.001424203,0.037031827,6.917413312,
,,0.021684427,,0.000966491,0.020717936,,
,,0.009575432,,0.000722033,0.008853399,,
,,0.011919067,,0.000841841,0.011077226,,
,,0.030515926,,0.001284684,0.029231242,,
69.48991199,,0.008711206,,0.00126446,0.007446746,13.08593466,
47.60598991,,0.038476858,,0.001150329,0.037326529,8.390437761,
34.64646158,,0.008544628,,0.001069898,0.00747473,8.298752238,
,,0.005852437,,0.000566142,0.005286295,,
43.57424564,,0.032052411,,0.000940937,0.031111474,8.050856446,
61.84971875,,0.008552981,,0.001296024,0.007256957,12.46255969,
,,0.011594659,,0.000693028,0.010901631,,
26.76447412,0.019790797,0.008979122,3.212962055,,,7.547696358,0.968686196
24.74853403,0.012446343,0.00359777,3.715885375,,,7.6387921,1.183458544
28.7475392,0.014464697,0.004582706,2.905599209,,,8.451562485,1.138707777
68.18551947,0.019947869,0.007090204,1.650159684,,,11.62001715,2.169330615
37.09796539,0.012840751,0.004271898,3.242724716,,,9.023417861,1.673124118
29.29625649,0.012497959,0.002912943,4.332305929,,,8.748426166,1.030723475
32.97792168,0.010730474,0.003867542,2.618133643,,,7.920989256,1.416568852
42.52215804,0.020123155,0.005090673,2.272846154,,,12.04510322,1.335144561
27.5844285,0.013642396,0.003811472,1.855035968,,,8.623809006,1.287536996
37.67601888,0.029936883,0.005694342,3.985629249,,,10.91858869,1.116725575
49.51951783,0.017614144,0.003691983,3.225553406,,,11.36733485,2.203916684
29.37303977,0.012677043,0.004200823,5.134309486,,,8.897926897,1.237890976
39.93271752,0.018420571,0.005357782,5.041697416,,,10.95000196,1.752261677
65.58076382,0.017748975,0.005607826,0.597367194,,,12.11460323,1.600649004
28.84675716,0.019339371,0.002648356,4.6418,,,8.740200717,0.871428343
36.9835463,0.017558743,0.003661106,3.742598897,,,9.102526397,1.440179677
34.66482346,0.017322905,0.00237366,3.397279044,,,9.119797188,1.312453372
36.83426917,0.019526961,0.00277724,3.357968412,,,9.789430026,1.108106957
46.77649605,0.013931596,0.003428464,4.572313012,,,10.84199867,1.841728981
40.41117533,0.022792972,0.003346523,4.1615,,,10.79531257,1.5147519
11.39552854,,,0.185566772,,,5.237370171,0.898114386
26.9641431,0.017631523,0.008623366,3.403160953,,,7.59035155,0.943068951
24.80128858,0.012233248,0.003760415,4.173440607,,,7.723132358,1.150168938
28.34781914,0.013776628,0.004613465,3.421533347,,,8.362843953,1.13332355
67.26299066,0.018637691,0.006911706,2.288419846,,,11.68842464,2.088911436
34.53438166,0.012060752,0.00431911,3.894037603,,,8.957947219,1.611423618
28.81359031,0.012272288,0.003211286,4.192724298,,,8.818611137,1.03938171
32.59127447,0.010076904,0.003884174,3.246462203,,,8.093649623,1.383780847
40.78693099,0.019614151,0.005245072,2.751174825,,,11.80765352,1.342719993
26.6341299,0.013210577,0.004067795,2.303239401,,,8.46512874,1.243804766
36.7674536,0.029688653,0.005892743,4.141808737,,,10.76277878,1.052231379
46.01352367,0.016258335,0.003836118,3.240217105,,,11.0960983,2.022006727
28.85918498,0.012313273,0.004343945,5.421877346,,,8.927648595,1.244632136
36.40127244,0.018344562,0.005116348,4.91657104,,,10.5178251,1.818618854
64.51499952,0.017230393,0.005861777,0.911763095,,,11.97217215,1.60783379
26.15906687,0.015984426,0.002706881,4.0238,,,8.174988201,0.853262123
36.47055088,0.015121077,0.003578592,4.204001103,,,9.270984968,1.526747342
33.92166481,0.017047846,0.002697806,2.722846149,,,9.099317901,1.320270635
40.00152803,0.017779874,0.002915164,3.923863111,,,9.947849003,1.330279578
45.55877197,0.013716061,0.003374587,4.481435119,,,10.71617282,1.80954791
38.92696403,0.021138105,0.003468835,4.77375,,,10.91132889,1.542308473
13.93011518,,,0.299947806,,,5.575082154,0.893277194
27.13356608,0.015707787,0.008309201,3.585484044,,,7.619923515,0.919914237
24.76882552,0.012054091,0.003896756,4.581430518,,,7.780232533,1.117428376
27.99340277,0.013161998,0.004632154,3.897086998,,,8.280820441,1.126706506
66.46363893,0.017462541,0.006757285,2.880112503,,,11.75364076,2.0212197
32.19180842,0.01134384,0.004353515,4.485881643,,,8.883702827,1.548682441
28.36430429,0.01207779,0.003470766,4.061438902,,,8.873376745,1.047345872
32.27359121,0.009502207,0.003889339,3.822819014,,,8.240334269,1.353375679
38.96002508,0.01918194,0.005384474,3.149601399,,,11.53067527,1.335833557
25.8005255,0.012803207,0.004281703,2.705798045,,,8.319308142,1.206638504
35.99423441,0.02947204,0.006055076,4.284054275,,,10.62803735,0.998261899
42.95293939,0.015063631,0.003967817,3.269170666,,,10.86157784,1.860984239
28.39852904,0.012008694,0.004469857,5.680152195,,,8.953352694,1.250460478
33.24150721,0.018302923,0.004950892,4.784800375,,,10.12557124,1.871220177
63.42192478,0.016752376,0.006097657,1.202770709,,,11.83813111,1.613832709
19.41490343,0.014778601,0.002565471,3.5008,,,7.030633345,0.801445769
35.93890206,0.012983437,0.003502125,4.62901973,,,9.395465671,1.595767507
33.14658884,0.016726568,0.002952975,2.163385632,,,9.049222308,1.319848601
42.81463964,0.01618061,0.003039215,4.432610407,,,10.09553082,1.52670688
44.48197455,0.013530571,0.003330009,4.389625722,,,10.61304618,1.787605601
37.53944947,0.020078721,0.003799106,5.124666667,,,10.94060763,1.521565097
33.82634554,0.010653486,0.002742269,4.700901471,,,9.952183496,1.552383007
16.24303472,0.008671466,0.002675261,0.397018824,,,5.912575856,0.895493398
27.27274307,0.014019588,0.008036628,3.759931329,,,7.636412252,0.899222057
24.65114486,0.011908871,0.004006795,4.939855107,,,7.810092626,1.085236858
27.68429009,0.012620808,0.004638774,4.332260162,,,8.20549195,1.118856646
65.78746429,0.016422421,0.006626941,3.425237653,,,11.81566551,1.966255405
30.07024566,0.010690014,0.004375113,5.018256837,,,8.800684686,1.484900589
27.94839843,0.011914465,0.003691384,3.93844974,,,8.91272299,1.054615961
32.02487189,0.009006385,0.003883039,4.347204076,,,8.361043194,1.325353351
37.04144032,0.018826523,0.005508878,3.468125874,,,11.21416848,1.314485253
25.0836153,0.012420286,0.004453195,3.062711899,,,8.186347211,1.176038208
35.35636132,0.029287044,0.006181341,4.412365862,,,10.51436442,0.954817133
40.33776498,0.014030031,0.004087079,3.312414087,,,10.66377346,1.720849222
27.99107194,0.011763306,0.004578557,5.909134034,,,8.975039193,1.255376001
30.45342183,0.018295656,0.004861413,4.646385421,,,9.773240382,1.910065646
62.3015396,0.016314924,0.006315466,1.470390035,,,11.71248013,1.618645761
8.614266842,0.015721895,0.002224124,3.0728,,,5.30713615,0.715979279
35.38859982,0.011145823,0.003431707,5.017654779,,,9.475968505,1.647240174
45.27360399,0.014729168,0.003149394,4.884210302,,,10.23247548,1.697388864
43.54610378,0.013375125,0.003294727,4.29688482,,,10.53261873,1.775902053
36.24863164,0.019614821,0.004337336,5.21425,,,10.88314878,1.452521772
32.27034476,0.010499361,0.002929116,4.749754412,,,9.680923126,1.484379487
27.38167406,0.012566928,0.007805646,3.926502808,,,7.639817762,0.880992408
24.44824659,0.01179759,0.00409053,5.248714375,,,7.812712635,1.053594385
27.42048111,0.012153057,0.004633324,4.72705284,,,8.136858478,1.109773969
65.23446673,0.015517329,0.006520673,3.923795299,,,11.8744989,1.924018552
28.16969338,0.010099274,0.004383905,5.491163184,,,8.708892795,1.420078061
27.56587274,0.011782312,0.003873139,3.823756813,,,8.936649872,1.061191976
31.84511651,0.008589436,0.003865273,4.819617389,,,8.455776398,1.299713862
35.03117669,0.018547898,0.005618284,3.706748252,,,10.85813315,1.27867508
24.48339931,0.012061815,0.00458227,3.373980965,,,8.066245947,1.152003879
34.85383433,0.029133666,0.00627154,4.526743499,,,10.42175999,0.921897082
38.16800044,0.013157537,0.004193906,3.369947368,,,10.50268515,1.601601675
27.6368137,0.01157711,0.004670047,6.108822862,,,8.992708093,1.259378707
28.03701629,0.018322759,0.004847913,4.501326178,,,9.460832526,1.935155259
61.15384399,0.015918038,0.006515205,1.714621073,,,11.59521919,1.622272946
34.81964417,0.009608237,0.003367337,5.36990625,,,9.51249347,1.681165341
47.37842108,0.013425548,0.003245701,5.278662794,,,10.35868298,1.842325529
42.75115967,0.013249725,0.003268743,4.203212413,,,10.47489049,1.774437268
35.05451056,0.019746405,0.005083524,5.0425,,,10.73895234,1.335178499
30.8837053,0.010376081,0.003099305,4.792235747,,,9.43724631,1.424907827
27.46035905,0.011349806,0.007616256,4.085198481,,,7.630140045,0.865225292
24.16013071,0.011720246,0.004147962,5.508008321,,,7.788092561,1.022500957
27.20197583,0.011758745,0.004615804,5.08146503,,,8.074920026,1.099458476
64.80464625,0.014747266,0.006438482,4.375785438,,,11.93014091,1.894509141
26.49015158,0.00957162,0.00437989,5.904600684,,,8.608327154,1.354214857
27.2167272,0.011681333,0.004016031,3.717360121,,,8.945157392,1.067073918
31.73432508,0.008251361,0.003836042,5.240058953,,,8.524533881,1.276457211
32.92923421,0.018346066,0.005712693,3.865468531,,,10.46256929,1.228403039
23.99987752,0.011727793,0.004668928,3.639605242,,,7.95900435,1.134535517
34.48665345,0.029011904,0.006325671,4.627187185,,,10.35022405,0.899501747
36.44364578,0.012446147,0.004288296,3.441770511,,,10.37831293,1.503241598
27.3357543,0.011450104,0.004744326,6.279218681,,,9.006359392,1.262468594
25.99229059,0.018384233,0.004910391,4.349622647,,,9.188347672,1.946489018
59.97883795,0.015561718,0.006696874,1.935463824,,,11.4863483,1.624714264
34.23203511,0.008370676,0.003309015,5.685774142,,,9.505040566,1.69754301
42.09714222,0.013154369,0.003252056,4.108608501,,,10.43986145,1.783211244
33.95708621,0.020473472,0.006037671,4.609416667,,,10.50801832,1.169535276
29.66642715,0.010283648,0.003252838,4.828345475,,,9.221153048,1.373968026
44.015923,0.011120077,0.003012904,2.613833333,,,10.56141058,1.821228878
27.50879805,0.010368222,0.007468458,4.236018348,,,7.6073791,0.851920708
23.78679723,0.01167684,0.004179091,5.717736946,,,7.736232404,0.991956573
27.02877423,0.011437873,0.004586215,5.395496734,,,8.019676594,1.087910167
64.49800286,0.014112232,0.006380367,4.781208072,,,11.98259155,1.877727171
25.03162027,0.009107053,0.004363069,6.258569337,,,8.498987764,1.287310977
26.90096182,0.011611526,0.00412006,3.619259663,,,8.938245548,1.072261787
31.69249759,0.00799216,0.003795344,5.608528767,,,8.567315642,1.255583399
30.73561287,0.018221027,0.005792104,3.944286713,,,10.02747688,1.163669129
23.63304993,0.011418221,0.004713171,3.859584731,,,7.86462242,1.123633122
34.25481866,0.028921761,0.006343735,4.713696921,,,10.29975661,0.887631126
35.16470099,0.011895863,0.00437025,3.527883514,,,10.29065679,1.425768991
27.08789375,0.011382289,0.004801395,6.420321489,,,9.015993091,1.264645664
24.31924474,0.018480077,0.005048847,4.191274827,,,8.95578582,1.944066923
58.77652148,0.015245963,0.006860472,2.132918286,,,11.38586745,1.625969715
33.62577264,0.007433143,0.003256741,5.965258456,,,9.453609794,1.69637318
28.61851032,0.010222061,0.003389713,4.858083597,,,9.03264334,1.331560086
40.73031583,0.010903601,0.003392806,2.87325,,,10.43740353,1.582356432
31.18019107,0.020222731,0.002936407,2.530965035,,,9.178110102,1.025864465
27.52699105,0.009622176,0.007362251,4.378962409,,,7.571534927,0.841078657
23.32824614,0.011667371,0.004183916,5.87790025,,,7.657132165,0.961961234
26.90087633,0.011190439,0.004544555,5.669147951,,,7.971128182,1.075129041
64.31453655,0.013612227,0.006346329,5.1400632,,,12.03185083,1.873672644
23.79409944,0.008705572,0.004333441,6.553069143,,,8.380874624,1.219366422
26.61857661,0.011572892,0.004185227,3.52945544,,,8.915914342,1.076755583
31.71963405,0.007811832,0.003743181,5.925026832,,,8.584121683,1.237092425
28.45031267,0.01817278,0.005856518,3.943202797,,,9.552855932,1.084473351
23.38291654,0.011133098,0.004714997,4.03391943,,,7.783100157,1.119296694
34.15832998,0.028863234,0.006325732,4.786272706,,,10.27035766,0.886285221
34.33116607,0.011506683,0.004439769,3.628286378,,,10.23971672,1.369183855
26.89323205,0.011373666,0.004841252,6.532131288,,,9.02160919,1.265909915
23.01787873,0.018610293,0.005263282,4.026282719,,,8.763146969,1.927888973
57.54689456,0.014970774,0.007006,2.30698446,,,11.29377666,1.626039298
33.00085676,0.006795636,0.003210515,6.208359191,,,9.358201154,1.677655851
27.73995481,0.010191321,0.003509931,4.881450113,,,8.871717187,1.297684006
38.02345736,0.01073516,0.003666325,2.97175,,,10.30480142,1.4154789
24.48262588,0.007444387,0.00425538,0.622723689,,,7.596770144,1.012375351
30.6734715,0.01864833,0.00316043,3.239404196,,,9.307175197,1.178081749
41.41673432,0.013087512,0.002226038,0.783708333,,,9.390030539,0.866319775
27.51493805,0.009111668,0.007297636,4.514030664,,,7.522607527,0.832699138
22.78447745,0.011691841,0.004162439,5.988498232,,,7.550791842,0.932514939
26.81828212,0.011016445,0.004490827,5.902418681,,,7.92927479,1.061115099
64.25424732,0.013247251,0.006336368,5.452350822,,,12.07791873,1.882345558
22.77758909,0.008367178,0.004291006,6.788100103,,,8.253987734,1.150381191
26.36957155,0.011565432,0.004211531,3.447947452,,,8.878163772,1.080555306
31.81573445,0.007710378,0.003679552,6.189553148,,,8.574952002,1.220984291
26.07333361,0.018201327,0.005905933,3.862216783,,,9.038706446,0.990815705
23.24947736,0.010872424,0.004674407,4.162609341,,,7.714437561,1.121526233
34.1971874,0.028836325,0.006271662,4.844914541,,,10.26202721,0.895464031
33.94304103,0.011278608,0.004496851,3.742979102,,,10.22549274,1.333486189
26.7517692,0.011424233,0.004863898,6.614648076,,,9.02320769,1.266261348
22.08819256,0.018774879,0.005553694,3.854646322,,,8.61043112,1.897955168
56.28995722,0.01473615,0.007133458,2.457662347,,,11.21007591,1.624923015
32.35728747,0.006458156,0.003170337,6.415076348,,,9.218814645,1.641391023
27.82586906,0.013828316,0.003035487,1.221042466,,,8.126706321,1.14429114
27.03076062,0.010191427,0.003613491,4.898445023,,,8.738374587,1.272339786
35.89534758,0.010614752,0.003833461,2.909333333,,,10.16360424,1.320596283
25.46554281,0.007173245,0.004044528,0.615934616,,,7.932954158,1.056911928
30.23691626,0.017375804,0.003352838,3.745414452,,,9.403072299,1.314061087
38.39620628,0.013116637,0.002250804,1.858291667,,,9.320611597,0.883358995
27.47263906,0.008836698,0.007274612,4.641223112,,,7.4605969,0.826782152
22.15549115,0.011750248,0.004114658,6.049530892,,,7.417211437,0.903617689
26.78099161,0.01091589,0.004425028,6.095308924,,,7.894116418,1.04586834
64.31713517,0.013017303,0.006350483,5.718070938,,,12.12079527,1.903745915
21.98208923,0.00809187,0.004235765,6.963662216,,,8.118327095,1.080355284
26.15394666,0.011589144,0.004198972,3.374735698,,,8.82499384,1.083660955
31.9807988,0.007687798,0.003604456,6.402107714,,,8.5398066,1.207258995
23.60467569,0.018306667,0.005940352,3.701328671,,,8.48502842,0.882696191
23.23273238,0.0106362,0.004591401,4.245654462,,,7.658634632,1.130321739
34.37139092,0.028841033,0.006181524,4.889622426,,,10.27476525,0.915167555
34.00032586,0.011211638,0.004541497,3.871961687,,,10.24798483,1.318675993
26.6635052,0.011533991,0.004869334,6.667871854,,,9.02078859,1.265699963
21.53018624,0.018973836,0.005920084,3.676365636,,,8.497638273,1.854265509
55.00570944,0.014542092,0.007242845,2.584951945,,,11.13476521,1.622620864
31.69506476,0.006420702,0.003136206,6.585409926,,,9.035450267,1.587578697
26.82737177,0.01318351,0.002807821,1.466388594,,,7.869296585,1.086194022
26.49092775,0.010222379,0.003700394,4.909068326,,,8.632615542,1.255527425
34.34598648,0.010542379,0.003894215,2.686,,,10.01381198,1.297708581
26.22679263,0.006893527,0.00365805,0.591835529,,,8.268919891,1.108501901
29.87052536,0.016405152,0.003513632,4.048995804,,,9.465801408,1.43380248
35.5465995,0.013077487,0.002261671,2.621375,,,9.172339029,0.883893027
27.40009407,0.008797266,0.007293179,4.760539755,,,7.385503045,0.823327697
21.44128725,0.011842594,0.004040574,6.060998232,,,7.256390948,0.875269483
26.78900479,0.010888775,0.00434716,6.247818681,,,7.865653066,1.029388765
64.50320011,0.012922384,0.006388674,5.937223549,,,12.16048043,1.937873713
21.40759985,0.007879648,0.004167717,7.079755482,,,7.973892706,1.009288702
25.97170193,0.011644029,0.004147551,3.309820179,,,8.756404545,1.086072531
32.2148271,0.007744092,0.003517896,6.562690531,,,8.478685476,1.195916538
21.04433891,0.018488799,0.005959772,3.460538462,,,7.891821855,0.760114808
23.3326816,0.010424425,0.004465978,4.283054795,,,7.61569137,1.145683212
34.68094053,0.028877358,0.006055319,4.920396359,,,10.30857179,0.945395795
34.50302056,0.011305773,0.004573707,4.015234133,,,10.30719301,1.324753268
26.62844005,0.01170294,0.004857559,6.691802621,,,9.014351889,1.26422576
21.34385976,0.019207164,0.006362453,3.491440661,,,8.424768428,1.796819995
53.69415123,0.0143886,0.007334162,2.688853256,,,11.06784455,1.619132847
31.01418865,0.006683275,0.003108124,6.719359926,,,8.80810802,1.516218871
25.79695715,0.012492485,0.002511179,1.8267071,,,7.582270544,1.019857605
26.12045619,0.010284178,0.00377064,4.913320023,,,8.55444005,1.247246925
33.37537407,0.010518039,0.003848585,2.30175,,,9.855424652,1.346815794
26.76637536,0.006605234,0.003095946,0.550426426,,,8.604667342,1.167145269
29.5742988,0.015736375,0.003642811,4.150148252,,,9.495362523,1.537305928
32.86791398,0.012970062,0.00225864,3.072958333,,,8.945212834,0.867921871
27.29730308,0.008993372,0.007353338,4.871980591,,,7.297325962,0.822335775
20.64186574,0.011968877,0.003940186,6.02290025,,,7.068330377,0.847470322
26.84232167,0.010935098,0.004257222,6.359947951,,,7.843884733,1.011676374
64.81244213,0.012962494,0.006450943,6.109808654,,,12.19697423,1.984728953
21.05412095,0.007730512,0.004086862,7.136379902,,,7.820684567,0.937181443
25.82283736,0.011730087,0.004057267,3.253200895,,,8.672395886,1.087790034
32.51781933,0.00787926,0.003419869,6.6713016,,,8.391588632,1.186956919
18.39232327,0.018747725,0.005964196,3.139846154,,,7.25908675,0.623071557
23.54932502,0.010237099,0.004298139,4.274810339,,,7.585607775,1.167610652
35.12583625,0.028945301,0.005893047,4.937236343,,,10.36344682,0.98614875
35.45112513,0.011561013,0.004593481,4.17279644,,,10.40311726,1.351718012
26.64657375,0.011931081,0.004828573,6.686440379,,,9.003897589,1.261838739
21.52921312,0.019474862,0.006880799,3.299871398,,,8.391821584,1.725618626
52.35528258,0.014275673,0.007407408,2.769366278,,,11.00931395,1.614458962
30.31465912,0.007245874,0.00308609,6.816926348,,,8.536787905,1.427311547
24.7346252,0.011755242,0.002145561,2.301997983,,,7.265628196,0.945281892
25.91934595,0.010376823,0.003824228,4.911200113,,,8.503848113,1.247498284
32.98351035,0.010541733,0.003696573,1.756583333,,,9.688442253,1.467917921
27.08429098,0.006308365,0.002358216,0.491707309,,,8.940196513,1.232842033
29.34823657,0.015369473,0.003740375,4.048871795,,,9.491755644,1.624571431
30.36014974,0.012794361,0.002241711,3.213041667,,,8.639233013,0.835445528
27.16426609,0.009425016,0.007455089,4.975545621,,,7.196065652,0.823806386
19.75722662,0.012129097,0.003813496,5.935236946,,,6.853029722,0.820220206
26.94094223,0.011054861,0.004155215,6.431696734,,,7.828811421,0.992731167
65.24486124,0.013137633,0.006537287,6.235826253,,,12.23027665,2.044311635
20.92165253,0.007644462,0.003993201,7.133535475,,,7.658702678,0.864033509
25.70735295,0.011847318,0.00392812,3.204877845,,,8.572967865,1.088813464
32.88977552,0.008093301,0.003310376,6.727940918,,,8.278516067,1.18038014
23.88266265,0.010074223,0.004087884,4.220921094,,,7.568383847,1.196104058
35.70607807,0.029044861,0.005694708,4.940142376,,,10.43939034,1.03742642
36.84463958,0.011977358,0.004600819,4.344648607,,,10.5357576,1.399570227
26.71790629,0.012218412,0.004782376,6.651785126,,,8.989425689,1.258538899
50.9891035,0.014203311,0.007462584,2.826491013,,,10.95917339,1.60859921
29.59647618,0.0081085,0.003070105,6.878109191,,,8.221489921,1.320856724
51.46765644,0.008318185,0.003516751,6.376976259,,,10.98180525,2.07498738
41.46496643,0.013328134,0.003395575,3.420298985,,,10.83023588,2.131314404
25.88759703,0.010500315,0.00386116,4.902708597,,,8.48083973,1.256281504
29.19233868,0.015304445,0.003806324,3.745166434,,,9.454980773,1.695598988
28.02330676,0.012550385,0.002210883,3.041625,,,8.254399566,0.786463997
27.00098311,0.010092198,0.007598431,5.071234845,,,7.081722115,0.827739529
18.7873699,0.012323256,0.003660502,5.798008321,,,6.610488985,0.793519134
27.0848665,0.011248063,0.004041137,6.46306503,,,7.820433128,0.972553143
65.80045743,0.013447801,0.006647708,6.315276347,,,12.26038771,2.116621758
21.0101946,0.007621499,0.003886733,7.071222201,,,7.48794704,0.789844899
25.6252487,0.011995721,0.00376011,3.16485103,,,8.458120481,1.08914282
33.33069564,0.008386216,0.003189418,6.732608488,,,8.13946778,1.176186199
24.33269448,0.009935796,0.003835212,4.121387061,,,7.564019586,1.231163432
36.421666,0.029176038,0.005460301,4.929114458,,,10.53640237,1.099228805
38.6835639,0.012554807,0.004595721,4.530790635,,,10.70511401,1.468309912
26.84243769,0.012564934,0.004718968,6.587836863,,,8.970936189,1.254326242
23.01495938,0.020113372,0.008145427,2.896800006,,,8.445696902,1.541948325
49.59561398,0.014171516,0.007499689,2.86022746,,,10.91742288,1.601553591
28.85963984,0.009271153,0.003060167,6.902908456,,,7.862214069,1.196854401
41.93836223,0.013473137,0.003453266,3.318243035,,,10.97680047,2.221998474
26.02520942,0.010654653,0.003881433,4.887845475,,,8.485414901,1.273596583
,,,0.322339029,,,,
29.10660513,0.015541293,0.003840658,3.239032168,,,9.385037907,1.7503886
25.85738505,0.012238134,0.002166158,2.558708333,,,7.790712493,0.720977279
26.80745413,0.010994918,0.007783365,5.159048263,,,6.95429535,0.834135204
17.73229557,0.012551353,0.003481205,5.611214375,,,6.340708164,0.767367106
27.27409445,0.011514705,0.00391499,6.45405284,,,7.818749856,0.951142302
66.4792307,0.013892998,0.006782206,6.348158935,,,12.28730739,2.201659324
21.31974715,0.007661623,0.003767459,6.94944008,,,7.308417653,0.714615614
25.57652461,0.012175298,0.003553238,3.133120449,,,8.327853734,1.088778103
33.84057971,0.008758005,0.003056994,6.685304309,,,7.974443772,1.174375097
24.89942051,0.009821818,0.003540124,3.976208238,,,7.572514992,1.272788773
37.27260002,0.029338833,0.005189827,4.90415259,,,10.65448288,1.171555906
40.96789809,0.013293362,0.004578187,4.731222523,,,10.9111865,1.557937068
27.02016793,0.012970647,0.004638349,6.49459559,,,8.948429089,1.249200766
24.31535228,0.020484183,0.008891708,2.685297877,,,8.532519063,1.429479393
48.17481403,0.014180285,0.007518724,2.870575619,,,10.88406241,1.593322106
28.10415008,0.010733832,0.003056277,6.891324142,,,7.458960348,1.05530458
42.55268469,0.013648184,0.003520256,3.21525558,,,11.14606426,2.322921305
26.33218313,0.010839838,0.00388505,4.866610747,,,8.517573626,1.299443523
29.09103591,0.016080015,0.003843377,2.530468998,,,9.281927048,1.788940267
23.86238461,0.011857607,0.002107534,1.764291667,,,7.248171793,0.638985373
26.58367916,0.012133177,0.00800989,5.238985875,,,6.813785357,0.842993412
16.59200364,0.012813387,0.003275604,5.374855107,,,6.043687261,0.741764123
27.5086261,0.011854785,0.003776774,6.404660162,,,7.823761603,0.928498645
67.28118105,0.014473223,0.006940781,6.334474017,,,12.31103571,2.299424331
21.85031019,0.007764832,0.003635378,6.768189112,,,7.120114515,0.638345652
25.56118068,0.012386048,0.003307503,3.109686104,,,8.182167624,1.087719313
34.41942773,0.009208667,0.002913104,6.58602838,,,7.783444043,1.174946834
25.58284074,0.00973229,0.00320262,3.785384627,,,7.593870065,1.320980081
38.25888014,0.029533245,0.004883286,4.865256771,,,10.79363189,1.254407721
43.69764216,0.014193021,0.004548216,4.945944272,,,11.15397508,1.668451693
27.25109702,0.013435552,0.00454052,6.372061306,,,8.921904389,1.243162473
25.98742501,0.020889364,0.009713967,2.46715146,,,8.659264227,1.303254606
46.72670365,0.014229621,0.007519689,2.85753549,,,10.85909199,1.583904753
43.3079338,0.013853277,0.003596542,3.111336621,,,11.33802726,2.434082898
26.80851816,0.011055869,0.003872009,4.839004412,,,8.577315905,1.333822322
29.14563102,0.016920611,0.003814482,1.619476923,,,9.145648196,1.811253989
26.32965819,0.013506973,0.008278007,5.31104768,,,6.660192137,0.854314152
15.36649409,0.013109359,0.003043701,5.088930518,,,5.719426275,0.716710185
27.78846144,0.012268305,0.003626488,6.314886998,,,7.83546837,0.904622172
68.20630849,0.015188478,0.007123431,6.274221594,,,12.33157266,2.409916781
22.60188371,0.007931128,0.00349049,6.527469298,,,6.923037628,0.561035015
25.57921691,0.01262797,0.003022905,3.094547993,,,8.021062151,1.08596645
35.06723969,0.009738204,0.002757748,6.434780702,,,7.566468592,1.177901409
26.38295517,0.009667211,0.002822699,3.548916226,,,7.628084805,1.375737356
39.38050637,0.029759274,0.004540678,4.812427002,,,10.9538494,1.347784251
27.53522497,0.013959647,0.00442548,6.220234013,,,8.89136209,1.236211361
28.0311776,0.021328917,0.010612204,2.242360754,,,8.825932392,1.163273964
45.25128283,0.014319522,0.007502583,2.821107073,,,10.84251162,1.573301532
44.20410957,0.014088414,0.003682126,3.006486157,,,11.55268946,2.555483253
27.45421451,0.011302746,0.003842311,4.805026471,,,8.664641738,1.376732982
29.27039048,0.018063083,0.003753971,0.506055944,,,8.976201351,1.817329766
26.04539122,0.015116308,0.008587715,5.37523368,,,6.49351569,0.868097424
14.05576695,0.013439269,0.002785494,4.753440607,,,5.367925206,0.692205291
28.11360048,0.012755264,0.003464132,6.184733347,,,7.853870158,0.879512883
69.25461301,0.016038761,0.007330159,6.167401664,,,12.34891823,2.533136672
25.63063331,0.012901065,0.002699445,3.087706116,,,7.844537316,1.083519513
27.29976381,0.009626582,0.002400363,3.266803037,,,7.675159212,1.437060598
40.63747869,0.03001692,0.004162002,4.745663283,,,11.1351354,1.451685497
27.87255176,0.014542933,0.004293228,6.039113709,,,8.85680219,1.228347431
30.44661002,0.02180284,0.011586419,2.010925759,,,9.032523558,1.009537468
43.74855157,0.014449988,0.007467407,2.761290368,,,10.8343213,1.561512445
45.241212,0.014353597,0.003777007,2.900704187,,,11.79005086,2.68712237
25.73087825,0.01696118,0.008939015,5.431543874,,,6.313756015,0.884343229
12.6598222,0.013803117,0.002500984,4.368385375,,,4.989184053,0.668249442
28.48404321,0.013315663,0.003289706,6.014199209,,,7.878966965,0.853170777
70.42609461,0.017024073,0.007560963,6.014014229,,,12.36307244,2.669084005
25.71542986,0.013205334,0.002337122,3.089160474,,,7.652593117,1.080378504
28.33326665,0.009610402,0.00193561,2.939045059,,,7.735093286,1.504949807
42.02979712,0.030306184,0.00374726,4.664965613,,,11.3374899,1.566111457
28.2630774,0.01518541,0.004143766,5.828700395,,,8.81822469,1.219570683
42.21850989,0.01462102,0.007414161,2.678085375,,,10.83452103,1.548537491
39.66039807,0.010696191,0.0031374,4.800520471,,,10.99818626,1.168180386
46.41924108,0.014648824,0.003881186,2.793990714,,,12.05011146,2.829000249
25.38611929,0.019041591,0.009331906,5.479978261,,,6.120913113,0.903051566
11.17865984,0.014200902,0.00219017,3.933764822,,,4.583202818,0.644842637
28.89978964,0.0139495,0.003103211,5.803284585,,,7.910758792,0.825595855
71.7207533,0.018144414,0.007815843,5.814059289,,,12.37403528,2.81775878
25.83360658,0.013540775,0.001935936,3.098911067,,,7.445229555,1.076543421
29.48346369,0.009618671,0.00142844,2.565642292,,,7.807887027,1.579404983
43.55746164,0.030627065,0.003296449,4.570333992,,,11.56091289,1.691062133
28.70680189,0.015887079,0.003977094,5.588994071,,,8.775629591,1.209881117
40.66115777,0.014832618,0.007342844,2.571492095,,,10.8431108,1.53437667
36.45300626,0.011609903,0.003025621,4.337761932,,,10.96333637,0.926937272
47.73819683,0.014974095,0.003994662,2.686345735,,,12.33287127,2.981116889
,,,5.19,,,,
,,,5.04,,,,
,,,6.36,,,,
,,,6.34,,,,
,,,5.18,,,,
,,,4.5,,,,
,,,6.09,,,,
,,,5.91,,,,
,,,3.78,,,,
,,,4.75,,,,
,,,4.46,,,,
,,,8.75,,,,
,,,5.41,,,,
,,,3.42,,,,
,,,5.36,,,,
,,,5.15,,,,
,,,3.49,,,,
,,,1.79,,,,
,,,5.17,,,,
,,,1.86,,,,
,,,3.75,,,,
,,,5.06,,,,
,,,4.19,,,,
,,,2.76,,,,
33.0,,,1.0,,,,
32.0,,,0.95,,,,
39.0,,,1.71,,,,
34.0,,,1.01,,,,
34.0,,,0.79,,,,
37.0,,,0.87,,,,
,,,2.69,,,,
,,,2.21,,,,
35.0,,,1.03,,,,
31.0,,,0.99,,,,
30.0,,,0.49,,,,
39.0,,,0.86,,,,
30.0,,,1.29,,,,
44.0,,,1.28,,,,
30.0,,,1.49,,,,
25.0,,,2.25,,,,
27.0,,,1.31,,,,
36.0,,,1.99,,,,
35.0,,,1.91,,,,
35.0,,,1.78,,,,
30.0,,,2.08,,,,
36.0,,,1.35,,,,
31.0,,,2.34,,,,
,,,3.15,,,,
34.0,,,0.99,,,,
26.0,,,2.1,,,,
25.0,,,3.26,,,,
24.0,,,1.74,,,,
28.0,,,1.32,,,,
34.0,,,1.65,,,,
33.0,,,0.67,,,,
33.0,,,0.8,,,,
34.0,,,1.3,,,,
30.0,,,0.96,,,,
37.0,,,0.63,,,,
38.0,,,0.97,,,,
,,,0.54,,,,
,,,0.94,,,,
67.0,,,0.41,,,,
25.0,,,0.77,,,,
28.0,,,1.54,,,,
24.0,,,0.75,,,,
65.0,,,0.51,,,,
22.0,,,1.46,,,,
21.0,,,1.56,,,,
,,,7.69,,,,
28.0,,,5.49,,,,
44.0,,,7.43,,,,
38.0,,,5.79,,,,
33.0,,,5.33,,,,
27.0,,,4.86,,,,
28.0,,,3.84,,,,
45.0,,,4.4,,,,
36.0,,,4.08,,,,
31.0,,,5.28,,,,
32.0,,,5.06,,,,
33.0,,,4.46,,,,
35.0,,,7.36,,,,
15.0,,,3.15,,,,
,,,3.38,,,,
34.0,,,4.37,,,,
36.0,,,4.64,,,,
58.0,,,7.36,,,,
35.0,,,4.15,,,,
,,,5.37,,,,
33.0,,,4.34,,,,
,,,4.39,,,,
56.0,,,5.93,,,,
40.0,,,7.26,,,,
,,,4.16,,,,
,,,4.75,,,,
,,,3.36,,,,
36.0,,,3.08,,,,
55.0,,,3.08,,,,
,,,5.37,,,,
,,,4.43,,,,
,,,5.88,,,,
,,,4.24,,,,
,,,4.51,,,,
,,,4.83,,,,
,,,4.25,,,,
30.0,,,3.64,,,,
,,,3.35,,,,
,,,4.24,,,,
,,,5.36,,,,
44.0,,,6.42,,,,
34.0,,,4.24,,,,
,,,,,,,
,,,,,,,
,,,,,,,
,,,,,,,
,,,,,,,
22.0,,,6.76,,,,
36.0,,,8.77,,,,
40.0,,,6.19,,,,
34.0,,,3.92,,,,
36.0,,,6.69,,,,
69.0,,,5.41,,,,
40.0,,,6.4,,,,
40.0,,,5.42,,,,
64.0,,,7.57,,,,
45.0,,,6.7,,,,
55.0,,,7.45,,,,
38.0,,,7.77,,,,
40.0,,,5.76,,,,
37.0,,,5.8,,,,
50.0,,,6.39,,,,
23.0,,,0.99,,,,
28.0,,,1.02,,,,
22.0,,,1.31,,,,
18.0,,,4.38,,,,
21.0,,,4.01,,,,
17.0,,,3.89,,,,
20.0,,,3.15,,,,
13.0,,,3.91,,,,
13.0,,,2.8,,,,
,,,,,,,
,,,,,,,
,,,,,,,
,,,,,,,
26.76447412,0.019790797,0.008979122,3.212962055,,,7.547696358,0.968686196
24.74853403,0.012446343,0.00359777,3.715885375,,,7.6387921,1.183458544
28.7475392,0.014464697,0.004582706,2.905599209,,,8.451562485,1.138707777
68.18551947,0.019947869,0.007090204,1.650159684,,,11.62001715,2.169330615
37.09796539,0.012840751,0.004271898,3.242724716,,,9.023417861,1.673124118
29.29625649,0.012497959,0.002912943,4.332305929,,,8.748426166,1.030723475
32.97792168,0.010730474,0.003867542,2.618133643,,,7.920989256,1.416568852
42.52215804,0.020123155,0.005090673,2.272846154,,,12.04510322,1.335144561
27.5844285,0.013642396,0.003811472,1.855035968,,,8.623809006,1.287536996
37.67601888,0.029936883,0.005694342,3.985629249,,,10.91858869,1.116725575
49.51951783,0.017614144,0.003691983,3.225553406,,,11.36733485,2.203916684
29.37303977,0.012677043,0.004200823,5.134309486,,,8.897926897,1.237890976
39.93271752,0.018420571,0.005357782,5.041697416,,,10.95000196,1.752261677
65.58076382,0.017748975,0.005607826,0.597367194,,,12.11460323,1.600649004
28.84675716,0.019339371,0.002648356,4.6418,,,8.740200717,0.871428343
36.9835463,0.017558743,0.003661106,3.742598897,,,9.102526397,1.440179677
34.66482346,0.017322905,0.00237366,3.397279044,,,9.119797188,1.312453372
36.83426917,0.019526961,0.00277724,3.357968412,,,9.789430026,1.108106957
46.77649605,0.013931596,0.003428464,4.572313012,,,10.84199867,1.841728981
40.41117533,0.022792972,0.003346523,4.1615,,,10.79531257,1.5147519
11.39552854,,,0.185566772,,,5.237370171,0.898114386
26.9641431,0.017631523,0.008623366,3.403160953,,,7.59035155,0.943068951
24.80128858,0.012233248,0.003760415,4.173440607,,,7.723132358,1.150168938
28.34781914,0.013776628,0.004613465,3.421533347,,,8.362843953,1.13332355
67.26299066,0.018637691,0.006911706,2.288419846,,,11.68842464,2.088911436
34.53438166,0.012060752,0.00431911,3.894037603,,,8.957947219,1.611423618
28.81359031,0.012272288,0.003211286,4.192724298,,,8.818611137,1.03938171
32.59127447,0.010076904,0.003884174,3.246462203,,,8.093649623,1.383780847
40.78693099,0.019614151,0.005245072,2.751174825,,,11.80765352,1.342719993
26.6341299,0.013210577,0.004067795,2.303239401,,,8.46512874,1.243804766
36.7674536,0.029688653,0.005892743,4.141808737,,,10.76277878,1.052231379
46.01352367,0.016258335,0.003836118,3.240217105,,,11.0960983,2.022006727
28.85918498,0.012313273,0.004343945,5.421877346,,,8.927648595,1.244632136
36.40127244,0.018344562,0.005116348,4.91657104,,,10.5178251,1.818618854
64.51499952,0.017230393,0.005861777,0.911763095,,,11.97217215,1.60783379
26.15906687,0.015984426,0.002706881,4.0238,,,8.174988201,0.853262123
36.47055088,0.015121077,0.003578592,4.204001103,,,9.270984968,1.526747342
33.92166481,0.017047846,0.002697806,2.722846149,,,9.099317901,1.320270635
40.00152803,0.017779874,0.002915164,3.923863111,,,9.947849003,1.330279578
45.55877197,0.013716061,0.003374587,4.481435119,,,10.71617282,1.80954791
38.92696403,0.021138105,0.003468835,4.77375,,,10.91132889,1.542308473
13.93011518,,,0.299947806,,,5.575082154,0.893277194
27.13356608,0.015707787,0.008309201,3.585484044,,,7.619923515,0.919914237
24.76882552,0.012054091,0.003896756,4.581430518,,,7.780232533,1.117428376
27.99340277,0.013161998,0.004632154,3.897086998,,,8.280820441,1.126706506
66.46363893,0.017462541,0.006757285,2.880112503,,,11.75364076,2.0212197
32.19180842,0.01134384,0.004353515,4.485881643,,,8.883702827,1.548682441
28.36430429,0.01207779,0.003470766,4.061438902,,,8.873376745,1.047345872
32.27359121,0.009502207,0.003889339,3.822819014,,,8.240334269,1.353375679
38.96002508,0.01918194,0.005384474,3.149601399,,,11.53067527,1.335833557
25.8005255,0.012803207,0.004281703,2.705798045,,,8.319308142,1.206638504
35.99423441,0.02947204,0.006055076,4.284054275,,,10.62803735,0.998261899
42.95293939,0.015063631,0.003967817,3.269170666,,,10.86157784,1.860984239
28.39852904,0.012008694,0.004469857,5.680152195,,,8.953352694,1.250460478
33.24150721,0.018302923,0.004950892,4.784800375,,,10.12557124,1.871220177
63.42192478,0.016752376,0.006097657,1.202770709,,,11.83813111,1.613832709
19.41490343,0.014778601,0.002565471,3.5008,,,7.030633345,0.801445769
35.93890206,0.012983437,0.003502125,4.62901973,,,9.395465671,1.595767507
33.14658884,0.016726568,0.002952975,2.163385632,,,9.049222308,1.319848601
42.81463964,0.01618061,0.003039215,4.432610407,,,10.09553082,1.52670688
44.48197455,0.013530571,0.003330009,4.389625722,,,10.61304618,1.787605601
37.53944947,0.020078721,0.003799106,5.124666667,,,10.94060763,1.521565097
33.82634554,0.010653486,0.002742269,4.700901471,,,9.952183496,1.552383007
16.24303472,0.008671466,0.002675261,0.397018824,,,5.912575856,0.895493398
27.27274307,0.014019588,0.008036628,3.759931329,,,7.636412252,0.899222057
24.65114486,0.011908871,0.004006795,4.939855107,,,7.810092626,1.085236858
27.68429009,0.012620808,0.004638774,4.332260162,,,8.20549195,1.118856646
65.78746429,0.016422421,0.006626941,3.425237653,,,11.81566551,1.966255405
30.07024566,0.010690014,0.004375113,5.018256837,,,8.800684686,1.484900589
27.94839843,0.011914465,0.003691384,3.93844974,,,8.91272299,1.054615961
32.02487189,0.009006385,0.003883039,4.347204076,,,8.361043194,1.325353351
37.04144032,0.018826523,0.005508878,3.468125874,,,11.21416848,1.314485253
25.0836153,0.012420286,0.004453195,3.062711899,,,8.186347211,1.176038208
35.35636132,0.029287044,0.006181341,4.412365862,,,10.51436442,0.954817133
40.33776498,0.014030031,0.004087079,3.312414087,,,10.66377346,1.720849222
27.99107194,0.011763306,0.004578557,5.909134034,,,8.975039193,1.255376001
30.45342183,0.018295656,0.004861413,4.646385421,,,9.773240382,1.910065646
62.3015396,0.016314924,0.006315466,1.470390035,,,11.71248013,1.618645761
8.614266842,0.015721895,0.002224124,3.0728,,,5.30713615,0.715979279
35.38859982,0.011145823,0.003431707,5.017654779,,,9.475968505,1.647240174
45.27360399,0.014729168,0.003149394,4.884210302,,,10.23247548,1.697388864
43.54610378,0.013375125,0.003294727,4.29688482,,,10.53261873,1.775902053
36.24863164,0.019614821,0.004337336,5.21425,,,10.88314878,1.452521772
32.27034476,0.010499361,0.002929116,4.749754412,,,9.680923126,1.484379487
27.38167406,0.012566928,0.007805646,3.926502808,,,7.639817762,0.880992408
24.44824659,0.01179759,0.00409053,5.248714375,,,7.812712635,1.053594385
27.42048111,0.012153057,0.004633324,4.72705284,,,8.136858478,1.109773969
65.23446673,0.015517329,0.006520673,3.923795299,,,11.8744989,1.924018552
28.16969338,0.010099274,0.004383905,5.491163184,,,8.708892795,1.420078061
27.56587274,0.011782312,0.003873139,3.823756813,,,8.936649872,1.061191976
31.84511651,0.008589436,0.003865273,4.819617389,,,8.455776398,1.299713862
35.03117669,0.018547898,0.005618284,3.706748252,,,10.85813315,1.27867508
24.48339931,0.012061815,0.00458227,3.373980965,,,8.066245947,1.152003879
34.85383433,0.029133666,0.00627154,4.526743499,,,10.42175999,0.921897082
38.16800044,0.013157537,0.004193906,3.369947368,,,10.50268515,1.601601675
27.6368137,0.01157711,0.004670047,6.108822862,,,8.992708093,1.259378707
28.03701629,0.018322759,0.004847913,4.501326178,,,9.460832526,1.935155259
61.15384399,0.015918038,0.006515205,1.714621073,,,11.59521919,1.622272946
34.81964417,0.009608237,0.003367337,5.36990625,,,9.51249347,1.681165341
47.37842108,0.013425548,0.003245701,5.278662794,,,10.35868298,1.842325529
42.75115967,0.013249725,0.003268743,4.203212413,,,10.47489049,1.774437268
35.05451056,0.019746405,0.005083524,5.0425,,,10.73895234,1.335178499
30.8837053,0.010376081,0.003099305,4.792235747,,,9.43724631,1.424907827
27.46035905,0.011349806,0.007616256,4.085198481,,,7.630140045,0.865225292
24.16013071,0.011720246,0.004147962,5.508008321,,,7.788092561,1.022500957
27.20197583,0.011758745,0.004615804,5.08146503,,,8.074920026,1.099458476
64.80464625,0.014747266,0.006438482,4.375785438,,,11.93014091,1.894509141
26.49015158,0.00957162,0.00437989,5.904600684,,,8.608327154,1.354214857
27.2167272,0.011681333,0.004016031,3.717360121,,,8.945157392,1.067073918
31.73432508,0.008251361,0.003836042,5.240058953,,,8.524533881,1.276457211
32.92923421,0.018346066,0.005712693,3.865468531,,,10.46256929,1.228403039
23.99987752,0.011727793,0.004668928,3.639605242,,,7.95900435,1.134535517
34.48665345,0.029011904,0.006325671,4.627187185,,,10.35022405,0.899501747
36.44364578,0.012446147,0.004288296,3.441770511,,,10.37831293,1.503241598
27.3357543,0.011450104,0.004744326,6.279218681,,,9.006359392,1.262468594
25.99229059,0.018384233,0.004910391,4.349622647,,,9.188347672,1.946489018
59.97883795,0.015561718,0.006696874,1.935463824,,,11.4863483,1.624714264
34.23203511,0.008370676,0.003309015,5.685774142,,,9.505040566,1.69754301
42.09714222,0.013154369,0.003252056,4.108608501,,,10.43986145,1.783211244
33.95708621,0.020473472,0.006037671,4.609416667,,,10.50801832,1.169535276
29.66642715,0.010283648,0.003252838,4.828345475,,,9.221153048,1.373968026
44.015923,0.011120077,0.003012904,2.613833333,,,10.56141058,1.821228878
27.50879805,0.010368222,0.007468458,4.236018348,,,7.6073791,0.851920708
23.78679723,0.01167684,0.004179091,5.717736946,,,7.736232404,0.991956573
27.02877423,0.011437873,0.004586215,5.395496734,,,8.019676594,1.087910167
64.49800286,0.014112232,0.006380367,4.781208072,,,11.98259155,1.877727171
25.03162027,0.009107053,0.004363069,6.258569337,,,8.498987764,1.287310977
26.90096182,0.011611526,0.00412006,3.619259663,,,8.938245548,1.072261787
31.69249759,0.00799216,0.003795344,5.608528767,,,8.567315642,1.255583399
30.73561287,0.018221027,0.005792104,3.944286713,,,10.02747688,1.163669129
23.63304993,0.011418221,0.004713171,3.859584731,,,7.86462242,1.123633122
34.25481866,0.028921761,0.006343735,4.713696921,,,10.29975661,0.887631126
35.16470099,0.011895863,0.00437025,3.527883514,,,10.29065679,1.425768991
27.08789375,0.011382289,0.004801395,6.420321489,,,9.015993091,1.264645664
24.31924474,0.018480077,0.005048847,4.191274827,,,8.95578582,1.944066923
58.77652148,0.015245963,0.006860472,2.132918286,,,11.38586745,1.625969715
33.62577264,0.007433143,0.003256741,5.965258456,,,9.453609794,1.69637318
28.61851032,0.010222061,0.003389713,4.858083597,,,9.03264334,1.331560086
40.73031583,0.010903601,0.003392806,2.87325,,,10.43740353,1.582356432
31.18019107,0.020222731,0.002936407,2.530965035,,,9.178110102,1.025864465
27.52699105,0.009622176,0.007362251,4.378962409,,,7.571534927,0.841078657
23.32824614,0.011667371,0.004183916,5.87790025,,,7.657132165,0.961961234
26.90087633,0.011190439,0.004544555,5.669147951,,,7.971128182,1.075129041
64.31453655,0.013612227,0.006346329,5.1400632,,,12.03185083,1.873672644
23.79409944,0.008705572,0.004333441,6.553069143,,,8.380874624,1.219366422
26.61857661,0.011572892,0.004185227,3.52945544,,,8.915914342,1.076755583
31.71963405,0.007811832,0.003743181,5.925026832,,,8.584121683,1.237092425
28.45031267,0.01817278,0.005856518,3.943202797,,,9.552855932,1.084473351
23.38291654,0.011133098,0.004714997,4.03391943,,,7.783100157,1.119296694
34.15832998,0.028863234,0.006325732,4.786272706,,,10.27035766,0.886285221
34.33116607,0.011506683,0.004439769,3.628286378,,,10.23971672,1.369183855
26.89323205,0.011373666,0.004841252,6.532131288,,,9.02160919,1.265909915
23.01787873,0.018610293,0.005263282,4.026282719,,,8.763146969,1.927888973
57.54689456,0.014970774,0.007006,2.30698446,,,11.29377666,1.626039298
33.00085676,0.006795636,0.003210515,6.208359191,,,9.358201154,1.677655851
27.73995481,0.010191321,0.003509931,4.881450113,,,8.871717187,1.297684006
38.02345736,0.01073516,0.003666325,2.97175,,,10.30480142,1.4154789
24.48262588,0.007444387,0.00425538,0.622723689,,,7.596770144,1.012375351
30.6734715,0.01864833,0.00316043,3.239404196,,,9.307175197,1.178081749
41.41673432,0.013087512,0.002226038,0.783708333,,,9.390030539,0.866319775
27.51493805,0.009111668,0.007297636,4.514030664,,,7.522607527,0.832699138
22.78447745,0.011691841,0.004162439,5.988498232,,,7.550791842,0.932514939
26.81828212,0.011016445,0.004490827,5.902418681,,,7.92927479,1.061115099
64.25424732,0.013247251,0.006336368,5.452350822,,,12.07791873,1.882345558
22.77758909,0.008367178,0.004291006,6.788100103,,,8.253987734,1.150381191
26.36957155,0.011565432,0.004211531,3.447947452,,,8.878163772,1.080555306
31.81573445,0.007710378,0.003679552,6.189553148,,,8.574952002,1.220984291
26.07333361,0.018201327,0.005905933,3.862216783,,,9.038706446,0.990815705
23.24947736,0.010872424,0.004674407,4.162609341,,,7.714437561,1.121526233
34.1971874,0.028836325,0.006271662,4.844914541,,,10.26202721,0.895464031
33.94304103,0.011278608,0.004496851,3.742979102,,,10.22549274,1.333486189
26.7517692,0.011424233,0.004863898,6.614648076,,,9.02320769,1.266261348
22.08819256,0.018774879,0.005553694,3.854646322,,,8.61043112,1.897955168
56.28995722,0.01473615,0.007133458,2.457662347,,,11.21007591,1.624923015
32.35728747,0.006458156,0.003170337,6.415076348,,,9.218814645,1.641391023
27.82586906,0.013828316,0.003035487,1.221042466,,,8.126706321,1.14429114
27.03076062,0.010191427,0.003613491,4.898445023,,,8.738374587,1.272339786
35.89534758,0.010614752,0.003833461,2.909333333,,,10.16360424,1.320596283
25.46554281,0.007173245,0.004044528,0.615934616,,,7.932954158,1.056911928
30.23691626,0.017375804,0.003352838,3.745414452,,,9.403072299,1.314061087
38.39620628,0.013116637,0.002250804,1.858291667,,,9.320611597,0.883358995
27.47263906,0.008836698,0.007274612,4.641223112,,,7.4605969,0.826782152
22.15549115,0.011750248,0.004114658,6.049530892,,,7.417211437,0.903617689
26.78099161,0.01091589,0.004425028,6.095308924,,,7.894116418,1.04586834
64.31713517,0.013017303,0.006350483,5.718070938,,,12.12079527,1.903745915
21.98208923,0.00809187,0.004235765,6.963662216,,,8.118327095,1.080355284
26.15394666,0.011589144,0.004198972,3.374735698,,,8.82499384,1.083660955
31.9807988,0.007687798,0.003604456,6.402107714,,,8.5398066,1.207258995
23.60467569,0.018306667,0.005940352,3.701328671,,,8.48502842,0.882696191
23.23273238,0.0106362,0.004591401,4.245654462,,,7.658634632,1.130321739
34.37139092,0.028841033,0.006181524,4.889622426,,,10.27476525,0.915167555
34.00032586,0.011211638,0.004541497,3.871961687,,,10.24798483,1.318675993
26.6635052,0.011533991,0.004869334,6.667871854,,,9.02078859,1.265699963
21.53018624,0.018973836,0.005920084,3.676365636,,,8.497638273,1.854265509
55.00570944,0.014542092,0.007242845,2.584951945,,,11.13476521,1.622620864
31.69506476,0.006420702,0.003136206,6.585409926,,,9.035450267,1.587578697
26.82737177,0.01318351,0.002807821,1.466388594,,,7.869296585,1.086194022
26.49092775,0.010222379,0.003700394,4.909068326,,,8.632615542,1.255527425
34.34598648,0.010542379,0.003894215,2.686,,,10.01381198,1.297708581
26.22679263,0.006893527,0.00365805,0.591835529,,,8.268919891,1.108501901
29.87052536,0.016405152,0.003513632,4.048995804,,,9.465801408,1.43380248
35.5465995,0.013077487,0.002261671,2.621375,,,9.172339029,0.883893027
27.40009407,0.008797266,0.007293179,4.760539755,,,7.385503045,0.823327697
21.44128725,0.011842594,0.004040574,6.060998232,,,7.256390948,0.875269483
26.78900479,0.010888775,0.00434716,6.247818681,,,7.865653066,1.029388765
64.50320011,0.012922384,0.006388674,5.937223549,,,12.16048043,1.937873713
21.40759985,0.007879648,0.004167717,7.079755482,,,7.973892706,1.009288702
25.97170193,0.011644029,0.004147551,3.309820179,,,8.756404545,1.086072531
32.2148271,0.007744092,0.003517896,6.562690531,,,8.478685476,1.195916538
21.04433891,0.018488799,0.005959772,3.460538462,,,7.891821855,0.760114808
23.3326816,0.010424425,0.004465978,4.283054795,,,7.61569137,1.145683212
34.68094053,0.028877358,0.006055319,4.920396359,,,10.30857179,0.945395795
34.50302056,0.011305773,0.004573707,4.015234133,,,10.30719301,1.324753268
26.62844005,0.01170294,0.004857559,6.691802621,,,9.014351889,1.26422576
21.34385976,0.019207164,0.006362453,3.491440661,,,8.424768428,1.796819995
53.69415123,0.0143886,0.007334162,2.688853256,,,11.06784455,1.619132847
31.01418865,0.006683275,0.003108124,6.719359926,,,8.80810802,1.516218871
25.79695715,0.012492485,0.002511179,1.8267071,,,7.582270544,1.019857605
26.12045619,0.010284178,0.00377064,4.913320023,,,8.55444005,1.247246925
33.37537407,0.010518039,0.003848585,2.30175,,,9.855424652,1.346815794
26.76637536,0.006605234,0.003095946,0.550426426,,,8.604667342,1.167145269
29.5742988,0.015736375,0.003642811,4.150148252,,,9.495362523,1.537305928
32.86791398,0.012970062,0.00225864,3.072958333,,,8.945212834,0.867921871
27.29730308,0.008993372,0.007353338,4.871980591,,,7.297325962,0.822335775
20.64186574,0.011968877,0.003940186,6.02290025,,,7.068330377,0.847470322
26.84232167,0.010935098,0.004257222,6.359947951,,,7.843884733,1.011676374
64.81244213,0.012962494,0.006450943,6.109808654,,,12.19697423,1.984728953
21.05412095,0.007730512,0.004086862,7.136379902,,,7.820684567,0.937181443
25.82283736,0.011730087,0.004057267,3.253200895,,,8.672395886,1.087790034
32.51781933,0.00787926,0.003419869,6.6713016,,,8.391588632,1.186956919
18.39232327,0.018747725,0.005964196,3.139846154,,,7.25908675,0.623071557
23.54932502,0.010237099,0.004298139,4.274810339,,,7.585607775,1.167610652
35.12583625,0.028945301,0.005893047,4.937236343,,,10.36344682,0.98614875
35.45112513,0.011561013,0.004593481,4.17279644,,,10.40311726,1.351718012
26.64657375,0.011931081,0.004828573,6.686440379,,,9.003897589,1.261838739
21.52921312,0.019474862,0.006880799,3.299871398,,,8.391821584,1.725618626
52.35528258,0.014275673,0.007407408,2.769366278,,,11.00931395,1.614458962
30.31465912,0.007245874,0.00308609,6.816926348,,,8.536787905,1.427311547
24.7346252,0.011755242,0.002145561,2.301997983,,,7.265628196,0.945281892
25.91934595,0.010376823,0.003824228,4.911200113,,,8.503848113,1.247498284
32.98351035,0.010541733,0.003696573,1.756583333,,,9.688442253,1.467917921
27.08429098,0.006308365,0.002358216,0.491707309,,,8.940196513,1.232842033
29.34823657,0.015369473,0.003740375,4.048871795,,,9.491755644,1.624571431
30.36014974,0.012794361,0.002241711,3.213041667,,,8.639233013,0.835445528
27.16426609,0.009425016,0.007455089,4.975545621,,,7.196065652,0.823806386
19.75722662,0.012129097,0.003813496,5.935236946,,,6.853029722,0.820220206
26.94094223,0.011054861,0.004155215,6.431696734,,,7.828811421,0.992731167
65.24486124,0.013137633,0.006537287,6.235826253,,,12.23027665,2.044311635
20.92165253,0.007644462,0.003993201,7.133535475,,,7.658702678,0.864033509
25.70735295,0.011847318,0.00392812,3.204877845,,,8.572967865,1.088813464
32.88977552,0.008093301,0.003310376,6.727940918,,,8.278516067,1.18038014
23.88266265,0.010074223,0.004087884,4.220921094,,,7.568383847,1.196104058
35.70607807,0.029044861,0.005694708,4.940142376,,,10.43939034,1.03742642
36.84463958,0.011977358,0.004600819,4.344648607,,,10.5357576,1.399570227
26.71790629,0.012218412,0.004782376,6.651785126,,,8.989425689,1.258538899
50.9891035,0.014203311,0.007462584,2.826491013,,,10.95917339,1.60859921
29.59647618,0.0081085,0.003070105,6.878109191,,,8.221489921,1.320856724
51.46765644,0.008318185,0.003516751,6.376976259,,,10.98180525,2.07498738
41.46496643,0.013328134,0.003395575,3.420298985,,,10.83023588,2.131314404
25.88759703,0.010500315,0.00386116,4.902708597,,,8.48083973,1.256281504
29.19233868,0.015304445,0.003806324,3.745166434,,,9.454980773,1.695598988
28.02330676,0.012550385,0.002210883,3.041625,,,8.254399566,0.786463997
27.00098311,0.010092198,0.007598431,5.071234845,,,7.081722115,0.827739529
18.7873699,0.012323256,0.003660502,5.798008321,,,6.610488985,0.793519134
27.0848665,0.011248063,0.004041137,6.46306503,,,7.820433128,0.972553143
65.80045743,0.013447801,0.006647708,6.315276347,,,12.26038771,2.116621758
21.0101946,0.007621499,0.003886733,7.071222201,,,7.48794704,0.789844899
25.6252487,0.011995721,0.00376011,3.16485103,,,8.458120481,1.08914282
33.33069564,0.008386216,0.003189418,6.732608488,,,8.13946778,1.176186199
24.33269448,0.009935796,0.003835212,4.121387061,,,7.564019586,1.231163432
36.421666,0.029176038,0.005460301,4.929114458,,,10.53640237,1.099228805
38.6835639,0.012554807,0.004595721,4.530790635,,,10.70511401,1.468309912
26.84243769,0.012564934,0.004718968,6.587836863,,,8.970936189,1.254326242
23.01495938,0.020113372,0.008145427,2.896800006,,,8.445696902,1.541948325
49.59561398,0.014171516,0.007499689,2.86022746,,,10.91742288,1.601553591
28.85963984,0.009271153,0.003060167,6.902908456,,,7.862214069,1.196854401
41.93836223,0.013473137,0.003453266,3.318243035,,,10.97680047,2.221998474
26.02520942,0.010654653,0.003881433,4.887845475,,,8.485414901,1.273596583
,,,0.322339029,,,,
29.10660513,0.015541293,0.003840658,3.239032168,,,9.385037907,1.7503886
25.85738505,0.012238134,0.002166158,2.558708333,,,7.790712493,0.720977279
26.80745413,0.010994918,0.007783365,5.159048263,,,6.95429535,0.834135204
17.73229557,0.012551353,0.003481205,5.611214375,,,6.340708164,0.767367106
27.27409445,0.011514705,0.00391499,6.45405284,,,7.818749856,0.951142302
66.4792307,0.013892998,0.006782206,6.348158935,,,12.28730739,2.201659324
21.31974715,0.007661623,0.003767459,6.94944008,,,7.308417653,0.714615614
25.57652461,0.012175298,0.003553238,3.133120449,,,8.327853734,1.088778103
33.84057971,0.008758005,0.003056994,6.685304309,,,7.974443772,1.174375097
24.89942051,0.009821818,0.003540124,3.976208238,,,7.572514992,1.272788773
37.27260002,0.029338833,0.005189827,4.90415259,,,10.65448288,1.171555906
40.96789809,0.013293362,0.004578187,4.731222523,,,10.9111865,1.557937068
27.02016793,0.012970647,0.004638349,6.49459559,,,8.948429089,1.249200766
24.31535228,0.020484183,0.008891708,2.685297877,,,8.532519063,1.429479393
48.17481403,0.014180285,0.007518724,2.870575619,,,10.88406241,1.593322106
28.10415008,0.010733832,0.003056277,6.891324142,,,7.458960348,1.05530458
42.55268469,0.013648184,0.003520256,3.21525558,,,11.14606426,2.322921305
26.33218313,0.010839838,0.00388505,4.866610747,,,8.517573626,1.299443523
29.09103591,0.016080015,0.003843377,2.530468998,,,9.281927048,1.788940267
23.86238461,0.011857607,0.002107534,1.764291667,,,7.248171793,0.638985373
26.58367916,0.012133177,0.00800989,5.238985875,,,6.813785357,0.842993412
16.59200364,0.012813387,0.003275604,5.374855107,,,6.043687261,0.741764123
27.5086261,0.011854785,0.003776774,6.404660162,,,7.823761603,0.928498645
67.28118105,0.014473223,0.006940781,6.334474017,,,12.31103571,2.299424331
21.85031019,0.007764832,0.003635378,6.768189112,,,7.120114515,0.638345652
25.56118068,0.012386048,0.003307503,3.109686104,,,8.182167624,1.087719313
34.41942773,0.009208667,0.002913104,6.58602838,,,7.783444043,1.174946834
25.58284074,0.00973229,0.00320262,3.785384627,,,7.593870065,1.320980081
38.25888014,0.029533245,0.004883286,4.865256771,,,10.79363189,1.254407721
43.69764216,0.014193021,0.004548216,4.945944272,,,11.15397508,1.668451693
27.25109702,0.013435552,0.00454052,6.372061306,,,8.921904389,1.243162473
25.98742501,0.020889364,0.009713967,2.46715146,,,8.659264227,1.303254606
46.72670365,0.014229621,0.007519689,2.85753549,,,10.85909199,1.583904753
43.3079338,0.013853277,0.003596542,3.111336621,,,11.33802726,2.434082898
26.80851816,0.011055869,0.003872009,4.839004412,,,8.577315905,1.333822322
29.14563102,0.016920611,0.003814482,1.619476923,,,9.145648196,1.811253989
26.32965819,0.013506973,0.008278007,5.31104768,,,6.660192137,0.854314152
15.36649409,0.013109359,0.003043701,5.088930518,,,5.719426275,0.716710185
27.78846144,0.012268305,0.003626488,6.314886998,,,7.83546837,0.904622172
68.20630849,0.015188478,0.007123431,6.274221594,,,12.33157266,2.409916781
22.60188371,0.007931128,0.00349049,6.527469298,,,6.923037628,0.561035015
25.57921691,0.01262797,0.003022905,3.094547993,,,8.021062151,1.08596645
35.06723969,0.009738204,0.002757748,6.434780702,,,7.566468592,1.177901409
26.38295517,0.009667211,0.002822699,3.548916226,,,7.628084805,1.375737356
39.38050637,0.029759274,0.004540678,4.812427002,,,10.9538494,1.347784251
27.53522497,0.013959647,0.00442548,6.220234013,,,8.89136209,1.236211361
28.0311776,0.021328917,0.010612204,2.242360754,,,8.825932392,1.163273964
45.25128283,0.014319522,0.007502583,2.821107073,,,10.84251162,1.573301532
44.20410957,0.014088414,0.003682126,3.006486157,,,11.55268946,2.555483253
27.45421451,0.011302746,0.003842311,4.805026471,,,8.664641738,1.376732982
29.27039048,0.018063083,0.003753971,0.506055944,,,8.976201351,1.817329766
26.04539122,0.015116308,0.008587715,5.37523368,,,6.49351569,0.868097424
14.05576695,0.013439269,0.002785494,4.753440607,,,5.367925206,0.692205291
28.11360048,0.012755264,0.003464132,6.184733347,,,7.853870158,0.879512883
69.25461301,0.016038761,0.007330159,6.167401664,,,12.34891823,2.533136672
25.63063331,0.012901065,0.002699445,3.087706116,,,7.844537316,1.083519513
27.29976381,0.009626582,0.002400363,3.266803037,,,7.675159212,1.437060598
40.63747869,0.03001692,0.004162002,4.745663283,,,11.1351354,1.451685497
27.87255176,0.014542933,0.004293228,6.039113709,,,8.85680219,1.228347431
30.44661002,0.02180284,0.011586419,2.010925759,,,9.032523558,1.009537468
43.74855157,0.014449988,0.007467407,2.761290368,,,10.8343213,1.561512445
45.241212,0.014353597,0.003777007,2.900704187,,,11.79005086,2.68712237
25.73087825,0.01696118,0.008939015,5.431543874,,,6.313756015,0.884343229
12.6598222,0.013803117,0.002500984,4.368385375,,,4.989184053,0.668249442
28.48404321,0.013315663,0.003289706,6.014199209,,,7.878966965,0.853170777
70.42609461,0.017024073,0.007560963,6.014014229,,,12.36307244,2.669084005
25.71542986,0.013205334,0.002337122,3.089160474,,,7.652593117,1.080378504
28.33326665,0.009610402,0.00193561,2.939045059,,,7.735093286,1.504949807
42.02979712,0.030306184,0.00374726,4.664965613,,,11.3374899,1.566111457
28.2630774,0.01518541,0.004143766,5.828700395,,,8.81822469,1.219570683
42.21850989,0.01462102,0.007414161,2.678085375,,,10.83452103,1.548537491
39.66039807,0.010696191,0.0031374,4.800520471,,,10.99818626,1.168180386
46.41924108,0.014648824,0.003881186,2.793990714,,,12.05011146,2.829000249
25.38611929,0.019041591,0.009331906,5.479978261,,,6.120913113,0.903051566
11.17865984,0.014200902,0.00219017,3.933764822,,,4.583202818,0.644842637
28.89978964,0.0139495,0.003103211,5.803284585,,,7.910758792,0.825595855
71.7207533,0.018144414,0.007815843,5.814059289,,,12.37403528,2.81775878
25.83360658,0.013540775,0.001935936,3.098911067,,,7.445229555,1.076543421
29.48346369,0.009618671,0.00142844,2.565642292,,,7.807887027,1.579404983
43.55746164,0.030627065,0.003296449,4.570333992,,,11.56091289,1.691062133
28.70680189,0.015887079,0.003977094,5.588994071,,,8.775629591,1.209881117
40.66115777,0.014832618,0.007342844,2.571492095,,,10.8431108,1.53437667
36.45300626,0.011609903,0.003025621,4.337761932,,,10.96333637,0.926937272
47.73819683,0.014974095,0.003994662,2.686345735,,,12.33287127,2.981116889
37.98501349,0.008959094,0.009257758,,0.000888071,0.008369687,7.524953675,
26.8383225,0.009008286,0.00941389,,0.000866349,0.008547541,6.090846629,
21.25698276,0.009087256,0.008440598,,0.000783097,0.0076575,5.413148131,
28.22388585,0.007772107,0.008765974,,0.000806101,0.007959873,5.923864342,
34.35048944,0.009644878,0.009864011,,0.001033622,0.008830389,6.413243451,
16.40157656,0.008928307,0.008264875,,0.000627004,0.00763787,3.826248425,
27.74710992,0.008862057,0.009262488,,0.000758697,0.008503791,5.311635463,
22.82525882,0.008725756,0.008727521,,0.000726631,0.008000891,4.931031872,
58.59931877,0.019937357,0.021021564,,0.001567303,0.019454261,9.291036736,
53.33273691,0.022488668,0.023083297,,0.001629599,0.021453697,8.642805346,
42.25637117,0.022990178,0.025391051,,0.001443599,0.023947453,7.442988859,
53.95459754,0.0225441,0.025409963,,0.001437695,0.023972269,8.60331009,
47.77616927,0.022266829,0.021463904,,0.001246566,0.020217339,7.168326386,
27.80436252,0.019961754,0.020711974,,0.001146008,0.019565966,4.920370703,
21.07096869,0.009435818,0.008610874,,0.000554874,0.008055999,3.887728748,
26.65034832,0.009328219,0.009460206,,0.000825685,0.008634521,4.998851641,
20.17383735,0.00777957,0.009400001,,0.000475052,0.008924949,3.579963336,
11.97626534,0.007161876,0.006260126,,0.000364791,0.005895335,2.20736359,
28.23133707,0.021514147,0.022074943,,0.001099769,0.020975174,4.506468947,
33.43056314,0.025841007,0.029975569,,0.001466818,0.028508751,6.108541521,
18.70981204,0.010457039,0.009614016,,0.000741493,0.008872523,3.762669889,
16.73311036,0.009063892,0.005934687,,0.000521738,0.005412949,3.226851256,
18.67726328,0.009491674,0.005761875,,0.000559689,0.005202186,3.953924405,
14.82172151,0.010016343,0.006380441,,0.000550637,0.005829804,3.145559539,
19.86671981,0.010311426,0.010159927,,0.000651948,0.009507979,4.092922406,
20.27012751,0.009642055,0.009819047,,0.000724335,0.009094712,3.766438467,
19.90449774,0.00978509,0.009695026,,0.000539095,0.009155931,3.757615064,
19.18738002,0.009271868,0.009377244,,0.00067438,0.008702864,3.856775762,
22.7952243,0.009214637,0.008851598,,0.0005667,0.008284898,4.187085911,
23.46892471,0.010447205,0.008744132,,0.000684513,0.00805962,3.684791029,
23.63615388,0.008885905,0.006702152,,0.000646838,0.006055314,3.855342023,
16.223947,0.009269893,0.007447613,,0.00061545,0.006832163,2.911370318,
28.77572792,0.014113814,0.011429708,,0.001049027,0.010380681,5.21637167,
23.93067692,0.009943822,0.008424995,,0.000722792,0.007702203,3.066435313,
19.92086212,0.01154266,0.009048038,,0.000798329,0.008249709,3.753098885,
21.29998296,0.008732365,0.007397408,,0.000673664,0.006723745,3.111520779,
33.51674981,0.01271199,0.01002556,,0.001055525,0.008970035,5.192989578,
13.09820835,0.011310642,0.010257119,,0.000709894,0.009547225,2.528892254,
23.86810294,0.012758185,0.012791129,,0.000896039,0.01189509,4.206541009,
18.45980203,0.012498596,0.010714366,,0.000828305,0.009886061,3.369210905,
20.42684845,0.011460951,0.011160029,,0.000806695,0.010353334,3.743099188,
32.52182164,0.0111497,0.009246093,,0.000915174,0.008330919,5.206754571,
5.164474379,0.00667781,0.007228442,,0.000486702,0.006741739,2.460325341,
5.483146437,0.007824801,0.009710694,,0.000474364,0.00923633,3.002094662,
20.55690054,0.007294437,0.008789854,,0.000661925,0.008127929,4.296150918,
14.19380363,0.007644082,0.009691878,,0.000558155,0.009133723,3.57387944,
20.77485731,0.007834461,0.008963558,,0.000635178,0.00832838,4.070711237,
10.4227228,0.007008719,0.009173301,,0.000615011,0.00855829,2.805841443,
18.57232501,0.01431839,0.013586459,,0.000900112,0.012686348,3.902356205,
24.19882821,0.016286939,0.012812993,,0.001177292,0.011635702,4.428424006,
31.82993097,0.017241981,0.01291841,,0.001317516,0.011600894,5.471923955,
21.56062595,0.017308002,0.012316857,,0.001132415,0.011184443,3.672762192,
28.05401903,0.01745234,0.015129983,,0.001182537,0.013947446,5.297911691,
28.52962139,0.018130312,0.013385269,,0.001219022,0.012166247,4.752360882,
17.35400586,0.015353102,0.013129146,,0.000827298,0.012301848,3.336928468,
31.54927676,0.016819407,0.013189578,,0.001228955,0.011960623,5.234474811,
16.3617001,0.017688679,0.012447589,,0.000819422,0.011628167,2.85660967,
27.86113368,0.033020878,0.03381977,,0.001443831,0.032375939,5.202011787,
42.27322552,0.032772061,0.031462426,,0.001311831,0.030150595,6.439822376,
21.03369925,0.011068021,0.010058943,,0.000861767,0.009197176,4.520633964,
25.20865785,0.010075917,0.009131897,,0.000903709,0.008228188,5.035280404,
28.00243622,0.009945334,0.009528709,,0.000820309,0.0087084,5.83662813,
32.93581631,0.011993927,0.010478787,,0.000925914,0.009552873,5.971345874,
38.4076796,0.008528265,0.008387639,,0.001135637,0.007252002,6.957275604,
34.02852133,0.012101813,0.010894166,,0.001218256,0.009675909,6.186212004,
37.00648848,0.011803233,0.01056146,,0.00125039,0.009311071,6.906808916,
22.07660442,0.009269277,0.008989598,,0.001114114,0.007875484,4.544382039,
20.68118321,0.028050724,0.026761832,,0.001378557,0.025383276,4.163798829,
36.35920488,0.024919945,0.027128041,,0.001338774,0.025789267,6.314056758,
42.67991089,0.025820953,0.026885415,,0.001471629,0.025413786,7.138542509,
15.53455646,0.017373839,0.021541552,,0.001039986,0.020501566,4.331224174,
19.13519259,0.016111505,0.019560595,,0.000822688,0.018737908,4.470224317,
15.47613008,0.019225999,0.024683701,,0.001336133,0.023347568,4.510249199,
23.87648143,0.019470014,0.02320781,,0.001111177,0.022096633,4.939800529,
19.61223573,0.019269485,0.023295945,,0.001121382,0.022174562,4.376290224,
23.89191291,0.021354733,0.020538629,,0.001000392,0.019538236,4.612205286,
25.80597576,0.018505222,0.022291123,,0.001331047,0.020960076,5.506254674,
35.31711943,0.009559427,0.009488322,,0.001123171,0.008365152,6.217033684,
24.25158736,0.008753779,0.008388327,,0.000767323,0.007621004,4.559840195,
27.60004932,0.008731431,0.008314491,,0.000813166,0.007501325,5.028686238,
26.40722282,0.019830237,0.020027064,,0.001206945,0.018820118,4.916716792,
33.87104894,0.017072165,0.020453608,,0.001034035,0.019419573,5.771652662,
28.83535243,0.010126156,0.010051483,,0.000720286,0.009331197,5.03490305,
15.27749859,0.01092732,0.010371772,,0.000620468,0.009751304,3.573831446,
17.57632862,0.009771555,0.010316997,,0.000643974,0.009673024,3.60151617,
17.91933557,0.008599681,0.008166698,,0.000507077,0.007659621,3.354565652,
18.93830941,0.009570481,0.0083599,,0.00058892,0.00777098,3.577203097,
14.68193347,0.008905234,0.007822019,,0.000584364,0.007237655,2.900976716,
27.50617775,0.023304183,0.023020563,,0.001080592,0.021939971,4.882858503,
35.94819069,0.023540722,0.024804285,,0.001282225,0.023522061,5.777875551,
35.43555746,0.021360212,0.025066178,,0.001068513,0.023997665,5.704742562,
41.22272266,0.027868617,0.022188755,,0.00136386,0.020824895,6.587699291,
16.21394304,0.009543093,0.005954977,,0.000515845,0.005439132,2.814629021,
13.67644466,0.009973715,0.00647628,,0.000463773,0.006012507,2.971138147,
23.34895024,0.008850875,0.006683925,,0.000521695,0.00616223,3.601489778,
17.10420873,0.011862702,0.00775815,,0.000607774,0.007150375,3.469687399,
15.64821223,0.008971098,0.006554482,,0.000492834,0.006061648,2.379339081,
15.39757496,0.009943765,0.010435208,,0.000666284,0.009768924,3.405479628,
25.66480122,0.010349219,0.009132845,,0.00074913,0.008383715,4.182110419,
15.3142695,0.010100468,0.009088928,,0.000565789,0.008523139,3.201384352,
13.79925267,0.008118536,0.008785046,,0.000529087,0.008255959,3.42379463,
21.35664144,0.008801003,0.008221085,,0.000573241,0.007647844,4.034865774,
21.64718471,0.010242073,0.007778676,,0.000630437,0.007148239,3.070346122,
29.66176533,0.011061936,0.010272768,,0.000941887,0.009330882,4.071898553,
23.02461303,0.01043444,0.008937758,,0.000800556,0.008137201,3.301019779,
22.84997159,0.010075981,0.008322428,,0.000614374,0.007708053,3.955909168,
20.36872518,0.010371593,0.008626198,,0.000632748,0.00799345,3.573895431,
28.96371396,0.011914009,0.011007768,,0.000756336,0.010251432,4.396413398,
15.22883157,0.011190578,0.010038622,,0.000643497,0.009395125,2.778953184,
29.37940102,0.011878918,0.009305813,,0.000951591,0.008354222,4.20919113,
12.54193555,0.008007281,0.010400818,,0.000590643,0.009810174,4.056504238,
24.9393361,0.008464097,0.010677199,,0.000817013,0.009860186,4.416132162,
11.35969352,0.007777682,0.009473833,,0.000496536,0.008977297,2.82054926,
7.556286033,0.007844315,0.009901253,,0.000502665,0.009398588,2.503402517,
10.30914728,0.00674889,0.009111095,,0.000521923,0.008589172,2.96002387,
22.298528,0.034940292,0.043343653,,0.001417435,0.041926218,4.180267282,
32.30091747,0.03469022,0.036738351,,0.001122656,0.035615696,5.472516367,
33.07099257,0.034963181,0.034845361,,0.001445782,0.033399579,6.381445714,
22.5871516,0.030236535,0.040438871,,0.001340536,0.039098335,5.160297468,
24.06304544,0.028392047,0.024625044,,0.001114671,0.023510373,4.006352113,
21.37200856,0.027381478,0.024341815,,0.00129455,0.023047265,3.94025097,
28.60318644,0.023276075,0.0194888,,0.000946408,0.018542392,4.682891508,
25.50572167,0.023061683,0.024461762,,0.001021996,0.023439766,4.447585608,
36.07236586,0.027643398,0.018812229,,0.00097639,0.017835839,5.523222367,
38.25805888,0.020492109,0.022753821,,0.001237918,0.021515904,6.455777412,
34.31196811,0.022006064,0.024355735,,0.001308993,0.023046742,6.725151617,
14.36028133,0.008361259,0.007905714,,0.00045578,0.007449934,2.570290389,
24.93448691,0.010086247,0.009519961,,0.000683252,0.008836709,4.432805093,
39.92098689,0.01137671,0.010738141,,0.000915627,0.009822514,7.080736008,
38.10504721,0.023396965,0.027753304,,0.001321928,0.026431376,7.114462528,
26.01252999,0.018590031,0.025864392,,0.001062608,0.024801784,5.353696196,
40.72876093,0.024731645,0.024788894,,0.001176116,0.023612777,7.013789428,
28.73677937,0.019271709,0.023585434,,0.001109823,0.022475611,4.864219919,
34.18417616,0.024547688,0.027049363,,0.001257961,0.025791402,5.899078164,
15.70198515,0.009861742,0.004986529,,0.000423516,0.004563013,2.545905426,
21.09625374,0.011056913,0.00695618,,0.000613637,0.006342544,3.487048664,
21.70672181,0.00919551,0.008753063,,0.000565316,0.008187747,3.721368226,
21.80806936,0.009138454,0.008397595,,0.000616724,0.007780871,3.730406438,
19.0954806,0.00901773,0.008707054,,0.000596173,0.008110882,3.398418113,
24.84865715,0.010147484,0.008829268,,0.000627696,0.008201572,3.770848158,
21.99066196,0.011107762,0.010943355,,0.000777944,0.010165411,4.697585451,
32.34423769,0.011737252,0.01036422,,0.000725479,0.009638741,4.379314637,
36.30536731,0.013137227,0.011784906,,0.001096559,0.010688347,6.685469194,
33.8582452,0.011861878,0.009620607,,0.000836915,0.008783692,5.095645,
13.75851357,0.00868805,0.01062795,,0.000688242,0.009939708,4.286013218,
34.75546206,0.031542327,0.029532277,,0.001150763,0.028381514,5.25270965,
57.2182406,0.029707792,0.033603896,,0.001437592,0.032166304,7.902689102,
27.61753544,0.028333333,0.026052632,,0.001332445,0.024720187,4.933619486,
24.89999955,0.02107,0.022763333,,0.001034735,0.021728598,4.655102781,
27.69408073,0.024439489,0.024861139,,0.00131457,0.02354657,5.729622884,
32.92749445,0.027706449,0.02492705,,0.001204978,0.023722072,5.526791429,
25.74289375,0.021761103,0.019538807,,0.000915686,0.018623121,4.108906127,
24.63157364,0.011086823,0.010509885,,0.000923913,0.009585972,4.35270738,
18.73021225,0.010441103,0.009243936,,0.000783877,0.008460059,3.186967959,
16.45340398,0.010178069,0.010447664,,0.00069036,0.009757305,3.125739837,
22.89683989,0.006316366,0.00692455,,0.000575446,0.006349103,4.089975515,
26.97196209,0.010905148,0.009912825,,0.001042163,0.008870662,5.212459175,
24.10825653,0.008091829,0.009646766,,0.000727353,0.008919414,4.199923558,
32.8964641,0.010474505,0.009609602,,0.001000876,0.008608726,5.559216934,
18.95528771,0.020210035,0.023430572,,0.00104742,0.022383152,4.052329945,
10.98676964,0.015926036,0.018073367,,0.000721386,0.017351981,2.794955643,
8.910637805,0.008918632,0.010967139,,0.000555854,0.010411284,3.487793757,
31.57735097,0.01055108,0.009377519,,0.001063195,0.008314324,5.938317415,
31.01957008,0.010657233,0.009435943,,0.001034079,0.008401865,5.272993885,
30.34617023,0.01089028,0.009638369,,0.001058867,0.008579502,4.955251559,
15.67718383,0.006185916,0.00706071,,0.000541188,0.006519522,3.961620133,
,,,,,,,
,,0.013833253,,,,,
,,0.00596176,,,,,
,,0.007142894,,0.000601821,0.006541074,,
,,0.006215966,,0.000493975,0.005721991,,
,,0.005543179,,0.00045491,0.005088269,,
,,0.006596532,,0.0005695,0.006027032,,
,,0.007892473,,0.000444112,0.007448362,,
,,,,,,,
,,0.005543179,,0.00045491,0.005088269,,
,,0.006596532,,0.0005695,0.006027032,,
,,0.004391093,,0.000371963,0.00401913,,
,,0.007892473,,0.000444112,0.007448362,,
,,,,,,,
,,0.009995088,,0.000642632,0.009352457,,
,,0.00558239,,0.000624646,0.004957744,,
,,,,,,,
,,,,,,,
,,0.007085903,,0.000909731,0.006176172,,
,,0.015094453,,0.000832066,0.014262387,,
,,0.010464994,,0.001267823,0.009197171,,
,,0.011035515,,0.00042587,0.010609645,,
,,0.007775022,,0.000537624,0.007237399,,
,,,,,,,
,,0.007085903,,0.000909731,0.006176172,,
,,,,,,,
,,0.007994883,,0.000782712,0.007212171,,
,,0.003549013,,,,,
,,0.006620957,,0.000456479,0.006164478,,
,,0.013180839,,0.000536989,0.01264385,,
,,0.007135336,,,,,
,,0.007931535,,0.000635848,0.007295687,,
,,0.003549013,,,,,
,,0.011563211,,0.000783915,0.010779296,,
,,0.007497673,,0.000422749,0.007074924,,
,,0.009705966,,0.000595361,0.009110605,,
,,0.007649886,,0.000693079,0.006956807,,
,,0.007907841,,0.000553304,0.007354537,,
,,0.004488357,,0.00037135,0.004117007,,
,,0.013833253,,,,,
,,,,,,,
,,0.007936283,,0.000738869,0.007197414,,
,,,,,,,
,,0.007936283,,0.000738869,0.007197414,,
,,0.009015007,,0.000663759,0.008351248,,
,,0.010393851,,0.000421354,0.009972496,,
,,0.015094453,,0.000832066,0.014262387,,
,,0.007373533,,0.000684257,0.006689276,,
,,0.015094453,,0.000832066,0.014262387,,
,,0.008201324,,0.00074764,0.007453684,,
,,0.011035515,,0.00042587,0.010609645,,
,,0.014240357,,0.000952577,0.01328778,,
,,,,,,,
,,,,,,,
,,,,,,,
,,,,,,,
,,0.004488357,,0.00037135,0.004117007,,
,,0.007085903,,0.000909731,0.006176172,,
,,0.007085903,,0.000909731,0.006176172,,
,,,,,,,
,,0.007085903,,0.000909731,0.006176172,,
,,0.008965239,,0.000774096,0.008191142,,
,,0.014240357,,0.000952577,0.01328778,,
,,,,,,,
,,,,,,,
,,,,,,,
,,,,,,,
,,0.012688088,,0.000830225,0.011857863,,
,,0.012688088,,0.000830225,0.011857863,,
,,0.009015007,,0.000663759,0.008351248,,
,,0.015094453,,0.000832066,0.014262387,,
,,0.010393851,,0.000421354,0.009972496,,
,,0.015094453,,0.000832066,0.014262387,,
,,0.007373533,,0.000684257,0.006689276,,
,,0.008201324,,0.00074764,0.007453684,,
,,0.011035515,,0.00042587,0.010609645,,
,,0.01386977,,0.0008472,0.01302257,,
,,0.009333694,,0.000846372,0.008487322,,
,,,,,,,
,,0.005634982,,0.000726725,0.004908257,,
,,0.007204943,,0.000713376,0.006491568,,
,,0.008119941,,0.000777575,0.007342366,,
,,0.00186273,,0.000521402,0.001341329,,
,,0.011563211,,0.000783915,0.010779296,,
,,0.007497673,,0.000422749,0.007074924,,
,,0.009705966,,0.000595361,0.009110605,,
,,0.007649886,,0.000693079,0.006956807,,
,,0.007907841,,0.000553304,0.007354537,,
,,0.004391093,,0.000371963,0.00401913,,
,,0.001950618,,0.000471739,0.001478879,,
,,0.001950618,,0.000471739,0.001478879,,
,,0.001950618,,0.000471739,0.001478879,,
,,0.00558239,,0.000624646,0.004957744,,
,,0.009995088,,0.000642632,0.009352457,,
,,0.007085903,,0.000909731,0.006176172,,
,,0.001187776,,,,,
,,0.008523736,,,,,
,,0.011366866,,,,,
,,0.000843613,,,,,
,,0.000987712,,,,,
,,0.007792497,,,,,
,,0.001411489,,,,,
,,0.000718742,,,,,
,,0.000834799,,,,,
,,0.005761792,,,,,
,,0.007981181,,,,,
,,0.006289382,,,,,
,,0.011737745,,,,,
,,0.009239134,,,,,
,,0.009673853,,,,,
,,0.008367267,,,,,
,,0.007815675,,,,,
,,0.007537215,,,,,
,,0.000986484,,,,,
,,0.011515437,,,,,
,,0.008991189,,,,,
,,0.013625932,,,,,
,,0.008514713,,,,,
,,0.009287555,,,,,
,,0.000762788,,,,,
,,0.001483772,,,,,
,,0.011549154,,,,,
,,0.007299277,,,,,
,,0.009226124,,,,,
,,0.007594937,,,,,
,,0.008143588,,,,,
,,0.000898477,,,,,
,,0.000998113,,,,,
,,0.011348284,,,,,
,,0.001449328,,,,,
,,0.009639288,,,,,
,,0.006818422,,,,,
,,0.008849327,,,,,
,,0.01369342,,,,,
,,0.014391199,,,,,
,,0.011183185,,,,,
,,0.008873853,,,,,
,,0.000833972,,,,,
,,0.007488393,,,,,
,,0.008678597,,,,,
,,0.00921659,,,,,
,,0.00864678,,,,,
,,0.023957834,,,,,
,,0.011722265,,,,,
,,0.015533194,,,,,
,,0.001957733,,,,,
,,0.011446559,,,,,
,,0.015311982,,,,,
,,0.012165375,,,,,
,,0.001265638,,,,,
,,0.014326648,,,,,
,,0.015276894,,,,,
,,0.009842235,,,,,
,,0.021211473,,,,,
,,0.011654365,,,,,
,,0.001279978,,,,,
,,0.015614544,,,,,
,,0.018914969,,,,,
,,0.013653285,,,,,
,,0.011984214,,,,,
,,0.001374317,,,,,
,,0.009548818,,,,,
,,0.001993658,,,,,
,,0.01568973,,,,,
,,0.013337518,,,,,
,,0.001467297,,,,,
,,0.013847128,,,,,
,,0.022785537,,,,,
,,0.000199174,,,,,
,,0.013244236,,,,,
,,0.001281576,,,,,
,,0.013215859,,,,,
,,0.008132285,,,,,
,,0.013244582,,,,,
,,0.012419648,,,,,
,,0.011347875,,,,,
,,0.011671429,,,,,
,,0.011367893,,,,,
,,0.012722646,,,,,
,,0.015372219,,,,,
,,0.001278349,,,,,
,,0.001334977,,,,,
,,0.009452196,,,,,
,,0.014431967,,,,,
,,0.015461673,,,,,
,,0.021979811,,,,,
,,0.009176655,,,,,
,,0.012233898,,,,,
,,0.01244993,,,,,
,0.012586214,0.018164471,,0.001046092,0.017118379,,
,0.012586214,0.018164471,,0.001046092,0.017118379,,
,0.012586214,0.018164471,,0.001046092,0.017118379,,
,0.012586214,0.018164471,,0.001046092,0.017118379,,
,0.042398443,0.015887169,,0.00074603,0.01514114,,
,0.040189675,0.017441216,,0.000958081,0.016483135,,
,0.040189675,0.017441216,,0.000958081,0.016483135,,
,0.040189675,0.017441216,,0.000958081,0.016483135,,
,0.040189675,0.017441216,,0.000958081,0.016483135,,
,0.040189675,0.017441216,,0.000958081,0.016483135,,
,0.040189675,0.017441216,,0.000958081,0.016483135,,
,0.040189675,0.017441216,,0.000958081,0.016483135,,
,0.040189675,0.017441216,,0.000958081,0.016483135,,
,0.040189675,0.017441216,,0.000958081,0.016483135,,
,0.040189675,0.017441216,,0.000958081,0.016483135,,
,0.040189675,0.017441216,,0.000958081,0.016483135,,
,0.040189675,0.017441216,,0.000958081,0.016483135,,
,0.012963273,0.017084669,,0.001059591,0.016025078,,
,0.012963273,0.017084669,,0.001059591,0.016025078,,
,0.016250318,0.020945107,,0.001493868,0.019451239,,
,0.016250318,0.020945107,,0.001493868,0.019451239,,
,0.016250318,0.020945107,,0.001493868,0.019451239,,
,0.016250318,0.020945107,,0.001493868,0.019451239,,
,0.012858365,0.018814415,,0.00116687,0.017647545,,
,0.012858365,0.018814415,,0.00116687,0.017647545,,
,0.012858365,0.018814415,,0.00116687,0.017647545,,
,0.012858365,0.018814415,,0.00116687,0.017647545,,
,0.017044946,0.021575783,,0.001491059,0.020084724,,
,0.017044946,0.021575783,,0.001491059,0.020084724,,
,0.017044946,0.021575783,,0.001491059,0.020084724,,
,0.017044946,0.021575783,,0.001491059,0.020084724,,
,0.017044946,0.021575783,,0.001491059,0.020084724,,
,0.017044946,0.021575783,,0.001491059,0.020084724,,
,0.017044946,0.021575783,,0.001491059,0.020084724,,
,0.017044946,0.021575783,,0.001491059,0.020084724,,
,0.016307801,0.019352289,,0.000874453,0.018477836,,
,0.016307801,0.019352289,,0.000874453,0.018477836,,
,0.016307801,0.019352289,,0.000874453,0.018477836,,
,0.016307801,0.019352289,,0.000874453,0.018477836,,
,0.016307801,0.019352289,,0.000874453,0.018477836,,
,0.016307801,0.019352289,,0.000874453,0.018477836,,
,0.014578871,0.018991802,,0.001236765,0.017755037,,
,0.014578871,0.018991802,,0.001236765,0.017755037,,
,0.014578871,0.018991802,,0.001236765,0.017755037,,
,0.014578871,0.018991802,,0.001236765,0.017755037,,
,0.013314282,0.021490203,,,,,
,0.013584759,0.018658475,,0.000950556,0.017707919,,
,0.015880491,0.024290275,,0.001334313,0.022955961,,
,0.015880491,0.024290275,,0.001334313,0.022955961,,
,0.015880491,0.024290275,,0.001334313,0.022955961,,
,0.015880491,0.024290275,,0.001334313,0.022955961,,
,0.015880491,0.024290275,,0.001334313,0.022955961,,
,0.015880491,0.024290275,,0.001334313,0.022955961,,
,0.015880491,0.024290275,,0.001334313,0.022955961,,
,0.015880491,0.024290275,,0.001334313,0.022955961,,
,0.015880491,0.024290275,,0.001334313,0.022955961,,
,0.015880491,0.024290275,,0.001334313,0.022955961,,
,0.015880491,0.024290275,,0.001334313,0.022955961,,
,0.014401114,0.016727419,,0.001007794,0.015719626,,
,0.014401114,0.016727419,,0.001007794,0.015719626,,
,0.014401114,0.016727419,,0.001007794,0.015719626,,
,0.014401114,0.016727419,,0.001007794,0.015719626,,
,0.01686801,0.020715925,,0.001202207,0.019513718,,
,0.01686801,0.020715925,,0.001202207,0.019513718,,
,0.01686801,0.020715925,,0.001202207,0.019513718,,
,0.01686801,0.020715925,,0.001202207,0.019513718,,
,0.01686801,0.020715925,,0.001202207,0.019513718,,
,0.01686801,0.020715925,,0.001202207,0.019513718,,
,0.01686801,0.020715925,,0.001202207,0.019513718,,
,0.01686801,0.020715925,,0.001202207,0.019513718,,
,0.01686801,0.020715925,,0.001202207,0.019513718,,
,0.01686801,0.020715925,,0.001202207,0.019513718,,
,0.01686801,0.020715925,,0.001202207,0.019513718,,
,0.013637084,0.0190012,,0.001186872,0.017814328,,
,0.013637084,0.0190012,,0.001186872,0.017814328,,
,0.011139444,0.015691417,,,,,
,0.011139444,0.015691417,,,,,
,0.011139444,0.015691417,,,,,
,0.011139444,0.015691417,,,,,
,0.013584075,0.020382852,,0.001282204,0.019100648,,
,0.013584075,0.020382852,,0.001282204,0.019100648,,
,0.012158362,0.015493095,,0.001358961,0.014134134,,
,0.011173674,0.011407353,,0.00067211,0.010735243,,
,0.011173674,0.011407353,,0.00067211,0.010735243,,
,0.011173674,0.011407353,,0.00067211,0.010735243,,
,0.011173674,0.011407353,,0.00067211,0.010735243,,
,0.011173674,0.011407353,,0.00067211,0.010735243,,
,0.011173674,0.011407353,,0.00067211,0.010735243,,
,0.011173674,0.011407353,,0.00067211,0.010735243,,
,0.011173674,0.011407353,,0.00067211,0.010735243,,
,0.011173674,0.011407353,,0.00067211,0.010735243,,
,0.011173674,0.011407353,,0.00067211,0.010735243,,
,0.011173674,0.011407353,,0.00067211,0.010735243,,
,0.011173674,0.011407353,,0.00067211,0.010735243,,
,0.011173674,0.011407353,,0.00067211,0.010735243,,
,0.011173674,0.011407353,,0.00067211,0.010735243,,
,0.011173674,0.011407353,,0.00067211,0.010735243,,
,0.011173674,0.011407353,,0.00067211,0.010735243,,
,0.016112254,0.020999671,,0.001116343,0.019883329,,
,0.016401602,0.015218636,,0.001253985,0.01396465,,
,0.012200865,0.014796371,,0.001232301,0.01356407,,
,0.013359426,0.016113854,,0.001284919,0.014828935,,
,0.013656688,0.018214591,,0.001024771,0.01718982,,
,0.013656688,0.018214591,,0.001024771,0.01718982,,
,0.014213184,0.017654438,,0.001525079,0.016129359,,
,0.016994612,0.028525524,,,,,
,0.016994612,0.028525524,,,,,
,0.016994612,0.028525524,,,,,
,0.016994612,0.028525524,,,,,
,0.016994612,0.028525524,,,,,
,0.016102988,0.024483891,,0.001366642,0.02311725,,
,0.016102988,0.024483891,,0.001366642,0.02311725,,
,0.016102988,0.024483891,,0.001366642,0.02311725,,
,0.014104383,0.017240295,,0.001390016,0.015850279,,
,0.014104383,0.017240295,,0.001390016,0.015850279,,
,0.012795256,0.013750014,,0.001145156,0.012604858,,
,0.012795256,0.013750014,,0.001145156,0.012604858,,
,0.012795256,0.013750014,,0.001145156,0.012604858,,
,0.012795256,0.013750014,,0.001145156,0.012604858,,
,0.012795256,0.013750014,,0.001145156,0.012604858,,
,0.012795256,0.013750014,,0.001145156,0.012604858,,
,0.013881152,0.015772579,,0.001208795,0.014563784,,
,0.013881152,0.015772579,,0.001208795,0.014563784,,
,0.013881152,0.015772579,,0.001208795,0.014563784,,
,0.013881152,0.015772579,,0.001208795,0.014563784,,
,0.013881152,0.015772579,,0.001208795,0.014563784,,
,0.013881152,0.015772579,,0.001208795,0.014563784,,
,0.013881152,0.015772579,,0.001208795,0.014563784,,
,0.013881152,0.015772579,,0.001208795,0.014563784,,
,0.013881152,0.015772579,,0.001208795,0.014563784,,
,0.013881152,0.015772579,,0.001208795,0.014563784,,
,0.016354808,0.019910024,,0.001393582,0.018516441,,
,0.016354808,0.019910024,,0.001393582,0.018516441,,
,0.016354808,0.019910024,,0.001393582,0.018516441,,
,0.016354808,0.019910024,,0.001393582,0.018516441,,
,0.014063908,0.015407464,,0.001378752,0.014028712,,
,0.014063908,0.015407464,,0.001378752,0.014028712,,
,0.014063908,0.015407464,,0.001378752,0.014028712,,
,0.014063908,0.015407464,,0.001378752,0.014028712,,
,0.014063908,0.015407464,,0.001378752,0.014028712,,
,0.014063908,0.015407464,,0.001378752,0.014028712,,
,0.014063908,0.015407464,,0.001378752,0.014028712,,
,0.014063908,0.015407464,,0.001378752,0.014028712,,
,0.014063908,0.015407464,,0.001378752,0.014028712,,
,0.015071033,0.017033593,,0.001780828,0.015252765,,
,0.015071033,0.017033593,,0.001780828,0.015252765,,
,0.015071033,0.017033593,,0.001780828,0.015252765,,
,0.015071033,0.017033593,,0.001780828,0.015252765,,
,0.015071033,0.017033593,,0.001780828,0.015252765,,
,0.015071033,0.017033593,,0.001780828,0.015252765,,
,0.015071033,0.017033593,,0.001780828,0.015252765,,
,,,,,,,
,,,,,,,
,,,,,,,
,,,,,,,
,,,,,,,
,,,,,,,
,,,,,,,
,,,,,,,
,,,,,,,
,,,,,,,
,,,,,,,
,0.017188314,0.020018794,,0.0014278,0.018590993,,
,0.017188314,0.020018794,,0.0014278,0.018590993,,
,0.016425588,0.023520208,,0.001177398,0.022342809,,
,0.0132393,0.01580002,,,,,
,0.0132393,0.01580002,,,,,
,0.01296588,0.019117494,,0.000973941,0.018143554,,
,0.01296588,0.019117494,,0.000973941,0.018143554,,
,0.01296588,0.019117494,,0.000973941,0.018143554,,
,0.01296588,0.019117494,,0.000973941,0.018143554,,
,0.011643208,0.012662364,,0.000998478,0.011663886,,
,0.011643208,0.012662364,,0.000998478,0.011663886,,
,0.011643208,0.012662364,,0.000998478,0.011663886,,
,0.011643208,0.012662364,,0.000998478,0.011663886,,
,0.011643208,0.012662364,,0.000998478,0.011663886,,
,0.011643208,0.012662364,,0.000998478,0.011663886,,
,0.011643208,0.012662364,,0.000998478,0.011663886,,
,0.011643208,0.012662364,,0.000998478,0.011663886,,
,0.011643208,0.012662364,,0.000998478,0.011663886,,
,0.011643208,0.012662364,,0.000998478,0.011663886,,
,0.011643208,0.012662364,,0.000998478,0.011663886,,
,0.011643208,0.012662364,,0.000998478,0.011663886,,
,0.011643208,0.012662364,,0.000998478,0.011663886,,
,0.011643208,0.012662364,,0.000998478,0.011663886,,
,0.011643208,0.012662364,,0.000998478,0.011663886,,
,0.011643208,0.012662364,,0.000998478,0.011663886,,
,0.011643208,0.012662364,,0.000998478,0.011663886,,
,0.016589053,0.021693377,,0.001114779,0.020578598,,
,0.016589053,0.021693377,,0.001114779,0.020578598,,
,0.016589053,0.021693377,,0.001114779,0.020578598,,
,0.016589053,0.021693377,,0.001114779,0.020578598,,
,0.016589053,0.021693377,,0.001114779,0.020578598,,
,0.016589053,0.021693377,,0.001114779,0.020578598,,
,0.016589053,0.021693377,,0.001114779,0.020578598,,
,0.016589053,0.021693377,,0.001114779,0.020578598,,
,0.016589053,0.021693377,,0.001114779,0.020578598,,
,0.016589053,0.021693377,,0.001114779,0.020578598,,
,0.013392115,0.015459151,,0.001171077,0.014288074,,
,0.013392115,0.015459151,,0.001171077,0.014288074,,
,0.013392115,0.015459151,,0.001171077,0.014288074,,
,0.013392115,0.015459151,,0.001171077,0.014288074,,
,0.013392115,0.015459151,,0.001171077,0.014288074,,
,0.013392115,0.015459151,,0.001171077,0.014288074,,
,0.013392115,0.015459151,,0.001171077,0.014288074,,
,0.013392115,0.015459151,,0.001171077,0.014288074,,
,0.014718973,0.016566964,,0.001445816,0.015121148,,
,0.011321049,0.014636999,,0.00080404,0.01383296,,
,0.011321049,0.014636999,,0.00080404,0.01383296,,
,0.011321049,0.014636999,,0.00080404,0.01383296,,
,0.011321049,0.014636999,,0.00080404,0.01383296,,
,0.012837322,0.01875641,,0.001105109,0.017651301,,
,0.012837322,0.01875641,,0.001105109,0.017651301,,
,0.012837322,0.01875641,,0.001105109,0.017651301,,
,0.012837322,0.01875641,,0.001105109,0.017651301,,
,0.012837322,0.01875641,,0.001105109,0.017651301,,
,0.012837322,0.01875641,,0.001105109,0.017651301,,
,0.012837322,0.01875641,,0.001105109,0.017651301,,
,0.012837322,0.01875641,,0.001105109,0.017651301,,
,0.012837322,0.01875641,,0.001105109,0.017651301,,
,0.012837322,0.01875641,,0.001105109,0.017651301,,
,0.011237521,0.014545969,,0.001269441,0.013276527,,
,0.012530029,0.01821464,,0.000984428,0.017230211,,
,0.010558963,0.017396246,,0.001071209,0.016325037,,
,0.010558963,0.017396246,,0.001071209,0.016325037,,
,0.011122123,0.014334335,,0.001250972,0.013083363,,
,0.009597414,0.015647071,,0.001025885,0.014621187,,
,0.010155005,0.013422392,,0.001314092,0.012108299,,
,0.010155005,0.013422392,,0.001314092,0.012108299,,
,0.0115412,0.015698464,,0.000855394,0.01484307,,
,0.0115412,0.015698464,,0.000855394,0.01484307,,
,0.0115412,0.015698464,,0.000855394,0.01484307,,
,0.0115412,0.015698464,,0.000855394,0.01484307,,
,0.012484458,0.020462764,,,,,
,0.012168709,0.01652729,,0.001017701,0.015509589,,
,0.013250839,0.018180274,,0.001095325,0.017084949,,
,0.013250839,0.018180274,,0.001095325,0.017084949,,
,0.013250839,0.018180274,,0.001095325,0.017084949,,
,0.013250839,0.018180274,,0.001095325,0.017084949,,
,0.013277058,0.015779068,,0.001516858,0.014262211,,
,0.0132743,0.01504722,,0.001533161,0.013514059,,
,0.013601588,0.018750267,,0.001079828,0.017670439,,
,0.013079726,0.018648095,,0.001007855,0.01764024,,
,0.013079726,0.018648095,,0.001007855,0.01764024,,
,0.013079726,0.018648095,,0.001007855,0.01764024,,
,0.013079726,0.018648095,,0.001007855,0.01764024,,
,0.013029212,0.019121706,,0.001041923,0.018079783,,
,0.013029212,0.019121706,,0.001041923,0.018079783,,
,0.013029212,0.019121706,,0.001041923,0.018079783,,
,0.013029212,0.019121706,,0.001041923,0.018079783,,
,0.013029212,0.019121706,,0.001041923,0.018079783,,
,0.011273,0.017623814,,0.000936882,0.016686932,,
,0.011273,0.017623814,,0.000936882,0.016686932,,
,0.011273,0.017623814,,0.000936882,0.016686932,,
,0.011273,0.017623814,,0.000936882,0.016686932,,
,0.011273,0.017623814,,0.000936882,0.016686932,,
,0.011273,0.017623814,,0.000936882,0.016686932,,
,0.011273,0.017623814,,0.000936882,0.016686932,,
,0.011273,0.017623814,,0.000936882,0.016686932,,
,0.011115258,0.017533735,,0.000893256,0.016640478,,
,0.011115258,0.017533735,,0.000893256,0.016640478,,
,0.011115258,0.017533735,,0.000893256,0.016640478,,
,0.011115258,0.017533735,,0.000893256,0.016640478,,
,0.013049554,0.017002938,,0.001031925,0.015971012,,
,0.013049554,0.017002938,,0.001031925,0.015971012,,
,0.013049554,0.017002938,,0.001031925,0.015971012,,
,0.013049554,0.017002938,,0.001031925,0.015971012,,
,0.014936766,0.021023629,,0.001294572,0.019729057,,
,0.014936766,0.021023629,,0.001294572,0.019729057,,
,0.014936766,0.021023629,,0.001294572,0.019729057,,
,0.014936766,0.021023629,,0.001294572,0.019729057,,
,0.014936766,0.021023629,,0.001294572,0.019729057,,
,0.014936766,0.021023629,,0.001294572,0.019729057,,
,0.014936766,0.021023629,,0.001294572,0.019729057,,
,0.014936766,0.021023629,,0.001294572,0.019729057,,
,0.014936766,0.021023629,,0.001294572,0.019729057,,
,0.014654777,0.023061548,,0.001307682,0.021753866,,
,0.012137585,0.018037666,,0.001038789,0.016998876,,
,0.012137585,0.018037666,,0.001038789,0.016998876,,
,0.016547909,0.019970424,,0.001371269,0.018599155,,
,0.016547909,0.019970424,,0.001371269,0.018599155,,
,0.016547909,0.019970424,,0.001371269,0.018599155,,
,0.016547909,0.019970424,,0.001371269,0.018599155,,
,0.010955752,0.017136733,,0.001078003,0.016058729,,
,0.013367939,0.017129127,,0.001160995,0.015968132,,
,0.011033779,0.014597593,,0.000737208,0.013860385,,
,0.010985539,0.015716398,,0.00091207,0.014804328,,
,0.010985539,0.015716398,,0.00091207,0.014804328,,
,0.010985539,0.015716398,,0.00091207,0.014804328,,
,0.010985539,0.015716398,,0.00091207,0.014804328,,
,0.010985539,0.015716398,,0.00091207,0.014804328,,
,0.010985539,0.015716398,,0.00091207,0.014804328,,
,0.010985539,0.015716398,,0.00091207,0.014804328,,
,0.010985539,0.015716398,,0.00091207,0.014804328,,
,0.010985539,0.015716398,,0.00091207,0.014804328,,
,0.010985539,0.015716398,,0.00091207,0.014804328,,
,0.010985539,0.015716398,,0.00091207,0.014804328,,
,,0.022267399,,0.001341566,0.020925833,,
,,0.022267399,,0.001341566,0.020925833,,
,,0.022267399,,0.001341566,0.020925833,,
,,0.022267399,,0.001341566,0.020925833,,
,,0.022267399,,0.001341566,0.020925833,,
,,0.022267399,,0.001341566,0.020925833,,
,0.01588344,0.019920491,,0.001261943,0.018658548,,
,0.01588344,0.019920491,,0.001261943,0.018658548,,
,0.017211604,0.019563284,,0.001065984,0.0184973,,
,0.017211604,0.019563284,,0.001065984,0.0184973,,
,0.017211604,0.019563284,,0.001065984,0.0184973,,
,0.017211604,0.019563284,,0.001065984,0.0184973,,
,0.017211604,0.019563284,,0.001065984,0.0184973,,
,0.017211604,0.019563284,,0.001065984,0.0184973,,
,0.017211604,0.019563284,,0.001065984,0.0184973,,
,0.017211604,0.019563284,,0.001065984,0.0184973,,
,0.017211604,0.019563284,,0.001065984,0.0184973,,
,0.011605613,0.01787911,,0.000815806,0.017063304,,
,0.011605613,0.01787911,,0.000815806,0.017063304,,
,0.011605613,0.01787911,,0.000815806,0.017063304,,
,0.011605613,0.01787911,,0.000815806,0.017063304,,
,0.011605613,0.01787911,,0.000815806,0.017063304,,
,0.011605613,0.01787911,,0.000815806,0.017063304,,
,0.010375229,0.016516097,,0.000687763,0.015828334,,
,0.010375229,0.016516097,,0.000687763,0.015828334,,
,0.010375229,0.016516097,,0.000687763,0.015828334,,
,0.010375229,0.016516097,,0.000687763,0.015828334,,
,0.013664611,0.016205449,,0.000753796,0.015451653,,
,0.013664611,0.016205449,,0.000753796,0.015451653,,
,0.013664611,0.016205449,,0.000753796,0.015451653,,
,0.015998736,0.022822143,,0.001193005,0.021629138,,
,0.015998736,0.022822143,,0.001193005,0.021629138,,
,0.015998736,0.022822143,,0.001193005,0.021629138,,
,0.015998736,0.022822143,,0.001193005,0.021629138,,
,0.015998736,0.022822143,,0.001193005,0.021629138,,
,0.015998736,0.022822143,,0.001193005,0.021629138,,
,0.015998736,0.022822143,,0.001193005,0.021629138,,
,0.015998736,0.022822143,,0.001193005,0.021629138,,
,0.015998736,0.022822143,,0.001193005,0.021629138,,
,0.012847061,0.020294715,,0.000746216,0.019548499,,
,0.012499048,0.017340552,,0.000737459,0.016603093,,
,0.012499048,0.017340552,,0.000737459,0.016603093,,
,0.012499048,0.017340552,,0.000737459,0.016603093,,
,0.012499048,0.017340552,,0.000737459,0.016603093,,
,0.012717813,0.016873961,,0.000762467,0.016111494,,
,0.012717813,0.016873961,,0.000762467,0.016111494,,
,0.012717813,0.016873961,,0.000762467,0.016111494,,
,0.012717813,0.016873961,,0.000762467,0.016111494,,
,0.018813191,0.021777178,,0.000935787,0.020841391,,
,0.018813191,0.021777178,,0.000935787,0.020841391,,
,0.018813191,0.021777178,,0.000935787,0.020841391,,
,0.018813191,0.021777178,,0.000935787,0.020841391,,
,0.018813191,0.021777178,,0.000935787,0.020841391,,
,0.018813191,0.021777178,,0.000935787,0.020841391,,
,0.018813191,0.021777178,,0.000935787,0.020841391,,
,0.018813191,0.021777178,,0.000935787,0.020841391,,
,0.018813191,0.021777178,,0.000935787,0.020841391,,
,0.018813191,0.021777178,,0.000935787,0.020841391,,
,0.018813191,0.021777178,,0.000935787,0.020841391,,
,0.008348238,0.016408164,,0.001039441,0.015368724,,
,0.008348238,0.016408164,,0.001039441,0.015368724,,
,0.015897865,0.01894055,,0.001308944,0.017631606,,
,0.015897865,0.01894055,,0.001308944,0.017631606,,
,0.015897865,0.01894055,,0.001308944,0.017631606,,
,0.015897865,0.01894055,,0.001308944,0.017631606,,
,0.013817223,0.020846868,,0.001246747,0.019600121,,
,0.013817223,0.020846868,,0.001246747,0.019600121,,
,0.013646676,0.016316237,,0.001004705,0.015311532,,
,0.013646676,0.016316237,,0.001004705,0.015311532,,
,,,,,,,
,,,,,,,
,0.018085533,0.021640121,,0.00139964,0.020240482,,
,0.018085533,0.021640121,,0.00139964,0.020240482,,
,0.018085533,0.021640121,,0.00139964,0.020240482,,
,0.018085533,0.021640121,,0.00139964,0.020240482,,
,0.011254575,0.016366784,,0.00089181,0.015474974,,
,0.011254575,0.016366784,,0.00089181,0.015474974,,
,0.011254575,0.016366784,,0.00089181,0.015474974,,
,0.011254575,0.016366784,,0.00089181,0.015474974,,
,0.011254575,0.016366784,,0.00089181,0.015474974,,
,0.011254575,0.016366784,,0.00089181,0.015474974,,
,0.011254575,0.016366784,,0.00089181,0.015474974,,
,0.011254575,0.016366784,,0.00089181,0.015474974,,
,0.011254575,0.016366784,,0.00089181,0.015474974,,
,0.014956605,0.022111147,,0.000881571,0.021229576,,
,0.014956605,0.022111147,,0.000881571,0.021229576,,
,0.014828981,0.014391856,,0.001434508,0.012957348,,
,0.014828981,0.014391856,,0.001434508,0.012957348,,
,0.014828981,0.014391856,,0.001434508,0.012957348,,
,0.014828981,0.014391856,,0.001434508,0.012957348,,
,0.014828981,0.014391856,,0.001434508,0.012957348,,
,0.014828981,0.014391856,,0.001434508,0.012957348,,
,0.016837535,0.022133857,,0.001245273,0.020888584,,
,0.016837535,0.022133857,,0.001245273,0.020888584,,
,0.016837535,0.022133857,,0.001245273,0.020888584,,
,0.016837535,0.022133857,,0.001245273,0.020888584,,
,0.016778541,0.024841717,,0.001243551,0.023598165,,
,0.016778541,0.024841717,,0.001243551,0.023598165,,
,0.016778541,0.024841717,,0.001243551,0.023598165,,
,0.016778541,0.024841717,,0.001243551,0.023598165,,
,0.015148336,0.024540877,,0.001456796,0.023084081,,
,0.015148336,0.024540877,,0.001456796,0.023084081,,
,0.015148336,0.024540877,,0.001456796,0.023084081,,
,0.015148336,0.024540877,,0.001456796,0.023084081,,
,0.016385718,0.024332371,,0.001390522,0.022941849,,
,0.016385718,0.024332371,,0.001390522,0.022941849,,
,0.016385718,0.024332371,,0.001390522,0.022941849,,
,0.016385718,0.024332371,,0.001390522,0.022941849,,
,0.016385718,0.024332371,,0.001390522,0.022941849,,
,0.016385718,0.024332371,,0.001390522,0.022941849,,
,0.016385718,0.024332371,,0.001390522,0.022941849,,
,0.016385718,0.024332371,,0.001390522,0.022941849,,
,0.016385718,0.024332371,,0.001390522,0.022941849,,
,0.013560879,0.008960752,,0.000778044,0.008182707,,
,0.013560879,0.008960752,,0.000778044,0.008182707,,
,0.013560879,0.008960752,,0.000778044,0.008182707,,
,0.013560879,0.008960752,,0.000778044,0.008182707,,
,0.013560879,0.008960752,,0.000778044,0.008182707,,
,0.013560879,0.008960752,,0.000778044,0.008182707,,
,0.013560879,0.008960752,,0.000778044,0.008182707,,
,0.013560879,0.008960752,,0.000778044,0.008182707,,
,0.013560879,0.008960752,,0.000778044,0.008182707,,
,0.013560879,0.008960752,,0.000778044,0.008182707,,
,0.013560879,0.008960752,,0.000778044,0.008182707,,
,0.013560879,0.008960752,,0.000778044,0.008182707,,
,0.013560879,0.008960752,,0.000778044,0.008182707,,
,0.013560879,0.008960752,,0.000778044,0.008182707,,
,0.013560879,0.008960752,,0.000778044,0.008182707,,
,0.013560879,0.008960752,,0.000778044,0.008182707,,
,0.013560879,0.008960752,,0.000778044,0.008182707,,
,0.013560879,0.008960752,,0.000778044,0.008182707,,
,0.013560879,0.008960752,,0.000778044,0.008182707,,
,0.016093912,0.021396709,,0.001080577,0.020316132,,
,0.016093912,0.021396709,,0.001080577,0.020316132,,
,0.016093912,0.021396709,,0.001080577,0.020316132,,
,0.016093912,0.021396709,,0.001080577,0.020316132,,
,0.016093912,0.021396709,,0.001080577,0.020316132,,
,0.016093912,0.021396709,,0.001080577,0.020316132,,
,0.016093912,0.021396709,,0.001080577,0.020316132,,
,0.016093912,0.021396709,,0.001080577,0.020316132,,
,0.013817348,0.018927927,,0.001165525,0.017762402,,
,0.013817348,0.018927927,,0.001165525,0.017762402,,
,0.013817348,0.018927927,,0.001165525,0.017762402,,
,0.013817348,0.018927927,,0.001165525,0.017762402,,
,0.013817348,0.018927927,,0.001165525,0.017762402,,
,0.013817348,0.018927927,,0.001165525,0.017762402,,
,0.013817348,0.018927927,,0.001165525,0.017762402,,
,0.013817348,0.018927927,,0.001165525,0.017762402,,
,0.013817348,0.018927927,,0.001165525,0.017762402,,
,0.016512671,0.023289901,,0.001351583,0.021938318,,
,0.016512671,0.023289901,,0.001351583,0.021938318,,
,0.016512671,0.023289901,,0.001351583,0.021938318,,
,0.016512671,0.023289901,,0.001351583,0.021938318,,
,0.016512671,0.023289901,,0.001351583,0.021938318,,
,0.016512671,0.023289901,,0.001351583,0.021938318,,
,0.016512671,0.023289901,,0.001351583,0.021938318,,
,0.016512671,0.023289901,,0.001351583,0.021938318,,
,0.016512671,0.023289901,,0.001351583,0.021938318,,
,0.016512671,0.023289901,,0.001351583,0.021938318,,
,0.016512671,0.023289901,,0.001351583,0.021938318,,
,0.016219604,0.012581975,,0.000992139,0.011589836,,
,0.016222395,0.018637655,,0.001205446,0.017432209,,
,0.016081919,0.015469745,,0.001411738,0.014058007,,
,0.016081919,0.015469745,,0.001411738,0.014058007,,
,0.016081919,0.015469745,,0.001411738,0.014058007,,
,0.016081919,0.015469745,,0.001411738,0.014058007,,
,0.016081919,0.015469745,,0.001411738,0.014058007,,
,0.016081919,0.015469745,,0.001411738,0.014058007,,
,0.016081919,0.015469745,,0.001411738,0.014058007,,
,0.016081919,0.015469745,,0.001411738,0.014058007,,
,0.016081919,0.015469745,,0.001411738,0.014058007,,
,0.016081919,0.015469745,,0.001411738,0.014058007,,
,0.013997473,0.02112793,,0.001553706,0.019574224,,
,0.013997473,0.02112793,,0.001553706,0.019574224,,
,0.013997473,0.02112793,,0.001553706,0.019574224,,
,0.016200976,0.016999333,,0.001024176,0.015975157,,
,0.016200976,0.016999333,,0.001024176,0.015975157,,
,0.016200976,0.016999333,,0.001024176,0.015975157,,
,0.016200976,0.016999333,,0.001024176,0.015975157,,
,0.016200976,0.016999333,,0.001024176,0.015975157,,
,0.016200976,0.016999333,,0.001024176,0.015975157,,
,0.016200976,0.016999333,,0.001024176,0.015975157,,
,0.016200976,0.016999333,,0.001024176,0.015975157,,
,0.015503186,0.014564409,,0.001690433,0.012873976,,
,0.014086215,0.014672308,,0.001501461,0.013170846,,
,0.011425738,0.012234454,,0.001284508,0.010949946,,
,0.011425738,0.012234454,,0.001284508,0.010949946,,
,0.012014791,0.013646897,,0.001396528,0.012250369,,
,0.01505103,0.017109908,,0.001099055,0.016010853,,
,0.01505103,0.017109908,,0.001099055,0.016010853,,
,0.01505103,0.017109908,,0.001099055,0.016010853,,
61.1,0.015453091,0.02139262,,0.001440493,0.019952127,,
61.1,0.015453091,0.02139262,,0.001440493,0.019952127,,
61.1,0.015453091,0.02139262,,0.001440493,0.019952127,,
61.1,0.015453091,0.02139262,,0.001440493,0.019952127,,
61.1,0.015453091,0.02139262,,0.001440493,0.019952127,,
62.4,0.010737669,0.01526153,,0.000872151,0.014389379,,
62.4,0.010737669,0.01526153,,0.000872151,0.014389379,,
62.4,0.010737669,0.01526153,,0.000872151,0.014389379,,
62.4,0.010737669,0.01526153,,0.000872151,0.014389379,,
62.4,0.010737669,0.01526153,,0.000872151,0.014389379,,
62.4,0.010737669,0.01526153,,0.000872151,0.014389379,,
62.4,0.010737669,0.01526153,,0.000872151,0.014389379,,
62.4,0.010737669,0.01526153,,0.000872151,0.014389379,,
62.4,0.010737669,0.01526153,,0.000872151,0.014389379,,
62.4,0.010737669,0.01526153,,0.000872151,0.014389379,,
62.4,0.010737669,0.01526153,,0.000872151,0.014389379,,
62.4,0.010737669,0.01526153,,0.000872151,0.014389379,,
62.4,0.010737669,0.01526153,,0.000872151,0.014389379,,
62.4,0.010737669,0.01526153,,0.000872151,0.014389379,,
62.4,0.010737669,0.01526153,,0.000872151,0.014389379,,
36.6,0.014149393,0.01888678,,0.000870152,0.018016628,,
36.6,0.014149393,0.01888678,,0.000870152,0.018016628,,
56.0,0.016232907,0.01535477,,0.000945501,0.014409269,,
56.0,0.016232907,0.01535477,,0.000945501,0.014409269,,
56.0,0.016232907,0.01535477,,0.000945501,0.014409269,,
56.0,0.016232907,0.01535477,,0.000945501,0.014409269,,
57.8,0.014049374,0.02224454,,0.001271209,0.020973331,,
57.8,0.014049374,0.02224454,,0.001271209,0.020973331,,
57.8,0.014049374,0.02224454,,0.001271209,0.020973331,,
57.8,0.014049374,0.02224454,,0.001271209,0.020973331,,
55.8,0.013421327,0.01920222,,0.001156895,0.018045325,,
55.8,0.013421327,0.01920222,,0.001156895,0.018045325,,
55.8,0.013421327,0.01920222,,0.001156895,0.018045325,,
56.4,0.015407896,0.02349111,,0.001238381,0.022252729,,
56.4,0.015407896,0.02349111,,0.001238381,0.022252729,,
56.4,0.015407896,0.02349111,,0.001238381,0.022252729,,
56.4,0.015407896,0.02349111,,0.001238381,0.022252729,,
46.6,0.013828751,0.01940545,,0.001151946,0.018253504,,
46.6,0.013828751,0.01940545,,0.001151946,0.018253504,,
46.6,0.013828751,0.01940545,,0.001151946,0.018253504,,
46.6,0.013828751,0.01940545,,0.001151946,0.018253504,,
54.0,0.012879842,0.01756176,,0.001011382,0.016550378,,
54.0,0.012879842,0.01756176,,0.001011382,0.016550378,,
54.0,0.012879842,0.01756176,,0.001011382,0.016550378,,
50.85,0.017465193,0.019596225,,0.001137228,0.018458997,,
50.85,0.017465193,0.019596225,,0.001137228,0.018458997,,
50.85,0.017465193,0.019596225,,0.001137228,0.018458997,,
50.85,0.017465193,0.019596225,,0.001137228,0.018458997,,
50.85,0.017465193,0.019596225,,0.001137228,0.018458997,,
50.85,0.017465193,0.019596225,,0.001137228,0.018458997,,
50.85,0.017465193,0.019596225,,0.001137228,0.018458997,,
54.15,0.01617039,0.01875863,,0.001242356,0.017516274,,
54.15,0.01617039,0.01875863,,0.001242356,0.017516274,,
54.15,0.01617039,0.01875863,,0.001242356,0.017516274,,
,0.015735132,0.019929265,,0.001271328,0.018657937,,
,0.015735132,0.019929265,,0.001271328,0.018657937,,
,0.015735132,0.019929265,,0.001271328,0.018657937,,
,0.015735132,0.019929265,,0.001271328,0.018657937,,
,0.015735132,0.019929265,,0.001271328,0.018657937,,
,0.015735132,0.019929265,,0.001271328,0.018657937,,
,0.015735132,0.019929265,,0.001271328,0.018657937,,
,0.015735132,0.019929265,,0.001271328,0.018657937,,
,0.015735132,0.019929265,,0.001271328,0.018657937,,
53.0,0.018885261,0.02271223,,0.001217444,0.021494786,,
53.0,0.018885261,0.02271223,,0.001217444,0.021494786,,
53.0,0.018885261,0.02271223,,0.001217444,0.021494786,,
53.0,0.018885261,0.02271223,,0.001217444,0.021494786,,
53.0,0.018885261,0.02271223,,0.001217444,0.021494786,,
53.0,0.018885261,0.02271223,,0.001217444,0.021494786,,
53.0,0.018885261,0.02271223,,0.001217444,0.021494786,,
53.0,0.018885261,0.02271223,,0.001217444,0.021494786,,
53.0,0.018885261,0.02271223,,0.001217444,0.021494786,,
53.0,0.018885261,0.02271223,,0.001217444,0.021494786,,
38.9,,0.01970073,,0.001029836,0.018670894,,
38.9,,0.01970073,,0.001029836,0.018670894,,
38.9,,0.01970073,,0.001029836,0.018670894,,
38.9,,0.01970073,,0.001029836,0.018670894,,
57.15,0.015083702,0.02166548,,0.001367688,0.020297792,,
57.15,0.015083702,0.02166548,,0.001367688,0.020297792,,
57.15,0.015083702,0.02166548,,0.001367688,0.020297792,,
57.15,0.015083702,0.02166548,,0.001367688,0.020297792,,
57.15,0.015083702,0.02166548,,0.001367688,0.020297792,,
57.15,0.015083702,0.02166548,,0.001367688,0.020297792,,
61.1,0.011393443,0.01724769,,0.001069702,0.016177988,,
61.1,0.011393443,0.01724769,,0.001069702,0.016177988,,
61.1,0.011393443,0.01724769,,0.001069702,0.016177988,,
61.1,0.011393443,0.01724769,,0.001069702,0.016177988,,
61.1,0.011393443,0.01724769,,0.001069702,0.016177988,,
61.1,0.011393443,0.01724769,,0.001069702,0.016177988,,
,0.015229818,0.019517726,,0.001236428,0.018281297,,
,0.015229818,0.019517726,,0.001236428,0.018281297,,
,0.015229818,0.019517726,,0.001236428,0.018281297,,
,0.015229818,0.019517726,,0.001236428,0.018281297,,
,0.015229818,0.019517726,,0.001236428,0.018281297,,
,0.017473701,0.022784765,,0.001291987,0.021492778,,
,0.017473701,0.022784765,,0.001291987,0.021492778,,
,0.017473701,0.022784765,,0.001291987,0.021492778,,
,0.017473701,0.022784765,,0.001291987,0.021492778,,
,0.017473701,0.022784765,,0.001291987,0.021492778,,
,0.017473701,0.022784765,,0.001291987,0.021492778,,
,0.017473701,0.022784765,,0.001291987,0.021492778,,
,0.017473701,0.022784765,,0.001291987,0.021492778,,
,0.017473701,0.022784765,,0.001291987,0.021492778,,
,0.015326636,0.018825351,,0.001217586,0.017607765,,
,0.015326636,0.018825351,,0.001217586,0.017607765,,
,0.015326636,0.018825351,,0.001217586,0.017607765,,
,0.015326636,0.018825351,,0.001217586,0.017607765,,
,0.010254109,0.01404923,,0.000908676,0.013140554,,
,0.010254109,0.01404923,,0.000908676,0.013140554,,
,0.010254109,0.01404923,,0.000908676,0.013140554,,
,0.010254109,0.01404923,,0.000908676,0.013140554,,
,0.010254109,0.01404923,,0.000908676,0.013140554,,
,0.010254109,0.01404923,,0.000908676,0.013140554,,
,0.010254109,0.01404923,,0.000908676,0.013140554,,
,0.010254109,0.01404923,,0.000908676,0.013140554,,
,0.010254109,0.01404923,,0.000908676,0.013140554,,
,0.010254109,0.01404923,,0.000908676,0.013140554,,
,0.010254109,0.01404923,,0.000908676,0.013140554,,
,0.010254109,0.01404923,,0.000908676,0.013140554,,
,0.010254109,0.01404923,,0.000908676,0.013140554,,
,0.010254109,0.01404923,,0.000908676,0.013140554,,
,0.010254109,0.01404923,,0.000908676,0.013140554,,
,0.010254109,0.01404923,,0.000908676,0.013140554,,
,0.010254109,0.01404923,,0.000908676,0.013140554,,
,0.010254109,0.01404923,,0.000908676,0.013140554,,
,0.010254109,0.01404923,,0.000908676,0.013140554,,
,0.013213353,0.019377722,,0.001012951,0.018364771,,
,0.01231086,0.0174456,,0.001066519,0.016379081,,
,0.01231086,0.0174456,,0.001066519,0.016379081,,
,0.01231086,0.0174456,,0.001066519,0.016379081,,
,0.013670421,0.021744359,,0.001204094,0.020540265,,
,0.013670421,0.021744359,,0.001204094,0.020540265,,
,0.013670421,0.021744359,,0.001204094,0.020540265,,
,0.01295828,0.016540785,,0.00084267,0.015698115,,
,0.01295828,0.016540785,,0.00084267,0.015698115,,
,0.013461698,0.019278952,,0.001093194,0.018185759,,
,0.013461698,0.019278952,,0.001093194,0.018185759,,
,0.013461698,0.019278952,,0.001093194,0.018185759,,
,0.013461698,0.019278952,,0.001093194,0.018185759,,
,0.013461698,0.019278952,,0.001093194,0.018185759,,
,0.013936796,0.015676735,,0.000965326,0.014711409,,
,0.013936796,0.015676735,,0.000965326,0.014711409,,
,0.013936796,0.015676735,,0.000965326,0.014711409,,
,0.013936796,0.015676735,,0.000965326,0.014711409,,
,0.013936796,0.015676735,,0.000965326,0.014711409,,
,0.013936796,0.015676735,,0.000965326,0.014711409,,
,0.013936796,0.015676735,,0.000965326,0.014711409,,
,0.013936796,0.015676735,,0.000965326,0.014711409,,
,0.020586469,0.023335895,,0.001261212,0.022074683,,
,0.020586469,0.023335895,,0.001261212,0.022074683,,
,0.020586469,0.023335895,,0.001261212,0.022074683,,
,0.020586469,0.023335895,,0.001261212,0.022074683,,
,0.020586469,0.023335895,,0.001261212,0.022074683,,
,0.020586469,0.023335895,,0.001261212,0.022074683,,
,0.020586469,0.023335895,,0.001261212,0.022074683,,
,0.020586469,0.023335895,,0.001261212,0.022074683,,
,0.020586469,0.023335895,,0.001261212,0.022074683,,
,0.020586469,0.023335895,,0.001261212,0.022074683,,
,0.016427731,0.019044988,,0.001113675,0.017931313,,
,0.016427731,0.019044988,,0.001113675,0.017931313,,
,0.016427731,0.019044988,,0.001113675,0.017931313,,
,0.016427731,0.019044988,,0.001113675,0.017931313,,
,0.016427731,0.019044988,,0.001113675,0.017931313,,
,0.016427731,0.019044988,,0.001113675,0.017931313,,
,0.016427731,0.019044988,,0.001113675,0.017931313,,
,0.016427731,0.019044988,,0.001113675,0.017931313,,
,0.016427731,0.019044988,,0.001113675,0.017931313,,
64.8,0.014278957,0.02028642,,0.001249177,0.019037243,,
64.8,0.014278957,0.02028642,,0.001249177,0.019037243,,
64.8,0.014278957,0.02028642,,0.001249177,0.019037243,,
64.8,0.014278957,0.02028642,,0.001249177,0.019037243,,
64.8,0.014278957,0.02028642,,0.001249177,0.019037243,,
64.8,0.014278957,0.02028642,,0.001249177,0.019037243,,
,0.013968967,0.014498877,,0.001374523,0.013124355,,
,0.013968967,0.014498877,,0.001374523,0.013124355,,
,0.013968967,0.014498877,,0.001374523,0.013124355,,
,0.013968967,0.014498877,,0.001374523,0.013124355,,
,0.012605491,0.018019669,,0.001149511,0.016870158,,
,0.012605491,0.018019669,,0.001149511,0.016870158,,
,0.012605491,0.018019669,,0.001149511,0.016870158,,
,0.012605491,0.018019669,,0.001149511,0.016870158,,
,0.012605491,0.018019669,,0.001149511,0.016870158,,
,0.012605491,0.018019669,,0.001149511,0.016870158,,
,0.017426267,0.02080807,,0.001391914,0.019416156,,
,0.017426267,0.02080807,,0.001391914,0.019416156,,
,0.017426267,0.02080807,,0.001391914,0.019416156,,
,0.017426267,0.02080807,,0.001391914,0.019416156,,
,0.017426267,0.02080807,,0.001391914,0.019416156,,
,0.014701281,0.022478147,,0.001543462,0.020934685,,
,0.014701281,0.022478147,,0.001543462,0.020934685,,
,0.014701281,0.022478147,,0.001543462,0.020934685,,
,0.014701281,0.022478147,,0.001543462,0.020934685,,
,0.014701281,0.022478147,,0.001543462,0.020934685,,
,0.017417576,0.022809402,,0.001475267,0.021334136,,
,0.017417576,0.022809402,,0.001475267,0.021334136,,
,0.017417576,0.022809402,,0.001475267,0.021334136,,
,0.013126548,0.013692198,,0.001358704,0.012333494,,
,0.013126548,0.013692198,,0.001358704,0.012333494,,
,0.013347112,0.013449499,,0.001280998,0.012168502,,
,0.013347112,0.013449499,,0.001280998,0.012168502,,
,0.013883202,0.015192978,,0.001554743,0.013638235,,
,0.013883202,0.015192978,,0.001554743,0.013638235,,
,0.017305737,0.022455249,,0.001492151,0.020963098,,
,0.017305737,0.022455249,,0.001492151,0.020963098,,
,0.017305737,0.022455249,,0.001492151,0.020963098,,
,0.017796075,0.026588376,,0.001649011,0.024939365,,
,0.017796075,0.026588376,,0.001649011,0.024939365,,
,0.017796075,0.026588376,,0.001649011,0.024939365,,
,0.017796075,0.026588376,,0.001649011,0.024939365,,
,0.017796075,0.026588376,,0.001649011,0.024939365,,
,0.017796075,0.026588376,,0.001649011,0.024939365,,
,0.017259135,0.020541151,,0.001228464,0.019312687,,
,0.017259135,0.020541151,,0.001228464,0.019312687,,
,0.017259135,0.020541151,,0.001228464,0.019312687,,
,0.014511305,0.01517644,,0.001183277,0.013993163,,
,0.014511305,0.01517644,,0.001183277,0.013993163,,
,0.022390338,0.016309012,,0.001264356,0.015044656,,
,0.022390338,0.016309012,,0.001264356,0.015044656,,
,0.022390338,0.016309012,,0.001264356,0.015044656,,
,0.022390338,0.016309012,,0.001264356,0.015044656,,
,0.022390338,0.016309012,,0.001264356,0.015044656,,
,0.022390338,0.016309012,,0.001264356,0.015044656,,
,0.022390338,0.016309012,,0.001264356,0.015044656,,
,0.022390338,0.016309012,,0.001264356,0.015044656,,
,0.022390338,0.016309012,,0.001264356,0.015044656,,
,0.022390338,0.016309012,,0.001264356,0.015044656,,
,0.022390338,0.016309012,,0.001264356,0.015044656,,
,0.022390338,0.016309012,,0.001264356,0.015044656,,
,0.022390338,0.016309012,,0.001264356,0.015044656,,
,0.022390338,0.016309012,,0.001264356,0.015044656,,
,0.022390338,0.016309012,,0.001264356,0.015044656,,
,0.022390338,0.016309012,,0.001264356,0.015044656,,
,0.022390338,0.016309012,,0.001264356,0.015044656,,
,0.022390338,0.016309012,,0.001264356,0.015044656,,
,0.022390338,0.016309012,,0.001264356,0.015044656,,
,0.020022386,0.021492538,,0.001580518,0.01991202,,
,0.020022386,0.021492538,,0.001580518,0.01991202,,
,0.020022386,0.021492538,,0.001580518,0.01991202,,
,0.020022386,0.021492538,,0.001580518,0.01991202,,
,0.020022386,0.021492538,,0.001580518,0.01991202,,
,0.015175773,0.014100512,,0.001555385,0.012545126,,
,0.015175773,0.014100512,,0.001555385,0.012545126,,
,0.015175773,0.014100512,,0.001555385,0.012545126,,
,0.015175773,0.014100512,,0.001555385,0.012545126,,
,0.015175773,0.014100512,,0.001555385,0.012545126,,
,0.015175773,0.014100512,,0.001555385,0.012545126,,
,0.015175773,0.014100512,,0.001555385,0.012545126,,
,0.015175773,0.014100512,,0.001555385,0.012545126,,
,0.015175773,0.014100512,,0.001555385,0.012545126,,
,0.015175773,0.014100512,,0.001555385,0.012545126,,
,0.015512261,0.014392517,,0.001498333,0.012894184,,
,0.015512261,0.014392517,,0.001498333,0.012894184,,
,0.015512261,0.014392517,,0.001498333,0.012894184,,
,0.015512261,0.014392517,,0.001498333,0.012894184,,
,0.015512261,0.014392517,,0.001498333,0.012894184,,
,0.015512261,0.014392517,,0.001498333,0.012894184,,
,0.015512261,0.014392517,,0.001498333,0.012894184,,
,0.015512261,0.014392517,,0.001498333,0.012894184,,
,0.015512261,0.014392517,,0.001498333,0.012894184,,
,0.013659083,0.020337282,,0.00108113,0.019256152,,
,0.013659083,0.020337282,,0.00108113,0.019256152,,
,0.013659083,0.020337282,,0.00108113,0.019256152,,
,0.013659083,0.020337282,,0.00108113,0.019256152,,
,0.013659083,0.020337282,,0.00108113,0.019256152,,
,0.013659083,0.020337282,,0.00108113,0.019256152,,
,0.013659083,0.020337282,,0.00108113,0.019256152,,
,0.013659083,0.020337282,,0.00108113,0.019256152,,
,0.013659083,0.020337282,,0.00108113,0.019256152,,
,0.013659083,0.020337282,,0.00108113,0.019256152,,
,0.017519505,0.02252289,,0.001237227,0.021285663,,
,0.017519505,0.02252289,,0.001237227,0.021285663,,
,0.016372247,0.01781481,,0.001491581,0.01632323,,
,0.016372247,0.01781481,,0.001491581,0.01632323,,
,0.016372247,0.01781481,,0.001491581,0.01632323,,
,0.016372247,0.01781481,,0.001491581,0.01632323,,
,0.012835919,0.010085539,,0.000804221,0.009281318,,
,0.012835919,0.010085539,,0.000804221,0.009281318,,
,0.012835919,0.010085539,,0.000804221,0.009281318,,
,0.012835919,0.010085539,,0.000804221,0.009281318,,
,0.015974643,0.0142513,,0.001483632,0.012767668,,
,0.015974643,0.0142513,,0.001483632,0.012767668,,
,0.015974643,0.0142513,,0.001483632,0.012767668,,
,0.015974643,0.0142513,,0.001483632,0.012767668,,
,0.015974643,0.0142513,,0.001483632,0.012767668,,
,0.015974643,0.0142513,,0.001483632,0.012767668,,
,0.015974643,0.0142513,,0.001483632,0.012767668,,
,0.015974643,0.0142513,,0.001483632,0.012767668,,
,0.015974643,0.0142513,,0.001483632,0.012767668,,
,0.015974643,0.0142513,,0.001483632,0.012767668,,
,0.015974643,0.0142513,,0.001483632,0.012767668,,
,0.01494537,0.015595323,,0.00157519,0.014020133,,
,0.01494537,0.015595323,,0.00157519,0.014020133,,
,0.01494537,0.015595323,,0.00157519,0.014020133,,
,0.01494537,0.015595323,,0.00157519,0.014020133,,
,0.017874991,0.024104154,,0.001740537,0.022363617,,
,0.017874991,0.024104154,,0.001740537,0.022363617,,
,0.017874991,0.024104154,,0.001740537,0.022363617,,
,0.017874991,0.024104154,,0.001740537,0.022363617,,
,0.017874991,0.024104154,,0.001740537,0.022363617,,
,0.017874991,0.024104154,,0.001740537,0.022363617,,
,0.014459263,0.014424366,,0.001380239,0.013044128,,
,0.014459263,0.014424366,,0.001380239,0.013044128,,
,0.014803073,0.010730212,,0.000950697,0.009779515,,
,0.014803073,0.010730212,,0.000950697,0.009779515,,
,0.014803073,0.010730212,,0.000950697,0.009779515,,
,0.014803073,0.010730212,,0.000950697,0.009779515,,
,0.014803073,0.010730212,,0.000950697,0.009779515,,
,0.014803073,0.010730212,,0.000950697,0.009779515,,
,0.014803073,0.010730212,,0.000950697,0.009779515,,
,0.014803073,0.010730212,,0.000950697,0.009779515,,
,0.014803073,0.010730212,,0.000950697,0.009779515,,
,0.014803073,0.010730212,,0.000950697,0.009779515,,
,0.014803073,0.010730212,,0.000950697,0.009779515,,
,0.014803073,0.010730212,,0.000950697,0.009779515,,
,0.014803073,0.010730212,,0.000950697,0.009779515,,
,0.014803073,0.010730212,,0.000950697,0.009779515,,
,0.014803073,0.010730212,,0.000950697,0.009779515,,
,0.014803073,0.010730212,,0.000950697,0.009779515,,
,0.014803073,0.010730212,,0.000950697,0.009779515,,
,0.014803073,0.010730212,,0.000950697,0.009779515,,
,0.014803073,0.010730212,,0.000950697,0.009779515,,
,0.014803073,0.010730212,,0.000950697,0.009779515,,
,0.014803073,0.010730212,,0.000950697,0.009779515,,
,0.014803073,0.010730212,,0.000950697,0.009779515,,
,0.014803073,0.010730212,,0.000950697,0.009779515,,
,0.014803073,0.010730212,,0.000950697,0.009779515,,
,0.014803073,0.010730212,,0.000950697,0.009779515,,
,0.014803073,0.010730212,,0.000950697,0.009779515,,
,0.014803073,0.010730212,,0.000950697,0.009779515,,
,0.014803073,0.010730212,,0.000950697,0.009779515,,
,0.014803073,0.010730212,,0.000950697,0.009779515,,
,0.014803073,0.010730212,,0.000950697,0.009779515,,
,0.014803073,0.010730212,,0.000950697,0.009779515,,
,0.014803073,0.010730212,,0.000950697,0.009779515,,
,0.014803073,0.010730212,,0.000950697,0.009779515,,
,0.014803073,0.010730212,,0.000950697,0.009779515,,
,0.014803073,0.010730212,,0.000950697,0.009779515,,
,0.014803073,0.010730212,,0.000950697,0.009779515,,
,0.014803073,0.010730212,,0.000950697,0.009779515,,
,0.014803073,0.010730212,,0.000950697,0.009779515,,
,0.014803073,0.010730212,,0.000950697,0.009779515,,
20.8,0.020407243,0.01536356,,0.000592127,0.014771433,,
21.2,0.020473052,0.01479491,,0.000583319,0.014211591,,
21.2,0.020473052,0.01479491,,0.000583319,0.014211591,,
23.8,0.02035041,0.01778754,,0.00068555,0.01710199,,
40.6,0.025296649,0.01210783,,0.000852839,0.011254991,,
24.3,0.021815547,0.01446509,,0.000704884,0.013760206,,
24.3,0.021815547,0.01446509,,0.000704884,0.013760206,,
23.8,0.021526748,0.01889907,,0.000602805,0.018296265,,
25.1,0.022983602,0.02290101,,0.00071016,0.02219085,,
25.1,0.022983602,0.02290101,,0.00071016,0.02219085,,
25.1,0.022983602,0.02290101,,0.00071016,0.02219085,,
25.1,0.022983602,0.02290101,,0.00071016,0.02219085,,
48.7,0.015877069,0.01836289,,0.00100871,0.01735418,,
48.7,0.015877069,0.01836289,,0.00100871,0.01735418,,
49.6,0.025460253,0.01285465,,0.000865581,0.011989069,,
39.4,0.017283917,0.01963964,,0.001165848,0.018473792,,
32.6,0.046945277,0.03447213,,0.00145076,0.03302137,,
32.6,0.046945277,0.03447213,,0.00145076,0.03302137,,
32.6,0.046945277,0.03447213,,0.00145076,0.03302137,,
32.6,0.046945277,0.03447213,,0.00145076,0.03302137,,
39.1,0.02218497,0.016367415,,0.000830213,0.015537202,,
39.1,0.02218497,0.016367415,,0.000830213,0.015537202,,
48.3,0.014077801,0.01912456,,0.001118328,0.018006232,,
41.6,0.023469466,0.01536155,,0.001007165,0.014354385,,
41.6,0.023469466,0.01536155,,0.001007165,0.014354385,,
41.6,0.023469466,0.01536155,,0.001007165,0.014354385,,
41.6,0.023469466,0.01536155,,0.001007165,0.014354385,,
41.6,0.023469466,0.01536155,,0.001007165,0.014354385,,
41.6,0.023469466,0.01536155,,0.001007165,0.014354385,,
41.6,0.023469466,0.01536155,,0.001007165,0.014354385,,
38.5,0.052847389,0.05629633,,0.002793199,0.053503131,,
38.5,0.052847389,0.05629633,,0.002793199,0.053503131,,
38.5,0.052847389,0.05629633,,0.002793199,0.053503131,,
38.5,0.052847389,0.05629633,,0.002793199,0.053503131,,
41.6,0.02659085,0.02851972,,0.001516108,0.027003612,,
43.9,0.041469808,0.04545077,,0.002174547,0.043276223,,
43.9,0.041469808,0.04545077,,0.002174547,0.043276223,,
43.9,0.041469808,0.04545077,,0.002174547,0.043276223,,
43.9,0.041469808,0.04545077,,0.002174547,0.043276223,,
63.1,0.01841744,0.02385348,,0.001246917,0.022606563,,
63.1,0.01841744,0.02385348,,0.001246917,0.022606563,,
24.8,0.021663207,0.02325325,,0.000793192,0.022460058,,
36.5,0.04116795,0.01353302,,0.001282957,0.012250063,,
39.0,,,,,,,
40.36216216,0.024857651,0.016885783,,0.00117786,0.015707923,,
32.6,0.02431125,0.02663437,,0.000613549,0.026020821,,
32.6,0.02431125,0.02663437,,0.000613549,0.026020821,,
32.6,0.02431125,0.02663437,,0.000613549,0.026020821,,
32.6,0.02431125,0.02663437,,0.000613549,0.026020821,,
44.2,0.018321637,0.02091099,,0.001269109,0.019641881,,
,,,,,,,
,,,,,,,
,,,,,,,
,,,,,,,
,,,,,,,
,,,,,,,
,,,,,,,
,,,,,,,
,0.01415621,0.01633315,,0.001591829,0.014741321,,
,0.01415621,0.01633315,,0.001591829,0.014741321,,
,0.01415621,0.01633315,,0.001591829,0.014741321,,
,0.01415621,0.01633315,,0.001591829,0.014741321,,
,0.01415621,0.01633315,,0.001591829,0.014741321,,
,0.01415621,0.01633315,,0.001591829,0.014741321,,
68.8,0.014124357,0.01589553,,0.00130976,0.01458577,,
68.8,0.014124357,0.01589553,,0.00130976,0.01458577,,
68.8,0.014124357,0.01589553,,0.00130976,0.01458577,,
68.8,0.014124357,0.01589553,,0.00130976,0.01458577,,
68.8,0.014124357,0.01589553,,0.00130976,0.01458577,,
68.8,0.014124357,0.01589553,,0.00130976,0.01458577,,
64.0,0.015301081,0.01333654,,0.000874397,0.012462143,,
64.0,0.015301081,0.01333654,,0.000874397,0.012462143,,
64.0,0.015301081,0.01333654,,0.000874397,0.012462143,,
64.0,0.015301081,0.01333654,,0.000874397,0.012462143,,
48.8,0.014786347,0.01057182,,0.000772747,0.009799073,,
48.8,0.014786347,0.01057182,,0.000772747,0.009799073,,
48.8,0.014786347,0.01057182,,0.000772747,0.009799073,,
48.8,0.014786347,0.01057182,,0.000772747,0.009799073,,
48.8,0.014786347,0.01057182,,0.000772747,0.009799073,,
48.8,0.014786347,0.01057182,,0.000772747,0.009799073,,
48.8,0.014786347,0.01057182,,0.000772747,0.009799073,,
50.68965517,0.031219508,0.022070528,,0.001942637,0.02012789,,
41.8,0.021552999,0.02105028,,0.001585297,0.019464983,,
41.8,0.021552999,0.02105028,,0.001585297,0.019464983,,
41.8,0.021552999,0.02105028,,0.001585297,0.019464983,,
41.8,0.021552999,0.02105028,,0.001585297,0.019464983,,
56.2,0.016706005,0.02106475,,0.001278441,0.019786309,,
56.2,0.016706005,0.02106475,,0.001278441,0.019786309,,
56.2,0.016706005,0.02106475,,0.001278441,0.019786309,,
56.2,0.016706005,0.02106475,,0.001278441,0.019786309,,
69.3,0.013796627,0.01726986,,0.00153776,0.0157321,,
69.3,0.013796627,0.01726986,,0.00153776,0.0157321,,
69.3,0.013796627,0.01726986,,0.00153776,0.0157321,,
69.3,0.013796627,0.01726986,,0.00153776,0.0157321,,
68.3,0.011771006,0.01425377,,0.001098709,0.013155061,,
68.3,0.011771006,0.01425377,,0.001098709,0.013155061,,
59.8,0.011796763,0.0130333,,0.001027728,0.012005572,,
59.8,0.011796763,0.0130333,,0.001027728,0.012005572,,
59.8,0.011796763,0.0130333,,0.001027728,0.012005572,,
59.8,0.011796763,0.0130333,,0.001027728,0.012005572,,
52.9,0.023842157,0.03152746,,0.0015922,0.02993526,,
50.6,0.02038174,0.02063605,,0.000594215,0.020041835,,
25.1,0.05825181,0.0682176,,0.001148375,0.067069225,,
52.2,0.045182792,0.04185784,,0.003319201,0.038538639,,
36.409375,0.023635947,0.017168891,,0.000955243,0.016213647,,
52.2,0.017925492,0.02042601,,0.00120348,0.01922253,,
44.7,0.013736896,0.01432049,,0.001249763,0.013070727,,
44.7,0.013736896,0.01432049,,0.001249763,0.013070727,,
44.7,0.013736896,0.01432049,,0.001249763,0.013070727,,
44.7,0.013736896,0.01432049,,0.001249763,0.013070727,,
44.7,0.013736896,0.01432049,,0.001249763,0.013070727,,
44.7,0.013736896,0.01432049,,0.001249763,0.013070727,,
44.7,0.013736896,0.01432049,,0.001249763,0.013070727,,
44.7,0.013736896,0.01432049,,0.001249763,0.013070727,,
50.85,0.017465193,0.019596225,,0.001137228,0.018458997,,
50.85,0.017465193,0.019596225,,0.001137228,0.018458997,,
50.85,0.017465193,0.019596225,,0.001137228,0.018458997,,
50.85,0.017465193,0.019596225,,0.001137228,0.018458997,,
50.85,0.017465193,0.019596225,,0.001137228,0.018458997,,
50.85,0.017465193,0.019596225,,0.001137228,0.018458997,,
50.85,0.017465193,0.019596225,,0.001137228,0.018458997,,
50.85,0.017465193,0.019596225,,0.001137228,0.018458997,,
50.85,0.017465193,0.019596225,,0.001137228,0.018458997,,
,,0.02137702,,0.002102344,0.019274676,,
,,0.02137702,,0.002102344,0.019274676,,
57.15,0.015083702,0.02166548,,0.001367688,0.020297792,,
57.15,0.015083702,0.02166548,,0.001367688,0.020297792,,
,0.013475508,0.00691721,,0.00054545,0.00637176,,
61.1,0.011393443,0.01724769,,0.001069702,0.016177988,,
61.1,0.011393443,0.01724769,,0.001069702,0.016177988,,
61.1,0.011393443,0.01724769,,0.001069702,0.016177988,,
61.1,0.011393443,0.01724769,,0.001069702,0.016177988,,
43.86666667,0.019050481,0.012291138,,0.00101458,0.011276558,,
43.86666667,0.019050481,0.012291138,,0.00101458,0.011276558,,
41.6,0.014168706,0.00973262,,0.000663979,0.009068641,,
51.5,0.01216335,0.00914222,,0.000757351,0.008384869,,
,0.015735132,0.019929265,,0.001271328,0.018657937,,
,0.015735132,0.019929265,,0.001271328,0.018657937,,
,0.015735132,0.019929265,,0.001271328,0.018657937,,
,0.015735132,0.019929265,,0.001271328,0.018657937,,
,0.015735132,0.019929265,,0.001271328,0.018657937,,
,0.015735132,0.019929265,,0.001271328,0.018657937,,
47.4,0.014947055,0.01309094,,0.000898889,0.012192051,,
47.4,0.014947055,0.01309094,,0.000898889,0.012192051,,
47.4,0.014947055,0.01309094,,0.000898889,0.012192051,,
47.4,0.014947055,0.01309094,,0.000898889,0.012192051,,
47.4,0.014947055,0.01309094,,0.000898889,0.012192051,,
53.0,0.018885261,0.02271223,,0.001217444,0.021494786,,
53.0,0.018885261,0.02271223,,0.001217444,0.021494786,,
53.0,0.018885261,0.02271223,,0.001217444,0.021494786,,
53.0,0.018885261,0.02271223,,0.001217444,0.021494786,,
38.9,,0.01970073,,0.001029836,0.018670894,,
50.5,0.014880478,0.01198444,,0.00095033,0.01103411,,
50.5,0.014880478,0.01198444,,0.00095033,0.01103411,,
50.5,0.014880478,0.01198444,,0.00095033,0.01103411,,
50.5,0.014880478,0.01198444,,0.00095033,0.01103411,,
50.5,0.014880478,0.01198444,,0.00095033,0.01103411,,
50.5,0.014880478,0.01198444,,0.00095033,0.01103411,,
50.5,0.014880478,0.01198444,,0.00095033,0.01103411,,
50.5,0.014880478,0.01198444,,0.00095033,0.01103411,,
50.5,0.014880478,0.01198444,,0.00095033,0.01103411,,
38.0,0.015418693,0.00941012,,0.000612796,0.008797324,,
38.0,0.015418693,0.00941012,,0.000612796,0.008797324,,
38.0,0.015418693,0.00941012,,0.000612796,0.008797324,,
38.0,0.015418693,0.00941012,,0.000612796,0.008797324,,
54.15,0.01617039,0.01875863,,0.001242356,0.017516274,,
54.15,0.01617039,0.01875863,,0.001242356,0.017516274,,
54.15,0.01617039,0.01875863,,0.001242356,0.017516274,,
54.15,0.01617039,0.01875863,,0.001242356,0.017516274,,
29.8,0.042558496,0.04198361,,0.002492231,0.039491379,,
45.5,0.01432696,0.01127976,,0.000889454,0.010390306,,
45.5,0.01432696,0.01127976,,0.000889454,0.010390306,,
45.5,0.01432696,0.01127976,,0.000889454,0.010390306,,
45.5,0.01432696,0.01127976,,0.000889454,0.010390306,,
45.5,0.01432696,0.01127976,,0.000889454,0.010390306,,
45.5,0.01432696,0.01127976,,0.000889454,0.010390306,,
45.5,0.01432696,0.01127976,,0.000889454,0.010390306,,
45.5,0.01432696,0.01127976,,0.000889454,0.010390306,,
42.7,0.0133872,0.00730399,,0.000779796,0.006524194,,
40.6,0.012688878,0.0102111,,0.000728286,0.009482814,,
40.6,0.012688878,0.0102111,,0.000728286,0.009482814,,
40.6,0.012688878,0.0102111,,0.000728286,0.009482814,,
40.6,0.012688878,0.0102111,,0.000728286,0.009482814,,
40.6,0.012688878,0.0102111,,0.000728286,0.009482814,,
40.6,0.012688878,0.0102111,,0.000728286,0.009482814,,
32.85,0.018265665,0.00677466,,0.001029403,0.005745257,,
32.85,0.018265665,0.00677466,,0.001029403,0.005745257,,
32.6,0.064600232,0.01901384,,0.001597587,0.017416253,,
38.7,0.022163168,0.009744647,,0.001118072,0.008626575,,
38.7,0.022163168,0.009744647,,0.001118072,0.008626575,,
26.2,0.025056114,0.01351549,,0.000987915,0.012527575,,
26.2,0.025056114,0.01351549,,0.000987915,0.012527575,,
31.11621622,0.019766254,0.010722982,,0.000798304,0.009924678,,
31.11621622,0.019766254,0.010722982,,0.000798304,0.009924678,,
51.7,0.018666541,0.01117128,,0.001351043,0.009820237,,
51.7,0.018666541,0.01117128,,0.001351043,0.009820237,,
51.7,0.018666541,0.01117128,,0.001351043,0.009820237,,
51.7,0.018666541,0.01117128,,0.001351043,0.009820237,,
33.5,0.031019248,0.038050693,,0.001786784,0.036263908,,
34.7,0.013818993,0.00614488,,0.000555325,0.005589555,,
34.7,0.013818993,0.00614488,,0.000555325,0.005589555,,
34.7,0.013818993,0.00614488,,0.000555325,0.005589555,,
34.7,0.013818993,0.00614488,,0.000555325,0.005589555,,
28.4,,,,,,,
45.0,0.013865742,0.01109509,,0.000894553,0.010200537,,
45.0,0.013865742,0.01109509,,0.000894553,0.010200537,,
45.0,0.013865742,0.01109509,,0.000894553,0.010200537,,
45.0,0.013865742,0.01109509,,0.000894553,0.010200537,,
45.0,0.013865742,0.01109509,,0.000894553,0.010200537,,
45.0,0.013865742,0.01109509,,0.000894553,0.010200537,,
45.0,0.013865742,0.01109509,,0.000894553,0.010200537,,
45.0,0.013865742,0.01109509,,0.000894553,0.010200537,,
45.0,0.013865742,0.01109509,,0.000894553,0.010200537,,
45.0,0.013865742,0.01109509,,0.000894553,0.010200537,,
45.0,0.013865742,0.01109509,,0.000894553,0.010200537,,
45.0,0.013865742,0.01109509,,0.000894553,0.010200537,,
45.0,0.013865742,0.01109509,,0.000894553,0.010200537,,
44.4,0.020876204,0.00813061,,0.001152595,0.006978015,,
44.1,0.009490625,0.00688664,,0.001458274,0.005428366,,
,,,,,,,
,,,,,,,
49.9,0.020638915,0.00725528,,0.001420627,0.005834653,,
49.9,0.020638915,0.00725528,,0.001420627,0.005834653,,
35.79545455,0.013231699,0.00520981,,0.000698783,0.004511027,,
35.79545455,0.013231699,0.00520981,,0.000698783,0.004511027,,
35.79545455,0.013231699,0.00520981,,0.000698783,0.004511027,,
35.79545455,0.013231699,0.00520981,,0.000698783,0.004511027,,
,0.011629183,0.01621181,,0.001005456,0.015206354,,
,0.011629183,0.01621181,,0.001005456,0.015206354,,
,0.011629183,0.01621181,,0.001005456,0.015206354,,
,0.011629183,0.01621181,,0.001005456,0.015206354,,
,0.011629183,0.01621181,,0.001005456,0.015206354,,
,0.011629183,0.01621181,,0.001005456,0.015206354,,
40.4,0.052217508,0.05857712,,0.003165859,0.055411261,,
40.4,0.052217508,0.05857712,,0.003165859,0.055411261,,
40.4,0.052217508,0.05857712,,0.003165859,0.055411261,,
40.4,0.052217508,0.05857712,,0.003165859,0.055411261,,
40.4,0.052217508,0.05857712,,0.003165859,0.055411261,,
40.4,0.052217508,0.05857712,,0.003165859,0.055411261,,
57.6,0.018249549,0.02608852,,0.001560224,0.024528296,,
39.8,0.026548214,0.03537904,,0.001018739,0.034360301,,
60.0,0.018732053,0.02687801,,0.001809858,0.025068152,,
60.0,0.018732053,0.02687801,,0.001809858,0.025068152,,
60.0,0.018732053,0.02687801,,0.001809858,0.025068152,,
60.0,0.018732053,0.02687801,,0.001809858,0.025068152,,
46.4,0.046417986,0.05340564,,0.003122948,0.050282692,,
46.4,0.046417986,0.05340564,,0.003122948,0.050282692,,
46.4,0.046417986,0.05340564,,0.003122948,0.050282692,,
46.4,0.046417986,0.05340564,,0.003122948,0.050282692,,
53.7,0.017118201,0.01307263,,0.00182422,0.01124841,,
53.7,0.017118201,0.01307263,,0.00182422,0.01124841,,
53.7,0.017118201,0.01307263,,0.00182422,0.01124841,,
53.7,0.017118201,0.01307263,,0.00182422,0.01124841,,
53.7,0.017118201,0.01307263,,0.00182422,0.01124841,,
60.2,0.014485476,0.02107043,,0.001008094,0.020062336,,
60.2,0.014485476,0.02107043,,0.001008094,0.020062336,,
60.2,0.014485476,0.02107043,,0.001008094,0.020062336,,
37.6,0.045189743,0.04707188,,0.002544047,0.044527833,,
37.6,0.045189743,0.04707188,,0.002544047,0.044527833,,
37.6,0.045189743,0.04707188,,0.002544047,0.044527833,,
37.6,0.045189743,0.04707188,,0.002544047,0.044527833,,
37.6,0.045189743,0.04707188,,0.002544047,0.044527833,,
37.6,0.045189743,0.04707188,,0.002544047,0.044527833,,
44.4,0.0337613,0.04471685,,0.001664003,0.043052847,,
35.5,0.021146534,0.00542614,,0.000747576,0.004678564,,
40.1,0.016457664,0.00777329,,0.000971086,0.006802204,,
45.1,0.016259288,0.00738027,,0.000964491,0.006415779,,
45.1,0.016259288,0.00738027,,0.000964491,0.006415779,,
39.95,0.015257246,0.005879065,,0.000644595,0.00523447,,
34.83125,0.029731823,0.016299796,,,,,
34.83125,0.029731823,0.016299796,,,,,
34.83125,0.029731823,0.016299796,,,,,
34.83125,0.029731823,0.016299796,,,,,
41.8,0.031068008,0.02166113,,0.001477766,0.020183364,,
41.8,0.031068008,0.02166113,,0.001477766,0.020183364,,
33.5,0.044231619,0.016752154,,0.002070516,0.014681638,,
51.6,0.026511385,0.02991983,,0.001776101,0.028143729,,
51.6,0.026511385,0.02991983,,0.001776101,0.028143729,,
42.6,0.019391708,0.0183868,,,,,
42.6,0.019391708,0.0183868,,,,,
47.2,0.036698128,0.03468512,,0.001828495,0.032856625,,
47.2,0.036698128,0.03468512,,0.001828495,0.032856625,,
47.2,0.036698128,0.03468512,,0.001828495,0.032856625,,
48.9,0.037443525,0.03661408,,0.002368125,0.034245955,,
48.9,0.037443525,0.03661408,,0.002368125,0.034245955,,
48.5,0.055671778,0.03297755,,0.001665432,0.031312118,,
48.5,0.055671778,0.03297755,,0.001665432,0.031312118,,
48.8,0.015581127,0.01861801,,0.001583573,0.017034437,,
48.8,0.015581127,0.01861801,,0.001583573,0.017034437,,
38.2,0.016565457,0.01110821,,0.001062922,0.010045288,,
59.8,0.013502694,0.01279784,,0.001077194,0.011720646,,
59.8,0.013502694,0.01279784,,0.001077194,0.011720646,,
52.2,0.023138904,0.01075432,,0.001062409,0.009691911,,
34.9,0.010326599,0.00734988,,,,,
34.9,0.010326599,0.00734988,,,,,
59.3,0.009988365,0.01027201,,0.000755383,0.009516627,,
59.3,0.009988365,0.01027201,,0.000755383,0.009516627,,
59.3,0.009988365,0.01027201,,0.000755383,0.009516627,,
59.3,0.009988365,0.01027201,,0.000755383,0.009516627,,
59.3,0.009988365,0.01027201,,0.000755383,0.009516627,,
59.3,0.009988365,0.01027201,,0.000755383,0.009516627,,
59.3,0.009988365,0.01027201,,0.000755383,0.009516627,,
59.3,0.009988365,0.01027201,,0.000755383,0.009516627,,
59.3,0.009988365,0.01027201,,0.000755383,0.009516627,,
37.0,0.023269949,0.0286951,,0.001016954,0.027678146,,
69.7,0.022921802,0.02542623,,0.001836003,0.023590227,,
69.7,0.022921802,0.02542623,,0.001836003,0.023590227,,
48.2,0.022079877,0.00880107,,0.000927932,0.007873138,,
48.2,0.022079877,0.00880107,,0.000927932,0.007873138,,
35.61489362,0.025432947,0.030973234,,,,,
35.61489362,0.025432947,0.030973234,,,,,
35.61489362,0.025432947,0.030973234,,,,,
35.61489362,0.025432947,0.030973234,,,,,
35.9,0.020417365,0.03255971,,0.001485667,0.031074043,,
35.9,0.020417365,0.03255971,,0.001485667,0.031074043,,
35.9,0.020417365,0.03255971,,0.001485667,0.031074043,,
35.9,0.020417365,0.03255971,,0.001485667,0.031074043,,
28.5,0.059731966,0.06814636,,0.002384918,0.065761442,,
28.5,0.059731966,0.06814636,,0.002384918,0.065761442,,
43.5,0.015717839,0.01016793,,0.001072046,0.009095884,,
49.7,0.013745631,0.01440434,,0.001206032,0.013198308,,
49.7,0.013745631,0.01440434,,0.001206032,0.013198308,,
34.3,0.013096148,0.00728379,,0.000554996,0.006728794,,
27.4,0.011065748,0.00803948,,0.000591207,0.007448273,,
27.4,0.011065748,0.00803948,,0.000591207,0.007448273,,
27.4,0.011065748,0.00803948,,0.000591207,0.007448273,,
27.4,0.011065748,0.00803948,,0.000591207,0.007448273,,
45.9,0.015791556,0.01037073,,0.001006137,0.009364593,,
37.6,0.026417693,0.01276607,,0.001238526,0.011527544,,
37.6,0.026417693,0.01276607,,0.001238526,0.011527544,,
37.6,0.026417693,0.01276607,,0.001238526,0.011527544,,
60.1,0.020738222,0.00863603,,0.000994698,0.007641332,,
41.4,0.025195626,0.01298535,,0.001616455,0.011368895,,
43.5,0.031629882,0.03112782,,0.001985706,0.029142114,,
39.7,0.026203016,0.0124445,,0.001119121,0.011325379,,
26.10689655,0.028533385,0.008357421,,,,,
39.25909091,0.018312824,0.011154856,,0.00090319,0.010251666,,
25.596875,0.070602135,0.025747682,,0.001639288,0.024108394,,
52.7,0.026584882,0.02668076,,,,,
44.6,0.015891166,0.01040565,,0.000885063,0.009520587,,
32.33404255,0.018966718,0.004462215,,0.000569475,0.003892739,,
32.33404255,0.018966718,0.004462215,,0.000569475,0.003892739,,
32.98965517,0.015314747,0.005586067,,0.000676768,0.004909299,,
32.98965517,0.015314747,0.005586067,,0.000676768,0.004909299,,
32.98965517,0.015314747,0.005586067,,0.000676768,0.004909299,,
32.98965517,0.015314747,0.005586067,,0.000676768,0.004909299,,
30.8,0.018014857,0.00855181,,0.001151689,0.007400121,,
30.8,0.018014857,0.00855181,,0.001151689,0.007400121,,
30.8,0.018014857,0.00855181,,0.001151689,0.007400121,,
30.8,0.018014857,0.00855181,,0.001151689,0.007400121,,
32.21666667,0.021350157,0.004706745,,0.000807624,0.003899121,,
32.21666667,0.021350157,0.004706745,,0.000807624,0.003899121,,
32.21666667,0.021350157,0.004706745,,0.000807624,0.003899121,,
32.21666667,0.021350157,0.004706745,,0.000807624,0.003899121,,
38.85,0.02116006,0.01636443,,0.002051592,0.014312838,,
38.85,0.02116006,0.01636443,,0.002051592,0.014312838,,
38.85,0.02116006,0.01636443,,0.002051592,0.014312838,,
38.85,0.02116006,0.01636443,,0.002051592,0.014312838,,
38.85,0.02116006,0.01636443,,0.002051592,0.014312838,,
38.85,0.02116006,0.01636443,,0.002051592,0.014312838,,
38.85,0.02116006,0.01636443,,0.002051592,0.014312838,,
38.85,0.02116006,0.01636443,,0.002051592,0.014312838,,
38.85,0.02116006,0.01636443,,0.002051592,0.014312838,,
38.85,0.02116006,0.01636443,,0.002051592,0.014312838,,
38.85,0.02116006,0.01636443,,0.002051592,0.014312838,,
33.40833333,0.013757019,0.005130832,,,,,
33.40833333,0.013757019,0.005130832,,,,,
24.3,0.020734151,0.00607494,,0.000680873,0.005394067,,
34.1,0.014603064,0.00742932,,0.000625326,0.006803994,,
23.8,0.013765441,0.00709761,,0.0005188,0.00657881,,
23.8,0.013765441,0.00709761,,0.0005188,0.00657881,,
40.7,0.034100103,0.03962985,,0.001860938,0.037768912,,
40.7,0.034100103,0.03962985,,0.001860938,0.037768912,,
40.7,0.034100103,0.03962985,,0.001860938,0.037768912,,
40.7,0.034100103,0.03962985,,0.001860938,0.037768912,,
39.8,0.014431457,0.006518615,,0.000691615,0.005827,,
39.8,0.014431457,0.006518615,,0.000691615,0.005827,,
37.05,0.015392747,0.0067902,,0.000912946,0.005877254,,
37.05,0.015392747,0.0067902,,0.000912946,0.005877254,,
37.05,0.015392747,0.0067902,,0.000912946,0.005877254,,
37.05,0.015392747,0.0067902,,0.000912946,0.005877254,,
42.1,0.022759769,0.02561381,,0.001838201,0.023775609,,
37.3,0.01305212,0.00873773,,0.0009019,0.00783583,,
37.3,0.01305212,0.00873773,,0.0009019,0.00783583,,
37.3,0.01305212,0.00873773,,0.0009019,0.00783583,,
37.3,0.01305212,0.00873773,,0.0009019,0.00783583,,
37.3,0.01305212,0.00873773,,0.0009019,0.00783583,,
48.7,0.014448888,0.01337489,,0.001036888,0.012338002,,
48.7,0.014448888,0.01337489,,0.001036888,0.012338002,,
48.7,0.014448888,0.01337489,,0.001036888,0.012338002,,
44.6,0.021463725,0.0198922,,0.001119155,0.018773045,,
49.3,0.014911219,0.01319664,,0.001081531,0.012115109,,
49.3,0.014911219,0.01319664,,0.001081531,0.012115109,,
49.3,0.014911219,0.01319664,,0.001081531,0.012115109,,
41.8,0.015911468,0.01121806,,0.000954163,0.010263897,,
32.2,0.023149694,0.00487657,,0.000954862,0.003921708,,
,0.018587872,0.01101065,,0.000882867,0.010127783,,
,0.018587872,0.01101065,,0.000882867,0.010127783,,
,,,,,,,
,0.022529373,0.00749778,,0.001222318,0.006275462,,
,0.023781078,0.03754197,,0.004357346,0.033184624,,
,0.014839226,0.01162631,,0.000947684,0.010678626,,
,0.014839226,0.01162631,,0.000947684,0.010678626,,
,0.017872879,0.011179265,,0.000844387,0.010334878,,
,,,,,,,
,0.024192235,0.01796186,,0.000930981,0.017030879,,
,0.019266055,0.02067187,,0.000961552,0.019710318,,
,0.020815708,0.02072432,,0.00073447,0.01998985,,
,0.014646839,0.02435939,,,,,
,0.014646839,0.02435939,,,,,
57.0,0.013487744,0.01415674,,0.001900245,0.012256495,,
57.0,0.013487744,0.01415674,,0.001900245,0.012256495,,
57.0,0.013487744,0.01415674,,0.001900245,0.012256495,,
57.0,0.013487744,0.01415674,,0.001900245,0.012256495,,
57.0,0.013487744,0.01415674,,0.001900245,0.012256495,,
57.0,0.013487744,0.01415674,,0.001900245,0.012256495,,
50.6,0.013404679,0.01292547,,0.000933335,0.011992135,,
50.6,0.013404679,0.01292547,,0.000933335,0.011992135,,
50.6,0.013404679,0.01292547,,0.000933335,0.011992135,,
50.6,0.013404679,0.01292547,,0.000933335,0.011992135,,
50.6,0.013404679,0.01292547,,0.000933335,0.011992135,,
54.1,0.014911089,0.01595434,,0.001293402,0.014660938,,
54.1,0.014911089,0.01595434,,0.001293402,0.014660938,,
64.5,0.01643955,0.01794562,,0.001017588,0.016928032,,
64.5,0.01643955,0.01794562,,0.001017588,0.016928032,,
64.5,0.01643955,0.01794562,,0.001017588,0.016928032,,
79.7,0.030337483,0.02992768,,0.001670503,0.028257177,,
56.7,0.013109458,0.01128477,,0.000619895,0.010664875,,
56.7,0.013109458,0.01128477,,0.000619895,0.010664875,,
,0.019297006,0.01205475,,0.001089412,0.010965338,,
,0.049148422,0.04323583,,0.0027581,0.04047773,,
,0.049148422,0.04323583,,0.0027581,0.04047773,,
,0.042527539,0.04048542,,0.003389723,0.037095697,,
,0.042527539,0.04048542,,0.003389723,0.037095697,,
,0.042527539,0.04048542,,0.003389723,0.037095697,,
,0.042527539,0.04048542,,0.003389723,0.037095697,,
38.5,0.013326847,0.00503475,,0.000459461,0.004575289,,
42.3,0.025411307,0.01966818,,0.000932291,0.018735889,,
,0.011873114,0.01843864,,0.001102723,0.017335917,,
,0.011873114,0.01843864,,0.001102723,0.017335917,,
,0.011873114,0.01843864,,0.001102723,0.017335917,,
,0.011873114,0.01843864,,0.001102723,0.017335917,,
,0.011873114,0.01843864,,0.001102723,0.017335917,,
,0.011873114,0.01843864,,0.001102723,0.017335917,,
,0.011873114,0.01843864,,0.001102723,0.017335917,,
,0.011873114,0.01843864,,0.001102723,0.017335917,,
,0.011873114,0.01843864,,0.001102723,0.017335917,,
,0.013893254,0.01163643,,0.0008351,0.01080133,,
,0.013893254,0.01163643,,0.0008351,0.01080133,,
,0.015831079,0.01440976,,0.001046898,0.013362862,,
,0.015831079,0.01440976,,0.001046898,0.013362862,,
,0.015831079,0.01440976,,0.001046898,0.013362862,,
,0.015679017,0.01492613,,0.001461313,0.013464817,,
,0.015679017,0.01492613,,0.001461313,0.013464817,,
,0.015679017,0.01492613,,0.001461313,0.013464817,,
,0.015679017,0.01492613,,0.001461313,0.013464817,,
,0.015679017,0.01492613,,0.001461313,0.013464817,,
,0.015679017,0.01492613,,0.001461313,0.013464817,,
,0.013443794,0.005009015,,0.000505931,0.004503084,,
62.2,0.013696569,0.01625438,,0.001036899,0.015217481,,
45.8,0.024963083,0.01111595,,0.00147731,0.00963864,,
57.7,0.023228035,0.00872689,,0.001128876,0.007598014,,
,0.013278426,0.01685188,,0.001291511,0.015560369,,
,0.013278426,0.01685188,,0.001291511,0.015560369,,
,0.013278426,0.01685188,,0.001291511,0.015560369,,
,0.013278426,0.01685188,,0.001291511,0.015560369,,
,0.013278426,0.01685188,,0.001291511,0.015560369,,
,0.018381143,0.01355274,,0.001530985,0.012021755,,
,0.024418158,0.02797008,,0.001362982,0.026607098,,
,,0.0398927,,0.002421128,0.037471572,,
,0.030486172,0.03508959,,0.001911997,0.033177593,,
,0.030486172,0.03508959,,0.001911997,0.033177593,,
43.36666667,0.016702074,0.007427285,,0.000927587,0.006499698,,
43.36666667,0.016702074,0.007427285,,0.000927587,0.006499698,,
41.64090909,0.012967544,0.006268633,,0.000542399,0.005726233,,
41.55,0.008721586,0.00491477,,0.000600556,0.004314214,,
46.1,0.021641002,0.00572842,,0.000839975,0.004888445,,
46.1,0.021641002,0.00572842,,0.000839975,0.004888445,,
37.0,0.010812274,0.006567556,,0.000621045,0.005946511,,
34.3375,0.013224254,0.004389004,,0.000697771,0.003691233,,
35.44102564,0.015941,0.004808514,,0.000482784,0.004325729,,
49.7,0.0146885,0.01275638,,0.001243237,0.011513143,,
49.7,0.0146885,0.01275638,,0.001243237,0.011513143,,
49.7,0.0146885,0.01275638,,0.001243237,0.011513143,,
61.7,0.018200619,0.00830385,,0.001004259,0.007299591,,
38.35454545,,0.004691881,,,,,
41.83333333,0.012093955,0.0107997,,0.000981306,0.009818394,,
33.1,0.040225039,0.03939697,,0.001780191,0.037616779,,
33.1,0.040225039,0.03939697,,0.001780191,0.037616779,,
33.1,0.040225039,0.03939697,,0.001780191,0.037616779,,
33.1,0.040225039,0.03939697,,0.001780191,0.037616779,,
51.6,0.014174678,0.01330628,,0.001379356,0.011926924,,
51.6,0.014174678,0.01330628,,0.001379356,0.011926924,,
57.6,0.013310666,0.01406064,,0.001401494,0.012659146,,
57.6,0.013310666,0.01406064,,0.001401494,0.012659146,,
57.6,0.013310666,0.01406064,,0.001401494,0.012659146,,
57.6,0.015142546,0.01431766,,0.001712535,0.012605125,,
57.6,0.015142546,0.01431766,,0.001712535,0.012605125,,
57.6,0.015142546,0.01431766,,0.001712535,0.012605125,,
55.3,0.013324417,0.01288927,,0.001461746,0.011427524,,
55.3,0.013324417,0.01288927,,0.001461746,0.011427524,,
55.3,0.013324417,0.01288927,,0.001461746,0.011427524,,
49.2,0.013765249,0.01241438,,0.001231904,0.011182476,,
49.2,0.013765249,0.01241438,,0.001231904,0.011182476,,
49.2,0.013765249,0.01241438,,0.001231904,0.011182476,,
58.1,0.014597164,0.01415439,,0.001561328,0.012593062,,
58.1,0.014597164,0.01415439,,0.001561328,0.012593062,,
58.1,0.014597164,0.01415439,,0.001561328,0.012593062,,
60.6,0.014027936,0.01287127,,0.001174606,0.011696664,,
60.6,0.014027936,0.01287127,,0.001174606,0.011696664,,
60.6,0.014027936,0.01287127,,0.001174606,0.011696664,,
61.5,0.013209237,0.01266586,,0.001301746,0.011364114,,
61.5,0.013209237,0.01266586,,0.001301746,0.011364114,,
61.5,0.013209237,0.01266586,,0.001301746,0.011364114,,
49.1,0.01270701,0.02018714,,0.001269892,0.018917248,,
49.1,0.01270701,0.02018714,,0.001269892,0.018917248,,
49.1,0.01270701,0.02018714,,0.001269892,0.018917248,,
49.1,0.01270701,0.02018714,,0.001269892,0.018917248,,
49.1,0.01270701,0.02018714,,0.001269892,0.018917248,,
55.1,0.014149705,0.01533499,,0.001168465,0.014166525,,
55.1,0.014149705,0.01533499,,0.001168465,0.014166525,,
55.1,0.014149705,0.01533499,,0.001168465,0.014166525,,
55.1,0.014149705,0.01533499,,0.001168465,0.014166525,,
49.6,0.011288102,0.01700288,,0.001114777,0.015888103,,
49.6,0.011288102,0.01700288,,0.001114777,0.015888103,,
49.6,0.011288102,0.01700288,,0.001114777,0.015888103,,
58.8,0.012764604,0.01913893,,0.001220911,0.017918019,,
58.8,0.012764604,0.01913893,,0.001220911,0.017918019,,
58.8,0.012764604,0.01913893,,0.001220911,0.017918019,,
52.0,0.016374464,0.01022041,,0.001308488,0.008911922,,
52.0,0.016374464,0.01022041,,0.001308488,0.008911922,,
52.0,0.016374464,0.01022041,,0.001308488,0.008911922,,
40.3,0.014583891,0.00858721,,0.00107657,0.00751064,,
40.3,0.014583891,0.00858721,,0.00107657,0.00751064,,
73.9,0.013510309,0.01765534,,0.001173197,0.016482143,,
73.9,0.013510309,0.01765534,,0.001173197,0.016482143,,
73.9,0.013510309,0.01765534,,0.001173197,0.016482143,,
73.9,0.013510309,0.01765534,,0.001173197,0.016482143,,
75.2,0.015134504,0.01923866,,0.001176136,0.018062524,,
75.2,0.015134504,0.01923866,,0.001176136,0.018062524,,
36.2,0.013798989,0.00440068,,0.000624815,0.003775865,,
40.85666667,0.019707374,0.010442053,,0.000842672,0.009599381,,
41.44054054,0.011859141,0.005636472,,,,,
41.44054054,0.011859141,0.005636472,,,,,
34.9,0.015766396,0.01034988,,0.001091229,0.009258651,,
42.31219512,0.017176867,0.00618058,,,,,
42.31219512,0.017176867,0.00618058,,,,,
49.9,0.054684741,0.04583868,,0.005015714,0.040822966,,
49.9,0.054684741,0.04583868,,0.005015714,0.040822966,,
49.9,0.054684741,0.04583868,,0.005015714,0.040822966,,
49.9,0.054684741,0.04583868,,0.005015714,0.040822966,,
49.9,0.054684741,0.04583868,,0.005015714,0.040822966,,
49.9,0.054684741,0.04583868,,0.005015714,0.040822966,,
49.9,0.054684741,0.04583868,,0.005015714,0.040822966,,
49.9,0.054684741,0.04583868,,0.005015714,0.040822966,,
49.9,0.054684741,0.04583868,,0.005015714,0.040822966,,
42.29444444,0.019945988,0.00576239,,0.00091615,0.00484624,,
69.5,0.031869207,0.02377809,,0.002401682,0.021376408,,
69.5,0.031869207,0.02377809,,0.002401682,0.021376408,,
69.5,0.031869207,0.02377809,,0.002401682,0.021376408,,
69.5,0.031869207,0.02377809,,0.002401682,0.021376408,,
69.5,0.031869207,0.02377809,,0.002401682,0.021376408,,
69.5,0.031869207,0.02377809,,0.002401682,0.021376408,,
69.5,0.031869207,0.02377809,,0.002401682,0.021376408,,
69.5,0.031869207,0.02377809,,0.002401682,0.021376408,,
54.5,0.04218714,0.04566613,,0.004349471,0.041316659,,
54.5,0.04218714,0.04566613,,0.004349471,0.041316659,,
54.5,0.04218714,0.04566613,,0.004349471,0.041316659,,
54.5,0.04218714,0.04566613,,0.004349471,0.041316659,,
36.54090909,0.015571841,0.005665625,,,,,
50.5125,0.020221169,0.010486174,,0.001029531,0.009456643,,
,,,,,,,
,,,,,,,
,,,,,,,
,,,,,,,
,,,,,,,
,,,,,,,
,,,,,,,
,,,,,,,
60.8,0.018010158,0.02193253,,0.001379688,0.020552842,,
60.8,0.018010158,0.02193253,,0.001379688,0.020552842,,
60.8,0.018010158,0.02193253,,0.001379688,0.020552842,,
60.8,0.018010158,0.02193253,,0.001379688,0.020552842,,
40.1,0.050560714,0.05619755,,0.003261312,0.052936238,,
40.1,0.050560714,0.05619755,,0.003261312,0.052936238,,
40.1,0.050560714,0.05619755,,0.003261312,0.052936238,,
40.1,0.050560714,0.05619755,,0.003261312,0.052936238,,
40.1,0.050560714,0.05619755,,0.003261312,0.052936238,,
40.1,0.050560714,0.05619755,,0.003261312,0.052936238,,
38.89183673,0.021812531,0.005282201,,0.00093123,0.00435097,,
49.5,0.019767174,0.010639185,,0.001126445,0.00951274,,
38.00526316,0.016185776,0.005880722,,0.00069311,0.005187612,,
45.4,0.013881917,0.01108556,,0.000854497,0.010231063,,
45.4,0.013881917,0.01108556,,0.000854497,0.010231063,,
45.4,0.013881917,0.01108556,,0.000854497,0.010231063,,
45.4,0.013881917,0.01108556,,0.000854497,0.010231063,,
45.4,0.013881917,0.01108556,,0.000854497,0.010231063,,
60.0,0.013471072,0.01250978,,0.001075116,0.011434664,,
60.0,0.013471072,0.01250978,,0.001075116,0.011434664,,
60.0,0.013471072,0.01250978,,0.001075116,0.011434664,,
57.2,0.015093269,0.01143735,,0.000917081,0.010520269,,
57.2,0.015093269,0.01143735,,0.000917081,0.010520269,,
57.2,0.015093269,0.01143735,,0.000917081,0.010520269,,
42.0,0.011440904,0.0089565,,0.000912578,0.008043922,,
42.0,0.011440904,0.0089565,,0.000912578,0.008043922,,
42.0,0.011440904,0.0089565,,0.000912578,0.008043922,,
42.0,0.011440904,0.0089565,,0.000912578,0.008043922,,
31.4,0.010882054,0.00837481,,0.000756848,0.007617962,,
31.4,0.010882054,0.00837481,,0.000756848,0.007617962,,
31.4,0.010882054,0.00837481,,0.000756848,0.007617962,,
31.4,0.010882054,0.00837481,,0.000756848,0.007617962,,
49.3,0.0118228,0.00684871,,0.000591626,0.006257084,,
49.3,0.0118228,0.00684871,,0.000591626,0.006257084,,
49.3,0.0118228,0.00684871,,0.000591626,0.006257084,,
49.3,0.0118228,0.00684871,,0.000591626,0.006257084,,
69.5,0.01345648,0.01123884,,0.001170019,0.010068821,,
69.5,0.01345648,0.01123884,,0.001170019,0.010068821,,
52.2,0.014945045,0.01415923,,0.000827975,0.013331255,,
52.1,0.013354424,0.01142647,,0.000855466,0.010571004,,
52.1,0.013354424,0.01142647,,0.000855466,0.010571004,,
51.3,0.026774451,0.02634946,,0.001295682,0.025053778,,
51.3,0.026774451,0.02634946,,0.001295682,0.025053778,,
51.3,0.026774451,0.02634946,,0.001295682,0.025053778,,
51.3,0.026774451,0.02634946,,0.001295682,0.025053778,,
46.3,0.011349636,0.00817494,,0.00089451,0.00728043,,
46.3,0.011349636,0.00817494,,0.00089451,0.00728043,,
46.3,0.011349636,0.00817494,,0.00089451,0.00728043,,
46.3,0.011349636,0.00817494,,0.00089451,0.00728043,,
,0.011539048,0.009482471,,0.000903158,0.008579313,,
,0.011539048,0.009482471,,0.000903158,0.008579313,,
,0.011539048,0.009482471,,0.000903158,0.008579313,,
,0.011539048,0.009482471,,0.000903158,0.008579313,,
,0.011539048,0.009482471,,0.000903158,0.008579313,,
,0.011539048,0.009482471,,0.000903158,0.008579313,,
63.1,0.013184893,0.01386659,,,,,
63.1,0.013184893,0.01386659,,,,,
63.1,0.013184893,0.01386659,,,,,
63.1,0.013184893,0.01386659,,,,,
63.1,0.013184893,0.01386659,,,,,
63.1,0.013184893,0.01386659,,,,,
63.1,0.013184893,0.01386659,,,,,
63.1,0.013184893,0.01386659,,,,,
55.1,0.014466689,0.01656439,,0.001394225,0.015170165,,
55.1,0.014466689,0.01656439,,0.001394225,0.015170165,,
35.7,0.016414922,0.01220494,,0.001048917,0.011156023,,
50.65454545,0.016077275,0.014333101,,0.001056337,0.013276765,,
38.45909091,0.016325431,0.017178252,,0.000877913,0.016300339,,
36.4,0.022747885,0.02211089,,0.000930537,0.021180353,,
36.4,0.022747885,0.02211089,,0.000930537,0.021180353,,
28.2125,0.021466762,0.016929306,,0.001322757,0.01560655,,
28.2125,0.021466762,0.016929306,,0.001322757,0.01560655,,
28.2125,0.021466762,0.016929306,,0.001322757,0.01560655,,
28.2125,0.021466762,0.016929306,,0.001322757,0.01560655,,
54.875,0.013858581,0.014526881,,0.001206639,0.013320242,,
54.875,0.013858581,0.014526881,,0.001206639,0.013320242,,
45.32272727,0.036140102,0.033168647,,0.001676419,0.031492228,,
34.7,0.040353421,0.04001587,,0.002109517,0.037906353,,
34.7,0.040353421,0.04001587,,0.002109517,0.037906353,,
48.8,0.022885548,0.01964474,,0.001253177,0.018391563,,
38.3,0.045670245,0.04709889,,0.002503777,0.044595113,,
49.4,0.012256319,0.01023234,,0.000648209,0.009584131,,
49.4,0.012256319,0.01023234,,0.000648209,0.009584131,,
49.4,0.012256319,0.01023234,,0.000648209,0.009584131,,
49.4,0.012256319,0.01023234,,0.000648209,0.009584131,,
49.4,0.012256319,0.01023234,,0.000648209,0.009584131,,
49.4,0.012256319,0.01023234,,0.000648209,0.009584131,,
56.0,0.015335119,0.01958886,,0.001214901,0.018373959,,
56.0,0.015335119,0.01958886,,0.001214901,0.018373959,,
56.0,0.016031113,0.02094954,,0.001345694,0.019603846,,
56.0,0.016031113,0.02094954,,0.001345694,0.019603846,,
56.0,0.016031113,0.02094954,,0.001345694,0.019603846,,
56.0,0.016031113,0.02094954,,0.001345694,0.019603846,,
56.0,0.016031113,0.02094954,,0.001345694,0.019603846,,
56.0,0.016031113,0.02094954,,0.001345694,0.019603846,,
31.8,0.0120186,0.01136389,,0.000815541,0.010548349,,
31.8,0.0120186,0.01136389,,0.000815541,0.010548349,,
31.8,0.0120186,0.01136389,,0.000815541,0.010548349,,
31.8,0.0120186,0.01136389,,0.000815541,0.010548349,,
50.3,0.015269821,0.02180185,,0.001130012,0.020671838,,
50.3,0.015269821,0.02180185,,0.001130012,0.020671838,,
50.3,0.015269821,0.02180185,,0.001130012,0.020671838,,
50.3,0.015269821,0.02180185,,0.001130012,0.020671838,,
,,,,,,,
,,,,,,,
59.6,0.05052961,0.01472883,,0.001089654,0.013639176,,
33.43125,0.01049147,0.007150333,,0.000516021,0.006634312,,
33.43125,0.01049147,0.007150333,,0.000516021,0.006634312,,
28.3125,0.024130149,0.013297073,,0.000654777,0.012642296,,
21.6,0.018413599,0.003856875,,,,,
45.1,,,,,,,
45.1,,,,,,,
30.7,,,,,,,
48.5,0.01773888,0.01215475,,0.001071526,0.011083224,,
41.4,0.023739544,0.00997661,,0.001250758,0.008725852,,
41.4,0.023739544,0.00997661,,0.001250758,0.008725852,,
30.3,,,,,,,
44.35,,,,,,,
71.8,0.045170623,0.0149927,,0.001155667,0.013837033,,
71.8,0.045170623,0.0149927,,0.001155667,0.013837033,,
,0.074435097,0.028209404,,0.001477743,0.026731661,,
30.56333333,0.056295471,0.018905867,,0.000893644,0.018012223,,
45.6,0.051165196,0.02784221,,0.001122403,0.026719807,,
44.2,0.03084435,0.00641178,,0.00142589,0.00498589,,
52.0,0.022514944,0.02681666,,0.00106918,0.02574748,,
34.7,0.015164251,0.01405959,,0.000822149,0.013237441,,
32.2,,,,,,,
32.4,0.021478823,0.00977674,,0.001243025,0.008533715,,
29.7,,,,,,,
42.5,0.025537082,0.00809089,,0.001229403,0.006861487,,
,0.04369122,0.03840427,,0.002449885,0.035954385,,
,0.04369122,0.03840427,,0.002449885,0.035954385,,
,0.04369122,0.03840427,,0.002449885,0.035954385,,
,0.04369122,0.03840427,,0.002449885,0.035954385,,
56.8,0.014104598,0.01684011,,,,,
56.8,0.014104598,0.01684011,,,,,
61.0,0.014367442,0.01570255,,0.00143994,0.01426261,,
61.0,0.014367442,0.01570255,,0.00143994,0.01426261,,
40.6,0.018327982,0.01770816,,0.00083154,0.01687662,,
34.3,0.039330629,0.03577082,,0.001648033,0.034122787,,
64.9,0.021888729,0.01878908,,0.001323446,0.017465634,,
60.5,0.014786392,0.01061978,,0.001105572,0.009514208,,
58.9,0.022884631,0.01791521,,0.001333322,0.016581888,,
38.5,0.016803146,0.01143269,,,,,
38.5,0.016803146,0.01143269,,,,,
38.5,0.016803146,0.01143269,,,,,
38.5,0.016803146,0.01143269,,,,,
38.5,0.016803146,0.01143269,,,,,
38.5,0.016803146,0.01143269,,,,,
30.4,0.016733271,0.00998439,,0.000822694,0.009161696,,
43.4,0.021873232,0.02312416,,0.00092196,0.0222022,,
46.0,0.019304518,0.01902091,,0.000758364,0.018262546,,
43.0,0.02361326,0.02776459,,0.000959378,0.026805212,,
69.0,0.024550088,0.0282458,,0.001789343,0.026456457,,
61.4,0.027923117,0.02815866,,0.00192104,0.02623762,,
34.5,0.015503326,0.00715573,,0.000700567,0.006455163,,
34.5,0.015503326,0.00715573,,0.000700567,0.006455163,,
34.5,0.015503326,0.00715573,,0.000700567,0.006455163,,
35.86666667,0.030579818,0.010416291,,0.001108537,0.009307755,,
8.4,0.485925511,0.05136497,,0.000887433,0.050477537,,
33.1,0.077839431,0.06203376,,0.002170995,0.059862765,,
33.1,0.077839431,0.06203376,,0.002170995,0.059862765,,
33.1,0.077839431,0.06203376,,0.002170995,0.059862765,,
33.1,0.077839431,0.06203376,,0.002170995,0.059862765,,
35.2,0.080450541,0.06614301,,0.001845985,0.064297025,,
35.2,0.080450541,0.06614301,,0.001845985,0.064297025,,
35.2,0.080450541,0.06614301,,0.001845985,0.064297025,,
55.35,0.018340305,0.00956289,,,,,
51.3,0.014975961,0.01021489,,0.001579293,0.008635597,,
51.3,0.014975961,0.01021489,,0.001579293,0.008635597,,
26.9125,0.044535518,0.00765811,,0.000751024,0.006907086,,
26.9125,0.044535518,0.00765811,,0.000751024,0.006907086,,
15.425,0.51380636,0.048745083,,0.001554773,0.047190309,,
38.2,0.031625059,0.00923947,,0.001669979,0.007569491,,
38.2,0.031625059,0.00923947,,0.001669979,0.007569491,,
28.4,0.028388903,0.01883935,,0.001994654,0.016844696,,
28.4,0.028388903,0.01883935,,0.001994654,0.016844696,,
46.9,0.039527332,0.04157101,,0.001528524,0.040042486,,
46.9,0.039527332,0.04157101,,0.001528524,0.040042486,,
46.9,0.039527332,0.04157101,,0.001528524,0.040042486,,
46.9,0.039527332,0.04157101,,0.001528524,0.040042486,,
44.2,0.015535888,0.00526182,,0.000624704,0.004637116,,
38.15,0.015928048,0.005075917,,0.00056024,0.004515677,,
38.15,0.015928048,0.005075917,,0.00056024,0.004515677,,
42.53125,0.016214196,0.007003149,,0.000704825,0.006298324,,
41.7,0.013312101,0.00614719,,0.000550087,0.005597103,,
41.7,0.013312101,0.00614719,,0.000550087,0.005597103,,
34.6,0.014114449,0.00709434,,0.000672558,0.006421782,,
40.1,0.036229747,0.03259576,,0.002064909,0.030530851,,
40.1,0.036229747,0.03259576,,0.002064909,0.030530851,,
40.1,0.036229747,0.03259576,,0.002064909,0.030530851,,
40.1,0.036229747,0.03259576,,0.002064909,0.030530851,,
40.1,0.036229747,0.03259576,,0.002064909,0.030530851,,
40.1,0.036229747,0.03259576,,0.002064909,0.030530851,,
41.8,0.029686681,0.03363815,,0.001847811,0.031790339,,
44.1,0.03595507,0.03950153,,0.002397387,0.037104143,,
44.1,0.03595507,0.03950153,,0.002397387,0.037104143,,
44.1,0.03595507,0.03950153,,0.002397387,0.037104143,,
44.1,0.03595507,0.03950153,,0.002397387,0.037104143,,
61.7,0.01938927,0.02686376,,0.001701792,0.025161968,,
61.7,0.01938927,0.02686376,,0.001701792,0.025161968,,
61.7,0.01938927,0.02686376,,0.001701792,0.025161968,,
61.7,0.01938927,0.02686376,,0.001701792,0.025161968,,
67.3,0.018677834,0.02550914,,0.001423869,0.024085271,,
52.6,0.031007702,0.03405252,,0.001629209,0.032423311,,
35.9,0.030087689,0.01228337,,0.001333176,0.010950194,,
35.9,0.030087689,0.01228337,,0.001333176,0.010950194,,
32.7,0.022416436,0.03154706,,0.000978274,0.030568786,,
32.7,0.022416436,0.03154706,,0.000978274,0.030568786,,
41.7,0.040773173,0.04751867,,0.00246294,0.04505573,,
51.7,0.013359595,0.00446746,,0.000688722,0.003778738,,
51.7,0.013359595,0.00446746,,0.000688722,0.003778738,,
38.8,0.014541282,0.005271528,,0.000547236,0.004724293,,
38.8,0.014541282,0.005271528,,0.000547236,0.004724293,,
22.4,0.013781285,0.00780256,,0.000922895,0.006879665,,
22.4,0.013781285,0.00780256,,0.000922895,0.006879665,,
22.4,0.013781285,0.00780256,,0.000922895,0.006879665,,
22.4,0.013781285,0.00780256,,0.000922895,0.006879665,,
33.89459459,0.048535591,0.041084526,,0.002530846,0.03855368,,
32.4,0.014023331,0.00517882,,0.000507022,0.004671798,,
32.4,0.014023331,0.00517882,,0.000507022,0.004671798,,
38.55925926,0.019598566,0.00915973,,0.000976117,0.008183614,,
32.45,0.020105277,0.00534283,,0.000634322,0.004708508,,
53.1,0.019688656,0.01041172,,0.001111586,0.009300134,,
38.4,0.013453737,0.005975445,,0.000653839,0.005321606,,
20.1,0.015659034,0.0076431,,0.000704266,0.006938834,,
20.1,0.015659034,0.0076431,,0.000704266,0.006938834,,
20.1,0.015659034,0.0076431,,0.000704266,0.006938834,,
27.6,0.015549187,0.00889922,,0.000855491,0.008043729,,
27.6,0.015549187,0.00889922,,0.000855491,0.008043729,,
36.8,0.015860406,0.01196975,,0.001055217,0.010914533,,
36.8,0.015860406,0.01196975,,0.001055217,0.010914533,,
36.8,0.015860406,0.01196975,,0.001055217,0.010914533,,
22.0,0.014051021,0.01202734,,0.000836514,0.011190826,,
22.0,0.014051021,0.01202734,,0.000836514,0.011190826,,
39.7,0.014002564,0.01099755,,0.000794122,0.010203428,,
39.7,0.014002564,0.01099755,,0.000794122,0.010203428,,
48.8,0.01504855,0.01201232,,0.000553432,0.011458888,,
35.7,0.015000635,0.00973656,,0.001074011,0.008662549,,
35.7,0.015000635,0.00973656,,0.001074011,0.008662549,,
35.6,0.016555178,0.009076,,0.001045374,0.008030626,,
35.6,0.016555178,0.009076,,0.001045374,0.008030626,,
37.8,0.015784679,0.01122076,,0.001009072,0.010211688,,
37.8,0.015784679,0.01122076,,0.001009072,0.010211688,,
37.8,0.015784679,0.01122076,,0.001009072,0.010211688,,
37.8,0.015784679,0.01122076,,0.001009072,0.010211688,,
45.05625,0.020662798,0.006910692,,0.000795017,0.006115675,,
45.05625,0.020662798,0.006910692,,0.000795017,0.006115675,,
45.05625,0.020662798,0.006910692,,0.000795017,0.006115675,,
45.05625,0.020662798,0.006910692,,0.000795017,0.006115675,,
44.5,0.013271435,0.00959852,,0.000837672,0.008760848,,
49.7,0.015690108,0.01017555,,0.001099896,0.009075654,,
49.7,0.015690108,0.01017555,,0.001099896,0.009075654,,
49.7,0.015690108,0.01017555,,0.001099896,0.009075654,,
49.7,0.015690108,0.01017555,,0.001099896,0.009075654,,
49.7,0.015690108,0.01017555,,0.001099896,0.009075654,,
39.70740741,0.021331723,0.006211377,,0.000850053,0.005361324,,
39.70740741,0.021331723,0.006211377,,0.000850053,0.005361324,,
39.70740741,0.021331723,0.006211377,,0.000850053,0.005361324,,
39.70740741,0.021331723,0.006211377,,0.000850053,0.005361324,,
49.1,0.015890912,0.01812217,,0.001308584,0.016813586,,
49.1,0.015890912,0.01812217,,0.001308584,0.016813586,,
49.1,0.015890912,0.01812217,,0.001308584,0.016813586,,
49.1,0.015890912,0.01812217,,0.001308584,0.016813586,,
60.6,0.033704989,0.01695635,,0.001134261,0.015822089,,
60.6,0.033704989,0.01695635,,0.001134261,0.015822089,,
60.6,0.033704989,0.01695635,,0.001134261,0.015822089,,
60.6,0.033704989,0.01695635,,0.001134261,0.015822089,,
60.6,0.033704989,0.01695635,,0.001134261,0.015822089,,
60.6,0.033704989,0.01695635,,0.001134261,0.015822089,,
60.6,0.033704989,0.01695635,,0.001134261,0.015822089,,
67.2,0.018905785,0.01669833,,0.001028233,0.015670097,,
67.2,0.018905785,0.01669833,,0.001028233,0.015670097,,
67.2,0.018905785,0.01669833,,0.001028233,0.015670097,,
67.2,0.018905785,0.01669833,,0.001028233,0.015670097,,
67.2,0.018905785,0.01669833,,0.001028233,0.015670097,,
67.2,0.018905785,0.01669833,,0.001028233,0.015670097,,
67.2,0.018905785,0.01669833,,0.001028233,0.015670097,,
67.2,0.018905785,0.01669833,,0.001028233,0.015670097,,
67.2,0.018905785,0.01669833,,0.001028233,0.015670097,,
67.2,0.018905785,0.01669833,,0.001028233,0.015670097,,
67.2,0.018905785,0.01669833,,0.001028233,0.015670097,,
67.2,0.018905785,0.01669833,,0.001028233,0.015670097,,
67.2,0.018905785,0.01669833,,0.001028233,0.015670097,,
34.63863636,0.028378587,0.00578797,,0.000843521,0.004944449,,
34.63863636,0.028378587,0.00578797,,0.000843521,0.004944449,,
34.0375,0.017411797,0.005067003,,0.000617288,0.004449715,,
39.73103448,0.014991845,0.005324586,,0.000626788,0.004697798,,
39.73103448,0.014991845,0.005324586,,0.000626788,0.004697798,,
39.73103448,0.014991845,0.005324586,,0.000626788,0.004697798,,
39.73103448,0.014991845,0.005324586,,0.000626788,0.004697798,,
62.4,0.021095459,0.01564981,,0.001109259,0.014540551,,
62.4,0.021095459,0.01564981,,0.001109259,0.014540551,,
62.4,0.021095459,0.01564981,,0.001109259,0.014540551,,
62.4,0.021095459,0.01564981,,0.001109259,0.014540551,,
62.4,0.021095459,0.01564981,,0.001109259,0.014540551,,
62.4,0.021095459,0.01564981,,0.001109259,0.014540551,,
60.3,0.013653552,0.01741962,,0.001095799,0.016323821,,
60.3,0.013653552,0.01741962,,0.001095799,0.016323821,,
60.3,0.013653552,0.01741962,,0.001095799,0.016323821,,
60.3,0.013653552,0.01741962,,0.001095799,0.016323821,,
60.3,0.013653552,0.01741962,,0.001095799,0.016323821,,
60.3,0.013653552,0.01741962,,0.001095799,0.016323821,,
34.0,0.014567145,0.00465326,,0.00060605,0.00404721,,
34.27037037,0.033739336,0.024613027,,0.001491366,0.02312166,,
34.27037037,0.033739336,0.024613027,,0.001491366,0.02312166,,
34.27037037,0.033739336,0.024613027,,0.001491366,0.02312166,,
34.27037037,0.033739336,0.024613027,,0.001491366,0.02312166,,
31.3,0.02291147,0.02533336,,0.001369167,0.023964193,,
31.3,0.02291147,0.02533336,,0.001369167,0.023964193,,
31.3,0.02291147,0.02533336,,0.001369167,0.023964193,,
39.2,0.04143062,0.03656377,,0.00244586,0.03411791,,
28.1,0.017238013,0.01261136,,0.001089432,0.011521928,,
29.5,0.014718737,0.00945393,,0.000963261,0.008490669,,
29.5,0.014718737,0.00945393,,0.000963261,0.008490669,,
29.5,0.014718737,0.00945393,,0.000963261,0.008490669,,
29.5,0.014718737,0.00945393,,0.000963261,0.008490669,,
29.5,0.014718737,0.00945393,,0.000963261,0.008490669,,
42.5,0.016506678,0.00922871,,0.000813575,0.008415135,,
42.5,0.016506678,0.00922871,,0.000813575,0.008415135,,
42.5,0.016506678,0.00922871,,0.000813575,0.008415135,,
42.5,0.016506678,0.00922871,,0.000813575,0.008415135,,
42.5,0.016506678,0.00922871,,0.000813575,0.008415135,,
48.8,0.044300095,0.0369994,,0.002720862,0.034278538,,
48.8,0.044300095,0.0369994,,0.002720862,0.034278538,,
48.8,0.044300095,0.0369994,,0.002720862,0.034278538,,
48.8,0.044300095,0.0369994,,0.002720862,0.034278538,,
43.6,0.040356402,0.03433618,,0.002357694,0.031978486,,
43.6,0.040356402,0.03433618,,0.002357694,0.031978486,,
43.6,0.040356402,0.03433618,,0.002357694,0.031978486,,
43.6,0.040356402,0.03433618,,0.002357694,0.031978486,,
42.29423077,0.016466567,0.005244963,,0.000771363,0.004473599,,
42.29423077,0.016466567,0.005244963,,0.000771363,0.004473599,,
42.29423077,0.016466567,0.005244963,,0.000771363,0.004473599,,
42.29423077,0.016466567,0.005244963,,0.000771363,0.004473599,,
30.55,0.017902992,0.006709315,,0.000795071,0.005914244,,
30.55,0.017902992,0.006709315,,0.000795071,0.005914244,,
31.7,0.016471307,0.00540875,,0.000347431,0.005061319,,
40.428125,0.015715014,0.005473442,,0.000766292,0.00470715,,
40.428125,0.015715014,0.005473442,,0.000766292,0.00470715,,
33.2,0.015339377,0.00831425,,0.00090607,0.00740818,,
27.9,0.042133737,0.04355619,,0.002797832,0.040758358,,
27.9,0.042133737,0.04355619,,0.002797832,0.040758358,,
38.62432432,0.017277131,0.009098318,,0.000934653,0.008163665,,
38.62432432,0.017277131,0.009098318,,0.000934653,0.008163665,,
43.95,0.027249405,0.01413162,,0.001155027,0.012976593,,
43.95,0.027249405,0.01413162,,0.001155027,0.012976593,,
39.1,0.01873081,0.00616394,,0.000690848,0.005473092,,
39.1,0.01873081,0.00616394,,0.000690848,0.005473092,,
39.1,0.01873081,0.00616394,,0.000690848,0.005473092,,
39.1,0.01873081,0.00616394,,0.000690848,0.005473092,,
53.1,,0.03957307,,0.002261482,0.037311588,,
53.1,,0.03957307,,0.002261482,0.037311588,,
53.1,,0.03957307,,0.002261482,0.037311588,,
49.2,0.040004552,0.03570429,,0.002261831,0.033442459,,
49.2,0.040004552,0.03570429,,0.002261831,0.033442459,,
49.2,0.040004552,0.03570429,,0.002261831,0.033442459,,
33.6,0.018365852,0.01328304,,0.001147455,0.012135585,,
33.6,0.018365852,0.01328304,,0.001147455,0.012135585,,
33.6,0.018365852,0.01328304,,0.001147455,0.012135585,,
33.6,0.018365852,0.01328304,,0.001147455,0.012135585,,
33.6,0.018365852,0.01328304,,0.001147455,0.012135585,,
33.6,0.018365852,0.01328304,,0.001147455,0.012135585,,
33.6,0.018365852,0.01328304,,0.001147455,0.012135585,,
33.6,0.018365852,0.01328304,,0.001147455,0.012135585,,
45.4,0.038729149,0.03778043,,0.001991671,0.035788759,,
45.4,0.038729149,0.03778043,,0.001991671,0.035788759,,
45.4,0.038729149,0.03778043,,0.001991671,0.035788759,,
45.4,0.038729149,0.03778043,,0.001991671,0.035788759,,
31.6,0.013047248,0.01944092,,0.000921519,0.018519401,,
31.6,0.013047248,0.01944092,,0.000921519,0.018519401,,
,0.012365935,0.01664846,,0.0013718,0.01527666,,
,0.01337164,0.01697018,,0.001481005,0.015489175,,
,0.012663696,0.01574298,,0.001346009,0.014396971,,
,0.012663696,0.01574298,,0.001346009,0.014396971,,
,0.012728198,0.01572106,,0.001358064,0.014362996,,
,0.012639533,0.01591793,,0.001255192,0.014662738,,
,0.011417464,0.01509778,,0.001210585,0.013887195,,
,0.015990051,0.0149325,,0.001283329,0.013649171,,
,0.014149786,0.01364394,,0.001299517,0.012344423,,
,0.013283545,0.01994193,,0.001051279,0.018890651,,
,0.01300988,0.01715446,,0.000820738,0.016333722,,
,0.01300988,0.01715446,,0.000820738,0.016333722,,
,0.01300988,0.01715446,,0.000820738,0.016333722,,
,0.01300988,0.01715446,,0.000820738,0.016333722,,
,0.017132295,0.02259016,,0.001170871,0.021419289,,
,0.017132295,0.02259016,,0.001170871,0.021419289,,
,0.017132295,0.02259016,,0.001170871,0.021419289,,
,0.017132295,0.02259016,,0.001170871,0.021419289,,
34.9,0.020332223,0.02233771,,0.000860918,0.021476792,,
34.9,0.020332223,0.02233771,,0.000860918,0.021476792,,
34.9,0.020332223,0.02233771,,0.000860918,0.021476792,,
40.1,0.021242923,0.02154242,,0.000992502,0.020549918,,
40.1,0.021242923,0.02154242,,0.000992502,0.020549918,,
40.1,0.021242923,0.02154242,,0.000992502,0.020549918,,
40.1,0.021242923,0.02154242,,0.000992502,0.020549918,,
28.25,,,,,,,
28.25,,,,,,,
58.1,0.012954082,0.0201258,,0.001319528,0.018806272,,
58.1,0.012954082,0.0201258,,0.001319528,0.018806272,,
58.1,0.012954082,0.0201258,,0.001319528,0.018806272,,
58.1,0.012954082,0.0201258,,0.001319528,0.018806272,,
58.1,0.012954082,0.0201258,,0.001319528,0.018806272,,
42.1,0.049955569,0.06177686,,0.002298841,0.059478019,,
42.1,0.049955569,0.06177686,,0.002298841,0.059478019,,
56.0,0.01634347,0.02195694,,0.001439585,0.020517355,,
56.0,0.01634347,0.02195694,,0.001439585,0.020517355,,
56.0,0.01634347,0.02195694,,0.001439585,0.020517355,,
56.0,0.01634347,0.02195694,,0.001439585,0.020517355,,
,0.012157949,0.013863417,,0.001516949,0.012346468,,
,0.012157949,0.013863417,,0.001516949,0.012346468,,
,0.012157949,0.013863417,,0.001516949,0.012346468,,
,0.012157949,0.013863417,,0.001516949,0.012346468,,
,0.013547465,0.014606683,,0.001488275,0.013118408,,
,0.013547465,0.014606683,,0.001488275,0.013118408,,
,0.013547465,0.014606683,,0.001488275,0.013118408,,
,0.013547465,0.014606683,,0.001488275,0.013118408,,
