Anth,B,C,Ca,Car,Cel,Chl,Cu,EWT,Fiber,LAI,LMA,Lignin,Mg,Mn,N,NSC,P,K,S
1.0913213,0.00013404893,1.8104405,0.034202047,5.6320286,0.8511403,19.048225,3.067587e-05,9.159453,1.535352,3.6132102,26.663025,0.71438515,0.0074641136,0.0010061202,0.060482264,0.88683385,0.007835075,0.060309675,0.0058377353
1.0604281,0.00014417447,2.089479,0.027392728,5.5490274,1.043965,20.964468,3.2794596e-05,10.758259,1.8891114,3.226777,34.53042,0.81325644,0.00687684,0.0009924176,0.06914181,0.94811,0.009004851,0.07222409,0.006305632
1.030907,0.00012062581,1.6062223,0.024856718,6.3830113,0.88756454,18.29549,3.0097945e-05,8.775402,1.522986,2.4461615,21.803242,0.71710277,0.0071110567,0.00095731847,0.056821965,0.80002975,0.0077587697,0.060434535,0.0059048845
1.0187078,0.0001703583,2.0247667,0.060291108,5.2311373,0.97982454,25.719675,3.5523535e-05,20.986996,1.9623301,3.338674,34.56635,0.93431944,0.006592115,0.001207728,0.08506266,1.0802208,0.009712225,0.07035569,0.0068291184
1.2047594,0.00017311893,2.0742445,0.03499618,5.950796,0.9458141,27.60154,3.580468e-05,10.547411,1.7353336,3.1375742,30.266819,0.8165864,0.009511987,0.0011005092,0.09612726,1.070732,0.011218326,0.07221605,0.007818157
1.2338159,0.00018914182,2.7866204,0.056655776,5.7596273,1.0479572,29.24408,4.1547446e-05,15.178138,2.1163516,4.4433866,54.005554,0.9618157,0.014430755,0.0012848038,0.116211794,1.5830334,0.013253075,0.07869805,0.00899529
1.1682189,0.00013124975,1.5267931,0.025074013,7.15488,0.8277873,23.35287,3.062772e-05,8.451119,1.4304737,2.4680378,21.709063,0.6715083,0.008835329,0.00091795827,0.058366522,0.77603656,0.0070637004,0.055901803,0.0063909926
1.2257944,0.00019870262,2.785011,0.07500873,4.92617,1.1491559,24.35085,4.2724158e-05,17.737635,2.09674,2.755161,54.2695,0.848077,0.015098013,0.0013707349,0.10775012,1.3971567,0.013747234,0.095861115,0.009033575
1.0353452,0.00011296301,1.6751696,0.024187526,6.8536034,0.96014076,21.507795,2.9257622e-05,10.420411,1.7177969,2.6924047,24.647982,0.834817,0.006158896,0.00090200605,0.05533962,0.79610467,0.007633227,0.06636114,0.0061008143
1.2160988,0.00019110194,2.8178227,0.047806904,5.7076597,1.0800683,25.86084,4.2286545e-05,12.27137,2.0164633,2.3007557,53.576424,0.8446501,0.016581,0.0014985624,0.120482266,1.6042882,0.013708433,0.071846865,0.009473359
1.2807701,0.00027019717,3.1570048,0.06751856,8.756781,1.2567225,41.998566,6.0666975e-05,19.58025,2.6790931,3.741698,65.39024,1.3062286,0.018400952,0.0019777692,0.1839075,1.3934233,0.014492448,0.1020769,0.012429105
0.8677249,0.00015798472,2.0345573,0.046219356,6.3651447,1.086497,19.665094,3.5013083e-05,14.239977,1.9887018,2.6067023,32.903614,0.9628558,0.0064161564,0.0011313127,0.07251695,0.9351657,0.008387231,0.070776574,0.0063376958
1.1272565,0.00020873979,3.134733,0.0518534,4.338974,1.2014214,18.371838,4.078077e-05,17.292423,2.3587756,3.680601,65.4055,1.0966703,0.012974093,0.0013335025,0.094738565,1.5513098,0.01091167,0.073353514,0.0077179316
1.1861751,0.00019433232,2.0805612,0.06124595,7.187321,1.091791,34.607468,3.9478815e-05,25.764498,1.9360297,3.2943878,37.899105,0.83605784,0.008549118,0.0011425137,0.12072698,1.0719271,0.011593417,0.085598595,0.008669828
1.3854498,0.00021100155,2.4344351,0.09214744,8.406969,1.0785117,38.499645,4.563875e-05,15.926973,1.8274817,2.3686333,43.521755,0.95718014,0.013883866,0.0014673346,0.15616491,1.3132317,0.012887199,0.07960129,0.011237393
1.4969875,0.00026329746,2.4931042,0.05868119,10.245769,1.2746879,47.001984,5.3422053e-05,13.503783,2.5939238,2.9786675,56.169704,1.3165987,0.016249223,0.0019407148,0.13246182,1.4787664,0.009793457,0.07927408,0.008946486
1.4414738,0.00018727146,2.013486,0.059703887,9.393513,0.97170335,43.927326,4.5844503e-05,13.371483,1.4775401,4.1137104,39.451683,0.5537567,0.014863232,0.0008797649,0.14994164,0.9019197,0.0118784625,0.09103602,0.011100796
1.3229843,0.00022909172,2.2752266,0.050577585,9.097187,1.1948159,31.952213,4.199311e-05,14.962746,2.0546618,3.9187129,36.385223,0.96974295,0.012194937,0.0011719622,0.13530967,1.0850831,0.011314368,0.076738074,0.009705888
1.5452719,0.00016796855,1.4901658,0.052659005,12.02949,1.1419417,53.65154,4.1629064e-05,12.2762,2.0566912,1.8763151,46.050713,0.9324746,0.013440951,0.0013530335,0.09323713,0.9974295,0.008968864,0.08167057,0.008046869
1.3784001,0.00014915848,2.0056963,0.053620487,10.037715,0.9585791,43.43308,3.5352317e-05,13.955581,1.8540255,3.7563834,35.759235,0.8682447,0.012124613,0.0010787911,0.11786193,0.96539575,0.0098799635,0.07361017,0.009139606
1.5108371,0.0001857701,1.8600599,0.060446944,10.220587,0.9280033,42.080727,4.2545e-05,14.146627,1.7413354,3.9237392,33.108883,0.89134824,0.012661877,0.0011134909,0.13078578,0.95218337,0.010990633,0.07757622,0.009917475
1.8818784,0.0002223984,1.870687,0.05767126,11.409719,0.8788913,44.405308,4.458774e-05,29.330433,1.636026,3.0738244,30.222504,0.7627245,0.014301016,0.0013665021,0.15236549,1.0423654,0.010915578,0.07527958,0.010886855
0.8514591,0.00018291977,1.8446302,0.044167403,7.0033097,0.99870616,20.359144,3.5217425e-05,10.336992,1.9048555,1.3995157,24.148882,1.0133843,0.011560425,0.0012956576,0.0799029,0.9217794,0.0107369665,0.07230483,0.007269572
0.971034,0.0002502138,3.2581182,0.076522894,8.4464245,1.4891938,29.142975,4.4453885e-05,14.851566,2.5986981,4.9289875,61.842777,1.3254821,0.017575195,0.0016532347,0.12810229,1.2415887,0.011008347,0.10197931,0.010889402
1.5298,0.00026082096,2.3670235,0.09475246,11.358493,1.1799779,52.228233,5.0034316e-05,17.518705,2.2752934,3.5799298,56.602615,1.0933146,0.017811388,0.0015208648,0.1382648,1.2772273,0.012559668,0.08145358,0.010518315
1.5823288,0.00020209672,2.0712538,0.0535184,10.180916,1.0581015,34.94407,4.803505e-05,14.212306,1.9275959,4.081298,34.705654,0.8816363,0.014628372,0.0013590282,0.13665083,1.0952519,0.01062113,0.080195874,0.010211989
1.2926496,0.00017487208,1.6682441,0.057158045,9.610071,0.8708207,35.680294,3.793725e-05,13.193853,1.505541,4.7449617,26.099054,0.8747542,0.011579766,0.0010715994,0.10734522,0.87219757,0.009972322,0.07589837,0.009283997
1.3648432,0.00021372302,1.986211,0.07214603,9.360624,1.0110707,40.886494,4.6638506e-05,22.330101,1.6580648,3.7218015,33.350445,0.819976,0.013197496,0.0011928804,0.14514704,1.0947657,0.013845774,0.09005283,0.010153721
0.74766207,0.00019553672,2.3619332,0.06260901,5.413447,1.1093994,15.192892,3.8082093e-05,15.121581,2.1114736,4.0599246,35.231842,1.0235043,0.013343954,0.0012479335,0.07765623,1.2006999,0.010520322,0.0700482,0.007145135
1.2296302,0.00022115625,2.4558995,0.061485335,9.220316,1.1567537,28.295277,4.9446233e-05,14.237813,1.977837,3.3693404,41.62888,1.0152342,0.016123507,0.0013882228,0.13897173,1.2134259,0.01133841,0.08845949,0.010559067
1.2340972,0.00019682506,1.7826854,0.06201729,10.447199,1.0248916,39.357338,4.047752e-05,18.45044,1.7089446,3.2487237,29.482191,0.83089197,0.012677074,0.0009297641,0.114680015,0.8648182,0.0087113,0.084985115,0.0076861167
1.4493077,0.00025178076,2.8312964,0.07307351,9.663979,1.1537778,38.47856,4.9949307e-05,12.234973,2.150705,3.9403257,52.004738,1.036405,0.018327855,0.0013482593,0.14392509,1.345173,0.012146368,0.07697376,0.011406263
1.4380294,0.00024192868,2.537557,0.07737797,9.541562,1.1715987,33.049576,5.075118e-05,13.909416,2.3197958,4.4390826,44.44133,1.1022185,0.015308054,0.0014406734,0.15708753,1.2893593,0.011513671,0.07368392,0.010519315
1.2938088,0.0001608061,1.7732555,0.05170255,10.435722,0.97938,40.281845,3.824011e-05,14.301186,1.6972659,4.7148585,31.360676,0.8961402,0.012135412,0.0010442255,0.11033496,0.8340975,0.009450228,0.08504563,0.00875288
1.7053984,0.00018548852,1.8911101,0.058827102,10.011536,0.8802212,36.08095,4.554124e-05,12.785443,1.5778778,4.6641707,28.718096,0.7694722,0.014407278,0.0012451371,0.12320023,1.0290574,0.010217501,0.07839966,0.009467602
1.1035955,0.00021357808,2.8132825,0.047752645,8.77502,1.3423305,27.745897,4.361886e-05,12.843028,2.3810456,3.4686832,46.69999,1.1323687,0.012836058,0.0014967537,0.12849699,1.4014193,0.011142823,0.08074711,0.009594972
0.8599947,0.00025202363,4.29445,0.061006542,7.248588,1.8224404,26.353489,4.928241e-05,11.596956,3.357498,4.56747,77.03203,1.6659819,0.015648345,0.0017248051,0.14343448,1.4467208,0.010361623,0.09255962,0.00944218
1.133975,0.00023567994,2.527612,0.07030248,8.524092,1.2202176,28.516386,4.4781485e-05,12.359561,2.059169,5.515,46.69426,1.0118473,0.014405373,0.0015026123,0.12772334,1.0782235,0.0109565165,0.07612205,0.009909309
1.2181065,0.00025149548,2.8213468,0.057561643,10.202141,1.3909593,31.918428,5.2321513e-05,18.902407,2.7426143,3.3686593,46.14631,1.3253009,0.013343437,0.001514728,0.14273791,1.3602675,0.0111286,0.08478852,0.009391523
1.2711228,0.00023102762,2.3513684,0.07445727,8.624249,1.146978,29.282495,4.438928e-05,11.665751,2.1833003,3.8969722,39.702385,1.0589654,0.01409617,0.00130403,0.14069249,1.1690968,0.011222294,0.071165785,0.009597172
1.5597364,0.00022469777,2.6311,0.05664122,11.1580515,1.118478,50.745037,5.3841628e-05,13.859498,2.2062104,2.8776104,59.116104,1.0088978,0.01781105,0.0017074038,0.13780116,1.3529944,0.010515244,0.07721566,0.01075264
1.0712494,0.00022406377,2.8641536,0.049898755,8.489958,1.3944905,26.681719,4.649356e-05,13.328158,2.4007227,3.6004314,51.01438,1.0716251,0.013695875,0.0014161174,0.1287065,1.4479828,0.010668751,0.07752106,0.008944801
1.1273545,0.0002202069,2.4077103,0.061267376,8.429435,1.2487324,25.552134,4.3312673e-05,12.869257,2.2831147,3.4282365,40.455395,1.1138759,0.012730893,0.0013445324,0.12411131,1.3218939,0.010127348,0.07356316,0.0088382
1.0516346,0.00021627605,2.8184361,0.05467801,8.108815,1.1680043,23.132479,4.3211745e-05,9.902083,2.1967847,5.940305,48.582207,1.1205215,0.013493969,0.0013507272,0.13223402,1.3794079,0.01031242,0.073657155,0.009201199
1.4467553,0.0002063148,1.6378706,0.0619461,11.583613,0.9484072,45.359802,4.20868e-05,17.034443,1.4812373,2.559548,26.362314,0.6931597,0.014379274,0.00086969207,0.13626693,0.74326897,0.011413512,0.0861355,0.01096754
2.0279524,0.0003022946,3.8055003,0.07676428,12.069835,1.3034782,64.18496,7.177015e-05,13.401666,2.6169553,5.967793,63.39468,1.2014438,0.01946603,0.002122583,0.23187871,1.9173045,0.01208766,0.08771425,0.012729715
1.1883572,0.00023493904,2.6363828,0.07118689,9.285433,1.1051593,28.872484,4.4648415e-05,12.081606,1.8573937,4.930296,46.499374,1.0088855,0.016842056,0.0012334822,0.13211986,1.2373114,0.010877933,0.084427476,0.009464947
1.4439027,0.00023259487,2.510868,0.06425638,9.247814,1.1008922,28.092005,4.787215e-05,10.761005,2.0852492,3.9905183,43.516594,0.9260661,0.015795557,0.0013379748,0.1460291,1.2928128,0.010037537,0.0756866,0.00969464
1.5362288,0.00027592105,3.2028842,0.08481925,8.743351,1.3486015,23.60792,5.386195e-05,17.638943,2.4184382,3.448929,62.103703,1.0253755,0.02219136,0.0017673244,0.14889646,1.4917469,0.013198459,0.068812355,0.011893175
1.6447241,0.00019014537,1.5664978,0.042614248,10.5192995,0.9471545,38.77438,4.3971442e-05,15.22107,1.6891454,3.0969465,25.35579,0.814063,0.009596618,0.001168971,0.10987076,0.9006589,0.009171768,0.07037679,0.009070328
0.8299347,0.00020194767,2.2066002,0.05488285,6.6065884,1.077599,16.64137,3.833531e-05,12.391407,2.1056087,4.098255,29.345802,1.1313446,0.012707127,0.0013638639,0.09634189,1.0806649,0.0101247905,0.07451117,0.0078891795
0.89112365,0.000191315,2.6629174,0.052896302,7.9103312,1.1548859,21.805305,4.2686963e-05,8.669706,2.2511725,6.3661656,42.999676,0.9726597,0.013454813,0.0011568659,0.11050678,1.1639464,0.009671674,0.071127646,0.008380418
1.1182106,0.00017711271,2.6310656,0.056623258,8.166706,1.0721803,28.412603,4.10482e-05,9.50263,1.8711853,6.0279784,43.968628,0.81949365,0.013647607,0.0012599404,0.11950945,1.1026489,0.0108889565,0.08225496,0.009979856
1.3130668,0.00022895185,2.8207965,0.07373449,8.704931,1.1243672,25.308975,4.8281134e-05,11.044757,2.1630063,4.613298,45.210304,1.0470202,0.015832944,0.0013403964,0.14991222,1.4054395,0.011275126,0.07149242,0.009887228
1.2480743,0.0001652277,1.7964144,0.06331593,9.8846855,1.0264626,34.471016,4.0193347e-05,14.545126,1.6724857,3.8504457,28.278557,0.87142575,0.016219508,0.0012440962,0.1073859,0.9161723,0.009624865,0.08412117,0.008597003
0.8195439,0.00018893191,2.5184479,0.058651447,7.8904166,1.1241828,23.203545,4.12524e-05,8.898451,2.182526,6.8686285,39.51027,0.99932665,0.012808859,0.0012408062,0.1081378,1.0976981,0.010357985,0.0758452,0.008913992
1.041365,0.0002033675,2.5163853,0.058190163,8.498061,1.1704227,24.248785,4.5467554e-05,13.513568,1.8878402,2.991777,39.747166,0.98044115,0.0151597895,0.0013596186,0.11758678,1.2995988,0.0109214345,0.06620317,0.0082775615
1.0250152,0.00031406578,3.4651637,0.10872284,10.839418,1.6472288,34.281643,5.753306e-05,28.622385,3.1082673,4.8807874,57.64273,1.7048026,0.017040225,0.0019015835,0.16391534,1.7903578,0.010755106,0.102627195,0.00978914
1.4589593,0.00029729158,3.8109803,0.086197846,11.001042,1.3553562,49.859383,6.217371e-05,16.511456,2.8177218,2.7264457,76.458206,1.5410371,0.024827933,0.0022315152,0.16904935,1.8962611,0.011110217,0.06436423,0.010213382
1.461892,0.0001552333,1.5880264,0.068842635,11.180369,0.95875686,47.253803,3.869978e-05,11.35608,1.3050566,3.4021542,41.162098,0.6420425,0.015049342,0.0012915353,0.10816665,0.77702785,0.009599425,0.08212451,0.0103004025
1.3003895,0.00015741852,2.1691403,0.061220154,7.7277975,0.8925177,28.986536,3.8927556e-05,8.071389,1.6095293,6.6035347,32.3458,0.74494344,0.014207211,0.0010223915,0.1238407,0.9337869,0.011063291,0.07694461,0.010481582
1.8273635,0.0002625518,2.3136153,0.070181,10.315103,0.9989167,39.53129,5.2463907e-05,14.566372,2.0294912,2.9142094,36.90001,1.047855,0.016183745,0.0015114199,0.16832912,1.3596503,0.010776064,0.07320377,0.0110304775
0.8420581,0.00024821004,4.268606,0.06518913,6.8684206,1.8685338,27.613077,5.063171e-05,11.082367,3.235637,5.315076,77.30553,1.5857277,0.017347563,0.0016755866,0.13388215,1.4186476,0.010367215,0.08973411,0.009387249
0.7726238,0.00018092142,2.6979866,0.061151963,7.30732,1.1922083,20.11763,4.0896004e-05,8.230609,2.3225145,6.932175,42.05374,1.0000529,0.013573384,0.0011402097,0.09612719,1.1460487,0.011024396,0.081689,0.00907794
1.265289,0.00020912832,2.3779657,0.0652097,7.720098,1.0159247,26.289776,4.2330576e-05,10.053356,1.8416246,4.3769503,37.71431,0.9596262,0.014845163,0.0013953638,0.11993744,1.1158096,0.009905268,0.07455622,0.008405275
1.1206788,0.00030631805,2.9334822,0.10136161,10.358659,1.4151247,34.12239,5.806015e-05,25.308758,2.5178893,4.724606,50.40296,1.4201552,0.019798933,0.0018894904,0.15914994,1.5487727,0.0115689,0.10534207,0.010632675
1.4826705,0.00022558671,2.308271,0.08549211,10.021823,0.999173,36.084145,4.8672446e-05,10.671574,1.7243885,3.7426462,32.755573,0.9653428,0.018836236,0.0016963336,0.13637745,1.3051314,0.01210378,0.07125825,0.010736277
1.3593348,0.00015289785,2.0997865,0.062015656,8.138678,0.84224373,31.282898,3.9083425e-05,7.49887,1.6761849,6.6651626,30.80242,0.78044224,0.012709484,0.0010604288,0.12238492,0.9043325,0.011163482,0.077770986,0.010556587
2.1964786,0.0002522301,2.1386006,0.09015761,10.84295,0.8793787,42.32297,5.1724062e-05,13.694553,1.5741255,2.8829968,33.1795,0.84437746,0.018734163,0.0015242035,0.16050956,1.2921116,0.010765024,0.08297616,0.012484579
1.0327646,0.00019494515,2.6501515,0.060158152,8.12078,1.1356992,27.422016,4.0957104e-05,10.910872,2.00878,6.2941794,42.297672,1.034291,0.012933446,0.0013767076,0.11936811,1.18511,0.010551872,0.072242655,0.009277068
2.0584495,0.00029426833,3.7780848,0.07901528,12.274427,1.2689158,66.58792,7.142794e-05,13.208559,2.554027,6.3100524,65.0769,1.2203099,0.019265288,0.002084052,0.2334806,1.9459076,0.012162684,0.08491873,0.012783291
0.780751,0.0001841084,2.4485826,0.06400857,7.3862677,1.0784515,20.34975,4.0017618e-05,8.2796335,2.0548964,7.092491,37.11205,0.93549126,0.013364353,0.0011597715,0.09699758,1.0776627,0.0109117245,0.07854277,0.008929208
1.2861936,0.00022319643,2.4547856,0.07164966,9.220011,1.1882043,29.605158,4.517049e-05,11.035232,1.842131,5.561065,37.833813,0.96491206,0.014348083,0.001111154,0.13173172,1.0663404,0.010816186,0.08452864,0.010006446
1.4579599,0.00022961284,2.4616277,0.06487163,8.505961,1.1318916,27.603212,4.4265973e-05,15.442697,1.9969213,2.5674088,43.479668,0.9626642,0.014559921,0.0012810669,0.12577933,1.1474241,0.01077988,0.07244076,0.009075523
1.2339097,0.00017559332,2.2011786,0.06627292,8.097464,0.94101757,32.23907,3.994319e-05,7.701781,1.6766279,6.62302,34.04288,0.71767974,0.013766495,0.0011460034,0.12058227,0.8809084,0.010332533,0.07996306,0.010331871
0.9020221,0.00017121663,1.5431519,0.05203628,6.3869796,0.86780494,17.97156,3.222935e-05,12.643391,1.566773,1.5477611,21.048212,0.87003064,0.009635765,0.0010685658,0.064616054,0.7846398,0.0078919185,0.0658633,0.0056503904
0.88900393,0.00015678609,1.80969,0.031521466,7.442898,0.9795388,22.23295,3.4548626e-05,13.959387,1.7097427,1.7925178,24.253595,0.8297028,0.009291442,0.0010866262,0.085222535,0.926965,0.010019029,0.076674275,0.0070751244
1.1500735,0.00024735075,2.6092453,0.066207364,9.266079,1.2377849,28.263304,4.6919173e-05,25.179081,2.3102999,3.566667,46.38092,1.2421186,0.0143484445,0.0015452707,0.11541596,1.2400926,0.008764226,0.09572533,0.008227965
1.8930707,0.00025518733,2.92097,0.08918475,9.84222,1.0444168,42.706093,5.638097e-05,13.86522,2.1110833,3.3885374,54.928974,1.1110165,0.019702813,0.0014997106,0.18531168,1.644716,0.012110193,0.08962147,0.012440226
0.9052604,0.00017515129,2.3697786,0.051999632,7.4197564,1.1286411,26.198494,3.863486e-05,12.374134,2.014775,6.016183,36.765728,0.9157357,0.011800992,0.0012536078,0.09969283,0.9973496,0.010818069,0.07556715,0.00892999
1.0042437,0.00017334204,1.8313657,0.03605334,7.8848524,0.97484136,24.547915,3.7521746e-05,14.448209,1.7947613,2.2105026,24.536066,0.9329697,0.010571296,0.0011665687,0.09961575,1.0028994,0.009253135,0.068601646,0.007852735
1.5590531,0.00020176604,1.8068388,0.063222446,8.179315,0.8716521,30.550556,4.1277068e-05,10.268023,1.57132,3.0649714,30.007595,0.83197534,0.013048858,0.0011831656,0.121820405,0.95188165,0.010477998,0.0695785,0.009064217
1.4279914,0.00022200272,2.0348272,0.057797696,9.922722,0.998578,33.346405,4.5735855e-05,16.139246,1.8964002,3.3163996,30.526533,0.9767581,0.011927764,0.0012474649,0.12809922,1.0979147,0.010229378,0.08040529,0.00947525
1.768554,0.00026186174,2.4066598,0.08637442,9.810324,0.97142386,38.497208,5.1763847e-05,13.606185,1.9853163,3.1795025,43.060413,1.0498174,0.013176778,0.0013884753,0.15739791,1.3409303,0.01098541,0.07891779,0.010325955
1.60638,0.00020482282,1.8140012,0.06148842,8.283823,0.86945856,27.061922,3.7753627e-05,11.834755,1.5935347,1.5747895,37.8572,0.6721413,0.0134467,0.0013391138,0.10557058,1.0449473,0.010300531,0.06154997,0.0099394275
0.8995464,0.00014711473,2.2578743,0.06084739,7.8884697,1.0463927,28.870388,3.6619407e-05,11.682807,1.9390349,4.715112,37.52455,0.9089541,0.012460886,0.001054672,0.09353837,0.929866,0.009255209,0.07654371,0.009080818
1.406268,0.00017046437,2.1404982,0.07552682,7.424102,0.97698337,25.169653,4.565577e-05,17.508734,1.7394854,2.9162197,42.484154,0.8036404,0.013855647,0.001049366,0.12902057,1.3298593,0.0137872575,0.115042575,0.009674134
1.6073381,0.00029866977,2.8873458,0.08541388,8.417207,1.1593181,34.93143,5.2440286e-05,11.58773,2.258825,1.5757544,53.592506,1.1875046,0.01803659,0.001782411,0.18476193,1.5198689,0.0106588835,0.066812105,0.009728353
1.8193822,0.00022335377,1.9764646,0.06136537,9.971365,0.9139839,29.837652,4.2082207e-05,10.744468,1.5777994,0.5876501,36.29203,0.6368973,0.017374493,0.0014555501,0.12356471,1.0365758,0.009557643,0.06267528,0.0092372475
1.1272132,0.00015995519,2.2103739,0.05306927,9.922298,1.0003898,38.969482,3.9019225e-05,11.027132,2.0213766,0.8254312,49.48827,1.020518,0.011019818,0.001392429,0.10844665,1.0034852,0.010265121,0.070899114,0.008928001
1.7300047,0.00019698254,1.8651501,0.057964556,10.936898,0.92781204,41.9165,4.698379e-05,15.942218,1.6126043,3.0004265,28.256126,0.79607075,0.01275879,0.0012963658,0.14007638,1.0504636,0.00960495,0.072628595,0.010348924
1.1042253,0.00015276232,1.6632334,0.044854667,8.873041,0.92163295,34.366924,3.7160975e-05,12.098871,1.584765,3.2850003,28.47738,0.71423703,0.008513846,0.0013100018,0.09305157,0.78247726,0.008768443,0.06326302,0.0074284617
1.411011,0.0001941768,2.0759988,0.05440456,10.456209,1.0269961,39.900806,4.58242e-05,12.850174,1.8365297,3.3811948,33.733315,0.97483146,0.012587917,0.0013928557,0.1230048,1.2160523,0.008859588,0.069249354,0.0081949355
1.2553327,0.00020678462,2.7319715,0.056447558,12.232779,1.2118522,50.565136,4.3000073e-05,13.131158,2.4258635,0.9250927,74.518555,1.1620182,0.016186375,0.0015704923,0.13647687,1.4136823,0.01154933,0.07383661,0.009652309
1.1462709,0.00017370757,2.0222278,0.05188324,8.568775,0.9955304,30.813684,3.7120873e-05,12.620276,1.8098412,3.9702706,36.21195,0.7722244,0.013244028,0.0011747336,0.09987751,1.090883,0.009334103,0.056559008,0.007571433
1.2171983,0.00016884688,1.666536,0.0503142,9.814824,0.99588346,40.811638,3.995037e-05,13.633441,1.652592,5.80523,27.474802,0.84174454,0.010556961,0.00092630356,0.10695056,0.80403686,0.009609518,0.08529714,0.0093928315
1.0749696,0.00015174023,1.7820641,0.04127748,8.763023,0.93484426,35.177456,3.5049765e-05,13.809906,1.7605178,4.4388943,27.87493,0.8100003,0.007982499,0.0010007633,0.104019254,0.903894,0.010189286,0.06806511,0.008317016
1.356821,0.0001500717,1.6307634,0.043809656,9.101022,0.8763082,37.342216,3.5809935e-05,14.136668,1.599194,4.1512256,27.608162,0.7061323,0.0080213295,0.0012087527,0.08786935,0.9276074,0.008390051,0.062077854,0.0075968243
0.99963105,0.00021223968,2.3790092,0.06684108,10.599607,1.2515805,39.34976,4.3747106e-05,21.719301,2.3292634,1.7657568,45.491436,1.1957994,0.013778607,0.0015180856,0.11097932,1.058823,0.01138123,0.088748045,0.010029886
1.1919031,0.0001604343,1.6721793,0.052645527,9.642283,0.9385079,40.411045,3.746966e-05,13.856538,1.5518287,5.6627064,26.06814,0.74800223,0.011455874,0.0009872462,0.11304709,0.73162735,0.010656282,0.08493303,0.009721271
1.3312336,0.00015796802,1.6065818,0.042176045,9.669424,0.92553467,41.739826,3.5181245e-05,13.181921,1.6915115,5.0963182,26.300104,0.80264646,0.0086544445,0.0009406039,0.102699354,0.7597045,0.009208693,0.07233008,0.009049658
0.94175935,0.00019830704,2.456217,0.05719268,9.9527645,1.3657349,35.45921,4.5533874e-05,20.681437,2.5995038,2.193073,43.716984,1.1420188,0.012608813,0.001566399,0.11953876,1.0504205,0.0111827515,0.084664114,0.010096575
1.2118721,0.00020039483,2.5587885,0.070163764,8.077989,1.2719233,23.231716,4.579611e-05,17.786901,2.233423,3.3176055,50.01218,0.9742983,0.01423358,0.0014964726,0.11958346,1.1740912,0.010325549,0.07442064,0.009319681
0.81900287,0.00020111422,2.1874585,0.054066442,7.53671,1.0733954,26.311754,3.7290072e-05,17.884563,2.2415,1.7107143,31.72097,1.07071,0.012025775,0.0014243351,0.09753813,1.1133069,0.008816228,0.07003819,0.007495211
1.3730992,0.0001633022,1.6632931,0.057859022,10.016434,0.87923664,35.40486,3.893754e-05,14.73574,1.6011548,3.609271,28.532234,0.816315,0.010923984,0.0012738133,0.10293893,0.94234544,0.009609577,0.06100113,0.008433997
1.5205134,0.0001901349,1.8389596,0.060504127,9.876529,0.94784176,39.96893,4.544627e-05,11.371172,1.6843697,5.281671,31.828777,0.84864026,0.013685813,0.0011170028,0.12128235,0.946322,0.010235777,0.08463981,0.009940834
1.1059986,0.00020040206,2.3400252,0.08478591,8.94811,1.0847604,29.114555,4.086635e-05,20.515451,2.0088172,2.028899,47.846767,1.1846294,0.014170742,0.0017368791,0.09317768,1.3601706,0.010083671,0.055338524,0.008106476
0.7343523,0.00021546998,2.288416,0.061557032,7.35759,1.1231791,23.632559,4.1333034e-05,15.3514385,2.1890244,4.055016,32.769245,0.99775636,0.013088445,0.0016087074,0.09160615,1.166379,0.00877318,0.07242145,0.007339724
1.3606877,0.00022182341,1.5940056,0.07121688,12.358922,1.0097182,52.677063,4.2248073e-05,18.072369,1.8225498,1.8187497,43.57315,0.79916257,0.015407756,0.0014111217,0.08971788,1.0403477,0.008891393,0.06952641,0.007952892
1.1873207,0.00015971495,1.6590841,0.053216256,9.761855,1.0059295,38.85025,3.7355716e-05,11.97519,1.6656175,5.2909956,26.109648,0.8668882,0.01054557,0.0010605004,0.09824119,0.6905842,0.00937942,0.07808858,0.009601054
1.5982896,0.00025206726,2.4988742,0.08955098,11.216039,1.0184497,48.123425,5.5798882e-05,12.247715,2.040273,4.8646874,41.518387,1.0288502,0.018089687,0.0016230583,0.16642646,1.3047519,0.010645454,0.07654136,0.010225491
0.8581337,0.00018264366,2.882252,0.0533398,8.923265,1.4302326,33.156223,4.400457e-05,17.64016,2.7943833,2.7534575,48.802387,1.240245,0.013390809,0.0014183255,0.117924266,1.189724,0.011485095,0.09061838,0.008607274
0.8550437,0.00017997452,2.1401632,0.08562262,7.750277,0.99178624,21.94267,3.935325e-05,18.197666,2.0057318,3.8421288,47.77765,1.0996466,0.011254607,0.0013550064,0.084590465,1.1770296,0.009485426,0.06265649,0.00782229
1.5702978,0.00019181188,1.8838223,0.055677015,8.982678,0.841246,36.493782,4.3488963e-05,8.99337,1.6034533,5.1752877,31.409313,0.801907,0.012626499,0.001086087,0.12063259,0.9539438,0.009730789,0.07166978,0.009072446
0.83172977,0.00017128461,2.3067708,0.053975854,7.6736903,1.2790502,26.2793,3.8208276e-05,18.741077,2.3140657,2.8738253,37.63923,1.1391196,0.0075530717,0.0013049756,0.08996093,1.120883,0.008778099,0.08435477,0.0073393066
1.2890234,0.00024358525,2.6738675,0.08027422,8.563515,1.1287872,29.24755,5.1692998e-05,10.4707575,1.9415724,3.1369362,52.868237,1.0088124,0.019450907,0.001482776,0.16474012,1.4393493,0.011004102,0.08359332,0.009836248
1.3053058,0.00018712891,2.1444252,0.05550265,8.594295,1.0630928,34.286144,4.2248404e-05,9.171675,1.7747766,5.254385,38.973125,0.76855046,0.014422731,0.0012053156,0.13830584,0.83696264,0.01024667,0.08731905,0.010530633
1.1692448,0.00018505442,2.437665,0.05794489,9.568039,1.317223,35.580624,4.4990393e-05,10.311292,2.1616244,4.4284654,46.132687,0.9529256,0.01475091,0.0015569902,0.13463576,0.8820162,0.011321842,0.09398844,0.011347907
1.3851304,0.0002523819,2.6854377,0.12544367,8.501647,1.0776987,33.2419,5.22847e-05,12.273878,1.9369617,4.63973,45.95948,1.0008048,0.018595291,0.0015269365,0.1305196,1.3561121,0.012434083,0.08572267,0.01127522
1.7582736,0.00020249069,1.9534081,0.05917263,10.471159,0.8529145,39.907043,4.4264292e-05,21.266233,1.7209085,4.7056947,34.550835,0.84933937,0.013178951,0.001378268,0.13285562,1.1319443,0.0110597685,0.07099244,0.009421466
0.9231344,0.00016263622,2.7512524,0.053436104,8.256376,1.5350976,31.53345,4.3030224e-05,15.011778,2.9433498,3.0011969,49.66722,1.3406843,0.014070247,0.0014054739,0.13856804,1.0530107,0.011282896,0.11559313,0.010416156
1.2006993,0.00017215562,2.3200178,0.05736743,9.047122,1.3066138,33.618473,4.0736137e-05,10.736892,1.8194156,2.805669,43.38046,0.8046547,0.015633281,0.0011982056,0.13399822,0.87574023,0.012578015,0.097686686,0.012688831
1.2592914,0.0002102989,2.122113,0.06762823,11.034564,1.2579479,45.905827,4.7154943e-05,14.18094,2.0638213,2.8810337,47.577137,0.94861853,0.015588686,0.0014202909,0.11699124,0.93667406,0.012187715,0.08872842,0.01090708
1.3153198,0.00021565333,2.6044848,0.07665045,8.736564,1.1418706,29.037203,4.821945e-05,11.270377,1.9807565,4.6780453,39.56258,0.9986279,0.01640313,0.0013364387,0.13396882,1.3120735,0.010925143,0.073773205,0.009823906
1.0769572,0.00020675492,2.3128924,0.06538713,10.082887,1.205408,32.270496,4.257178e-05,17.867891,2.1298826,4.0013304,36.174618,1.0751051,0.011916928,0.0015059692,0.11680547,1.210214,0.009843688,0.07151961,0.007572254
0.9960258,0.00019383495,2.784924,0.06736223,8.915652,1.5396636,33.369583,4.495066e-05,17.023191,2.6007614,3.4892437,53.38666,1.1611623,0.01678923,0.001433687,0.13745715,1.1256473,0.0123533085,0.10823663,0.010710174
1.3054159,0.00021803348,2.2660935,0.067077,9.184659,1.0493413,34.016754,4.4735854e-05,10.299011,1.7543311,5.336207,40.46106,0.8242563,0.0147858,0.0013117106,0.12466073,1.0167004,0.010495354,0.07572423,0.00883954
0.952319,0.000195141,2.5643148,0.054384235,8.19756,1.3618532,25.776943,4.1839918e-05,21.167055,2.4970284,3.281239,39.601784,1.2591383,0.014523687,0.0016815678,0.113776706,1.1686292,0.010989976,0.0902378,0.009498648
0.9169423,0.00022944881,3.2881145,0.0659236,8.769143,1.4613119,29.819866,4.48382e-05,20.97402,2.7889519,2.9714777,65.36555,1.3333157,0.013697179,0.0016021191,0.12503351,1.3425342,0.0109923035,0.07866287,0.007681786
1.2286307,0.0003371965,3.1806433,0.112304725,11.102994,1.4012804,41.61305,6.273466e-05,31.225927,2.8218477,4.667885,63.90214,1.5224181,0.020199789,0.0016900509,0.19290152,1.6297218,0.013661743,0.10676254,0.011929421
0.92721486,0.0002057736,3.2364168,0.05672321,7.9523163,1.4244527,27.242435,4.3776083e-05,9.505797,2.2365625,4.187931,59.556087,1.1643606,0.01589813,0.0014434905,0.13039753,1.2938086,0.010052245,0.0856459,0.009212264
0.9324571,0.00024537693,2.5624642,0.08585084,9.109711,1.3393925,28.513926,4.8440364e-05,19.608896,2.311899,4.734174,43.987873,0.99048936,0.015577167,0.0014089245,0.11630734,1.0961932,0.008792683,0.08503937,0.008681348
1.0117589,0.0002229289,2.6668167,0.054124936,9.426446,1.2745892,34.953197,4.059428e-05,14.825952,2.3364289,3.0106468,50.102806,1.229381,0.013937342,0.0015606,0.11061623,1.1915184,0.010998058,0.07772618,0.008272686
1.0897291,0.00024092759,2.7629216,0.074779265,8.6527815,1.3317753,23.663656,4.760109e-05,16.914917,2.4188607,3.7440958,48.8127,1.2090927,0.014993513,0.0013578496,0.13124034,1.3589603,0.009787241,0.079959385,0.008689945
1.5030336,0.00018642713,1.5071706,0.037778266,10.452308,0.9308103,38.638992,4.1129024e-05,15.977865,1.7542685,2.5860662,23.468649,0.8498498,0.008776957,0.0012168377,0.10069422,0.9009472,0.008612353,0.06772973,0.008424636
1.3096724,0.0003443906,3.1091292,0.094919056,10.673801,1.4556023,41.661816,5.8656122e-05,20.147522,2.7498667,4.543489,55.949936,1.4781494,0.02086962,0.001790734,0.17595054,1.3728666,0.013277353,0.09054547,0.011978331
1.5546834,0.00020638978,1.8830132,0.05586345,9.941935,0.9426451,36.50112,4.3945845e-05,15.0566025,1.7235267,4.7204113,27.661777,0.78852826,0.011015865,0.0011492195,0.11282777,1.0075451,0.010385075,0.078560576,0.009718965
0.7912763,0.00020908251,2.6864429,0.07196571,7.3184094,1.288239,21.04658,4.423818e-05,19.466696,2.4907045,2.978716,48.569965,1.2178426,0.014228611,0.001462552,0.104237966,1.3420172,0.011055314,0.06857407,0.008272447
0.94943327,0.00015985763,2.131369,0.04921089,6.701278,1.0436922,14.351946,3.2972235e-05,10.097802,2.042874,2.160079,32.67692,1.0050734,0.011207028,0.001372826,0.07167931,1.1048386,0.009976625,0.07043337,0.007506903
0.71361274,0.0002229414,2.508113,0.07865262,9.060193,1.1109253,25.511341,4.3356013e-05,14.912012,2.4967248,4.108594,43.644394,1.2648227,0.011840199,0.0016902335,0.10740493,1.2295309,0.008985826,0.06757131,0.00683823
0.92821324,0.00022552523,3.6726272,0.06449816,8.432229,1.64574,27.594107,4.610895e-05,23.252378,3.0715897,3.52771,76.40644,1.4346228,0.018000787,0.0017900598,0.13172054,1.4250764,0.010212812,0.07658883,0.008351006
0.8261953,0.00023441286,3.221044,0.055388622,7.4475183,1.3156699,19.10153,4.217368e-05,16.755657,2.680585,1.5320771,48.49707,1.3584194,0.0155230425,0.0015886383,0.119902246,1.5335491,0.0099578705,0.066747755,0.008191297
0.873209,0.00017064103,2.2549937,0.049293775,7.8971715,1.2147342,24.839327,3.7357993e-05,13.917393,2.200544,4.131518,40.97983,0.9935427,0.008775936,0.0013087927,0.0964903,1.0983442,0.009379767,0.07766465,0.0076481095
1.4690559,0.00029710055,3.7819226,0.083481,11.761249,1.5379957,50.93191,6.401187e-05,16.78405,2.953169,2.6784546,77.30395,1.509987,0.020329475,0.0019727554,0.18107772,1.8618032,0.011431622,0.090141006,0.010335913
1.3161443,0.00024714466,2.4727204,0.06015088,8.875759,1.2880923,29.081419,5.0466708e-05,15.188127,1.9918008,3.8955314,40.13063,0.9772386,0.015548176,0.0014826355,0.14974354,1.0201676,0.011589008,0.09765703,0.01038033
0.7277832,0.00023533842,2.8162065,0.07209318,6.7055187,1.1859967,16.600574,4.3655968e-05,22.392399,2.645153,2.589995,45.841183,1.3153785,0.0148594715,0.0016272181,0.09864325,1.4296631,0.010078422,0.067149736,0.007368652
1.4842093,0.0002793551,3.5145733,0.07463097,9.434364,1.5075269,44.836113,5.5248533e-05,8.796796,2.9704537,3.6338682,71.09935,1.3315138,0.017824817,0.0013835139,0.16967502,1.7380168,0.01258781,0.08544728,0.012435652
1.0614876,0.00019441085,3.2438993,0.05460703,4.7406898,1.2650567,22.915792,4.0525334e-05,14.661445,2.2363575,4.566902,64.70709,1.003763,0.012311363,0.001542986,0.112854384,1.4717175,0.015002837,0.081757374,0.009261525
1.1235112,0.00018077467,3.4281595,0.051852483,4.9152203,1.3713663,24.272537,4.39239e-05,13.90635,2.3870685,2.4914546,69.74155,1.0117295,0.015016342,0.0016278906,0.11380265,1.9083501,0.0139490785,0.074707314,0.008982058
1.3807476,0.00032773367,4.475054,0.07753399,8.37632,1.9034731,38.379623,6.376205e-05,8.369375,3.8788772,3.6160815,83.75667,1.7794584,0.018181229,0.0016376375,0.18664102,2.2444026,0.012397367,0.10166195,0.011872465
1.2219789,0.00024665563,3.2670295,0.083674096,6.3078995,1.2473085,26.438257,5.0174483e-05,8.495994,2.2327473,6.3571405,63.80868,1.0490224,0.016774157,0.0016566617,0.13928418,1.2766664,0.011243053,0.081297986,0.009843112
1.0732278,0.00023551464,2.4410696,0.08462683,4.98649,1.1123791,30.861454,4.338647e-05,26.896885,2.1544406,3.4439313,45.44128,0.9993602,0.013435265,0.0013191988,0.116188556,1.316451,0.013752216,0.084450655,0.009215523
1.2740049,0.00022845485,3.0025191,0.074445724,7.7397385,1.3475876,34.197903,5.1041192e-05,14.418674,2.3835344,3.208571,57.404823,1.1531897,0.015903944,0.001681684,0.15396021,1.5448272,0.0133576505,0.08499641,0.010798811
1.327354,0.0002521155,2.7351556,0.0825744,8.447023,1.0677755,32.98437,4.8826372e-05,14.757193,2.0244467,2.8969488,52.057507,0.9736113,0.019216467,0.0011950526,0.16499686,1.3130573,0.012653201,0.089573264,0.011393214
1.393844,0.00020520866,2.7897515,0.066582866,7.76248,1.2654117,28.576221,4.8708007e-05,13.378259,2.3104825,3.0211189,53.29844,1.2548267,0.013017648,0.001504779,0.14870673,1.393415,0.0114779165,0.083017975,0.0112896655
1.5048008,0.000215996,2.2068782,0.08806343,6.917737,0.9585623,37.602173,4.6139507e-05,18.664505,1.6259214,3.67275,39.95756,0.72865283,0.014000404,0.000990164,0.13768308,1.0720022,0.013598261,0.09237635,0.010374761
1.4852825,0.00019877481,2.3909283,0.06454218,9.038237,1.0245762,33.076675,4.70007e-05,11.933516,2.0200527,4.4898043,39.523846,0.96100295,0.0167227,0.0014202086,0.13858826,1.3935798,0.011507122,0.07207884,0.0097790705
1.1292644,0.00019662005,2.357063,0.06375715,6.6649313,1.0088894,27.84776,4.0259667e-05,13.556758,1.8642609,2.6889074,43.54803,0.88164884,0.010682224,0.0011951963,0.11549295,1.15117,0.008855097,0.068175346,0.007270685
1.2058921,0.0001778602,2.3277655,0.053634528,6.7296934,1.0743418,27.16705,3.6910515e-05,13.237645,1.77445,3.1862857,41.45849,0.74983585,0.0086521115,0.0011682102,0.100924715,1.0791231,0.0078556845,0.05963254,0.006943313
1.1179256,0.00019739555,2.6367965,0.0615819,7.1815705,1.1115323,21.110647,3.9498245e-05,13.753869,2.0591245,3.0344307,50.75387,0.8419081,0.013192817,0.0011818418,0.103084214,1.3023772,0.011577187,0.069538034,0.008864315
1.098367,0.00018198138,2.4420161,0.05633959,6.4134474,1.1171176,21.130075,3.6792393e-05,12.172645,2.0213537,3.2704089,49.453262,0.8181702,0.012946333,0.0013150625,0.09034862,1.2046039,0.011536074,0.076003656,0.008209728
1.219311,0.00024365027,2.582802,0.06122238,6.523634,1.08223,28.580769,4.44881e-05,13.702211,1.9398385,5.0326753,52.316452,1.0110973,0.016578462,0.0012466627,0.14319329,1.3495238,0.013503174,0.08999205,0.010385507
1.0851585,0.0002201879,3.0701854,0.0638059,3.3767252,1.295785,15.89066,3.97437e-05,17.818045,2.599556,3.3125083,61.058212,1.1940222,0.011043182,0.0014222284,0.07979159,1.4892191,0.010802105,0.08803272,0.0072792973
1.1490117,0.00022476813,2.8172274,0.06277904,5.716087,1.2910675,26.395437,4.9233306e-05,19.601437,2.5719638,3.5405545,62.641415,1.1975658,0.01706962,0.0015617548,0.13361429,1.5741066,0.011214339,0.07378436,0.007592547
1.1521713,0.00024784822,3.434297,0.056927767,6.272583,1.3179408,24.571154,4.7857404e-05,11.100125,2.6152606,3.5552275,59.734493,1.264793,0.016100999,0.0013958443,0.13202073,1.7839693,0.009549489,0.07314209,0.0073049353
1.2194041,0.00023867519,3.0588825,0.065848045,5.070362,1.175862,24.50369,4.3323016e-05,13.226793,2.1420953,4.923093,54.96027,0.99676806,0.015499161,0.0012815166,0.11231903,1.499241,0.015068417,0.08220203,0.009639723
1.1066012,0.00022519131,2.8987994,0.06350368,6.7565317,1.3983543,28.48986,4.795337e-05,19.693419,2.6858234,3.4879458,56.37399,1.144667,0.014706119,0.001566495,0.121877216,1.2040933,0.011205035,0.08238118,0.00933837
1.29411,0.00020403694,2.9547083,0.087226994,8.105298,1.3680449,36.694267,5.0760256e-05,13.0393505,2.3403332,3.4411573,54.942135,1.0771081,0.01796907,0.0014436232,0.14933316,1.2792271,0.014477054,0.098510385,0.012102633
2.0437279,0.00028257343,2.1816194,0.09012504,10.362284,0.95969003,49.599224,5.7190526e-05,13.981912,1.7181823,3.4801476,35.635395,0.92721,0.018114615,0.0014172472,0.15932722,1.1709602,0.010472171,0.080244586,0.010806472
1.1529814,0.00024652082,2.7214675,0.1209167,7.18191,1.218024,36.48798,5.3530664e-05,23.059284,2.3063226,3.5510209,52.39444,1.1285601,0.016673785,0.001705185,0.15940036,1.5676881,0.017473293,0.10224874,0.012300191
1.5440083,0.0002545954,2.940597,0.082123406,9.476407,1.1539893,36.372368,5.3386415e-05,10.273172,2.010608,1.929763,55.176956,0.9303314,0.021533279,0.0014088937,0.1508785,1.4449173,0.010332567,0.073608965,0.010342579
1.2902217,0.00029197865,4.1655407,0.07420824,7.9730844,1.6260048,39.407116,5.594251e-05,10.78687,3.4595952,2.6602821,82.654915,1.7606359,0.017800024,0.0017975515,0.16976967,2.151658,0.01167254,0.103714265,0.01022916
0.897435,0.00018958845,2.2158048,0.07498575,4.5790668,0.9727021,27.097296,3.90133e-05,24.107351,1.9236399,3.6345747,39.473785,0.9973118,0.012096785,0.0013581159,0.08185675,1.168276,0.00978773,0.076194935,0.0067537096
1.0958554,0.00024921188,2.3834906,0.06167267,6.830665,1.1965408,29.449726,4.3204134e-05,17.065245,1.9845352,3.4161801,47.27652,0.8796072,0.010674443,0.0012976797,0.11326102,1.1113801,0.01027051,0.07858642,0.008481005
1.2851423,0.00023556207,2.9814243,0.0778017,7.4944863,1.1500418,34.77189,4.8814232e-05,14.788328,2.1169903,3.3692837,56.016434,1.0066001,0.017160837,0.0014248587,0.14713658,1.5303007,0.012094303,0.08932752,0.009382082
1.3433343,0.00020095221,3.06958,0.09529523,7.934697,1.1254687,35.61343,4.7207803e-05,13.993491,1.8356687,2.2632794,57.54536,0.867395,0.020483641,0.0014926444,0.15960672,1.4977864,0.013887677,0.08883748,0.011660357
0.9540258,0.00016699507,2.4561462,0.0493342,7.1220136,1.1137401,22.097456,3.7785176e-05,12.554917,2.228018,2.7378983,42.42856,1.000108,0.010977551,0.0012123979,0.09465543,1.1652671,0.009536216,0.076729454,0.007790896
0.9209179,0.00020130523,2.6351998,0.054562517,5.7537084,1.196305,19.901072,3.9471706e-05,14.859282,2.3382425,3.471448,51.00018,1.0795107,0.011742617,0.0013223252,0.084859855,1.2711271,0.009819445,0.07880637,0.006928353
0.989416,0.0001937885,2.8142116,0.058552135,6.0621595,1.0980562,18.780626,3.9123795e-05,12.08377,2.1479907,3.0373528,53.1522,0.9923837,0.0123791415,0.0011924562,0.09768073,1.2480536,0.010438065,0.08060151,0.007633964
1.2727904,0.00023511142,2.4033744,0.076641455,7.023062,1.0442964,30.852468,4.3140546e-05,12.052158,1.7689521,2.831693,54.763584,0.8157091,0.017390797,0.0014791749,0.108279936,1.1936665,0.010328151,0.066693544,0.008966977
1.2319605,0.0002042251,2.9397762,0.07085874,7.178391,1.0725074,29.92288,4.3510787e-05,10.620733,1.7422498,2.5890367,57.67774,0.81926906,0.01543876,0.0011696861,0.12490779,1.2584323,0.010309755,0.08766809,0.008904942
1.2315533,0.00020430202,2.4724948,0.07188854,5.7018003,0.98660016,24.897324,4.334462e-05,13.9499655,1.7545184,3.312536,59.861275,0.8062338,0.01716294,0.0014541841,0.11643975,1.3749652,0.011784942,0.068929136,0.008585251
1.2214471,0.00026395055,3.3616827,0.12819512,7.1685133,1.2678219,34.84312,5.50182e-05,17.213177,2.24341,2.7085872,68.71844,1.0876279,0.019282063,0.0016506991,0.14906922,1.5579878,0.014040767,0.09819676,0.012334099
1.3938366,0.000250309,2.814049,0.09622726,7.244121,1.0961747,32.885628,4.6546855e-05,16.601135,2.0089967,2.6792753,55.318027,0.96008015,0.016902255,0.00132168,0.14317468,1.34865,0.012672239,0.08664935,0.012063082
1.2323374,0.0002519318,2.4733531,0.08424699,6.327534,1.0852115,32.252167,4.5239707e-05,21.965443,2.0108547,3.8992808,47.390205,0.89722973,0.014275447,0.0012010841,0.15583688,1.3488965,0.01360816,0.08151688,0.009704402
1.1628194,0.00012430736,1.9850377,0.022478642,7.2631807,1.0440829,24.893621,3.0457124e-05,9.338488,1.8048724,2.0656734,32.397408,0.79023963,0.008963223,0.001005359,0.07403562,0.8522093,0.007375687,0.07148533,0.0063261096
1.088408,0.00013814747,1.6307844,0.029152833,6.8749747,1.014545,19.405891,3.059981e-05,9.610705,1.7606736,1.6373891,27.104155,0.7269842,0.007148403,0.00089619705,0.056123253,0.7629867,0.008092236,0.06773742,0.00652001
1.0425764,0.00012796295,1.6258445,0.04120263,6.4545546,0.9199328,22.329983,3.3246488e-05,10.671001,1.5774516,1.9089923,29.19345,0.6740492,0.006773518,0.0008962379,0.06429373,0.74345326,0.008455123,0.08054152,0.0066146543
1.0691632,0.00014682201,2.1706753,0.024697274,6.588168,1.0898597,20.28753,3.4225177e-05,9.073732,1.951122,2.8199053,33.12341,0.7780035,0.00814633,0.0009450593,0.07969527,0.96576554,0.0086162295,0.07332374,0.006646304
1.1821325,0.0002587894,3.1439571,0.07708071,5.3635206,1.210113,22.494585,4.802419e-05,12.668213,2.0727317,3.2804317,61.408077,0.87743485,0.025745934,0.0015516977,0.10987556,1.6057115,0.015496135,0.08452054,0.010297374
1.071082,0.00020364064,2.8230908,0.06132284,5.859957,1.1756563,23.164862,4.342981e-05,13.059156,2.16737,4.6353455,55.000664,0.9041223,0.014806427,0.0014745736,0.113316216,1.2254078,0.011421172,0.08762698,0.009330254
1.0841593,0.00020644502,2.9241173,0.050484333,5.150597,1.2942463,22.865707,4.572396e-05,19.166477,2.4345508,3.597989,66.288704,1.0725085,0.014941748,0.0014944505,0.11158453,1.5274957,0.010875751,0.07660799,0.007408801
1.1298654,0.00021836768,3.1078918,0.047604743,4.8686366,1.2076725,21.47281,4.3889333e-05,17.86389,2.5217438,3.8520274,65.68545,1.1496516,0.017310532,0.0014937615,0.1086218,1.686176,0.010466068,0.076211095,0.007756256
1.1258756,0.00021193262,3.1263316,0.049558025,4.4013104,1.256291,18.590284,4.3501754e-05,17.09102,2.4416661,3.549216,67.00921,1.1534746,0.014145197,0.0014711875,0.101364,1.6290895,0.01038176,0.074163824,0.006956285
1.0523107,0.00022155933,3.3644636,0.056460556,3.2022507,1.415399,11.02923,4.009211e-05,18.741587,2.6472216,3.194815,68.95374,1.1355006,0.011225093,0.0012142844,0.0681157,1.5361886,0.01052024,0.08123344,0.006926882
1.0278587,0.0002967121,3.228566,0.08910308,6.297076,1.4421659,28.147722,4.912834e-05,16.94574,2.9173274,3.0930002,62.37985,1.2601694,0.017686188,0.0016058618,0.12121083,1.3619598,0.010113266,0.077568606,0.008562205
1.1890382,0.00022956257,3.1395206,0.05769003,5.1961675,1.2008508,25.067625,4.303315e-05,13.065736,2.235532,4.2930655,56.303642,1.1255059,0.015570522,0.0014433989,0.11161385,1.6014495,0.014766051,0.08171869,0.009450182
0.9793641,0.00022726953,3.25794,0.060054332,4.474193,1.2048815,17.884281,4.1785588e-05,19.303728,2.6246228,3.2799857,66.30113,1.1442615,0.014852981,0.0015237891,0.09936427,1.5634677,0.010513747,0.07822312,0.0078208195
1.2927843,0.00023346658,2.577468,0.11597702,7.1453185,1.0542104,32.80116,4.770359e-05,14.14201,1.9844099,3.521245,49.818005,1.0068202,0.015376541,0.0013328464,0.15271905,1.3377672,0.012922887,0.07914706,0.011140131
1.2468708,0.0001712082,2.5644612,0.0657392,6.776588,1.0243613,28.228127,3.9410093e-05,14.5124445,1.9777738,3.7903926,46.42685,0.91291916,0.012717989,0.0012264259,0.13125218,1.290985,0.012012032,0.08140849,0.009806419
1.2684697,0.00017804124,2.322995,0.06292983,8.852051,1.0599546,30.846464,4.080953e-05,13.683743,1.7740084,3.9001503,40.63675,0.9467271,0.013537458,0.0010493444,0.14124131,1.2785774,0.012488315,0.08635485,0.009523077
1.2126666,0.00022264778,3.0802648,0.073771305,7.7706084,1.1692984,29.719398,4.9259128e-05,9.962644,2.2290654,2.3679693,55.66903,1.1129502,0.019616375,0.0015321289,0.162561,1.556398,0.013555067,0.088179216,0.0108635165
1.3223245,0.00024148998,3.2321136,0.07939466,7.629052,1.2407203,33.488243,5.3128628e-05,11.480221,2.6397834,2.402568,63.440933,1.2939929,0.020554105,0.0018138975,0.15681818,1.8070985,0.011466301,0.08787926,0.00854703
1.3085711,0.0002161909,2.9538329,0.081346236,7.344139,1.1180954,28.071354,4.287539e-05,10.303037,2.09678,4.6800485,51.07839,0.9983626,0.01631452,0.0014772163,0.1298875,1.2614633,0.011950148,0.08754728,0.00959558
1.440399,0.0002678172,2.732783,0.14393093,8.3485565,1.1138608,36.64686,5.5644592e-05,11.399813,2.0487847,3.3368175,43.95729,0.944488,0.020741995,0.0016105958,0.15507789,1.3861109,0.014655785,0.09315101,0.012385733
1.2724198,0.0002583008,2.8153772,0.12208489,5.7923155,1.1497047,29.957592,4.8545244e-05,15.886189,2.2859313,3.2690878,52.124393,1.0722345,0.018664232,0.0014806606,0.14877681,1.530244,0.01730905,0.089792825,0.011724769
1.7847254,0.00025640667,2.371162,0.12831213,9.154684,0.9857498,44.431503,5.2139552e-05,13.894512,1.9253414,3.197928,44.52141,0.87017286,0.01786337,0.0015964815,0.15080805,1.2110165,0.011644311,0.08747932,0.01121146
1.792341,0.00027335613,2.5250323,0.12850134,8.444067,1.0396987,43.025047,5.383703e-05,14.145473,1.8928659,3.1890824,45.365993,0.891233,0.014398608,0.0013636786,0.15714051,1.3016025,0.0122162,0.088658586,0.0108685875
1.6510787,0.00023915975,2.5250041,0.10526443,7.2953725,1.0826612,42.224613,5.3024294e-05,19.345888,1.9691995,3.4591146,45.485283,0.989958,0.01645971,0.0016390202,0.17105134,1.5066475,0.016196284,0.0870406,0.012311678
1.2225025,0.00017892949,2.03797,0.051829442,8.063073,0.99171174,32.37056,3.9316044e-05,12.761592,1.7945774,2.6851275,33.70002,0.9015349,0.009226592,0.001120909,0.09601534,1.0319014,0.008219754,0.065444194,0.0076286667
1.2249937,0.00011268337,1.7683096,0.017060908,7.042554,1.0246513,22.050346,2.9785528e-05,8.720209,1.7712774,2.6008592,28.260931,0.7650981,0.008028052,0.0009838311,0.063874416,0.8199081,0.0070120017,0.07017357,0.0065517738
1.2700837,0.00028634226,4.109987,0.07257095,7.9174967,1.583144,39.70921,5.460652e-05,10.962471,3.3946383,2.6537726,81.0983,1.7765031,0.01736149,0.0018333977,0.16656998,2.1638885,0.01133954,0.09953393,0.009721695
1.412199,0.0002557761,3.1686676,0.07154073,7.2837415,1.2451015,33.161743,4.8976617e-05,10.796808,2.2631805,2.87931,63.380276,0.9780471,0.015795639,0.0011456262,0.1285885,1.3775874,0.010384712,0.07117371,0.008931261
1.1098138,0.00022672363,3.162041,0.05572038,7.127695,1.2196289,27.415178,4.441664e-05,9.649935,2.0851083,2.9874492,62.195835,1.0781795,0.017544085,0.0014246971,0.13851768,1.4852226,0.010187672,0.07036975,0.008035449
1.0395007,0.00014946434,1.7725252,0.045449745,6.458162,0.8969057,23.648767,3.3862096e-05,13.557814,1.5543237,2.5296128,26.536306,0.78889954,0.00424725,0.0009664745,0.076361336,0.8419267,0.008857469,0.062602386,0.0066760727
1.0666835,0.00017080035,2.1240683,0.058015883,4.6951394,1.0584033,26.022703,3.412896e-05,22.50328,1.9677496,3.5351899,38.17293,0.90721285,0.0068997075,0.0012373673,0.07882733,1.0765499,0.009943838,0.08268143,0.006446482
1.0919112,0.00022888383,2.3377638,0.06252009,6.3238077,1.2579391,27.314936,4.1362247e-05,16.597404,2.2151582,3.99526,45.150856,1.0095483,0.011907199,0.0013575208,0.10726491,1.1597294,0.011493301,0.08205879,0.009549131
1.1818814,0.00023521372,2.634742,0.07386205,6.5252385,1.1871257,28.270363,4.459389e-05,12.505956,1.9786729,4.171964,50.271454,0.8200052,0.015612953,0.0014203549,0.116967976,1.2482865,0.010657073,0.07476915,0.009311015
1.2847226,0.00024202513,2.9277089,0.076934285,7.556114,1.1455003,33.606678,4.8000755e-05,14.933205,2.1616662,3.442541,56.58335,1.0249312,0.017129073,0.0014353562,0.1483525,1.5949022,0.011685996,0.081063755,0.0092590945
0.9392657,0.0002040736,2.6256094,0.054227956,5.6592484,1.1990249,19.704731,3.960252e-05,14.781207,2.316582,3.533467,51.499226,1.0648565,0.011606911,0.0013159084,0.084857605,1.2558202,0.010051094,0.07992791,0.0069800634
1.2190071,0.00022816128,3.2813995,0.076055914,6.1526265,1.2378263,28.930922,4.5992285e-05,11.42381,2.4964914,2.9805887,68.44528,1.1312206,0.01574489,0.001581786,0.121738985,1.5475482,0.012476314,0.08301953,0.01072504
1.2637889,0.0002442089,2.8019142,0.080403626,7.9814725,1.2502272,25.043232,4.9778686e-05,14.9882,2.1219969,2.8610246,56.826588,1.1090004,0.018696161,0.0015782102,0.1449126,1.5325948,0.011813004,0.072428964,0.010916498
1.387573,0.00020198,2.38476,0.056025572,7.3400383,1.0158126,31.11564,4.2955973e-05,15.181597,1.763295,2.8080807,52.15105,0.7991383,0.014947422,0.0015281138,0.100710705,1.350989,0.009441408,0.06861471,0.008612056
1.290692,0.00023735738,2.5690758,0.07708175,6.631257,1.0785023,29.288591,4.2602253e-05,12.970188,1.9925057,3.356524,56.468613,0.9235842,0.016155751,0.0013963097,0.10629141,1.2249897,0.010623912,0.06620403,0.009104016
1.1345941,0.00024244281,3.304553,0.06918225,6.2220273,1.3815603,28.158104,4.588902e-05,11.4504175,2.3969076,3.1834133,72.95317,1.098478,0.014523283,0.0013970523,0.14900343,1.5034128,0.012817984,0.08939139,0.009117588
1.3297604,0.0002025096,2.8681817,0.06735173,6.174151,1.1135802,25.636965,4.5038625e-05,15.033922,2.1294158,3.1231987,60.469296,0.91258585,0.015912572,0.001550748,0.12111992,1.4750239,0.013171975,0.07651128,0.010936618
1.2516896,0.0001881044,2.81694,0.080317,7.4168787,1.378244,28.475588,4.7424783e-05,12.137303,2.2147226,3.3078067,54.772984,0.98171335,0.015856143,0.0012560138,0.13295437,1.4511888,0.013345648,0.07117976,0.010825746
1.1893804,0.00024995118,2.7881246,0.1026727,6.559352,1.1041969,34.184456,4.854343e-05,19.809742,2.1029787,2.8151455,55.067814,0.9932527,0.01642258,0.0013583554,0.14755353,1.4752572,0.014440144,0.09248787,0.010663848
1.1858464,0.00020322973,2.321581,0.07587799,6.185718,1.1725153,27.807337,4.0322804e-05,18.192396,2.1839418,3.492209,45.098167,0.98153716,0.010756041,0.0011280302,0.10650762,1.2608322,0.012875298,0.07186633,0.008912
1.3376731,0.0002432933,2.7543986,0.10135112,6.088868,1.1761345,34.73861,5.081096e-05,18.816666,2.363435,2.8583717,52.755253,1.1005902,0.015677137,0.0014598678,0.15165915,1.5096037,0.0153847365,0.09707406,0.011789265
1.2198762,0.00026343393,3.3500323,0.12797408,7.1727686,1.265061,34.80359,5.487615e-05,17.255373,2.2392771,2.7065942,68.6261,1.0899675,0.019258693,0.001651856,0.14868352,1.5528897,0.01400095,0.097993225,0.012306484
1.4067491,0.00024838612,2.6902509,0.10286416,5.9667206,1.1380447,33.19848,4.7105787e-05,17.882408,2.216332,2.7759686,51.337654,1.0017765,0.015332487,0.0012882897,0.12913133,1.4029473,0.013865756,0.08884556,0.010814999
1.2124574,0.00018422327,2.4629045,0.043905932,8.244068,1.1522839,32.967842,4.3703712e-05,10.795407,1.9591355,2.2970262,43.979282,0.97574246,0.015724495,0.0015476007,0.117610395,1.2230039,0.009271331,0.07169562,0.008553104
1.0865597,0.00014911202,2.0056345,0.033385858,6.6804624,0.94229645,23.879747,3.4782217e-05,9.669842,1.7826774,2.9618156,32.157555,0.8185641,0.005658758,0.0010680859,0.08964251,0.84614235,0.0094180675,0.0766803,0.007038744
1.0686487,0.00015246191,2.1207724,0.028666757,7.1783133,1.0866177,22.724493,3.472108e-05,9.551948,1.8499362,2.696974,33.37446,0.83271503,0.011248243,0.0011572017,0.08192548,1.0233843,0.008117814,0.06938576,0.0067608054
0.94539136,0.00013960575,1.9148943,0.037624426,6.5044785,0.9201344,23.336536,3.577504e-05,11.044677,1.698181,1.7494015,30.559792,0.79637,0.006119993,0.0011228356,0.078068584,0.86404324,0.00902947,0.07653673,0.006821982
1.0715904,0.00016338723,2.5838408,0.05448883,6.571958,1.0829822,20.720915,3.5762383e-05,10.070124,1.9775914,3.2456198,46.767353,0.8520293,0.013431602,0.0010884283,0.08745083,1.1526748,0.00981643,0.06637395,0.0077510593
1.0282423,0.0001752366,2.649129,0.041285485,5.7543797,1.1635755,15.889925,3.670152e-05,9.913984,2.031498,2.905803,47.44233,0.8207993,0.012850421,0.0013931156,0.07397741,1.1411623,0.009762084,0.069779955,0.0071431478
1.0868926,0.00020763492,2.804886,0.056298804,6.1322293,1.1611816,20.977926,4.0061073e-05,13.633316,2.0836225,3.0018125,59.96583,0.8788465,0.014742322,0.0013664558,0.09039471,1.4113255,0.011169876,0.07128911,0.007965284
1.0644228,0.00021037931,2.9065588,0.056677725,6.2147226,1.2140003,17.740767,4.0238083e-05,8.743826,2.2010553,2.9614327,56.88643,0.94534785,0.017947266,0.0014779075,0.085651636,1.2724568,0.00993418,0.072140805,0.008012891
1.0522174,0.00018410645,2.5720212,0.05075178,6.80923,1.130041,19.864395,3.6880956e-05,10.199935,2.1491375,2.74251,46.15778,0.9467927,0.013529968,0.0014402323,0.08925677,1.1114944,0.009707286,0.072363265,0.008214703
1.0581801,0.00022316247,3.2576268,0.05719565,3.1299024,1.264559,11.119136,3.8400063e-05,18.098871,2.4221492,3.2851322,69.24583,0.97954756,0.012788827,0.0012420003,0.06693715,1.5058885,0.010664736,0.08070235,0.00670518
1.0890672,0.00019956012,2.8019753,0.052722853,5.4219646,1.251164,21.542408,4.4947534e-05,17.225739,2.3398974,3.626691,64.67004,1.0698876,0.013335712,0.0014239897,0.103141524,1.4428971,0.010554916,0.076141484,0.007181945
1.0717419,0.00020385286,2.8219688,0.061351005,5.861326,1.1755818,23.176884,4.345308e-05,13.054772,2.1685803,4.637243,55.001846,0.90659076,0.014802674,0.0014754549,0.11337839,1.2263864,0.01142541,0.08759774,0.00932933
1.0976232,0.00019402368,2.9507103,0.04356446,4.9371758,1.1277368,20.585224,3.8273247e-05,11.668206,2.069438,3.2515428,53.963844,0.9425388,0.012240793,0.0013240435,0.08038518,1.3920838,0.010970896,0.07360756,0.007174491
1.1674542,0.00022569562,3.2762213,0.055328835,4.354806,1.1883885,17.440128,4.250144e-05,18.844948,2.4028466,3.5184014,68.48531,0.9911847,0.016367454,0.0013121313,0.09921707,1.6198316,0.010202376,0.07238476,0.0073457956
1.3126926,0.00027413148,4.06174,0.067705214,6.234558,1.1573471,30.793081,5.68439e-05,14.426926,2.6762493,3.210692,81.94102,1.4361644,0.020926261,0.001607441,0.16482763,2.1984117,0.011809065,0.08041041,0.008837049
1.0606757,0.0002029808,2.9695039,0.055443943,3.629324,1.206082,11.367971,3.731751e-05,12.862048,2.224241,3.3491898,60.51706,1.0078716,0.010088634,0.0011909592,0.06671885,1.3420041,0.010787308,0.079538114,0.0070501184
1.2268586,0.0002252333,2.6963582,0.07161105,4.8163533,1.0956185,24.984419,4.2101954e-05,16.40022,2.0407135,4.1671133,50.43562,0.89598846,0.016596602,0.0013904173,0.10866593,1.4694114,0.015456388,0.08883934,0.010083286
1.0341868,0.00024205053,3.4849722,0.06442578,3.1672404,1.5151627,10.813729,4.1169602e-05,18.253944,2.7636802,3.3096979,68.97328,1.2926478,0.012789442,0.0013108705,0.067799084,1.7326298,0.010558991,0.07316455,0.0073518087
1.0722095,0.00021460775,3.2173765,0.045840014,4.338727,1.4876702,17.828312,4.321609e-05,19.319996,2.7629662,2.725834,67.91076,1.1886375,0.016237149,0.0013537931,0.09805265,1.6782129,0.010985073,0.086484924,0.007841207
1.6406091,0.00019870471,1.9940327,0.06715026,9.510877,0.90055317,39.93429,4.4635017e-05,15.869858,1.7141519,4.47562,36.227505,0.83345634,0.011548552,0.0011332534,0.14319687,1.1078043,0.01078049,0.074855536,0.009068143
1.2488518,0.0002409491,3.1768851,0.09435969,6.59574,1.1630292,30.929922,4.764288e-05,11.454416,2.1805532,4.5510225,58.318127,1.1097252,0.01781907,0.0014177093,0.13165566,1.467304,0.013116088,0.08504743,0.011155084
1.3079958,0.00024229886,3.1083264,0.09386558,7.2225866,1.182246,27.663887,4.550131e-05,10.957221,2.2528098,4.489106,51.704,1.0351427,0.017782489,0.0014853342,0.12877668,1.4679413,0.0114284335,0.08493816,0.010454204
1.4149054,0.0002286619,2.4726372,0.090476125,7.5286274,1.0514488,37.698055,4.4481516e-05,11.4015465,2.0350068,2.8417664,46.51498,1.0212293,0.01693204,0.0015904682,0.12996179,1.276187,0.011880332,0.07371955,0.0099324165
1.2199208,0.00020255739,2.0824368,0.06204121,7.4039493,0.94365185,31.156313,3.9302184e-05,15.039324,1.8316246,2.7212121,35.64678,0.9227705,0.009971845,0.0011990519,0.11054995,1.1457151,0.010304104,0.06604514,0.008424814
1.6179876,2.926703e-05,1.5733322,0.07548286,5.470738,0.48145646,19.571629,1.8558243e-05,20.328411,0.7098085,2.4888709,54.727932,0.0070755286,0.0056257555,-0.0006751868,0.05538227,0.33525726,0.014184962,0.10417877,0.009244694
1.5530655,5.2749063e-05,1.6198215,0.06678868,5.8859453,0.58772326,17.035946,2.174215e-05,20.427711,0.8813342,2.0473835,52.846264,0.10805395,0.008042835,-0.00029149742,0.057976365,0.450045,0.015346054,0.10918646,0.009337084
1.6071761,2.6263036e-05,1.5940799,0.07155797,5.5596843,0.48743275,19.624784,1.7567481e-05,19.06276,0.7417028,2.5008755,52.87867,0.03689737,0.0052114883,-0.00060410926,0.051033113,0.35651505,0.013151854,0.09511952,0.008708296
1.3749814,0.00022525608,3.300184,0.06232268,7.861662,1.2485737,33.626404,4.8752423e-05,8.732343,2.5410178,2.1536517,62.59743,1.302771,0.018028317,0.002130838,0.12651795,1.5301467,0.0077632177,0.05923985,0.00940134
1.2350065,0.000356876,4.834764,0.08123805,7.890565,1.4748414,35.684902,6.326303e-05,12.579376,3.060997,3.135524,99.197525,1.4497721,0.023175541,0.0020226107,0.19223377,2.2060816,0.009847579,0.07683582,0.008021059
1.5217588,0.00030589616,4.2809916,0.07844648,8.978149,1.3668592,40.034424,5.9710987e-05,11.571035,2.9758084,2.5876653,93.35023,1.3692491,0.020437203,0.0019794814,0.16894098,1.9280878,0.010507488,0.07220033,0.0094328355
1.1671981,0.0002552739,3.6116195,0.066681,8.221417,1.3038256,39.81475,4.9920913e-05,10.207272,2.9624538,3.3105874,71.45874,1.883582,0.012691873,0.0021996354,0.14927648,1.9314822,0.010472583,0.08648842,0.010120067
1.0895467,0.00034599545,5.2078176,0.0785889,5.48273,1.7831836,30.838825,7.0081056e-05,14.534326,4.4632,1.9075,110.86013,1.9049757,0.021035446,0.0021326502,0.19228375,2.79043,0.013868622,0.103366666,0.010168206
1.4543605,0.00029319082,3.455866,0.07800921,9.085583,1.3817006,40.859726,5.899878e-05,9.284699,2.6169794,2.0033975,65.056816,1.338638,0.022951728,0.002657916,0.15000175,1.6967181,0.006960413,0.07108552,0.009597554
1.4027699,0.00028118063,3.5253506,0.077262826,8.749736,1.2395612,39.805756,5.798986e-05,9.82832,2.6661685,2.2646158,76.30907,1.2537012,0.019882979,0.002001994,0.1572633,1.7640039,0.009538001,0.069317445,0.0081732115
1.1910921,0.00037182163,3.656556,0.07785832,6.9793034,1.9294691,34.511467,6.861399e-05,14.820255,3.5439641,1.8504329,87.78753,1.5726557,0.020459417,0.002129207,0.17481247,2.0489688,0.011630709,0.08979649,0.00835179
1.410179,0.00032577035,3.7172444,0.096585274,7.863078,1.4812652,42.886913,6.154159e-05,8.874419,2.9932804,2.4789128,81.79075,1.3977582,0.023474831,0.002203383,0.15593491,1.7136683,0.009459535,0.06695123,0.008623665
0.98291093,0.00021740039,3.106458,0.050842207,6.9945574,1.2371259,22.524345,4.018041e-05,10.79702,2.2574654,3.4854898,57.473747,1.0164592,0.014080897,0.0015521498,0.11283289,1.1926098,0.008895794,0.06901938,0.007492757
1.4369274,0.00019972434,3.078564,0.068242505,8.078377,1.0615369,34.758213,4.1882344e-05,8.8717985,2.2137234,2.3550627,57.20313,1.1404915,0.015952758,0.0021775335,0.097092524,1.3122039,0.0076375827,0.068097614,0.008850525
1.3700012,0.00028473532,3.9721296,0.07190906,8.056936,1.2464678,32.92129,5.5499113e-05,12.387695,2.4787147,3.1825392,75.1389,1.3182145,0.019919822,0.0018726677,0.17291324,2.0048065,0.012311468,0.076761454,0.010332027
1.4237508,0.00030105552,3.6765542,0.09854069,7.6782746,1.3493679,30.245722,5.4129836e-05,13.18229,2.4724972,4.7133145,76.712494,1.116596,0.021859096,0.0014740655,0.14567977,1.7073779,0.01389427,0.09113852,0.011579555
1.4134566,0.00023882111,2.730378,0.07420106,12.720664,1.0806533,54.370308,4.646059e-05,11.488698,2.105388,3.5351737,58.67123,1.0740145,0.015681066,0.001612076,0.14119914,1.2318974,0.010936151,0.08383756,0.010846909
1.2330645,0.0003170646,4.498758,0.08425748,8.781209,1.7593298,45.164955,7.4412026e-05,14.824881,3.5899725,3.5052567,98.21775,1.5716008,0.022742795,0.0019578265,0.25241926,2.075323,0.0147177875,0.12301305,0.012779011
1.2389156,0.00039901494,3.909131,0.15928417,7.2826533,1.3923445,36.64862,6.908078e-05,11.444088,2.4743166,3.3900604,86.03026,1.0857836,0.023525458,0.0016836765,0.20783599,1.7652417,0.014891984,0.10655383,0.011562482
1.2009597,0.00021113455,2.6329715,0.067844085,8.067114,1.0625035,34.19243,4.0986422e-05,8.736682,2.0415635,6.62759,41.025124,1.0273019,0.013138861,0.0014743148,0.12265433,1.0754834,0.010837512,0.07974828,0.0108787315
1.3223902,0.00022773565,3.3420126,0.06471435,7.2753396,1.0466361,34.023495,4.367437e-05,9.321922,2.103932,2.6328533,61.689106,0.9900059,0.016322797,0.001635353,0.120738745,1.3806733,0.009006613,0.06553695,0.008153408
1.1933331,0.00032051525,4.167559,0.07406051,7.273434,1.3885871,34.229935,5.7513214e-05,10.868676,3.074383,3.9175425,79.55892,1.6158152,0.017570619,0.002193809,0.18861781,2.122154,0.0102157565,0.07348455,0.008715349
1.2125381,0.0003674246,3.7805867,0.09764286,7.5861235,1.4479669,38.538902,6.333867e-05,10.383775,3.1261115,3.128628,77.01393,1.5903469,0.020557428,0.0023629286,0.18450023,1.9240762,0.008465485,0.073910885,0.008155706
1.1387032,0.00033102912,3.6493719,0.07950744,7.431172,1.4956893,32.660885,6.017895e-05,11.996465,3.0837111,2.9900112,78.29428,1.4804671,0.021477463,0.0018915886,0.1590913,1.8335437,0.00882283,0.07906909,0.006992747
1.1518945,0.00032125428,5.4750752,0.07912011,7.5758734,1.7825168,39.312927,6.93262e-05,12.035941,3.9024568,3.0773911,106.607315,2.1052399,0.02274954,0.0024063457,0.25815108,2.6490445,0.013839362,0.08336136,0.012305319
1.1784842,0.00029715212,3.452499,0.08266534,8.395764,1.6268781,36.485477,6.28202e-05,11.894179,3.069552,3.2636366,70.816734,1.3777671,0.020935198,0.0016311139,0.15868115,1.5764148,0.01103021,0.09786303,0.0094249835
1.443309,0.0001584416,2.5402691,0.08219092,8.479194,0.75393784,40.273968,3.2142238e-05,7.0405507,1.5783669,2.9356549,57.185818,0.82795584,0.017507609,0.0010525156,0.09171752,0.86060375,0.0111702,0.07273428,0.011521083
1.3149136,0.00025028773,3.5008793,0.05764155,7.382695,1.1570424,30.402674,4.850947e-05,11.628132,2.1550705,4.3065853,66.67679,0.89988756,0.014361504,0.0018652388,0.11499827,1.330526,0.012091725,0.09324231,0.009810393
1.160108,0.00023799256,2.8008862,0.05404971,7.3535905,1.1411015,27.25349,4.4550383e-05,13.311236,1.7767032,3.0457108,53.917034,0.8424115,0.014498483,0.0010312854,0.12889515,1.1286741,0.012375049,0.080246516,0.009015614
1.3941159,0.00020607158,2.7883887,0.07296969,9.826687,0.975775,42.318302,4.2066313e-05,9.195594,2.0641077,4.3983293,49.69295,1.1344388,0.0136983385,0.0018307015,0.12536761,1.1435995,0.011175259,0.08176843,0.011706731
1.0826899,0.00023172317,3.072563,0.07607913,6.2582583,1.1675491,31.920218,4.1931053e-05,8.592606,2.0896382,2.6499274,65.51352,1.0062379,0.015252503,0.0014813934,0.0919532,1.376535,0.008705179,0.061211403,0.0073797
1.1720937,0.00036203858,4.1968293,0.089880556,7.022366,1.4982169,37.650265,7.114293e-05,10.651921,3.2518568,3.0062523,86.14816,1.692174,0.027053213,0.0024577559,0.19362125,2.2518418,0.01021249,0.078910224,0.009158732
1.2685398,0.00030422796,3.4574516,0.07371391,8.186295,1.3959255,36.910477,5.6791683e-05,11.131836,2.6233952,3.485827,67.38068,1.232007,0.017803349,0.0017297488,0.14325489,1.3772678,0.010073854,0.08423452,0.009458175
1.3719289,0.00031406956,4.183794,0.06629943,9.493255,1.582102,43.75525,6.0103426e-05,11.555548,3.2504663,3.0930064,88.727646,1.5516679,0.017052185,0.0014967456,0.16625912,1.7923087,0.010956651,0.083120406,0.010013277
1.2909042,0.00027572428,3.518981,0.07466638,8.350081,1.34406,39.200645,5.2028463e-05,11.088439,2.673511,2.8769612,69.07295,1.5598457,0.014378009,0.0019742085,0.14598252,1.4717274,0.009252649,0.08217825,0.009065788
1.1617676,0.00030258248,4.1668196,0.060783006,8.064253,1.5324416,36.8958,5.5797093e-05,13.062527,2.9911788,2.5634513,79.73422,1.5948253,0.01650554,0.0018703854,0.15353519,1.818599,0.011582427,0.07761878,0.009638668
1.3019272,0.00030706558,4.0139437,0.082073614,7.66543,1.4948461,39.46713,6.4699554e-05,12.999504,3.326127,2.8862062,81.75117,1.6747047,0.0195012,0.00211303,0.20790999,2.0897076,0.013797123,0.08644902,0.0120618
1.2082361,0.00025528326,2.71393,0.07106976,6.6053166,1.1836357,28.651548,4.3562828e-05,15.730816,2.4118564,3.606347,59.772976,1.0895077,0.01247601,0.0012261139,0.13996698,1.4971969,0.014180439,0.07880525,0.00978921
1.3437977,0.00037559844,3.5681016,0.07507696,9.210312,1.7604572,44.49662,7.333557e-05,12.165226,3.488097,3.7712266,78.78966,1.6652246,0.018066239,0.0018861138,0.22456795,1.8230114,0.012359906,0.093701,0.0098007675
1.2383344,0.00035300056,4.567111,0.077386,8.406657,1.8585213,40.756554,7.5449665e-05,12.375967,3.656126,4.4769473,97.62187,1.76364,0.019361041,0.002454911,0.2552367,2.2124128,0.01408433,0.10634532,0.01188458
1.3695419,0.000354398,5.729166,0.06308596,9.282275,1.8377168,41.570923,6.8949754e-05,13.3787365,3.563359,2.7974818,106.90724,1.8219253,0.021038633,0.002207786,0.23179762,2.645014,0.013590112,0.09101746,0.011733376
1.2201607,0.00028188236,4.367283,0.08144723,8.868237,1.7373576,42.056995,6.559651e-05,13.340543,3.6344945,3.7291892,86.88219,1.5447897,0.020090677,0.001824185,0.23071024,2.0925968,0.013934001,0.106329836,0.0116091315
1.2638127,0.0005030386,8.951239,0.10845679,8.926908,2.314172,39.767555,9.4068775e-05,27.568731,5.3100624,4.268572,188.07101,2.4245262,0.027998826,0.002254352,0.3717444,3.3382514,0.01894103,0.12255591,0.014462396
1.5754961,0.0001493047,1.880357,0.0898984,7.4372406,0.6007958,25.914484,2.742353e-05,14.839829,1.1709274,2.389807,52.809704,0.32692805,0.009935355,-0.00017135071,0.08644749,0.6308516,0.016977888,0.0826468,0.009618737
1.4866374,0.00016574441,2.1799393,0.07786185,8.996317,0.6848726,40.612484,3.5478926e-05,18.002357,1.3494947,3.0307493,66.55012,0.53217137,0.010020389,0.00030681817,0.14948632,0.8127544,0.021015164,0.09017591,0.010068171
1.552763,0.00010715536,1.9566656,0.08534582,5.8335004,0.6222006,27.132051,2.4063665e-05,15.903522,1.0833266,3.0646157,54.49355,0.20294526,0.0050132284,-0.0004887834,0.07434511,0.36187795,0.01533727,0.11099153,0.008650786
1.4698293,0.00016963297,2.4330688,0.08431319,8.710663,0.7051206,36.795296,3.2975087e-05,11.480504,1.3735089,3.4967687,52.36447,0.77235156,0.016240865,0.0008663679,0.09124842,0.87208176,0.01076426,0.08520502,0.0094308
1.354667,0.000101326645,2.1743946,0.054718003,6.4862065,0.8638065,16.413725,2.6801039e-05,19.002707,1.4315747,3.3727074,52.953724,0.4340694,0.0074379933,0.00035018602,0.07698713,0.5338641,0.015899422,0.11563121,0.009668507
1.2989496,0.00017199283,2.3203967,0.06636393,8.599332,0.8456611,32.51191,3.447655e-05,8.719612,1.5038506,4.9501324,52.101852,0.6072467,0.01586491,0.0012468735,0.09242353,0.9944311,0.013056792,0.06763293,0.009430035
1.539453,0.00013087141,2.047455,0.0640253,6.399179,0.64850783,25.204262,3.1282198e-05,17.46007,1.0046687,3.614648,55.80953,0.261696,0.0071004867,-6.739359e-05,0.10475988,0.5011834,0.016706517,0.10282815,0.009350928
1.436031,0.00020971871,3.0172937,0.09063594,8.343528,0.9565609,37.961487,4.463709e-05,11.541531,1.6359406,2.910853,62.710922,0.79988205,0.017978132,0.0011143828,0.1373377,1.1800085,0.012288942,0.0972429,0.011294554
1.3375216,0.00020761057,3.2002735,0.08731105,8.230606,1.1016923,38.206364,4.804463e-05,14.03588,1.8589517,2.5183475,63.247917,0.90910304,0.020017795,0.0011934941,0.12962665,1.1938798,0.012466143,0.09213941,0.011175298
1.167202,0.00025981304,3.599151,0.052670777,6.8722095,1.6003275,29.6523,5.5672375e-05,14.783144,2.9087543,2.8852444,67.83214,1.354678,0.013262042,0.001426821,0.14876802,1.6054245,0.01258853,0.09169316,0.010023516
1.3384392,0.00037862395,7.7490234,0.0952335,9.419357,2.5773647,47.19269,7.558873e-05,14.004166,5.9840646,5.0922427,145.48015,3.031838,0.021668542,0.0028987823,0.24112234,3.3852026,0.01743781,0.109485805,0.015191058
1.2543379,0.00024703488,4.238289,0.06688867,6.6480412,1.5957863,36.196842,5.98995e-05,16.060768,3.5419092,2.7482023,77.34853,1.7783074,0.014661286,0.0018275143,0.19403708,2.1071687,0.0148613155,0.096813984,0.011093807
1.0530738,0.00021314938,3.636025,0.05286062,6.3474574,1.3767972,26.02513,4.696319e-05,11.398871,2.7481213,4.299081,72.64948,1.3412484,0.013976938,0.0016091348,0.1362836,1.8354248,0.011961171,0.07944953,0.00916973
1.077575,0.0002351454,3.4068131,0.07316342,7.51063,1.4435169,27.594599,4.9586324e-05,10.903694,2.7535508,4.8142934,64.244576,1.3457574,0.015874814,0.001866941,0.15234655,1.5457499,0.011093629,0.09509524,0.009827753
1.2857178,0.00032812395,4.876883,0.07270431,8.7990885,1.7643946,42.869705,6.0983813e-05,10.686213,4.098181,4.4141774,101.28246,1.8990035,0.017956516,0.0019984003,0.21482131,2.4423628,0.013375339,0.10112875,0.011064619
1.2095177,0.00030247765,4.376432,0.082271524,8.2504635,1.6403644,38.163197,5.8782454e-05,10.985658,3.3818934,2.961,90.08252,1.6703153,0.020378957,0.0018470678,0.1970447,2.291088,0.012105535,0.078481205,0.009893519
1.3505657,0.00020137042,3.0324976,0.06526291,7.4368615,1.0118142,38.5783,4.7367394e-05,8.230393,2.4472034,5.0251346,60.233063,1.4771321,0.011412783,0.0021403714,0.14705777,1.3910742,0.010937796,0.081619374,0.009398551
1.1112232,0.00018565611,3.5879412,0.049319252,5.9816127,1.4759961,22.273792,4.3459106e-05,9.993728,2.6754677,2.3862243,67.52651,1.1457119,0.013986821,0.0014564861,0.100290544,1.4681395,0.009427386,0.089115694,0.009337995
1.3422332,0.00024339372,2.7664487,0.06381965,7.7781997,1.0546066,35.707176,4.1949792e-05,10.759431,2.0958798,2.6174278,61.068462,1.0734013,0.01278149,0.0013072432,0.13106784,0.9757932,0.0131049985,0.09922581,0.009151716
1.1631147,0.00023209763,3.3547475,0.052001666,6.0411263,1.4374876,26.678106,4.431532e-05,11.304114,2.6592972,3.974064,63.824055,1.2906994,0.010394806,0.0016074859,0.11020187,1.3760496,0.011822422,0.090006866,0.008159134
1.341377,0.00031990762,3.1624918,0.11772492,8.026416,1.2660776,39.76415,5.928291e-05,12.615312,2.470532,2.7106922,70.50652,1.0998456,0.021325888,0.0015417684,0.1850508,1.6423422,0.013282146,0.09737229,0.010233963
1.4093276,0.00016329509,2.6921194,0.107060224,5.404748,0.7648997,25.526705,3.6545785e-05,14.940563,1.8031963,4.0241265,55.618366,0.92716277,0.012621758,0.0014459778,0.12613375,1.3560203,0.021387331,0.088703014,0.011829756
1.4618802,0.00010885611,1.9572512,0.06602438,6.94258,0.71789825,28.035864,3.5734414e-05,30.713507,1.2512516,3.7929862,53.232597,0.486484,0.010563052,0.00036881425,0.083216526,0.63471055,0.013218761,0.1296275,0.010131974
1.4404048,9.4670664e-05,2.0600626,0.04650583,5.029503,0.54667485,21.639656,2.6584954e-05,13.850485,1.0547806,3.3489442,53.945488,0.28685144,0.004256122,-0.00021688588,0.09006177,0.6045316,0.011695911,0.08728277,0.007326588
1.2405396,0.00027318238,3.3951635,0.07357192,7.3232713,1.3130708,30.594988,5.2137937e-05,10.551408,2.5381238,4.1819735,68.4973,1.1246274,0.01789214,0.0015283845,0.16028497,1.6987237,0.014271882,0.07290993,0.010725956
1.4318175,0.00014842735,2.1702273,0.0630427,8.0144205,1.02304,36.491608,3.7181067e-05,15.529834,1.869221,2.5794632,54.770943,0.8594375,0.014425719,0.0011511518,0.11908097,0.78720295,0.013735786,0.09114781,0.010671858
1.3541435,0.00021040213,2.6255908,0.073843405,8.152288,1.017225,31.056019,4.5773195e-05,9.51349,1.8977637,2.702884,51.637615,0.9475444,0.01416962,0.0013462704,0.12505442,1.096705,0.009456911,0.06667569,0.008876537
1.280742,0.00024207988,3.0880833,0.0599618,7.7007484,1.1812794,30.172295,4.8110098e-05,8.286385,2.164268,2.011575,62.080315,0.95167243,0.014874308,0.0016816453,0.15113628,1.2285122,0.0102213705,0.067591205,0.0094887875
1.1662129,0.00021310317,3.1321018,0.05617971,7.774764,1.2021688,35.538414,4.320842e-05,7.1249347,2.1260512,4.071934,57.84694,1.0026428,0.015488783,0.001871449,0.09889346,1.5205886,0.007779716,0.050278626,0.007927491
1.1369889,0.00018756135,2.5645142,0.06724914,7.063652,0.85350734,26.622389,4.241492e-05,9.109454,1.3522172,2.6064577,51.009724,0.6941977,0.014711767,0.0011900993,0.12596548,0.97623515,0.011432476,0.08411447,0.008940434
1.3599405,0.00024364408,3.01315,0.06941289,8.205873,1.2563351,34.770428,5.049245e-05,11.688399,2.7434099,2.6749823,61.28179,1.136299,0.017065326,0.0016347149,0.13957408,1.4272871,0.011783947,0.08389248,0.011063905
1.2041667,0.00023488741,2.8644865,0.04968416,7.096565,1.0736736,25.1957,4.3495005e-05,10.39738,1.9576048,2.2846966,54.768097,0.7976842,0.018537235,0.001443932,0.10555045,1.4203604,0.009850099,0.069416106,0.009187269
0.9877962,0.00014252661,2.9921272,0.057354778,6.958568,1.1998427,26.02066,3.9923314e-05,7.5724983,2.3724174,3.6500509,52.64125,0.95756674,0.014031355,0.0013994641,0.084106445,1.133602,0.007970494,0.07286698,0.008145408
1.2782501,0.0003123405,4.6501412,0.08056993,8.7476845,1.7860861,43.0696,6.604217e-05,12.673489,3.6570764,3.024711,98.38683,1.6577777,0.019094063,0.0019077768,0.19811548,2.0232053,0.012697271,0.08348225,0.011450183
1.2812418,0.00036048717,5.9954886,0.07112488,9.050335,1.9089693,42.305336,7.399516e-05,11.359818,3.5875254,3.212903,114.94983,1.7036699,0.02356016,0.002383291,0.24527128,2.7885528,0.013731986,0.07800527,0.011318331
1.2456295,0.0002937751,3.8168705,0.07222368,7.803842,1.462774,31.433268,5.561704e-05,10.876035,3.06478,4.715208,78.64176,1.4380496,0.016918251,0.0016010113,0.1714306,1.8429272,0.0118054785,0.09418575,0.010365733
1.1287339,0.00024186602,2.681783,0.07364949,6.9217544,1.2616078,24.193537,4.767671e-05,13.0089855,2.1618483,4.3418293,54.42925,0.9470967,0.013949702,0.0014586191,0.13837779,1.2806616,0.0117986025,0.10380137,0.010001597
0.9633997,0.00017397714,2.9968174,0.051885314,7.496656,1.5191116,28.372196,4.4607066e-05,12.951489,2.7156537,3.5459769,55.30938,1.1984099,0.011984725,0.0014168954,0.15249956,1.2296404,0.0136155905,0.10045998,0.011041074
1.2535979,0.00032319396,4.2543416,0.097414784,9.017518,1.4885762,38.183907,5.785248e-05,13.434045,3.0346932,2.5346775,81.86028,1.4231366,0.020555427,0.0017121385,0.18970026,1.8027166,0.014296183,0.07922983,0.011185087
1.2928874,0.00031600634,3.9172983,0.07327092,8.135227,1.3047884,38.8762,5.9086713e-05,12.74792,2.918079,3.4839432,79.45171,1.5398613,0.020796822,0.0015492716,0.19176799,2.1211,0.012799378,0.06080668,0.009017243
1.3000313,0.00016738,2.8570452,0.05377525,7.8524013,1.2217816,36.47966,3.526425e-05,8.188828,2.4594817,3.7053754,53.714615,0.9488066,0.009951206,0.0014772372,0.13879894,1.2310625,0.010696751,0.06679427,0.007953837
1.3088638,0.00023630288,2.797774,0.082605064,7.835144,1.1901292,35.908737,4.5712783e-05,14.979554,2.341272,3.1291149,55.07099,1.2677131,0.014857978,0.0014559962,0.16166052,1.2535125,0.0128229195,0.07374068,0.010754846
1.270354,0.00025902566,3.2453637,0.08638799,7.2235675,1.2596862,37.725513,5.4205124e-05,12.287428,2.5580947,3.29278,69.66705,1.3442136,0.018746287,0.0017335166,0.18399358,1.6588448,0.0118599385,0.07000896,0.0091312975
1.7063304,0.00017637161,2.203366,0.05213928,6.7776823,0.99894035,17.80761,3.635257e-05,18.605799,1.5809118,2.9834368,48.30638,0.47965294,0.00909794,0.00030701153,0.12772,0.7524043,0.015490219,0.10444104,0.007987529
1.3139138,0.00017765789,2.315878,0.046155937,5.4947896,1.0643224,22.747543,3.78965e-05,11.820175,2.1126232,3.3434405,53.711666,0.7161445,0.01308441,0.0018028133,0.08789176,0.94220614,0.010062355,0.08122388,0.006360189
1.2373425,0.00028744777,3.291036,0.053266462,7.7245116,1.2218276,38.937016,5.1234332e-05,12.9947405,2.5098166,3.2958477,70.3628,1.3107446,0.01869234,0.002150209,0.14391436,1.439618,0.010222765,0.0680257,0.008202462
1.2156584,0.0002669753,3.3788044,0.06350204,7.6439433,1.3261684,33.26091,5.1203602e-05,11.886261,2.5678601,3.221692,64.82442,1.1395419,0.016137028,0.0016652746,0.15984593,1.5998752,0.011984587,0.09915995,0.008449751
1.3920268,0.00031236594,3.8246326,0.05101383,9.662861,1.7624731,46.40536,6.476095e-05,9.566243,3.2467997,4.819312,73.045395,1.3094131,0.018854424,0.0019649647,0.2151422,1.5835894,0.010189369,0.07726305,0.009495542
1.2559906,0.0002763544,3.5230064,0.05450908,9.02439,1.7546822,36.534203,6.134369e-05,13.314051,3.2984848,3.8022628,71.97844,1.4889028,0.0150776645,0.002057114,0.18316278,1.2716484,0.010549565,0.092329,0.009833276
1.3275323,0.00030417938,3.404475,0.07956413,8.656817,1.4347756,39.944748,5.938976e-05,11.759773,3.0437334,3.527025,70.49267,1.3290464,0.017464874,0.0019546181,0.16313039,1.3028675,0.010940569,0.079943776,0.011074439
1.2997991,0.0002752033,2.6824543,0.09547212,8.480518,1.0961127,41.75797,5.1880008e-05,10.193462,1.8457243,3.0307994,57.593124,0.78028136,0.019346207,0.0013529364,0.16407275,0.93048346,0.010767052,0.07561625,0.010836076
1.5460498,0.00014329208,1.8439924,0.08846027,5.321852,0.5676672,20.115545,2.5473044e-05,12.544856,0.8091321,1.7531384,47.6497,0.10002568,0.007049242,-0.00023750831,0.1007998,0.45401797,0.020817444,0.09562348,0.010592808
1.474431,0.00011351206,1.8019594,0.05752943,5.499725,0.6386121,17.160213,2.6137657e-05,11.723348,0.9434403,1.5496607,48.600605,0.20234467,0.008045809,0.00021449935,0.065901116,0.44151214,0.0135459015,0.08162184,0.008170987
1.2692208,0.00037664155,4.0567794,0.09361778,7.8320932,1.5959241,40.660915,6.694099e-05,12.892048,2.9272993,2.8563929,82.81191,1.5868593,0.020544656,0.0020435322,0.21769683,2.0329638,0.013733376,0.09767088,0.011133141
1.171785,0.00027079016,3.9924755,0.08896913,5.5680594,1.5445827,26.530336,5.4893328e-05,17.263474,2.9929504,3.0285213,79.46618,1.3713264,0.019562475,0.0016323121,0.13391832,1.937845,0.013780269,0.093085006,0.011169612
1.2486598,0.00037907765,4.4456587,0.08758941,8.140415,1.8361223,41.598503,6.946525e-05,11.632602,3.7664213,2.801506,89.158424,1.9668533,0.022633752,0.0022773056,0.20235725,2.2833428,0.01226793,0.08525017,0.01157427
1.1614387,0.0003594293,5.4999385,0.09018505,8.254384,1.9291694,36.53008,6.793053e-05,16.142046,3.6447537,4.303725,109.56171,1.894952,0.020903742,0.002432996,0.16049966,2.2203844,0.010370948,0.086304896,0.009249043
1.2764318,0.00030676153,3.9933138,0.08270246,8.513315,1.4643419,43.688892,6.2886174e-05,10.194342,2.9807682,4.271237,80.33982,1.4339738,0.021628026,0.0022444804,0.20461196,1.9970592,0.01124829,0.079959266,0.010477184
1.2777643,0.00036896276,4.266929,0.10158345,8.216107,1.4799522,41.329906,6.432907e-05,10.841825,3.0597868,3.5587645,84.72605,1.6317921,0.02207956,0.0023352073,0.20732263,2.2194312,0.012910792,0.08975731,0.011943198
1.2626497,0.000338885,5.01869,0.08938881,9.200586,1.7773937,44.26999,6.7356734e-05,11.746957,3.675726,3.0501032,97.77102,1.7067856,0.021084243,0.0020816952,0.23663369,2.0691288,0.01259607,0.091527425,0.012217051
1.2549955,0.00033142205,3.6327984,0.09251036,7.9368896,1.4570056,39.252903,5.9990798e-05,9.510857,2.8549109,3.4750285,70.42221,1.3987001,0.019765712,0.0021200215,0.1870145,1.8392454,0.011644371,0.08388322,0.011092656
1.207948,0.00038455814,4.975901,0.0934132,9.090791,1.9168797,43.20524,7.143365e-05,12.951289,4.313232,3.1944735,94.08832,2.1622107,0.022233877,0.0023073996,0.20611846,2.1675444,0.012727768,0.08991415,0.011573744
1.3115957,0.000328955,4.091898,0.080438524,9.269942,1.4370916,49.704845,5.7717083e-05,11.223712,2.8951328,3.3971095,87.01645,1.5440373,0.018372381,0.0017120973,0.18959919,1.8709186,0.012663653,0.07525985,0.010972288
1.189315,0.00037860626,4.2356396,0.07518573,8.182418,1.6712369,43.30286,6.497557e-05,10.834515,3.5504293,3.205844,85.45885,1.8359895,0.01871278,0.0019164009,0.19687028,2.2162783,0.011297681,0.08049317,0.010065817
1.0733341,0.00023397553,3.5989938,0.04784292,5.0287423,1.4287581,19.75001,4.7276597e-05,12.835665,2.869762,2.91671,75.302475,1.3338072,0.015194805,0.0018038808,0.111874655,1.8290625,0.009367627,0.062686704,0.0069646514
1.1635116,0.00042731277,10.439474,0.09137338,7.6838093,3.5063934,36.67997,7.974348e-05,18.323025,7.3565097,3.037279,204.48068,3.4234583,0.026569493,0.0034828237,0.20251481,3.659789,0.013735087,0.10410365,0.012373741
1.1190493,0.00038519586,8.427731,0.07375862,7.4849906,2.7265651,35.32325,7.1246846e-05,14.957256,6.1732955,3.2525115,150.9243,2.9689927,0.018929066,0.0030403994,0.1577113,3.244267,0.011005181,0.09822682,0.009217441
0.9956702,0.00027506994,2.9951122,0.0868898,9.104149,1.3338288,35.74855,5.0371153e-05,22.293343,2.681669,3.8363867,70.64138,1.4317118,0.019374575,0.0019248128,0.13346264,1.6527091,0.0100003695,0.078339964,0.008665893
0.96044445,0.00027779202,2.8681965,0.09075532,9.310434,1.3565809,34.8642,4.9766375e-05,25.315022,2.6049476,4.006392,61.009293,1.3458234,0.018534835,0.0018516174,0.14963362,1.6051172,0.012168427,0.097941816,0.010068624
1.0642225,0.0002852201,3.2131813,0.14700189,8.612587,1.3450449,31.269947,5.0563656e-05,28.159285,2.648076,3.6714551,69.899994,1.319679,0.016317721,0.0019961921,0.16221063,1.6858256,0.01256541,0.08473727,0.010740904
1.4034585,0.00032292822,3.9099128,0.0973591,10.422667,1.4237077,51.030987,6.7846006e-05,12.53951,3.0639224,3.8610191,77.684326,1.4681032,0.020850718,0.0020351936,0.21101601,1.8041058,0.011135871,0.08208745,0.010436375
1.473245,0.0003580102,3.666816,0.118734494,9.206356,1.3441468,41.447693,7.1449445e-05,13.656976,2.4974802,3.6745272,74.60982,1.2114998,0.02205616,0.0019902205,0.19753896,1.7720648,0.012519092,0.1022592,0.012266872
1.4368105,0.00033761724,4.5241175,0.09040736,9.4783945,1.4231032,47.474106,6.726525e-05,12.371439,3.0715132,3.7491057,91.08699,1.7009896,0.020818312,0.0022934666,0.2132601,2.2523723,0.012646409,0.07390015,0.011490149
1.3044443,0.0003039883,4.029796,0.08803898,8.679489,1.4566051,41.08542,6.306074e-05,12.064022,3.199812,3.6891217,91.73386,1.547115,0.0195764,0.0021499884,0.1782072,2.2328875,0.011146925,0.073144995,0.00984797
1.2273129,0.00023882597,3.3277597,0.05386867,7.192334,1.2878609,31.452667,4.737993e-05,11.531754,2.5242984,3.5855277,62.39734,1.289492,0.01284958,0.0013872427,0.14464019,1.9001802,0.010954083,0.0760861,0.007974868
1.3241445,0.00035906583,4.8893247,0.08680737,10.580579,1.6782868,49.28949,7.56792e-05,13.713509,3.530108,3.2884555,100.917076,1.8469415,0.020781346,0.0020722507,0.26030928,2.3988612,0.014473339,0.09997274,0.013318931
1.2864637,0.000359454,5.0097213,0.08864949,9.900616,1.8062067,45.714497,7.319172e-05,12.888556,3.9839904,3.3235745,106.16552,1.9814771,0.02030999,0.002369049,0.24105607,2.4068716,0.013552297,0.09400246,0.013016235
1.2621781,0.00024249573,2.584136,0.060058296,8.359061,1.1874183,37.37045,4.888015e-05,8.525544,2.1109307,3.9846122,48.05172,1.0156171,0.015530812,0.0019363791,0.1257956,1.3054702,0.009324772,0.0705688,0.008513515
1.5069815,0.00028626833,2.6852653,0.105450034,9.209883,1.2282257,42.647625,5.9137248e-05,12.42819,2.497584,3.4857728,53.800816,1.1035973,0.017130326,0.0017127784,0.16663404,1.5327512,0.0111856945,0.085572496,0.010007992
1.2908827,0.00018339956,3.160246,0.07064226,8.229607,0.8662292,49.660263,3.8400394e-05,6.916223,1.9198871,3.0468812,58.507805,1.0141426,0.0128376335,0.0012842879,0.11870109,1.3192438,0.009467652,0.05161625,0.0082214
1.1728137,0.00014455826,3.1306872,0.058131013,6.7863503,0.97518885,36.873173,3.7977665e-05,10.09411,2.0493486,2.9134347,60.351833,0.96266454,0.010397829,0.0015696692,0.10456565,1.6810111,0.0084689045,0.053899825,0.006212783
1.1949877,0.00041057376,12.315073,0.12701957,9.02791,4.011868,37.337166,8.712903e-05,24.543283,9.880065,3.0848565,222.97635,5.658278,0.024110427,0.0040183226,0.27675024,6.2851315,0.019597191,0.11995417,0.01667509
1.228985,0.00024359871,3.4786632,0.05605228,5.9876537,1.0577717,29.861485,4.3584107e-05,9.081767,2.1393952,3.9709451,69.037025,0.9873139,0.011362544,0.0013620262,0.14015776,1.5032572,0.008921128,0.058564402,0.0077629527
1.2135231,0.0002328007,4.195579,0.08278268,6.8886957,1.5401152,33.24295,4.9162416e-05,9.571752,3.6646276,5.617441,75.58296,1.8539224,0.013882576,0.0019725463,0.15440224,2.0624533,0.012130872,0.101295434,0.01222753
1.2459644,0.00022306212,3.2730906,0.058620002,5.684364,1.1965904,23.95116,4.327435e-05,14.681531,2.271644,3.948074,62.671402,0.9713666,0.01606103,0.0016450046,0.11620424,1.6372422,0.009924375,0.06912925,0.00785604
1.3904974,0.0005754158,13.44956,0.16431254,11.31438,4.9081836,50.99014,0.00010535623,23.558254,11.522395,4.6216483,255.9139,5.26519,0.03598977,0.0046310276,0.36635318,6.1222253,0.026028126,0.13986234,0.019624442
1.3378395,0.00032538557,4.189281,0.09930277,8.45709,1.6492777,38.12931,5.879323e-05,10.4159155,3.4032497,2.7802196,87.00309,1.6178838,0.021963168,0.0026300924,0.1621883,1.7466338,0.010215028,0.07618309,0.010536836
1.3289553,0.00032555964,3.6820998,0.09884535,10.094902,1.5040609,50.180553,6.781564e-05,11.143894,3.0884557,3.30754,77.2354,1.585553,0.02091683,0.0021005252,0.20360443,1.567109,0.013368781,0.10666536,0.012219547
1.2060099,0.0003634329,5.551893,0.09478136,8.902165,1.8761775,41.69397,6.8374786e-05,12.983621,4.061996,2.8903139,101.93526,1.9312787,0.025451615,0.001972868,0.21274975,2.5910854,0.01434349,0.09558919,0.012725194
1.3253564,0.00024449133,3.6637647,0.064186074,7.582513,1.2570887,34.2624,4.9506492e-05,10.03054,2.7763054,2.4528491,72.4491,1.3891641,0.019094335,0.002110841,0.14619029,1.7276902,0.010150419,0.07596885,0.010537384
1.2914386,0.00030292262,3.519705,0.10038696,8.16867,1.5700845,41.621113,6.319783e-05,10.838869,2.9758472,2.994573,75.69636,1.3522203,0.023184577,0.0019912603,0.1760904,1.7883288,0.01152366,0.093347065,0.010229918
1.2099234,0.00028037713,4.3175836,0.052760433,6.843203,1.6569644,33.700886,6.228482e-05,11.336676,3.8093603,2.6719258,79.875015,1.8819472,0.017939748,0.0021242436,0.21682432,2.0347295,0.012861523,0.08016225,0.010727414
1.2951065,0.00028243556,4.12002,0.07565937,8.374434,1.5100216,38.07909,5.9001355e-05,10.514086,3.2277596,3.3664594,79.962814,1.4522591,0.021124577,0.0018293669,0.16089588,1.967201,0.010758941,0.073169604,0.008599759
1.2318555,0.00034170487,5.2974997,0.07754522,8.479336,1.7366298,39.254433,6.6890265e-05,11.583084,3.97665,3.5262623,102.372986,1.875317,0.021672044,0.0020663403,0.18524615,2.6298952,0.0113837365,0.072365254,0.008926014
1.3042687,0.00025490855,3.7560437,0.074073695,7.972278,1.3587102,32.74327,5.360931e-05,11.631742,2.836813,3.8082595,69.23732,1.3935429,0.020625029,0.0016530813,0.15985042,1.8596103,0.011393052,0.06837368,0.009852317
1.2397356,0.0002680826,3.5111232,0.061463766,8.2351055,1.4148374,35.632156,5.880456e-05,12.670201,2.6016731,2.6259491,78.419815,1.0803875,0.020813815,0.0016195043,0.19240953,1.7062762,0.013294256,0.08404986,0.009531172
1.3832448,0.00026635913,3.2317886,0.084731534,8.594079,1.348975,42.221172,5.9231592e-05,12.895086,2.734316,2.7582932,66.802734,1.184767,0.016363816,0.0016023236,0.21747972,1.6854285,0.013173487,0.086958535,0.0111595625
1.3879226,0.00025405025,2.9789143,0.073079415,9.172282,1.1853175,47.429035,5.0237137e-05,10.739784,2.333786,3.4950402,60.898758,1.3303715,0.014477662,0.0017378114,0.15692589,1.45265,0.012094285,0.07904883,0.010998974
1.3470006,0.00024703852,2.9360712,0.087973125,6.928906,1.2647071,30.62581,4.9586357e-05,13.226703,2.299484,3.252307,56.603325,1.0870275,0.016086925,0.0014595675,0.15548858,1.291553,0.011445234,0.07920908,0.00983871
1.2571433,0.00031154422,3.9105368,0.084204234,7.489214,1.2190125,37.84055,6.1694336e-05,10.862503,2.298796,3.7003005,80.90711,1.2209095,0.021027667,0.0023726905,0.2309339,2.4776845,0.010927274,0.07399227,0.010434169
1.287251,0.00033815316,3.8644931,0.088646255,8.953972,1.4076797,42.579765,6.3876105e-05,12.977706,2.9795277,3.7344644,90.67022,1.6162875,0.020245478,0.0020931212,0.2391997,2.076311,0.012488619,0.08011888,0.012131435
1.2611291,0.00029449406,3.4356358,0.08622502,7.6155505,1.2397848,35.622093,5.6305158e-05,12.181904,2.5843594,3.8859198,79.48517,1.2554716,0.018951278,0.0019984397,0.18135998,1.8994473,0.010173962,0.083239734,0.008459634
1.178729,0.00021668762,2.2844334,0.06975539,7.7750564,1.052865,28.833843,4.5130633e-05,9.676831,1.859963,4.930563,49.109615,0.96615183,0.013586758,0.0015583147,0.13502252,1.1121095,0.010673256,0.07998321,0.010340461
1.3386899,0.00028927033,2.9119294,0.09356159,7.4104624,1.1761136,34.775726,5.288223e-05,12.355986,2.3364556,4.43843,62.38826,1.147597,0.017893301,0.0014936433,0.17484356,1.674991,0.012390054,0.084034726,0.009762221
1.2623428,0.00021421477,2.4220905,0.055634957,6.9655,1.147853,30.151852,4.084066e-05,12.66045,2.149714,2.9215376,45.73564,0.9315808,0.014215401,0.0013629074,0.12916912,1.2398838,0.011212672,0.08346189,0.0095045315
1.2305585,0.00020742604,2.4756484,0.0756466,7.9909873,1.2248427,41.424927,4.510859e-05,9.416704,2.2571013,2.9347787,55.354767,1.0785154,0.017891092,0.0014770951,0.12387477,1.2235563,0.010618796,0.07383019,0.0097772125
1.2815306,0.00022539409,2.676883,0.07630982,7.2481275,1.1982934,28.579065,4.899127e-05,10.108163,2.0907226,4.4430447,52.99497,0.92502904,0.014382811,0.0013069055,0.134744,1.4294182,0.012054184,0.0726746,0.010094947
1.2924078,0.00026636594,2.5203645,0.099580035,8.7151375,1.2827177,41.05614,5.436727e-05,11.787731,2.3604739,4.0339365,54.288986,1.1183696,0.01749706,0.0015477968,0.17192104,1.2436993,0.0104772365,0.083480574,0.009496261
1.2692841,0.0002666066,2.2982159,0.09665606,9.2778225,1.2237294,39.65678,5.2022526e-05,10.461022,2.1661277,4.2153115,52.87431,0.9853727,0.017820729,0.0015695111,0.15355894,1.0989379,0.009488841,0.08142576,0.0093228165
1.2359458,0.00027228586,2.8417783,0.08014857,8.240001,1.2219769,39.890125,5.435351e-05,10.619339,2.5487685,3.4725657,61.334106,1.2850863,0.01831926,0.0018873283,0.14805254,1.5795108,0.011593837,0.07205355,0.00952972
1.1183667,0.00021006698,2.4510443,0.048042294,6.635692,1.2109936,27.116755,4.422483e-05,14.222033,2.1730027,3.3632395,49.759117,0.99660146,0.013658956,0.0014690864,0.120387755,1.407653,0.011491949,0.06659033,0.0087307915
1.2180752,0.00022568551,2.6569057,0.051979925,8.169304,1.1890907,31.386076,5.199777e-05,11.6099415,2.0735395,3.297392,51.248455,1.0078405,0.016257327,0.0015384122,0.14772022,1.576002,0.011341287,0.06719973,0.009061122
1.3130759,0.00029157827,3.6785607,0.0613888,7.9870796,1.3997203,36.155697,6.0776205e-05,11.230058,2.9435751,3.9026597,77.34359,1.389496,0.020158097,0.0018653285,0.18883328,1.9651363,0.011689214,0.07002491,0.009107205
1.2762136,0.00031073642,3.1243737,0.07988024,8.866366,1.4587852,40.409393,6.3359985e-05,10.242785,2.8456886,3.777255,71.067,1.3657478,0.01832398,0.0018838536,0.20042735,1.7456818,0.010143839,0.07710418,0.0084799
1.2681441,0.00026426426,3.025288,0.06536821,8.297538,1.2618128,35.98243,5.4509896e-05,10.4218855,2.6669874,4.0032496,66.83417,1.357364,0.017804466,0.001752023,0.17022805,1.5785558,0.011207905,0.07639365,0.008937586
1.295328,0.00026193552,2.4215162,0.07907242,9.114156,1.1755964,39.53977,5.215156e-05,10.599946,2.0557654,3.0429423,52.303555,0.9209807,0.01794144,0.0016643802,0.15248553,1.2749918,0.010697022,0.07702191,0.009180079
1.2483684,0.0002135379,2.6088505,0.055263694,8.003822,1.1205547,38.15723,5.0759543e-05,10.606872,2.2074656,3.9041116,58.51484,0.9982852,0.014863582,0.0016277855,0.1811503,1.616973,0.009541037,0.066858925,0.00843955
1.2150695,0.00026992764,2.6702251,0.08641419,7.821416,1.1322677,37.26023,5.16438e-05,15.271461,2.192947,3.3787336,57.026875,1.2309612,0.016798748,0.0014266807,0.13964923,1.4692822,0.013120713,0.08659036,0.010014782
1.3647379,0.00031843357,3.1318974,0.08854295,7.9997334,1.3104917,38.76346,5.844354e-05,12.435892,2.524349,3.9617088,72.6622,1.1636567,0.016993072,0.0015532343,0.18851604,1.7697082,0.012384965,0.0803736,0.011046378
1.5101185,0.00024226792,3.4183679,0.0715088,7.9464684,1.2391051,34.64629,5.25143e-05,11.096316,2.6627035,3.3658757,73.50585,1.1960194,0.018189698,0.0016447857,0.13068022,1.7581761,0.010707635,0.073535495,0.009062672
1.3315468,0.00034589547,4.1731076,0.07423646,8.951922,1.5695144,44.254642,7.198803e-05,10.6974,3.110692,3.080355,91.34146,1.4789962,0.019943815,0.0019596482,0.2099527,2.0051975,0.012513154,0.09265366,0.010740447
1.1750569,0.00032156115,3.824169,0.066439725,8.597815,1.7371739,39.69623,6.5274304e-05,13.51581,3.1216044,3.3986897,82.99044,1.6332479,0.019723969,0.0018993713,0.22885244,2.0904882,0.013405646,0.097932465,0.0107542975
1.2210335,0.00025351346,3.3999152,0.06286619,6.9785576,1.3218732,31.624105,5.2333617e-05,14.798989,2.3888388,3.6730006,63.235664,1.2332746,0.018316321,0.0017241368,0.15404572,1.769338,0.013045418,0.07762703,0.0091998
1.2421216,0.00031372707,3.8397052,0.06337695,7.8525796,1.5154021,36.536655,5.94868e-05,12.188727,2.8694313,4.278145,77.969986,1.4088433,0.017845444,0.0018429916,0.19225521,1.9001964,0.012779784,0.076828785,0.010188218
1.3050879,0.00031175234,2.9638774,0.08399393,8.454147,1.2977217,37.389313,5.176679e-05,13.389589,2.4315138,4.388292,67.47304,1.1678308,0.019591987,0.0015768044,0.13031623,1.4567086,0.011239699,0.07160827,0.009893845
1.316929,0.0002600395,2.8992934,0.07447035,8.846617,1.2134815,38.67267,4.7682406e-05,10.861336,2.3887804,4.202829,66.40393,1.2137507,0.016445119,0.0015453551,0.113111585,1.4503818,0.0095689595,0.06834333,0.009084847
1.3121684,0.00031183762,3.2044902,0.08643301,9.175474,1.3156124,37.273678,5.950311e-05,11.366639,2.908305,4.0879955,66.82379,1.390146,0.016626917,0.0019141275,0.19727086,1.6651163,0.010368731,0.07209362,0.009540833
1.4428443,0.0003036503,3.5579877,0.07396952,9.1231785,1.3109349,38.13116,6.007212e-05,11.795711,2.7720776,3.919406,72.75674,1.3320855,0.0211351,0.0017669731,0.18917751,1.9162703,0.01065791,0.07061624,0.0095334565
1.3314704,0.0002824293,3.7784402,0.101542145,7.9877496,1.3322577,39.876926,6.002e-05,13.087441,2.895887,3.1828244,90.3026,1.3711764,0.019845052,0.0019636436,0.18413629,1.8294457,0.011464246,0.07692056,0.010464057
1.4072187,0.00026540572,2.8371575,0.08821427,7.709777,1.1431637,28.493801,5.1410716e-05,13.916621,2.1683815,4.0160003,56.99573,0.92340267,0.017135525,0.0013929014,0.1486932,1.2737927,0.011938205,0.08870845,0.010090255
1.3201237,0.00038951825,4.6064725,0.09187147,10.18982,1.8685933,53.16997,7.763552e-05,11.930292,3.6755443,3.14097,92.952545,1.5471729,0.021430124,0.002316323,0.26388207,2.1758535,0.014105266,0.10145588,0.013097129
1.1107677,0.00024755753,3.4761744,0.056877483,5.516984,1.2834146,24.608442,4.3083306e-05,10.637906,2.664716,2.3172815,68.985634,1.3745778,0.017277012,0.0015188179,0.12692235,1.8564126,0.009411192,0.07622456,0.007072824
1.2758238,0.00032951485,4.730842,0.12297438,9.73792,1.631508,52.063023,6.852369e-05,12.700554,3.2084253,3.0142238,93.20205,1.9953513,0.023493921,0.0021648263,0.25004137,2.2859268,0.016178407,0.082148544,0.012751781
1.2299936,0.00035043788,5.463632,0.060447283,7.739306,1.8146551,35.70916,6.512658e-05,11.8344345,3.584893,3.1978931,101.561485,1.8642973,0.02047132,0.0021542,0.21198975,2.325325,0.012083371,0.080122255,0.010268037
1.1823885,0.0003533778,4.411882,0.06703755,8.049504,1.80447,41.778618,6.5612454e-05,11.7740755,3.556481,3.00641,85.57273,1.8186909,0.022239897,0.0022267334,0.21696514,2.1861236,0.011644132,0.08373709,0.010817454
1.454332,0.00020682422,2.2655277,0.07174135,9.753365,0.95151407,40.027294,4.064605e-05,12.113899,1.8023051,3.2877252,50.25676,0.87139773,0.012530103,0.0012860585,0.11403762,1.064308,0.010697138,0.07763123,0.008364839
1.6760383,0.00021641603,2.0470057,0.06880666,8.956197,0.8463131,42.946823,4.2135438e-05,15.4268,1.6204098,2.6089544,39.221306,0.8907997,0.011471334,0.0012872199,0.12278823,1.1408784,0.01100119,0.07702051,0.010248092
1.4498382,0.00020096905,2.1368914,0.059520848,8.4857645,0.96049905,35.775845,3.912212e-05,13.204465,1.7944856,2.9470174,40.53712,0.85491496,0.011818338,0.001314806,0.11952547,1.0647815,0.012079822,0.07792952,0.008914695
1.3111778,0.00016221475,1.758999,0.04011416,6.629969,0.81920326,24.410597,3.4949207e-05,14.299265,1.1472172,1.532813,45.20506,0.39931485,0.011020714,0.0005400569,0.09890506,0.76092786,0.013628505,0.107964255,0.009345649
1.2735815,0.00016868285,2.19404,0.08806691,7.0670047,0.93727386,28.08515,4.00477e-05,12.830363,1.6328244,2.3737922,43.140728,0.9381464,0.013592002,0.0015608323,0.10997111,1.1508949,0.013162745,0.07828462,0.010486021
1.3397723,0.00017094669,2.2233765,0.0726448,7.1273966,0.8706405,32.095257,4.275764e-05,11.624993,1.5095551,2.7252629,41.699665,0.79046685,0.015406399,0.0013837632,0.117252626,1.1646597,0.012082131,0.08543941,0.011060944
1.2459317,0.0002094112,2.733532,0.042715043,7.281499,1.1533909,35.029667,4.24987e-05,12.957047,2.182411,4.380207,51.04157,0.92563605,0.012528097,0.0010932512,0.14381354,1.290291,0.01369712,0.08762123,0.009237942
1.4423707,0.00014383842,2.0961852,0.0923599,8.060073,0.88095343,30.124907,3.717309e-05,14.42861,1.5603428,3.4140196,42.98239,0.6127963,0.011868365,0.0008350072,0.10362979,0.73602724,0.017350532,0.11005308,0.011832553
1.3985044,0.00013987363,1.9313371,0.082967184,6.8274546,0.877803,23.494411,3.0105974e-05,21.614212,1.30399,3.5965335,50.140247,0.30466315,0.008750953,-4.84803e-06,0.10509336,0.5487186,0.01857794,0.10532925,0.010889801
1.1799232,0.00022505682,3.4768014,0.059120297,7.450326,1.4097307,29.733757,5.014688e-05,13.854765,2.4327757,2.3244605,68.60023,1.1159121,0.017138196,0.0018628514,0.1292328,1.677695,0.0146609675,0.07483533,0.009764658
1.422578,0.00016115392,1.9528456,0.08482232,6.19739,0.7755542,26.79495,3.3112065e-05,17.829948,1.2801654,3.2347279,54.918484,0.4166635,0.011686127,0.0004781276,0.092077486,0.62859327,0.013842297,0.11371833,0.009775495
1.5003556,0.00012680113,1.767292,0.09622548,7.5363755,0.7640085,26.526033,2.7255472e-05,16.564253,1.2510005,3.1056485,51.10427,0.33727697,0.006087018,-0.0001877336,0.09545746,0.42944616,0.015077692,0.10614758,0.009039007
1.5998248,5.3359665e-05,1.5580658,0.083484866,5.3471503,0.4277489,26.559454,1.8818144e-05,16.533745,0.6422747,3.062086,51.489216,0.016044995,0.0034561954,-0.00090287643,0.072192505,0.2577589,0.01311419,0.10070572,0.009010513
1.3738462,0.00015245583,2.290927,0.05910713,6.587419,1.036564,26.693161,3.0282848e-05,17.254128,1.6209012,3.19833,54.427288,0.37568328,0.008605538,0.00023547113,0.07606373,0.69604695,0.014505173,0.11519324,0.008594611
1.2612863,0.00015386166,2.67973,0.06409683,5.4641905,0.8557853,24.384434,3.2979337e-05,15.335769,1.6164409,3.7268183,64.51677,0.5299924,0.012894066,0.00080470945,0.11122209,1.2164036,0.020980217,0.1279047,0.009763744
1.4277852,0.00013822065,2.587758,0.06936623,6.5185122,0.88618577,29.825195,3.4399276e-05,18.132402,1.8107436,3.4103727,51.307312,0.6048014,0.010864428,0.0007840323,0.10997417,1.0288341,0.016430615,0.10391718,0.010744917
1.3825488,0.00021640868,2.5079,0.058281083,7.9976983,1.0962881,36.05693,4.365221e-05,13.31586,1.8059288,3.5073836,49.14424,0.6333081,0.013540685,0.0012515035,0.12793784,1.0455793,0.012430508,0.07330306,0.008758553
1.3337017,0.00019292426,2.1307807,0.054345068,7.379732,1.1848205,27.188156,4.0664832e-05,16.729317,2.0295331,3.1148798,45.197956,0.81110466,0.011300284,0.0012245162,0.10947528,0.8889102,0.012366789,0.08505243,0.009281562
1.2907742,0.00022077252,2.0894856,0.045909476,8.421414,1.1309922,34.917667,5.2770156e-05,11.194549,2.2153335,3.337193,43.80275,1.1411026,0.010601791,0.0012997942,0.17245021,0.9945475,0.012101051,0.081648976,0.009514569
1.2615576,0.00019827676,2.4794986,0.06416482,6.9831424,0.9707133,32.38359,4.323273e-05,10.718179,1.7269881,4.1032357,49.062134,0.74466354,0.016285237,0.0014143678,0.12345791,1.1789627,0.010261863,0.07550962,0.008771584
1.34681,0.00016071285,2.4184053,0.042489536,7.9824624,1.089284,27.901953,3.099842e-05,21.109756,1.8552914,3.3408072,46.912548,0.6848372,0.009885087,0.00082214276,0.08991424,0.87152094,0.017123515,0.08487781,0.010413999
1.3936667,0.00013863608,1.8987533,0.08066658,6.8452973,0.8842763,26.414017,3.073343e-05,20.833967,1.3870684,3.2522364,45.712837,0.3788037,0.009646278,0.000121528195,0.09026713,0.66231865,0.016672816,0.10352979,0.010212724
1.3482922,0.00016196567,2.3693948,0.056229956,7.3966618,1.058159,29.694351,3.3240853e-05,18.667997,1.8619161,3.173932,69.8195,0.5606745,0.009757084,0.0006655559,0.10747116,0.77402973,0.019551365,0.089991085,0.010829953
1.465157,0.00010020231,1.9206144,0.061204124,6.0532618,0.6264167,18.031628,2.065653e-05,16.909748,1.0056276,3.0199888,49.979458,0.16689008,0.003147178,-0.0004700611,0.065563306,0.45936567,0.013578767,0.11482735,0.0078588575
1.3272198,0.00026020315,2.3782594,0.08220507,7.79966,1.0851527,37.84426,4.6404828e-05,14.130689,1.7965661,3.1931171,50.981888,0.8012817,0.015623269,0.0012053992,0.14545189,1.1484476,0.012598998,0.07395642,0.010230813
1.3809202,0.0001644255,2.5086937,0.0660982,5.8953395,0.97987086,20.428682,3.3155513e-05,19.42075,1.576281,3.660417,60.23503,0.38462007,0.011759951,0.00028063258,0.09881302,1.014593,0.02216526,0.12815979,0.009232311
1.2530777,0.00015648529,2.439842,0.087613985,4.736466,0.7854963,20.88236,2.996836e-05,18.72703,1.5047884,4.2484555,53.329796,0.5666976,0.0129182935,0.0008396096,0.117291056,1.1084851,0.025099682,0.12925427,0.010554405
1.3129035,0.00016134832,2.1053436,0.030928848,6.729515,0.8724298,28.446068,3.29416e-05,15.672769,1.6718577,2.1637948,43.090202,0.6654048,0.011026563,0.0009057916,0.11100347,0.9841604,0.012952956,0.090240404,0.008119612
1.2070428,0.00023754379,2.7444942,0.0712038,6.317612,1.1330082,36.129932,4.8630074e-05,14.096073,2.0847454,3.0767107,51.846355,0.9842685,0.015420131,0.0014799754,0.16038178,1.4608562,0.01410352,0.08208425,0.010760965
1.2812551,0.0001940269,2.3858533,0.06046856,6.6819167,0.97278076,29.166859,3.934786e-05,14.668794,1.6140628,4.128174,42.746708,0.64475816,0.013974104,0.0012321444,0.11739845,1.1729751,0.011245739,0.072648324,0.008398937
1.3786502,0.00013725631,1.8606883,0.05176803,7.956056,0.94455874,27.16142,3.5487315e-05,16.937523,1.6803709,2.9326313,38.722008,0.7427022,0.011069793,0.0010817208,0.09263953,0.8632624,0.0131301945,0.09008364,0.010176258
1.2750382,0.00023325738,2.7975602,0.067885466,7.689558,1.0817055,35.239162,4.7118905e-05,14.064175,2.010038,3.0440028,53.657513,0.90077573,0.013989528,0.0013562824,0.14355619,1.1945397,0.011800133,0.07782293,0.009500521
1.1915094,0.00017009203,2.348594,0.07807405,7.2197986,0.9630297,28.226053,3.8792172e-05,17.234758,1.8107878,3.23469,47.970165,0.6248941,0.0121040065,0.0009396093,0.09697051,1.0418004,0.0148303965,0.0939731,0.00942554
1.3749106,0.0002133829,1.8475856,0.08281843,8.840047,0.88556105,32.79488,4.637074e-05,9.658,1.6168951,3.5024395,39.242367,0.9826915,0.01219925,0.0015298064,0.12219967,0.88907623,0.009866743,0.071839735,0.009032715
1.2135901,0.00038816358,7.0604973,0.100059204,8.518601,3.007358,38.217575,6.891245e-05,14.408306,6.806824,3.9677691,141.04079,3.4271038,0.023222253,0.002785552,0.14437437,2.8668964,0.013322813,0.09935471,0.011887983
1.2349281,0.00027040823,3.0793233,0.07277288,8.242386,1.1052245,38.763817,5.2202555e-05,10.615712,2.5561092,2.9804108,64.816025,1.5308908,0.01765329,0.0018720283,0.14422798,1.6357886,0.010837681,0.0730873,0.0093209855
1.2317746,0.00025288458,2.780221,0.06877593,8.238004,0.9672427,38.95341,4.8164376e-05,10.430738,2.1319284,3.306412,56.272457,1.2286776,0.015426821,0.0015248053,0.14114363,1.5058177,0.010822909,0.07110992,0.009289154
1.2629801,0.00027377796,3.661981,0.06665483,8.136576,1.1405259,40.341705,5.5516684e-05,11.884178,2.6560092,3.3945365,79.72031,1.475055,0.019969745,0.0020095368,0.17031212,1.9694922,0.011397079,0.07356872,0.010901295
1.2199283,0.00039317436,7.439745,0.10498544,8.403661,3.6316135,38.904396,7.115088e-05,14.202187,7.712506,3.261858,148.8089,3.7156126,0.025554689,0.003297087,0.14041361,3.2455873,0.013882884,0.10010481,0.012231818
1.3026824,0.00032624893,3.9075506,0.0865911,8.66522,1.423074,42.502064,6.0350092e-05,11.271866,3.4633887,3.503285,77.94409,1.9956319,0.018305702,0.0018874854,0.16099876,2.0149932,0.012579761,0.08752509,0.010497769
1.2295486,0.00034605505,6.2162356,0.10247379,8.566675,1.98134,42.333405,6.895711e-05,13.356097,5.0770526,3.7201612,125.941605,2.8206506,0.02451438,0.0028111618,0.19915736,2.8907633,0.012371337,0.07951191,0.011002359
1.2435242,0.00039376545,7.572037,0.11466414,9.512588,2.4018333,42.07637,7.2114686e-05,15.155414,6.7629023,3.3534477,145.77957,3.970635,0.026398512,0.0037458837,0.21892913,3.4528432,0.013992085,0.08200781,0.012357008
1.3509581,0.0002218348,2.5727808,0.072674766,7.903942,0.7827046,36.504295,4.6858175e-05,10.702828,1.5479261,3.6980107,52.810352,0.77116543,0.017491918,0.0013861718,0.14003432,1.3316976,0.011140053,0.070579395,0.00916789
1.3057932,0.00022601082,1.9984959,0.076814994,7.643306,0.8333463,34.82143,4.704608e-05,11.700232,1.5927941,3.3731642,41.634487,0.7957155,0.016578492,0.0012622903,0.13131927,1.0727435,0.011201805,0.080539,0.009011252
1.2749554,0.00024012454,2.711357,0.06613718,7.8926516,0.91356397,35.082035,4.986151e-05,10.291464,1.7258767,3.1465425,59.94444,0.9367146,0.016535504,0.0013837714,0.15800823,1.3498554,0.011286921,0.07870403,0.0094689485
1.2920479,0.00023225174,2.7009258,0.062504075,8.198876,0.88618743,37.41912,5.0434366e-05,10.895462,1.6986067,3.4267588,54.213364,1.0167402,0.014818401,0.0013746513,0.16634478,1.3611889,0.011450356,0.0808621,0.009249173
1.2580074,0.00036379107,5.582192,0.081367075,9.375786,1.7382144,45.562603,7.09352e-05,12.25285,4.127524,3.3310182,110.85366,2.4159234,0.020092055,0.002391312,0.24187349,2.523615,0.012194604,0.09446286,0.011250474
1.3703004,0.0002206946,2.622488,0.06920289,8.884044,0.9396745,43.992737,5.038863e-05,10.748488,1.9235257,3.5006196,55.3916,1.0220603,0.0151103735,0.0013808848,0.16166134,1.3870394,0.010829903,0.07483657,0.009452127
1.2960109,0.00022448682,2.670462,0.0609519,8.027726,0.9334282,38.481667,4.9070637e-05,10.271905,1.8860558,3.2714548,56.66609,0.9968435,0.015206365,0.0013749799,0.15833457,1.4192959,0.010398379,0.0754642,0.009484553
1.2977464,0.00026826846,3.6241703,0.07005561,9.065145,1.1357579,47.15193,5.6597295e-05,11.330768,2.682599,3.4636092,71.99108,1.5455543,0.016669817,0.0019282612,0.21464255,1.8646357,0.0114222085,0.075083405,0.011011865
1.3654573,0.00027521537,3.0905442,0.07819452,9.250466,1.08707,46.26018,5.9018836e-05,10.276751,2.2434683,3.4978366,62.250984,1.2609174,0.016476411,0.00158686,0.18983181,1.4839331,0.011048592,0.08129954,0.0100933025
1.353405,0.00025255172,2.9152763,0.07500343,9.033706,0.9844109,45.100838,5.3379397e-05,10.832652,2.0297265,3.6638064,60.72969,1.1103812,0.016220398,0.0015546648,0.17503695,1.562961,0.010813189,0.07164043,0.009805816
1.2799587,0.0002562927,2.9602542,0.06337936,8.517865,0.9990561,40.485268,5.2542877e-05,10.927389,2.0544946,3.3007648,61.3287,1.1431595,0.015376708,0.0016757709,0.1798685,1.5752736,0.010499067,0.073206894,0.009486088
1.3655962,0.00027233805,3.1461015,0.07192981,9.341108,1.1225176,46.607605,5.8366015e-05,11.369358,2.359564,3.3205588,66.74291,1.257838,0.01778339,0.0016197744,0.18965672,1.6497521,0.011844152,0.081418544,0.01031363
1.1805236,0.00048962474,8.0922985,0.1206611,9.183328,3.0710294,41.338955,8.820578e-05,18.802341,7.291497,3.100661,158.80199,4.2091537,0.028528254,0.0033218395,0.28227746,3.6920683,0.017887626,0.113699555,0.01541005
1.2881962,0.00041808,7.6792645,0.10300167,10.22775,2.809713,45.128067,8.143773e-05,16.360474,7.132364,3.5764942,149.6187,4.055578,0.02380693,0.0035854492,0.26440078,3.5404847,0.015411486,0.09969207,0.014157073
1.2522548,0.0004981838,8.937244,0.117449716,9.220227,3.520565,41.140396,8.352212e-05,16.20728,8.643283,3.0927877,179.26321,4.880408,0.027530907,0.003694562,0.26833662,3.7845724,0.016893908,0.1060012,0.015011086
1.2646295,0.0003858872,6.6424007,0.08964645,9.889872,2.3941236,44.7225,7.979454e-05,15.112713,5.755316,3.1051276,133.71538,3.3250258,0.022478621,0.0032678281,0.2540269,3.2182114,0.013340411,0.08831162,0.012567126
1.3226568,0.00031180368,4.626459,0.066413194,9.502595,1.3193158,49.694584,6.230135e-05,11.558855,3.4405572,2.770586,89.559906,2.0790143,0.019093394,0.002242314,0.23229964,2.1609836,0.011588852,0.08418638,0.011461862
1.2905856,0.00027529727,3.5668914,0.067594424,8.773244,1.078409,44.830967,5.7217945e-05,11.492168,2.4242342,3.904667,73.84238,1.2993406,0.015923172,0.0018478015,0.20389049,1.8353518,0.011660808,0.07272595,0.010036878
1.2827916,0.0004269308,7.5241246,0.10750283,10.263934,2.7350333,44.00334,7.820403e-05,18.681108,7.042438,3.289239,140.89076,4.001629,0.025613844,0.0035031938,0.2671787,3.3561697,0.015943117,0.1009889,0.014838316
1.2860136,0.00032581485,4.139289,0.08079385,9.071997,1.3913108,46.33027,6.831174e-05,11.867723,2.878346,3.76297,94.48811,1.6504918,0.01955371,0.0021651802,0.24334611,2.0174963,0.013039284,0.081911914,0.011183665
1.2888707,0.0003045371,3.9333744,0.07661052,8.914954,1.2509207,44.97094,6.099882e-05,11.387668,2.8743746,4.126645,86.1209,1.5668234,0.017622517,0.002078323,0.21794307,1.9661641,0.0121454075,0.075577624,0.01055163
1.273102,0.00032422147,4.381708,0.076719075,8.955122,1.3932909,45.664906,6.573326e-05,11.962139,3.1150243,3.4919667,94.1015,1.9391232,0.018307887,0.0020590576,0.25336963,2.1618958,0.012386846,0.078399114,0.010689768
1.3348145,0.00026310713,4.0897365,0.065124944,9.022363,1.1723768,45.82046,5.8284622e-05,11.757426,2.5900593,3.3696826,80.69411,1.4207543,0.017824123,0.001959273,0.20772976,1.9707735,0.010754189,0.06918735,0.01017828
1.2812288,0.0003214003,4.123285,0.08372752,9.29045,1.2814867,47.41543,6.543472e-05,12.36179,2.7885652,3.125076,94.03754,1.8762465,0.019569468,0.0019973489,0.23545264,1.9926722,0.012622679,0.08099597,0.01057647
1.2829449,0.0003264427,4.0592246,0.08025562,9.209595,1.1894152,47.58018,6.24631e-05,12.151622,2.8186014,3.7568498,84.534706,1.6919775,0.018670592,0.0017693201,0.22693752,1.8728476,0.012177663,0.08412362,0.009902567
1.2653731,0.00024933508,3.0861065,0.0620317,8.156017,1.0179824,40.35087,5.2223942e-05,10.308869,2.2106633,3.3938677,63.82048,1.2810271,0.01580571,0.0017904037,0.15092173,1.5136153,0.010107834,0.07421177,0.009024399
1.2665578,0.00032397112,4.0329585,0.064697325,8.747757,1.3816959,43.775204,6.228925e-05,12.08275,3.0734086,3.3728142,86.247246,1.733151,0.019967817,0.0022579015,0.17989333,1.7742019,0.010610567,0.077336036,0.009421373
1.307502,0.0002758483,3.3562486,0.076169536,8.37249,1.0923018,42.664745,5.5171462e-05,10.602558,2.3194318,3.1048622,71.45172,1.3418009,0.018456006,0.0016658154,0.18094392,1.7097539,0.012447308,0.081389606,0.009886655
1.2369183,0.00035999808,4.605565,0.07772419,8.358953,1.4460893,42.081013,7.188076e-05,12.1151905,3.3563786,3.3125231,101.21087,1.9675418,0.021639936,0.0022002317,0.22121038,2.438797,0.012056048,0.08096399,0.0109252995
1.3512745,0.00026072832,2.8413877,0.08249761,8.119185,0.9447646,41.236984,5.2114196e-05,11.217778,2.0822408,3.4767253,62.045803,1.230292,0.016000418,0.0014920111,0.15790033,1.3808608,0.010054226,0.07767458,0.008843703
1.2947383,0.00021668342,2.6011174,0.067769855,8.089549,0.94702756,39.383385,4.2958054e-05,10.739937,1.9679755,3.5414152,54.611492,1.1312594,0.015364631,0.0013420136,0.13549295,1.199353,0.009352985,0.065544575,0.008177163
1.2889404,0.0002194727,2.6222014,0.074081905,8.312353,0.89752513,40.27542,4.6062145e-05,10.876885,1.8710823,3.2942708,55.271492,0.9883943,0.015083495,0.0013782848,0.14606315,1.2566866,0.010551649,0.069985606,0.009146407
1.2274984,0.0003403427,4.9856796,0.088874675,8.406361,1.474181,41.941227,6.847804e-05,12.754577,3.2289655,3.3151903,101.603836,1.739798,0.02137149,0.0023624515,0.22369374,2.413172,0.012458435,0.09497923,0.011082359
1.3123795,0.00027336704,3.1893578,0.08653452,8.035392,0.8818431,40.835728,5.5256096e-05,12.837539,1.8206697,3.3796098,70.889656,1.1037633,0.023768073,0.0018254042,0.16801322,1.5792369,0.010258685,0.075841375,0.010300766
1.209461,0.00046970448,7.2145348,0.10597349,9.171119,2.7638335,43.79608,8.148187e-05,13.8874655,6.407919,3.5283613,144.20177,3.6708362,0.024420327,0.0033921043,0.23073563,3.300889,0.013453041,0.095822856,0.011739814
1.3301038,0.0004385277,6.3490186,0.10998696,10.051664,2.0402963,47.30569,7.6121134e-05,13.321921,5.3053203,4.2541804,128.14642,2.8375852,0.02284828,0.00312847,0.24215,3.1883118,0.013126428,0.08407592,0.011641043
1.285225,0.00042430806,6.0849156,0.1107344,9.118981,2.0839884,41.717167,7.711891e-05,17.259222,5.020513,5.0970807,128.13834,3.3031182,0.026167441,0.0032004672,0.22460806,2.886421,0.013445576,0.10029567,0.013400625
1.3827221,0.000357869,5.0954313,0.07739708,10.122534,1.3725774,52.39926,6.5588545e-05,12.989509,3.8998847,2.8073258,98.16773,2.3569472,0.0212451,0.002599804,0.23225535,2.5643246,0.011706044,0.086088896,0.011258357
1.2888911,0.00033315725,4.3194227,0.078899205,9.280204,1.4660838,45.0281,6.488156e-05,12.724794,3.5517724,3.5813885,88.60893,2.0458925,0.017977035,0.002143622,0.20174512,2.3721106,0.010914218,0.08159207,0.009361806
1.2875983,0.00031211769,4.991353,0.07580651,8.634597,1.4114052,41.419632,5.9546786e-05,12.869851,3.4022007,3.6923358,96.62829,1.9659344,0.01805411,0.0019397229,0.1985106,2.3777945,0.011680525,0.07258533,0.009218294
1.2413664,0.00052794436,10.132725,0.13501921,9.740848,4.2768917,43.930195,9.3848575e-05,23.591858,9.659699,2.9062822,204.61235,5.0407877,0.03226997,0.0035217744,0.2512055,4.5504875,0.019474259,0.118974954,0.016127892
1.2250819,0.00046552977,8.7579,0.11407379,9.600548,3.836341,45.17166,8.85999e-05,16.957062,9.295704,3.0717952,170.74747,5.2290425,0.026003683,0.0040706536,0.2664448,4.271667,0.016962819,0.10031411,0.014887078
1.2601932,0.00047221323,8.368585,0.13270256,9.518242,3.4948144,43.56569,9.2753275e-05,22.698988,8.660043,2.1860106,171.94519,4.75853,0.026828185,0.0036691017,0.29397222,4.3527517,0.022259833,0.11684186,0.018484915
1.2211953,0.00029496083,4.222384,0.07509286,7.8827415,1.2231117,36.93896,5.29615e-05,14.307987,2.8362758,4.09353,85.81196,1.5311365,0.020323046,0.0018146419,0.19761948,2.3119032,0.013797861,0.07756603,0.010361956
1.2404878,0.00051612186,9.322265,0.14956467,9.663494,3.4781296,41.974632,9.758025e-05,27.074451,8.100332,3.1353893,184.0324,4.03383,0.033976153,0.0032497784,0.24579352,4.1346283,0.021640908,0.13261703,0.018496934
1.3405931,0.00025966734,2.8510044,0.08162385,7.9503284,0.8736001,40.776165,5.1440722e-05,11.751125,1.7914662,3.5006382,60.31686,1.0312582,0.016666187,0.0018469287,0.13719243,1.5259364,0.010081647,0.068783894,0.008850299
1.2742342,0.00025259296,3.0257096,0.065678515,8.077883,0.993064,42.414047,5.0587765e-05,10.05364,2.2041101,3.5790248,63.008175,1.2724632,0.015675347,0.0014819957,0.15605105,1.5668074,0.010086563,0.069728054,0.008946501
1.3709033,0.00025916516,3.0765665,0.067984395,8.926744,0.97232956,43.389755,5.3416552e-05,10.980926,2.2473395,4.3297596,65.12366,1.2624456,0.016510356,0.0016225557,0.15882094,1.518275,0.010193466,0.067432016,0.009090797
1.2915238,0.00025053028,3.1537883,0.07222533,7.8721876,0.9293177,40.023724,5.187794e-05,10.6667795,2.0899124,3.6259446,72.6671,1.2647954,0.015996482,0.0016190928,0.16772878,1.5296675,0.010595756,0.0619267,0.008644237
1.2884449,0.00028205977,3.312283,0.072903335,8.565054,0.99893254,42.413177,5.3025287e-05,10.570829,2.2839553,3.6354444,69.32499,1.278891,0.01803293,0.0018609932,0.17016168,1.9108152,0.01053953,0.07281079,0.0094050355
1.2555491,0.00028160593,3.3627393,0.07369753,8.230885,0.9940814,41.049686,5.4510434e-05,10.546795,2.2887883,3.3555582,70.852,1.2958686,0.01849363,0.0016957667,0.17154722,1.7515519,0.010598385,0.070368074,0.009190683
1.2169528,0.00038688944,6.499734,0.10724923,9.401634,2.4100354,39.85972,6.9796544e-05,15.00241,6.27799,3.3071146,128.03539,3.8655474,0.025856799,0.0032837128,0.18939257,3.1777174,0.013386341,0.07795649,0.011758038
1.2658561,0.00025996397,3.077187,0.06905762,7.6361675,0.89412606,40.081757,5.0878134e-05,10.397978,2.0208163,3.606489,63.48565,1.1295196,0.016124893,0.0017619773,0.13951442,1.5723329,0.009289201,0.06640055,0.008672847
1.2867315,0.000102647864,2.1459358,0.05258411,6.1026134,0.9217857,20.447077,2.7883192e-05,13.681234,1.3934567,0.7878331,46.914303,0.28090075,0.009954412,0.00050486746,0.06655512,0.64118606,0.01447088,0.08454469,0.008842299
1.343292,0.00010697019,1.6767592,0.06208659,6.4764256,0.86478716,20.700018,2.9148008e-05,15.743619,1.4461268,1.0785456,43.009567,0.53831506,0.0068148635,0.00068550935,0.074161015,0.7029298,0.014216949,0.09210862,0.008155114
1.2415698,0.00010700986,2.2232966,0.03946389,5.976464,0.8975879,21.35921,2.8339808e-05,13.945293,1.4943374,0.7906607,48.01767,0.3856664,0.009743215,0.0005497451,0.07708825,0.7146437,0.015144847,0.08804944,0.009598716
1.4825468,9.4520205e-05,1.5855048,0.09293055,5.399474,0.5566887,19.739105,2.3206632e-05,19.016806,0.80335253,1.0661782,49.818005,0.072952695,0.008345322,-0.00040298607,0.05490496,0.4055123,0.014572036,0.083873935,0.007373876
1.2786547,0.00016743701,1.7318889,0.0598148,7.771539,0.95032126,31.117765,3.5947785e-05,11.965246,1.5305575,0.42126969,45.280605,0.72767204,0.01353248,0.0012823656,0.072842,0.9432306,0.010607322,0.08055546,0.008646827
1.1643096,0.000168407,2.4027445,0.0439373,8.352112,1.1956037,36.43506,3.816556e-05,15.7862015,2.1290636,1.4997886,47.87978,1.0383302,0.012448377,0.001055899,0.10961183,1.1005949,0.012209698,0.09067871,0.008632413
1.3359526,0.00019000008,1.4008378,0.06392454,11.276553,1.1131698,45.38889,3.7406582e-05,18.652397,1.8727173,1.9000705,44.79544,0.91506654,0.012946543,0.0013824082,0.0889025,0.7674327,0.010500097,0.08079042,0.007902425
1.4633718,0.00018620973,1.6762582,0.051172893,8.201084,0.9461486,33.726437,3.676128e-05,16.229708,1.5401369,1.4715675,44.858692,0.78140724,0.011628272,0.0010611837,0.09089467,0.9056992,0.012232928,0.09312778,0.009693583
1.356755,0.00014422664,1.8043774,0.056602146,7.362184,0.9221936,29.415592,2.89316e-05,15.463396,1.5111626,0.40265694,47.313057,0.54730844,0.011579325,0.0006862657,0.08943704,0.7971526,0.01615743,0.08930232,0.010062883
1.3506212,0.00010501379,1.9019921,0.049337387,6.480842,0.85184336,25.917416,2.6689353e-05,14.597669,1.3456414,0.5785178,46.118576,0.33284077,0.008755027,0.00029505696,0.08517742,0.5843663,0.014902521,0.08691954,0.009364749
1.2320309,0.00020166136,1.7139275,0.0704969,9.464074,1.1367465,45.00613,4.2523454e-05,14.081618,1.6921477,2.346442,48.312954,0.7207365,0.016077764,0.0012898351,0.09719592,0.90525013,0.009163903,0.08157814,0.0084792655
1.3543438,0.00015096884,1.7974547,0.05881952,7.1542907,0.9745265,25.61074,3.8303453e-05,17.884296,1.2912008,0.4868377,43.60755,0.4895121,0.013977853,0.0008343944,0.09235537,0.8949219,0.0154654905,0.12486848,0.0094376
1.2149131,0.00015502458,1.7620933,0.046355195,7.5968366,0.9758319,32.674854,3.420641e-05,13.819055,1.5430939,0.37885252,45.290115,0.6801928,0.013780535,0.00094253285,0.091937564,1.0666131,0.013828581,0.070880376,0.009771371
1.259052,0.00019250614,2.342875,0.059263617,7.928985,1.146569,34.53081,4.1670497e-05,11.309449,1.982646,0.1174632,51.154167,0.89393675,0.018912926,0.0016729846,0.10635683,1.1993675,0.009705654,0.07530411,0.009071684
1.5785849,0.00027693086,2.0711317,0.13345054,10.235417,0.8984913,48.08111,5.6687022e-05,19.075747,1.585868,3.6088247,39.91117,0.79278755,0.019400874,0.0012906311,0.16138016,1.1616896,0.013799359,0.09992016,0.012869719
1.2106291,0.00019337071,2.492339,0.053654883,7.732573,1.1352236,32.88982,3.8259826e-05,11.620976,2.0587544,0.2556973,51.710747,0.9525267,0.014249549,0.0014324262,0.110578716,1.124911,0.010906337,0.07015091,0.00862565
1.2255951,0.00017050796,2.3704638,0.04965772,7.556012,1.2066292,31.004236,3.827826e-05,12.182763,2.0902169,0.3043764,48.889523,0.84042645,0.014163814,0.0014939051,0.10306556,1.0455025,0.011291905,0.083714664,0.009793323
1.567939,0.0002770384,2.2559996,0.0750229,9.111497,1.162218,43.95498,5.0040766e-05,18.707447,2.0942574,2.9377012,44.680893,1.0315669,0.015874868,0.0012962625,0.16679288,1.2576296,0.014920642,0.09276792,0.011956509
1.3341998,0.00019727636,2.0103774,0.08396474,7.9906344,0.952878,40.178066,4.3105407e-05,16.386658,1.5674587,4.5422015,39.878315,0.72152925,0.0147634605,0.0011598035,0.12586388,1.0677541,0.012445378,0.084221974,0.010789841
1.2929078,0.00017688204,1.5098314,0.050729517,8.028645,1.1341629,34.1101,3.866943e-05,10.700889,1.6688743,0.10700019,42.114548,0.77261436,0.01492859,0.0016028036,0.084804505,0.8802166,0.008947954,0.069809936,0.008444159
1.3685211,0.00023438218,2.234769,0.11200376,8.752915,0.9757885,39.59777,4.6169094e-05,17.21219,1.6159945,5.5755205,48.04085,0.75025094,0.016032832,0.0011212319,0.13989833,1.0889467,0.014144304,0.07736543,0.011375948
1.3978137,0.00018786069,1.3797872,0.06497457,10.102118,1.0264394,46.5124,4.3255357e-05,15.304353,1.87606,5.1490846,44.62365,0.86229396,0.01442356,0.0015822838,0.11110401,0.96475524,0.010860494,0.083066046,0.009979495
1.2090183,0.00013487041,1.7248299,0.058552906,6.938349,0.86059135,28.165014,3.416377e-05,15.672818,1.3446169,0.7587673,45.75652,0.5167809,0.012734946,0.0010421487,0.08073648,1.0658592,0.0145066185,0.07189899,0.009995357
1.6687595,0.00021256678,2.1443586,0.08145922,8.036041,0.9582036,45.14547,4.838708e-05,19.986275,1.5576336,2.6337688,37.838352,0.7352384,0.016050486,0.0012673403,0.1523406,1.2594578,0.013268794,0.094847396,0.011399929
1.1723237,0.00016362475,1.6895996,0.061880838,8.256229,0.8486857,31.11108,3.7390942e-05,12.870417,1.4551623,1.1792309,41.867054,0.8727215,0.013523834,0.0013326447,0.10116214,0.92651707,0.012479407,0.08076082,0.009232167
1.4091417,0.00021184518,1.8743654,0.082878225,9.544504,1.0681391,43.836803,4.1066698e-05,14.463195,1.7789832,4.1003428,45.606537,0.8738354,0.01469608,0.0011258004,0.12179657,1.1093981,0.010802258,0.08379276,0.008981995
1.2041566,0.000108768174,1.8376156,0.050427377,6.894201,0.78921425,25.103502,2.6537658e-05,12.646537,1.2989837,1.20911,42.05104,0.54842424,0.009510206,0.0006018717,0.057300508,0.5771079,0.011431693,0.10018611,0.008193715
1.3185631,0.00020686007,2.2752473,0.06025163,8.0454235,1.2205138,34.627895,4.227583e-05,14.79116,2.290604,1.1275305,51.59797,0.9420766,0.013406778,0.00088013365,0.11035244,1.0364966,0.011820354,0.10320541,0.008068238
1.4248338,0.00022858943,2.0297337,0.07608116,9.832136,1.0986768,46.935673,4.8528804e-05,14.795158,1.8595412,3.8703392,47.920456,0.9362529,0.015831621,0.0013065637,0.14256115,1.2185744,0.010007379,0.08700808,0.008634957
1.2751588,0.00021425883,2.1225722,0.08019162,7.9437647,1.1594145,39.612244,4.202461e-05,19.635206,2.0487676,3.8397582,51.946865,0.93608195,0.015324742,0.0013696556,0.13050056,1.2732948,0.011713226,0.09829876,0.008381178
1.3975829,0.00024049425,2.2794592,0.056042504,10.71195,1.2271403,45.38922,5.2157386e-05,13.884379,2.3260722,6.095173,50.708565,1.2280817,0.014922901,0.0014842916,0.1575418,1.3457975,0.012668251,0.07828675,0.0100276815
1.3677951,0.00010797532,1.6374553,0.04498985,6.9773927,0.89524114,21.862747,2.7349064e-05,17.157656,1.2032379,1.1627326,43.53453,0.3023588,0.0068909377,0.0001221256,0.0473073,0.4662318,0.012313758,0.12672856,0.00779315
1.4107116,0.00023929731,2.6253936,0.06659599,8.870751,1.1460292,44.053417,5.2501517e-05,13.432726,2.1273024,4.363212,53.13742,1.0166318,0.014375244,0.001465409,0.16599393,1.4970177,0.011745609,0.07617644,0.010246837
1.4186633,0.00021560323,2.4218233,0.061774414,7.702242,1.1862353,41.895477,4.672003e-05,17.964678,2.3194478,5.0640764,48.65059,1.0939121,0.015083018,0.001610177,0.14778234,1.4447563,0.013739994,0.085767634,0.01110372
1.3459737,0.000110384266,1.8461441,0.04384597,6.934688,0.90675896,26.849228,2.8012906e-05,18.030903,1.2275838,1.1907772,46.866817,0.36292642,0.0078889495,-5.2358926e-05,0.0657733,0.52072227,0.013993111,0.12221198,0.008092387
1.4127042,0.00019911751,1.9052986,0.07764358,9.114816,1.0365152,47.684082,4.855034e-05,13.800167,1.9292302,4.2748528,42.60631,0.8110414,0.013685281,0.0012540723,0.13430808,1.1103802,0.012659421,0.107524514,0.011006028
1.1796736,0.00017351919,1.8244954,0.06678477,8.320646,0.9159142,32.16892,3.897883e-05,12.118733,1.5684618,1.0403919,40.89436,0.8612387,0.013548634,0.0013070053,0.106309876,0.96095324,0.011945036,0.077785216,0.009374208
1.239275,0.00018214968,2.0959184,0.06633964,9.936147,1.1366165,38.64493,4.2117397e-05,19.173922,1.8600829,2.1419356,38.17263,0.97995204,0.011690737,0.0012253395,0.11606588,1.069885,0.01031611,0.07573842,0.008056552
1.528785,0.0002116672,1.7075727,0.065662734,10.853598,0.9531524,41.752026,3.9879535e-05,14.74831,1.6970383,1.4622188,39.657314,0.81461275,0.013282751,0.0013539646,0.108349904,0.94851667,0.010580394,0.077253856,0.0101570785
1.2867721,0.00018609322,2.061368,0.07398029,8.094006,0.96761626,34.33975,3.327452e-05,11.541405,1.9089634,1.0128667,47.419437,0.8928357,0.011198323,0.00086290477,0.09056986,0.92195183,0.0124252625,0.09264285,0.008426981
1.6013529,0.00019852443,1.8037958,0.056704663,10.628998,0.8836268,40.46721,4.224378e-05,14.659283,1.5343691,1.2685275,35.95371,0.8458308,0.013724902,0.0012020932,0.12023199,0.9640397,0.0114973355,0.07301054,0.010977066
1.6271873,0.00023757119,2.1627388,0.08975583,11.065907,0.93812454,44.6276,4.975746e-05,15.294392,1.6558063,1.9885983,39.393158,0.7488816,0.017141696,0.0014479051,0.15577038,1.154265,0.011467424,0.07646277,0.012298093
1.3679609,0.00021380057,2.2581298,0.070588455,7.284685,1.0510685,39.907406,4.6913992e-05,18.612537,2.0014873,6.213458,42.02818,0.95260555,0.014036708,0.0014234858,0.14543873,1.31104,0.015646053,0.089965835,0.011325534
1.3874613,0.00017284244,1.2020187,0.069468714,12.332537,1.0155377,50.42083,4.409148e-05,13.764933,1.8546269,4.778017,49.438194,0.860084,0.015207211,0.0016175145,0.10454076,0.877242,0.0100450525,0.084440775,0.010175971
1.3645709,0.00018909534,1.2007543,0.06763406,11.615656,0.9998019,46.30209,4.2926415e-05,13.438202,1.7732769,5.350566,43.53276,0.858926,0.014576217,0.0015358464,0.100858666,0.8154251,0.010636582,0.08086369,0.0095981695
1.3468789,0.00020347063,1.609879,0.063374065,11.53993,1.0366406,46.528957,4.795315e-05,12.69778,1.8288735,6.212029,45.305218,0.90536845,0.013364125,0.0013887543,0.11533269,0.9498306,0.0106499465,0.0847201,0.009878954
1.4000432,0.00021089708,1.8191077,0.06146987,9.967412,1.1344999,46.59571,4.5604775e-05,17.345903,2.1029246,5.9025483,47.148617,1.0903915,0.014552627,0.001467126,0.13655467,1.1038922,0.012594959,0.08499529,0.01086463
1.3915926,0.00016748536,2.1119463,0.062219206,7.3355885,1.0639075,31.201439,3.5011202e-05,24.536171,1.8407574,1.2232693,48.92452,0.56998825,0.010222191,0.00027783643,0.098090366,0.7706308,0.015915385,0.14390233,0.008508154
1.2880968,0.00018839986,2.515441,0.07310281,8.272416,0.98292494,39.590057,4.2475614e-05,17.655111,1.8996959,1.680543,49.261375,0.97427905,0.013025954,0.0013758355,0.11293169,1.3177503,0.010803878,0.074917436,0.008254084
1.342296,0.00019145338,1.4479481,0.06571233,11.636559,1.042219,47.859615,4.5701578e-05,14.202721,1.8273337,5.9477873,46.028725,0.9117008,0.014113933,0.0016313425,0.117925756,0.94506353,0.011459681,0.084428824,0.010259183
1.4822916,0.00017963897,1.7980498,0.064296745,10.615076,1.0647305,48.306805,4.691416e-05,13.399347,1.837748,4.6821704,41.583088,0.8719875,0.014109775,0.00138297,0.12995215,1.0186303,0.010988125,0.10413605,0.011272135
1.4084816,0.00017481805,1.710539,0.062888175,7.98936,1.0458032,34.713203,3.6040725e-05,17.359806,1.716806,1.2432497,52.034603,0.60881025,0.011380673,0.00051474234,0.08839816,0.7596556,0.015471187,0.1195024,0.009840601
1.2542495,0.00015035854,2.2814522,0.031737912,6.872197,0.9842159,22.660084,3.4190252e-05,17.733316,1.6644078,0.84058046,48.334187,0.671627,0.0078375675,0.00035165815,0.101418115,0.78032416,0.016052015,0.11107718,0.008497874
1.223239,0.00018407877,2.4332855,0.058337558,8.052384,1.0551775,29.721256,3.7949812e-05,13.75408,1.6515607,1.418885,46.291214,0.9199,0.013008247,0.0010264709,0.111207314,1.0950941,0.012454028,0.09636113,0.009283416
1.477967,0.00026463217,2.8170438,0.073116094,8.584651,1.209567,40.580338,5.2901996e-05,17.04366,2.2212214,2.396302,53.84266,1.1320506,0.015528299,0.0015272545,0.17886794,1.4886115,0.013047476,0.08942886,0.010816404
0.92741084,0.00017251539,2.200653,0.04856704,8.652425,1.2177699,34.28489,3.7888592e-05,14.034695,2.2032075,2.4234426,39.185833,1.1341636,0.0124479765,0.0013142333,0.09248296,1.0975049,0.009570756,0.079623654,0.007678015
1.1472842,0.00020263987,2.6449149,0.05723028,6.734472,1.0822728,24.04605,4.4009943e-05,13.093416,1.8572041,1.739843,52.559544,0.8720069,0.014666002,0.0010692549,0.11201529,1.0509939,0.011452075,0.1024213,0.008146202
1.0979738,0.00017903843,2.3445318,0.059911165,7.150276,1.1741985,32.46497,4.002568e-05,16.111876,2.00485,2.6784523,43.135048,0.9128789,0.012188544,0.0011631773,0.10092364,1.1409094,0.011621413,0.09067146,0.009162083
1.2256273,0.00014648399,2.115452,0.06605895,8.866764,1.117403,36.8555,4.0581574e-05,10.732972,1.7404712,2.9787061,46.688034,0.89949334,0.014105495,0.0012107922,0.11151081,0.8249672,0.010397661,0.09557584,0.010295365
1.335167,0.00018542846,2.0800622,0.061202586,8.332086,1.0717057,40.04421,4.3250868e-05,13.884956,1.7999527,4.6962304,41.66391,0.8434389,0.014014834,0.0011110506,0.13432354,1.1354275,0.011452692,0.102426924,0.009984281
0.9800057,0.00018551163,2.2028494,0.058290973,8.732737,1.15433,33.5903,3.865885e-05,16.667744,1.8571746,2.6536949,38.15812,0.81281346,0.012448645,0.0009913152,0.105833344,0.95139045,0.009411362,0.0894101,0.0068028728
1.2826177,0.00019762592,1.7839884,0.061681557,9.310742,1.2118397,44.816532,4.1826926e-05,15.055741,2.1580293,2.6720474,37.407745,1.084804,0.012560108,0.0011535096,0.10301193,0.91629994,0.00913532,0.07946009,0.008393633
1.6535746,0.00020555806,2.1800992,0.07024506,9.799983,0.9360986,43.687443,4.560259e-05,22.852732,1.7261287,3.1713505,36.13681,0.82977796,0.015515852,0.0015754336,0.14637193,1.2154592,0.011442065,0.07728617,0.009868202
1.3739636,0.00021455929,1.1601915,0.06810007,11.457653,1.1028143,44.32681,4.7061778e-05,12.986241,1.6078812,2.0735707,40.72969,0.87049425,0.015865102,0.0012175657,0.104696415,0.82794374,0.010724503,0.07740566,0.009443717
1.2372901,0.0001618598,2.2434275,0.06625084,7.355341,1.0768442,40.53084,4.0596966e-05,14.547459,2.0391715,4.2497606,42.516827,0.8544315,0.013932371,0.0011972985,0.14892335,1.0301135,0.012963547,0.11402364,0.011650058
1.2247243,0.00018413384,2.2714715,0.08495654,8.525183,1.051094,41.319794,4.1017225e-05,14.76152,1.9341094,4.426178,49.200275,0.993508,0.015221897,0.001418514,0.11956867,1.0465919,0.011041843,0.09231815,0.010667777
1.3866986,0.00021598174,3.1522937,0.054114044,8.223106,1.1352105,46.671593,4.7067733e-05,9.579767,2.437355,3.1772413,61.806988,1.3345907,0.011736529,0.0016191549,0.1430609,1.4147832,0.010884685,0.07431449,0.009599818
1.3340545,0.0002777426,3.3582082,0.07726475,7.839576,1.2359041,38.07775,5.48939e-05,9.841297,2.7055852,2.3652034,64.12415,1.3063061,0.015540778,0.0017913762,0.16376986,1.6540222,0.008527184,0.078865625,0.008066163
1.3535453,0.00025390022,4.7589192,0.08277604,10.143955,1.6974206,58.834145,7.3165895e-05,12.533423,3.3665328,3.0663965,90.969376,1.610175,0.018264899,0.0022067872,0.25994214,2.3879862,0.01551539,0.10738392,0.013029615
1.2799599,0.00029054203,3.4546561,0.08066636,7.8667116,1.2878268,38.041218,5.716246e-05,9.574018,2.7324758,2.601639,67.02784,1.3150264,0.016336111,0.0018341701,0.16963604,1.6688536,0.008974669,0.08426945,0.008222363
1.2900075,0.00032082328,4.6530695,0.065463506,9.052419,1.6933221,44.85611,6.3003245e-05,12.034665,3.9750628,2.9804044,89.61902,2.1424541,0.024242185,0.0021945713,0.20066607,2.0553656,0.011773339,0.07457278,0.010556569
1.2827547,0.0002514471,4.3502207,0.052397158,9.340716,1.6727934,52.42949,4.9638358e-05,9.260846,3.6980639,3.0030425,82.26301,1.900224,0.010893101,0.0017773008,0.18070424,1.9517086,0.012178947,0.06694178,0.008962649
1.3373272,0.0003648081,4.421916,0.06273062,9.154352,1.6103274,46.73367,6.2391024e-05,8.167738,2.764114,3.2764347,88.57001,1.3871241,0.025065398,0.001892342,0.1790257,1.9163862,0.009416449,0.08082173,0.008504902
1.3574314,0.0003922442,4.6897826,0.062568195,9.517497,1.9438381,44.66704,7.567346e-05,10.059441,4.0326996,3.4151735,90.57665,2.0866325,0.02049507,0.002521398,0.22778143,1.9054395,0.011507305,0.08018527,0.011278267
1.2896215,0.00033947176,4.064969,0.11838706,8.664771,1.5780796,43.399143,6.926347e-05,9.889902,3.4733918,3.6423852,80.9614,1.6656095,0.022575093,0.0026781945,0.17921095,1.8461254,0.011233713,0.088566005,0.009248479
1.325905,0.00036043348,4.8513384,0.08304976,9.540676,1.7711427,50.43027,7.478995e-05,10.518621,3.391805,3.2555661,93.9917,1.7759656,0.026204742,0.0027512584,0.21918887,2.311261,0.00945204,0.05991315,0.01149034
1.3317224,0.00038618906,4.7534175,0.07205333,9.495746,1.8752363,44.966663,7.752945e-05,11.885372,3.6709363,3.3418252,93.943695,2.039347,0.02277257,0.0025723688,0.2170195,2.1633756,0.010250356,0.074824,0.01157064
1.3181484,0.0003093755,3.9865723,0.07431173,7.995607,1.1384063,37.82303,5.156344e-05,10.13018,2.2736418,3.4122634,81.17009,1.0043406,0.024053197,0.0013505393,0.16696161,1.7972766,0.011071568,0.07323119,0.008298236
1.2189144,0.00038264334,6.674856,0.09715604,8.509495,2.6880884,38.23124,6.752691e-05,14.869022,6.188534,3.9653637,133.52895,3.2457075,0.022499027,0.002634873,0.15342034,2.7513812,0.013639866,0.10013641,0.011996491
1.2308159,0.00039390608,7.0969806,0.09973992,9.16281,2.5790427,40.712357,7.209222e-05,17.480486,6.184445,3.2855527,137.78429,3.6700006,0.024935162,0.002948895,0.19528551,3.1489272,0.014158328,0.09337602,0.012451421
1.2430853,0.00025371846,2.9256368,0.067379326,8.260186,1.0419128,39.21963,5.017257e-05,10.513469,2.439818,3.0590749,60.557438,1.4576254,0.01623227,0.0017692602,0.14205524,1.583823,0.010573913,0.07251843,0.009111655
1.2573911,0.0002972617,3.410972,0.077713035,8.257556,1.2374793,41.16068,5.5956738e-05,10.840555,2.9022088,3.3159354,67.36216,1.6158992,0.01858984,0.001919807,0.15812647,1.8212119,0.010268497,0.0759237,0.009069753
1.2616644,0.00027293197,3.6332624,0.0689305,8.165648,1.1457769,40.728237,5.4912787e-05,11.874328,2.6418347,3.6127977,78.31218,1.4679111,0.01969902,0.00206915,0.17015335,1.9383279,0.011469887,0.073237576,0.010957082
1.2515252,0.00032381312,4.000243,0.078719534,8.409426,1.3216441,41.491566,6.0083767e-05,10.998844,3.1273355,3.311764,79.34777,1.7987968,0.019571008,0.0022824893,0.18457508,2.229915,0.010966173,0.08063051,0.010125612
1.2583127,0.0002477667,3.185208,0.059712086,8.430915,1.0335654,40.18044,5.054902e-05,11.027528,2.6725736,3.2817786,64.37054,1.5629032,0.01678332,0.0020146691,0.14637245,1.7729653,0.009994492,0.06510312,0.008610524
1.3022138,0.00019127518,2.6956038,0.058260053,8.098557,0.88312554,37.825447,4.5766486e-05,10.217385,1.6732186,3.6329432,56.500782,0.7955333,0.013752108,0.0012029897,0.14108387,1.2627835,0.0101589225,0.073215984,0.008649853
1.3733377,0.0002311029,2.2982247,0.0775857,7.8510666,0.8039003,36.845016,4.9732622e-05,12.227261,1.6362003,3.5543838,47.56146,0.80324334,0.017918993,0.0013256352,0.1464893,1.2991884,0.012189085,0.07526346,0.009882313
1.3342377,0.00022378715,2.7288458,0.068140015,7.6380754,0.7258187,37.354317,4.6620098e-05,10.627439,1.4930117,3.5201564,57.241184,0.8480245,0.01676133,0.0014454859,0.13987857,1.4344143,0.010279863,0.07260299,0.008978927
1.2218103,0.00033175122,3.7399828,0.07601136,8.588088,1.249916,39.44775,6.471475e-05,12.020503,2.584476,3.202704,78.82091,1.4362131,0.018132085,0.0019893155,0.21810955,1.9369562,0.011169354,0.08474072,0.009437665
1.2526267,0.00029881956,3.4939544,0.07783337,8.7674885,1.1246568,39.265965,6.0620852e-05,12.054204,2.2364917,3.322871,79.908195,1.2537788,0.01952636,0.0017052769,0.20024462,1.7479976,0.011652357,0.08267696,0.010224477
1.287755,0.00027637507,3.359783,0.06899891,9.2185135,1.11187,44.473843,5.906926e-05,11.652244,2.2736344,3.2508595,73.00288,1.3165653,0.017826835,0.0015904991,0.20337303,1.7766649,0.011679734,0.07620131,0.010021847
1.321723,0.00018989631,2.5163794,0.059090756,7.9474726,0.8284513,38.33806,4.525962e-05,10.621614,1.6654015,3.5467813,53.776203,0.85391325,0.01412993,0.0012742598,0.13764735,1.2626983,0.010728778,0.07497915,0.009094637
1.2641184,0.00020908365,2.6777778,0.07008287,8.13873,0.9019739,39.213806,4.709061e-05,10.150374,1.7723608,3.446509,54.361626,0.8963926,0.014669614,0.0012427366,0.15055786,1.258824,0.0107253995,0.07704702,0.00925038
1.3445094,0.0003087307,4.453258,0.0736876,9.78886,1.3165368,51.318233,6.343463e-05,11.527501,3.4287608,3.1916585,84.53393,2.1578176,0.019409228,0.002131542,0.23897871,2.1861506,0.012613607,0.08626181,0.0119264405
1.2868316,0.00030262052,4.1526318,0.08086579,9.1210165,1.3642513,46.642765,6.434393e-05,11.8933935,3.2908294,3.2129815,87.44712,1.978877,0.019170681,0.002239044,0.23620956,2.0365434,0.012308373,0.08408929,0.012061603
1.3702427,0.0002695383,3.1040082,0.06932242,9.354697,1.1028016,46.88887,5.824937e-05,11.528263,2.3235536,3.4311397,64.044395,1.2476752,0.017057309,0.0015803546,0.19122444,1.6796865,0.011801734,0.08032174,0.010209149
1.2254616,0.00042027322,6.36874,0.096259914,9.133929,2.4170568,43.419712,8.010681e-05,13.046606,5.449231,3.5924358,130.00356,3.126176,0.024372017,0.0027642671,0.24591222,2.9117734,0.01509485,0.09970374,0.012424537
1.2995129,0.00030890384,4.2058372,0.068762414,9.359204,1.2932222,48.624813,6.082973e-05,11.508586,3.1380346,3.2914858,83.073906,1.820859,0.018346116,0.0020789846,0.24143519,2.0788195,0.011751299,0.08530585,0.011347735
1.2895243,0.00028697055,3.8277106,0.07032642,9.179789,1.208549,46.20698,5.890256e-05,11.294508,2.8203783,3.5105166,78.40259,1.6238713,0.017537013,0.0020266743,0.21452504,1.960016,0.011747948,0.07596596,0.010422415
1.2743244,0.00048502762,8.901691,0.121292055,10.092545,3.4100554,45.369003,8.5079504e-05,20.656868,8.800536,3.2081819,155.49281,5.7364125,0.026383316,0.0037492255,0.2763161,3.842286,0.016542751,0.103381924,0.015911253
1.3093934,0.0003261261,3.965251,0.08246233,9.358499,1.3443433,47.768112,6.7423294e-05,12.149483,2.8022254,3.7987227,89.70071,1.656403,0.019924903,0.0021645143,0.22974789,1.9378549,0.012953553,0.082931206,0.010801129
1.2938972,0.0002993975,3.9430857,0.074155375,8.972795,1.2526383,45.63527,6.0904385e-05,11.315589,2.917792,4.043174,82.0834,1.5938889,0.017290832,0.0020620883,0.22384022,1.9638993,0.0123316385,0.076874785,0.010702884
1.2719992,0.00031932312,4.3325987,0.077354565,9.137139,1.4003452,46.215797,6.505978e-05,12.0432,3.0496252,3.1662595,94.11133,2.0354714,0.019095326,0.0020381883,0.24381976,2.0874712,0.01254227,0.0823668,0.010736861
1.2737228,0.00024096952,3.0583484,0.06218103,8.361394,1.0095978,41.538765,5.1696305e-05,10.440614,2.1943502,3.3540163,62.606773,1.2759337,0.015307521,0.0017619687,0.15419832,1.502471,0.010060353,0.07378199,0.009087427
1.2200271,0.000328922,5.9045663,0.08368577,9.008037,2.0591414,42.461014,6.5262124e-05,12.635242,5.0592446,2.7798529,146.59314,2.5370662,0.023992866,0.0025875105,0.20367272,2.3047357,0.014235273,0.085058436,0.011908572
1.2175089,0.000278915,3.6325715,0.073189,7.8841124,1.1681942,40.715267,5.657216e-05,11.2032995,2.4961774,3.355334,77.32678,1.5258046,0.01674401,0.0019291348,0.184178,1.78457,0.011305744,0.07815658,0.009872627
1.2755814,0.00032680965,5.204863,0.079031475,8.24515,1.7320048,39.68547,6.4737425e-05,13.041155,4.1341968,3.4405107,116.18304,2.3329573,0.02213558,0.0024939235,0.1929771,2.5720773,0.012401783,0.073422804,0.010321511
1.3089877,0.00026811272,3.3069756,0.075852506,8.351591,1.065589,42.915947,5.4295942e-05,10.684135,2.2628105,3.3048975,69.91593,1.2906193,0.018408718,0.0016179171,0.1817323,1.6734116,0.012474353,0.07961979,0.009972519
1.2303501,0.0003037749,4.4041724,0.07487889,7.693993,1.4718564,36.53941,5.983156e-05,11.6898155,3.248078,3.6301806,90.356514,1.8833334,0.017405976,0.0020184205,0.1957305,2.1968806,0.011328251,0.076484784,0.009560784
1.2361478,0.00033302413,4.1779294,0.076002695,8.283891,1.3410172,41.089146,6.660698e-05,12.215323,3.0631368,3.354995,91.238266,1.8252435,0.020883668,0.0020604155,0.20969482,2.2200153,0.011933425,0.07733442,0.010571722
1.3182038,0.0002961769,3.501303,0.09301013,8.212001,1.0837222,42.604263,5.7882775e-05,11.623466,2.50241,3.8410878,80.287766,1.4299723,0.018063108,0.0017406942,0.17820682,1.782783,0.0111546,0.07970096,0.009558777
1.358163,0.00024590577,2.654908,0.078087434,8.163859,0.95394117,40.495853,4.9677798e-05,11.057856,2.0433092,3.585454,55.466885,1.179818,0.0149653265,0.0014028014,0.15413989,1.3136966,0.009968166,0.0759528,0.008628084
1.2676792,0.00047767282,9.970726,0.1258672,10.164269,3.6622295,47.421837,8.2953164e-05,18.544817,9.301075,3.4542282,209.49489,5.2843027,0.026952943,0.003972692,0.2504104,4.2194457,0.017818687,0.11682723,0.014400242
1.2624186,0.00045238572,11.218372,0.09872254,10.4703455,3.2570143,43.44489,8.442178e-05,18.60816,7.75085,3.1441898,281.73453,3.912003,0.028499775,0.003482137,0.25130236,4.277901,0.018186618,0.09694548,0.0148996925
1.2075026,0.00030633534,3.848382,0.0783931,8.189196,1.2504392,39.035267,6.075118e-05,12.431064,2.683938,3.2431562,78.3472,1.4838102,0.01887156,0.001976673,0.1964801,2.0055666,0.01171709,0.08843906,0.009866632
1.2449008,0.0004973539,9.396003,0.11296197,9.924809,3.4591424,42.688423,8.760327e-05,18.828892,8.656843,3.110019,184.36531,4.904436,0.02812384,0.0038431878,0.26315784,3.896954,0.015109423,0.09777721,0.013700268
1.3133618,0.00028762984,3.1898806,0.06731798,8.046929,0.97456527,37.55832,5.955141e-05,11.210717,2.0466104,3.5929677,74.98567,1.0151534,0.020143112,0.0015409489,0.18160987,1.7893403,0.011804971,0.07664449,0.009805346
1.3078822,0.00023134268,2.3767612,0.071588635,8.015581,0.8509733,37.585796,4.6355213e-05,10.245638,1.7025027,3.7711482,47.587967,0.918364,0.013897022,0.0012959447,0.1499346,1.2607285,0.010123893,0.06932402,0.008828343
1.2446191,0.00047580688,7.8256073,0.10033774,10.025095,2.7764668,44.808678,8.395663e-05,16.236565,7.3015184,3.0665908,162.73732,4.260739,0.024022847,0.003486538,0.2416363,3.605167,0.0138787385,0.09091642,0.011942978
1.2691536,0.0004439282,7.6865754,0.11173154,9.815683,2.661921,42.719326,8.545316e-05,19.024958,6.522613,4.594341,152.42549,4.0373964,0.025810666,0.0034722346,0.25068983,3.4868345,0.01590674,0.10926943,0.015474752
1.2367591,0.00023734098,2.8402705,0.066817045,7.05835,0.75371516,31.287266,3.9605522e-05,10.693549,1.7371701,3.1314635,62.054226,0.8396678,0.014900078,0.0013680175,0.12170932,1.5090199,0.008858604,0.053497344,0.007109302
1.3327931,0.00027559718,3.1764956,0.07969763,8.635552,0.9841684,44.552242,5.458292e-05,11.758883,2.2420707,3.2253282,67.94249,1.2769324,0.017660327,0.0016978325,0.17098485,1.7463952,0.010545352,0.068573266,0.009187317
1.2681314,0.00028417874,3.5562022,0.07725101,8.414759,1.2637085,40.783405,5.5630488e-05,11.81489,2.9098747,3.0340955,75.739494,1.65424,0.018673148,0.0018803445,0.1688904,1.9295045,0.011611157,0.07642098,0.010123756
1.2510487,0.00045436484,9.289261,0.11542306,9.977447,3.5800881,44.37162,8.423069e-05,17.236115,8.654838,3.370102,171.80728,4.9301505,0.027885592,0.0040575727,0.25860563,4.296026,0.01791656,0.10194083,0.016057385
1.262505,0.00047137565,8.426305,0.13333766,9.504147,3.4672186,43.501728,9.271627e-05,22.939108,8.692391,2.1903055,171.44948,4.8046393,0.026939567,0.0036746622,0.29438323,4.3574257,0.02225893,0.115228996,0.018432673
1.2784679,0.00021620662,2.21041,0.07068304,7.803245,0.6628883,37.78359,4.4067212e-05,10.712618,1.2666965,3.430641,46.50294,0.71758413,0.015384371,0.0013979946,0.11005754,1.0477594,0.0086230105,0.070962325,0.008006419
1.2151576,0.00029003742,4.1208005,0.07490096,7.818071,1.2042717,36.7535,5.281188e-05,14.18201,2.7571058,3.9684224,83.827385,1.4878943,0.01985414,0.0017455361,0.19430245,2.2786257,0.013613632,0.0776427,0.010138126
1.2746408,0.0003632513,6.0861764,0.088986486,8.685248,2.1036308,42.130836,6.99104e-05,15.045054,4.981347,3.7635124,117.57112,2.6932101,0.02340315,0.0025947816,0.19805598,2.8075643,0.014690862,0.10151056,0.011845707
1.2419561,0.00050974794,9.274961,0.14736734,9.7816925,3.50287,41.791973,9.70996e-05,26.384306,8.142677,3.1909058,182.83298,4.0271473,0.033811633,0.0032792592,0.24822526,4.128424,0.021470424,0.13411462,0.018556144
1.3313153,0.00024677214,2.6469796,0.0774329,7.8119807,0.8477248,40.75004,4.9594888e-05,11.4795,1.7095631,3.4723814,53.84894,0.9844156,0.016278015,0.0017494883,0.12893271,1.4700063,0.009558661,0.07058597,0.0086613195
1.2104956,0.00032129555,4.339759,0.0944011,7.3676906,1.3591323,37.41415,5.866105e-05,13.138525,3.153511,3.4987497,88.70272,1.7488436,0.020803245,0.0023624217,0.17085415,2.0902662,0.011347128,0.07473488,0.0099596875
1.2639344,0.00029269687,3.9571872,0.07758275,8.516305,1.1602833,42.518806,5.834319e-05,11.211389,2.548528,3.7230277,85.10523,1.4651681,0.020674955,0.0020957782,0.18997316,2.0748882,0.0114188,0.0715343,0.010041142
1.2081866,0.00027215172,3.3522725,0.06299975,7.9361153,1.0314788,41.34209,5.418928e-05,11.113956,2.2902284,3.4266217,67.13291,1.3084273,0.016260864,0.001649867,0.17039147,1.7416549,0.010081146,0.07413605,0.008636053
1.2906547,0.00029719743,3.323384,0.071954355,8.583198,0.98865694,41.102673,5.4120144e-05,11.13723,2.2037067,3.770479,70.19937,1.2180223,0.01776881,0.0015876336,0.1685653,1.8095328,0.010899837,0.071190916,0.008573254
1.3308353,0.00027470556,3.3490283,0.06739598,9.07229,1.0197234,44.888733,5.4540113e-05,11.288754,2.373246,3.6686497,70.177284,1.3710743,0.016486133,0.0017931527,0.16827643,1.7180746,0.010006965,0.07544393,0.009222059
1.2956878,0.00024161284,3.0462043,0.071783364,7.8425546,0.908514,39.9959,5.0346844e-05,10.682913,1.976572,3.7414544,69.78072,1.1807964,0.015776817,0.0015412115,0.16172005,1.5009996,0.010645872,0.06271878,0.008705701
1.2996641,0.0003175911,3.5235577,0.09731893,8.477016,1.0381421,43.451454,5.8433703e-05,11.476043,2.4300168,3.5393393,75.13805,1.3911848,0.0208854,0.0018361263,0.16842608,1.68835,0.011664641,0.08254418,0.010245432
1.2092018,0.0002574083,3.0908682,0.061692405,7.8866825,1.0436507,40.088516,5.1552048e-05,10.309359,2.3125415,3.5225356,61.282436,1.3202524,0.015327448,0.0015600566,0.14811777,1.610438,0.009376108,0.0709727,0.008355774
1.2059038,0.00023563858,2.9770365,0.06105689,7.770778,1.0351348,37.835705,4.854007e-05,10.578675,2.2768526,3.4570303,58.73522,1.3206224,0.015380243,0.0014826809,0.13267742,1.5125096,0.009378806,0.07496394,0.008263803
1.3483816,0.0002404411,3.218421,0.08098958,7.8251386,1.2680709,24.554983,5.1326282e-05,15.316942,2.44983,2.5260541,58.852924,1.1212375,0.019641638,0.0015815749,0.14241487,1.6124266,0.012378051,0.07799116,0.011774937
1.1526971,0.00023464384,2.990741,0.08535489,9.194106,1.3013322,34.52115,4.8210008e-05,20.473616,2.4276092,2.8141143,58.997345,1.2372589,0.01567969,0.0014576546,0.15918146,1.5162258,0.010934257,0.06953253,0.008180277
1.4554365,0.00025253952,2.8209772,0.07613626,7.6800485,1.2168537,24.697924,5.1568968e-05,18.236567,2.218229,3.157899,52.439995,1.0016392,0.018072305,0.0014774512,0.13716507,1.3439494,0.011649788,0.071,0.0105761085
1.2126921,0.0003070586,3.6686277,0.104192466,7.729613,1.3048614,35.348328,5.5368997e-05,14.794021,2.3998969,2.278715,77.471016,1.0809811,0.018832909,0.0014203489,0.15478171,1.520363,0.012542755,0.092293195,0.010656398
1.5877941,0.0002961148,3.5624285,0.08576374,7.6945148,1.2646188,24.739342,5.517025e-05,16.737782,2.437611,3.3561254,61.59248,1.0943967,0.02168876,0.00175084,0.15911631,1.6922721,0.01375011,0.073988095,0.012729708
1.1164167,0.0003059486,3.3694003,0.14429271,8.751,1.4582642,35.09584,6.0582213e-05,22.772377,2.706558,2.7706199,65.45345,1.3640796,0.017760225,0.0017894113,0.16947879,1.5655227,0.012237652,0.09378829,0.010455479
1.0154063,0.00025644316,3.5517108,0.09289488,8.668664,1.407476,36.940357,5.2849697e-05,18.804401,2.768,2.490133,70.11046,1.373908,0.016702713,0.0018189327,0.17009524,1.7471781,0.013437996,0.09229324,0.010688688
1.3009932,0.00031025184,4.0334706,0.12180261,7.74084,1.3287805,37.11368,5.4893022e-05,14.146528,2.7206948,2.291522,82.44942,1.4334292,0.022491848,0.0015482021,0.17008543,1.8825322,0.014811075,0.08635626,0.011130408
1.3295531,0.00030756745,3.3407857,0.1150137,10.020464,1.2304844,41.78643,6.7900764e-05,14.659254,1.9795558,2.960359,72.932175,1.0549536,0.024994798,0.0015161053,0.20229377,1.4481019,0.013533687,0.11864664,0.012022887
1.2322901,0.00026249778,3.078984,0.08880246,8.283003,1.1771028,34.74056,4.8146412e-05,16.398378,2.4010968,2.3654037,60.444477,1.2250055,0.016796531,0.0015174687,0.14952824,1.7343636,0.011545169,0.065876074,0.0085126115
1.3421953,0.00030120596,3.5734324,0.09421257,7.44095,1.3542484,31.966702,5.138625e-05,10.577577,2.550526,2.3507996,70.51428,1.0477309,0.022549126,0.0014378981,0.14103079,1.6296376,0.011484548,0.08382637,0.01006162
1.2173837,0.0002481462,2.9786847,0.06484623,7.347008,1.2146411,35.43351,4.7771224e-05,12.90148,2.2023034,2.2447395,65.26642,1.0407186,0.016467761,0.0012850587,0.12920421,1.448727,0.010473236,0.07053346,0.007811469
1.3010564,0.00022883319,2.7809365,0.08649759,8.60095,1.2880266,37.13524,4.8683567e-05,11.872144,2.2636962,2.279719,62.546974,1.0172703,0.019522741,0.0015848266,0.13155285,1.276346,0.0118043795,0.08555101,0.009979008
1.3568257,0.00021760749,2.4862177,0.0854144,8.853585,1.1498829,37.85612,4.7110836e-05,11.270682,2.000001,2.2526352,56.309547,0.89012975,0.018443948,0.0014933347,0.1270217,1.1022494,0.010590991,0.07593801,0.009149113
1.1710522,0.00019826637,2.2897367,0.04041536,7.1350656,1.1423979,30.74841,4.2949017e-05,9.80999,2.025851,2.2034569,53.479034,0.83927935,0.015057699,0.0010304184,0.11685844,1.0733374,0.008551842,0.0670223,0.0073616095
1.2693456,0.00041768083,4.125399,0.11165073,7.484341,1.6744474,36.72635,6.137308e-05,2.2341971,3.3406773,2.2949872,97.54198,1.3359884,0.028203472,0.0020222722,0.1805244,2.0740888,0.014648433,0.061594717,0.012310228
1.3013939,0.00024361999,3.2497795,0.06685889,8.389934,1.2499926,36.271717,5.057681e-05,11.935426,2.4486103,2.348222,66.358,1.139555,0.017114727,0.001566628,0.14368074,1.6118581,0.011259883,0.07429487,0.008904384
1.209682,0.0002420574,2.9715145,0.063674435,6.860459,1.4320573,32.22584,4.728571e-05,14.692792,2.9465976,2.2195454,64.37832,1.4320505,0.015545365,0.0018285442,0.13327236,1.5025421,0.011463624,0.09083817,0.009228076
1.3730528,0.00024307324,2.7563534,0.081067935,7.55255,1.1225647,30.622627,4.44061e-05,12.934665,2.2865686,2.479811,59.394135,1.0413762,0.018850755,0.0013141221,0.14423086,1.317486,0.011269912,0.07830258,0.011150932
1.2206526,0.00024641005,3.2885842,0.07841022,6.9619546,1.2564253,31.588032,4.3708966e-05,12.676507,2.3392613,2.172384,64.39165,1.0500312,0.015443109,0.0009903216,0.12846398,1.4004673,0.011091483,0.070984975,0.008810799
1.3526046,0.0003025778,3.9700668,0.09656129,8.277371,1.1916245,41.14963,5.35973e-05,12.776414,2.5319936,2.7402842,90.02189,1.3679522,0.021213852,0.0014434819,0.17029035,1.6926478,0.01273684,0.071587846,0.010043715
1.3625549,0.00025974677,3.2484925,0.079367064,9.1792145,1.2252086,38.4035,5.3691645e-05,11.512716,2.490278,3.3320484,73.96469,1.1159916,0.016701894,0.0015916306,0.15721543,1.5097117,0.012620386,0.062225237,0.00991871
1.4144285,0.0003333739,3.4257572,0.07257103,8.330597,1.2964613,39.34236,6.0612594e-05,10.93049,2.9080935,3.2789142,69.4836,1.5086005,0.019397428,0.0019908994,0.17664884,1.5830044,0.010664428,0.09058434,0.010251852
1.2604837,0.0002194348,2.7652206,0.06547308,7.1055417,0.9861828,34.894836,4.2760938e-05,9.765428,1.7864752,3.0203247,57.96717,1.0387028,0.01388751,0.0014256224,0.12511231,1.1035509,0.009258075,0.064825244,0.008185682
1.2658304,0.00022020622,3.0630295,0.072809845,7.1073976,1.2024529,35.205315,4.772442e-05,12.04135,2.0738025,1.6282067,64.12829,1.0407584,0.016259607,0.0011664877,0.112832226,1.332047,0.0101457685,0.070480384,0.00926028
1.2597929,0.0002465834,3.380673,0.06005808,7.190209,1.374317,34.98506,5.0066064e-05,13.708205,2.8199403,3.8639421,68.661064,1.5641696,0.018123949,0.0018762993,0.1549667,1.424851,0.012657492,0.08582656,0.011849233
1.3100836,0.00027813108,3.3183303,0.071050465,7.991722,1.1904382,36.079918,5.224543e-05,11.669142,2.7892456,2.8319929,67.39035,1.4729176,0.016589995,0.0017410783,0.1569963,1.5661687,0.009381794,0.07628252,0.009005286
1.3060586,0.00028161728,3.590352,0.06521347,7.368636,1.3961132,39.09355,5.5185992e-05,12.137205,2.8925614,3.88709,75.04704,1.6140974,0.020298176,0.0019698094,0.16768901,1.7037019,0.011172961,0.073374406,0.01035334
1.3212142,0.00036964577,4.8377886,0.08850395,8.879025,1.60866,35.621128,6.045928e-05,13.062083,3.2423806,2.5240798,115.053955,1.5007938,0.022408074,0.002026572,0.17028266,2.013613,0.010476531,0.07144064,0.009297957
1.2956463,0.000211749,2.7021108,0.06867407,7.84994,1.1344141,32.75732,4.152284e-05,11.029751,2.260222,2.585653,53.237,1.1254365,0.016192175,0.0012413546,0.11325539,1.1454676,0.009674403,0.061589427,0.0077016004
1.3619474,0.0002367251,3.1042004,0.06896587,8.428335,1.091787,41.320652,5.0969815e-05,9.488655,2.3643556,3.220825,64.034,1.1791055,0.015003923,0.002153009,0.14608777,1.5729873,0.010338352,0.06321208,0.008571421
1.2646724,0.00016956952,2.2900205,0.06303996,7.739475,0.99931824,33.417892,3.794222e-05,11.584273,2.016898,3.1873074,39.391792,1.0972694,0.012336082,0.0016256698,0.10735691,1.186463,0.010079525,0.08896248,0.008880602
1.2958745,0.00028454518,3.3252625,0.08999632,7.100654,1.4005513,37.890476,5.306614e-05,12.862961,2.8293362,4.033889,76.29732,1.3935894,0.01917277,0.0017392959,0.17780378,1.637254,0.013336562,0.06799135,0.009123818
1.4207684,0.00032818224,4.015207,0.079505995,10.880324,1.3568989,66.965126,6.577032e-05,13.835787,3.0679317,4.7963147,76.28227,1.6193813,0.018527249,0.0018905209,0.22144622,2.0442412,0.013221706,0.089469664,0.012527791
1.2925425,0.000321378,4.3314734,0.092858784,9.543197,1.5409145,50.57595,6.7094006e-05,13.560531,3.319558,3.3182163,89.72129,1.8129139,0.022514284,0.0025607222,0.21847673,2.0572245,0.012004935,0.086305626,0.011359888
1.2811496,0.00033286662,4.2738767,0.09516777,10.590463,1.5930445,51.01415,6.63048e-05,17.162445,3.2291124,3.301635,85.10455,1.5537469,0.021549815,0.002207766,0.22280331,1.938905,0.012249715,0.09345012,0.012072031
1.2327132,0.0003317392,4.2074876,0.07687111,8.910745,1.4859391,42.841785,6.133707e-05,14.399616,3.0856292,3.4576733,81.45716,1.7106663,0.01898392,0.0022899557,0.189411,2.0949125,0.010226902,0.07220066,0.009955826
1.416481,0.00031613922,3.6254325,0.087507255,11.226263,1.2535895,65.14579,6.463439e-05,14.310837,2.6396716,4.5123887,75.45382,1.424897,0.019862406,0.0019945623,0.21593037,1.9357879,0.012026063,0.080522776,0.0118226595
1.3568351,0.00034743853,4.152305,0.098612055,11.199217,1.5262151,64.66811,6.983094e-05,13.900226,3.106251,3.6329887,84.00713,1.7434721,0.021980796,0.0021351874,0.21959215,2.0948594,0.012638768,0.09107794,0.012925187
1.3941212,0.0002565449,3.1294732,0.07354068,10.598168,1.3488742,58.208023,5.9473336e-05,13.753632,2.529788,2.5678153,73.46509,1.3010167,0.017463112,0.0020963543,0.20717315,1.6639485,0.011662937,0.090248205,0.012802018
1.3463922,0.00031865807,3.978666,0.07160048,10.41242,1.4034582,51.061096,6.40373e-05,12.066377,2.9535024,4.004692,76.10079,1.4886507,0.017863533,0.0021260653,0.21913543,2.0491009,0.011017268,0.080644764,0.01065002
1.3227781,0.00030541248,4.17074,0.08131442,8.619551,1.334197,49.348625,6.00488e-05,12.638858,2.920826,3.812041,86.43665,1.4568383,0.021256717,0.0024002863,0.18827228,1.8815986,0.0116207395,0.07872354,0.011418534
1.3541505,0.00033912924,4.4500175,0.08585915,10.473813,1.6249385,60.38633,6.966868e-05,14.453786,3.372202,4.262842,87.11305,1.7022314,0.020375544,0.0023673982,0.23038234,2.1263888,0.012950189,0.101563156,0.011988435
1.301306,0.0003179771,4.2809916,0.08553301,9.673539,1.6431026,54.0797,6.471957e-05,14.121957,3.4397874,2.8375764,87.264824,1.8524348,0.022250028,0.0027393943,0.20802847,2.3132012,0.011667106,0.08974291,0.011885727
1.3241442,0.00034047023,4.729163,0.07763589,10.585854,1.5585774,59.174686,7.289437e-05,14.37775,3.2127979,4.708079,87.90474,1.7067692,0.02190627,0.0022956724,0.2357604,2.2603853,0.013383582,0.087749295,0.012923641
1.2964381,0.0003554256,4.3421917,0.07807065,9.95836,1.5569956,50.845142,6.769472e-05,11.484346,3.3765895,3.4446168,85.70674,1.694649,0.02016769,0.0023990953,0.2227222,2.0261104,0.012127009,0.09559376,0.011447012
1.3400148,0.00030330181,3.7154055,0.0867508,9.921885,1.4554769,49.99913,6.0155206e-05,12.376734,3.1857443,4.086342,78.05234,1.6166422,0.020475036,0.0023323179,0.20625514,1.9610089,0.011310993,0.0909226,0.0110984435
1.342029,0.00033231478,4.3407393,0.092530064,10.272167,1.6261982,56.019306,6.663195e-05,12.772747,3.3426828,3.7321756,81.44559,1.5995027,0.020392094,0.002512162,0.22941475,2.1806493,0.012733969,0.07715755,0.011253688
1.428929,0.0002615977,4.2080345,0.086799614,11.059331,1.6053987,58.29815,6.267912e-05,13.719367,3.1372092,3.0270329,90.02408,1.4387205,0.018447418,0.002142288,0.21259895,1.7437336,0.013632872,0.11056652,0.01339465
1.2840362,0.00029009386,4.003583,0.067259766,10.028939,1.7543042,54.017326,6.4368185e-05,12.734519,2.9972224,2.7767613,85.15123,1.4248507,0.019102463,0.0018800647,0.21413474,1.7789751,0.012955663,0.09762527,0.012559064
1.3195338,0.0003490305,4.9318285,0.082855426,10.634465,1.7057073,58.6814,7.2757495e-05,13.169251,3.815467,3.2955844,90.0539,2.009162,0.020203166,0.0026385325,0.23893355,2.2687404,0.012145,0.08806136,0.012046478
1.3056442,0.0003532998,4.4028015,0.08943383,10.035493,1.6445813,53.52201,6.700003e-05,12.389333,3.390022,3.489148,83.08263,1.7175469,0.01982888,0.0025683283,0.2186008,1.951127,0.011356053,0.094265364,0.011663737
1.3279154,0.00032862628,4.1260405,0.07995234,10.035796,1.536801,51.790108,6.185433e-05,11.464849,3.297393,3.874866,81.033554,1.5514541,0.01969716,0.0023887737,0.2060339,1.9007547,0.011565478,0.09386991,0.0122407535
1.4333509,0.00028205285,3.9804213,0.07692391,10.26211,1.5182273,55.550644,5.9816262e-05,14.149402,2.6511786,4.5644054,87.017494,1.1107657,0.017956194,0.0015517087,0.20281416,1.5465772,0.014091535,0.11564942,0.012766971
1.3084642,0.00032698258,4.172344,0.066689424,10.187037,1.6455679,51.860626,6.534902e-05,12.203964,3.341769,4.1950474,79.402176,1.6468636,0.018292159,0.0022044093,0.21318445,1.8640685,0.011821695,0.09440753,0.010990105
1.3922206,0.00025425712,3.5105352,0.067823544,9.275743,1.32004,56.142025,6.008994e-05,11.93781,2.7188282,5.5524898,71.89539,1.194987,0.017356694,0.0017019819,0.18705416,1.4767473,0.013304328,0.101175085,0.01249853
1.2992187,0.0003525103,4.398049,0.08790008,10.038983,1.5423142,54.278786,7.133795e-05,12.695653,3.2842207,4.2419724,87.440575,1.6823294,0.019725304,0.0024242026,0.23146693,2.0516424,0.011898432,0.090592675,0.01163497
1.286059,0.000276969,3.7397342,0.09643543,9.733853,1.5486417,49.020073,6.485804e-05,12.722765,3.1105268,3.0848868,79.04807,1.5170999,0.018982125,0.002363828,0.20184158,1.8784497,0.010729783,0.08522108,0.010492664
1.5965523,0.00011864991,1.8688406,0.0844988,5.6019278,0.58745795,23.995634,2.3501392e-05,18.373444,0.94425255,3.321305,46.018177,0.09604747,0.0044465135,-0.0004205524,0.07287284,0.3976808,0.018159911,0.13154173,0.009846926
1.5113755,9.472978e-05,1.8168555,0.0708973,4.9431577,0.63918453,22.522404,2.4123583e-05,27.192266,1.0096622,3.9486845,45.56811,0.18534933,0.005492816,-0.00023746787,0.07024689,0.58985937,0.015553206,0.12402009,0.007885586
1.601331,8.769419e-05,1.7644134,0.07879107,4.4960237,0.5349136,22.846338,2.2061784e-05,23.475685,0.91967756,3.7194815,45.48802,0.14790109,0.004283771,-0.00038446026,0.07510873,0.54427916,0.017302064,0.12206943,0.008415698
1.4870145,8.013309e-05,1.8998206,0.0618283,5.7780914,0.5116628,24.673897,2.0823165e-05,16.452139,0.8371482,3.5010366,44.600094,0.16210838,0.005293364,-0.00014252315,0.056960035,0.48756033,0.013375726,0.08547466,0.007097869
1.4459528,9.864762e-05,1.7938936,0.08030242,5.6998897,0.7181501,17.085766,2.2875558e-05,21.907885,1.0560659,2.3919215,49.287464,0.20637487,0.0075062737,-0.00013189453,0.06920952,0.5601827,0.014829217,0.10836479,0.008324216
1.4169066,9.7068005e-05,1.7439936,0.07000993,5.3749275,0.5912015,19.09093,2.1972262e-05,24.963848,0.8194462,2.2804332,50.13361,0.060974486,0.0059298147,-0.00055113767,0.07236334,0.3906059,0.015510845,0.0975196,0.007807057
1.6557848,0.000109460976,1.9361641,0.057514567,5.180954,0.5507766,21.015688,2.1069818e-05,22.938557,0.9182223,3.6814187,47.50518,0.18180439,0.0048721265,-0.00040446073,0.07400352,0.5153879,0.016118798,0.11867986,0.007916329
1.3777673,0.0001475864,2.4405332,0.06655516,6.8900833,1.220685,23.835903,3.6871472e-05,19.34356,1.8635391,2.3684642,57.040398,0.6288597,0.011803999,0.00065405463,0.100108884,0.7969725,0.015573993,0.12846334,0.009532879
1.4996874,0.00013374566,1.9721568,0.06479344,6.94009,0.8329614,26.503122,2.8761813e-05,16.408358,1.2428813,2.1123822,47.98975,0.38719213,0.012629874,0.00028847254,0.095041774,0.6620632,0.015489378,0.11803574,0.010331098
1.4937607,0.000118278556,2.0758448,0.059327397,6.0727777,0.8420988,19.262026,2.6761609e-05,17.999804,1.1707296,2.8191597,51.63813,0.22082858,0.0094891945,-2.844036e-05,0.08340347,0.60597473,0.016808925,0.10632333,0.008919811
1.5013012,0.00012100314,1.9065167,0.057940558,6.009931,0.73446435,17.121834,2.4386962e-05,19.791739,1.0637995,2.8780925,48.29778,0.2107496,0.008039031,-0.0001774255,0.07137058,0.54345423,0.015237261,0.107116655,0.0077694147
1.5262923,7.979329e-05,1.9422605,0.050446633,5.337294,0.58764344,20.14471,2.2787808e-05,19.907196,0.85977924,3.2824364,47.54752,0.11299025,0.00511347,-0.00015479069,0.06292601,0.43326837,0.0144221205,0.10360587,0.0067657186
1.3912423,0.00014498386,2.1457584,0.063222304,6.529229,1.0563111,27.741488,3.4904457e-05,21.33811,1.7433783,3.838787,50.51864,0.5834541,0.011213089,0.0006817362,0.09682101,0.9093554,0.013647756,0.1096897,0.008811939
1.3874481,0.00014727206,2.109363,0.05942485,6.4115014,1.0435545,26.658998,3.4413682e-05,23.400764,1.7420585,4.103369,47.4549,0.60805684,0.010672094,0.00067809044,0.099278554,0.83577985,0.014143536,0.10412025,0.00956421
1.5957587,9.029939e-05,1.6827967,0.07435901,5.4615884,0.520032,19.305,1.7721248e-05,17.158228,0.838031,2.7999206,49.653526,0.035485584,0.004072083,-0.000744944,0.060646214,0.28212294,0.014243722,0.09994341,0.0072123087
1.4396471,0.00011939128,1.9937458,0.06148405,6.0764246,0.6779532,24.895706,2.8745542e-05,31.005077,1.10481,4.1934304,46.083527,0.2671213,0.0077825286,0.00022121996,0.08010189,0.592151,0.014939258,0.09897266,0.00759055
1.5250164,0.000117425734,1.943994,0.0776196,6.3900023,0.82698476,22.098238,2.7786802e-05,18.874146,1.2787051,2.7937717,52.605293,0.32329783,0.01123072,0.00010698683,0.09236562,0.5999067,0.020411227,0.1188008,0.010256172
1.5663134,8.137362e-05,1.8678057,0.0555977,5.8849263,0.76802576,20.573309,2.3735653e-05,21.879274,1.0655164,2.667437,51.063374,0.14930919,0.006629125,-0.00027858882,0.07218256,0.38467813,0.016028665,0.12788652,0.009294097
1.5701258,9.991493e-05,1.8058153,0.07178097,5.476728,0.62430376,19.793446,2.2174885e-05,18.61697,0.957322,2.255369,53.830276,0.1402821,0.00535435,-0.00057183485,0.06704402,0.39222217,0.016555877,0.11223282,0.008202897
1.3782418,0.00015718034,2.1154046,0.07179743,6.226892,0.95396745,27.023182,3.1931217e-05,22.073086,1.6959208,4.1856565,47.122536,0.49159575,0.010017382,0.0004470167,0.07869526,0.8144629,0.013785775,0.1291848,0.008362856
1.4269551,0.000121446086,1.9373903,0.058990076,5.645688,0.7564185,23.347052,2.8240343e-05,21.347446,1.30502,4.3296185,45.754482,0.3367985,0.0076660253,0.00022580288,0.07289358,0.6687892,0.014061506,0.117827535,0.008216533
1.2007867,0.0003183115,3.960154,0.079328306,8.427979,1.5221177,39.66268,6.2265455e-05,14.95818,2.9780664,4.7202325,77.01069,1.4083316,0.020676414,0.001988072,0.18408006,2.0290453,0.010972651,0.08094969,0.009738303
1.2184422,0.00025638766,2.968109,0.06520302,7.2791033,1.2359645,29.354782,4.6790832e-05,11.347043,2.4701114,2.7636695,58.72591,1.1043524,0.017177656,0.0013624873,0.11268684,1.4078355,0.0095623825,0.08674148,0.008416947
1.5451888,8.9371686e-05,1.7815883,0.07233999,5.785911,0.60759777,18.974695,2.0888412e-05,18.948507,0.90105295,2.582284,48.53652,0.10420484,0.0066256244,-0.00044605325,0.07269581,0.3935585,0.01566464,0.10478738,0.008243416
1.1692945,0.00027326136,3.0453393,0.08508558,8.312991,1.2251905,38.890797,5.4622345e-05,14.151914,2.4222877,5.974335,58.923607,1.1539633,0.017208977,0.001572771,0.16112399,1.6296738,0.012804648,0.0961413,0.010399475
1.3700556,0.00016924998,2.2683547,0.060857352,7.0948477,1.0957044,29.99841,3.6356214e-05,20.24273,1.8360153,3.7319946,49.61144,0.69161063,0.012490102,0.0008935569,0.11572763,0.9992785,0.014197792,0.096185,0.0092614405
1.4365578,0.00013961115,1.919801,0.057002373,5.8002667,0.74909794,22.961428,2.9047122e-05,19.892319,1.2606492,4.469735,45.276543,0.33317947,0.007939027,0.00023893197,0.07120263,0.6589833,0.012821843,0.110403255,0.0072292197
1.4243019,0.00011877821,2.0413823,0.056325845,5.7749,0.8430116,23.104004,3.1391362e-05,25.271261,1.3147882,4.4719763,47.361763,0.40479797,0.00803457,0.00033650364,0.07943089,0.6675548,0.014748754,0.10818464,0.008732843
1.4588463,0.000155335,2.0801935,0.06786096,6.578976,0.9990058,27.93166,3.5476376e-05,23.56302,1.6462921,4.4403954,48.75911,0.56014735,0.011576232,0.0008514597,0.0941004,0.96614057,0.012732364,0.12669843,0.007852258
1.4965934,0.000105941035,2.0498493,0.056316435,6.2551394,0.7829928,23.650179,2.5166328e-05,20.091297,1.2137985,3.1923609,48.11816,0.24041973,0.0068301614,-8.269966e-05,0.070716985,0.57358825,0.0154399155,0.12194119,0.009213104
1.3476665,0.00024954442,2.7986372,0.066788696,7.6289926,1.1958264,32.210518,4.627041e-05,12.325404,2.022442,1.8438985,57.848137,0.7759401,0.018163197,0.001184786,0.13814518,1.1975366,0.011827622,0.09322622,0.009820076
1.2838057,0.000237585,2.7966383,0.06912314,7.3967404,1.2034647,32.713024,4.9156344e-05,10.9554405,2.2052338,2.4750888,58.169388,0.9869553,0.01656668,0.0013929199,0.1317915,1.2007302,0.010232864,0.08592168,0.008998454
1.2218033,0.0002994963,3.7412713,0.07905439,8.590471,1.5037841,37.799004,5.9016063e-05,15.664998,2.9788864,4.7104273,72.6681,1.3516129,0.019936327,0.0019278344,0.17539288,1.8285465,0.011459239,0.07857546,0.009898777
1.3700954,0.00010970799,2.1219573,0.06632139,6.7212844,0.829215,24.04615,2.8187955e-05,16.964691,1.3184044,3.1525185,45.570377,0.42368603,0.009538764,0.00031749127,0.07829025,0.8645363,0.016041432,0.11726285,0.009689076
1.3984647,9.42068e-05,1.7744818,0.06987673,6.175792,0.68418425,22.410395,2.416322e-05,21.35513,1.0765939,3.3886943,45.66366,0.17150255,0.004073612,-0.00021553143,0.06934628,0.49177086,0.016235508,0.113360025,0.00903574
1.2733195,0.0002220156,2.5409253,0.067146406,8.0688715,1.0169624,35.187943,4.597978e-05,13.301961,1.9804319,4.430535,50.273987,1.1476215,0.014252245,0.0014054376,0.13675654,1.1147097,0.011556599,0.08039235,0.009034501
1.4724135,0.000101282254,2.1162477,0.04226415,6.6378603,0.97803944,21.901146,3.2067604e-05,12.70254,1.4997438,2.3407538,49.11863,0.30794844,0.011164464,0.00044668544,0.10286465,0.6375446,0.016466824,0.1089014,0.0102814585
1.4925442,9.082938e-05,2.0113034,0.056083877,5.775372,0.7425145,17.282902,2.1030137e-05,19.685253,1.0729783,2.8597934,52.607048,0.1958982,0.00740697,-0.00015846397,0.05592926,0.50655836,0.014710424,0.101301104,0.0078855995
1.5662711,0.00012714781,1.8235908,0.07236614,6.663861,0.82119125,21.267302,2.7948841e-05,17.935043,1.1277162,1.8549963,47.801804,0.24845046,0.010732142,1.636983e-05,0.08333973,0.58556724,0.0163953,0.109242864,0.008540465
1.5935296,7.876516e-05,1.5363978,0.06897079,5.7781153,0.5604115,23.826847,1.9796262e-05,25.246756,0.7593354,1.8208778,50.678837,0.059856698,0.004041514,-0.0008704927,0.06981824,0.22200038,0.015813492,0.11041886,0.008319734
1.5645977,9.053042e-05,1.7027837,0.058356993,5.7390857,0.6660044,19.09476,2.2645465e-05,20.539669,0.91686743,2.5993137,51.868744,0.1168433,0.0045395703,-0.00058353774,0.07208995,0.33186787,0.016823204,0.114981934,0.008175187
1.5064889,0.00011076363,1.894262,0.073799096,6.801254,0.8110806,22.321783,2.697177e-05,18.43243,1.1969473,1.9074988,47.4262,0.33272216,0.012217937,0.00032310368,0.081517324,0.5949892,0.015952775,0.11362225,0.010998006
1.5611722,6.9968715e-05,1.7499417,0.07452384,4.9608707,0.46559227,20.707975,1.5390364e-05,21.534101,0.6997705,2.282137,52.023705,-0.025476199,0.002480819,-0.0010468792,0.04252597,0.22407106,0.012908538,0.104029804,0.0065483544
1.5391381,8.507852e-05,1.810612,0.06407614,5.462744,0.7605598,19.41324,2.2231961e-05,18.82201,1.0979108,2.466888,52.20628,0.18655665,0.0043093087,-0.00044319607,0.057755727,0.3764492,0.014081756,0.109845296,0.007633554
1.5736135,0.00010994428,1.9718024,0.047736824,4.83305,0.68622774,14.750636,2.208865e-05,13.975809,1.0294964,2.768952,55.4733,0.05532395,0.005445434,-0.00052268093,0.0676315,0.45325834,0.015926369,0.098372385,0.007340375
1.6361048,8.541916e-05,1.7574158,0.07584546,5.089784,0.46828112,22.387224,2.1308322e-05,26.278614,0.8796111,3.8534784,46.867317,0.15748826,0.004153138,-0.00029782785,0.07643156,0.51203626,0.015360637,0.11266212,0.007541778
1.5190061,0.00011870562,1.7261211,0.07544816,6.298012,0.6505197,24.507114,2.489984e-05,19.05777,0.83212966,2.6188838,46.595688,0.17200834,0.008077015,-0.00021548527,0.06250532,0.5096925,0.013072034,0.11447607,0.007229495
1.4009745,0.00025138745,2.781499,0.06492744,8.314209,1.0227702,37.996628,4.318223e-05,10.78589,2.2091615,2.9395497,57.911583,1.075702,0.01401948,0.0015940765,0.13633962,1.2608019,0.011090336,0.06538775,0.008550007
1.2200056,0.00030557514,4.034445,0.08871523,8.375602,1.2131518,35.52313,5.5824945e-05,11.686439,2.6555057,3.9960275,73.5847,1.4945205,0.020289663,0.002288369,0.15584132,1.8008883,0.008364316,0.057080597,0.008499807
1.2497175,0.00031123098,4.2707305,0.08037268,8.46297,1.3683026,36.59103,5.6472047e-05,12.781361,2.8521237,3.9720585,79.29352,1.4292705,0.02215226,0.002275007,0.16097662,1.9501472,0.008494156,0.055085577,0.008236913
1.1680866,0.0002684365,3.1986346,0.07691223,8.1643305,1.3765743,37.42064,5.706898e-05,15.973433,2.5830762,5.454959,61.98015,1.1502333,0.017404683,0.0015667152,0.17398962,1.6953373,0.013130765,0.09328796,0.010026826
1.3295537,0.00025554994,2.789349,0.06861135,7.957762,1.1699479,36.85645,4.5404322e-05,12.590629,2.4255788,4.2752914,55.96133,1.0845186,0.014019754,0.001366205,0.13924135,1.2538612,0.012899952,0.08416384,0.009256704
1.4100723,0.00025162162,2.5603185,0.06757407,8.057933,1.1007416,37.264725,4.2639756e-05,11.355628,2.0883431,3.0102103,53.768845,0.91641045,0.014725261,0.001247425,0.12858503,1.1340194,0.012069749,0.07625529,0.008629301
1.4378103,9.304589e-05,1.9066045,0.0637311,6.342101,0.7019992,23.76203,2.4945948e-05,23.173325,1.0766919,1.9138625,50.10001,0.23331071,0.008009084,-3.224194e-05,0.0759427,0.45581377,0.014036395,0.11553812,0.008937806
1.4684714,0.00030742804,3.708545,0.08015289,11.544904,1.505863,66.08421,6.6066816e-05,14.018489,3.3189988,3.5355663,79.54114,1.5647339,0.018514706,0.002247428,0.22282106,2.01034,0.012954446,0.08715307,0.011833935
1.4011898,0.00029181063,3.5020373,0.07579706,11.36882,1.5864614,63.877964,6.567563e-05,12.752279,3.3721719,3.5240881,79.27081,1.559906,0.016537474,0.0023984094,0.20792204,1.8556844,0.011935462,0.084763,0.011417328
1.4116458,0.00028534306,2.7872212,0.069291785,10.352615,1.1498363,56.38199,5.6743185e-05,11.532491,2.533389,3.6601963,63.64719,1.3886381,0.01660957,0.0019303936,0.18281612,1.4804016,0.0108267,0.07288937,0.010718846
1.0741,0.00021577724,2.6944103,0.044826664,6.939729,1.1163354,26.554775,3.9757e-05,9.345925,2.0192192,1.4062482,51.295715,1.0985631,0.012527511,0.0014996607,0.1043689,1.2238305,0.009885578,0.06339521,0.007558138
1.3720739,0.0003180139,4.494449,0.08672642,9.566842,1.6567831,52.721527,6.496024e-05,13.749214,3.19801,4.2356024,92.15519,1.634006,0.021693537,0.002357289,0.21307309,1.8643169,0.01126115,0.08328089,0.011623791
1.4163517,0.00034526712,4.481364,0.07646769,9.663257,1.565011,49.93266,6.9185335e-05,13.811677,3.023487,4.4930196,90.22224,1.5784589,0.020135868,0.002221918,0.22765248,2.1907296,0.012481271,0.08551571,0.011401953
1.3579949,0.00031633637,4.211045,0.08520328,9.610311,1.6374162,50.39884,6.628293e-05,14.03379,3.0840635,4.257054,86.45242,1.5409817,0.020595554,0.0023077861,0.21812165,1.9996727,0.01301918,0.085962094,0.012137238
1.2352148,0.00033284145,4.7948294,0.088292554,8.974848,1.9078752,46.741497,7.037211e-05,12.069395,4.0451007,4.602876,100.04578,2.1736596,0.020090582,0.0026157955,0.21996039,2.149565,0.011508034,0.089528896,0.011446307
1.361393,0.00036230634,4.585901,0.08163152,9.427863,1.7163334,49.4308,7.020173e-05,13.309166,3.8373444,4.3200107,93.74908,2.0563068,0.020870702,0.0025175738,0.2243265,2.194745,0.012934612,0.0836239,0.0117094405
1.3556184,0.00033540413,4.4161453,0.08239878,9.752879,1.5509038,49.367653,7.065508e-05,11.9906225,3.0037875,4.0865436,85.12823,1.6918616,0.01961212,0.0021938195,0.22853498,2.083673,0.011480951,0.08481281,0.010448856
1.3391984,0.00028033118,4.0359178,0.072340615,9.388246,1.500072,51.9808,6.1390245e-05,13.681554,3.2065535,3.5774548,80.319824,1.6357104,0.019429421,0.002281966,0.20692985,1.9375173,0.011575097,0.07651788,0.011029902
1.302021,0.00032895987,4.919625,0.08952616,9.014767,1.786438,48.24602,7.306948e-05,13.144481,4.044584,3.7924204,98.86659,2.1836755,0.01824206,0.0030170758,0.22464813,2.495873,0.01202503,0.08086784,0.010654973
1.247979,0.0002500863,3.210679,0.07954054,7.7524033,1.3288666,33.40108,5.3012398e-05,11.390237,2.3992293,4.545865,64.53995,1.1324226,0.018654332,0.0019528978,0.14752845,1.6081764,0.01036353,0.070984855,0.009808412
1.2705051,0.00027685318,3.2999182,0.09181836,8.172876,1.289443,35.35321,5.4612596e-05,11.534251,2.4056134,4.2972674,66.52007,1.1459417,0.020320015,0.0019957859,0.15770657,1.6764929,0.011052583,0.07206196,0.010177678
1.2683644,0.0002568472,3.6009078,0.07619667,8.27799,1.4085679,35.73494,5.7336252e-05,12.323946,2.5030754,4.629037,72.981125,1.1939464,0.019620234,0.0019125462,0.16075373,1.8522301,0.011253282,0.070065945,0.0100705065
1.3326957,0.00037553988,4.431108,0.08927768,10.0723095,1.7575787,49.76889,7.059064e-05,12.788175,3.8036265,4.3221374,87.859055,1.9286557,0.018403096,0.0024030062,0.22612944,2.36898,0.011434544,0.08518404,0.0104194125
1.2687941,0.00033930605,4.177574,0.13816758,9.651361,1.6011808,52.21345,6.951844e-05,12.136579,3.2144134,3.2900317,89.675644,1.6366718,0.023765344,0.0022160546,0.22812624,1.612658,0.014455276,0.11101464,0.0133456085
1.1335642,0.00023776326,3.2272635,0.056843992,7.3704267,1.4789064,34.287067,4.9126313e-05,10.355718,2.7315845,2.7279959,61.949074,1.226684,0.0153066395,0.0018424427,0.14440452,1.6261972,0.010679931,0.07976695,0.008756833
1.1335642,0.00023776326,3.2272635,0.056843992,7.3704267,1.4789064,34.287067,4.9126313e-05,10.355718,2.7315845,2.7279959,61.949074,1.226684,0.0153066395,0.0018424427,0.14440452,1.6261972,0.010679931,0.07976695,0.008756833
1.2763227,0.0001522894,0.87770873,0.077271216,8.381804,0.81271315,40.447117,3.6845966e-05,13.655409,1.1853386,0.6226476,31.372597,0.6504716,0.0128614195,0.0011190698,0.072725646,0.57628417,0.009896437,0.09424524,0.008586462
1.3679407,0.00019303849,1.1271075,0.091672,16.018394,0.98159933,56.37629,4.5632474e-05,15.710315,1.8914729,4.3763523,60.75951,0.9422611,0.015970403,0.0015869541,0.082824655,0.9077823,0.010116261,0.07997872,0.009247528
1.3645165,0.00023684328,1.3498677,0.0902585,16.285711,1.1025848,57.84926,5.0738927e-05,15.628518,2.123971,5.520291,56.00445,1.1029342,0.016013885,0.0016271428,0.09181275,1.0602266,0.010352255,0.08023418,0.009745718
1.0980933,0.00050182565,4.6550922,0.11861787,5.566526,2.1359441,28.1714,8.0297374e-05,13.425071,4.756507,2.7905014,122.71239,2.4388976,0.032469343,0.002705539,0.2207806,3.4316716,0.0164453,0.10870609,0.01379417
1.1603434,9.5098e-05,0.96026605,0.0430171,9.509869,0.91296035,40.590782,2.899578e-05,12.476904,1.3260117,0.7901585,35.24697,0.7172363,0.012895104,0.0011004132,0.053244848,0.5530546,0.00945213,0.088174365,0.008331578
1.3188233,0.00014762544,0.708382,0.0714612,14.073183,0.935829,52.42156,3.8983704e-05,14.072562,1.6115313,2.9948835,42.239143,0.7812892,0.014396668,0.0012739933,0.046544626,0.7006821,0.008561275,0.07441947,0.0077525238
1.4509773,0.0001931149,1.4096746,0.06962105,15.618931,1.0947065,57.952793,5.0378687e-05,14.61865,2.0744524,3.6798334,56.198696,0.9618666,0.015445894,0.0012912363,0.0994558,0.9756226,0.011755476,0.09435774,0.010208574
1.2781627,0.0002689406,3.5409944,0.083900206,8.5786705,1.4290507,40.32645,6.0727794e-05,13.485839,2.6510515,4.398011,71.25149,1.3103119,0.018491628,0.0017753448,0.1819993,1.4112062,0.012217103,0.08372616,0.010793043
1.2632623,0.00023622977,2.8143795,0.062187098,9.249004,1.1922559,46.03098,5.3197506e-05,12.579738,2.5059667,3.0761056,54.58613,1.2422769,0.015667934,0.0016122315,0.15326174,1.245278,0.01079351,0.10242047,0.009779514
1.2283903,0.00026820632,3.4673407,0.07028295,7.805979,1.5441101,37.29388,5.1607884e-05,14.1189165,3.5227175,2.70137,72.922226,1.6663167,0.015590437,0.001519011,0.15837081,1.632249,0.011214397,0.09021786,0.009760449
1.3113447,0.0002910899,3.6628773,0.07744151,8.05265,1.5064298,38.56314,6.103828e-05,11.664662,3.0651326,5.277041,71.35124,1.5508066,0.018098038,0.0021590155,0.19118708,1.7858855,0.013933067,0.09907359,0.011796133
1.3143793,0.00028592776,2.9835298,0.098714344,8.01618,1.2610781,39.04374,5.6610657e-05,12.632401,2.297945,5.078328,57.43126,1.0717987,0.020221524,0.0018130665,0.17081565,1.4211078,0.010998182,0.09751295,0.010277505
1.3166614,0.0002808506,4.0277863,0.10423373,7.550611,1.4193233,39.038208,6.1288694e-05,14.386423,3.2628827,3.1359391,73.96972,1.6996241,0.021831011,0.0024434857,0.1832581,1.8503517,0.016082702,0.10295983,0.014359402
1.2500983,0.00024323724,3.3935382,0.07684204,8.283067,1.5894754,38.87926,4.6097874e-05,9.432833,2.7786186,1.9375793,63.114433,1.3815296,0.01735666,0.0021511726,0.12430252,1.4738041,0.009838011,0.0698869,0.009453211
1.3565919,0.0002861437,3.0525055,0.092711575,8.098817,1.2835995,40.261337,5.8009293e-05,11.429984,2.4788373,4.5430117,58.854427,1.3405194,0.020522434,0.0022752357,0.16293497,1.3992953,0.009750548,0.08146927,0.00952432
1.2376488,0.00029187417,3.4077218,0.08418087,8.694962,1.444423,40.377357,5.9439422e-05,14.216149,2.5434268,4.2541113,64.50526,1.1545686,0.01716066,0.0016122223,0.18586928,1.3514608,0.011348093,0.09208545,0.009641791
1.3026253,0.0002615715,3.0868933,0.07779563,8.761147,1.3634833,40.229298,5.5102213e-05,12.244467,2.519743,5.544472,60.496178,1.2456714,0.01824497,0.0018164748,0.1694124,1.4819411,0.012864291,0.08962757,0.0112748435
1.1457293,0.00028814547,4.7781415,0.069140404,6.9419746,1.5464386,32.161377,4.9179132e-05,9.863878,3.4723194,2.3220766,91.16877,1.6347204,0.020042185,0.0021004868,0.08988658,2.014876,0.008169724,0.06536031,0.0075267665
1.1106622,0.00027169377,5.86343,0.0769425,7.406128,1.6771572,32.224358,4.901799e-05,11.236923,3.4300358,0.96462435,109.121124,1.900359,0.020159714,0.0023160796,0.109679,2.2942796,0.0088750785,0.06318844,0.008515293
1.1136675,0.0002893464,6.48935,0.09429949,7.694213,2.2827258,34.39973,5.776867e-05,12.704945,4.8489594,1.8914937,129.26532,2.418424,0.023839682,0.0030083882,0.12574753,2.5756323,0.008375971,0.07370256,0.010213508
1.0929989,0.00028347477,5.6533437,0.081155285,6.9837666,1.7023787,32.06399,5.1815587e-05,10.565056,3.45175,1.3943993,105.15958,1.6523188,0.022811709,0.0020383848,0.09589155,2.1443138,0.008231726,0.07208211,0.0086083105
1.102339,0.00026458,5.045362,0.07285145,6.8711123,1.7080505,29.915274,4.8458653e-05,9.892667,3.5410793,1.8964484,92.94924,1.7159095,0.020569632,0.002326686,0.09785331,2.1494997,0.007469179,0.05921478,0.0076411567
1.2073983,0.00029772858,5.0157895,0.07861175,7.373827,1.5489235,35.123905,5.3677955e-05,9.7196665,3.339046,1.7140008,92.72182,1.7190696,0.021511512,0.002233217,0.09984499,2.0910347,0.009146735,0.0713491,0.008823303
1.1173586,0.000400543,7.7559447,0.10729442,6.6893396,2.3854842,33.13262,6.7039e-05,14.379601,5.448101,1.4576259,159.53276,2.7857273,0.023566741,0.0030257164,0.13681465,3.3706942,0.012514971,0.10024325,0.010686728
1.1620917,0.0002776514,4.2968125,0.072274804,7.494214,1.6659023,32.057186,5.103277e-05,11.200853,3.4681551,0.7925733,91.34121,1.7022972,0.01925852,0.002231508,0.11023381,1.8421874,0.0092604915,0.07758033,0.008209946
1.1416255,0.00031353696,5.759887,0.079201385,7.2885313,1.6445624,33.88996,5.4916556e-05,11.002223,3.7747107,1.4407839,109.75378,2.001941,0.021226821,0.0023408951,0.10708047,2.4513867,0.009122037,0.065535046,0.008600015
1.1479647,0.00022539811,3.5376482,0.05999174,6.880396,1.310498,32.480534,4.1693016e-05,7.2167916,2.6562755,1.1332341,69.20103,1.2413766,0.016142488,0.0017392692,0.07240614,1.4332501,0.0072534876,0.05462258,0.0060869264
1.0802143,0.0002432319,3.222932,0.07520591,6.7998633,1.4072446,30.19787,4.1781805e-05,9.806876,2.8095548,1.5415395,66.98116,1.1994879,0.01596601,0.0014647818,0.06786082,1.3281829,0.00784792,0.08355232,0.006849317
1.1299142,0.00032637172,5.893906,0.08817975,7.850082,2.2315352,36.835194,5.9718805e-05,12.789704,4.835299,2.9182055,108.295296,2.9023662,0.022424962,0.0029068466,0.13487864,2.689029,0.009150611,0.07511991,0.009662261
1.2327375,0.0002770453,4.3489184,0.07618317,7.3278804,1.510102,33.699383,5.1346564e-05,10.889549,3.1293893,3.45003,82.829506,1.5855744,0.022400567,0.0024426747,0.10476917,2.1307645,0.008013564,0.067618325,0.009346655
1.1553425,0.0002571577,4.425215,0.064199716,7.3422923,1.6381352,31.860485,4.5901652e-05,11.002365,3.3815498,3.0193098,83.57193,1.5935369,0.018362915,0.0023634864,0.0807107,1.8732474,0.007320445,0.0703355,0.007974024
1.2092245,0.0003298623,6.123397,0.09196406,7.2922387,2.4641783,36.54866,5.7052166e-05,12.644302,5.0658336,3.593776,120.55137,2.3654616,0.025702499,0.0032373325,0.11448881,2.6736932,0.011452744,0.10059836,0.010364094
1.0684906,0.00025188213,4.109837,0.07517639,7.2714605,1.5021212,30.256956,4.337089e-05,10.16194,2.7691326,2.5163088,76.81381,1.2931205,0.018285617,0.002029317,0.08317079,1.6567004,0.0077613783,0.06635386,0.0072701955
1.1154187,0.00037310983,7.960874,0.10262018,7.557608,2.4675117,32.377834,6.90403e-05,17.380245,5.8555384,0.9712688,157.05505,3.0736454,0.024443524,0.0030316012,0.16432986,3.562686,0.01335427,0.09469593,0.010443566
1.1559771,0.00022712199,3.5641603,0.06659427,6.994176,1.2878191,32.4421,4.239784e-05,7.577644,2.6277912,1.1868291,70.58914,1.2352496,0.018032681,0.0017474167,0.07102853,1.5140976,0.007606467,0.05787725,0.0065976484
1.188094,0.00019804084,3.017288,0.009412005,7.0270586,1.1479098,28.503506,4.461215e-05,9.701424,1.4975778,3.264511,62.184227,0.32115614,0.014970764,0.0012136203,0.15757284,1.3632768,0.012330623,0.046690732,0.0086224815
1.1449158,0.00019713945,2.7913108,0.023119826,6.954952,1.1425875,28.476635,4.630003e-05,11.367585,1.643904,3.4355586,54.30157,0.46336046,0.013257101,0.0010816844,0.17650306,1.2473339,0.014356906,0.07113036,0.009844797
1.1630183,0.0002079036,3.031956,0.03356839,6.68383,1.2114711,27.34703,4.885386e-05,10.225893,1.6865586,3.755058,58.18791,0.46384346,0.015782913,0.0010117079,0.19085227,1.31091,0.017527003,0.09186702,0.010979451
1.1578027,0.00019577217,2.8762925,0.01622412,6.95447,1.1485415,28.596382,4.7641384e-05,11.007899,1.5880432,3.3403683,56.572823,0.40976885,0.013915142,0.0010944093,0.17983273,1.2756534,0.014745059,0.067420185,0.00998646
1.3112941,0.00026569792,4.1005673,0.037984185,8.5047245,1.481629,41.993317,6.224364e-05,11.275557,2.4905794,3.7155488,88.5931,0.8307853,0.018497504,0.0015088998,0.22346902,1.8279364,0.019765548,0.091222145,0.012468357
1.3463796,0.00027772793,3.8139534,0.06297011,9.491979,1.4561174,47.958084,6.277372e-05,12.692562,2.4525657,3.5514867,79.53446,0.89328104,0.020064231,0.0015973276,0.19831532,1.8411483,0.020412376,0.10999544,0.012657322
1.2593648,0.00035414452,5.0332212,0.05762574,9.612378,1.6712481,46.772255,6.619416e-05,12.482713,3.6008022,2.7420459,101.74267,1.7001865,0.020324478,0.0021908619,0.2805639,2.400525,0.012871705,0.07658494,0.010712164
1.278874,0.00031877842,4.109287,0.07611366,9.116542,1.4431894,43.469673,6.240582e-05,10.730295,2.8468745,3.5173178,87.82811,1.3233104,0.021896537,0.001892122,0.19065805,1.9613802,0.014068682,0.06120966,0.0108099915
1.4129887,0.00029714068,4.02282,0.042160496,9.778115,1.4183654,48.536736,6.503219e-05,11.360439,3.0229855,4.4045925,89.515335,1.530688,0.018053573,0.001889536,0.24392535,2.0784779,0.017479619,0.07536517,0.011287083
1.3385985,0.00037186316,4.788571,0.065319836,9.77742,1.7250807,48.93673,7.1609036e-05,12.51811,3.6076636,3.4103296,96.116714,1.446283,0.019616324,0.0019438053,0.25415307,2.1947813,0.0151220765,0.092718735,0.011231687
1.2647367,0.0003274335,5.470096,0.04542571,9.101526,1.7283939,42.765495,6.4840286e-05,11.846749,3.6242049,3.008237,108.43817,1.8881845,0.02021647,0.0022564495,0.25193825,2.6727998,0.016037766,0.05138246,0.011331081
1.2974693,0.00033801162,4.294461,0.1050657,8.40475,1.285877,38.534584,5.4383483e-05,10.827045,2.7552116,2.9121344,98.50688,1.3223991,0.02287549,0.0017991142,0.16460457,2.2586577,0.01401637,0.032944802,0.008498444
1.3186461,0.00034150382,3.7611604,0.11261092,8.075657,1.1485902,38.849842,5.8816146e-05,11.061222,2.1858819,2.8669076,87.62549,0.94633806,0.023689087,0.0017426964,0.19061072,1.9586062,0.015433455,0.065047905,0.010853068
1.3363397,0.00030275097,3.9470584,0.08186472,8.784465,1.2982516,44.466957,5.9465747e-05,10.646961,2.467485,3.559765,88.621796,1.1456714,0.019638846,0.0015592525,0.18521196,2.0663636,0.015032249,0.048495796,0.008556055
1.2492107,0.0002869138,3.60152,0.12829,8.021534,1.3768908,34.06433,5.3618864e-05,13.548886,2.7213576,2.7291694,100.68513,1.3387893,0.02332431,0.0017012417,0.10291555,1.7075037,0.013889201,0.056587692,0.008687933
1.321199,0.00036385056,6.348816,0.07785562,11.217409,1.9457463,50.899723,7.2805095e-05,15.164956,4.459576,3.0076196,136.7065,2.574349,0.02105245,0.0027773427,0.29864517,3.1019695,0.02231803,0.06766432,0.013466828
1.1226532,0.00023644044,4.325795,0.06328594,6.776817,1.4825115,28.459227,4.751777e-05,10.483604,3.4942105,3.1478148,78.131805,2.0230265,0.013557429,0.0019732898,0.15479203,2.547167,0.009182088,0.068188354,0.0075389137
1.1987351,0.00020301991,3.8530264,0.06100136,6.611174,1.184416,35.406147,4.129787e-05,10.05211,3.1705573,3.2758198,72.08524,2.04829,0.010836097,0.0019450006,0.14527422,2.251004,0.008444989,0.046594895,0.0062972265
1.1273946,0.0002818965,3.8175352,0.062029995,6.575174,1.336251,24.442076,4.8189682e-05,8.621345,2.6854427,2.7575963,69.42117,1.3672044,0.016584698,0.0016570785,0.14104988,1.8270904,0.009687184,0.06968264,0.0077629336
1.0804304,0.00018799014,2.4989603,0.052829385,6.693079,1.1176859,28.281107,4.140663e-05,9.869754,2.035581,5.0482755,38.471073,0.9348539,0.012723113,0.0011850087,0.11496794,1.1535296,0.01089114,0.078229606,0.008522759
1.1486663,0.0002262367,2.8889136,0.08525652,6.495078,1.2195494,25.035906,4.4932483e-05,10.05553,2.3540723,3.8432677,53.52773,1.1161137,0.016066615,0.0013347375,0.14010172,1.5190332,0.012601256,0.10572885,0.010590602
1.1219627,0.00023408468,3.411788,0.061271995,4.8301086,1.2967312,18.507378,4.5510118e-05,7.1837077,2.4670677,3.7136984,66.72132,1.0923523,0.015025382,0.0015244831,0.1306355,1.609657,0.009822481,0.069662124,0.007800009
1.1773868,0.00019352742,3.5550992,0.058592357,6.369404,1.0736811,31.641949,4.2093703e-05,9.775659,2.5788267,3.625327,68.05318,1.4683127,0.012318746,0.00185534,0.13336313,1.9053379,0.009392536,0.056850746,0.0078308545
1.159074,0.00022225753,3.6168396,0.066344604,7.072049,1.2619864,28.968012,4.569513e-05,9.279765,2.724626,2.6465666,64.74984,1.3143269,0.01510828,0.0014520815,0.1469296,1.781464,0.011483834,0.09188724,0.009370719
1.2351344,0.0002374584,3.3643227,0.06723261,7.6904626,1.4632374,32.845997,5.5920038e-05,9.221926,2.7658067,3.2565956,65.17015,1.1772482,0.017459787,0.0016967342,0.15265387,1.6324292,0.012100518,0.10019449,0.009252699
1.174147,0.00030482677,4.8611207,0.067011885,6.9183993,1.7179278,26.898245,5.9089078e-05,14.064386,3.4134288,3.1981978,90.76109,1.7390405,0.017736748,0.0015479282,0.1497713,2.1103187,0.009600499,0.08377342,0.008166027
0.96524096,0.00019221721,3.1453822,0.04862218,7.899987,1.2764789,24.42865,4.3375192e-05,8.427021,2.577562,2.5797913,60.968796,1.1085109,0.014204252,0.0011472111,0.12623584,1.3642266,0.008523862,0.077801116,0.008615609
1.2278986,0.00017203388,2.995315,0.052229844,7.3633757,1.2649505,34.42892,4.209117e-05,8.686096,2.245825,3.5619938,56.981575,1.0036983,0.013577025,0.0012831485,0.12719214,1.359021,0.012254883,0.081171766,0.009758062
0.78822154,0.00018981185,2.8377564,0.058166325,7.0723205,1.2826573,24.234282,4.241926e-05,11.009509,2.4750352,3.1321778,51.499737,1.0549619,0.014778937,0.0013277255,0.101223595,1.1794453,0.009549607,0.08746867,0.0077938084
1.2306064,0.00025970087,3.6384797,0.085109286,7.1396637,1.4819183,30.145136,4.8632188e-05,11.006936,2.8493865,0.7118168,68.35996,1.3589991,0.018201623,0.001737981,0.11409933,1.5189384,0.009427479,0.07349937,0.00884611
0.9127269,0.00016960023,3.2033467,0.052069444,7.2672567,1.4103947,24.76324,4.348958e-05,11.265948,2.6144748,2.692096,56.50175,1.1067158,0.014953632,0.0011273419,0.11199867,1.2418431,0.00907412,0.086770765,0.00821813
1.2664515,0.00026448895,3.3284705,0.0817421,7.7278934,1.4124192,34.303562,4.832608e-05,11.541354,2.565304,0.88989335,67.241234,1.2326056,0.019114988,0.0014794575,0.12715003,1.4451922,0.0098103,0.07520151,0.009158045
1.2898974,0.0002837486,3.4854274,0.08509261,8.241982,1.4021486,36.43677,5.0421575e-05,12.149483,2.601105,0.405065,67.7207,1.2616504,0.019413723,0.0015648457,0.12918822,1.4993039,0.010952014,0.0735953,0.0101020485
1.2070524,0.000235336,3.000653,0.0783651,8.184156,1.2694309,37.35467,4.4379183e-05,12.607704,2.0543382,0.9340007,63.099815,1.1476582,0.020192247,0.0014699264,0.13267438,1.4102906,0.012070119,0.07740417,0.01096751
1.0948586,0.00027097765,3.2743623,0.116724804,8.945825,1.242176,34.39019,5.215551e-05,16.584394,2.5502105,2.9241245,62.952114,1.6377424,0.020275658,0.0020222429,0.15760449,1.5047086,0.012575634,0.10084488,0.012344708
1.1197275,0.0003108205,4.3249335,0.11969291,9.51391,1.5512156,37.57466,6.465265e-05,17.272934,3.5822878,4.6410937,89.142334,2.051849,0.022844212,0.0026402385,0.18258272,2.0318127,0.01401139,0.10720033,0.012819468
1.3822458,0.0001774132,2.7329066,0.051798712,8.278439,1.0716819,33.451096,4.628461e-05,6.333369,2.265161,4.4817944,49.69967,1.0255618,0.013603016,0.001373671,0.13121644,1.235051,0.010783884,0.074632056,0.01002927
0.8066631,0.0001921539,2.7694473,0.059194855,6.449544,1.1527977,20.591024,3.9715742e-05,19.173094,2.4090533,2.7781858,50.777184,1.1659458,0.009864598,0.0013109661,0.09442961,1.3347737,0.009698118,0.08142508,0.0064769676
1.3172022,0.00022839358,2.7666905,0.07243702,8.081015,1.1841702,37.829353,3.9285173e-05,12.706575,2.105335,0.5054571,56.86476,1.0402607,0.018316142,0.0014743138,0.12423348,1.4045938,0.011642486,0.06652177,0.011462569
1.1558827,0.0002958297,8.635958,0.08492869,7.6459117,2.8003037,36.434326,7.156811e-05,18.58233,6.829238,1.764029,158.53395,3.8100364,0.015182437,0.0028098226,0.24580838,4.3460155,0.016199037,0.11619293,0.0119291255
1.2321243,0.00022934073,2.7466936,0.06961013,7.9284234,1.3062232,36.294727,4.198399e-05,12.153367,2.0443697,0.7307489,58.245136,1.0350529,0.01969094,0.0013386039,0.12572034,1.3166424,0.011847612,0.07182749,0.011147845
1.2346487,0.0002704521,3.4647048,0.08194313,7.9103217,1.435954,36.305912,4.9250186e-05,13.812934,2.4491763,1.2433567,67.75933,1.1188923,0.020887721,0.0015724611,0.13244927,1.5640055,0.011269143,0.06898565,0.01020467
1.2358909,0.000249372,3.029656,0.07249021,7.2215843,1.3833612,32.502155,4.47893e-05,10.709262,2.4777792,0.60120654,61.52639,1.1621208,0.01756916,0.0014274493,0.12287013,1.3243761,0.009745849,0.075737745,0.009099645
1.224382,0.00050445786,7.4571276,0.10284144,7.1606,2.3945875,33.88994,7.889711e-05,14.151591,5.171284,1.710406,142.121,2.6400275,0.029520802,0.002764052,0.21067479,3.517698,0.014423423,0.10642594,0.011140111
1.0620334,0.00021233507,3.3453784,0.05961735,6.712981,1.6044084,29.269823,4.81708e-05,8.908414,3.063032,3.0185633,66.73256,1.2539487,0.015324669,0.0015195308,0.1182653,1.2933942,0.007878855,0.08427635,0.008326029
1.286284,0.00026232845,3.0602996,0.06876817,8.390367,1.4560423,37.847298,4.728098e-05,13.420929,2.3624394,0.94515944,64.641754,1.2357348,0.019019758,0.0015920257,0.13211015,1.4663205,0.011145595,0.07420976,0.010763235
1.2291601,0.00028291155,3.4758565,0.08976004,7.526827,1.4288223,33.571507,5.0221224e-05,14.94498,2.8984854,1.0568073,70.49249,1.2101281,0.01767761,0.0014826244,0.121197514,1.4273338,0.008869026,0.09652606,0.008885608
1.1362762,0.00023488454,4.091371,0.05976402,7.2100735,1.155325,27.346066,4.982132e-05,12.680674,2.5815167,2.169575,72.55658,1.5063708,0.01759317,0.002250069,0.12825224,2.0716593,0.008415789,0.054735053,0.007263056
1.1205566,0.00021437614,3.4306226,0.05332009,6.007168,1.2399338,21.350086,4.5986922e-05,14.467285,2.6591885,2.5587275,64.521866,1.3064219,0.0142984865,0.0016923803,0.13292767,1.6523461,0.010709166,0.06648284,0.008638933
1.2531874,0.0002270165,2.8430517,0.04565942,8.867046,1.3147473,31.4712,5.3676686e-05,9.464894,2.4419692,3.9663453,57.76272,1.3100073,0.014289592,0.0016975364,0.15150751,1.1835421,0.011773666,0.08148474,0.010328775
1.3473362,0.00042898537,5.9608974,0.088763386,7.780887,1.9101454,30.993706,6.377462e-05,14.403436,3.949447,2.6830733,108.10655,2.0455754,0.020936254,0.0024065445,0.19148974,2.485348,0.010880539,0.07662468,0.009457234
1.2486488,0.00025143582,4.0295444,0.07569292,7.9899325,1.6684488,32.806442,5.4234413e-05,8.779078,3.6126466,6.458225,61.41046,1.7799573,0.015585766,0.0019419313,0.15231942,1.8317426,0.011540424,0.09329015,0.011185133
1.3710096,0.00034613954,4.2606807,0.08673973,7.459512,1.6386782,34.57589,6.159102e-05,7.678124,2.762812,2.2802064,81.04114,1.0602839,0.025300687,0.0014613036,0.15121229,1.643982,0.013698395,0.09611028,0.0121263
1.2406104,0.00028134484,3.7622955,0.08312674,8.40167,1.2943332,39.48502,5.255472e-05,10.422809,3.2434916,6.175081,69.43756,1.9775237,0.019648764,0.0023869656,0.15807545,1.8298646,0.011907695,0.08683297,0.0110142175
1.1848215,0.00032215888,5.3043375,0.086243376,8.498603,1.9815595,40.452595,5.8069378e-05,11.692422,4.384612,2.1978114,107.34414,2.796459,0.020541655,0.0032928488,0.16835815,3.172275,0.009781887,0.07431983,0.009081068
1.1925125,0.00027445363,4.027084,0.08265885,8.192931,1.4714293,35.66728,5.183675e-05,11.780461,3.1906111,3.1959393,83.85123,1.5336392,0.0150457695,0.0017638571,0.17155111,2.0148718,0.013139521,0.10009329,0.01177089
1.1813854,0.00038874825,5.033436,0.08601237,7.3741198,1.8964555,35.783474,7.044312e-05,13.018515,4.2238193,1.4816847,102.78775,2.6245675,0.024953704,0.0032463886,0.16278338,2.4391782,0.010201607,0.09714839,0.009658196
1.4184057,0.0003049587,4.1050553,0.08233656,10.110621,1.4703996,52.31283,6.310638e-05,15.332757,3.1087193,2.61645,85.9611,1.5359544,0.019420736,0.0017402667,0.20335922,1.7798136,0.01414051,0.09783473,0.01261581
1.5285729,0.00021264964,2.7491014,0.07505008,10.537922,1.1096927,43.928528,5.382825e-05,16.107672,2.2744823,2.812166,63.767155,1.1430596,0.020162232,0.001513058,0.20231354,1.3586847,0.016772138,0.097563036,0.014724497
1.1273167,0.00029981064,4.597495,0.101144426,6.688982,1.7715058,27.782429,5.7384146e-05,11.173582,3.703076,2.0294595,92.6809,1.8928763,0.021528836,0.0027309305,0.13995136,2.1607955,0.008547923,0.07018497,0.010350352
1.1455778,0.00024720872,4.066179,0.066137284,7.1122494,1.7172271,22.746124,5.118687e-05,15.843364,3.8864596,2.993967,73.67006,2.0225048,0.016523564,0.002036476,0.14143173,2.458388,0.011008792,0.075427555,0.009698946
1.0846491,0.00026354013,3.450993,0.06577358,6.187414,1.3067104,27.257915,4.7314654e-05,9.52254,2.6414275,1.7751857,66.427315,1.1106089,0.014330147,0.0016332049,0.08124855,1.456348,0.0074043456,0.06705808,0.0060798437
1.2282726,0.00015609847,3.163995,0.049330648,6.2849045,0.84567076,33.2566,3.3185577e-05,6.5410132,2.4872203,3.0554054,59.780777,1.7535555,0.011760493,0.0022431724,0.11967243,1.6294208,0.0066411686,0.046003554,0.008603349
1.1993695,0.00017769351,3.4049447,0.05692592,6.070114,0.81059515,29.593082,3.445485e-05,7.137013,2.0530005,3.0125763,63.72802,1.3290755,0.012586055,0.0020027638,0.123252004,1.6937895,0.0086116325,0.044352755,0.009431145
1.2283218,0.00029675674,4.1116548,0.11670149,8.389271,1.3565325,44.99576,4.810819e-05,8.957367,4.116648,3.5117898,76.2781,3.096184,0.01665324,0.0028703166,0.19190629,1.7439251,0.01149547,0.08265452,0.013752404
1.2355913,0.0004326407,12.998942,0.1473771,10.347294,4.2020497,41.6338,9.287135e-05,28.98011,11.651723,3.754939,248.84846,6.7684345,0.022972578,0.006672493,0.25704956,5.345758,0.02254573,0.108969,0.02206896
1.1956823,0.00026329956,4.6211023,0.08412661,8.5434675,1.5713048,42.937775,4.910791e-05,9.513784,4.231844,3.2477348,85.05871,3.0088105,0.016626958,0.0029924863,0.19286405,1.8617938,0.013060615,0.07523373,0.014831076
1.2420433,0.0004876277,15.035778,0.16208203,10.23459,5.071406,42.61312,9.979592e-05,32.44792,13.046199,3.8145986,279.4439,7.528798,0.023492899,0.006464592,0.27746174,6.305451,0.025713097,0.11744423,0.023811972
1.1828445,0.00041042452,4.457629,0.120489284,6.980213,1.5044533,31.519758,5.7360205e-05,10.94641,3.1909876,2.9161518,89.71415,1.5028567,0.020616097,0.0014078823,0.18218882,1.9226556,0.007882992,0.09375593,0.008029594
1.2884812,0.00018298152,5.224235,0.05977791,9.285644,1.2839485,49.490856,5.721124e-05,11.276106,3.4902468,3.0376313,98.06027,2.2279577,0.01729036,0.0038916261,0.21310934,3.2763042,0.016358493,0.09223688,0.014398753
1.2959555,0.00042115746,5.684744,0.028334957,10.530551,2.4343138,58.57828,9.093965e-05,8.812334,4.983189,3.4088762,105.98382,2.5166755,0.017674787,0.002354565,0.27631482,2.3505187,0.009331615,0.11980418,0.0110711055
1.4059188,0.00040352077,4.10642,0.09648133,11.784802,1.3066486,64.71431,7.398125e-05,12.385677,2.4783046,3.2491026,78.46529,0.9778384,0.017043777,0.0014144272,0.234279,1.7361583,0.008983644,0.10399305,0.011468335
1.3576492,0.00027534462,4.308193,0.096573904,9.953058,1.4316095,54.604378,7.324284e-05,7.851935,3.4110467,3.236408,85.812874,1.8822033,0.02391802,0.0035674179,0.24369688,2.2519827,0.012358027,0.05427642,0.013234347
1.3260361,0.00028944272,4.034273,0.12170357,8.989656,1.7825837,46.438545,7.704275e-05,9.089202,3.9557567,3.5137324,82.296585,2.29582,0.02601063,0.004230166,0.22502072,2.5496016,0.007816052,0.047549546,0.009335115
1.2546233,0.00033347067,4.8492293,0.02229615,9.015123,1.978234,46.085358,6.697985e-05,9.655038,3.719281,3.2141528,95.21713,2.0265899,0.017312592,0.002824089,0.22168003,2.0316856,0.0090983985,0.084418446,0.01116832
1.3297993,0.0004058109,3.6065075,0.14493324,9.743998,1.0916399,53.47292,5.9130765e-05,12.208376,2.4046915,3.320051,76.094986,1.1043706,0.02607057,0.0016652925,0.18055186,1.8072022,0.006088269,0.060399678,0.007831409
1.3403087,0.0002602086,6.41956,0.0472253,9.930943,2.30752,55.005257,6.8656394e-05,11.476996,5.140584,3.0764687,126.08045,2.9152374,0.018801896,0.004404997,0.25497663,3.3034103,0.014224467,0.09970899,0.013764305
1.2802718,0.0003595428,4.8266764,0.049181573,9.618486,1.9416873,54.788094,7.144607e-05,10.224167,3.910072,3.4515345,92.03807,2.0560794,0.01277184,0.0016581839,0.23458834,1.7136877,0.012446828,0.10056656,0.011276108
1.2679676,0.0002987122,4.7065597,0.07261017,8.819226,1.4781313,48.064903,6.690471e-05,7.6590304,3.8327537,3.725807,88.8608,2.0820134,0.018388726,0.0029226947,0.21905203,2.1611538,0.012056818,0.06743928,0.011778351
1.3135417,0.00033599898,5.4395127,0.03353654,10.793274,2.0969067,59.493137,6.684058e-05,11.626942,4.7952647,3.1577652,101.96411,2.7532377,0.016380506,0.003505866,0.25181127,2.21539,0.013033081,0.08505587,0.0146518955
1.2847857,0.00035720735,4.727777,0.059341352,10.186156,1.7795074,57.54615,6.888338e-05,10.806512,4.0920086,3.2367096,92.902725,2.161402,0.016743677,0.0022229033,0.24619491,1.9101713,0.013638558,0.1012854,0.012854433
1.3557645,0.00031002448,3.1150713,0.120619625,10.628039,0.85185987,56.000977,5.4604665e-05,11.58043,1.7919697,3.3007843,62.809795,0.8024743,0.023232177,0.0015428871,0.1753753,1.5569909,0.008077615,0.07014644,0.0106315445
1.363299,0.00030558096,4.5090904,0.047718663,11.799699,1.6195619,64.49602,7.8759316e-05,9.938398,3.1897318,3.2214525,86.05794,1.6371157,0.016423395,0.002096107,0.27318403,1.9878194,0.014159378,0.09685582,0.014085677
1.2636906,0.000333999,4.485468,0.045686036,9.101823,1.9361969,50.243877,6.5080276e-05,8.647427,3.8042638,3.4579656,84.8376,2.041149,0.011636845,0.0020261665,0.20597008,1.7149425,0.0095971925,0.081032835,0.009651208
1.3450559,0.00038081166,4.5468283,0.09694335,10.831825,1.6781725,58.57175,7.861394e-05,11.290568,4.110349,3.591416,89.12264,1.8151526,0.018379485,0.0018401148,0.25046015,2.0370135,0.012619503,0.08803845,0.01113331
1.3679075,0.00031215922,3.8889756,0.049366083,10.4646635,1.6123254,56.630573,6.829751e-05,7.7309494,3.0475807,3.0097682,78.23558,1.2739413,0.021026907,0.0018128516,0.23734103,1.8433695,0.0103123365,0.08712946,0.009716931
1.29736,0.00046858165,6.340091,0.057479918,10.051203,1.5953205,50.273727,7.965777e-05,15.096893,3.7208755,2.928525,118.29898,2.6037176,0.01511514,0.003975559,0.1995513,2.4053562,0.0071595195,0.107849516,0.0096442895
1.23083,0.00048415654,15.31763,0.09715745,13.826858,6.0226765,41.832203,9.968717e-05,34.204334,16.111635,3.1912985,281.69955,7.7845607,0.01924912,0.0037772548,0.30026686,5.9958234,0.0155998105,0.14742555,0.012130001
1.2616764,0.0006180153,12.144371,0.126965,14.354375,5.6544933,46.02998,9.5996445e-05,35.780827,13.380345,2.4099994,230.74669,6.7292347,0.034726407,0.004713627,0.2779471,5.455887,0.017316312,0.14214358,0.010405727
1.2494055,0.00028809253,4.3812194,0.075435355,8.419047,1.1730947,45.479416,5.6218927e-05,8.301674,3.1092174,3.256455,86.39845,1.7593164,0.02068894,0.0021468888,0.1810614,2.2538328,0.011201865,0.08391461,0.01141848
1.2594937,0.00044651184,10.359535,0.093047954,10.603051,4.6369715,53.16579,8.151873e-05,13.304106,11.910501,3.3029802,186.40575,6.9223433,0.019906463,0.005251959,0.23984426,4.9105225,0.011979344,0.09423134,0.013398089
1.2636055,0.00044879687,6.153728,0.14485024,9.427646,1.9926261,47.931816,7.352191e-05,12.056082,5.3415685,2.6552854,122.45205,3.2288823,0.030122777,0.004146592,0.2098169,2.6587732,0.009486863,0.09513832,0.011441643
1.3221334,0.00050208217,12.164421,0.11186546,12.896627,4.477372,52.830544,9.936355e-05,28.088623,12.6857395,3.622787,221.89186,6.9222946,0.030254724,0.0065380926,0.31537497,4.8437543,0.019446667,0.131617,0.019171575
1.3282071,0.00048630548,6.9790173,0.04986505,10.951514,2.624672,57.874577,9.710014e-05,11.870451,5.8292828,3.341219,130.00656,3.3120077,0.023363639,0.0043244557,0.28254303,2.9587023,0.005824275,0.09874656,0.011031542
1.3028324,0.00045440806,8.509457,0.054006964,10.431514,3.646359,52.643066,9.222425e-05,11.209882,8.212296,3.3645084,152.0181,4.7917714,0.023290513,0.0050991224,0.27499384,3.8323839,0.005060947,0.095804244,0.012297567
1.2140658,0.0004849319,8.10229,0.14480501,7.943442,2.6258953,35.442196,9.510377e-05,14.490596,4.3363047,3.1840487,155.73395,3.0765715,0.037329566,0.00441219,0.2390097,1.8120703,0.0160533,0.2530163,0.02559536
1.5032349,0.0005855136,9.117804,0.13977484,15.145179,4.013815,65.01054,0.00010468289,21.803017,8.347104,3.7097592,174.57236,4.5562606,0.02402258,0.0037676473,0.34671098,2.8465087,0.026756383,0.18988715,0.02731882
1.3229505,0.00031257822,5.851616,0.046074398,9.607232,1.7134115,51.9565,7.376968e-05,9.932736,3.7955112,3.660615,105.4952,2.1464314,0.030543655,0.004263229,0.22169614,3.5582147,0.005164541,0.021281717,0.0071809427
1.2275652,0.00029415847,5.6855717,0.07967144,7.988134,1.9799365,34.47387,5.9806804e-05,8.524533,5.2676697,3.0317984,111.77882,2.999871,0.021794893,0.004943686,0.14955907,2.5697486,0.005820028,0.055795923,0.008670367
1.2330694,0.00039508,5.822831,0.14325856,8.982286,1.7769656,43.74807,5.0180533e-05,4.914798,4.392337,3.0998867,105.721535,2.6705782,0.023382606,0.0062422007,0.15034743,2.4915147,0.008987954,0.052013874,0.013324333
1.1430098,0.00029768428,6.355186,0.09408974,8.14434,2.6881297,32.76612,6.786694e-05,10.76898,5.8465157,1.9103618,128.69011,3.2150028,0.019945405,0.0029970068,0.16926214,2.8974285,0.010971708,0.07784542,0.011271497
1.2761436,0.00049724424,7.347203,0.16744398,11.685102,3.1818845,45.323395,8.218281e-05,22.783237,6.1884274,3.0362175,145.28609,3.592938,0.041837577,0.0032767463,0.21602193,2.4263184,0.02023887,0.14246917,0.02058642
1.2969761,0.0003540629,8.014855,0.118388206,11.195122,2.6904533,56.90551,7.317158e-05,12.040495,7.9810705,2.733315,139.44923,5.3243346,0.024661044,0.0048814225,0.2316682,3.8041463,0.013895762,0.077561446,0.016130965
1.1654614,0.00045823434,12.346277,0.1257936,10.080689,4.577205,38.392677,8.969429e-05,24.319384,11.715272,2.9284039,228.63509,6.6831183,0.024694543,0.0043350905,0.29603267,6.0974946,0.018802684,0.13976859,0.016765388
1.195103,0.0004908907,5.275826,0.27567965,7.305768,1.8007722,32.107433,8.04014e-05,15.235753,2.6490397,3.4244106,108.16254,2.6420913,0.059166443,0.0021383436,0.17949782,1.2286408,0.020133369,0.1542222,0.03003761
1.1914252,0.00027480582,4.3199816,0.13298221,6.7462006,1.4874039,31.113255,5.7023146e-05,8.632774,2.7708168,2.8336432,86.39891,1.5570703,0.02476525,0.0018786123,0.16029926,1.5537106,0.010911346,0.082578756,0.013397409
1.1780158,0.0005047113,6.7727513,0.25947627,7.3015695,2.1992874,28.84317,8.215922e-05,18.395111,4.314219,3.3429942,133.24934,2.3569477,0.04824656,0.0026354357,0.205001,2.124517,0.02003717,0.21912149,0.027954979
1.2072684,0.00050708314,5.416185,0.2291852,7.5451307,1.6147094,37.15056,8.6955144e-05,11.141156,2.381341,3.1586428,102.63604,2.166351,0.041471902,0.0041969665,0.2571065,2.012073,0.017873744,0.15462475,0.02525171
1.2174009,0.00050694786,5.571175,0.25299847,6.875696,1.6820327,29.854794,8.638753e-05,13.229704,1.9516011,3.3939145,110.14749,2.1256468,0.05980578,0.003722695,0.2439613,1.5708519,0.019398851,0.17522663,0.029184824
1.2774428,0.0003819358,4.3062873,0.07928448,6.8057966,1.5279881,35.16938,6.275305e-05,8.488568,3.2232604,3.137664,83.57622,1.6141044,0.020217782,0.0015279811,0.17845555,2.1109474,0.007098032,0.056011446,0.005244533
1.2103577,0.0005123601,12.473385,0.11493977,8.495078,4.0346727,36.28508,9.282873e-05,20.252405,9.27584,2.949503,239.67574,4.8078675,0.025608944,0.005012845,0.2578702,5.738404,0.012976331,0.121203564,0.01258739
1.2918746,0.0002710983,3.5064473,0.046158534,6.6857033,1.3289739,32.54876,5.0833012e-05,5.8696404,2.6933177,2.6546848,69.79164,1.1581532,0.011661745,0.0012025138,0.13471416,1.5966908,0.0075829714,0.06240196,0.005302925
1.21875,0.00048186613,9.060042,0.068673834,8.602065,2.3491127,33.84008,7.875853e-05,20.226002,5.0619373,3.1433659,175.1502,2.809381,0.021967819,0.0032468692,0.27635548,5.023391,0.0108128665,0.096211456,0.009154695
1.2618812,0.0006457469,15.1604805,0.19326138,12.898824,5.6654716,38.229916,0.00010957193,29.696587,14.128461,3.0489068,273.5355,8.275144,0.023818213,0.006503379,0.3287474,7.5382385,0.021903608,0.11113519,0.023373056
1.278315,0.00035412228,3.419992,0.121340565,7.5363073,1.3236686,43.800552,5.941405e-05,8.598758,2.5233226,3.1601748,69.65899,1.1921719,0.024512911,0.0011754744,0.1714743,1.4106896,0.009580043,0.07164978,0.007537134
1.2444644,0.00042572292,4.7161927,0.068601,6.9962277,1.2879702,37.088455,6.585605e-05,9.000787,3.2657669,3.228426,86.78281,1.8657793,0.021285666,0.0010742081,0.21207781,2.3414943,0.008675029,0.046867557,0.0065577766
1.2810075,0.00036416482,4.6455984,0.05500651,9.440038,2.1099885,50.782845,7.100629e-05,8.76195,4.2330766,3.3412852,89.98734,2.151996,0.013066274,0.0020439888,0.23809983,1.7733417,0.010662532,0.09274521,0.01052484
1.2569969,0.00045635135,11.787944,0.14174598,16.034273,4.2806244,36.290466,0.00012024938,29.013575,11.492267,3.487532,214.25739,7.0171747,0.016592791,0.0062938808,0.38233885,5.51366,0.017925287,0.08120927,0.020740159
1.293256,0.00062672206,15.271669,0.12703216,16.200708,5.4278626,36.52142,0.00013060555,37.452972,14.020578,3.0882578,277.66617,8.096007,0.026809178,0.0046604956,0.41396093,6.911236,0.026246816,0.120229006,0.021592645
1.3758395,0.00091809564,16.432446,0.22014983,13.446288,5.6234627,63.84518,0.00012573169,33.368225,13.414742,2.9187727,290.0932,6.752763,0.039011326,0.0051162485,0.5220006,6.7295094,0.036916178,0.19428071,0.034373194
1.3255868,0.00042997135,4.836426,0.023054523,9.967083,2.0947816,54.940582,8.149717e-05,9.53088,4.1578712,3.1584153,94.099174,2.3223612,0.013715965,0.0020095282,0.27786747,1.8161104,0.014015235,0.1035498,0.012579491
1.1967865,0.00024621567,2.8281832,0.034712978,7.359288,0.97136354,38.773514,3.800697e-05,6.7371435,2.0162897,3.2694488,54.236786,0.8806652,0.012246415,0.0010931505,0.11121704,1.1710368,0.0036951257,0.04342596,0.004077173
1.274672,0.00042431406,4.124766,0.12983257,7.4657545,1.2366743,36.812855,6.8198286e-05,9.470579,2.4650276,2.4494755,84.188965,1.2791193,0.022733144,0.001588543,0.20056929,1.7696213,0.009810942,0.079473555,0.006444885
1.2950583,0.0003250857,3.7478545,0.119984314,7.3787084,1.2789984,38.99994,6.124332e-05,8.466228,2.7423074,3.0562072,75.64126,1.3010684,0.02412354,0.0021309934,0.16289026,1.7972147,0.008541137,0.06598939,0.0062949304
1.2717065,0.00040205612,4.686208,0.03277039,7.382108,1.7563109,37.53321,6.973665e-05,9.860815,3.27103,3.0345893,88.24025,1.8789009,0.01712014,0.0014836799,0.20362423,2.1929445,0.0073735453,0.06290221,0.006335025
1.3410382,0.00034630529,4.3023963,0.059361245,10.579613,1.4806259,59.78472,7.4018746e-05,9.498668,3.3408222,3.5494924,78.94211,1.8552992,0.014347781,0.0017384649,0.2522514,1.9410439,0.011799651,0.079499446,0.011338058
1.2166526,0.00037534456,3.6244159,0.05620068,6.612417,1.0408052,33.29841,5.8909223e-05,9.281302,2.16078,3.1205926,72.80316,1.026723,0.025363404,0.0015213132,0.15911828,1.9527774,0.0053390157,0.057006147,0.004897048
1.2436768,0.00029251614,3.523447,0.06003491,5.953711,1.4578861,27.582916,5.7553436e-05,7.4424815,2.3387725,3.2605147,69.710724,1.0889726,0.01773262,0.0013285275,0.15612614,1.614841,0.0071056145,0.054140054,0.005413724
1.2905399,0.00030266217,3.8207574,0.040235676,6.6756196,1.050643,36.827236,5.4840853e-05,8.285898,2.1720161,3.1802151,76.54356,1.0586795,0.02494207,0.0017238375,0.17496783,2.223486,0.0059249518,0.038702447,0.0069490448
1.2973033,0.000288371,3.5611858,0.046756957,9.289671,1.0677032,50.018974,5.6768426e-05,8.069178,2.4214907,3.4665833,71.73111,1.209784,0.018893696,0.0010349602,0.17399247,1.9131066,0.008148991,0.05237673,0.0065296353
1.2151452,0.0002956334,3.4356658,0.048931208,6.062736,1.2328333,30.172968,5.3995187e-05,7.1662397,2.0347054,3.3088298,69.572205,0.9527588,0.022677595,0.0018684923,0.15801972,1.6563361,0.0051622046,0.041787688,0.005475399
1.2621189,0.0004151491,4.1120834,0.11720948,7.286109,1.4863328,37.302986,6.8518326e-05,8.210052,3.4306915,3.1324437,81.85098,1.796653,0.025230769,0.0019742507,0.18509735,2.085342,0.0066816467,0.050760582,0.0048550763
1.254735,0.0006098381,16.133549,0.20135033,10.453451,5.7958803,41.854683,0.00011694997,28.948069,14.103229,3.0784838,269.7095,8.046479,0.037187032,0.0065424223,0.27785656,7.7678647,0.022882199,0.121798575,0.024854107
1.1467223,0.00020719245,3.6592577,0.06524902,7.0040064,2.0568047,33.137478,4.3528387e-05,12.030618,3.419472,3.102527,78.389084,1.2564783,0.019489177,0.0007441257,0.11140831,1.1395088,0.010208091,0.11832623,0.0075178584
1.0900111,2.9482602e-05,4.07117,0.07691988,5.9452477,2.1138816,27.323706,3.0768577e-05,10.599551,4.872404,3.0158477,83.58996,1.9502252,0.019353908,0.000586017,0.09209714,1.186693,0.0098660095,0.11016258,0.010070397
1.3879613,0.0003776634,4.001363,0.13999574,7.515872,1.5367692,40.72384,8.046438e-05,10.396764,2.4823923,3.300302,82.32996,1.2302756,0.030156111,0.0018968269,0.23716371,1.554275,0.010720496,0.11960977,0.01133633
1.1275015,0.00017574432,3.5431154,0.014398593,6.8399863,2.2593145,30.874212,3.947669e-05,9.873373,3.8772302,3.5641768,75.47534,1.2142034,0.0091481265,0.0011385262,0.12748393,0.57465786,0.0063536363,0.12771474,0.0075127105
1.0448862,0.00016114794,3.241612,0.020293754,6.1291046,2.2289975,28.820736,2.9034136e-05,9.929377,4.041998,3.1788669,72.049324,1.3092867,0.0069717066,0.00084634835,0.07573047,0.7727888,0.002249346,0.09384439,0.0017974485
1.3000164,0.00033325254,5.1110306,0.09413128,8.489024,1.228739,45.35897,6.459253e-05,8.819351,2.5371392,3.3126342,96.64732,1.0874499,0.024161162,0.001936127,0.19923373,2.5440276,0.009340374,0.055747736,0.009269326
1.0625203,0.0001786479,3.3659537,0.023710007,5.525672,2.0927622,22.784792,3.2803997e-05,9.922978,3.7478373,3.1245217,72.23874,1.199628,0.005575582,0.00092261215,0.094198205,0.87504506,0.005788434,0.097425535,0.0034486174
1.2323829,0.00032515373,3.8524761,0.10783621,8.328791,1.340976,42.61603,5.8935875e-05,11.099152,2.7918415,3.240416,78.98616,1.1710424,0.02752566,0.003029202,0.19338505,2.3581169,0.008084843,0.076615565,0.007905767
1.1726116,0.00019747808,3.1634805,0.057773042,6.2698755,1.1956412,28.472689,4.1822226e-05,10.85968,2.1414254,3.4304535,64.97018,0.7316368,0.015511781,0.0008201928,0.12604222,1.2373533,0.010790453,0.096786305,0.008166903
1.0659901,0.00012289909,2.8601677,0.02440421,6.9786963,2.2069018,32.373478,2.1478501e-05,11.768024,3.9152539,3.1180694,62.805923,1.2819527,0.008521403,0.0007180354,0.05921448,0.4518596,0.0037242207,0.08296126,0.0031371415
1.115416,0.00033478838,3.7966485,0.08181179,7.3978276,1.2200809,33.15432,4.07354e-05,10.09208,2.6078465,3.0478573,78.363106,0.94274706,0.021999046,0.0016649542,0.12082211,1.5849183,0.0049043163,0.0599707,0.004773052
1.0823294,0.00018783966,3.3086028,0.009642955,6.435837,2.1432946,28.534082,3.685777e-05,8.380907,3.5853322,2.6878989,70.693756,1.0919285,0.00832572,0.0011377813,0.11150074,0.7144199,0.008527799,0.11602518,0.0068148966
1.0962117,0.0001405723,3.0410056,0.027275525,7.4721336,1.9180814,36.11975,2.7866216e-05,11.11545,3.808307,3.0640216,65.36877,1.3394274,0.008628811,0.00054852455,0.092818625,0.7023192,0.0072640083,0.10144632,0.0066829254
1.3266814,0.00031162263,4.2949457,0.11328053,9.120226,1.3156769,41.262127,6.416766e-05,10.042979,3.4419334,3.3844466,77.2667,1.8285612,0.024656389,0.0024204692,0.22099803,2.068924,0.012067488,0.07383126,0.013583083
1.3209957,0.0003079581,4.27319,0.094903074,8.684117,1.1352942,44.09167,4.8805116e-05,13.609964,2.4168968,2.6136475,80.95077,1.4745177,0.023042124,0.0013604573,0.16069321,2.5753038,0.010219382,0.037671067,0.0074104927
1.232812,0.00032321972,4.4735746,0.06919547,6.13303,1.7289947,31.176039,5.825058e-05,8.80998,3.75556,3.2380896,84.96869,1.931315,0.024383577,0.0026530437,0.14980823,2.363804,0.0040175356,0.02203625,0.00511518
1.2049459,0.0002642547,3.6454897,0.06907172,7.4974766,0.8660422,33.564926,4.3283995e-05,11.136837,1.6454651,2.7753143,71.01266,0.8915716,0.020424604,0.00088465115,0.11804292,1.9429103,0.008773546,0.048901666,0.006081382
1.0993747,0.00012636093,2.6455019,0.014455277,7.132619,1.775737,36.171036,2.6830006e-05,10.890001,3.0203388,3.341774,57.498837,0.92060006,0.006898654,0.0007701189,0.09003318,0.5254875,0.0060186596,0.10464196,0.00519323
1.2897277,0.000368192,3.7658377,0.08084027,8.724065,1.1419451,44.46557,4.0529023e-05,14.922269,2.2667224,3.7459671,72.86658,0.84683,0.016753333,0.0011880469,0.1722191,0.88417,0.014143194,0.053384684,0.009592747
1.1978325,0.00034830935,3.6511881,0.10020963,7.7181287,1.4134619,35.019104,5.687989e-05,18.082804,1.955404,3.1641502,78.9237,0.49482763,0.020738054,0.00062763575,0.14530699,1.050979,0.008647619,0.12398704,0.007672314
1.1684372,0.00014406495,3.078112,0.011053396,6.962648,2.0462728,32.743233,3.229009e-05,11.189498,3.7988708,2.9380884,68.40009,1.252631,0.008847492,0.0009885291,0.110888414,0.63571316,0.009252581,0.1274571,0.0069663594
1.2381086,0.00017259929,3.1673877,0.039248995,8.686166,1.780143,42.660275,3.5973575e-05,14.056977,2.9280577,2.6713896,68.59385,0.7495928,0.0124923345,0.0009323443,0.09877196,0.8033394,0.006234139,0.114722855,0.005680483
1.2984669,0.00011571614,2.920546,0.024075162,8.526898,1.9299072,47.193756,2.3259294e-05,12.136323,3.811627,3.0182023,64.05074,1.2034122,0.008182422,0.00038436786,0.0904145,0.6319428,0.0075200764,0.112715304,0.007893464
1.1443921,0.00012383374,3.183579,0.004836584,6.2007866,2.0584295,27.083826,3.3079294e-05,6.20435,3.6179054,3.568151,67.64007,1.2070285,0.005794943,0.0009644891,0.105316415,0.7291212,0.0059843725,0.11466062,0.0059702937
1.090624,0.00019542756,3.5094476,0.022817964,7.0781364,2.0083501,32.98777,4.1530056e-05,14.040945,3.7169268,2.8751738,74.08076,1.2548271,0.010080434,0.0011863784,0.13047017,1.0123681,0.010015297,0.1238002,0.008510615
1.1587731,0.00012602868,3.348924,0.02514563,6.724028,2.0241582,33.37544,3.4869132e-05,10.663529,3.7742393,3.246248,74.34989,1.215806,0.010344299,0.0007961882,0.13404469,0.7746189,0.0107535,0.110985875,0.0103662275
1.144255,0.00031654787,3.705333,0.10166733,7.1371346,1.5560497,32.483204,5.6270477e-05,13.8958,2.2596288,3.1106176,75.39754,0.7955616,0.02605531,0.0009482487,0.11382451,1.1743193,0.011849249,0.12800917,0.008503008
1.1740713,0.00029210353,3.6763875,0.09043082,7.0383916,1.4950405,32.747284,5.620202e-05,13.475521,2.3197117,2.8270006,74.944725,0.88858503,0.026069282,0.0008464359,0.1198958,1.5083383,0.011700273,0.11042617,0.008190624
1.2001618,0.0002519179,3.629073,0.05119903,6.9160333,1.9635386,31.614489,5.1378956e-05,11.415146,3.070642,3.1906703,77.80573,0.9294915,0.016999621,0.001302785,0.13533022,0.89622456,0.009101818,0.15437135,0.009040436
1.1577209,0.00019423073,3.4787064,0.08539011,7.1528177,1.592731,34.09285,4.445265e-05,13.105337,2.4179213,3.2563882,68.25902,0.88425386,0.021532662,0.000894456,0.08665239,1.3082752,0.010039086,0.112674214,0.007844863
1.2458851,0.00016845847,3.4212945,0.05492685,7.798607,1.7419944,38.37105,4.7381505e-05,10.582245,2.9809105,2.7336748,73.845345,1.0750653,0.016890913,0.0010575204,0.13930088,1.1707987,0.013646165,0.13554175,0.010551618
1.068877,0.00017647994,3.3559957,0.0271498,6.3112774,2.332714,28.429102,2.9588457e-05,10.1649275,4.072314,3.0870948,76.4368,1.2653625,0.011476653,0.0010094024,0.08521581,0.6585809,0.0061207693,0.106481016,0.004250633
1.1286814,0.00018232105,3.408873,0.04777391,6.721485,1.963315,32.023346,3.9000723e-05,9.974829,3.3467097,3.1502228,73.742294,1.0656409,0.012882544,0.0010608098,0.10961797,0.94261986,0.009969099,0.12601902,0.0068909484
1.1185687,0.0001519422,3.340428,0.039330505,5.952929,1.3525376,25.702703,3.6865138e-05,10.910658,2.3499062,3.2877986,69.804886,0.8401464,0.013992324,0.00096494745,0.10562959,1.2910804,0.009727781,0.08567233,0.0061782566
1.2386057,0.00023673964,9.9961815,0.068413496,13.702585,3.043878,30.048515,9.336988e-05,29.151468,7.2712836,2.9068034,174.95457,4.178664,0.021946145,0.004324721,0.30266786,4.496402,0.019625206,0.08071071,0.017094817
1.2576822,0.0004190718,11.311366,0.118860945,10.534294,4.254143,37.738777,9.369532e-05,28.999636,8.823701,2.6446178,212.57318,4.844102,0.027874839,0.0033535748,0.28045174,6.4879203,0.0211763,0.10171299,0.013401568
1.4486392,0.00037245158,5.549263,0.080497175,12.747927,2.0816746,73.59589,9.445985e-05,12.881009,4.4270887,3.531734,102.49902,2.392234,0.018934093,0.0026457869,0.2994649,2.3998282,0.01740672,0.112643465,0.016099678
1.3370533,0.00029629405,4.38415,0.04478241,10.271622,1.6255157,55.86838,6.8585156e-05,11.258418,3.5844204,3.5659468,82.44262,1.7212485,0.014367335,0.0023649293,0.2261983,2.1309268,0.008947923,0.058428016,0.00918568
1.378399,0.00034046036,4.136209,0.10382866,12.042371,1.6851166,68.069305,8.724486e-05,12.528549,3.4764562,3.3754911,81.57329,1.7532895,0.024143914,0.002951012,0.22956187,1.9330667,0.008809522,0.09269051,0.01030118
1.3579196,0.00033431363,4.1720877,0.076980524,11.006821,1.3795495,62.700775,7.290519e-05,9.68516,3.2208223,3.4709835,77.2827,1.9622953,0.015308369,0.0017826116,0.24596971,1.9343193,0.012237395,0.07496785,0.012121538
1.4331442,0.00024110393,3.2067478,0.046612073,11.204558,0.9746668,62.76217,6.003285e-05,11.136637,2.1608956,3.2686257,59.542717,1.0660394,0.00928953,0.0013834621,0.1881247,1.5214696,0.009874148,0.07370076,0.009433629
1.353421,0.00023267334,3.1988893,0.041243482,11.307739,1.1763464,63.825188,6.702672e-05,10.73714,2.4303455,3.3078785,61.9273,1.1063834,0.009803202,0.0021215328,0.19838858,1.5861412,0.0066547,0.06376525,0.0076281163
1.3657188,0.00035250493,4.4791603,0.036689285,11.105425,1.6095129,61.782963,7.7991426e-05,12.908135,2.9771857,3.3815181,82.94973,1.471694,0.013003164,0.0012691021,0.23346071,1.8251667,0.010976134,0.07848566,0.0109394435
1.463076,0.0002664357,5.079666,0.058931366,12.023267,1.4851084,67.0126,9.22625e-05,12.326847,3.1702597,3.4749842,93.6555,1.7423145,0.029965492,0.0022564516,0.34191725,2.9275541,0.019837389,0.08695859,0.019455904
1.4315015,0.00036613157,4.2351866,0.048445664,11.690809,1.5944971,65.054825,7.482487e-05,10.128205,3.5953906,3.5555868,76.67007,1.7773701,0.01273057,0.001085256,0.25702098,1.8617672,0.0119225215,0.09765913,0.011480377
1.1906275,0.0004822453,15.282982,0.13099384,7.869385,7.6234136,37.128,0.000114413975,35.414673,17.27462,3.1065094,318.30356,9.118096,0.02321392,0.005631389,0.319506,6.6584797,0.029380199,0.1781108,0.021793785
1.2337642,0.00035345988,6.16035,0.10254708,7.44333,1.7996396,34.664787,6.582481e-05,15.482904,3.6676662,3.1955621,117.67588,2.0140424,0.028339313,0.0021831691,0.16303684,2.9029882,0.008644661,0.08422672,0.009873064
1.2566615,0.00034037704,5.7875834,0.04966301,8.581669,2.350164,43.376343,7.616582e-05,9.185676,4.18552,2.7979462,110.56894,2.1404333,0.02012887,0.0024490396,0.21824369,2.7174387,0.008738444,0.06686846,0.008638201
1.205751,0.0004825102,12.724135,0.11567758,8.871705,5.4430447,38.51279,9.489324e-05,25.647425,13.996374,3.0757496,243.36513,7.2422485,0.02287655,0.0035591647,0.2419553,5.347328,0.014856678,0.118427806,0.013631314
1.2809999,0.00035478323,3.6197512,0.104909524,7.4296265,0.85901153,35.759544,5.133606e-05,12.853875,1.2087572,2.6707652,74.387955,0.75976354,0.029955845,0.0015170854,0.15540975,1.760651,0.010087408,0.08200202,0.009554138
1.2360674,0.00040189037,6.7126527,0.029733809,8.774219,3.025486,44.871124,8.350944e-05,9.54761,5.7839284,3.144441,126.54908,3.3550286,0.024273155,0.0034660376,0.22531287,3.2166295,0.008906815,0.07122363,0.009272655
1.1382508,0.00022424858,3.6439433,0.028821,5.8369427,2.3982415,26.464302,3.3832755e-05,7.960728,4.443034,3.2918105,77.333206,1.6652592,0.010745183,0.0015010944,0.09337312,0.9058493,0.003752061,0.08683172,0.0034742763
1.2567315,0.00025116414,6.078015,0.04172438,8.54701,2.7136035,45.764027,8.784148e-05,10.301319,5.9991693,3.1552277,118.48506,3.4446173,0.025787968,0.0038080416,0.22602247,3.5927548,0.007349053,0.042157587,0.0071883677
1.3139706,0.00024807572,4.5617337,0.12410586,9.497755,2.0906324,53.910793,8.695938e-05,8.188438,4.3268695,3.3004627,96.790146,2.2504337,0.026924022,0.005137349,0.24834621,2.9428365,0.009787254,0.060543787,0.009647031
1.2949821,0.00034300942,3.6680207,0.06981136,9.754333,1.6731143,52.531673,7.311827e-05,9.200977,3.0184193,3.4300618,75.97276,1.2565439,0.018299537,0.002839583,0.2413014,1.557251,0.008828326,0.083193906,0.010797835
1.238956,0.00025418375,4.830539,0.02505587,7.9140544,1.5588347,41.084133,6.485029e-05,9.86864,3.8539789,2.8879397,86.92323,2.2173724,0.016863646,0.0027048506,0.21618631,2.4933877,0.010709051,0.083454356,0.009295915
1.2921623,0.00030002513,3.710973,0.089385785,9.969236,1.0118589,52.141106,5.212948e-05,9.340431,2.435825,3.723812,68.75237,1.3577605,0.020657497,0.0020423376,0.17366497,1.5634023,0.008432208,0.0681079,0.009796387
1.2609065,0.00027087049,3.427558,0.06496284,8.197807,1.0324262,42.364845,4.6718764e-05,8.786354,2.3738825,3.3833232,69.71442,1.3418143,0.018696716,0.0019798002,0.15541427,1.9644486,0.004841109,0.038886443,0.0056494055
1.2082701,0.000245722,3.2994971,0.073986225,8.149156,1.082584,37.41079,4.4594166e-05,7.3173738,2.6485617,3.1732917,62.218254,1.172478,0.013206057,0.001854052,0.15544926,1.6170523,0.008958054,0.047890857,0.0076831854
1.283086,0.0003751311,5.491444,0.10568514,10.581552,1.8859098,53.472828,6.479851e-05,13.326899,4.012293,2.859938,104.33471,2.0866697,0.02556275,0.0017177516,0.22465271,2.081277,0.013019342,0.08053884,0.013332328
1.2542098,0.00026662223,4.042998,0.044937532,9.195557,1.8095857,45.790462,5.7414098e-05,9.8186245,3.8252065,3.2293377,80.177444,1.65898,0.013271554,0.0012399369,0.19990225,1.6117674,0.012335737,0.09103795,0.009324899
1.320544,0.0003694169,3.9969332,0.06431094,10.930491,1.4790643,58.820347,7.118424e-05,9.154001,2.9643586,3.4157386,78.75458,1.0317562,0.024030978,0.0016021559,0.22523397,2.2475107,0.0070938333,0.072356425,0.008953357
1.284916,0.00029571436,3.5170832,0.13319315,9.061574,1.6406256,46.380898,5.9345057e-05,7.863208,3.3943594,3.646267,69.83852,1.61415,0.026519705,0.0036658875,0.18359101,1.395793,0.007455792,0.055244498,0.010763818
1.3040893,0.00038110706,4.4084435,0.12588729,9.1824665,1.4480267,48.128025,7.6030985e-05,9.640284,3.3004863,3.6990595,90.58573,1.5129805,0.025178637,0.0028148668,0.22954884,2.308465,0.009729963,0.09653948,0.011223124
1.1655782,0.00027787604,3.3308098,0.055728424,6.7717404,1.1510729,31.637718,5.1191313e-05,8.041557,2.3245459,3.3128133,70.08157,1.0166109,0.016022252,0.0014103275,0.15230396,1.3099982,0.006881185,0.07942844,0.0063582775
1.273176,0.00028477854,2.8527136,0.076054886,7.4127693,1.280817,32.16691,4.8493865e-05,10.368242,2.4241326,3.7793565,56.289715,1.1726323,0.016373647,0.0018550217,0.17255569,1.3231372,0.011152366,0.065849334,0.009249024
1.2329122,0.00027378343,3.8909476,0.053095993,7.1768174,1.4334446,34.541626,4.690277e-05,9.000155,3.3126867,3.0680296,73.26925,1.7957773,0.014323732,0.0010219635,0.1744962,1.9697874,0.010331752,0.065052256,0.0072284266
1.2686249,0.00027436146,4.984683,0.051175974,8.656772,1.9353043,46.013893,5.7008212e-05,10.341098,4.2585244,3.0314488,93.22464,1.9675883,0.018392583,0.0015130752,0.19902076,2.071108,0.0145451175,0.06347041,0.010080406
1.3248278,0.0005072728,15.708039,0.13992192,16.22317,6.198799,50.284958,0.0001182121,39.361195,14.973479,3.4841757,281.88205,7.3354816,0.026574632,0.0057084407,0.3963743,6.5731654,0.021219037,0.12024482,0.021628998
1.3212252,0.00067160395,16.796926,0.13754252,12.711784,6.620518,61.182076,0.00014047482,37.356125,17.25354,3.3081033,311.28113,8.474141,0.028223114,0.006057612,0.5512631,8.623212,0.02745631,0.1444374,0.01860178
1.2223573,0.0002555482,3.5837393,0.053247426,6.968027,1.5359226,30.356417,4.632876e-05,10.420058,2.860394,3.1594417,67.523476,1.2412041,0.010467535,0.000944836,0.15443084,1.6282709,0.010928486,0.06455814,0.006524928
1.3054214,0.00030607067,4.061923,0.065761834,8.562437,1.4522538,44.156296,6.148559e-05,8.2479515,3.3175235,2.9267414,76.23668,1.8243663,0.017329497,0.0017258276,0.18977718,1.959901,0.011083838,0.06475382,0.008885311
1.1607071,0.00057483604,11.148473,0.23339634,7.8424225,4.1700544,38.944138,0.00010090918,21.225313,10.451051,2.9104867,221.07198,6.015891,0.036221445,0.0061884033,0.25458205,6.383656,0.01906456,0.14810309,0.018988393
1.2699728,0.00047995965,5.540145,0.07985042,9.2880535,1.6668992,49.458405,7.1096474e-05,10.284816,4.9915514,3.1839845,102.27208,3.3851566,0.015527107,0.0025327099,0.26283774,2.8240318,0.013404489,0.105422236,0.012791084
1.221848,0.00045863373,14.142531,0.09135255,12.394763,6.283617,51.976566,0.00012445266,39.029827,16.19632,2.8967905,264.84555,7.3841414,0.023957707,0.0059930943,0.3171292,6.541764,0.011645461,0.16024412,0.014541561
1.3065821,0.0005966152,15.095901,0.11573293,11.443565,6.0639315,48.198368,0.00010909821,35.30402,16.041124,2.9449432,294.0433,7.616512,0.029028539,0.005616405,0.40598476,6.6171427,0.021709489,0.132704,0.021760238
1.2955903,0.00025782787,3.3125308,0.0628246,8.472593,1.1081357,38.76221,4.5353452e-05,9.953593,1.9627242,3.1325333,62.935158,0.8098666,0.010998734,0.0010176441,0.17491828,1.4669787,0.010919994,0.063596,0.008005956
1.3079121,0.00033870086,4.191193,0.08078445,9.347415,1.2162539,44.97352,5.173613e-05,14.439245,2.9310167,3.178911,78.44441,1.5985606,0.018150378,0.0015454916,0.17155407,2.7818847,0.009471284,0.05408138,0.0060665496
1.2393225,0.00029399517,3.9133031,0.0902051,7.2804046,1.4006852,28.179388,4.935244e-05,12.0093355,3.4385538,3.1330519,76.4437,2.0897844,0.019156056,0.0027084034,0.17965733,2.629682,0.014187031,0.07283769,0.011975402
1.2448018,0.00033414934,5.2086625,0.062247757,11.733776,1.9070643,39.343132,7.3979485e-05,20.697437,5.0125594,3.3195503,101.997734,2.418597,0.018606564,0.0020894667,0.245446,2.724554,0.015714368,0.08908036,0.011069577
1.3319314,0.0003377711,3.772326,0.121781975,8.468098,1.4458619,42.83299,5.7716352e-05,9.52923,2.8155785,3.4044092,77.6694,1.3436159,0.025543267,0.0024872487,0.2056761,1.8959357,0.008789696,0.049249995,0.00952287
1.2805039,0.00028986408,3.7180462,0.10673606,9.126151,1.3084066,44.742836,6.0668815e-05,9.456046,2.2663012,2.74131,71.01143,1.0184052,0.024436848,0.0014698317,0.1759987,1.5241423,0.010701171,0.0822491,0.010291326
1.1566241,0.00014505949,3.318197,0.039579317,6.662673,1.6279422,30.689356,4.147658e-05,8.929416,3.1154583,3.704613,68.8322,1.148156,0.010559628,0.0010145726,0.1202715,1.0487801,0.007340432,0.09154609,0.006408314
1.311289,0.00031581568,5.4766192,0.058544517,10.770759,1.8079698,52.26001,6.875539e-05,15.910362,3.506058,3.420053,104.8383,1.5071707,0.025889615,0.0012567943,0.23791656,1.8871354,0.017738806,0.12354423,0.014490436
1.2370354,0.00033030784,4.6870384,0.085014924,6.489087,1.598336,27.307852,5.482887e-05,12.550266,3.8365643,2.88832,93.810455,2.0463378,0.018374586,0.0020269225,0.1811114,2.2759128,0.01285634,0.08733884,0.010571864
1.1186384,9.795747e-05,2.544758,0.02288481,5.833618,1.3384445,27.850473,3.0799412e-05,9.802497,2.397532,3.4934938,52.645466,0.9395029,0.008151683,0.00082585594,0.07913381,0.953456,0.0067973062,0.086055316,0.0057894005
1.3508214,0.00025138582,3.8047915,0.07133688,9.984844,1.1395084,43.29244,5.441685e-05,12.578288,2.207298,3.5997412,74.27891,0.8221051,0.01878642,0.0013181147,0.22639908,1.4458011,0.014264338,0.09515336,0.013645371
1.2473683,0.00030156094,7.320789,0.11557415,10.643015,2.848855,47.29482,5.815423e-05,24.480833,6.6859508,2.7571943,151.56496,3.132694,0.024019405,0.0037246484,0.26561323,2.6463027,0.020417023,0.13524021,0.022222718
1.3385683,0.00033722108,5.072296,0.136493,11.020887,2.0415576,55.439213,5.9756385e-05,22.006739,4.239735,3.8551486,101.35055,1.7696515,0.027881803,0.0022737505,0.22975941,1.7741929,0.016956612,0.14997722,0.019572452
1.3112715,0.00030803465,4.4517674,0.09598015,10.9614935,1.7888168,54.734474,7.349374e-05,12.880177,3.2698934,3.3149536,88.54764,1.9180311,0.026853547,0.0020636767,0.26168504,2.271615,0.01690818,0.088300206,0.013720651
1.4299,0.000100822275,2.2463753,0.06094893,9.272143,1.161928,46.648254,3.925571e-05,10.637664,1.092944,3.7948108,49.935307,0.49434248,0.017078694,0.0009494607,0.15405162,0.8772424,0.013641439,0.12182521,0.015286847
1.4233612,0.00033854452,2.1097038,0.1903635,12.224614,1.1450763,61.02046,6.055909e-05,18.927736,1.2542642,2.4724813,51.47182,0.3489617,0.05270297,0.001900547,0.2936131,0.7914872,0.017191608,0.12894672,0.021533156
1.227192,0.00044951803,7.538901,0.1458951,7.677148,2.3869922,35.80146,7.6588745e-05,11.129482,6.347093,3.1601083,159.20322,3.2041042,0.029050319,0.0027001614,0.20195687,3.918181,0.011411089,0.05716431,0.009053306
1.2366197,0.00048208825,7.268139,0.18618253,7.1879234,2.0620196,34.39561,9.255661e-05,18.388973,3.319842,3.0677443,138.68402,2.152091,0.048398305,0.0024431164,0.22396038,3.498298,0.020698525,0.15595697,0.016958186
1.2205034,0.00018735774,3.5546095,0.06602829,6.634895,1.3737205,31.998522,5.0578736e-05,9.3539915,2.05262,3.9791548,73.733955,0.74024206,0.016695248,0.00093507563,0.16741972,1.3351997,0.013472819,0.12600197,0.009847466
1.2843153,0.00034892466,4.3395867,0.13524516,7.8005333,1.226212,31.393528,6.0783364e-05,10.930439,2.3210154,3.3233163,83.43401,1.0865232,0.027070498,0.0016141768,0.20151877,2.4312713,0.014429018,0.06508972,0.009569737
1.3409868,0.0009085144,21.778425,0.24540743,13.221038,7.5738077,62.152027,0.0001489844,42.37856,16.878593,2.9110932,397.05786,7.463095,0.04892446,0.005902338,0.51752037,10.210004,0.03506401,0.18640634,0.026310451
1.1727837,0.00068367674,17.743725,0.21422414,3.1369998,4.954578,18.191036,0.00013385186,35.099827,11.087025,3.0602686,336.7727,4.310296,0.04589197,0.0036570216,0.34774914,10.10288,0.033612277,0.1801781,0.021105465
1.2698658,0.0006739048,16.951096,0.18554287,8.799004,5.533845,45.310947,0.00010497822,33.121548,12.907418,2.941306,330.96432,5.4663434,0.03734607,0.004417945,0.32825747,9.499001,0.02776391,0.21453269,0.021891713
1.3100307,0.0011200571,20.481865,0.2821963,11.797867,6.8072844,52.018776,0.00013948737,35.577682,14.036704,3.0951724,374.90323,6.3497124,0.0626204,0.00523901,0.46424028,8.350571,0.033404194,0.20915776,0.03303538
1.2189751,0.0003017093,5.8459964,0.07116804,7.671262,1.9507794,37.245506,6.087493e-05,11.388575,4.136204,2.8930528,114.9801,1.8928612,0.017448887,0.0014653483,0.19192538,3.0217097,0.013790902,0.06716112,0.008187038
1.2511945,0.00041325003,7.142544,0.114914626,7.2113023,1.8262498,35.900253,6.1586616e-05,17.205404,3.9452477,2.6270525,150.17125,2.0940614,0.03516542,0.0023293106,0.19293907,3.0660079,0.01220128,0.09582511,0.014963113
1.3845644,0.00066599064,13.20008,0.15729204,13.425227,4.975178,81.408066,9.850196e-05,32.921566,12.314531,3.197782,245.30154,6.187627,0.02736498,0.0046547893,0.34216154,6.570183,0.031800456,0.20215628,0.018991696
1.2509928,0.00036682817,8.906611,0.12770365,8.368052,2.3584487,38.758846,6.561851e-05,18.09032,5.443496,3.44513,162.6705,2.5703287,0.028605307,0.0029803526,0.22132571,4.518301,0.021911176,0.14116973,0.018159619
1.2059886,0.00038853762,12.493159,0.10319774,6.470577,4.6252604,43.25419,8.2862745e-05,27.504742,9.594787,2.8927407,224.38228,4.5029507,0.016781459,0.0026305495,0.3096218,5.186452,0.030321727,0.18713588,0.020025589
1.2011322,0.00040557154,12.638413,0.12060069,8.027051,3.6932056,40.91158,6.898219e-05,24.247374,10.191448,2.8218658,225.40466,4.7727294,0.021236494,0.0033490257,0.20150113,7.0353193,0.020332225,0.10667809,0.010907028
1.2449639,0.00021530161,4.003831,0.044759046,7.3176303,1.5290914,33.932285,4.1213974e-05,13.0135355,3.583148,3.0265353,77.83595,1.6745757,0.01157462,0.0010724881,0.16107498,2.0741825,0.01320237,0.077876806,0.006762414
1.2723801,0.00022546365,2.5071652,0.08809419,8.00056,1.0336814,33.07692,5.3205156e-05,10.776075,2.1431687,1.8027734,57.77056,1.0099472,0.019405285,0.002023252,0.12937702,1.2225218,0.009781,0.070896976,0.009090686
1.2897534,0.0003850705,5.728945,0.108502306,7.4303727,1.6247321,27.924215,6.0914135e-05,14.701203,3.2979267,3.2410607,112.020706,1.6383511,0.024614971,0.0021412123,0.20253983,3.2682037,0.017649144,0.088940434,0.01225036
1.2985257,0.000334067,6.204387,0.096326195,8.2868805,1.7492607,35.328575,6.0504804e-05,16.945934,3.846416,2.9926043,115.70663,1.9157758,0.02264157,0.0018303122,0.20554712,3.7294369,0.018222228,0.08432789,0.010609124
1.2033745,0.00044798775,13.806076,0.12233687,8.554736,4.3525705,33.07973,0.00010094544,27.76129,10.596879,2.3533225,237.48608,5.4008036,0.030529244,0.0046263244,0.26362288,6.8362284,0.020750687,0.08817049,0.017675707
1.3177595,0.00046837513,4.410107,0.14080496,7.830497,1.4419556,35.80981,6.620971e-05,14.470645,2.1867483,3.232974,92.2481,0.61173403,0.029769002,0.00064586685,0.1889345,1.5234823,0.013528483,0.1465236,0.010258293
1.3233435,0.0004831767,10.859072,0.13940394,11.720732,3.0536559,71.76209,8.819719e-05,23.623865,8.399494,2.9087038,206.24026,4.675443,0.0368945,0.0037057328,0.29365888,6.1160593,0.014852399,0.11337712,0.016148893
1.2161709,0.00027141214,4.096992,0.08453469,7.141479,1.1554217,34.514328,4.834898e-05,12.163097,2.3246732,2.84293,79.66251,1.0997658,0.018033082,0.0011395063,0.13947974,2.3268166,0.008780812,0.052148808,0.0062340237
1.3292997,0.0002530087,3.392642,0.08679552,7.27452,1.0438617,31.473602,5.1094845e-05,9.665687,1.7204816,3.5382586,63.829765,0.85549307,0.020709971,0.0012476614,0.18091968,1.7234259,0.01274293,0.074947305,0.009935492
1.3309407,0.00048982445,9.952088,0.13577877,12.948286,3.0456147,74.49471,8.1138176e-05,23.903948,8.075888,2.874658,198.28961,4.0254784,0.022611622,0.0031620308,0.28236735,5.2775874,0.02170272,0.10946382,0.01416811
1.3782464,0.0009093763,16.713654,0.23351388,8.593946,4.4284716,47.259636,0.00011820515,35.30576,13.021187,2.8301764,329.87457,6.062018,0.05194453,0.0052533634,0.4545057,9.485902,0.02802394,0.1551305,0.020539163
1.3144644,0.0002467536,3.1927042,0.080131985,9.335724,0.91747516,43.73316,5.2330823e-05,9.720979,1.5826492,2.5869951,62.81754,0.85225016,0.019312358,0.0008553726,0.20421721,1.2856792,0.012325614,0.06736917,0.010576725
1.3439642,0.00070506934,19.983662,0.18891385,12.384762,7.183102,62.70994,0.00015883285,45.484776,16.438175,3.1436834,388.96207,7.2943106,0.030533602,0.004664023,0.6765974,9.802284,0.042470496,0.19322531,0.030546764
1.2789736,0.00038487822,7.5947785,0.078388765,9.940069,2.5455575,51.351074,7.709921e-05,14.550638,5.509318,3.8254845,151.3872,2.5963187,0.021731284,0.0023318348,0.28336114,3.6035333,0.01593267,0.079440966,0.013297326
1.22883,0.00033487388,6.4319677,0.10138453,8.298407,1.8621027,39.212288,6.466424e-05,12.312022,3.8110764,3.1796994,113.78176,1.9219221,0.024703464,0.002271251,0.21050197,3.1920924,0.013321964,0.065214805,0.010099899
1.2224674,0.0002449259,4.253488,0.042553812,7.793337,1.9226013,35.72759,5.390865e-05,13.711802,2.962117,2.6991594,89.176315,0.74547464,0.021348119,0.0010496732,0.15989473,1.1687176,0.012737276,0.12733537,0.009764273
1.237188,0.00013843628,2.0252068,0.054154005,7.7727046,0.7659965,31.91341,3.9141967e-05,10.716051,0.9275838,2.9444625,41.359894,0.514994,0.016910098,0.00073468697,0.10570248,0.7033589,0.009674547,0.09744721,0.008383748
1.3396007,0.0008026168,18.085604,0.22170544,11.74218,6.3374763,61.23251,0.0001462963,36.93385,14.877649,3.05832,340.45456,6.9030333,0.031768974,0.0050826985,0.56000835,7.4118166,0.035610404,0.15997596,0.03174805
1.1889726,0.0003221685,4.957317,0.08163314,7.4435806,1.7717792,37.53993,6.161079e-05,12.791905,3.840265,2.3614316,101.0277,1.8871859,0.021316236,0.001908496,0.20069996,2.513314,0.011310717,0.077017024,0.009034372
1.2292806,0.00063586514,9.330003,0.12528253,8.214301,3.4199429,33.485863,7.81553e-05,12.947762,6.9113355,3.6764014,190.27408,3.4081743,0.03802019,0.0035302117,0.2513879,3.507929,0.018658966,0.114192605,0.0182013
1.1757435,0.00065446465,18.784252,0.23831303,6.331275,6.0771794,33.768032,0.000121794954,35.44402,14.876559,3.0408068,388.3419,6.5762057,0.049546983,0.005117432,0.34778187,11.3733835,0.030054925,0.2116066,0.022374954
1.2900075,0.00062485324,13.346242,0.14249136,9.560775,4.377919,35.903755,8.740646e-05,27.308891,10.699172,2.9832675,251.58994,5.5217543,0.03527426,0.0043347124,0.29637653,5.7631497,0.023751142,0.13301519,0.017934497
1.2365294,0.0006087885,15.069378,0.17155819,9.569132,5.9913926,39.94512,0.00012478109,36.639668,14.106933,2.7543375,300.72537,7.118789,0.038591187,0.0041269287,0.4265139,6.1462507,0.043956645,0.24409503,0.020276807
1.1621095,0.00021880596,4.1700716,0.05963018,7.149935,1.3902985,34.704823,5.9002094e-05,13.945304,2.4790888,2.0964658,85.74088,1.3749444,0.0191857,0.001714102,0.16654018,1.8493043,0.013367367,0.1069481,0.010304087
1.2785774,0.0010615934,20.926474,0.27327466,9.54579,7.136761,52.678772,0.00015144926,48.490616,18.35252,2.716032,406.76825,7.67485,0.057635807,0.005289635,0.4702141,12.054592,0.032705612,0.25272843,0.023456592
1.3181812,0.0007769045,15.828524,0.21326289,7.3379426,4.5877237,41.561474,0.00011075004,29.936632,11.517899,3.4612134,299.67,5.3039484,0.047718927,0.0057336697,0.3448473,8.191075,0.026048006,0.1511019,0.022800257
1.2830789,0.0008357748,18.132338,0.23283681,10.7641945,6.5581093,49.870674,0.00012622445,38.620693,16.17139,2.8794563,357.93173,7.687424,0.039884783,0.005526332,0.34822714,8.606391,0.025811309,0.16277981,0.022403974
1.4013582,0.00094103196,20.286314,0.18633682,12.643552,7.7689266,58.204407,0.00015739721,49.75116,16.785866,3.3039298,385.9205,7.6752057,0.04072868,0.00524338,0.6057042,10.389356,0.042018954,0.2407982,0.033258803
1.2158582,0.0008793729,20.33798,0.22356845,9.012471,6.9821754,40.79947,0.00013637825,36.099113,16.50853,2.6155887,363.34982,7.320882,0.052037347,0.00648164,0.42191315,10.17638,0.03503721,0.29601985,0.042113345
1.191034,0.00043506428,10.37496,0.12691234,7.342016,3.666112,37.81495,8.385308e-05,14.393351,8.284457,3.1250677,191.15752,4.350533,0.032783438,0.005633233,0.19300015,6.705185,0.011363955,0.06788541,0.012209251
1.3226465,0.00038109618,4.005855,0.066904105,9.388976,1.2965097,52.716015,6.319546e-05,10.325174,2.3267167,3.2892857,81.62798,1.2362155,0.016040776,0.0013422539,0.20136334,1.975794,0.010644124,0.058484435,0.008394219
1.2521203,0.0003270579,4.756497,0.05123975,7.723885,1.7735373,38.909767,6.1062434e-05,12.130589,3.7866201,2.5916848,91.969124,2.0538435,0.015867226,0.0015814538,0.2188711,2.3726645,0.010868285,0.07527127,0.007568982
1.3347421,0.0003929596,4.5994496,0.11157757,7.0594106,1.4349366,33.995544,6.093161e-05,12.293354,2.5119114,3.1920407,87.29259,1.2139121,0.024341986,0.0022325295,0.18607111,2.059345,0.010309593,0.08142522,0.009360543
1.2333133,0.0002823746,5.4268074,0.06406395,8.104591,2.5311108,39.50556,6.829401e-05,12.195335,4.6917195,2.830983,103.38666,1.8379471,0.018313754,0.0021981974,0.17573112,2.5522084,0.009300694,0.08188887,0.008332282
1.2967266,0.0002866416,4.206286,0.08085417,6.8675933,1.2910413,33.231842,5.651834e-05,10.0225725,2.8332543,3.0786297,79.3701,1.5332648,0.016984174,0.0021598605,0.15096833,2.1429477,0.007705133,0.05344595,0.0067688692
1.1197412,0.00013876044,3.6261964,0.043579172,6.263933,1.5551622,25.723171,4.5350967e-05,9.326066,2.6986108,2.510814,69.61888,1.0612681,0.014836919,0.0010828063,0.11663046,1.477072,0.0080664605,0.08258534,0.0082904985
1.242323,0.0003311975,5.065936,0.07117805,7.931439,2.2470748,38.548824,6.410809e-05,11.716899,3.8829012,2.968275,98.10064,1.6751665,0.017841319,0.0022635025,0.15427306,2.5706253,0.008384397,0.06538614,0.0075045987
1.4065521,0.00035005395,3.6569247,0.13867979,10.875511,1.0016066,57.99695,7.393466e-05,13.248885,1.7447436,3.190051,74.15887,0.93170416,0.026603842,0.0015067065,0.2578896,1.6234685,0.015639775,0.108579524,0.014281028
1.3184311,0.00085520797,18.130426,0.14001483,15.791509,7.191365,49.017986,0.000101127334,45.609394,17.321865,3.055682,334.00177,8.098432,0.049453896,0.003433712,0.57394785,4.964144,0.046310686,0.28833824,0.06747483
1.1993667,0.00040106816,5.795135,0.09643114,6.4982824,1.5880133,29.587273,6.4913795e-05,9.120946,3.3428392,3.5349445,110.72837,1.623352,0.01616672,0.0014624869,0.21836314,2.536437,0.011657058,0.08079916,0.007495812
1.2217355,0.00046466728,5.9641666,0.1143856,8.030098,1.7797902,41.07865,7.207947e-05,11.477126,4.140738,2.8776412,118.75844,2.3137534,0.024555007,0.0025107015,0.22155568,3.1468074,0.009430642,0.07053116,0.008945178
1.3967078,0.0002809224,3.7817333,0.09636726,10.421333,1.2743461,56.359116,6.710765e-05,12.593613,2.3531783,3.4786305,78.24874,0.9881041,0.01706477,0.0014892463,0.21938066,1.7956778,0.011337327,0.09149722,0.010380088
