Anth,B,C,Ca,Car,Cel,Chl,Cu,EWT,Fiber,LAI,LMA,Lignin,Mg,Mn,N,NSC,P,K,S
1.2762651,0.00012232765,1.9420693,0.026357735,6.09146,0.90992326,22.181854,3.6183403e-05,7.8909693,1.5142289,3.369435,32.90025,0.65264237,0.008121475,0.00085828884,0.073168546,0.9014968,0.009439018,0.07455214,0.007386782
1.2811272,0.00010178182,1.6108128,0.016134525,6.914714,0.9012727,24.282732,3.1624448e-05,6.9488373,1.2964568,3.5849047,25.512487,0.52243024,0.00880224,0.00084640493,0.066230975,0.7213416,0.007980773,0.06565717,0.008122399
1.3003945,0.00014350208,1.7888194,0.031708676,7.445424,0.9343679,28.594744,3.6607275e-05,10.921509,1.4922967,3.5277278,27.055817,0.6433632,0.0077674803,0.0009426229,0.08746455,0.89183056,0.009213864,0.06746057,0.008662044
1.1728964,0.0001328592,2.2379918,0.032092042,5.544703,1.1644669,26.420372,3.8938862e-05,11.3501215,1.9981048,3.400128,43.817352,0.77238315,0.008355311,0.0010470889,0.10556421,1.0904384,0.01335256,0.089638345,0.010502409
1.1913656,0.00032184014,3.3007193,0.11625477,9.767483,1.3007032,41.161747,6.141292e-05,29.832571,2.6736407,3.526989,65.62862,1.3245695,0.014983577,0.0017536453,0.16921157,2.100685,0.014679725,0.12753336,0.010102572
1.1358855,0.00015686166,2.3249843,0.027582962,6.635486,1.4340737,34.05195,3.7892e-05,14.292286,2.314964,2.8009663,46.573906,0.80182195,0.009423022,0.0010694002,0.09109658,0.9692603,0.010383355,0.10136506,0.009185369
1.1779658,0.00018962564,2.6226058,0.0605184,7.0415916,1.2886871,34.22762,4.006861e-05,16.282404,2.2080116,3.1235864,58.28481,0.89753574,0.012854156,0.0011481305,0.14505842,1.2782279,0.015114333,0.08081826,0.010730982
1.234246,0.00017278985,2.394098,0.05711826,6.3074775,1.1053104,29.193491,4.096565e-05,13.6186,1.9012958,2.7661564,46.015614,0.7664656,0.015916454,0.0011095562,0.12931441,1.2626424,0.013369869,0.08745063,0.01011841
1.0930575,0.00011731352,1.7212267,0.013587255,6.2570314,1.0256835,18.868557,3.417261e-05,8.334981,1.5212544,3.142617,29.131075,0.53265697,0.0054523866,0.00080516277,0.07216765,0.7244914,0.009178368,0.075837046,0.0076456834
1.245403,0.0002041385,2.6959045,0.08413129,5.986535,1.2680069,25.212767,4.5555847e-05,16.814444,2.4346418,3.1849527,51.903423,1.0034008,0.01663863,0.0016317511,0.11956347,1.386165,0.013226806,0.08137175,0.010016759
1.0178529,0.00020966385,2.773256,0.053333007,6.072646,1.2538025,20.860846,4.2194926e-05,10.429387,2.4062657,2.727007,50.784798,0.9798244,0.012662072,0.0014388815,0.10121067,1.1461382,0.00957942,0.08060482,0.007408212
1.107139,0.000101480815,1.7635466,0.020130847,7.045317,1.1202406,27.633467,3.1392e-05,9.293528,1.6673416,2.8270183,32.469524,0.58893466,0.0069250157,0.0009911864,0.07194742,0.6888285,0.009321633,0.08882164,0.008574988
0.9812039,0.00020326069,2.488637,0.064357765,5.566668,1.1868013,25.831333,4.273333e-05,18.971815,2.2443628,3.8800375,52.38031,0.74941295,0.013213987,0.0012998909,0.093381256,1.2153453,0.017152952,0.085061245,0.009395771
1.1302171,0.0001747411,2.276333,0.05776707,5.538783,1.2492907,30.85111,4.2783246e-05,22.048056,2.0298953,3.707539,38.136623,0.6781461,0.007385273,0.0011805063,0.09103092,1.0166754,0.009267749,0.10664338,0.0075845197
1.0573947,0.00025006323,3.0607352,0.06184512,8.226883,1.3377535,31.172434,4.2066546e-05,11.98363,2.8788295,4.5213304,49.13404,1.3368897,0.016641086,0.0015006852,0.15169735,1.3872993,0.011403204,0.08164272,0.010672904
1.1384443,0.0002070619,2.1117098,0.056761283,9.75881,1.0907593,32.67304,4.483564e-05,13.163858,1.9631234,3.0338762,31.115986,0.93545693,0.016198525,0.0013646458,0.123498775,1.0574402,0.011861376,0.09610039,0.010319714
1.2345257,0.00029863967,3.2451928,0.10611562,11.211906,1.3751384,39.146152,5.7149507e-05,34.76225,2.8925147,5.183694,58.186707,1.2351913,0.023302078,0.0016655953,0.16059141,1.4529378,0.016113305,0.11522024,0.014044901
1.4055938,0.00025450345,2.7393036,0.097925596,9.855221,1.2064431,35.01247,5.626725e-05,16.160887,2.2836633,4.5860476,43.516212,1.0628816,0.022535535,0.0013334004,0.16236137,1.3025857,0.015774135,0.10756203,0.014274929
1.2240356,0.00018445242,2.7298782,0.04321668,8.590944,1.4970834,33.730553,4.3939945e-05,10.899268,2.6374197,3.8977354,50.10182,1.0134476,0.013474991,0.0010699374,0.13960719,0.91120815,0.011957888,0.11218699,0.011334969
1.2671047,0.00014576985,2.1618648,0.037386514,9.012831,1.1341466,33.91682,3.889235e-05,12.503355,1.859929,4.2587504,33.837402,0.67261106,0.011058632,0.001070795,0.12043306,0.90527725,0.009668792,0.080317006,0.009443459
1.7078737,0.00024062692,3.029831,0.082499474,10.577352,1.2770588,38.40939,5.3951677e-05,16.220816,2.0376916,4.1961203,51.41478,1.0509186,0.019745106,0.0013977399,0.18356659,1.4798443,0.015687635,0.095112234,0.01447716
0.969741,0.00025653018,3.0843368,0.07644177,8.598425,1.4426832,36.872307,4.900834e-05,15.187469,2.4600966,3.4546895,53.797894,1.0953295,0.019699305,0.0014126245,0.14903192,1.3129797,0.013725741,0.12439227,0.011029267
1.3471265,0.00019597914,3.213798,0.08110163,8.7265835,1.393685,29.363703,5.4093183e-05,14.5395,2.394878,4.217776,51.244762,0.8653374,0.020494564,0.001250105,0.16095214,1.1960334,0.014812179,0.13299485,0.015152402
1.3264529,0.00021243453,2.4099753,0.04825273,8.68362,1.0258237,31.589697,4.129126e-05,12.15978,1.5794859,4.227926,39.62414,0.7376881,0.015734099,0.0014123017,0.14042185,1.1707071,0.012078877,0.089357145,0.011828832
1.3128543,0.00030140966,2.9136975,0.08748051,10.4576235,1.268947,39.272392,5.2210962e-05,29.747555,2.3974845,4.5425506,53.678715,1.1544473,0.018396122,0.0015661403,0.16483772,1.3220569,0.012958984,0.10627917,0.010867595
1.5448161,0.00029684327,2.4831436,0.133385,11.994517,1.1554377,58.07073,5.849104e-05,20.301004,1.7789747,2.611752,69.99856,0.6499741,0.02647571,0.0016640733,0.17823017,1.1813703,0.015953852,0.124863975,0.018646847
0.96347386,0.00030879342,2.9485795,0.07673707,8.1610985,1.3926498,29.524206,4.7459744e-05,18.500973,2.919354,3.3808339,42.20438,1.2880037,0.016916847,0.0014785269,0.15424341,1.7488871,0.015190245,0.109103404,0.010877681
0.9927832,0.00030004283,3.3777812,0.08777196,8.381479,1.4425172,27.23317,5.25085e-05,17.256765,2.745115,3.6662297,55.647404,1.2285045,0.01983685,0.0016567224,0.15918994,1.303746,0.012757219,0.10717881,0.012281289
1.4907781,0.00020543339,2.6189702,0.06984182,9.275542,1.170859,36.601547,5.3501008e-05,13.774745,2.3038623,4.308185,42.200558,1.1425195,0.017230412,0.0016937025,0.17301565,1.4266734,0.014172901,0.095796205,0.012803128
1.4636432,0.0002790229,3.1361108,0.085591435,10.442379,1.4711614,40.074245,5.7836456e-05,16.861092,2.516645,3.8017223,53.35675,1.435183,0.019613164,0.0017581029,0.18966386,1.5630995,0.015688695,0.09984511,0.014705229
1.5664767,0.00025651726,2.4594216,0.08595932,11.465953,1.0200505,52.26263,5.450941e-05,12.981976,1.7991607,2.3386006,46.31477,0.9657691,0.018398738,0.0016103882,0.14913952,1.3016008,0.01152891,0.07958027,0.010743276
1.5192984,0.00015311124,2.0209546,0.05389166,9.619027,1.0056654,36.53075,4.3054646e-05,10.139487,1.701808,5.2254767,33.735928,0.7185007,0.01240176,0.0010607349,0.13808073,0.89413536,0.011020067,0.09654974,0.011766943
1.3083193,0.00025630376,2.4989305,0.08684607,8.643302,1.123152,30.432589,5.140652e-05,9.542313,2.2414746,4.722503,35.459236,0.95760983,0.018771727,0.001520603,0.1450658,1.1560078,0.013090023,0.09856817,0.012794231
1.2518512,0.00027105247,3.433251,0.08746881,9.283836,1.6696522,34.02056,5.4413867e-05,16.64117,3.4182534,3.2631905,50.28166,1.6440576,0.019247726,0.0017948424,0.20077625,1.8658553,0.016322602,0.12186418,0.013753072
1.4156048,0.00014542481,2.0953102,0.047355264,9.639639,1.235171,42.163124,3.9596925e-05,10.525702,2.0917523,4.049804,40.435257,0.82738274,0.014008514,0.0010077268,0.13066593,0.74421066,0.012436815,0.110099636,0.0127998255
1.3710409,0.00025540043,2.5066304,0.073125176,9.773407,1.0146437,36.67574,4.936878e-05,13.157943,1.6297276,3.518956,39.264194,0.7445895,0.018257484,0.0015853556,0.15966992,1.230006,0.010935697,0.074785754,0.011456334
1.3816872,0.00022512795,2.9822009,0.082999624,8.743521,1.0826817,28.815788,5.1524927e-05,9.443456,2.3830047,5.6475163,46.00559,1.1584077,0.017142478,0.0015974595,0.16413397,1.4440434,0.010610114,0.089323685,0.010456253
1.412375,0.00023554821,2.0627146,0.09049808,10.127482,0.8709713,30.270134,4.083529e-05,14.660251,1.4576683,3.2992053,34.60682,0.63888466,0.017099734,0.00080264034,0.1440016,1.0132568,0.012806277,0.0966476,0.011354394
1.3500782,0.0002608826,2.8935716,0.088015,9.416016,1.1473227,26.9084,4.6489953e-05,12.518292,2.369407,5.9751825,41.564827,0.9896578,0.015163295,0.0013747287,0.1230396,1.1913791,0.012207257,0.09253199,0.011549084
1.3621927,0.00026131346,3.1143336,0.097612426,8.091142,1.2141715,22.106092,5.0623974e-05,14.10575,2.21969,3.540926,48.251926,0.9545142,0.019916294,0.0011651496,0.15269363,1.4400196,0.015390262,0.11160443,0.012643337
1.4621664,0.0001945628,2.4123974,0.064414814,9.355292,0.924716,33.51987,4.0971772e-05,10.874718,1.3064532,5.0788903,35.653595,0.6040854,0.016477088,0.0011950458,0.14184768,1.1219002,0.01143435,0.07888046,0.012069121
1.5538714,0.00020978124,2.2621984,0.080460474,11.132844,1.132756,55.237144,4.7177524e-05,15.471958,1.7308054,2.2149599,63.418022,0.905328,0.01976456,0.0013474175,0.13738732,1.1723176,0.011534897,0.07551212,0.009863337
1.4653283,0.00021397334,2.8079565,0.06341741,8.560467,1.032987,34.321514,4.28847e-05,12.462011,1.8081151,4.9789424,45.790108,0.8686206,0.01615187,0.0013136406,0.13497521,1.459461,0.011443548,0.07497724,0.009953645
0.8667269,0.0002912123,3.870504,0.062999874,7.343066,1.5327497,26.404055,5.1357154e-05,9.673555,3.4037411,4.780047,74.1512,1.6083261,0.017242955,0.0017880106,0.14477767,1.5570934,0.010059266,0.09774458,0.010040949
1.9182895,0.0002772545,3.575136,0.068709046,12.0364275,1.5919781,65.59683,7.1588314e-05,14.517741,3.1915426,4.4763765,63.613056,1.471328,0.019729873,0.0022341155,0.21985132,1.7602845,0.015275957,0.11069946,0.01639887
1.0841419,0.0002661524,2.9045937,0.06703377,8.990264,1.304774,27.02734,4.614177e-05,12.882908,2.6063209,3.828193,48.489555,1.1680671,0.01530359,0.0014003437,0.13733684,1.4580647,0.010618078,0.080045596,0.008795481
1.7349509,0.00023585751,3.265114,0.106776275,8.085242,1.1247877,21.55444,5.0187602e-05,17.361105,1.8265556,3.9195702,54.587215,0.8798368,0.018662913,0.0011480371,0.1467655,1.7012495,0.0127232475,0.08649372,0.010108139
1.5727624,0.00021611895,2.680318,0.07947165,8.136727,1.0087767,33.669727,4.4547065e-05,15.715005,1.8558453,5.3377686,42.340824,0.865977,0.013754528,0.0013374701,0.13557874,1.4228094,0.013050811,0.0926514,0.010987105
1.5011307,0.00024971223,2.681939,0.072941944,10.49793,1.1710207,41.976933,5.4474596e-05,12.413549,2.3812296,4.4201913,42.856705,1.1093884,0.018055065,0.0014742038,0.1858219,1.3801649,0.014376612,0.09321811,0.013823744
1.198359,0.00014051687,2.0357916,0.043829303,9.249081,1.1916791,30.393667,3.8963433e-05,9.478533,2.0348587,1.12155,33.924313,0.8672535,0.012669757,0.0012358826,0.0896031,0.9065895,0.009396233,0.07918601,0.0093064755
1.8876685,0.00026603765,3.1631393,0.09779489,11.229142,1.5008053,57.883347,6.341589e-05,14.0615,2.8268232,4.8905935,60.725937,1.1234255,0.024797201,0.0017134163,0.2060119,1.3702074,0.016001422,0.12159697,0.018142601
1.0734847,0.00019435104,2.6428668,0.044686235,8.47863,1.3158319,27.660206,4.5401695e-05,6.0910606,2.170218,0.4551943,40.325027,1.0106078,0.012546406,0.0015251968,0.110721216,1.1567115,0.0088227205,0.07331016,0.007843583
0.94297165,0.000285107,3.055418,0.06515848,7.263454,1.4855319,23.29815,5.0936287e-05,11.927143,3.0365977,5.0840554,45.724396,1.3660622,0.015314334,0.0014996992,0.12650184,1.519362,0.010312499,0.08599692,0.009235065
0.91779643,0.00019788371,2.5991783,0.04854568,7.5588098,1.2642093,26.721748,4.081354e-05,10.984265,2.490691,6.195991,35.956463,1.1253566,0.012041068,0.0012387708,0.11360465,1.1320641,0.009917279,0.09575207,0.009913965
1.3064902,0.0002219323,2.7756042,0.07569466,8.58218,1.0620571,28.328487,4.3282726e-05,11.668293,2.133778,4.3004537,41.259697,1.0286969,0.013669626,0.0011857093,0.14071755,1.426928,0.011395003,0.080484256,0.009640918
1.2341073,0.00018258512,2.0323527,0.045915633,9.749285,1.1675804,36.449436,3.5380177e-05,12.778778,2.3473012,4.811376,26.152199,0.9554439,0.011305996,0.0011599886,0.112605155,0.9048136,0.010082782,0.090145834,0.010169867
1.1174388,0.00018488806,2.4283254,0.059826035,8.158825,1.0797896,24.336136,4.1515745e-05,8.307922,2.1576457,6.7039366,38.720787,0.83748543,0.013705464,0.0012143719,0.11530572,1.1115191,0.009523311,0.08044211,0.010155351
1.1347487,0.00026775885,2.7288015,0.07629405,8.261247,1.1517441,27.660217,5.0601397e-05,11.41918,2.1899023,4.067874,44.374496,1.2032851,0.016921204,0.0015611391,0.1485008,1.2206252,0.011357643,0.09110818,0.011849696
1.3530425,0.0002644726,3.016359,0.117626876,8.213832,1.1198305,31.069368,5.511986e-05,13.009104,2.2378407,3.2564175,44.447506,0.9748655,0.017251855,0.0013709585,0.16085191,1.5023565,0.0139710065,0.09272207,0.011664989
0.86250204,0.00019985509,2.5059547,0.043125708,7.413092,1.3285934,24.16802,4.3201147e-05,10.666488,2.5157945,5.9286547,37.25673,1.0937462,0.011287404,0.0013361357,0.11582906,1.1727453,0.009717068,0.093200944,0.009286986
1.238011,0.0003238756,2.869793,0.10670963,8.881639,1.3372381,27.817938,5.137959e-05,16.03784,2.383599,3.9691203,47.972935,1.1583875,0.019697154,0.0015329705,0.14487807,1.2403075,0.014799012,0.11399854,0.011699967
1.5381529,0.0002329262,2.4099295,0.09410703,8.739876,1.0006618,29.077097,4.801666e-05,13.10973,1.508715,4.0255957,34.584774,0.7786926,0.018478597,0.0012669878,0.14192863,1.1657324,0.012991727,0.08308055,0.011654568
1.1748745,0.00023368096,2.9515905,0.06978996,8.349277,1.0963494,27.564962,4.3553915e-05,15.222456,2.3219566,3.2585807,44.921993,0.9451571,0.014341346,0.0012053518,0.13686667,1.6080284,0.016790321,0.108816564,0.011988353
1.3791382,0.00029646565,2.991737,0.07851063,9.157035,1.1200553,33.403885,5.5099714e-05,11.229096,2.245465,2.7707846,49.498894,1.2242082,0.019352105,0.0015976598,0.18569069,1.6341653,0.012169266,0.09203878,0.01222968
0.9976291,0.00012942393,2.0720935,0.051644634,8.465288,0.9876153,31.163446,3.4540222e-05,10.6608,1.786025,5.6066422,33.774067,0.7669536,0.0131355785,0.0010990371,0.10622528,1.0117936,0.012518747,0.088005364,0.012771513
0.8319561,0.000275631,3.6783452,0.06787232,7.0822816,1.6302358,25.70568,4.619893e-05,11.024377,3.474777,4.812973,68.871544,1.5052637,0.018577056,0.0017010391,0.12378509,1.3360547,0.010474994,0.1142857,0.0103891175
0.87575936,0.00019783239,2.4327953,0.044773124,7.595296,1.315305,25.290638,4.3387437e-05,11.074996,2.5218844,6.0622163,35.59253,1.10088,0.011584787,0.0012872706,0.118098676,1.1491989,0.010167193,0.09495767,0.009654983
1.1412302,0.0002705939,3.0409458,0.07670393,8.080918,1.4253756,24.583836,5.3681626e-05,12.9026165,2.6948018,5.306428,41.59091,1.3809156,0.015958872,0.001594949,0.14237303,1.2044154,0.011856268,0.106219016,0.012295761
0.7746555,0.00022621502,2.287869,0.047103137,7.055596,1.3118757,18.317423,4.2280495e-05,12.384726,2.2916012,5.2463126,34.640762,1.0138525,0.010480739,0.0012633435,0.10880731,1.1021901,0.010431199,0.09642853,0.009612162
0.67039055,0.00020301389,2.045161,0.04255449,6.8717737,1.1610603,21.343143,3.818405e-05,7.519094,2.3788257,7.196228,34.52967,0.88906723,0.008892478,0.0010986424,0.08866702,0.9697216,0.008891522,0.089768946,0.009166331
1.219565,0.00016045879,2.1325147,0.0558738,8.647161,0.99656194,32.812885,4.1733743e-05,8.122399,1.8660368,6.4233556,33.953327,0.8247092,0.014263553,0.0012282258,0.123025864,0.9986943,0.008859061,0.07983604,0.010270629
0.9976595,0.00018327014,2.3813822,0.05804926,7.994632,1.0832591,28.223413,4.3267806e-05,9.75148,1.9201038,2.4419146,41.292614,0.93066466,0.01248934,0.0011254466,0.11895973,1.0216197,0.009922148,0.083192535,0.00900417
1.2437079,0.00017415578,2.172201,0.054535512,8.393793,1.0951642,30.77296,3.9973675e-05,11.700439,1.7281562,3.8877122,38.790367,0.6430207,0.014704945,0.00091955723,0.11452088,0.97113717,0.01094068,0.10283701,0.010032253
1.2429849,0.00017049503,2.1591423,0.057804886,8.335692,0.98979825,32.266636,4.180011e-05,7.4334035,1.9644513,6.8489633,33.356167,0.8004558,0.012809451,0.0012613208,0.10983328,0.9366304,0.008307625,0.075314805,0.009984099
1.4805555,0.0003132391,4.0095887,0.11018749,8.5728245,1.2708102,25.047562,4.9563158e-05,19.051594,2.152598,2.8151267,73.47983,0.98166746,0.022676008,0.0012489314,0.16753839,1.6718739,0.015182362,0.10318274,0.012848048
1.1853027,0.0002122378,2.3005211,0.07070213,8.598808,1.2534652,27.804728,4.4437405e-05,15.528731,2.0023942,3.2962828,36.68649,0.78031534,0.015892474,0.001046396,0.11888534,1.0510153,0.011648736,0.11220331,0.011473038
1.5038916,0.00030308755,3.4703782,0.08620149,10.4934635,1.2098181,43.63351,5.7561385e-05,12.785255,2.1986763,3.023014,56.480892,1.0849669,0.018377358,0.001683744,0.18069924,1.6768612,0.0139954295,0.09725899,0.012029756
0.73400295,0.00023456292,2.1967926,0.04735875,5.947539,1.2474804,15.595705,4.1298514e-05,13.6311245,2.1737223,2.980106,37.224464,0.97177273,0.01158652,0.0012941274,0.091611475,1.2419258,0.01087265,0.08902522,0.008785514
1.9460107,0.00029151005,3.3588674,0.062487006,11.502677,1.450755,60.375027,6.8377485e-05,11.65112,2.8865724,5.13682,62.084522,1.3929211,0.017488113,0.0021009005,0.201359,1.5479566,0.011737433,0.11390587,0.012652623
1.1269048,0.00033475814,3.4968483,0.11014181,9.577234,1.5852174,37.237488,6.195383e-05,28.811468,2.8402658,4.3927283,60.225616,1.2980028,0.021381406,0.0022557026,0.16242395,1.7440557,0.013780446,0.11193989,0.011365695
1.1123023,0.00030971956,4.4277754,0.07742465,8.91972,1.7387822,27.399452,5.7542653e-05,17.945427,2.808858,2.132607,84.8412,1.3654512,0.019026235,0.0015280406,0.17652532,1.8865945,0.012663545,0.1217301,0.011811065
0.81189805,0.00029997388,3.5093513,0.07480056,6.5694785,1.5961329,24.094658,4.889881e-05,11.720027,3.4297178,5.174965,64.96797,1.4758204,0.018043665,0.0016883379,0.124606006,1.4185901,0.010016916,0.10419611,0.010252998
0.69049734,0.00024475806,1.899895,0.062449675,5.511098,1.2,13.088878,4.1177795e-05,13.990208,2.2576945,4.520128,25.76617,1.1421309,0.011444767,0.0012194673,0.08167371,1.0986139,0.009845147,0.09879777,0.0077970885
1.2126434,0.00029120868,2.4461787,0.07885649,8.834324,1.1840848,31.395243,5.662583e-05,11.61243,2.0563805,3.4647646,36.431786,0.9964688,0.0167095,0.0015238674,0.15446325,1.0653197,0.013951333,0.09951123,0.013003745
0.8217044,0.00027142407,3.3378985,0.06399224,6.702581,1.6165009,22.151325,4.7751157e-05,12.337811,3.252221,5.469915,56.662636,1.40034,0.014396812,0.0014644432,0.11938155,1.3260561,0.010049054,0.09979884,0.009472195
1.1224008,0.000341758,3.9844391,0.11888905,9.672348,1.4023613,34.43233,5.4745993e-05,19.12674,2.8055341,3.1918893,73.45722,1.4337175,0.0221666,0.002073794,0.16367,1.6268953,0.013213457,0.10164856,0.012193353
0.90339166,0.0001611752,1.9635301,0.05289615,8.772466,1.1134695,29.777695,4.023736e-05,10.509609,1.9908504,4.460048,30.925083,0.804104,0.011336671,0.0010213492,0.090201095,0.9918269,0.009152514,0.08480717,0.008799381
1.2449615,0.00022405101,2.233289,0.05966152,10.697469,1.0207071,35.028553,4.7498535e-05,17.326176,1.7026882,3.8052468,32.523678,0.69220483,0.015860874,0.0013530087,0.14320025,1.2119918,0.012140561,0.08771268,0.010630983
0.98805285,0.00015365469,2.2761767,0.03925395,8.075788,1.2744778,26.509644,3.969365e-05,7.310686,1.9948817,1.5693777,35.16371,0.8713936,0.011564457,0.0011851421,0.09143161,1.0311637,0.008551966,0.076324575,0.007468485
1.1813676,0.0001904065,2.0710244,0.052443694,10.528917,1.1790847,37.38876,3.836002e-05,13.47599,2.1420088,4.767787,34.07972,0.8636796,0.01193979,0.00134383,0.12606873,0.9870752,0.010008086,0.08062987,0.009921979
1.4919429,0.00023687529,2.2189717,0.08611136,10.707588,0.9554079,38.746105,4.3296215e-05,14.543617,1.5604783,4.206173,32.575348,0.73190844,0.016227825,0.0014434361,0.14424084,1.1353099,0.010779458,0.08904582,0.010793096
1.0424026,0.00017310177,2.0318043,0.033578575,9.577182,1.3476788,32.902363,3.933739e-05,12.754504,2.4428942,3.4752164,39.418076,0.8769065,0.010929171,0.0011402183,0.11692611,0.758975,0.008970464,0.09872621,0.008145839
1.5264436,0.0002283558,2.230204,0.074263304,10.882799,0.9999178,42.338013,4.4591558e-05,14.531949,1.6763375,4.0764775,32.116207,0.762432,0.016480422,0.0012896706,0.14268164,1.1438977,0.010274614,0.08297478,0.010847181
1.0185864,0.00018390713,2.1212418,0.03898431,8.664307,1.3913742,29.128805,4.3260356e-05,11.860832,2.4354656,4.563155,30.668633,0.97894853,0.01083464,0.001246158,0.12671587,0.81656057,0.010315988,0.099835694,0.010523495
1.6121273,0.00019814247,2.422839,0.07473654,9.988218,0.80087864,30.037443,4.4996836e-05,10.391272,1.224763,1.1216419,43.354412,0.66310227,0.019598478,0.0011952523,0.13300438,1.0358695,0.011546332,0.07473232,0.010549451
0.7934151,0.00018532155,1.9691415,0.04489347,6.9554553,1.3221292,21.3243,4.0681978e-05,10.167095,2.2413673,2.3303926,28.102468,1.0697217,0.008838903,0.0012446103,0.087643854,0.98672324,0.00893115,0.08987459,0.007901031
0.8391937,0.00024373877,2.3576908,0.058557376,6.9209795,1.3287388,22.773932,4.5989003e-05,11.723455,2.406052,4.13491,32.229935,1.067179,0.014844061,0.0013013271,0.10535586,1.2233033,0.011520481,0.10350289,0.0097548235
1.4142665,0.00021227918,2.5187163,0.08136956,10.417297,0.9858372,40.88082,4.3620665e-05,12.771176,1.5746021,3.8409965,41.60037,0.7453794,0.017654398,0.0013184486,0.15043263,1.1794047,0.010717426,0.09438665,0.011103222
0.8104087,0.00020750043,2.1707244,0.060037635,7.7561836,1.3213767,24.071867,4.296491e-05,17.810442,2.2664528,2.03893,34.558586,1.0045991,0.011850785,0.0012399416,0.09619035,1.1099122,0.009550215,0.09364081,0.00825605
1.2751154,0.00016411077,1.891132,0.04483459,10.11991,1.0492922,40.106655,3.7390564e-05,11.604435,1.912464,6.0868826,27.040201,0.77669734,0.010698293,0.0009544972,0.12489126,0.8310045,0.009758384,0.08564767,0.010908644
1.3958297,0.00016254219,1.5804163,0.067715295,12.278915,1.3062729,52.538025,4.7877027e-05,10.136691,1.7302262,1.2958949,54.81269,0.9071091,0.014226698,0.0013039717,0.121736646,0.8174085,0.013467153,0.09718204,0.012375285
0.7866657,0.0002899111,2.9422073,0.062289048,6.220147,1.7076262,18.375734,5.012544e-05,14.872546,2.838503,4.244142,56.784554,1.1069943,0.015943902,0.0012106979,0.11671642,1.1395459,0.011616333,0.11476837,0.01064201
1.4339575,0.0003036712,2.995209,0.09672269,10.865757,1.0611197,40.58259,6.612137e-05,11.583374,1.7887992,1.6343163,47.459846,0.9922467,0.021209028,0.0017132235,0.18320377,1.4236203,0.014156846,0.086667776,0.012685115
1.3025445,0.000189349,1.5923651,0.07827322,12.804236,1.3816383,52.664963,4.7020807e-05,16.221386,1.7902765,1.1377525,74.922,0.9307773,0.017719334,0.001307533,0.11408819,0.90096813,0.01331763,0.09438308,0.0124048395
0.75314707,0.0002571381,2.4472291,0.06031351,7.1472454,1.2790248,22.629183,4.607114e-05,21.592619,2.3615646,2.150614,39.256134,1.0735594,0.013412574,0.0013148983,0.11984382,1.2492845,0.009311062,0.107482724,0.008270761
0.7235119,0.0002628794,1.9113514,0.045951925,6.393688,1.2068856,19.083797,4.415889e-05,12.181375,1.8142561,3.1196487,38.30182,0.69891673,0.009875833,0.00062430743,0.113286145,0.7990545,0.012837707,0.103139095,0.010686925
1.7722994,0.00018418476,1.8481559,0.07248721,10.732882,0.91440487,40.915142,4.189146e-05,18.957478,1.4755188,3.4989452,26.587261,0.6465955,0.014074548,0.001010444,0.12338451,0.9010563,0.011305137,0.085038796,0.010695596
1.4727266,0.00017409278,2.407628,0.05279174,9.535382,0.9832776,34.27459,4.1531355e-05,13.113738,1.7295365,3.8494248,40.40262,0.67469025,0.014731851,0.0012198978,0.12794955,1.1360792,0.0108710835,0.072289675,0.010388084
0.76749295,0.00028570177,2.6092808,0.07247869,6.9601855,1.4136696,21.579834,4.997853e-05,14.81997,2.367096,3.7953453,38.492867,0.9426794,0.01699736,0.0011008581,0.11291321,1.2006632,0.011320372,0.12306169,0.009416566
0.92484826,0.00021300255,2.8094008,0.03713036,8.8982525,1.4794325,29.910715,4.208109e-05,14.084607,2.6671453,2.5324347,55.90884,0.9858093,0.010932384,0.0013682563,0.12707222,1.0306085,0.008936209,0.11416063,0.008282788
1.1544274,0.00028560273,2.8332982,0.0777126,7.965843,1.2640976,25.23621,4.775837e-05,12.105571,2.3805063,3.5412958,39.340256,1.0526441,0.017248265,0.0010348598,0.14612544,1.5380027,0.014564803,0.11297505,0.011277239
1.4274362,0.00029088368,3.4875348,0.075687096,11.735761,1.4095697,51.30468,5.8450696e-05,54.620865,2.9008214,4.145695,74.93296,1.5247928,0.016717391,0.0016315046,0.18080856,1.7246363,0.015947914,0.106707975,0.0116389645
1.4117205,0.00017386285,2.3987203,0.04013376,8.996066,1.053174,34.3077,4.232621e-05,9.553153,1.9653177,5.1193137,41.207706,0.7389628,0.011860736,0.0013435181,0.13148718,1.0970509,0.008380636,0.08353167,0.0095846895
1.4370067,0.00016460256,2.0671678,0.06114287,9.777034,1.0880177,38.326485,3.8741462e-05,15.921326,1.7695277,3.4612331,33.158993,0.65175664,0.013553177,0.0008397418,0.12300945,0.7845545,0.0103892125,0.10327915,0.011372661
1.6288188,0.00023587454,2.7312245,0.08753087,10.2204485,1.1286831,40.940304,5.5076427e-05,11.386331,2.083049,5.244444,44.493973,0.86817616,0.017288797,0.0014815514,0.1690031,1.2412902,0.011493002,0.10594349,0.0118198395
1.2842883,0.00016467363,2.0741246,0.06547373,9.899278,1.1561935,36.741,4.2376258e-05,19.614,1.9044654,3.3887882,36.541298,0.6924094,0.013512308,0.00080522225,0.1284261,0.81890154,0.012030586,0.12493264,0.012598704
0.83385086,0.00023864812,3.4780052,0.044296164,8.197234,1.6859713,26.942791,4.3983036e-05,20.141907,3.1232028,3.2636573,75.45974,1.2112244,0.012110731,0.001462477,0.13236608,1.1713556,0.008800977,0.120568134,0.009102258
1.5219744,0.00024184346,3.133836,0.08812168,7.5851507,1.1442165,20.829407,4.4275435e-05,16.65209,1.7475264,2.728185,61.64372,0.77519536,0.020713584,0.00081739394,0.13847505,1.5916301,0.0152267,0.10415558,0.011537082
1.1029078,0.0001789479,2.0577495,0.05480373,7.4641314,1.2346678,22.165068,4.469181e-05,10.750577,1.9482857,4.2230244,34.233982,0.8275752,0.014089076,0.0010499868,0.120305054,0.8919532,0.011687015,0.097928785,0.011394744
1.4234704,0.00019559401,1.5011961,0.08929392,11.809179,0.98653114,51.457188,4.0336523e-05,13.014063,1.4178389,2.905241,52.869347,0.6329222,0.017430728,0.0010519816,0.09705972,0.70685995,0.009875812,0.08315861,0.010259407
1.3363067,0.0002860795,2.7090337,0.08922231,8.877512,1.0820856,29.249573,5.213634e-05,12.214471,2.0071585,2.8495417,38.437447,0.99726033,0.017031765,0.001480091,0.14107522,1.342628,0.012374976,0.0933769,0.010355753
1.6314217,0.0002813293,3.1810575,0.08991074,9.580128,1.0989003,29.81475,5.7262765e-05,13.373722,1.9991492,3.2921438,51.610397,0.9894538,0.020998074,0.0014710476,0.17919283,1.6899105,0.013837411,0.08935392,0.01200535
1.2579424,0.00029400573,2.928509,0.09458396,11.127602,1.1572442,38.21671,4.9265574e-05,17.35985,2.0957546,4.1314254,52.819874,1.0108159,0.024687158,0.0016337867,0.15119466,1.4525405,0.010554424,0.08432454,0.00948644
0.9316593,0.00019779302,2.660315,0.055312052,7.178561,1.39337,26.050266,4.215269e-05,10.446671,2.6124544,5.7816243,45.05427,1.0078386,0.011934909,0.0012107991,0.11523493,1.2509161,0.009675176,0.082625784,0.008121298
0.95830214,0.00024735785,2.766376,0.070864014,8.165603,1.2344117,23.444317,4.278015e-05,13.075451,2.4771605,3.503499,45.706768,1.0556246,0.013263073,0.0012842382,0.11784509,1.2776101,0.010415071,0.08933621,0.008614133
0.81457436,0.00020350485,2.3615718,0.04722384,7.576961,1.2954996,25.36685,4.0936015e-05,10.323333,2.5021813,6.387349,38.577255,0.9574415,0.010960076,0.0010745039,0.11409906,1.0627519,0.010045208,0.09574352,0.0100112595
0.93382794,0.00025152546,2.8533177,0.066891134,8.174966,1.2856776,24.599998,4.2426145e-05,13.080697,2.5625792,3.4799387,44.97845,1.0758084,0.012250208,0.0012371299,0.11210481,1.2834388,0.010374318,0.08922122,0.008676483
0.83589506,0.00026186285,3.8242154,0.05782206,8.275254,1.6765896,28.081394,4.861475e-05,21.660637,2.9529686,3.4272482,85.7295,1.2880405,0.015459746,0.0017234053,0.13420819,1.3102301,0.008656134,0.10956851,0.0089270305
0.9971055,0.0001702738,2.4086413,0.042993367,8.713847,1.4809635,30.173992,3.9792136e-05,8.644679,2.7276955,3.675651,36.22285,1.1848791,0.011768518,0.0012179202,0.11465871,1.0116419,0.009931012,0.09217748,0.010097854
1.241978,0.00028706144,3.3826122,0.09514112,10.060077,1.2211139,34.337624,5.197711e-05,21.523788,2.2891667,2.8535626,57.68944,1.0772647,0.017570842,0.0014964589,0.14755179,1.6159692,0.012608839,0.104854316,0.010805105
1.0536237,0.00018690889,2.4698548,0.03704136,6.858612,1.1475834,19.242392,4.107187e-05,9.841235,1.8368478,2.620201,39.518314,0.7770189,0.012019883,0.0012437487,0.108490326,0.9484397,0.011310482,0.07562334,0.008811069
0.9415678,0.00035354172,3.0276177,0.07982128,8.76934,1.3041686,27.28816,5.085529e-05,20.688345,2.4164093,2.3461835,47.408978,1.023032,0.017413301,0.0016097694,0.14172028,1.4855186,0.012636477,0.11214643,0.010333312
1.0084418,0.00022816082,2.1569722,0.060618885,9.332178,1.1716172,29.064943,4.439664e-05,13.17956,2.0132015,1.3380741,31.765606,0.99929374,0.012067822,0.0015214635,0.11067401,1.0540184,0.0095771,0.07871983,0.008852591
0.8560046,0.00027745194,2.8098104,0.052157026,7.567512,1.5326791,22.00287,4.5556288e-05,18.047825,2.6206255,1.9860239,50.17218,1.194317,0.01382708,0.001450902,0.117673874,1.346408,0.0105808545,0.09347651,0.008512031
1.4614516,0.00024688218,2.617744,0.080954164,11.181894,1.1409667,46.72219,5.4096112e-05,10.690787,1.9779578,3.037219,41.65195,0.9870868,0.018392883,0.001773387,0.15732059,1.38168,0.013499537,0.09246583,0.012310681
1.2520638,0.0003089886,2.7634108,0.106289744,10.84076,1.5484265,45.205627,5.487496e-05,29.211382,2.743597,3.8717313,67.69756,1.2797755,0.019678073,0.001825295,0.16283153,1.4843132,0.016467253,0.1234178,0.012573711
1.3597865,0.0002889644,2.5222957,0.074562885,9.29527,1.1452281,36.94169,5.302487e-05,10.157141,2.4132426,3.5653996,38.27863,1.448781,0.014455467,0.0022059628,0.15329984,1.3773531,0.0088694105,0.07631667,0.008559659
1.3944223,0.00022666532,2.4492347,0.11019781,12.362651,1.0614994,51.262173,4.6318077e-05,21.167145,1.8630391,2.244621,76.970276,0.9082432,0.020944618,0.0014815533,0.13311934,1.3269501,0.012599789,0.0768836,0.010914888
0.9586881,0.00020243146,2.8557017,0.042583924,7.1199675,1.3913167,20.215858,4.4990305e-05,10.959162,2.5279236,3.885774,48.34008,1.1401112,0.012198933,0.0012090501,0.1193122,1.083552,0.010069264,0.09508941,0.009059815
0.87365085,0.00022404414,2.4597278,0.054124575,6.6704082,1.383292,17.51044,4.4979108e-05,10.582066,2.4186907,2.7915401,36.660336,1.0800698,0.011446448,0.001199996,0.11492865,1.1430656,0.011270618,0.09131929,0.00900962
0.92221713,0.00016823188,2.0821145,0.03355906,8.325406,1.2627256,27.18297,4.3834916e-05,10.91459,1.852485,1.039862,34.615185,0.8446001,0.009605697,0.0013098178,0.10907562,0.8823339,0.010745696,0.10095546,0.009424662
0.863025,0.00018842782,2.1070664,0.037681792,7.8706403,1.2512121,23.643763,4.4537566e-05,11.397083,1.9351155,1.3794985,32.364704,0.9127035,0.009790106,0.0013128892,0.10863375,0.9758293,0.010494624,0.097400606,0.009364711
0.9643515,0.0003016188,3.110677,0.097925015,8.036581,1.4592571,29.125,4.9444865e-05,16.459705,2.620658,3.9868736,50.982723,1.090289,0.013993607,0.001143673,0.12963818,1.4610342,0.010941121,0.09073098,0.008932502
1.0895704,0.00020185926,2.230271,0.04349728,6.770217,1.2273518,18.080553,4.4941076e-05,10.15093,2.0293577,2.5719273,33.597385,1.0394157,0.013660594,0.0014336761,0.11834254,0.9363285,0.010956958,0.09872776,0.010107238
0.9336096,0.00020299492,2.7166655,0.04857564,7.1123652,1.3913882,19.115046,4.391667e-05,11.044758,2.3732705,3.4795966,46.644142,1.0880651,0.012876159,0.0011939298,0.11492382,0.9060896,0.010339517,0.09078641,0.0107220765
0.7768483,0.00018619931,2.3445985,0.040985852,5.963227,1.2159495,11.778803,3.947443e-05,12.545558,1.8164613,2.5768147,37.389286,0.86662376,0.009916865,0.0010962392,0.091960765,1.1363454,0.010968139,0.08074119,0.008271652
1.0801406,0.00020885949,2.5033221,0.069850095,4.928166,1.1384069,27.744331,4.446061e-05,21.45482,2.3812842,3.8555348,44.983997,0.99324685,0.0077978303,0.0014909245,0.09671222,1.3059404,0.00995466,0.10325243,0.008049505
1.226821,0.00020331584,2.2849374,0.062615834,6.0810094,1.1277192,24.469204,4.378848e-05,12.778285,1.8766644,4.108969,38.47852,0.8642459,0.01269405,0.001240246,0.12216167,1.2293674,0.0139126545,0.09132314,0.010685053
1.2131964,0.0003230692,2.695979,0.08894725,10.799712,1.201428,45.206184,5.0278235e-05,16.848505,2.4048946,4.1607733,56.596912,1.1152804,0.020322602,0.0019617956,0.14537194,1.4070084,0.011766143,0.099958956,0.00995261
1.1848161,0.00023423447,2.1261208,0.062862895,7.7184615,1.0459937,32.62293,4.2699437e-05,12.510215,1.7121152,2.7602081,48.928406,0.6603645,0.019958612,0.0008884786,0.13065669,1.2090187,0.011202889,0.10317717,0.010661134
1.3619571,0.00019311863,2.3483522,0.0885301,6.189562,1.0629541,31.617517,4.3692886e-05,18.911102,1.8906399,3.8131902,42.985073,0.883932,0.011785726,0.0011466574,0.14123723,1.2793205,0.014080637,0.08326728,0.010765159
1.6347289,0.00023383004,2.5876207,0.10536045,7.6153207,0.9213445,38.863117,5.062194e-05,15.656434,1.6242833,3.1989162,46.012775,1.0223166,0.015014444,0.0013846903,0.15550989,1.5430946,0.013551186,0.07028175,0.010074177
1.2932464,0.00017220121,2.253199,0.076052785,6.09375,1.0206715,32.789474,4.4276574e-05,21.107302,1.8364778,3.9285107,39.618057,0.8763173,0.00964415,0.0011788926,0.12864949,1.1956242,0.012778657,0.08281268,0.009803637
1.5007825,0.00021941552,2.4259875,0.10470029,7.2570963,0.99809146,38.57235,4.718163e-05,18.27142,1.6181355,3.6102445,43.22254,0.7521526,0.013885683,0.0010752507,0.14489645,1.324723,0.0137862,0.081923336,0.010711157
1.3828847,0.00027969317,2.8732958,0.09414613,7.781523,1.0956057,40.792282,4.855483e-05,12.648472,2.238749,3.9510536,57.922485,1.2495644,0.019121574,0.0019574948,0.13091351,1.7198559,0.01203283,0.08419052,0.011113954
1.1502038,0.00029293515,3.2313547,0.08888783,7.7774577,1.3643857,28.05273,4.914712e-05,14.300459,2.435448,3.4774034,66.50894,1.1925321,0.019259458,0.0018504224,0.12033874,1.512098,0.009938318,0.08841263,0.009672047
1.158776,0.00028025845,3.9569561,0.072812065,6.059547,1.554615,24.36179,5.471324e-05,11.945536,3.015416,3.9262106,70.42631,1.4647266,0.019605974,0.0020219802,0.13897154,1.9756445,0.010438842,0.08800059,0.010396434
1.1444376,0.00021531289,2.5260108,0.04906467,5.214503,1.1578053,25.53809,4.4056113e-05,12.419166,2.1415188,3.935747,49.021473,0.83139455,0.014120374,0.0012407039,0.11363151,1.4402562,0.013503613,0.08630351,0.01016962
1.0881437,0.00018711489,2.7272549,0.051569875,3.6724977,1.1936005,17.036625,4.061088e-05,15.297282,2.4988644,3.5811157,54.14003,0.954127,0.011054575,0.0014200571,0.080675475,1.5236841,0.011972035,0.08061633,0.008897043
1.1242222,0.00018450142,2.7963932,0.054234467,3.6153064,1.2129018,17.458523,4.295756e-05,16.61868,2.5410533,3.7713282,54.11811,0.9877726,0.0111966375,0.0014113684,0.08503872,1.5075204,0.012461768,0.08701468,0.00942051
1.2003112,0.00019869595,2.7142582,0.058911953,4.9991584,1.2469902,26.398733,4.593337e-05,16.498796,2.542945,3.9985497,51.703663,1.0365591,0.013251516,0.001348172,0.10994859,1.4172742,0.015146093,0.091412716,0.010946565
1.2210588,0.00022077166,3.029307,0.06734574,5.4909425,1.4157928,21.005283,4.787458e-05,15.161477,2.4709806,3.3834393,62.882267,1.0941015,0.017628627,0.0018755721,0.09297812,1.6400368,0.008678285,0.07537613,0.0071501937
1.0979781,0.00018780485,3.0118322,0.0639918,3.1485653,1.2727749,14.218162,4.218845e-05,18.454884,2.749649,3.5242376,58.921207,1.0733297,0.009049659,0.0015896749,0.06792027,1.5375372,0.011454524,0.08431753,0.008080472
1.2783837,0.00018086999,2.3554063,0.049772453,5.6519256,1.0965962,27.785494,4.042518e-05,12.995867,2.102948,4.7841754,45.457348,0.84043515,0.012537459,0.0012692154,0.11977735,1.3020092,0.014375127,0.082368754,0.011069376
1.4148362,0.00016652617,2.3314917,0.060198646,5.9237766,1.0100183,36.681705,4.7458336e-05,24.042343,2.1787305,4.0230217,35.86942,0.86727285,0.010218321,0.0012954007,0.17367156,1.2470034,0.020068936,0.11059639,0.014833482
1.4065825,0.00017954627,2.7526164,0.07310133,8.211679,1.1460335,32.951607,4.2012834e-05,10.374562,2.0538175,4.1172686,49.046425,0.84606975,0.017465468,0.0011925318,0.12827958,1.2218409,0.0109676095,0.0901436,0.011181481
1.604671,0.0002417642,2.6490123,0.10061169,9.220568,1.0409603,44.71856,5.108816e-05,12.313898,1.9640834,3.8358774,48.620914,0.82600236,0.018749844,0.0014567809,0.16058068,1.3310901,0.0130213015,0.08721448,0.011166614
1.2564611,0.00024143085,2.4553635,0.0787829,7.5554333,1.2211007,27.444235,4.2328193e-05,11.603046,2.4087708,4.020474,37.598473,0.91239965,0.014997905,0.0012134966,0.11449856,1.1171553,0.01241446,0.10759729,0.010887872
1.4070196,0.00028748045,2.838872,0.2516109,6.959013,1.1921822,33.501156,5.3460422e-05,12.51913,2.273518,4.4964337,51.883892,1.063568,0.02006431,0.0018412318,0.17615965,1.5646553,0.016252685,0.08575485,0.013186301
1.40855,0.00031696085,2.9432356,0.17877209,6.717702,1.3391149,32.45156,5.6470322e-05,13.395834,2.7165897,4.3294783,52.700844,1.2307013,0.020985454,0.0020404668,0.16694683,1.6201907,0.016065687,0.091784336,0.014021887
1.5400087,0.00028495616,2.7910488,0.14868158,7.937051,1.2128488,43.555965,5.9023554e-05,12.941204,2.201225,3.1313968,51.94649,1.0549946,0.019154958,0.0017516816,0.18572699,1.6384332,0.015930502,0.08567707,0.012246956
1.0247527,0.000154941,2.3442094,0.041392278,6.6888595,1.2724682,25.723284,3.600418e-05,12.578834,1.787114,2.3274868,45.22008,0.6051947,0.008994032,0.0008587818,0.09055608,0.8336052,0.009685626,0.10623572,0.008067645
1.0795945,0.00019757116,2.774169,0.046834257,6.052964,1.277761,24.87622,4.5169458e-05,12.358389,2.332368,2.927552,51.817616,0.91203487,0.0109234955,0.0010983729,0.101033166,1.2221289,0.009806452,0.09661832,0.0083471695
0.9942989,0.0002445414,2.761011,0.058528155,6.7829065,1.3102223,23.33239,4.3927655e-05,12.914911,2.3904607,3.314008,48.72669,1.0948244,0.010724048,0.001391525,0.1128553,1.3180784,0.010773321,0.08584447,0.008333702
1.1098729,0.0001448771,2.1949277,0.039523184,4.670981,1.0272443,26.370792,3.706202e-05,22.942907,2.1529014,3.4737408,36.657745,0.9383468,0.004299845,0.0013210633,0.07952637,1.1029559,0.009467817,0.084938906,0.008381676
1.2323749,0.00018370096,2.2467136,0.04685059,6.7547455,1.0269061,36.04358,3.836698e-05,15.026515,1.9933461,3.696673,40.227764,0.78930837,0.009943143,0.0011366897,0.100550905,1.1675382,0.010604935,0.08279272,0.0095610665
1.3061911,0.00014098728,3.191043,0.07363266,9.080974,1.7613927,34.80956,4.8666418e-05,16.824095,3.3202162,3.3977287,61.008923,1.0888591,0.013545255,0.001636146,0.17623082,1.3358858,0.015471996,0.11950734,0.014150485
1.359486,0.00016793238,2.1872528,0.06273224,8.654718,0.9378125,35.040195,4.3044714e-05,13.930982,1.3553758,1.740822,45.288292,0.48340565,0.013866816,0.00061556743,0.1098408,0.866511,0.012505812,0.108115084,0.010680374
1.2423335,0.00023313896,2.6852517,0.042343512,8.410205,1.133991,29.769264,4.9374747e-05,13.193619,1.8117839,2.6924808,43.995117,0.73806894,0.013189222,0.0012745464,0.13098201,1.3619821,0.011993386,0.08149736,0.008901399
0.78920794,0.00031379587,2.829071,0.060724944,6.8289843,1.4657171,22.238512,5.0996685e-05,15.063625,2.7355113,3.0856671,47.109283,1.2275444,0.015332889,0.001338971,0.14394584,1.4644786,0.01232903,0.100553714,0.010239152
1.0945234,0.00020321885,2.0443153,0.055111863,6.6433406,0.8909082,28.741987,3.7218884e-05,13.416753,1.5497,3.0644357,57.49051,0.42838672,0.01783001,0.000814208,0.12667425,1.3520885,0.012055347,0.07918611,0.009097813
1.1748693,0.00021849792,2.3056283,0.05929211,7.9321733,0.8960374,34.105606,3.73867e-05,14.655143,1.6375285,2.9771287,58.250942,0.4923551,0.0181914,0.0010731956,0.14553668,1.5762503,0.013169931,0.07272416,0.0092737395
0.9472055,0.00025730277,2.411236,0.040512145,7.474209,0.900785,27.423552,4.127254e-05,12.069072,1.554483,3.1741111,56.906555,0.4189622,0.01742317,0.0008689948,0.13685036,1.2644881,0.011311412,0.11125303,0.009773987
1.1808617,0.00020701803,2.0561903,0.059666462,6.5388026,0.74503225,24.207119,3.5195437e-05,12.714591,1.3214291,3.0486605,51.345367,0.49074233,0.015398831,0.0008119974,0.11472499,1.1554688,0.0115109105,0.07628692,0.008622772
0.95086384,0.00030005386,2.6605904,0.07811396,7.0303187,0.9273724,22.543798,4.148051e-05,14.167517,1.6890899,3.1706774,60.603767,0.7011568,0.018565688,0.000922266,0.13249098,1.267666,0.01175164,0.0921486,0.009859308
1.0057442,0.00023834444,2.2873058,0.047114227,6.2892723,0.78444755,19.454153,3.6793437e-05,13.240118,1.2624165,2.7266614,52.260117,0.59051764,0.013936028,0.0009366564,0.12639636,1.1347884,0.012018981,0.09635841,0.010440403
1.0423261,0.0001609341,2.1370316,0.040728353,5.4628468,0.8952207,20.256254,3.4294364e-05,13.595775,1.3631715,2.1268737,56.23645,0.49681583,0.0117011275,0.0005930604,0.081067994,0.80101216,0.011639947,0.110217415,0.00963164
1.0240136,0.00014197333,2.1183326,0.042431787,6.9369617,0.9447706,31.127409,3.7973732e-05,11.257341,1.5306551,3.0179155,50.245266,0.5115088,0.01299693,0.0005885838,0.116539605,0.97004807,0.010147445,0.08265315,0.009542818
1.694752,0.00022284166,2.5589464,0.075458,9.564813,1.038365,41.77441,5.075176e-05,14.381017,1.9218768,3.323603,43.583107,1.034989,0.014793797,0.0014623295,0.15668175,1.3914282,0.012161777,0.07320558,0.011494191
1.628439,0.00022180255,2.5342493,0.08908906,9.016121,1.0019416,38.998737,5.3784184e-05,15.309366,1.6392326,3.3236063,49.43358,0.704329,0.014156232,0.0007792089,0.20816047,1.4126797,0.017468132,0.11060085,0.013994887
1.4531382,0.00023460765,2.370326,0.08278441,7.8024516,1.0433447,40.445057,4.9300055e-05,14.2027,2.0164685,3.3713367,37.741592,1.0420506,0.012545873,0.0012295555,0.13717987,1.3046328,0.012515629,0.08700904,0.010175527
1.5694177,0.00024400353,2.7994137,0.07828835,8.245498,1.1071187,36.00325,5.0590483e-05,13.832874,2.234921,3.4918048,51.878242,1.0040957,0.015262861,0.0014726805,0.15803264,1.7742603,0.01309787,0.06818165,0.010420829
1.3516651,0.00021299876,2.5100303,0.089467674,6.7410955,1.086259,32.773533,4.587951e-05,18.952587,1.961014,3.7539873,45.488266,0.9349984,0.01140173,0.0011342585,0.1583335,1.3216877,0.012927861,0.08169673,0.010022791
1.1758449,0.000112493326,1.8051519,0.029116811,7.129886,0.9464116,24.09092,3.5108205e-05,11.323176,1.5967032,2.3967426,30.975101,0.6299493,0.007191648,0.0010102377,0.07853169,0.81714743,0.009072166,0.081526905,0.008018524
1.0594226,0.00015128661,2.4112465,0.04813217,6.543093,1.0824159,22.662159,3.8827475e-05,12.0298815,1.835455,2.0693715,40.29012,0.7339076,0.008820539,0.0008525784,0.08146283,0.8825647,0.009282211,0.10645085,0.007623004
1.074063,0.00015934596,2.1024375,0.040482998,6.3225684,1.0763469,23.407545,4.064464e-05,13.695336,2.0320663,2.305877,32.463654,0.7646386,0.008076498,0.0011400084,0.08074435,1.043558,0.0099778995,0.0864878,0.008222695
0.987561,0.00025177025,2.803086,0.04608277,7.484979,1.2853483,22.78806,4.8083646e-05,12.742154,2.33022,3.2154284,44.47918,0.9662103,0.012946792,0.0012941035,0.11141508,1.2190025,0.01210769,0.0751378,0.010132164
1.1758833,0.00022523159,3.323317,0.04911588,4.684334,1.4578688,21.844265,4.8700058e-05,22.89253,2.7932987,3.5000637,68.13544,1.2135193,0.01589047,0.0016417595,0.1140382,1.748139,0.011235643,0.08494758,0.009262301
1.0228082,0.00023305826,2.9746401,0.06858026,3.9498987,1.4053519,17.769915,4.2706495e-05,17.678066,2.6905997,3.116653,63.591476,0.9764505,0.012211115,0.0012728787,0.088106826,1.3706176,0.010821871,0.079594605,0.008130557
1.0166379,0.00020979093,3.2543957,0.07238794,3.1489353,1.4302008,10.923547,4.3956818e-05,17.434832,2.9678297,3.33534,67.60899,1.121034,0.011044488,0.001497325,0.06554743,1.5689023,0.0102725355,0.08445492,0.007568842
1.0575104,0.00021130824,2.882026,0.07270931,3.064881,1.3489201,14.180164,4.1085612e-05,18.82362,2.6310399,2.921025,61.454453,0.87637776,0.010890596,0.0013100156,0.07181746,1.4849203,0.0116293095,0.08101257,0.007976063
1.1423607,0.00017120484,2.4132106,0.044912368,4.9589047,1.2233247,25.138065,4.1480685e-05,15.207511,2.2970667,3.2425609,47.924297,0.8866829,0.0114707425,0.001165983,0.11830064,1.3893908,0.01460405,0.096824504,0.010630318
0.96597403,0.00022192308,2.7822475,0.06894506,4.3193383,1.4156013,19.424276,4.3979442e-05,16.792936,2.5858774,2.8957844,62.763077,0.8836967,0.014346044,0.001271424,0.093485795,1.3412455,0.011583389,0.07785088,0.008423446
1.1696242,0.00016036983,2.194386,0.04060342,6.2283845,0.9888348,24.59967,4.0732903e-05,10.81262,1.8136349,2.7471476,37.24261,0.74228555,0.009215442,0.0011750722,0.097271405,0.98836297,0.009545787,0.084677964,0.008136196
0.9850889,0.00022253556,2.8578358,0.051102743,3.8919113,1.5599799,16.736502,4.2872885e-05,12.871317,3.0070257,3.4306252,61.118042,1.0072185,0.01166559,0.0013513907,0.07961435,1.5212684,0.011098813,0.0789152,0.008290627
0.90703225,0.00024053926,2.6308124,0.054253876,6.6723304,1.4008132,22.374607,4.3323413e-05,12.327836,2.4502726,2.8225086,44.43945,1.0403781,0.010894075,0.0013343301,0.107757,1.2126926,0.010037659,0.090068854,0.0085953595
1.201693,0.00024022062,2.4841104,0.06305133,7.521514,1.1852764,31.019266,4.7134374e-05,11.9370365,2.0726302,3.3236196,46.2449,0.9847398,0.011969534,0.0011843594,0.15310743,1.242835,0.010976809,0.087822706,0.00913245
1.32989,0.00019246814,2.581608,0.06768192,7.9378967,1.0674353,35.356354,4.505645e-05,22.437698,1.8839833,3.6415484,39.771694,0.745027,0.011392506,0.0011125713,0.16105738,1.2484902,0.012832604,0.099167116,0.010947082
1.295652,0.00017362168,2.3036354,0.0699077,7.972256,1.0457584,38.369343,4.487554e-05,13.220102,1.5074731,2.173217,48.817787,0.5434258,0.014305875,0.0007880722,0.13342112,1.0248882,0.012754839,0.104575805,0.010694194
1.3099244,0.00022930295,2.561017,0.13761733,7.3112116,0.9541565,34.12632,4.2160667e-05,17.338829,1.9389561,2.6464167,47.938705,0.79874843,0.01613954,0.00088242284,0.108049445,1.3737502,0.013914929,0.09212028,0.011355754
1.2384522,0.00018298728,2.3230004,0.076073825,7.2836227,0.9171851,35.59656,4.243513e-05,15.549855,1.4693735,2.1548622,46.915104,0.5505975,0.012475752,0.00053863117,0.10315138,0.9955473,0.012347039,0.10292784,0.009651449
1.7696944,0.00024287173,3.1944542,0.1082575,6.1064487,0.9847374,35.810684,4.9103975e-05,18.944073,1.7497219,3.4733193,56.040627,0.90169615,0.016998239,0.0013621442,0.11657572,1.7881384,0.017492985,0.08099417,0.010966598
1.3603996,0.00031238014,3.0007463,0.10369996,8.925995,1.0884038,31.93323,6.0316306e-05,13.402404,2.245787,2.8196526,48.87258,1.027604,0.019167583,0.0013656182,0.17792916,1.5471041,0.015308082,0.09373849,0.011956697
1.4493048,0.00022671823,2.957694,0.07324331,7.7479305,1.3033953,29.493607,4.864394e-05,11.708895,2.4070585,3.9511666,48.791866,0.944946,0.013133804,0.0008199965,0.12260132,1.3955089,0.012385771,0.092661865,0.009731434
1.4435982,0.0002859787,3.040866,0.16801617,7.345923,1.2532371,34.65139,5.3678807e-05,10.932214,2.4903383,4.244739,52.669865,1.1426519,0.020764887,0.0017039279,0.16024041,1.6089113,0.01371193,0.087973446,0.011763198
1.1081929,0.00013394114,1.9636924,0.022751844,6.908581,1.040922,23.436968,3.957222e-05,9.720265,1.6556662,2.7726436,32.00796,0.66045994,0.0065427036,0.00094422227,0.083994284,0.7379389,0.008682689,0.08926836,0.008757832
1.5357257,0.00024540536,3.1890347,0.080637544,6.791915,1.0012583,35.38128,5.1596773e-05,10.835303,2.134833,2.8975563,67.70994,0.94200563,0.018584862,0.0011877844,0.16253209,1.5198419,0.015188655,0.089849345,0.013247954
1.4745845,0.00025840898,2.9819458,0.07631998,6.350899,1.1760241,28.370382,4.8525402e-05,13.366712,2.0837069,3.0109813,62.611027,0.77311593,0.016537042,0.00090779644,0.14809082,1.5153223,0.013140169,0.08864761,0.010557615
1.0576007,0.00013949843,3.01189,0.024212148,5.247588,1.4980319,23.039167,3.8129525e-05,9.682107,2.4642615,3.227502,56.545395,0.79268795,0.0058559254,0.000965161,0.11373509,1.128828,0.011770418,0.0937108,0.00832079
1.1219454,0.00020773808,3.3787706,0.060091842,4.3849263,1.3161569,18.860222,4.3330034e-05,14.165277,2.4726996,3.5799446,69.21333,1.0021284,0.011308264,0.0013426896,0.09271879,1.5261793,0.010162503,0.08552242,0.007083922
1.1121181,0.00018662456,3.096997,0.06837807,4.2015386,1.1890577,18.821112,4.152395e-05,14.04155,2.3991385,3.2883785,57.890568,0.93615544,0.008566331,0.0013035036,0.08760769,1.3858845,0.010558709,0.09132318,0.007008251
1.0330666,0.0002398917,2.9088018,0.059077118,6.3346334,1.3452798,21.857262,4.3237138e-05,12.217858,2.491777,3.635982,54.855976,1.147214,0.012353709,0.0015044968,0.105891205,1.3881953,0.010282427,0.08112299,0.00811639
1.1664569,0.00023225497,2.4018888,0.05399716,6.738303,1.2623878,28.103577,4.527692e-05,12.720864,2.2905743,2.8550696,43.227146,1.1080165,0.011726586,0.0014579385,0.10084171,1.1805757,0.010225303,0.084331326,0.00918055
1.1538506,0.0002479788,2.6152928,0.053108912,6.5256734,1.2832919,31.590994,4.5417833e-05,12.56727,2.2786508,4.1180334,44.87096,0.9580662,0.0116051715,0.0013297822,0.11972285,1.3860452,0.011239449,0.090335734,0.009194866
1.3334049,0.00014267775,2.1409855,0.03692171,8.091547,1.0617002,33.98194,4.1037405e-05,18.63841,1.9043415,2.3914912,34.64209,0.81094885,0.007867231,0.0010319593,0.09868883,1.0570483,0.010492749,0.08924845,0.00921789
1.0378691,0.00021897524,2.3185353,0.05214701,7.729503,1.1284359,28.699553,4.3591135e-05,14.058292,1.8360734,2.4508,37.243885,0.8168965,0.0107384045,0.0013134716,0.11705173,1.1477236,0.010799463,0.07720154,0.007887037
1.0686374,0.000165113,2.264255,0.046418943,4.6350317,0.9418945,20.094456,3.5954057e-05,14.306927,1.4682964,2.319267,58.457146,0.53448063,0.011328943,0.00065669115,0.08209533,0.83415544,0.012491159,0.10797731,0.009952215
1.6968311,0.00020626544,2.3146172,0.07853653,8.765213,0.9050834,42.024414,4.7160822e-05,18.122,1.533132,3.2390587,39.437393,0.92200255,0.012399214,0.0012453307,0.1494467,1.3032589,0.012052298,0.07106624,0.009873181
1.6638957,0.00022927133,2.720797,0.08568554,8.489014,1.0604509,37.679535,5.063058e-05,16.199188,2.1191227,3.485201,50.660393,1.1031289,0.014269385,0.0013603683,0.16565612,1.5624247,0.015025421,0.08109951,0.01230578
1.2305605,0.00019337083,2.2055876,0.082381144,6.1201506,1.0610896,33.516148,3.9412407e-05,21.709665,2.041824,2.863935,43.951283,0.64858997,0.009975572,0.00086135435,0.10951699,1.0959647,0.011674441,0.103539094,0.010916126
1.4511535,0.00023395118,2.3684764,0.08267673,7.787007,1.042337,40.362965,4.929788e-05,14.208272,2.0107632,3.3820403,37.751846,1.0389116,0.012495887,0.0012307503,0.13709776,1.302966,0.012488273,0.08683997,0.010156529
1.3834876,0.00018887283,2.2124333,0.07926009,7.4533625,0.98031664,39.4158,4.4215336e-05,19.29609,1.7529074,3.7204273,37.021973,0.7681126,0.012570509,0.0010021385,0.1361893,1.0799623,0.0118184695,0.08814469,0.010104396
1.5364898,0.00024088631,2.5403078,0.084387235,8.4916315,1.0978423,31.748037,4.7195907e-05,13.437445,1.7707466,3.0796263,43.443665,0.8794277,0.014705481,0.0009382924,0.13020355,1.4234009,0.012986255,0.1000535,0.011703129
1.3411111,0.0002112969,2.4710777,0.090413876,6.6331115,1.0900933,32.286556,4.594158e-05,18.977978,1.9643356,3.7844436,44.937675,0.9403706,0.011196086,0.001138647,0.15611538,1.3010163,0.013139369,0.080624655,0.009998956
1.2531779,0.00011674592,1.9087679,0.030798178,7.5765777,0.8347148,24.95182,3.3502904e-05,9.02394,1.463106,3.082301,31.55698,0.6221838,0.00941883,0.00095094217,0.08175919,0.7930789,0.008091143,0.07156706,0.006979955
1.1975411,0.00013906384,2.015582,0.027765527,7.366139,1.0726768,31.006462,3.7980735e-05,10.7965145,1.7474296,2.6736124,34.81386,0.7259099,0.008435172,0.0011595534,0.09144592,0.85309917,0.009883617,0.08864507,0.008103876
1.1229658,0.00012878458,1.8535488,0.026016599,7.285689,1.0207188,25.33523,3.504001e-05,11.4492855,1.6900934,2.0706987,31.281843,0.6508788,0.0067484616,0.0010591457,0.07992356,0.80688477,0.0091440845,0.0812849,0.007836179
1.2410064,0.00011174207,1.6933627,0.030836588,6.8100047,0.86861384,23.656893,3.314011e-05,9.995432,1.4051477,2.8541,26.90789,0.5646644,0.0076211155,0.00090421655,0.06895308,0.76738214,0.008372363,0.072515436,0.007363785
1.1807431,0.0001411292,2.2932413,0.036103565,6.5206914,1.0656401,26.272707,3.6968704e-05,11.429314,1.9284048,2.4265437,39.53674,0.7521451,0.008480006,0.000991337,0.08495252,0.9208154,0.008994551,0.09576702,0.007041953
1.1047968,0.00016595716,2.4691944,0.051542763,6.301327,1.1316881,23.94621,4.168934e-05,13.763381,2.2086139,2.3126478,40.537846,0.8702093,0.008940906,0.0012301609,0.08939535,1.2246021,0.01038445,0.08061121,0.00765037
0.9711741,0.00019910313,2.925143,0.049735736,6.0700984,1.352616,17.813,4.3045296e-05,11.322066,2.4397342,2.574785,46.929817,0.9162947,0.010776006,0.0013517643,0.10637914,1.1413639,0.012167604,0.07941945,0.009211577
0.9496316,0.0002288016,3.084048,0.059642557,5.1986637,1.5183834,21.501822,4.6872326e-05,15.83678,2.8492994,3.1471605,63.6269,1.1506853,0.012901728,0.0011348284,0.10869898,1.404265,0.011816041,0.084411696,0.008283109
0.98357004,0.00021026754,2.763572,0.073217124,4.703169,1.2859864,21.51916,4.0297047e-05,16.385595,2.440862,3.4779074,57.129856,0.9076039,0.010386826,0.0011316255,0.095665365,1.1629874,0.011395387,0.08654418,0.008670795
1.0120913,0.00022356333,3.0329585,0.063711256,4.044661,1.4612694,16.367064,4.523212e-05,15.398528,2.8122551,2.597606,57.62607,1.015423,0.011999426,0.0014553096,0.08064344,1.5758086,0.011637748,0.09742025,0.009085698
1.1605743,0.00019913484,2.6405163,0.051481437,4.8119707,1.2500978,24.935646,4.573281e-05,16.57256,2.4337807,3.5057778,49.61197,0.9294952,0.014580034,0.0013892959,0.10892269,1.5033052,0.015633607,0.087104015,0.010157149
1.1984212,0.00018915192,2.569968,0.046664715,5.675241,1.0808555,23.926018,4.2092615e-05,10.075415,2.0886512,3.1073856,47.966904,0.89762056,0.012135559,0.0013346474,0.10325154,1.1730181,0.009471982,0.07494797,0.007889304
1.1375254,0.00019286563,2.6681578,0.0456246,4.846222,1.3597717,24.351313,4.4233533e-05,16.38755,2.285716,3.9089577,49.70797,0.8601757,0.014568558,0.0012841048,0.10891776,1.4691427,0.015641235,0.08462276,0.010866951
0.9878072,0.00024143544,3.116576,0.07119377,4.2743063,1.383791,19.704014,4.337372e-05,16.89331,2.7837148,2.9308026,62.575924,1.0458721,0.012693971,0.001458259,0.09245098,1.4944824,0.011738185,0.08136557,0.008637535
0.84087783,0.00021660914,2.3456337,0.053264838,6.3963842,1.4038526,19.998034,4.2460095e-05,11.063553,2.4556334,2.7526634,38.274544,1.1046648,0.010177051,0.001188751,0.09922605,1.1253308,0.010007088,0.08898251,0.008640107
1.3286428,0.00018223349,2.4819837,0.06209851,7.630444,1.0597906,33.978565,4.3826545e-05,22.42392,1.8681663,3.8630846,37.623096,0.7931115,0.010659027,0.0011300234,0.16784613,1.2128768,0.012243361,0.10059735,0.010394494
1.3237062,0.0002061893,2.5959547,0.11157052,7.1093125,1.1396679,34.129726,4.213652e-05,16.815939,2.2957904,3.1088247,53.66319,0.8485175,0.015632482,0.0010066273,0.12898706,1.5130019,0.014593132,0.08873483,0.011006276
1.3553702,0.00031035082,2.9992108,0.10458295,8.865129,1.0867823,31.573889,5.9778366e-05,13.36347,2.260824,2.8553617,48.96815,1.0428432,0.019036623,0.0013637972,0.17640856,1.5523577,0.015212796,0.09261265,0.011869471
1.4936048,0.0002465907,3.1871889,0.11573118,6.377664,1.2064484,37.65254,5.25851e-05,18.352314,1.743269,3.1944191,61.839745,0.9018341,0.016803712,0.001208617,0.19534095,1.647979,0.017069416,0.09274809,0.012660473
1.5335302,0.00026503403,2.8139846,0.14692175,7.4949365,1.0638822,32.79301,5.3346987e-05,11.469501,1.8525082,3.974768,48.790184,0.9431367,0.02223282,0.001532896,0.15853731,1.497105,0.014390522,0.08640471,0.012558426
1.448374,0.00028026832,3.0268784,0.17877302,6.896452,1.2230874,38.516685,5.469444e-05,12.965723,2.3221848,3.4675326,55.00086,1.0743643,0.018808398,0.0016620612,0.17032704,1.7950772,0.01602078,0.08575302,0.011998684
1.4007527,0.0001993452,2.3492844,0.06494482,7.1717596,1.0603793,34.63206,4.454685e-05,16.412357,1.982049,3.642147,38.280926,0.7105045,0.011492706,0.0009198598,0.1595324,1.2357192,0.016061345,0.102167435,0.011493054
1.2748379,0.00011940692,1.3583426,0.043289233,7.835191,0.6876211,36.794197,3.191069e-05,14.651533,1.0131496,3.1734824,30.669436,0.30283204,0.010418774,0.0004886032,0.08928096,0.63231623,0.014425414,0.10537066,0.012090272
1.4173188,0.00014253147,1.6098057,0.06112315,7.610651,0.8288485,38.083572,4.097355e-05,16.489557,1.3443282,2.9155726,43.580467,0.470197,0.013953015,0.00086426025,0.097805224,0.94540906,0.015494685,0.09053262,0.011610629
1.3210555,0.0001679345,1.9576154,0.054364346,8.329653,1.0031426,38.565308,4.1988318e-05,19.047579,1.7078735,3.3634412,49.94433,0.630345,0.012841046,0.0009532113,0.10847898,1.0573566,0.017982535,0.100622155,0.012873496
1.1845527,0.00023761667,3.574637,0.049556717,7.8586135,1.5015354,27.727938,4.88266e-05,10.46063,3.0202591,2.057913,69.46044,1.1803812,0.0138041675,0.0015438081,0.1377323,1.561192,0.009757939,0.09901421,0.011196477
1.2109311,0.0002898456,3.232935,0.09440848,4.576213,1.4601357,23.30271,4.7003483e-05,12.788947,2.728342,2.1957297,81.137024,0.92931014,0.022928772,0.0016976963,0.100792065,1.6987281,0.012241859,0.093068615,0.01011183
1.1537318,0.0003301882,5.2460995,0.06926181,7.835086,2.0973544,37.140312,6.165945e-05,11.229072,4.41972,3.5745807,92.84351,2.2499044,0.020167228,0.002976171,0.1694369,2.8292058,0.01044719,0.07178109,0.009531976
1.111835,0.0002739362,4.094996,0.06856607,7.496265,1.6307803,29.833652,5.191744e-05,11.180312,3.1439302,1.5038974,77.491554,1.5256438,0.016394828,0.001967752,0.14269464,1.8452121,0.012805598,0.10420625,0.011078957
1.2210807,0.00025964316,4.0941744,0.0706226,9.183087,1.479372,38.91304,5.9588445e-05,10.393094,3.4799592,2.826689,83.69304,1.6296034,0.018365467,0.0021639334,0.14988473,2.2030175,0.010701738,0.08811361,0.010026755
1.198232,0.00033585462,5.6161857,0.092835814,7.5214767,2.126628,32.46273,6.334158e-05,10.695905,4.2660494,2.6949296,103.75638,1.9232831,0.02640511,0.0028762496,0.15483832,2.8316011,0.012858635,0.07459125,0.00938698
1.212994,0.00031477315,4.7200723,0.06621813,8.793681,1.7072868,39.84018,6.6714354e-05,12.645748,3.4116151,2.5579257,94.94351,1.5967107,0.019124532,0.0019511314,0.18951106,2.4832911,0.0126522705,0.095182024,0.011630716
1.170732,0.00022526989,4.251965,0.07707333,7.1992764,1.6586516,33.000065,4.973752e-05,10.530819,3.6976478,2.7020223,84.45516,1.5719147,0.013865731,0.0018935433,0.13951036,1.9472222,0.009772377,0.0784716,0.008888327
1.083894,0.00019467443,1.9151322,0.05424881,5.250073,1.0705035,25.183172,3.699174e-05,10.695275,1.5546981,3.0958903,50.024376,0.6002962,0.015171096,0.0010616685,0.08713844,1.1844028,0.010048317,0.070101075,0.008456968
1.1293936,0.00044938404,5.666853,0.118228644,10.120449,2.4731162,41.862007,7.2391915e-05,19.809557,4.080875,3.6033978,102.63095,2.125159,0.023213912,0.002478303,0.20246288,2.9743366,0.017985627,0.09422666,0.012392105
1.2574354,0.000204636,3.6199586,0.058694206,6.835227,1.4201417,32.305355,4.8507965e-05,9.378052,2.5312147,2.6435983,72.57419,1.2100974,0.014219653,0.0017414654,0.16154157,1.8811202,0.012888374,0.061022677,0.009759955
1.1902986,0.00021130263,3.3620834,0.053222895,7.1631756,1.2731183,27.561703,4.7367015e-05,11.58023,2.2990775,3.2533321,69.15323,0.9684249,0.016282056,0.0013343947,0.14079756,1.489481,0.01276657,0.09880557,0.012055429
1.2335637,0.00034800186,4.268045,0.07469384,7.69518,1.3353069,38.188248,6.304389e-05,10.21122,3.0112052,3.588391,72.33042,1.4005349,0.018298987,0.0021659497,0.17457508,2.1215625,0.012138879,0.088905975,0.0100390995
1.3459738,0.00034213695,4.069219,0.089145705,11.078966,1.4397312,48.660946,6.0272592e-05,10.228544,3.015124,3.5136223,76.53894,1.5358893,0.019799685,0.0024935168,0.16895847,2.4798074,0.010108286,0.07592393,0.01007142
1.1608306,0.00014774065,2.900628,0.04838914,7.201397,1.072918,35.540684,4.137852e-05,6.965227,2.4713168,3.6216903,60.48928,0.98771465,0.013649357,0.0015635055,0.122894354,1.3549634,0.010091482,0.07720059,0.010911031
1.2605091,0.00036355804,4.5697412,0.08041993,8.55348,1.4889799,36.593117,5.952998e-05,11.135286,3.3685987,3.3246822,79.788956,1.4431783,0.020525245,0.0021460322,0.18367937,2.431526,0.013703358,0.0800945,0.0109306965
1.1905555,0.00025039102,3.6647232,0.06713246,7.5805073,1.3884265,36.76569,5.2730444e-05,10.027558,2.733407,1.2705728,73.81837,1.3131963,0.017594216,0.0014781748,0.15095118,1.7461029,0.012203746,0.09978997,0.010714069
1.3263441,0.00034265366,3.7283921,0.08824085,9.596581,1.51537,47.266575,5.859975e-05,8.920173,3.171714,3.8572037,67.19507,1.426259,0.021596719,0.0025168867,0.15176332,1.9869869,0.010649296,0.07093416,0.009672538
1.3206635,0.00018580823,2.5700674,0.062208436,8.368381,1.2203977,34.761955,4.850574e-05,10.006113,2.1740701,3.118369,42.922943,0.8852177,0.018116858,0.0013680947,0.13014969,1.1816581,0.011811144,0.090483084,0.012037772
1.2875041,0.000333036,4.176101,0.09389971,7.958137,1.4274619,37.18437,5.5358396e-05,9.712535,3.3193982,3.7099385,73.99851,1.5360836,0.019363657,0.001976083,0.16901404,2.632365,0.012533709,0.07920345,0.00919612
1.4274879,0.00029129116,3.3553107,0.09687839,10.441491,1.3545268,47.53562,5.8832484e-05,10.1158,2.8018315,3.606144,59.359573,1.292228,0.019770596,0.0019271162,0.1633827,1.8684992,0.012891161,0.07160827,0.010944635
1.3253419,0.00030864525,4.624228,0.08712407,9.374949,1.498263,41.142242,5.5561235e-05,10.048129,3.0870774,2.8545337,81.55103,1.3578176,0.020161321,0.0019798446,0.14201601,2.51204,0.011269591,0.09204541,0.009813158
1.3114122,0.00022476546,3.5698998,0.06865961,9.255147,1.3238344,42.700165,4.819544e-05,10.064614,2.7008138,3.3589275,71.530396,1.2115996,0.015960893,0.0018433665,0.11584866,1.5352362,0.00871037,0.100851625,0.010100764
1.4272869,0.00028703985,3.0756185,0.10145764,8.39443,1.0315658,41.61848,5.5630957e-05,13.953191,2.132009,3.7254624,62.942844,0.9909666,0.020238351,0.0016738614,0.17885944,1.6648989,0.01337253,0.08679265,0.011162918
1.2541747,0.00017322604,2.4682126,0.07534375,7.7534084,1.2660143,30.964321,4.020511e-05,10.027545,2.0689058,3.24191,48.46215,0.85394406,0.0117931655,0.001228471,0.13380517,1.1811494,0.013583715,0.106295526,0.013630478
1.1984777,0.0001227163,2.45163,0.05260473,6.446614,1.0484878,32.596733,3.9076072e-05,9.730292,1.8362052,2.7750566,51.30037,0.7093655,0.014296438,0.00093526754,0.13235874,1.157226,0.01340987,0.09123922,0.011150254
1.2787678,0.00020495326,2.8584425,0.08717636,8.1425,1.3069183,38.86978,4.2970907e-05,9.739363,2.3356578,3.6492565,55.573757,0.9780539,0.01402669,0.0013865227,0.15934534,1.4536085,0.013615848,0.09792433,0.00992033
1.1643944,0.00018483156,2.538388,0.08165602,6.528038,1.1746444,27.555405,4.6317087e-05,13.83571,2.0193088,2.3542116,55.572838,0.7909661,0.014184145,0.0008130432,0.1286092,1.0788565,0.0130649265,0.11638693,0.010710532
1.2137374,0.00028855132,3.5429204,0.115350395,5.669197,1.6144102,33.74199,5.6461922e-05,15.802451,3.0726109,2.5970783,88.7881,1.1524945,0.02641094,0.0019180935,0.098734505,1.6660157,0.0129215885,0.09915864,0.013132638
1.3857111,0.00026902492,2.0462444,0.10145408,9.098225,1.158422,41.548862,4.5711615e-05,18.397985,1.6677893,2.3955336,49.845955,0.57467496,0.019178687,0.0017127979,0.12755063,1.0098178,0.017324138,0.120506115,0.016708054
1.1265861,0.00028976626,2.66457,0.09085163,8.077878,1.2792019,36.668587,4.6742458e-05,13.187036,2.435633,4.093149,52.352367,1.1005135,0.017614586,0.0016631744,0.13689663,1.4792536,0.013686461,0.09012108,0.01181709
1.2545842,0.00033661834,5.983354,0.058915373,9.865094,1.9411006,50.486313,7.383784e-05,13.812525,4.089795,3.3898165,114.77827,1.864521,0.01984101,0.0027180966,0.29098246,2.7173412,0.01435799,0.09036566,0.012241034
1.172522,0.00036767568,4.4626374,0.082545824,8.038779,1.3356686,40.21807,6.1292696e-05,11.976161,2.9210093,3.2176325,83.350685,1.4598981,0.020540828,0.00197618,0.16825278,2.427403,0.0136810485,0.06941191,0.009632189
1.2002002,0.0003538127,5.1781545,0.07694429,7.6930685,1.6075591,42.86087,6.4403845e-05,11.842612,3.8676395,3.1629333,97.75863,1.9953223,0.018649787,0.0023309113,0.23584083,3.210224,0.01429025,0.07585262,0.009200286
1.2940949,0.00028747832,4.5934935,0.0744024,9.180188,1.4596288,44.100243,6.25138e-05,12.334442,2.9756913,3.4582682,90.22886,1.3728015,0.022699438,0.0025330991,0.2203784,2.3019257,0.012251439,0.08120331,0.011164094
1.1945167,0.0003127646,5.043232,0.08258446,8.275985,1.5326378,40.896507,6.611133e-05,16.069801,3.226922,2.332935,81.566574,1.5394244,0.023165898,0.0020976285,0.14751379,2.359182,0.013522564,0.0719568,0.010070736
1.4160936,0.00034412727,3.5690296,0.11503521,9.448088,1.1699226,41.99939,5.768857e-05,12.277924,2.5724945,3.1015046,71.37546,1.392467,0.021805787,0.0018679874,0.1434866,1.9615271,0.013509453,0.0899649,0.010341791
1.236698,0.00017331482,3.2995667,0.061333627,7.173799,1.3305143,31.15111,4.703755e-05,13.701023,2.287086,2.6960292,63.278484,0.91871005,0.0133031355,0.0011857252,0.14624506,1.3768419,0.011836246,0.08952173,0.010133494
1.2217433,0.00013606333,2.059523,0.042004123,7.8806415,0.9698638,28.864422,4.3958808e-05,7.336898,1.6752447,2.9747236,41.218887,0.6129857,0.012931251,0.0008032666,0.11308097,1.0039684,0.0119624315,0.08299199,0.010403039
1.4051774,0.00016216538,2.2936122,0.059031032,7.9388394,0.9641646,35.31332,4.5984e-05,10.184348,1.8376168,2.3864155,41.259735,0.99741423,0.014044195,0.0012028774,0.13234271,1.1348022,0.012280104,0.078587465,0.011580416
1.1172931,0.00021308425,3.2475522,0.065652214,6.5049005,1.2391998,32.45814,4.906324e-05,11.315127,2.3405046,3.3516388,69.98909,0.9528495,0.013757263,0.0011325575,0.11258999,1.391623,0.013615032,0.10086444,0.009772718
1.2617497,0.00014029471,2.112188,0.06086183,7.9436083,0.9361743,30.736317,4.0190214e-05,8.180043,1.6387336,4.9781923,41.659462,0.63897306,0.013665163,0.0010271014,0.1007132,0.9572449,0.011524895,0.0925772,0.011072984
1.262174,0.00014559139,2.5094635,0.065429874,7.8944764,1.2191151,36.36109,4.013198e-05,7.3554544,1.7778282,3.3486931,54.721203,0.82474566,0.01587922,0.0010251479,0.13391417,0.9208057,0.011620635,0.1013836,0.011930102
1.5930238,0.0002538942,2.5532312,0.07557292,9.077052,0.966152,39.60096,5.1813633e-05,10.953293,1.832554,4.040859,47.423725,0.94538796,0.018927665,0.0015353085,0.16742297,1.3771445,0.012229411,0.082769856,0.0103891315
1.2787243,0.0001993951,2.8928895,0.0715836,5.33399,1.1747811,23.472515,4.8402148e-05,12.271577,1.6479994,2.9217005,74.07752,0.49533126,0.015395192,0.0006233272,0.109997004,1.1086363,0.013867984,0.083441176,0.010670693
1.0378406,0.00023109872,3.0579615,0.070626274,6.292216,1.1212056,26.887907,4.3300675e-05,13.7671995,2.320946,3.1879473,57.018803,1.0784177,0.012137319,0.0015234251,0.101787776,1.3521298,0.012063284,0.10271728,0.008810871
1.1446042,0.00020050921,3.4391115,0.069901496,7.62453,1.3109239,31.113981,4.5087192e-05,12.258822,2.4609358,1.9385715,67.449554,1.1635182,0.015452407,0.001505976,0.14715251,1.4173957,0.011059941,0.09165021,0.009840045
1.3331764,0.00034432355,4.9691477,0.078854464,8.139646,1.8924842,42.739468,6.372265e-05,12.001696,4.6172004,3.7169552,95.57263,2.1724682,0.02034368,0.0027589959,0.2588676,3.0257628,0.013310207,0.09082981,0.010705055
1.2814097,0.00029332918,4.8226423,0.07744927,8.668838,1.4523523,40.405174,6.062837e-05,11.271642,2.9148984,3.026757,88.283165,1.2700824,0.020349834,0.0020850636,0.21729976,2.2233815,0.01435129,0.08771326,0.012378316
1.2184966,0.00030380732,5.296567,0.06830487,9.817465,1.9133321,42.765957,6.626749e-05,12.292021,5.130232,3.0029714,98.34931,2.910608,0.017096573,0.002757915,0.20723796,2.8525007,0.014305284,0.08923737,0.011693125
1.2093344,0.0001895417,3.3934648,0.054244164,7.4948773,1.5477873,34.051258,5.6320194e-05,9.031927,2.9806185,2.2699566,58.9307,1.2567656,0.01720833,0.0017928329,0.15541762,1.6042913,0.012879884,0.092296146,0.011658303
1.2645264,0.00025606182,4.1765018,0.0570281,8.830007,2.0408695,42.589485,6.504777e-05,9.763406,4.52034,3.1907022,77.63691,1.9780955,0.018244125,0.0027895144,0.18185256,2.301044,0.012511546,0.069383256,0.009703348
1.2180972,0.00027070285,6.1652393,0.061395586,8.728325,2.1397724,42.846397,6.809719e-05,15.540976,5.7662244,2.7009227,112.61478,3.2912436,0.018546222,0.0029015166,0.23693104,2.903063,0.016611557,0.09941685,0.013904936
1.1255778,0.00019037064,3.7991498,0.05564615,7.0391107,1.8551201,32.688576,4.9001195e-05,9.375907,3.7729733,2.547391,73.27418,1.5262102,0.015171089,0.0018134568,0.13585988,2.0258455,0.00844837,0.07415915,0.008570367
1.4128169,0.00032795902,3.7233496,0.08365668,10.11213,1.341814,50.600872,6.685517e-05,13.008151,2.7295525,3.6326723,74.25521,1.2413207,0.021863487,0.002238732,0.23197706,2.0825229,0.013725058,0.07817895,0.012448784
1.1459342,0.00034989318,5.3213425,0.10481936,7.8136673,2.3088284,32.55201,6.204077e-05,11.653414,5.1439304,2.3192294,102.62421,1.9796821,0.02532277,0.0028881344,0.13749683,2.3931086,0.010963705,0.09051499,0.012719038
1.139867,0.00030682556,5.7372537,0.073315956,7.8927536,2.279606,32.668453,6.160893e-05,11.058984,5.3073645,2.3104362,106.18632,2.1139662,0.02020604,0.0027935705,0.12956496,2.472548,0.01092331,0.09035588,0.011904482
1.3355908,0.00033127508,3.4395175,0.0945888,8.183153,1.3525215,38.159744,5.677717e-05,11.962428,2.6016514,3.6946568,67.47682,1.0492799,0.02311378,0.0021307848,0.17615181,1.7993228,0.013579494,0.053986344,0.010339054
1.3301792,0.00019522423,2.7853262,0.057304855,7.199853,1.2303101,35.92105,4.4158678e-05,10.810849,2.2929955,3.3895009,53.527218,0.8558688,0.014514574,0.0013949145,0.12777662,1.2463446,0.011583386,0.09055678,0.0112326285
1.2408168,0.00018101204,2.8114805,0.059124462,8.249511,1.020661,32.32612,4.166369e-05,8.676924,2.006968,4.7562823,56.161526,0.796223,0.014015994,0.0010715701,0.12901676,1.1470628,0.012810841,0.094824485,0.010312574
1.1588527,0.00019551141,2.7821486,0.062933624,7.7300262,1.11132,28.511118,4.381372e-05,9.4501705,2.2723508,5.311306,55.588478,0.816521,0.013080794,0.0012673785,0.111523665,1.2984878,0.01163868,0.08302166,0.010629048
1.1636645,0.00030892598,6.5438237,0.07199264,8.317527,2.6251175,39.116535,6.380883e-05,10.081801,6.4646883,3.3137057,120.91731,3.1554582,0.01957089,0.0037184318,0.18437508,3.090166,0.011654486,0.090851024,0.011640674
1.1981899,0.00026463956,5.009415,0.07173355,8.754318,1.7453853,40.87979,6.0706625e-05,11.938211,3.6359005,3.4290912,96.54236,1.4418712,0.017102977,0.0020231896,0.21237017,2.4532752,0.014082924,0.07986634,0.010495044
1.0558256,0.00023210383,2.913821,0.07445955,8.553055,1.3115376,34.51207,4.8710215e-05,11.050715,2.6147413,3.895238,54.466244,1.0413735,0.016320378,0.0016547618,0.16400799,1.4319569,0.012531643,0.10420625,0.0124414805
1.2555859,0.00031634019,4.1622577,0.107545905,8.432846,1.2543633,43.02314,5.790542e-05,10.59874,2.8374622,3.4111772,78.80037,1.1683986,0.02132787,0.0017580157,0.16190907,1.9464569,0.011430736,0.069011614,0.008665113
1.3379965,0.00032897192,3.427185,0.07903266,8.918306,1.2704803,40.905033,5.925745e-05,10.8556795,2.6404274,3.8025742,64.66471,1.223837,0.021076176,0.0020749532,0.17793489,1.9078661,0.012467133,0.07331223,0.009687288
1.2842691,0.00034237327,4.7256374,0.09529247,9.164163,1.5956708,39.212757,6.15147e-05,13.476567,3.071773,3.52403,81.212074,1.3254106,0.02127365,0.0015693045,0.20408934,2.1397767,0.014991887,0.09608888,0.011209074
1.272458,0.00030985838,3.6791737,0.07677588,8.571859,1.2116505,43.44452,5.5898014e-05,12.5806055,2.6745017,3.3954823,72.383484,1.1401527,0.017788023,0.0014054794,0.19782895,1.5979786,0.015249158,0.090034604,0.011505915
1.2639271,0.00028187674,4.6250544,0.0594101,9.789943,1.6134157,40.487972,5.6164263e-05,14.073883,3.4238899,3.651975,82.19041,1.5107815,0.015389374,0.0016933624,0.23665391,2.2481327,0.015387089,0.10247204,0.011722533
1.2346154,0.00024809537,3.8102324,0.078288265,8.938666,1.3548106,38.630703,5.2871754e-05,12.499068,2.7463727,3.494384,73.61339,1.299708,0.015530325,0.0015100718,0.16242579,1.965476,0.013731253,0.09639254,0.011690105
1.3479662,0.00025867636,3.4575546,0.071792044,8.099107,1.2817333,38.85469,5.0745508e-05,16.880468,2.3059225,3.0041037,66.91655,1.1439018,0.015047362,0.0012856333,0.16499172,1.7407455,0.01753089,0.12192567,0.013067834
1.3176407,0.00026746976,3.8674915,0.07866623,8.086949,1.2453444,36.352455,4.839818e-05,12.672574,2.8080525,2.8374295,77.45792,1.2516248,0.019830141,0.0017908073,0.14368884,2.1103745,0.0148983,0.07288853,0.010731907
1.1801937,0.00029007086,3.5058043,0.076981775,7.505703,1.4589586,34.595654,5.0718758e-05,11.797316,2.8354692,3.2460349,60.007324,1.0179151,0.019559987,0.0014801963,0.15078056,1.7167633,0.015849818,0.07737873,0.010408199
1.2767744,0.0002087943,3.024835,0.07347809,6.9743357,1.1145401,34.26948,4.7863086e-05,14.268843,1.9749422,3.1677165,67.126,0.8585594,0.012968946,0.0009656277,0.113346785,1.265548,0.013553499,0.107826985,0.010008951
1.2475821,0.00030021116,3.0939634,0.06808167,9.219714,1.1902618,39.859425,5.945038e-05,13.329936,2.2764974,3.4565358,57.20594,0.962658,0.018954027,0.0014879433,0.15279055,1.5630596,0.011637847,0.082757525,0.010221729
1.3406619,0.0002624581,3.0256867,0.077854216,8.0218935,1.2995948,35.508484,5.361922e-05,12.287533,2.1928394,2.6340544,59.67282,0.8703197,0.016984614,0.0013796452,0.14041544,1.5790298,0.016509756,0.09802096,0.010608683
1.3709457,0.00027308642,3.2686634,0.081077926,7.4044724,1.2031995,35.473778,5.348597e-05,13.923413,2.116275,3.3663805,64.768486,0.94962466,0.014420313,0.001359671,0.16179082,1.6097256,0.014990984,0.11231244,0.01118926
1.3418236,0.00025098363,3.385261,0.07774337,7.141544,1.140305,34.196033,5.3106753e-05,14.196674,2.2647817,3.5204082,69.86567,1.0572582,0.013537613,0.0013085455,0.17588347,1.5889477,0.013611965,0.10848966,0.010784105
1.2452797,0.00030539246,3.003277,0.084252246,8.612605,1.3572711,40.517757,5.2262767e-05,10.54527,2.4944117,3.248683,60.056156,1.0306643,0.019001734,0.0018293085,0.17956078,1.249363,0.010284288,0.1125408,0.012840255
1.4284081,0.00023312288,2.7974005,0.07790733,8.307875,1.1103606,38.499702,5.550615e-05,11.506283,2.003513,3.300795,51.869648,0.8987914,0.017581146,0.0015575073,0.16466086,1.6187649,0.010657766,0.07937216,0.009189277
1.2674241,0.00028489498,4.4030924,0.09524286,7.962787,1.5764654,36.894844,5.993587e-05,11.454615,3.5437365,2.3814743,83.194336,1.6768645,0.016600579,0.0021059865,0.1684284,2.3848507,0.013632748,0.075390436,0.010739921
1.2110162,0.0003328134,5.2486916,0.09268259,7.4712567,1.6568723,35.430893,6.558842e-05,12.575781,3.7706351,2.7289872,99.751434,1.7363374,0.021399092,0.002754726,0.16687608,3.0595486,0.013441795,0.0622724,0.009407159
1.3022045,0.0003276353,4.755099,0.08142695,8.71405,1.5925531,37.962738,6.0002098e-05,12.256638,3.3569143,2.7325408,88.315605,1.6613615,0.015987128,0.0018440477,0.19423476,2.6504197,0.015171541,0.08880137,0.012370032
1.2676892,0.00026270584,3.3344786,0.030908285,8.948115,1.2390143,44.68137,5.4521184e-05,8.169185,2.819908,3.4987829,60.73965,1.1375986,0.011282336,0.0019915937,0.17281264,1.5216254,0.0074953847,0.06746668,0.007929172
1.3286637,0.00034700712,3.6213968,0.08855517,9.480573,1.2307675,47.66414,6.811515e-05,12.629723,2.407422,3.3379078,73.04837,1.0597556,0.019044697,0.0018629581,0.22148612,2.030776,0.011739203,0.07470247,0.010425111
1.2017368,0.00024066276,3.1722598,0.04524984,8.073617,1.1772442,35.69921,4.5013825e-05,8.132194,2.027789,3.2329402,57.534435,0.95849407,0.014213751,0.0016205215,0.13639694,1.3131609,0.007269506,0.06289314,0.007622003
1.3762096,0.00030651418,3.127767,0.06463936,9.067586,1.2693881,45.270252,6.167058e-05,12.529834,2.6378117,3.5465858,64.546486,1.1557949,0.018076215,0.0018947193,0.20386213,1.8919386,0.012680661,0.07658127,0.01030897
1.5220987,0.00026897257,3.2980273,0.058790322,9.057084,1.1768513,45.929924,5.12145e-05,11.120329,2.3379495,3.1775806,69.67332,1.0871761,0.018092968,0.001785421,0.19323449,1.6304342,0.010771418,0.08212986,0.011477866
1.5068488,0.000103869264,1.1779912,0.057617124,7.285861,0.49366567,32.947952,3.1752155e-05,11.273585,0.6699851,1.906887,24.683155,0.3104002,0.013261703,0.00068057707,0.07572369,0.6759301,0.012479831,0.0769346,0.0115357
1.5454279,0.00013376282,1.2994113,0.08744422,6.320722,0.5410263,30.102814,3.3878503e-05,12.579241,0.66542405,2.0914726,27.389378,0.24530274,0.015803298,0.0006780457,0.07952771,0.712015,0.012565314,0.077340685,0.010234865
1.3883228,0.00016939749,1.5217347,0.07133508,8.22616,0.6767207,37.202488,4.004652e-05,12.692858,0.91377497,2.04546,30.887108,0.42263278,0.017891003,0.0013849031,0.087295294,0.8077425,0.016259003,0.10557628,0.018225688
1.4526248,0.00014559345,1.2979859,0.072007224,7.3776703,0.52248883,33.342934,3.638195e-05,10.474493,0.8025957,1.9285822,25.659739,0.369398,0.013996512,0.000945707,0.06886437,0.7313667,0.013060116,0.07589847,0.012041501
1.3878766,0.00012290993,1.2511132,0.067189895,5.802518,0.54061663,26.76276,3.1454347e-05,14.431329,0.5538829,2.0918622,25.884886,0.10726808,0.012429532,0.000421443,0.07190743,0.581855,0.014873218,0.10669697,0.013525304
1.2340822,0.00032482782,4.745841,0.07249138,8.598281,1.4356402,44.623905,6.7554305e-05,11.45816,3.3529773,3.1434422,90.313805,1.6923162,0.01889066,0.0020770407,0.24263974,2.3648903,0.013000475,0.083515204,0.010685148
1.3955201,0.00026183433,3.629849,0.07116686,7.6699023,1.2412928,42.441666,5.2133124e-05,12.8999405,2.218484,2.5622857,76.40442,1.0853032,0.016458467,0.0014929655,0.20108137,1.8111455,0.011582094,0.08626494,0.009908065
1.2948103,0.00031755609,4.3263593,0.09662048,8.54377,1.3661809,41.260956,6.441012e-05,10.858219,3.3221989,3.9141448,87.52262,1.4853029,0.020778505,0.0022942116,0.2250863,1.9668107,0.012239699,0.08847653,0.011738502
1.2830045,0.00038611842,4.4475317,0.09365914,8.83653,1.5393065,42.971767,6.7276625e-05,11.924529,3.1939425,3.177315,88.414536,1.6420579,0.020436741,0.0018377139,0.2084657,2.1579058,0.013029506,0.08551514,0.01097931
1.2837185,0.00035065846,4.374342,0.086385794,8.415108,1.5042185,45.223892,6.932996e-05,11.211697,3.4951851,3.5683491,87.23186,1.7356008,0.019265184,0.0018952542,0.20832047,2.0038872,0.012050025,0.094083235,0.011686156
1.2847307,0.00035441242,4.3346667,0.088835575,8.155246,1.5290701,42.12414,6.2889885e-05,10.493215,3.636453,3.2806253,87.894775,1.9539456,0.018370023,0.002000304,0.19492675,2.264552,0.012218667,0.08025112,0.01090317
1.2306703,0.00029066188,4.3742805,0.074418135,8.636896,1.4051327,44.007053,6.6023335e-05,11.476527,2.992017,3.4405446,84.156494,1.4958179,0.018082594,0.0019504824,0.24478357,2.2649937,0.013497214,0.08644167,0.011316543
1.2372632,0.00032769146,4.7590523,0.05251485,8.237431,1.5444744,38.07375,6.411824e-05,10.241564,3.3307323,3.2905662,87.42176,1.6965436,0.01705315,0.0018661183,0.19504912,2.2197847,0.01119562,0.08089705,0.009234001
1.2506067,0.00034018367,4.9827876,0.086816475,9.525851,1.5568806,46.81689,6.0196264e-05,14.382097,3.8266754,3.3250346,96.18123,2.0742552,0.019016806,0.001975876,0.23382863,2.2967305,0.013625002,0.08315227,0.011166061
1.3042434,0.0002722941,3.8401392,0.10289522,8.670175,1.1736286,44.779453,5.5800505e-05,10.288039,2.7767694,3.6336787,72.06783,1.4379288,0.018475395,0.0019837217,0.16713166,1.5764441,0.012296567,0.0897152,0.01255321
1.2634614,0.0002847603,4.474963,0.078216344,8.110039,1.3404611,43.27319,5.896903e-05,11.392177,3.1348386,3.2442784,88.761566,1.7983913,0.014063356,0.002214195,0.2038814,2.0691109,0.011902797,0.07869786,0.010087293
1.2543883,0.00025311144,3.0465047,0.07785162,8.583255,1.2177486,40.27175,5.4452947e-05,8.606394,2.6759174,4.086681,59.644676,1.3616188,0.016182123,0.0018371539,0.14985959,1.4438316,0.009262676,0.0862299,0.009561144
1.3906147,0.000256556,3.01868,0.059418447,11.115799,1.4192587,49.714466,5.386829e-05,8.295891,2.6144857,2.995895,67.672104,1.1273253,0.018149825,0.0016670689,0.1587891,1.3131689,0.010380424,0.081312455,0.010383322
1.2802504,0.0003585675,8.177398,0.09050786,7.8526807,2.2486467,32.758186,6.772346e-05,12.884099,4.8725734,2.6048372,145.2497,2.8241224,0.020824833,0.0033583757,0.20253135,3.2603748,0.013023905,0.082669936,0.011966747
1.3631264,0.000270816,4.3408833,0.0737235,7.9933405,1.4266007,39.57579,6.1432365e-05,10.514218,2.9683409,2.5989408,87.75009,1.6314005,0.01734126,0.0019302908,0.21904542,2.267329,0.013880205,0.08028623,0.011248548
1.2255609,0.00041671144,10.779658,0.09528126,8.516664,2.6649415,34.594444,7.324634e-05,15.041302,5.119744,3.1014557,192.74142,2.7415144,0.027257811,0.0036382184,0.18016253,4.2444696,0.014510971,0.08048727,0.011539679
1.2576315,0.0003083994,5.9453893,0.07987842,8.57781,1.5266764,48.506947,6.745963e-05,15.272541,4.0216618,3.2206469,111.93713,1.9692425,0.018965678,0.0025214807,0.2831485,2.8472493,0.014393807,0.088593505,0.012615915
1.410438,0.000267163,2.9746094,0.102728285,8.797534,1.0140991,43.157406,5.635125e-05,10.637411,1.7651069,3.8447769,57.408276,0.94310176,0.018468611,0.0015486493,0.20103739,1.3359588,0.012807706,0.08551622,0.011270269
1.289874,0.00035234226,5.7900996,0.0745817,8.898307,1.8279815,50.278423,6.915725e-05,17.981106,3.8365982,3.6567194,112.77044,1.7704191,0.023747837,0.0021548823,0.24979857,2.5228195,0.014527663,0.09886451,0.012309917
1.3445624,0.00022970828,3.0809999,0.069313206,8.284354,1.0273827,38.231903,4.7590893e-05,11.967157,1.733738,3.9615102,62.297867,0.7919692,0.018841984,0.0012550856,0.16650234,1.3755335,0.011422964,0.09017501,0.010396403
1.3543761,0.000302478,4.2936616,0.063765615,9.432405,1.4675201,47.721783,5.9388713e-05,12.608835,3.4012582,3.2132893,88.02249,1.6150537,0.01991976,0.0022401924,0.20032433,2.340414,0.010831927,0.071808465,0.010863958
1.3432435,0.00034034252,4.6114473,0.06912808,9.283972,1.5932232,50.403175,6.7381996e-05,12.450533,3.4973905,3.510125,89.08998,1.5141587,0.020278994,0.0022689449,0.21230139,2.325524,0.009869091,0.0762796,0.0097466605
1.3925916,0.00031890144,4.5154743,0.05977976,9.866715,1.4699907,50.77981,6.2945255e-05,12.659544,3.3127248,3.026329,93.32496,1.4846008,0.021449745,0.002291881,0.21841551,2.4027038,0.009960339,0.071691126,0.01012607
1.3520919,0.0003042002,4.454516,0.059640758,9.33065,1.4888544,47.693916,5.707014e-05,12.061647,3.3010657,3.1477723,89.756226,1.5427874,0.022161966,0.0022516728,0.20108148,2.4306583,0.008940658,0.064942434,0.00985554
1.2881027,0.00032325622,4.219289,0.05395127,9.721756,1.5394433,49.804295,6.621417e-05,11.6035385,3.2741423,2.998629,87.448235,1.676416,0.014858845,0.0017836298,0.20321868,1.8586458,0.011491245,0.07847965,0.009318178
1.3725748,0.00032525882,3.4720953,0.0693767,9.447214,1.349748,45.98604,6.789683e-05,13.133647,2.5891414,3.419452,75.36493,1.2132536,0.02037438,0.001913348,0.20486793,2.1246498,0.013007276,0.08505652,0.011195107
1.3124393,0.00048315185,9.826844,0.1705819,11.146758,5.2219462,52.840637,8.6468885e-05,7.7064786,13.551775,3.6539674,183.21231,6.440995,0.02279091,0.0046599503,0.2347906,3.076389,0.026355626,0.1850991,0.026125455
1.4473203,0.0003067916,3.867558,0.08806997,9.43788,1.4524392,53.22773,6.152377e-05,10.686189,2.7838175,3.3673108,81.40146,1.625679,0.019655943,0.0017050974,0.23528081,1.7507359,0.013812798,0.10494714,0.011484464
1.2910697,0.00026199137,4.2458935,0.04386881,9.3107195,1.3432769,52.592865,5.175595e-05,9.399322,2.801051,3.486916,77.62297,1.4978482,0.018657343,0.0020548091,0.17990264,1.9881365,0.008951175,0.059221305,0.010022975
1.2642491,0.0002040715,3.759252,0.068589754,7.3171306,1.1088586,36.089745,4.64178e-05,10.455823,2.4671147,3.5162919,71.77006,1.3480315,0.011424875,0.0014182334,0.15395598,1.9650815,0.011518919,0.06913121,0.008733291
1.209462,0.00037863906,11.6918335,0.087745674,9.419481,5.234211,44.09243,8.412627e-05,16.341146,12.50678,3.0365746,210.38991,6.2428055,0.02754072,0.0056500225,0.2391802,5.720754,0.015863705,0.10583833,0.015997656
1.2704984,0.00021095171,3.3805387,0.062442772,8.304127,0.99494916,48.37867,4.553511e-05,7.7403603,2.582538,3.6777194,63.557537,1.6382601,0.010441558,0.001992867,0.15967497,1.5174589,0.00961902,0.05872826,0.009687765
1.29569,0.00023138535,3.6080446,0.071629584,7.227381,1.3703661,36.949196,5.467781e-05,8.7688675,2.4758558,2.8770993,68.6455,1.2147133,0.017536739,0.0019956438,0.13197383,1.7056006,0.009430344,0.056723535,0.007856042
1.1640556,0.00020056286,2.6926203,0.07881398,8.677981,1.0453004,31.27019,4.3772805e-05,14.681987,1.6096259,2.5345268,54.16621,0.7022847,0.017058998,0.0011847552,0.1283844,1.2645358,0.014043882,0.1057092,0.009997808
1.3342278,0.00025327643,2.9241676,0.08917101,6.8654585,1.0814911,32.910522,4.6380028e-05,13.789605,1.9116424,2.6003926,69.15677,0.76756954,0.017237982,0.0010970408,0.12714945,1.580356,0.013404823,0.10260873,0.010860884
1.160033,0.00033312826,3.6725297,0.08723303,7.4412274,1.5591532,32.13223,5.489024e-05,13.859622,3.0527456,3.5873406,77.146454,1.3192104,0.021108363,0.001727601,0.17119673,1.9497089,0.01612267,0.090694904,0.012248021
1.2981745,0.00032556427,3.9858644,0.10840389,8.45922,1.3797417,37.813873,6.056402e-05,13.561468,2.714341,3.6028786,88.57591,1.2039844,0.02184559,0.0021838248,0.20007192,1.8757004,0.015309068,0.11004857,0.0132487025
1.2326394,0.00042841164,4.441682,0.14436474,7.786024,1.7401731,34.06234,6.199897e-05,14.513161,3.3906462,3.345968,94.858864,1.5013515,0.027711153,0.0020772154,0.18704298,1.8843702,0.019471485,0.113249294,0.016926685
1.2519172,0.00033347803,3.8201296,0.094931595,7.7479124,1.6662676,36.567886,5.5241053e-05,14.223265,3.2855196,3.117442,86.06155,1.3577534,0.019067718,0.0014819145,0.16408932,1.7844621,0.016520755,0.1079188,0.012237451
1.332122,0.0003513508,4.712242,0.07081558,8.40133,1.7255741,42.453064,7.347327e-05,12.528703,3.127037,3.4861562,101.52661,1.2180523,0.020117896,0.0016405956,0.24852423,1.8984681,0.013204303,0.10215312,0.011443768
1.2834644,0.00034521267,4.223592,0.09261085,7.487243,1.56172,35.375965,5.8919595e-05,10.191047,3.4829597,3.5523753,85.3898,1.5217417,0.018070761,0.0017252523,0.15177494,2.1331208,0.011439461,0.09432243,0.009793932
1.2798222,0.00032922465,4.506678,0.094887294,7.4535947,1.5386487,35.45734,5.6381465e-05,10.627994,3.300824,3.4950025,92.20861,1.5820858,0.016765598,0.0016443119,0.15611164,2.370192,0.013615175,0.091821246,0.0104667805
1.2557398,0.00018551337,2.9981577,0.059508912,7.000587,1.076923,34.095264,4.4683515e-05,9.801459,1.8417058,2.996868,68.67509,0.83074397,0.015370269,0.0010278895,0.16220744,1.2196337,0.012847406,0.10291627,0.011498055
1.2496581,0.0003533637,4.656862,0.07848699,9.1448,1.7879755,47.826912,7.686842e-05,12.445999,3.3312318,2.9433699,100.066734,1.656294,0.02025344,0.0018607237,0.26058987,2.2891574,0.013139413,0.09482314,0.0121366745
1.3322698,0.00035739952,4.426895,0.089180715,9.409677,1.5168123,47.123455,7.419212e-05,11.627656,3.031981,3.0744624,98.40595,1.5878547,0.021466713,0.0019451773,0.26590827,2.2764046,0.013439314,0.0973997,0.012420731
1.2858573,0.00020284497,2.9653287,0.07236783,6.6142573,1.118838,33.31333,4.429769e-05,16.00787,2.2863188,3.2653408,58.147114,1.0292087,0.011808021,0.0012119355,0.14340305,1.545554,0.013851477,0.09498347,0.010190247
1.4247706,0.0003174811,3.5210629,0.07447361,8.202107,1.3688301,39.800518,5.9859965e-05,11.444783,2.4480376,2.7764256,78.049126,1.3105115,0.020224731,0.0014097187,0.20571966,1.8606216,0.013368252,0.096588634,0.011886331
1.3201642,0.00033806474,3.9425313,0.07872138,9.431491,1.4708657,45.025127,6.877518e-05,12.269679,3.258594,3.4858468,88.0892,1.7270147,0.017522467,0.0020193958,0.22814226,2.1105309,0.011629602,0.08456436,0.010544169
1.3718419,0.00030027295,3.4765043,0.0671166,8.650409,1.4460272,43.27136,6.106886e-05,12.515871,2.765372,3.4926128,81.34032,1.2757086,0.017808734,0.0016265849,0.21652953,1.6502262,0.012540265,0.09007102,0.0117883915
1.3871571,0.0003056357,3.026587,0.0708893,8.61258,1.3230181,42.266975,5.8450907e-05,12.754337,2.4536076,3.4331782,72.626755,1.1926188,0.016949685,0.0014985277,0.19754066,1.5744312,0.012882588,0.091295525,0.011126581
1.207082,0.00030825264,4.8724346,0.07001664,7.942044,1.5622414,34.838535,6.5983484e-05,10.227852,3.4286788,2.5483644,90.90137,1.8307047,0.021009382,0.0025932468,0.17301072,2.465144,0.009888203,0.067296326,0.009798058
1.2783358,0.0003515907,4.4325857,0.0642124,9.530637,1.6596766,48.96787,7.5324926e-05,11.699574,3.2373848,2.9687512,96.60565,1.6146202,0.019758869,0.0018342981,0.25237626,2.1653006,0.011918088,0.08860509,0.011595185
1.3750043,0.00032194183,3.517616,0.07436229,9.635239,1.2971308,47.861732,6.295661e-05,11.647279,2.6348128,3.2434208,84.35636,1.3571262,0.018891722,0.0019822032,0.2303327,1.9738754,0.011934817,0.078656375,0.010769862
1.2702572,0.00025546717,2.9495986,0.059163973,8.195248,1.045716,29.7997,4.4700944e-05,12.06011,2.030071,3.0941532,59.233376,0.9894054,0.017510539,0.0014370116,0.1852414,1.7888824,0.013955256,0.09762622,0.010854766
1.2026271,0.00022800696,2.858955,0.078818865,7.5203257,1.1356293,37.773373,4.6066645e-05,13.427092,2.3065891,3.7458367,63.25887,0.964272,0.017804332,0.0014216813,0.14522979,1.3080693,0.012843962,0.09217509,0.010880312
1.3028282,0.0003069003,2.9201252,0.071428314,8.282597,1.3099244,43.1232,5.951695e-05,11.238743,2.532256,3.55033,63.19481,1.0980713,0.017141787,0.0014245227,0.21091336,1.4464498,0.0125750005,0.08966552,0.010411106
1.1482415,0.00018140607,2.4181867,0.051791675,6.00642,1.1488049,31.176878,3.9766295e-05,13.278519,2.2169716,4.1398535,54.274418,0.8317205,0.0128660835,0.00092191296,0.12926759,1.1429738,0.013443333,0.089973904,0.010296485
0.9973916,0.00015073695,2.3816118,0.046918698,6.954848,1.342912,28.576889,3.621007e-05,12.58257,2.3510125,4.0270157,45.372444,0.8037121,0.008557791,0.00088359806,0.10025739,1.0172851,0.011212537,0.096988946,0.009243485
1.2621901,0.00028467824,2.5569222,0.06746771,7.870357,1.2670081,38.726055,5.547624e-05,10.972523,2.3555143,3.8492148,58.077885,1.004515,0.017285356,0.0013578689,0.18536714,1.2331818,0.0126214065,0.10030471,0.010143164
1.167959,0.00019720761,2.5219867,0.07657976,6.63948,1.2514138,30.560776,4.305961e-05,9.728846,2.5741525,4.1937394,53.20977,1.0286075,0.0144425575,0.0016009253,0.113552764,1.3071705,0.010958457,0.09153275,0.008508089
1.332752,0.00031316807,3.535079,0.08560989,9.393197,1.1865321,41.898117,5.802491e-05,11.934945,2.0806265,3.1464314,77.19783,0.96575505,0.019473119,0.0014647689,0.19571592,1.7545598,0.0118748415,0.10965886,0.011427916
1.3409251,0.00031458944,3.746434,0.09098028,9.233655,1.180201,41.72903,6.124495e-05,11.721897,2.136884,3.379489,80.43551,1.0250285,0.021030229,0.0015286063,0.2269547,1.8867526,0.012277438,0.11238813,0.012187697
1.2954532,0.00026063932,2.8198812,0.0752714,8.711226,1.0827973,43.43639,5.3967557e-05,12.399425,2.2071645,3.6196845,61.652496,1.0009515,0.016533174,0.001457432,0.17810442,1.6369604,0.010743985,0.08882878,0.01019583
1.2843673,0.00029760745,2.9659426,0.07075201,8.429657,1.2245146,43.248505,6.327191e-05,12.167707,2.3595152,3.1163964,63.763958,1.052536,0.015973717,0.0017320063,0.23770325,1.7639812,0.011812026,0.09631695,0.010803956
1.4386526,0.00024598118,3.0770485,0.07652438,8.618049,1.2920145,48.619812,5.8186142e-05,11.986231,2.5953553,3.5800016,66.83153,1.1140614,0.017192991,0.0016189934,0.19959678,1.4540933,0.01359514,0.096794896,0.011544525
1.3744092,0.0002526726,2.8564198,0.070461884,8.533413,1.2141232,48.111378,5.535822e-05,11.450383,2.4323394,3.6973403,63.960815,1.0827217,0.016596815,0.0016072403,0.19056545,1.3896254,0.012126913,0.09109793,0.010287501
1.326045,0.00029554043,3.1038132,0.07207125,8.572274,1.4789376,45.280178,5.2091127e-05,12.6540785,3.0896044,3.641815,67.48585,1.389124,0.018308043,0.0018286732,0.12853901,1.5516951,0.013212436,0.08593367,0.013196741
1.2461246,0.00027124453,2.9555423,0.07888952,7.6867704,1.2499847,37.03825,4.9308954e-05,13.053459,2.5093055,3.1793525,68.7003,1.2704117,0.01596405,0.0014488098,0.14189306,1.4485213,0.012271623,0.08687819,0.009045541
1.2454215,0.00031241434,3.0436745,0.096590474,7.350727,1.3478203,36.451153,5.8019767e-05,13.268434,2.7100728,3.0784283,69.87588,1.3566257,0.019442115,0.0017844983,0.17926721,1.809307,0.015034569,0.10127048,0.012687685
1.1639602,0.0002559102,2.819774,0.062472496,7.5917525,1.2307147,35.33056,5.059156e-05,11.833471,2.3142724,3.0274706,61.700336,1.0841337,0.017314823,0.0013093824,0.19143634,1.433545,0.013428949,0.096845366,0.011875588
1.2135735,0.0002718711,3.3815312,0.07968948,6.7064624,1.2925353,35.37613,4.533887e-05,13.406624,2.903907,3.6062593,74.932655,1.3200321,0.016619468,0.0015783512,0.118045084,1.5279135,0.0124768475,0.087051034,0.010995419
1.1892319,0.00020201418,3.0215507,0.065884665,5.963576,1.1874527,33.94394,4.2599757e-05,13.714307,2.4779763,3.8945382,66.27209,1.007768,0.013822434,0.0014115782,0.0976122,1.372156,0.013313027,0.08894855,0.011059461
1.1928895,0.00025558355,3.0124052,0.08127426,7.142534,1.2896136,33.828945,5.2634332e-05,10.86907,2.4177063,3.6511805,63.828102,1.0565871,0.018449642,0.0014378317,0.15104838,1.4337877,0.01131136,0.09572689,0.010163305
1.2232559,0.00026425617,3.1101637,0.095836096,7.788647,1.1875168,35.67269,5.7258923e-05,10.900932,2.445472,3.5047991,64.59374,1.1155369,0.020109907,0.0014910386,0.16970044,1.5733329,0.012746202,0.104573466,0.011403544
1.2005731,0.00024711242,2.7794793,0.084275566,7.635635,1.1733562,34.600826,4.880227e-05,10.9278755,2.3992167,3.4914784,58.29052,1.0620613,0.016431322,0.0015745261,0.16349937,1.3324876,0.013109807,0.09651521,0.010532284
1.2780849,0.00029132143,3.6501534,0.09379246,7.8049755,1.5166345,36.851833,5.5702087e-05,12.419076,2.7640169,3.4412403,83.44124,1.3654897,0.019172493,0.0019501608,0.17577736,1.8344742,0.01278214,0.07997566,0.011115115
1.2338796,0.0003325637,4.737607,0.07699476,7.651972,1.5779061,35.030434,5.865631e-05,11.4445095,3.7547505,3.5770383,90.979935,1.8887951,0.021547342,0.0023082013,0.19142295,2.7157085,0.010431025,0.08070934,0.009055939
1.3307896,0.0003313061,4.2044334,0.09000833,7.128108,1.3207778,39.377094,6.610115e-05,11.149201,2.8496563,3.3804939,83.450554,1.4999725,0.02443953,0.0020807195,0.20871773,2.1502233,0.014365409,0.09013297,0.012232745
1.2482976,0.00034879716,4.0884085,0.079190426,9.068166,1.3230581,48.107933,6.638448e-05,12.591967,3.0319967,3.1505625,79.26553,1.5968682,0.017841097,0.0025333795,0.22119649,2.359692,0.012612179,0.07343416,0.010925141
1.2085897,0.0003273867,5.1719337,0.07479026,7.6137247,1.7134566,37.925186,6.0714974e-05,10.313421,3.6776707,3.2553556,97.60238,1.7513801,0.018930128,0.001685622,0.17492756,2.5829308,0.012521038,0.070266396,0.010075274
1.2303636,0.0003360113,4.634524,0.07678528,8.383511,1.4491327,42.083332,6.1633196e-05,11.453876,3.2233794,3.5963445,82.05555,1.7195989,0.017936941,0.0019680401,0.21065044,2.3480313,0.013994034,0.08824524,0.0113647515
1.1341197,0.0002367219,2.2430542,0.056143988,8.396576,1.0422494,36.630917,4.3236276e-05,13.175549,1.5582379,2.9044962,44.67301,0.51342165,0.016269702,0.00060290314,0.14226748,0.79503644,0.013470742,0.13011375,0.012623099
1.2254988,0.00020899191,1.8443333,0.04794513,7.858673,0.9076671,41.625122,4.0922692e-05,12.174437,1.4341629,2.8367915,39.771164,0.41881713,0.012516948,0.0006482749,0.1290685,0.9241043,0.011186212,0.093959406,0.010441584
1.2612942,0.00013915273,1.9342877,0.049078777,6.2611065,0.82492113,32.21575,3.344804e-05,11.19097,1.1432643,2.9350207,43.940334,0.3634328,0.010921551,0.0003409448,0.10908598,0.82845795,0.010764785,0.08266011,0.009573382
1.242294,0.00013336935,1.9234334,0.054636654,7.047881,0.7979239,37.52258,3.5868274e-05,10.623758,1.0296142,2.4635758,46.046825,0.399079,0.013551202,0.0005622175,0.10903962,0.89924777,0.011210667,0.08702873,0.009521333
1.3044097,0.00015033117,1.8119293,0.053641632,7.721891,0.9846902,37.53883,3.34745e-05,12.808363,1.6559104,3.1637247,35.495808,0.5361594,0.0108736735,0.0005043529,0.11850678,0.7819424,0.010806449,0.09598664,0.010594564
1.3567547,0.00021263522,2.1117158,0.049120367,9.218578,0.83115274,43.572735,4.4869346e-05,12.404563,1.3820889,2.6375678,42.708412,0.5867869,0.01286486,0.00065623026,0.14277843,1.3111905,0.013405886,0.090804584,0.009145686
1.3335176,0.00016944543,2.2554429,0.046094473,7.9277325,0.94156075,40.717377,4.0418283e-05,13.880488,1.7663937,3.2595525,46.29854,0.6445126,0.012268031,0.0005822244,0.13982993,1.1195891,0.013537429,0.10381888,0.011695894
1.2933348,0.00024936354,3.3541183,0.056412764,8.617945,1.3166082,47.62157,4.9868613e-05,15.064447,2.7172124,3.6947255,72.36182,0.9366167,0.015894257,0.0012313139,0.18285647,1.2479699,0.015349959,0.114577554,0.01449174
1.344799,0.00015624876,2.4042008,0.052502654,6.6306915,0.98648506,34.114254,3.7856233e-05,12.242362,1.6049438,3.3167195,56.478493,0.35285708,0.013107445,0.00048564235,0.14769301,0.9579727,0.012485117,0.102068126,0.013239161
1.3900784,0.00015151789,2.0272493,0.047240246,7.7296066,0.81578904,39.926376,3.6444846e-05,12.009053,1.4156747,2.956003,48.902622,0.40349105,0.0148813445,0.00055710605,0.11730718,0.8750522,0.012444695,0.1009871,0.012704187
1.304876,0.00023133554,2.5135665,0.052050415,8.692338,1.0482905,41.267666,4.6056037e-05,15.858252,1.9929262,3.640675,56.447086,0.7136525,0.014974779,0.0007833299,0.17309129,1.296339,0.013259287,0.0851717,0.012120165
1.255741,0.00024343228,2.6696923,0.063470535,6.8878794,1.1772692,38.925636,4.498715e-05,15.399916,2.2165725,3.5728137,61.778614,0.7245901,0.015493375,0.0011975599,0.16160314,1.1442412,0.015086395,0.09886734,0.017162029
0.98983634,0.00018598848,2.467816,0.04403022,6.390503,1.1699268,27.102001,3.7796675e-05,14.916622,2.007965,3.1972418,57.450043,0.47608212,0.011641806,0.0007257832,0.11581763,1.0347642,0.016429773,0.09919762,0.010514859
1.3258458,0.00018780364,2.2345645,0.05431117,6.332548,0.81548786,32.04271,3.842305e-05,13.002926,1.462344,3.4525094,50.304535,0.4726661,0.012085158,0.0005823266,0.1252782,1.1287863,0.013167776,0.09732954,0.0093643805
1.1150043,0.00017004665,1.9337212,0.046377525,6.072082,0.8516123,25.542166,3.060727e-05,13.385881,1.354401,2.7239697,45.70384,0.31114155,0.01077822,0.00024678893,0.109453775,0.9462639,0.014514355,0.10441305,0.009567243
1.2493913,0.0001819498,2.13565,0.058533374,6.665951,0.896166,32.32929,3.4393426e-05,14.274719,1.4896098,3.9606948,50.82275,0.37183613,0.01656023,0.00049654423,0.13835628,0.956286,0.014737669,0.108459905,0.012037814
1.3892232,0.00013341787,1.7488776,0.03249166,7.155354,0.7765656,34.981804,3.5023528e-05,10.411396,1.3147279,2.5733476,41.955505,0.37932533,0.012762258,0.00052856724,0.10358373,0.8893256,0.01193028,0.07817809,0.009713527
1.4366982,0.00018888863,2.3977127,0.055061523,8.889088,1.0143129,45.423035,4.428496e-05,10.312222,1.7140354,2.587257,56.979454,0.8539826,0.014795952,0.0014066999,0.13295394,1.2491748,0.012656291,0.07909221,0.009725506
1.2809693,0.00018964353,2.4115222,0.048093334,7.671139,0.9022253,37.600536,4.267029e-05,13.389088,1.5943366,3.1865337,48.33067,0.5090873,0.012016907,0.0005669765,0.12740204,1.1510351,0.013593356,0.09583529,0.01012381
1.090506,0.00019724901,2.092372,0.054120284,6.6142573,1.0312061,27.930904,3.680651e-05,14.585135,1.5950619,2.8839152,48.326836,0.3496715,0.015159859,0.00075098674,0.103906184,1.0477307,0.013895576,0.10320216,0.009174264
1.2246721,0.00020065908,1.7126938,0.024636429,9.026637,0.80383444,38.202667,3.5034183e-05,13.681302,1.2575673,3.0338445,47.01073,0.3360183,0.012683602,0.00030163687,0.1232551,0.895004,0.0099056205,0.07608706,0.00792607
1.0199584,0.00023252885,2.4563768,0.044858806,6.373543,1.1091294,27.962246,4.1180992e-05,14.663487,1.852811,2.5538213,46.612522,0.5619058,0.012683663,0.001015615,0.11632993,1.3776032,0.012283048,0.103002936,0.00863806
0.9704404,0.000280635,2.4933717,0.04297726,7.0966706,1.1448884,29.732635,4.5251425e-05,14.515504,1.7378422,2.9844618,54.76028,0.38448513,0.015583135,0.0007374541,0.13502097,1.2154055,0.014454598,0.105910905,0.008780085
1.3156565,0.00020490243,1.9784571,0.04294748,8.430177,0.994101,42.33212,3.5515302e-05,16.036375,1.741151,3.600575,58.52959,0.52731013,0.014533357,0.000688553,0.12472763,1.0499145,0.009909424,0.08445508,0.0074642817
1.3591596,0.00017259161,2.3860116,0.05199075,7.67047,0.86108893,36.676662,4.04704e-05,11.330436,1.6197066,3.4085257,49.503067,0.6158443,0.011948103,0.00067574834,0.14824422,1.2108456,0.012573567,0.09318525,0.011170111
1.4420062,0.00018859918,2.1932385,0.067505315,8.429458,0.8225306,34.793083,4.0613977e-05,12.966551,1.3943207,3.7255347,44.54636,0.48517665,0.017995832,0.0006802255,0.14607884,1.32323,0.011520185,0.08570857,0.010277692
1.2881018,0.00017249254,2.3658683,0.049724117,7.413697,0.8588788,33.580723,4.0697767e-05,10.786726,1.5658706,2.832072,46.64398,0.51511985,0.014418508,0.0008501698,0.12001882,1.2253098,0.011984305,0.084777,0.0102082165
1.3790487,0.00016192412,1.6893777,0.037149448,9.381106,0.77004486,43.46954,3.1707008e-05,12.451432,1.5402865,3.7307773,46.499275,0.62320167,0.010789018,0.0006770555,0.15971826,1.0056342,0.010812686,0.067533866,0.009224261
0.9661976,0.00025483192,2.04161,0.059901446,7.7007265,0.9136598,29.448923,3.8989794e-05,12.023944,1.5312948,3.4823594,42.59755,0.48218197,0.017615715,0.00047772677,0.09602796,0.73463404,0.00977259,0.0932356,0.010573431
0.9709624,0.00020221,2.3943818,0.059306573,6.947475,1.2109332,27.512613,4.0692794e-05,14.931838,2.0183234,3.1636302,45.60159,0.6316108,0.010602674,0.00075057184,0.10612315,1.0846418,0.013300174,0.10333022,0.008813965
0.9840863,0.00018514541,2.2253718,0.056819584,7.5411563,1.0315926,24.199598,3.883095e-05,12.149118,1.736536,3.1272013,44.657024,0.70751417,0.013519197,0.00065370137,0.105152205,1.0536212,0.011695215,0.09932797,0.00987831
1.2358088,0.00017282036,2.158371,0.0642208,7.965619,0.82402116,27.176508,3.7241633e-05,10.559824,1.3506175,3.4232032,44.544716,0.5174899,0.012933908,0.000517908,0.1295984,0.9604658,0.012070957,0.104585774,0.010251312
0.9861273,0.00023359121,2.5752661,0.06063962,6.3213143,1.2733167,26.913462,4.102502e-05,17.39522,2.2837074,3.5954854,53.494343,0.6468106,0.012273764,0.001066281,0.107709505,0.9795001,0.012967848,0.09172988,0.010318598
1.5741966,0.00017571234,2.3260708,0.05777056,9.155922,0.9194537,46.872726,4.2803345e-05,11.437459,1.5016742,2.0580103,54.34751,0.6742519,0.014570469,0.0010256029,0.13343222,1.2558157,0.014430129,0.086895436,0.010833646
1.4305584,0.00015458652,2.3219388,0.05634591,7.8376017,0.79643047,37.211464,3.930862e-05,12.278157,1.4577526,3.1982162,45.727642,0.5401512,0.012914193,0.0008540403,0.15177773,1.1563061,0.013578249,0.09948406,0.012381976
1.2005103,0.00039461293,7.5176277,0.08884727,9.161954,2.641121,37.592987,7.562883e-05,14.835982,6.463649,2.8959086,151.62747,3.6576765,0.02319801,0.0031432628,0.21632275,3.3593225,0.014172388,0.096297435,0.0128799565
1.1850386,0.00037083498,8.117703,0.107878245,9.357461,2.7215915,37.59171,7.286513e-05,18.030865,6.98418,3.342694,158.45576,4.3527102,0.022033432,0.0032859903,0.22374083,3.745794,0.01532875,0.09444501,0.012569166
1.1812147,0.00036699267,6.4266257,0.08577957,7.594742,1.7540224,34.017315,6.602956e-05,12.547858,4.789964,3.000321,127.78331,2.851589,0.02156691,0.0027471017,0.20136838,2.9565675,0.01249156,0.07944304,0.010420596
1.2159967,0.00034454482,5.605687,0.08364497,9.165553,1.9625157,39.812355,6.600704e-05,11.182277,4.5439634,3.1698577,118.518585,2.5767143,0.024056848,0.0025436245,0.20385744,2.4516532,0.011360842,0.089963205,0.01159863
1.3242073,0.00030195955,3.76653,0.069151595,9.380741,1.3905499,45.088013,5.8706242e-05,10.097284,3.4221406,3.3915792,75.02925,1.9204518,0.017913423,0.0022566062,0.16891067,1.9273407,0.010297919,0.07037715,0.0101345135
1.2926865,0.0002790687,3.9026418,0.067324355,8.981543,1.4279214,44.56121,6.16943e-05,10.190324,3.5377111,3.4708989,78.01277,1.9762638,0.019612143,0.0022400597,0.17439617,2.1063874,0.009633712,0.073232494,0.010852601
1.1833785,0.00039621707,7.4215612,0.08105667,9.361943,2.3095856,38.09681,6.89982e-05,15.994934,6.2500777,2.9717877,139.63744,3.8763309,0.02020884,0.0030646347,0.23739724,3.632252,0.0140459,0.08382061,0.011291236
1.1960852,0.00045633342,8.871647,0.10021483,8.988286,3.1660838,46.147903,8.420706e-05,17.92089,6.9482584,3.1103406,167.16019,3.9607947,0.02375797,0.0029700764,0.26645604,4.380085,0.020285374,0.14185308,0.01699579
1.2944967,0.00025160328,2.39377,0.08234515,8.154466,0.78145796,40.434826,4.8187256e-05,9.988532,1.5544777,3.1518795,50.533134,0.746912,0.017617691,0.0014348942,0.14396408,1.2259849,0.010297708,0.07583437,0.009012652
1.3103086,0.00022676836,2.3581035,0.079209134,8.118002,0.82428825,40.052498,4.5597917e-05,9.858001,1.6535424,3.278951,49.654335,0.7617601,0.016459478,0.0013829025,0.14109106,1.154328,0.0100122765,0.07790057,0.009313304
1.363968,0.0002492221,2.8758423,0.09787499,8.48643,0.91979504,38.945328,5.2269457e-05,10.407358,1.8463447,3.1671152,63.970764,0.92437935,0.018193046,0.0015185658,0.15806773,1.411307,0.010990885,0.080563426,0.010185524
1.3397197,0.00021969773,2.5287588,0.08022499,8.063916,0.7121507,37.537113,4.695937e-05,10.455969,1.4767387,3.5230367,52.921177,0.7968475,0.017182415,0.0012190741,0.13715895,1.278003,0.011664529,0.08720012,0.009805369
1.3508619,0.00023344063,2.8637173,0.07483565,8.299368,0.7969042,38.507927,4.8520396e-05,10.569424,1.669001,3.502102,61.01666,0.8709256,0.016808288,0.0012834272,0.13986613,1.3364145,0.011110232,0.08322951,0.009447575
1.3479273,0.0003386621,4.775693,0.06444009,8.968394,1.5407453,48.71435,6.936445e-05,12.089133,3.233792,2.8745215,100.79308,1.9303722,0.020104483,0.0017881923,0.20437206,2.1593294,0.013289718,0.09180842,0.011889222
1.3332716,0.00031248693,4.4551983,0.06549725,9.010348,1.4032232,45.466503,6.771684e-05,10.611543,3.014271,2.8328304,93.86841,1.5972419,0.020848492,0.001999971,0.21800284,2.3314843,0.012395803,0.08019964,0.0113606285
1.3277657,0.00031942248,3.6522584,0.08237241,9.28944,1.1491853,46.04039,6.387876e-05,11.031294,2.4886634,2.853909,78.202965,1.3843694,0.018790614,0.0021654607,0.21661903,2.0806541,0.013195689,0.07456894,0.010921607
1.2974269,0.00022064483,2.2983315,0.072380446,8.573471,0.7838269,41.24421,4.7855992e-05,10.520274,1.6958427,3.098927,51.864838,0.9583252,0.01517777,0.0011014414,0.13985533,1.0971664,0.010976667,0.08969849,0.010114522
1.3060721,0.00023559216,2.8973122,0.083211705,8.869712,0.9378573,40.99291,4.8406182e-05,10.188496,1.968953,3.4996083,64.27589,1.0730691,0.016520401,0.0015507314,0.17888138,1.4860586,0.01120089,0.08492789,0.010432807
1.3458124,0.00028218288,3.2609868,0.07501009,9.817283,1.1269761,52.98562,6.449022e-05,10.319975,2.3422554,2.8757107,66.15507,1.2954595,0.01720926,0.0019038002,0.19831222,1.7285727,0.012816211,0.08159693,0.012629357
1.296248,0.00033350312,4.3355417,0.083122164,9.183672,1.2178456,44.888416,6.6728324e-05,10.215268,3.1561043,2.9701734,88.500824,1.9955529,0.019001465,0.0023242894,0.23350026,2.4257772,0.012669945,0.075377636,0.011524534
1.2985194,0.0002871091,3.0253966,0.09821994,9.391684,0.98616993,43.90518,5.7561094e-05,9.779786,2.063866,3.209157,67.43237,1.1866261,0.019720927,0.0018503255,0.18691355,1.6598535,0.011669946,0.087880105,0.010659745
1.3195697,0.00032851653,4.046689,0.07355016,9.52651,1.1881752,48.22198,6.596618e-05,10.6309185,3.069077,2.8776236,81.740265,1.8975224,0.017579777,0.0023084895,0.22600438,2.2657177,0.013235344,0.07837712,0.011263057
1.374241,0.0003029528,3.9886286,0.061067816,10.289287,1.4130276,58.175907,6.934805e-05,10.427503,3.107702,3.0489087,79.75909,1.6806536,0.016223827,0.0018893579,0.21548037,1.8753419,0.013367847,0.08647811,0.012692868
1.2493486,0.0004061069,5.884721,0.081502765,9.000159,2.2101922,43.912354,7.371627e-05,11.970988,4.9510956,2.7303953,115.61566,2.8762093,0.02032084,0.0023452507,0.26066312,2.6902685,0.0124444915,0.09212182,0.013079669
1.201818,0.00040070934,7.958527,0.10462163,9.411734,2.8446097,42.197823,8.0463826e-05,17.615974,7.340038,3.141448,153.68227,4.725103,0.021956395,0.0032469577,0.26745388,4.232078,0.017061569,0.11056212,0.014062827
1.3063239,0.0002803553,3.2677128,0.06864968,9.518455,0.9837642,46.153862,5.5047447e-05,10.433034,2.1476827,3.3565211,74.26522,1.1960733,0.015819937,0.0013955656,0.17161399,1.5087229,0.011610671,0.08760337,0.010233966
1.3394796,0.00026637875,2.888794,0.065936804,9.086597,0.960037,45.014652,5.316404e-05,10.89704,2.04048,3.2970567,58.635685,1.1539844,0.0176337,0.0015662229,0.15199876,1.4812849,0.011586193,0.07720081,0.010459627
1.2521791,0.0003529303,5.82326,0.083601244,8.993805,2.108916,41.710365,6.582316e-05,11.4243555,5.075295,3.4522715,114.02248,3.0210757,0.020054234,0.0025960724,0.20208876,2.4399014,0.011795247,0.09136536,0.011086515
1.2450402,0.0003788293,6.8320117,0.0709959,8.559866,2.4877179,43.21004,7.2315495e-05,13.437594,6.3469853,3.1208136,133.29037,3.8739145,0.01845672,0.0030628275,0.22849154,2.9025912,0.0128816925,0.09956074,0.0124861505
1.2866594,0.00034994096,5.32854,0.080791265,9.3351145,1.9263474,48.870102,7.114905e-05,12.497569,4.1998076,3.036874,107.94936,2.331422,0.022506138,0.0020586003,0.21588,2.142326,0.014671748,0.10064779,0.014788397
1.276877,0.00030018893,4.076181,0.07709933,9.666344,1.4500918,42.933014,6.144692e-05,11.320311,3.275063,3.2060053,81.50696,1.9061295,0.019758858,0.0022651271,0.19023575,2.1044316,0.01117646,0.08362041,0.010011807
1.2852211,0.0002303097,3.2362282,0.0710764,9.095761,1.0218116,41.13895,5.3192638e-05,10.047845,2.423439,3.9427235,78.47875,1.2886688,0.016755125,0.0015892616,0.15936887,1.4058919,0.010667193,0.08503355,0.010137667
1.2366302,0.00035242323,4.806451,0.057922825,8.929481,1.6917758,44.67569,6.532048e-05,11.144258,3.9435046,3.1145954,97.94218,2.3103518,0.0169196,0.0021292556,0.19167382,2.1706417,0.012036093,0.08623893,0.010572235
1.2525928,0.00034873138,5.9073763,0.065602824,8.652943,2.0420961,43.45323,6.846959e-05,11.485233,5.149293,3.0547345,118.92241,3.1457644,0.01819812,0.0028442289,0.22025174,2.5872436,0.012158301,0.08928315,0.012495295
1.2539521,0.00027039842,3.1310477,0.08351682,8.303683,0.93514717,39.39017,5.4689423e-05,9.779199,2.1458745,3.2266366,64.40908,1.2711858,0.0159873,0.0014831807,0.16901301,1.5892483,0.009841527,0.082254805,0.009531719
1.2627671,0.00028366005,2.8836288,0.07827736,8.291604,0.6455843,42.0076,5.6426088e-05,10.869922,1.6912066,3.2731357,60.290424,1.1092517,0.017216247,0.0015896375,0.18350396,1.6135942,0.013049458,0.079070784,0.010342813
1.2114894,0.00039330727,7.3740396,0.07897522,8.122512,2.9845881,38.59264,7.724637e-05,14.902603,6.7371974,2.739767,146.18091,3.8370569,0.024709292,0.0030061912,0.257069,3.7988818,0.014126271,0.09375012,0.013023821
1.2112224,0.00043768747,9.853033,0.0949476,7.4822273,3.9510722,34.22464,7.6852084e-05,15.8947,9.162767,2.8718696,203.28917,4.6854835,0.025169903,0.0038415366,0.19502169,4.4163904,0.0154625485,0.10914182,0.014910384
1.2794577,0.00021117386,2.7941685,0.07288242,8.091711,0.9572105,37.581093,4.8915288e-05,10.694001,2.047573,3.663204,59.831184,1.1453202,0.01656521,0.0014337249,0.1424267,1.2646587,0.010969684,0.08535814,0.009889706
1.2786853,0.0002737994,4.0017724,0.08981028,7.4119625,1.1764469,33.531197,5.1848525e-05,10.507529,2.421592,3.206252,82.45199,1.2075794,0.02345108,0.0016745677,0.1551733,1.8230239,0.012443503,0.08488513,0.009933261
1.3978505,0.00028971594,2.7667427,0.11093858,7.9710994,0.9617641,38.97882,5.0204217e-05,9.844561,2.1005535,3.14037,59.5415,1.1040059,0.01630629,0.0013765438,0.15408446,1.2027726,0.010857351,0.089134485,0.009173707
1.1806694,0.00040016853,7.3852177,0.09059605,8.027272,2.9700668,34.113113,7.226863e-05,13.328794,7.444548,2.8823097,141.02913,4.4479594,0.022105081,0.003241635,0.21928374,3.6958063,0.011637512,0.08688005,0.011489457
1.2271888,0.00037845122,7.5936236,0.10028891,9.428866,2.7190177,39.927795,7.106248e-05,12.908238,7.2799654,2.8026216,149.98021,4.3784413,0.025016023,0.0033997304,0.25888115,3.4613795,0.011739685,0.09043846,0.012694751
1.3214158,0.00022835276,2.9921994,0.0741205,8.14082,0.93307185,37.388584,4.6559897e-05,9.27216,2.033167,3.2573216,65.45279,1.0126357,0.016502274,0.001375913,0.14538635,1.3036432,0.009757089,0.08110722,0.009204785
1.2534455,0.00043660746,9.349858,0.089223355,10.346953,3.4393008,45.377644,8.26708e-05,18.715157,8.71065,2.9681454,180.76607,4.798281,0.026262285,0.0034780824,0.26383626,4.1606665,0.016042639,0.09593249,0.013725219
1.2957793,0.00025322952,2.6574273,0.08941606,7.8304434,0.79279,35.920143,4.4845947e-05,10.168057,1.6380324,2.7616553,59.37138,0.85293186,0.019946616,0.0012959896,0.13044481,1.1798497,0.010627095,0.07709419,0.008404082
1.1636028,0.00030451568,5.49825,0.07147819,7.6936765,1.5782822,34.38853,6.00247e-05,11.429715,3.5329733,2.8750644,116.71128,1.7824165,0.021036616,0.0021712452,0.1801831,2.291356,0.012204262,0.07167335,0.010183283
1.1822207,0.00033087266,5.490916,0.0722648,8.275512,1.6146083,39.511314,6.292083e-05,12.264652,3.6026454,2.9887152,117.51842,1.8709458,0.021725329,0.0022404382,0.1889821,2.4273138,0.011833337,0.079442896,0.009987295
1.4371998,0.00016324493,2.1594565,0.05599579,8.301963,0.75747746,37.428783,4.153098e-05,9.674063,1.3909591,2.8858562,44.23475,0.6006592,0.01594482,0.0010837759,0.099659674,0.9818014,0.010540035,0.076104246,0.008979408
1.2443517,0.0002996638,3.854583,0.066331,9.022839,1.6525753,46.803432,6.574845e-05,9.895477,3.4291797,2.815127,79.30086,2.3902547,0.017054185,0.0019772446,0.21535897,1.831241,0.01184446,0.08487521,0.010819803
1.2092637,0.0004459683,9.251152,0.09787928,8.246724,3.6752257,40.219936,8.037846e-05,18.04608,9.526931,2.4746482,179.23984,5.1919184,0.029485248,0.004149952,0.26827812,4.7463036,0.016115163,0.11329425,0.014795778
1.208179,0.00043968504,8.747551,0.10332165,8.019537,3.8193612,38.964684,7.9483405e-05,15.318866,9.270484,2.8452692,172.95403,5.1101747,0.026261901,0.003842802,0.24902867,4.4236736,0.014605652,0.11908669,0.014671601
1.3518249,0.00020337533,2.144148,0.054060344,8.102399,0.6988374,36.420143,4.4841072e-05,9.581297,1.3053176,3.5360167,43.698513,0.6361658,0.01724907,0.0011440527,0.109762855,1.2708589,0.009959764,0.07003515,0.008193344
1.2037576,0.00035647288,4.511187,0.07253543,9.02951,1.3166506,40.87954,6.3616455e-05,11.405732,2.7283676,3.0024006,92.990715,1.4280967,0.020129617,0.0018867016,0.199345,1.8909076,0.011561865,0.087051086,0.010154792
1.1642313,0.00030209956,4.4972577,0.068981014,8.784051,1.4597894,41.831608,5.9338716e-05,11.546284,3.260487,2.852227,90.89562,1.814097,0.018925283,0.0020432142,0.17724934,2.0065327,0.012022516,0.086897306,0.010469105
1.1592885,0.0003679373,5.3046436,0.07888324,9.200996,1.7178162,39.145584,5.8865375e-05,13.776452,4.2327585,3.5186486,105.27238,2.4813592,0.020154184,0.0020528985,0.20071808,2.393159,0.013072191,0.08326997,0.009983288
1.2591671,0.0003024252,4.355958,0.060198784,9.135491,1.4820805,44.754948,5.93872e-05,12.068968,3.4092834,3.2911713,91.338806,1.8911186,0.018714871,0.0017421885,0.1800783,1.8764809,0.011746704,0.08256387,0.010125217
1.251296,0.00027148484,2.9119618,0.07253717,8.7215605,0.92476624,41.52969,5.2655945e-05,10.32796,2.0548418,3.6016717,61.19999,1.1890206,0.016643343,0.0013897413,0.1603127,1.4661047,0.01032896,0.07450594,0.008735425
1.2980827,0.00028304377,3.2904408,0.06221113,8.624754,0.9629734,41.34859,5.811386e-05,10.024236,2.2391794,3.077042,69.08416,1.3077699,0.019536782,0.0016864855,0.17460155,1.7901258,0.010920776,0.0771443,0.009973692
1.4272865,0.0002436623,3.0813708,0.059974648,10.413373,0.92644495,53.47154,5.7337907e-05,11.177166,1.9766529,3.5599644,63.26444,1.1257668,0.018141488,0.0016545667,0.15447803,1.7160583,0.012027783,0.08738301,0.011639097
1.3257622,0.00023794966,2.9303327,0.059983194,9.275033,0.87472016,43.25404,5.233839e-05,11.019116,1.9971898,3.7517219,60.394333,1.1180428,0.018212436,0.001521878,0.14693926,1.5859069,0.0102644535,0.07315586,0.010386609
1.1491305,0.00013980738,1.0511674,0.047789667,7.614422,0.6128467,34.508026,2.6550591e-05,11.38476,0.7507843,0.63441306,34.865597,0.13615341,0.013117384,0.0002224615,0.061455924,0.4447849,0.010806204,0.091120616,0.009816869
1.1771996,0.00010701859,1.1179137,0.046115562,7.8330936,0.5982847,28.825289,2.8180324e-05,11.362131,0.6176865,0.8577342,28.625729,0.15812624,0.012581102,0.00041444242,0.066444956,0.45611408,0.013310178,0.095434636,0.0110391015
1.1988842,0.0001933318,2.063851,0.045457657,7.524837,0.78481674,33.69882,3.4973753e-05,10.61327,1.1918449,1.056807,51.11916,0.39958212,0.01256475,0.00061356934,0.100392394,0.86181706,0.011385708,0.101772174,0.010723855
1.1719991,9.677473e-05,1.0793076,0.04492751,6.786037,0.6272382,29.045912,2.293656e-05,11.417934,0.6789861,0.98588043,28.200266,0.21467078,0.010018569,0.00040904307,0.06278024,0.5794304,0.013329045,0.074202485,0.00884198
1.1714671,0.00010324314,0.967082,0.04763443,7.959128,0.5665384,30.588898,2.7277883e-05,10.80072,0.49922624,0.8635929,29.27426,0.08511449,0.013862242,0.00032907518,0.056769356,0.33651918,0.013051947,0.09427082,0.011180718
1.2454922,0.00011219905,0.9998242,0.05161029,7.671179,0.53008896,31.1132,2.8949244e-05,10.359311,0.56624556,0.82987756,27.75082,0.13486578,0.012254275,0.00032055797,0.0760112,0.43675643,0.0120158065,0.086471364,0.010238238
1.2903925,0.00013602457,0.8802735,0.048139647,6.9073896,0.4767047,33.545147,2.668024e-05,10.226354,0.49761623,0.39331302,31.344141,0.096763186,0.0129562635,0.00025419192,0.060371023,0.48471338,0.0098727755,0.06624923,0.008045068
1.2118369,0.00020188368,1.4407705,0.0533004,7.856078,0.71811396,33.77642,3.8589023e-05,13.002774,1.0602081,1.2264973,47.220665,0.33186635,0.01445465,0.00054895005,0.08228072,0.8277467,0.011765979,0.08170998,0.008647979
1.2122804,0.000108288696,0.8073794,0.03906842,8.272373,0.54551953,39.83336,2.4894469e-05,9.789962,0.6343697,0.6257295,33.728104,0.06344532,0.011949637,3.2948104e-05,0.06490271,0.38660663,0.010226301,0.07603051,0.009274297
1.3697064,0.00022751711,2.362981,0.07159494,10.119391,1.1919466,45.35401,5.0879353e-05,14.183928,2.022845,2.6819966,48.878025,0.9542744,0.015495465,0.0012756962,0.14372596,1.35357,0.013283815,0.08521884,0.012154061
1.4027357,0.00014516809,1.4610168,0.05078181,8.229775,0.69025093,43.012028,3.1831325e-05,10.814129,0.91174525,0.7682944,51.759735,0.21916741,0.012281457,0.00040891554,0.1143638,0.7821287,0.012136307,0.09209562,0.01013388
1.3640432,0.00020077034,1.432898,0.07685621,11.072518,0.9609675,45.261475,4.2985444e-05,15.371393,1.4799953,2.4112902,49.348503,0.6354165,0.017015118,0.0009026652,0.09582142,0.8545255,0.011031071,0.078477204,0.010231165
1.2236326,0.00013663428,1.1253326,0.050425842,7.8238673,0.6925719,36.628757,2.9949135e-05,11.169222,0.86040616,0.22884244,41.30313,0.17934775,0.011551584,0.00031522126,0.083157815,0.4982443,0.011311101,0.096369706,0.010197499
1.323439,0.00019022045,2.4058979,0.05744735,8.461254,1.1067165,37.97549,4.281656e-05,15.735772,1.8887475,3.2640674,46.9497,0.65828806,0.01035434,0.0006650745,0.1519063,0.9229106,0.011917203,0.11449047,0.009612112
1.2637411,0.00015980157,1.1803708,0.055502046,7.264688,0.5433174,33.376926,2.960384e-05,12.870457,0.5963686,0.24243629,32.992443,0.14764157,0.014138613,0.00015177955,0.06522234,0.46601105,0.013434362,0.08079294,0.008866006
1.3669313,0.00017918574,1.2489178,0.05840449,7.362981,0.58033633,37.105095,3.9526964e-05,11.630691,0.80248755,0.6391927,36.446392,0.21385087,0.012222584,0.0003199966,0.1061158,0.74003845,0.012816673,0.08748973,0.010217683
1.3054789,0.00016919257,0.94827104,0.06580392,7.1093082,0.49424645,35.762268,3.398331e-05,11.34921,0.5734951,0.3953868,34.587643,0.0896119,0.013571984,7.1790375e-05,0.079148084,0.5399582,0.010200667,0.08478225,0.008565637
1.3104546,0.00015151555,1.3452041,0.053317424,8.162233,0.6747341,40.989548,3.0954165e-05,11.454348,0.8080267,0.29321936,46.24498,0.21967569,0.012417744,0.00044813968,0.08647082,0.63699305,0.0113413865,0.09690314,0.009640435
1.2787187,0.00012913239,1.128085,0.05480018,8.142387,0.5743084,38.60603,2.9046096e-05,11.153552,0.7328816,0.33019608,36.812714,0.18970847,0.012030442,0.00030120913,0.07699813,0.5276619,0.010832869,0.08493583,0.009861105
1.3208766,0.00020042722,1.7452165,0.054201335,9.066904,0.9398578,46.38075,4.093084e-05,13.015797,1.7957454,4.618342,47.51974,0.66521597,0.012823096,0.0009420423,0.13918997,0.94349515,0.010040653,0.08602462,0.011190413
1.3586092,0.00022527369,2.1190248,0.062251765,9.1456,1.0363351,41.95252,4.4711047e-05,12.977621,1.9595258,5.744475,48.147194,0.71489036,0.013188024,0.00096162787,0.15653157,0.89963096,0.010804325,0.101254866,0.0119121345
1.3448393,0.0001770705,2.0038762,0.06618434,8.662395,0.99023086,40.591297,4.3219523e-05,12.54803,1.4753625,3.33097,42.888145,0.46436343,0.013329508,0.0007756396,0.14334816,0.8505002,0.009383027,0.11195271,0.00998878
1.3349352,0.00024307304,1.5325598,0.059585877,10.942383,0.92510545,49.484467,4.254845e-05,12.251562,1.8296632,5.2078414,44.0723,0.70189095,0.011904236,0.0010619871,0.124963544,0.8501155,0.0077615213,0.08276408,0.010313161
0.9837898,0.00017637262,1.7658516,0.061298892,8.363641,0.95449704,28.754309,3.662887e-05,17.20877,1.3592043,0.8784604,32.875053,0.63122934,0.013110402,0.0009272793,0.08401352,0.7928727,0.009696826,0.098928094,0.008749016
1.3618519,0.00023140003,2.4118414,0.06471386,9.529692,1.1529703,44.233913,4.4897137e-05,13.556144,2.2258925,4.4118295,54.05015,0.80264515,0.0147511335,0.0011877014,0.15260266,1.0070671,0.010141619,0.094188,0.0114179235
1.3316895,0.00013348521,1.4062645,0.0636991,8.657067,0.6353893,31.957666,3.4052686e-05,13.21658,0.7510615,0.7570841,35.74969,0.33871046,0.014506734,0.00065753836,0.086910725,0.76069266,0.011119552,0.08767897,0.0093573965
1.1804107,0.00015518026,1.5718296,0.046242334,8.506968,0.79757106,32.24061,3.350768e-05,13.565464,0.90102684,0.8367461,39.469578,0.34777218,0.012665765,0.0004845526,0.08572153,0.653621,0.010260111,0.10142175,0.008634428
1.2137263,0.00016505418,1.5875313,0.0542977,8.119638,0.81329656,28.122074,3.7072026e-05,12.0426,1.0233202,0.6044009,37.355595,0.42659023,0.013332755,0.00078905985,0.08607548,0.7870055,0.011430536,0.093639515,0.009042123
1.3878179,0.00018222243,2.1839032,0.07319268,7.3078384,1.0394762,38.53005,4.0439365e-05,15.853793,1.852056,4.6753545,51.78503,0.5834386,0.013469231,0.0009734245,0.142326,0.85477746,0.013991274,0.11535104,0.013194358
1.1988126,0.00020018725,1.5409998,0.062740244,9.317218,0.94530994,38.297535,4.049905e-05,10.753097,1.3525463,1.4502134,36.59504,0.5537819,0.014743172,0.00077683374,0.12084895,0.71399176,0.011673941,0.10446364,0.010831227
1.4245529,0.00018510746,1.5872672,0.06295807,9.63277,0.9076481,45.047424,4.0663937e-05,13.473092,1.444861,4.7079353,49.94322,0.3887433,0.014283745,0.0006223118,0.12678044,0.61599624,0.010759428,0.12079432,0.012116679
1.2099969,0.00011557485,1.1649506,0.042609803,7.7607946,0.61643964,34.616016,2.6752965e-05,11.190048,0.7099283,1.0636483,40.391117,0.118668735,0.0108134225,9.388162e-05,0.091589436,0.49611866,0.0104559185,0.09531331,0.00990696
1.0380774,0.00015580401,1.4881455,0.051995393,8.535274,0.8452064,31.019445,3.6769132e-05,12.642285,1.0624006,0.55686355,34.170856,0.47185364,0.011979052,0.0006764428,0.0801115,0.6607466,0.010412835,0.106309175,0.008927325
1.2749872,0.00012811676,1.3511038,0.04193464,7.326617,0.64198965,34.720757,2.72732e-05,11.43181,0.7395842,0.94806755,41.807446,0.12757596,0.0105353305,0.00011532697,0.092171915,0.5518297,0.010952621,0.09798851,0.010407175
1.3510754,0.00020995722,2.5291367,0.06706941,9.228979,1.2483352,42.015682,4.175364e-05,14.560667,2.3445718,4.037851,54.385494,0.758197,0.014386155,0.0007788011,0.13360426,0.8088097,0.011045183,0.103343405,0.011995702
1.2102822,8.668647e-05,0.92060053,0.049753685,8.329242,0.54777837,31.627567,2.6894244e-05,10.451994,0.5415182,0.98421466,25.353935,0.16094258,0.011978532,0.00051000604,0.061195683,0.38065895,0.0130979605,0.09045966,0.011560024
1.3605411,0.0001745378,2.210325,0.06471679,7.8211083,1.0381545,35.96006,4.2617234e-05,14.944274,1.8832206,4.7327847,43.50243,0.6300808,0.01194246,0.0006532053,0.1602826,0.85902035,0.0155286575,0.12593158,0.014854424
1.2702371,0.00018897624,1.4904574,0.068813965,9.60689,0.9289257,38.46791,4.2496442e-05,14.513968,1.3640481,1.020225,38.572426,0.6021257,0.014470808,0.0010438063,0.07903653,0.76654786,0.0110859405,0.08133488,0.0090820305
1.4051776,0.00016411071,1.6947033,0.055816945,10.148511,0.99680495,47.427197,3.97459e-05,14.666225,2.0140889,5.98787,40.68813,0.6563079,0.011815062,0.00074671325,0.12684865,0.68196714,0.013280209,0.11019473,0.016458148
1.3954073,0.00015931985,1.9468571,0.05092684,9.369368,0.99314994,43.60946,4.3409254e-05,13.376637,1.9402336,6.0660844,41.024914,0.6381989,0.011577944,0.0006359356,0.1485097,0.7740086,0.014034699,0.114767045,0.0155479815
1.4381522,0.00017627387,2.0248094,0.05272098,11.191731,1.0717142,48.18204,4.0684496e-05,16.83186,2.2828567,6.0449066,45.967785,0.820791,0.013503545,0.000745507,0.14897253,0.77429795,0.012669032,0.11200237,0.015445036
1.4322975,0.00026376924,2.7705169,0.092124335,10.699611,1.0603997,42.392883,5.338342e-05,17.196857,1.5696303,2.1085827,49.667747,0.7473375,0.01993172,0.0011109052,0.16961432,1.4324955,0.010933254,0.08014883,0.009189886
1.3730137,0.00013705771,1.3166094,0.040446527,9.661574,0.73390347,45.602547,3.6338224e-05,10.706222,1.154893,1.8751643,41.617893,0.32561073,0.01468805,0.00050692284,0.11192149,0.9775072,0.010550031,0.07605756,0.009834759
1.5086353,0.0002373281,1.6844304,0.07179382,10.846665,0.9320507,39.889187,4.6062047e-05,14.312535,1.3723525,2.5748308,32.36002,0.620893,0.0139225945,0.000915671,0.106661834,0.98476344,0.009889825,0.08645009,0.008035829
1.2493913,0.00014669103,0.89994687,0.056162357,9.287216,0.6290926,41.330902,3.1601336e-05,11.463368,0.89140403,1.2407438,47.99859,0.2722511,0.014878145,0.00041141952,0.0559539,0.5521692,0.008928226,0.071042515,0.007151184
1.1872262,0.0001947213,1.8337,0.06749212,8.871695,0.96452355,37.473038,4.108009e-05,15.142906,1.5005819,1.5581868,43.644062,0.5441774,0.014993888,0.00079590175,0.09738334,0.7878689,0.01090246,0.088863544,0.009112804
1.3006554,0.00018916458,1.7906933,0.060673635,9.055728,0.7310409,33.67751,3.9131897e-05,12.212657,1.1452867,2.0373018,41.11316,0.41245347,0.015900517,0.0006001176,0.120178856,0.90098804,0.011472362,0.0960541,0.0102067785
1.291123,0.0001673385,3.103867,0.047377434,6.86773,0.9977481,25.695951,4.314739e-05,11.196875,1.6210754,1.8846644,61.293232,0.50518405,0.016819445,0.0009990318,0.15386193,1.4771367,0.017884493,0.098863035,0.011928107
1.2829567,0.00011518946,1.0445555,0.038625203,7.7678742,0.65521795,37.91514,3.3053984e-05,11.875939,0.7970084,2.0034268,38.38172,0.1410406,0.01137739,0.00020892874,0.093603976,0.5335938,0.008610357,0.07908646,0.008960367
1.2581896,0.00016392497,1.3795904,0.054061525,8.694562,0.7425891,41.008057,3.902573e-05,14.441799,1.1771394,1.5154833,40.841015,0.36104026,0.014512054,0.0003652939,0.117646925,0.7633145,0.0116971545,0.08003504,0.010349324
1.4140866,0.00020704608,1.1282156,0.088807024,11.397279,0.76091075,49.83928,3.920681e-05,13.61087,1.1155252,2.1714277,42.83413,0.3803978,0.016356384,0.0008278535,0.085183434,0.70083606,0.011578436,0.08351003,0.010725674
1.3151965,0.00014239963,1.0589887,0.04790005,8.770184,0.7065087,39.05739,3.7535166e-05,12.889077,0.9693752,1.93649,36.83832,0.28676382,0.013966078,0.00047526413,0.07832222,0.6005194,0.00918547,0.08481969,0.009644377
1.1426096,0.00023508466,1.7036512,0.06613689,8.7956,0.8903318,43.430634,4.0910905e-05,11.023985,1.6582928,1.7998863,46.1726,0.5577201,0.015636975,0.00066001015,0.09695122,1.1235969,0.010683354,0.08204824,0.007876577
1.3262014,0.00015583544,1.5525382,0.053255778,8.814051,0.7497124,35.949203,3.8120008e-05,12.948648,1.1214935,1.6405096,46.88296,0.3621782,0.01383338,0.0005256843,0.1196258,1.0474161,0.013567265,0.09155237,0.008419199
1.5757592,0.00014336349,1.70251,0.05302316,8.567277,0.9648415,40.078136,3.9249142e-05,10.412618,1.2572448,3.43007,41.378513,0.34784615,0.015808806,0.00053668604,0.12923823,0.57336515,0.010267073,0.08868,0.011733887
1.2990315,0.0001369436,2.115524,0.047809217,8.367239,1.310883,41.270565,3.6523077e-05,12.132554,1.8907666,3.6333427,39.87532,0.60275406,0.010257584,0.00061198283,0.1427124,0.74835414,0.0119082015,0.11970876,0.011912712
1.3166614,0.0001933114,1.5182332,0.059843197,9.732132,0.8798039,37.090813,3.881538e-05,9.928198,1.2060453,2.3885913,43.91683,0.47129565,0.018024107,0.00088575366,0.08768497,0.66428345,0.009896198,0.11524626,0.012971896
1.2397475,0.0001958864,2.094027,0.056536667,10.389029,1.2445323,41.201473,4.1243457e-05,17.944622,2.0542252,3.4157965,34.2977,0.7541366,0.014676466,0.0009051384,0.12206531,0.84058833,0.01025494,0.095827915,0.011093669
1.1630422,0.00015375092,1.5007106,0.036907453,10.54376,1.2336758,45.57285,3.7901253e-05,12.082054,2.0855758,2.745039,45.948483,0.608313,0.011365237,0.0006292253,0.08745097,0.59233963,0.010447791,0.12069336,0.0104242135
1.1183563,0.00016794514,1.45755,0.054985903,9.967576,1.0455949,42.18527,3.7679332e-05,13.828259,1.7485939,2.4255326,47.4317,0.5357781,0.012671682,0.0006066158,0.08257268,0.6689667,0.010486492,0.10551736,0.01064812
1.3385725,0.00013900301,2.409104,0.06203681,8.479199,1.3830845,43.513153,4.222391e-05,10.863482,1.8463942,4.207844,48.46805,0.5181567,0.0137226945,0.0007487433,0.1591435,0.7899696,0.012995316,0.13525388,0.013987388
1.3377674,0.00020056272,2.1393514,0.060407374,8.811221,1.1425362,38.440464,3.7324393e-05,12.512946,2.0390477,4.56826,41.239494,0.82857424,0.012472619,0.0007931911,0.12567304,0.9858431,0.015692467,0.10428833,0.012308575
1.3083324,0.00015368174,1.4873265,0.04966867,10.329309,0.6744161,43.73564,3.066118e-05,10.196557,0.7926365,1.3051351,50.05035,0.17866115,0.011973751,0.0005006758,0.10542135,0.5473146,0.010195667,0.13883789,0.011918677
1.236919,0.00020341342,2.342053,0.05177854,8.373032,0.94051445,40.227516,4.4340275e-05,13.025424,1.740092,2.2714903,51.87787,0.6197673,0.012639096,0.00088587473,0.13548085,1.1934831,0.015140664,0.10819514,0.01126527
1.175056,0.00017658254,2.391178,0.058463503,7.250047,1.3616867,33.65432,3.92129e-05,13.661254,2.3476534,4.1240144,39.719284,0.8228857,0.012206387,0.0010047535,0.10944106,0.9749066,0.011697279,0.1094362,0.01072245
1.4446683,0.00014393235,2.1007493,0.034923684,8.870619,1.0724455,49.799385,4.5752226e-05,15.1896715,2.0111918,2.648045,53.13597,0.46067378,0.010527657,0.00057946885,0.15138124,1.0634156,0.018114585,0.109477155,0.013288353
1.19442,0.00035562253,4.625145,0.09258371,6.5893073,1.5392141,34.806187,6.3594736e-05,10.534405,3.9475555,3.1774669,86.63738,2.091372,0.018952427,0.002800786,0.18429187,2.3602848,0.012282169,0.073573425,0.011366023
1.2194855,0.00020456781,4.2862053,0.05484584,6.9988194,1.5219021,38.229374,5.114619e-05,12.386062,3.9136846,3.341716,76.83679,2.2296937,0.0117865335,0.002563098,0.18792714,2.581646,0.008954839,0.059997823,0.007319711
1.3838576,0.0003250926,4.444014,0.085333355,9.757303,1.4804199,54.827976,6.5277454e-05,12.122811,3.2943769,2.7110515,89.879456,1.6493165,0.020052498,0.0016098913,0.22165935,2.4212174,0.015263985,0.089998834,0.011855165
1.3693511,0.0002846863,3.901504,0.11295606,7.2835674,1.160451,39.84397,5.7850662e-05,10.756536,2.1021895,2.8872917,80.93825,1.0537859,0.020030512,0.0013985242,0.18596187,1.6508012,0.012497897,0.0900345,0.011408364
1.1659403,0.0003234607,3.7640848,0.084305845,6.3824553,1.4253352,32.907093,5.049719e-05,8.941321,3.5203295,3.1803586,75.336914,1.610136,0.01903429,0.0021534406,0.13788007,2.0924737,0.010216935,0.05652679,0.00881812
1.2228155,0.0003944393,5.1997485,0.05934194,9.030844,1.6458799,48.46353,7.7510515e-05,9.170528,3.9204047,3.012016,100.01921,2.1178055,0.015957804,0.002189644,0.25001365,2.425196,0.009599216,0.05976934,0.010534377
1.21899,0.00034715026,4.150767,0.10897638,6.9974976,1.665708,36.415436,6.032094e-05,10.216924,3.6749449,2.975018,84.969536,1.4598404,0.023370827,0.0020212866,0.1831982,1.8870698,0.0109011205,0.08091879,0.009419189
1.2852157,0.00032942585,4.2825894,0.06244278,9.223318,1.4400301,45.26817,6.3184125e-05,12.066495,3.4475017,2.9922807,72.91229,1.5768424,0.01756677,0.00216061,0.21949922,2.3522167,0.01185387,0.07622425,0.010783757
1.2703155,0.00029740864,4.1194987,0.09040723,8.444884,1.2488993,45.2249,6.466844e-05,12.270205,2.4202082,2.7018127,87.40983,1.312024,0.019237442,0.0019483818,0.2068121,1.8346944,0.011929279,0.09612015,0.010275395
1.310664,0.00033292637,4.4089246,0.0618369,10.354037,1.7085062,58.74174,7.7573204e-05,10.6519165,3.960894,3.2351282,80.02587,2.0227954,0.01321353,0.002039529,0.22896631,1.9207705,0.0121677695,0.089508876,0.012831197
1.2460675,0.00033241464,3.4014127,0.07635202,7.7163706,1.4657845,39.17234,6.103524e-05,10.516271,3.6079319,3.436973,57.71606,1.5278533,0.01875887,0.0023902352,0.18150285,1.9219313,0.010218898,0.07811215,0.009425054
1.2095516,0.0003474164,4.7541084,0.073937714,7.2844005,1.7775797,37.28413,6.7289955e-05,12.292558,3.4759138,2.7187033,95.91455,1.5006164,0.024386732,0.0022054731,0.19589752,2.6416848,0.010383588,0.08393652,0.008263565
1.1958721,0.00040877692,8.000949,0.092872545,9.435874,2.822929,38.143658,7.785967e-05,16.267649,6.8617897,2.9273767,155.91742,4.0618615,0.02307299,0.0032413842,0.22342749,3.7694092,0.015335466,0.101130165,0.013896261
1.1995611,0.0003939967,7.441297,0.088786416,9.154683,2.609512,37.490406,7.535025e-05,14.735226,6.3936567,2.892625,149.92027,3.6270053,0.02317684,0.0031430854,0.21579486,3.3490245,0.014081094,0.09562264,0.012850543
1.263554,0.00030729422,3.646616,0.07224983,9.05718,1.2752323,43.433807,6.0031096e-05,10.087772,3.0715795,3.4578896,71.645355,1.6433408,0.019783715,0.002086562,0.16550782,2.0478985,0.009183053,0.066482686,0.009306046
1.2744101,0.00029343145,3.366672,0.08101226,8.640267,1.234698,41.87279,5.527569e-05,10.521349,2.5713186,3.500505,70.43766,1.3627496,0.019870108,0.0018884967,0.14217243,2.039281,0.009015315,0.05972578,0.007879095
1.1998932,0.00037295168,7.257262,0.08453762,8.58745,2.8599195,37.36666,6.688024e-05,13.665234,6.7153473,3.3049324,144.16278,3.5134025,0.022713067,0.003278973,0.17004223,3.109628,0.01283967,0.08557574,0.011451536
1.1966827,0.00037354766,6.65628,0.08891572,7.385241,2.337256,33.42067,6.633362e-05,13.553985,5.4736886,3.1985276,143.26233,3.07415,0.02241231,0.0029434667,0.18556407,3.1926978,0.014044562,0.08445841,0.0121210385
1.2034713,0.00037382613,6.4490376,0.07863477,8.731765,2.3545597,37.38024,6.476185e-05,12.2945,5.1990542,3.010942,151.02841,2.745296,0.023257982,0.002488199,0.19415943,2.517137,0.012739812,0.08952968,0.012014024
1.1961962,0.00045529078,8.831977,0.09978913,8.990816,3.1514719,46.12558,8.403426e-05,17.834133,6.9183874,3.103886,166.35094,3.9467807,0.023736281,0.0029633401,0.26573664,4.359925,0.020205343,0.14152065,0.016939254
1.3041201,0.00022666458,2.343688,0.07792653,8.111101,0.821355,39.904453,4.544955e-05,9.866354,1.6393033,3.3326566,48.96434,0.7605069,0.016148122,0.0013523783,0.1398546,1.1400541,0.009989724,0.07829685,0.009335193
1.3566432,0.00024673346,2.8472507,0.09515764,8.419302,0.9023357,38.457138,5.1753927e-05,10.332129,1.8090082,3.1986508,62.633965,0.9057186,0.017817933,0.0014605748,0.15425643,1.3786993,0.010918114,0.08055299,0.010096463
1.2686012,0.00022032192,2.7756195,0.07250301,8.604177,0.95559514,38.24735,4.511742e-05,10.653046,1.9857312,3.684717,57.498898,0.9708841,0.014988382,0.0013462113,0.15492167,1.2817729,0.010616254,0.08677726,0.0102746105
1.3119091,0.00021944597,2.6324358,0.07085313,8.946433,0.8862945,42.428444,4.8397378e-05,9.988505,1.7078815,3.3856804,57.66954,0.839443,0.016305886,0.0014079781,0.1479431,1.2398041,0.010558111,0.08360325,0.010387512
1.3105088,0.00024153951,2.1040437,0.08228852,8.362782,0.83499986,41.885937,4.718035e-05,9.666801,1.6756375,3.1719673,46.565872,0.82672834,0.016129775,0.0013066267,0.13531739,1.1090796,0.0102561,0.08393005,0.009229249
1.2844856,0.00022033561,2.7510912,0.085359596,8.481154,0.9775366,39.67016,4.6545018e-05,10.553032,2.055065,3.4262002,60.35265,1.0920374,0.014746487,0.0011986365,0.17071305,1.3341053,0.01148141,0.09053341,0.010326907
1.3163859,0.0001976234,2.3161573,0.07276114,8.802811,0.8728035,42.082035,4.719291e-05,9.935163,1.6978288,3.0003364,54.052467,0.89620376,0.014688556,0.0013119109,0.1421986,1.0664747,0.010405046,0.09096887,0.010159531
1.3452104,0.00023274207,2.844879,0.07445766,8.272908,0.7891322,38.34763,4.8416536e-05,10.58881,1.6587056,3.5169165,60.282352,0.87074363,0.016851317,0.001287147,0.13962674,1.3297166,0.011170037,0.08333864,0.009506143
1.3468645,0.00033827935,4.737953,0.06453729,8.940748,1.5302675,48.571304,6.912292e-05,12.1006565,3.211929,2.878924,100.00474,1.9198492,0.020078441,0.0017838691,0.20374389,2.1497953,0.013241452,0.09167093,0.011828146
1.3302702,0.0003354347,5.2796173,0.073409505,8.579474,1.6346008,41.56144,7.244919e-05,10.550596,3.8397436,3.305928,107.16639,2.2004616,0.020887021,0.00211336,0.23109949,2.2852802,0.012727701,0.09369092,0.013504319
1.3290898,0.00031260125,4.429256,0.06420019,8.946808,1.4006988,45.238052,6.7311266e-05,10.629283,2.989671,2.8693986,93.04143,1.5924137,0.02072241,0.001992186,0.21464865,2.3123455,0.012279832,0.080423266,0.011281426
1.2902917,0.0002314355,2.913355,0.067342296,9.106214,0.99750805,44.88751,5.0712046e-05,9.716262,1.9457676,3.0813844,64.01267,0.9876652,0.016373042,0.0016106088,0.15982343,1.3567005,0.010088464,0.08409977,0.010595043
1.2648214,0.00030921365,3.3939683,0.07283062,9.118957,1.1591669,42.551544,5.6216504e-05,10.01542,2.5577173,3.0108097,67.81135,1.5662582,0.0152977435,0.0015909729,0.1706032,1.6250179,0.008909101,0.08647274,0.008796993
1.3718733,0.00030061774,3.936804,0.0608273,10.258005,1.396386,57.87609,6.8885565e-05,10.413232,3.078438,3.0707164,78.652794,1.665787,0.016229706,0.0018953584,0.21479799,1.8542256,0.013189033,0.08675911,0.012619289
1.2573711,0.00036692977,7.328544,0.08553149,9.653654,2.5318677,42.304058,7.857027e-05,15.211248,6.2822843,3.1689825,133.62231,3.6676116,0.019146591,0.0031394775,0.28418523,3.8751106,0.014758384,0.08954399,0.013017238
1.2879591,0.00033283824,4.164142,0.08024931,9.088706,1.1651961,44.543346,6.4365246e-05,10.253902,3.0079947,3.0208056,83.32131,1.8379772,0.01897008,0.0022809983,0.22871895,2.2892337,0.012640986,0.075607345,0.011310855
1.2827617,0.00030430302,3.7052608,0.091398604,8.399533,1.1531796,40.51379,5.9326456e-05,10.846331,2.4373028,3.43482,86.5596,1.3576683,0.019041574,0.0019548608,0.21962559,1.8203892,0.014104651,0.0886638,0.011416727
1.365505,0.00032566354,3.8979123,0.06719473,9.06492,1.246017,46.024197,6.570641e-05,10.793268,2.871733,3.3262784,83.20838,1.7079237,0.016629731,0.001970687,0.23083672,2.151877,0.012465641,0.08154177,0.011012304
1.2433714,0.00038734116,7.34122,0.07843162,9.89072,2.3925014,44.32921,7.457656e-05,14.571312,5.379268,2.9809806,153.20076,3.1349666,0.018550314,0.00289184,0.23553444,3.0398335,0.0139658945,0.09591435,0.012972527
1.215094,0.0003385117,4.308103,0.0910887,9.184303,1.7096995,41.53407,7.002415e-05,11.728803,3.7353432,2.5769224,75.65695,2.01449,0.0215923,0.0022415638,0.24217957,2.045969,0.013126701,0.10677286,0.013132512
1.226266,0.0003426025,4.242994,0.08706765,9.286855,1.6726627,40.620556,6.94854e-05,12.129028,3.4075751,2.849828,77.80683,1.8438276,0.019508123,0.0018334072,0.2324632,2.3289778,0.014205161,0.09016585,0.01193524
1.2885381,0.00029349647,3.9163826,0.080009624,8.082345,1.2555752,41.969643,5.7548357e-05,11.042869,2.6140983,3.359652,98.02142,1.4039103,0.015702447,0.0017447408,0.19447513,1.6160843,0.012270406,0.08829655,0.011007715
1.273498,0.00025350007,3.7709074,0.06717927,8.791308,1.0113529,42.703217,5.3370823e-05,9.920003,2.1706846,3.19436,97.90586,1.1954157,0.01628635,0.0015635568,0.16242802,1.6108241,0.010535234,0.084339276,0.009902905
1.3048797,0.0002796671,3.2764785,0.06886066,9.477176,0.9869625,45.91651,5.4915836e-05,10.40292,2.1615624,3.3698251,74.66295,1.2021316,0.015837194,0.0014015352,0.17174159,1.5031111,0.011586235,0.08778113,0.010237158
1.2306312,0.00027989518,3.2671344,0.07442857,8.456012,1.0183852,38.991,5.7534624e-05,9.755864,2.2674656,2.9159813,66.37113,1.3011848,0.018091686,0.0017016216,0.16014557,1.6251255,0.009963047,0.07728229,0.009959258
1.2510037,0.0002637593,3.397787,0.07959902,8.344058,1.224715,39.583008,5.434933e-05,10.611101,2.688098,3.5185711,72.97218,1.4607059,0.019237043,0.001724335,0.16296841,1.5568471,0.011459503,0.09418159,0.010644632
1.2513696,0.00033310373,4.0184035,0.06275918,9.102253,1.389343,46.372147,6.546596e-05,11.209178,3.1613696,3.069421,84.83382,1.8874795,0.01607721,0.0018891487,0.18584774,1.9549962,0.010854216,0.089295,0.010508302
1.3135765,0.00028567752,3.8572426,0.08469201,8.466597,1.2013063,37.480232,6.38295e-05,10.54292,2.4593391,2.8406818,77.5411,1.5571401,0.02144163,0.0016897557,0.19212866,1.9778712,0.011858033,0.08928239,0.011428562
1.2558409,0.0005453968,9.711039,0.11376217,9.939588,3.3352597,39.129826,9.23339e-05,19.555584,8.318513,3.0949733,198.7385,5.064856,0.031051027,0.004126426,0.2686255,4.8192296,0.015919961,0.09362567,0.013957191
1.2567875,0.0005046303,8.948503,0.11457381,7.9152865,2.979677,37.764286,7.679355e-05,18.166143,7.2270203,2.851572,189.3011,3.9955776,0.02977295,0.003474437,0.24974802,4.6589184,0.01817616,0.10300208,0.014279923
1.3423679,0.00029882626,3.5355966,0.10642363,7.8194666,1.2205666,39.24672,5.251453e-05,10.867212,2.729328,3.1341476,77.78706,1.4274322,0.018223831,0.0012657362,0.17239875,1.4324999,0.011127072,0.10158526,0.009905075
1.2126697,0.00045071793,7.9182982,0.10063363,7.6743326,3.0044074,35.611626,7.252779e-05,13.569054,6.949183,3.1471286,157.75249,4.0428762,0.02736069,0.003656155,0.23418428,3.9066222,0.013507897,0.0873368,0.012368412
1.3314682,0.00026508592,2.922456,0.080783665,7.4798794,0.84927624,39.389336,5.306345e-05,10.031652,1.9483632,3.7083004,68.61997,1.0199591,0.015254454,0.0011171929,0.16061276,1.3610212,0.011758373,0.0935647,0.010069993
1.3200102,0.0003101136,3.5848143,0.08331557,7.9079804,0.9698697,40.23095,5.5642966e-05,10.77175,2.1134884,3.5785356,89.94273,1.0941435,0.01629194,0.0012362457,0.18301061,1.5873568,0.0132206185,0.10006173,0.009774494
1.2251822,0.0003776132,7.640768,0.10044957,9.438474,2.7413156,39.781525,7.12413e-05,13.115595,7.348056,2.8095174,150.17628,4.41774,0.024870746,0.0034105289,0.26151532,3.4751365,0.011892533,0.091869354,0.012988147
1.1914707,0.00038273807,7.7773385,0.077624455,8.41627,3.1262643,40.355022,6.972579e-05,13.501055,7.9404974,2.980868,163.01901,4.20185,0.025094641,0.0031464712,0.23136991,3.067546,0.01360811,0.08683051,0.011928251
1.2928605,0.00024841144,2.638356,0.08765198,7.7696104,0.78603035,35.86331,4.4365755e-05,10.212511,1.6262039,2.7837737,58.921207,0.85176396,0.01962603,0.0012816289,0.12811668,1.1655641,0.010449714,0.07658084,0.008266638
1.2344875,0.0004940686,8.967264,0.1197791,10.643124,3.306249,42.54856,9.260248e-05,18.767288,7.8898034,3.2795742,174.31891,4.925271,0.024398638,0.004015905,0.31400597,4.8783045,0.01930757,0.115908444,0.016917014
1.1906971,0.00045411245,9.483773,0.10528165,9.294474,3.256293,37.5936,8.0626e-05,19.29753,7.9604445,3.0731943,192.33952,4.5404267,0.023994567,0.003307247,0.2354334,4.3327823,0.017471105,0.102701716,0.014093499
1.4012203,0.00020281979,2.4882452,0.059398945,8.056589,0.8425672,37.706665,4.661673e-05,9.404577,1.6071198,2.98256,50.576443,0.8170927,0.01780071,0.0013093322,0.117943466,1.3031057,0.010432897,0.073063895,0.00921786
1.2675363,0.0004529036,8.731379,0.09670794,10.066537,3.177741,48.4509,8.672217e-05,21.614014,8.382188,2.4156842,165.15582,4.8332224,0.024153575,0.0036098438,0.28022778,4.780652,0.01959449,0.12956138,0.016550666
1.2067279,0.0004389206,8.693277,0.10362241,7.9759946,3.7928662,38.768814,7.965247e-05,15.461346,9.1911955,2.869647,171.11621,5.0648656,0.026021153,0.003808299,0.24997328,4.4418206,0.014679437,0.12023305,0.014693639
1.1958163,0.00032725223,5.7463665,0.088006064,8.564916,1.757389,42.51957,6.714845e-05,13.471892,4.0758624,2.6786094,120.43225,2.1330175,0.023080435,0.002234768,0.21542573,2.6313784,0.013283127,0.09165609,0.01256933
1.1390533,0.00046626528,8.778743,0.09486422,8.644705,3.1197295,36.374104,7.553305e-05,18.405943,7.738648,2.5727153,172.5715,4.235124,0.025682615,0.0031145527,0.23891893,4.162036,0.017200297,0.10669985,0.013078016
1.2095176,0.00030532657,4.0972843,0.07303989,8.995047,1.3366936,38.979443,5.6879817e-05,11.627903,3.0945966,3.372237,84.342674,1.7378166,0.018633407,0.0016854294,0.17614053,1.7449718,0.011269542,0.07989187,0.009339918
1.226427,0.00032534462,4.1154027,0.06745218,9.170734,1.2162094,43.243404,6.048314e-05,12.507957,2.6739132,2.8086576,89.79705,1.4142244,0.020128874,0.0016353248,0.19725446,1.8423578,0.014561784,0.087280214,0.010532118
1.2396121,0.00027777324,3.5464177,0.07875375,7.9073024,1.0014719,37.33455,5.30196e-05,9.788305,2.209492,3.1221771,77.76532,1.2910542,0.01870772,0.0018517426,0.15936753,1.6649524,0.010464885,0.07611859,0.009386341
1.3004173,0.0002636096,3.1798184,0.061538108,7.967241,0.9720054,38.3287,5.3715143e-05,10.337498,2.007232,3.1935067,65.93699,1.1445088,0.020176105,0.001500161,0.15390237,1.7684833,0.009674242,0.069882564,0.008545994
1.3056921,0.00028720446,3.4610338,0.058261134,8.962458,1.0707136,42.899784,6.043888e-05,10.526535,2.4531555,3.103526,73.06226,1.3788435,0.019180642,0.0016754214,0.1749415,1.7496758,0.011708962,0.07726409,0.01076672
1.1338179,0.00038696761,7.1011243,0.082040146,9.313922,2.396175,40.549507,7.746028e-05,15.832334,5.506384,2.8028831,136.54858,3.0028775,0.02295392,0.0025264064,0.23005468,3.1052506,0.015546895,0.10578161,0.013043707
1.2076551,0.0003587349,6.424689,0.08244698,8.6643095,1.9488518,38.22602,6.884697e-05,13.91682,4.735662,3.05953,136.14928,2.622177,0.021839635,0.003008776,0.19895406,2.924651,0.013335697,0.085700884,0.011463346
1.2113798,0.00039386403,6.723738,0.086778335,9.135991,2.1875036,39.98853,7.081831e-05,14.907079,5.2985945,2.9675555,137.63696,2.9817977,0.022679642,0.0029678051,0.20667353,2.9531252,0.014028892,0.09654248,0.012908833
1.2962086,0.00025370295,3.0058265,0.05872464,8.8928,0.90445065,42.261806,5.078252e-05,10.975152,2.0251508,3.3591323,63.1449,1.0987246,0.017564986,0.0014793457,0.15793212,1.5444283,0.010283777,0.07178948,0.009990776
1.1852003,0.00031227188,2.9959035,0.0885891,8.579561,1.2768589,33.32193,5.7654237e-05,20.110558,2.10146,2.8625586,50.880264,1.018771,0.018543463,0.0016869482,0.16212326,1.6126028,0.011555892,0.10546553,0.009835075
1.3355618,0.0003536896,3.177337,0.09436753,8.82575,1.4183961,31.390116,5.6006033e-05,16.828794,2.318023,2.4890482,57.714077,1.1698028,0.020009132,0.0015329102,0.17271844,1.4695601,0.013207696,0.107894026,0.01138402
1.2029034,0.00033072903,2.821188,0.11426533,9.766962,1.386369,35.21414,5.5699144e-05,24.097717,2.2070642,3.5520887,49.870834,1.0681694,0.019998472,0.0015965193,0.15285313,1.4641421,0.014268684,0.118099086,0.011780705
1.4205003,0.0002498218,2.7000175,0.06623354,8.5494585,1.2129577,34.08106,5.3322427e-05,15.529046,2.0499802,2.2038772,53.76842,1.0275406,0.014467752,0.0013198573,0.1262995,1.4178016,0.010145246,0.09546339,0.00975143
1.3769172,0.00024021574,2.7905562,0.06884173,8.903831,1.1538409,31.146849,4.952282e-05,13.699155,2.185168,2.1780086,49.129993,1.112183,0.017013693,0.0012399014,0.14890622,1.3687092,0.012845722,0.104519844,0.010971479
1.2449913,0.00025898087,2.4506874,0.07048338,8.060869,1.150083,33.89456,5.2593183e-05,13.801226,2.0314438,2.3225744,56.879944,0.7188337,0.015681982,0.0012337059,0.14236704,1.2886412,0.012703556,0.10205739,0.010023636
1.2958257,0.0002953758,2.6311314,0.095209874,9.143081,1.2254103,33.468277,5.1431067e-05,14.2852,2.0290902,2.8356736,47.921814,1.0363104,0.019684166,0.0011833725,0.15977769,1.2634814,0.016047454,0.112579554,0.01474146
1.3451401,0.00022342219,2.8728726,0.06022602,9.0925,1.2033376,40.290104,4.9181715e-05,16.31784,2.3200428,2.3516853,60.588604,1.1084596,0.012772226,0.00116539,0.12405169,1.5923411,0.0102753695,0.096115276,0.009230191
1.1528244,0.00025228458,2.3614624,0.062000137,8.623749,1.2360232,36.50191,4.457897e-05,14.326569,2.4977126,2.2982917,56.41909,0.9523013,0.014950661,0.0010275248,0.14892505,1.3961613,0.017115189,0.10858585,0.013998016
1.1924112,0.0002826506,2.6656597,0.06652334,9.736106,1.2699716,36.930527,5.200053e-05,21.315527,2.2213767,2.3446503,44.787594,1.0935351,0.011870917,0.0010859119,0.16783419,1.1432756,0.01246457,0.14880845,0.014835679
1.3088796,0.00022439401,2.1716578,0.045789063,9.971157,0.9392888,37.166023,4.4495664e-05,17.273453,1.7442709,2.2540288,40.42192,0.81617653,0.0108159585,0.0007879938,0.16790396,1.1022795,0.011855117,0.1074206,0.01382774
1.3145406,0.0002610465,2.753244,0.08584223,8.070465,1.2850527,34.92234,4.7078433e-05,18.784542,2.436737,2.3829486,68.58288,1.0377386,0.019439898,0.0014178429,0.14055711,1.2988613,0.014952721,0.12798806,0.014622657
1.3982965,0.00021890816,2.6493192,0.07746367,7.093813,1.1087098,38.080837,4.2452928e-05,15.647897,2.1740959,2.2976642,60.90098,0.84458506,0.018284215,0.0012939819,0.114636384,1.2184415,0.014547262,0.122873485,0.013509326
1.3021996,0.00019455542,2.1799726,0.051941495,9.21368,0.9440653,37.85844,4.43363e-05,13.772341,1.6293815,2.1946325,47.202328,0.68230337,0.0127626415,0.00088269595,0.16492942,1.1579118,0.012893618,0.09672638,0.013413
0.91334844,0.00032097948,2.3060913,0.084191255,7.9489064,1.5122176,29.82886,5.0310937e-05,13.169623,3.110571,2.6088002,38.3141,1.4214954,0.017424228,0.0015233039,0.15785249,1.2588978,0.017296245,0.109130375,0.0155886
1.194888,0.00022387235,2.5485175,0.07108259,7.6439915,1.1607379,31.642603,4.5446024e-05,13.876807,2.5656786,2.3645852,55.310097,0.94544965,0.014778243,0.0013451824,0.13325737,1.2872175,0.015772225,0.102736406,0.013131007
1.303394,0.00018958165,2.3888388,0.06096704,7.356252,1.1103929,36.575882,4.215832e-05,13.562169,2.0084155,2.249805,60.726395,0.75802803,0.012626524,0.00084355153,0.12747093,1.2874756,0.013998835,0.09625745,0.0111742355
1.3682231,0.0001890423,2.635629,0.061324872,8.174881,1.0493778,34.592903,4.4133223e-05,13.78178,1.92129,2.3168948,54.81154,0.8428465,0.01257933,0.0008930933,0.17372045,1.5135442,0.013404323,0.08416245,0.010879841
1.4100621,0.00021719094,2.75221,0.08004408,8.735665,1.2121168,36.315407,5.413534e-05,11.098886,2.1746163,5.781928,54.27011,0.9308365,0.020092465,0.0014272521,0.17219318,1.3166938,0.016259674,0.10301094,0.012822195
1.4533211,0.00017331164,1.9813063,0.055392906,8.283233,0.76589286,35.132965,4.2706135e-05,14.014141,1.2957374,3.2563846,33.97364,0.46057907,0.015439714,0.00089071307,0.14624384,1.3379802,0.01399776,0.0923484,0.01179604
1.6881591,0.00011995025,2.0673082,0.05021361,9.639903,0.82641095,48.26859,4.164848e-05,13.646316,1.1504871,2.5085912,54.634712,0.39272976,0.016230827,0.0005685056,0.16239747,1.0399785,0.015205266,0.088348925,0.0135284
1.1980295,0.00024654326,2.5005558,0.06720443,8.182929,0.9952136,36.386772,4.5567205e-05,15.643199,1.8157927,2.9745805,62.464638,0.607255,0.014544377,0.0009282532,0.13610148,1.2637308,0.011773396,0.10498475,0.01053129
1.4849308,0.00014529591,2.1054256,0.042508405,8.798809,0.85531896,39.593204,3.7281487e-05,15.188534,1.1243749,1.8817902,66.20522,0.29550192,0.0151608875,0.00038002038,0.12931235,0.8277836,0.011741351,0.1034061,0.01130069
1.3717179,0.00016561468,2.6141787,0.04612695,8.239684,1.0123653,37.50859,4.0360694e-05,19.048126,1.5974797,2.4283957,85.79565,0.45467177,0.014798759,0.0006692718,0.14004049,1.0976802,0.013242945,0.10703113,0.010798491
1.3109314,0.00022522168,3.1797056,0.08250263,6.5911694,1.0849849,33.22804,5.169481e-05,13.800912,2.2575116,3.5720794,77.36618,0.8608122,0.0142619,0.0013679122,0.17194346,1.6105704,0.015952157,0.09351653,0.010478255
1.2767678,0.00026316545,3.8014514,0.06881846,7.4673486,1.399845,36.758385,5.2325548e-05,12.894262,2.801834,3.272345,94.31615,1.0844704,0.014267958,0.0014406538,0.16151059,1.7810904,0.013022567,0.0807454,0.009355032
1.2714124,0.00023063591,2.1520405,0.05980246,8.247329,0.857064,41.22769,4.8131e-05,12.989053,1.6049963,3.1503382,50.528984,0.66834784,0.015050015,0.0010944479,0.15188718,1.1062343,0.0112650925,0.09156813,0.01121801
1.1509936,0.00015765279,2.4411976,0.043566845,7.9014616,1.1000007,29.199324,4.2488748e-05,7.8884115,1.781828,2.6324494,58.082054,0.7963165,0.015194669,0.0011318312,0.12935773,1.057712,0.011144121,0.07908567,0.011209833
1.301,0.00016891956,1.6756788,0.049060676,9.7222,0.8845345,47.39402,4.0654162e-05,13.165794,1.3451469,2.6530845,61.437202,0.47000444,0.015751712,0.00047700308,0.13662565,0.93727785,0.013219328,0.0885106,0.0102069825
1.3805894,0.00015684366,2.3246064,0.034386203,8.741761,0.9616803,45.616486,4.3450924e-05,14.865031,1.7382252,3.2435355,44.931633,0.67541736,0.013421922,0.0007602238,0.1572699,1.4358763,0.016770836,0.088358074,0.012203377
1.0889453,0.0002647655,2.8726475,0.0850739,7.158027,1.1555457,27.29227,4.5431985e-05,15.588896,1.8934935,3.1745548,67.66053,0.7906218,0.018096376,0.0013438299,0.11563241,1.6522855,0.015060359,0.08760139,0.011859649
1.4046551,0.00020652832,2.7533405,0.07134555,8.634046,0.9198605,41.476933,4.5945282e-05,13.884598,1.6483554,2.947193,70.54027,0.61496687,0.016170248,0.0009102437,0.15635152,1.3853302,0.013339813,0.10767784,0.010504629
1.3955296,0.00017483333,2.3819377,0.04758426,8.541088,0.9607693,42.423008,3.7045258e-05,17.50197,1.494907,3.0798645,61.429688,0.6100795,0.015238506,0.00066224526,0.15350251,1.2018245,0.01613177,0.09594319,0.011963933
1.3657985,0.00022331423,2.0708573,0.06515247,11.082361,1.1562786,58.86088,4.891757e-05,13.326135,2.1654947,5.0801167,55.446564,0.69934386,0.014931579,0.0010339881,0.15755129,0.95019096,0.011609246,0.111244045,0.013237731
1.3467003,0.00022015627,2.334072,0.06566655,11.059018,1.270734,53.839417,5.306334e-05,15.246222,2.3047507,4.4125624,62.480774,0.7767707,0.015488476,0.0011773707,0.16976267,1.08853,0.013244239,0.11102542,0.014376562
1.2379909,0.00025308062,2.9035025,0.072497435,9.376018,1.0794163,50.419376,5.2328323e-05,14.509417,2.0644696,2.8325138,65.37329,0.8958018,0.017746758,0.0013713167,0.16353627,1.3832268,0.013416166,0.098217316,0.01237707
1.222096,0.00024362575,2.8768153,0.06207975,9.472998,1.0319403,53.25942,4.8685273e-05,13.92984,2.0814905,2.8032913,64.96302,0.9078123,0.017504096,0.001345247,0.16322997,1.3806021,0.012356231,0.08415935,0.011358928
1.2407029,0.00027783652,3.315852,0.07790078,9.748686,1.2601283,49.664276,5.6720928e-05,16.613085,2.3698525,3.1285315,70.072914,1.0485613,0.018952267,0.0016010413,0.17553398,1.6204386,0.015023721,0.108829625,0.013329854
1.4242195,0.00026254373,2.849801,0.08288545,10.224889,1.219879,62.923233,5.5540466e-05,13.148599,2.2626977,3.8074076,64.106514,0.86594933,0.01728844,0.0012781918,0.17823328,1.2372955,0.012954584,0.115577094,0.013353917
1.4358288,0.0001939068,2.2027915,0.07361953,9.706398,0.99736685,55.121822,4.999468e-05,16.457083,1.8720399,3.6556697,52.98393,0.7064849,0.014758893,0.0012109271,0.15911248,0.9928126,0.0122045865,0.10472385,0.01235201
1.3410479,0.00026551407,2.7414231,0.06774684,9.713762,1.3117102,56.58201,6.2511775e-05,13.446225,2.352115,3.6097276,64.300865,0.8906794,0.01694861,0.0014476335,0.1741416,1.4559957,0.014972065,0.103941865,0.012725243
1.4028084,0.00019497777,2.110324,0.072339416,10.181626,1.0641422,54.29788,4.1481788e-05,14.799571,1.9302726,6.911792,51.13822,0.70751244,0.015245992,0.0009646328,0.14030674,0.89858496,0.012988546,0.12167964,0.013934463
1.3039039,0.00022319946,2.6670194,0.076532245,8.851011,1.0556718,49.92821,5.2489715e-05,12.526803,1.9967589,2.246249,59.594376,0.887167,0.015331937,0.001213668,0.16740899,1.1884125,0.013704922,0.1134986,0.011722629
1.4412674,0.00021025879,3.1829941,0.07068522,12.749213,1.6726179,56.17285,5.790926e-05,19.706377,3.1621912,3.6728332,62.087532,1.2710828,0.017316341,0.0020401962,0.19945562,1.3611734,0.01960564,0.14835395,0.02709316
1.3622161,0.0002092437,3.4865005,0.07064976,11.76848,1.4484073,54.240578,5.1979652e-05,16.782936,2.8474536,4.7311835,63.14768,1.0187091,0.016784912,0.0014685096,0.21623604,1.4842763,0.022836331,0.1565141,0.024951948
1.3383691,0.00019759177,2.8612096,0.06480331,8.824766,1.1839498,52.31979,4.9672984e-05,11.736819,2.2262466,4.351504,55.43291,0.9016159,0.013199865,0.0011073508,0.16677205,1.1732326,0.011248787,0.108239055,0.01172453
1.4373915,0.00025412292,3.1386323,0.06419309,10.33246,1.3197402,55.768383,5.935913e-05,12.27074,2.823094,2.6437302,65.92842,1.2645711,0.016636837,0.0022035039,0.16701755,1.3245276,0.01237751,0.09995399,0.013017554
1.4409367,0.00027575713,3.2994878,0.07144872,10.9529085,1.599362,54.77818,6.269416e-05,15.190132,3.2503324,3.1911037,76.05664,1.3452201,0.018895114,0.002045608,0.17687064,1.4709897,0.016694391,0.12364694,0.018048527
1.3566293,0.00022805682,2.3389444,0.063094534,9.204596,1.1517848,53.073967,4.8462854e-05,13.078544,2.2388089,4.255592,58.674175,0.737902,0.012622296,0.001118273,0.14598934,0.9844173,0.010585454,0.0917884,0.010455799
1.2619522,0.00020168308,2.0984325,0.068074875,9.620844,1.0111045,56.58168,4.4115794e-05,14.3166895,1.9188209,3.6940296,52.807777,0.60312784,0.011932847,0.0008914488,0.1497149,0.9277359,0.011226047,0.10370336,0.010379559
1.3952986,0.00023589873,2.8779616,0.056721784,10.47336,1.3252524,46.81114,5.3185104e-05,15.219465,2.5970438,3.791775,68.94216,1.1039127,0.018862655,0.0020465876,0.15248547,1.4732752,0.01388187,0.09066,0.014806445
1.4950447,0.00031717864,4.1704245,0.081611395,10.673055,1.8693147,50.321407,6.943701e-05,16.628769,3.519998,3.7895496,83.678795,1.6830522,0.020048222,0.0020991024,0.19196661,1.6197977,0.017059907,0.12356166,0.01587528
1.4768312,0.0001918539,2.096058,0.038967125,10.423034,1.1303656,50.50948,4.97873e-05,10.317536,1.8800906,4.23293,44.94612,0.9342346,0.013366663,0.001653819,0.12866268,0.9244437,0.009691368,0.09863262,0.011114187
1.4210322,0.0001711549,2.314819,0.06414145,11.220027,1.1626953,51.968765,5.2415093e-05,13.200231,2.099292,3.402116,49.378708,0.95773226,0.0145342145,0.0016459284,0.16810654,0.9572894,0.013204538,0.117096245,0.017788054
1.3702807,0.00018563832,2.0632057,0.04997763,10.307209,1.1788731,52.70537,4.80387e-05,16.112373,2.0279953,2.630768,72.669136,0.75676143,0.013206297,0.0009845828,0.14350057,1.0112492,0.014878563,0.10552955,0.0123425815
1.3304613,0.000216899,2.387806,0.059084784,9.455711,1.2015485,49.52072,4.6645226e-05,14.03779,2.256211,4.2413754,64.5864,0.8262568,0.014316899,0.0013515354,0.14352956,1.0571965,0.011334186,0.09518253,0.011431065
1.3204192,0.00025846105,2.7355425,0.06650497,8.811074,1.2201977,52.915623,5.8266254e-05,12.794856,2.24919,3.9879606,68.119965,0.88666946,0.015404375,0.0012786004,0.16952336,1.3006672,0.014085225,0.10860448,0.01281483
1.2101082,0.00016881677,2.0630074,0.042769756,8.93715,1.013397,42.966084,4.0140843e-05,13.258912,2.2228189,3.44074,53.66558,0.5537468,0.0126683945,0.00054145866,0.17592432,0.97585267,0.013222308,0.12632671,0.012610799
1.2766039,0.00019885389,2.1494539,0.05841619,8.072632,0.8570148,40.090477,4.2033123e-05,13.334295,1.7800921,3.2747855,50.3928,0.43236098,0.015334822,0.000654875,0.15313646,0.930001,0.013170784,0.10819972,0.011916687
0.9876206,0.00013124841,1.8778,0.04368224,7.0557594,1.108403,24.846275,3.776239e-05,10.992315,1.6079798,2.594932,41.79401,0.6866501,0.013009121,0.0008822859,0.10244916,0.75276804,0.01194677,0.09272794,0.010340009
1.0004377,0.00024189663,2.4071927,0.06431547,7.512303,1.0641372,27.912754,4.269574e-05,14.89706,1.8231996,4.7762876,47.983524,0.5321904,0.017003167,0.00067149126,0.12520334,1.1075293,0.01276655,0.15156794,0.013062563
1.394139,0.00014480199,1.4208064,0.05748218,9.386112,0.68591326,44.591557,3.702131e-05,13.388277,0.8532934,2.0658588,41.868652,0.21982582,0.015741572,0.00058439013,0.12964776,0.5579442,0.014235947,0.11427836,0.014279236
0.9124662,0.0002533503,2.210431,0.05485145,7.6267104,1.0539676,30.420311,4.11311e-05,14.100578,1.7849569,4.2494297,43.338223,0.5277238,0.014821417,0.00064080715,0.120223776,0.9686899,0.010781184,0.13188353,0.0104330415
1.3434396,0.00018156819,2.4052727,0.05146746,8.113359,0.9477447,40.12568,4.308303e-05,15.466359,1.8945819,4.843431,53.043697,0.45994154,0.014743583,0.0005488824,0.1923146,1.1009939,0.018717054,0.09659864,0.014479526
1.3202852,0.00011121138,1.1108583,0.05531556,8.454215,0.58577263,38.594135,2.8719043e-05,13.082906,0.9558702,3.5128832,30.213306,0.21596648,0.009749263,4.1848816e-05,0.09240274,0.5814093,0.013296752,0.11953115,0.01157257
1.2804999,0.00017742415,2.0538404,0.041810013,6.5054665,0.9341697,33.924168,4.2573123e-05,10.954306,1.3269206,2.8592687,55.786858,0.4240108,0.011931279,0.000517611,0.10147271,1.1899828,0.011198112,0.08058634,0.00978345
1.2987195,0.00021175799,2.9380503,0.07507579,9.174646,1.4847816,40.30333,4.9097085e-05,12.145471,2.415773,3.4106472,65.99953,1.0110062,0.019992262,0.00089961616,0.1400422,1.1903876,0.0123650115,0.11052795,0.015001305
1.4867808,0.00015729739,1.5702089,0.06535369,7.96471,0.8214368,34.15242,3.9276125e-05,13.473381,1.4475539,2.8122275,40.382286,0.3945732,0.012761628,0.0007475705,0.1247929,0.8463584,0.01512609,0.11713574,0.013215457
1.3463926,9.6787815e-05,1.1502535,0.033928495,8.338806,0.6859291,39.068356,3.4987534e-05,11.097385,0.8629206,2.3085406,28.92351,0.19853863,0.009990503,0.0003466755,0.07848614,0.49417976,0.013291621,0.12470705,0.013662402
1.3668905,0.00012273144,1.2208878,0.04950668,8.209,0.73047405,36.041435,3.242468e-05,16.490093,1.2039285,3.205634,33.088615,0.24461862,0.00988324,0.00020634582,0.09275492,0.59981596,0.0150586665,0.12422389,0.012996888
1.3493102,0.00014566064,1.6288841,0.048757978,7.747245,0.86679024,34.303516,3.638461e-05,13.605204,1.7428949,3.2382543,43.00804,0.43561196,0.0107550435,0.00053255004,0.110970154,0.75524914,0.014099473,0.121253505,0.012792019
1.34061,0.00019639487,2.2383506,0.06882751,9.205337,1.0235516,37.291744,4.4643566e-05,17.603397,1.9031966,3.5774853,53.673344,0.5744175,0.016151994,0.00059841666,0.16797751,1.1504467,0.014845421,0.12566172,0.014836457
1.2137713,0.00017058538,2.3200722,0.048926845,9.364588,1.095359,41.799454,4.5847508e-05,13.056139,2.4251783,3.1153924,56.19998,0.69316083,0.016846955,0.0007975155,0.19095473,1.3169881,0.014148683,0.13166498,0.013578232
1.2759199,0.00017257142,2.079087,0.047047153,8.575693,0.91858035,38.863026,4.0480878e-05,12.183707,1.8939477,4.311291,50.051376,0.49352533,0.012589806,0.00034072725,0.1590516,0.7557688,0.012824089,0.10646816,0.0130567625
1.1819975,0.0002206247,2.256554,0.062359747,8.653185,1.1099418,39.485844,4.1760326e-05,16.934393,2.2192001,4.368396,53.038696,0.7680845,0.014135904,0.00083443796,0.13585177,1.1338888,0.014661883,0.092166744,0.011033137
1.0333037,0.00022805524,2.379162,0.06760999,7.768632,1.0220125,23.37032,3.88662e-05,17.688488,1.6187228,4.925608,45.899433,0.52586865,0.016685598,0.0006805712,0.13267411,1.3246483,0.015205471,0.14088741,0.014367843
1.324439,8.9113215e-05,0.86648935,0.045137007,9.037822,0.5266962,41.85432,2.7691009e-05,13.040988,0.77195334,3.4426756,27.614014,0.11809415,0.008645371,-6.354802e-05,0.08752293,0.42271638,0.013379371,0.121387914,0.011170916
1.4150461,0.000112555834,1.6110114,0.06000401,8.959427,0.76220584,43.715282,3.501278e-05,12.721196,1.3711584,3.19411,37.079563,0.41281596,0.011738996,0.00050754775,0.12317419,0.8912175,0.015898896,0.104089566,0.011059122
1.3716277,0.00011641045,1.2666181,0.05386671,8.832631,0.5987452,40.132584,3.6485868e-05,12.284081,0.75304323,2.4995468,33.20618,0.1345946,0.012439923,0.0003370842,0.12045239,0.5814636,0.013826546,0.124412656,0.013198792
1.4248247,0.00014944929,1.249582,0.056515437,8.053803,0.7340856,36.583042,3.537245e-05,13.978466,1.2294433,2.651968,35.26673,0.2817209,0.011237179,0.0004966908,0.097301506,0.64520943,0.0147481,0.13738246,0.013789113
1.3407778,0.00012067438,1.2448865,0.04279697,8.234371,0.7397866,36.59547,3.171207e-05,15.361761,1.2663707,3.1926575,34.326088,0.2691058,0.009485641,0.0001849612,0.0889225,0.58666444,0.014346788,0.12246334,0.012136278
1.2979506,0.00014000274,1.060575,0.05087804,9.131365,0.57991934,41.41205,3.195516e-05,11.323437,0.908196,2.69805,31.186714,0.21834072,0.010241469,0.00019287276,0.08672062,0.60636556,0.011366791,0.108867526,0.010383861
1.0347228,0.00012815603,2.1826956,0.016101211,5.468717,0.9132323,21.663761,3.2154327e-05,10.729663,1.4667215,2.6307082,50.61758,0.36528942,0.009791326,0.0005929784,0.09411182,1.2433834,0.011302183,0.08811376,0.0076311086
1.3065503,0.0001934205,1.9530973,0.05902039,9.595863,0.8987016,41.786964,3.6600166e-05,16.755405,1.9072789,5.096973,50.173164,0.62825495,0.01140787,0.0005531503,0.13878496,0.92445266,0.015638188,0.09900371,0.011766307
0.9971937,0.00023072319,2.5300355,0.08135204,7.474113,1.1406381,30.849556,5.015961e-05,11.321554,2.3279274,3.4180577,46.81802,0.63402534,0.014611118,0.00086900615,0.1407002,1.0334635,0.014716975,0.14459229,0.013294866
1.3197694,0.0001885156,2.1641212,0.067346305,7.924816,0.89862263,34.13704,3.996638e-05,15.538889,1.6522826,3.1266327,51.426926,0.44015107,0.015218789,0.00043832557,0.15030919,1.0462128,0.015267592,0.10480885,0.013357697
1.2646762,0.00017181442,2.211367,0.051242955,8.896109,1.0760734,43.288113,4.4484386e-05,14.559282,2.161841,3.3446128,57.729164,0.5950037,0.0136316335,0.00048062147,0.18504024,1.0135436,0.014262019,0.1333599,0.015063557
1.4259503,0.000120264616,1.6472704,0.051705983,10.953259,0.8761885,50.329727,3.8633225e-05,11.739754,1.2897962,2.3629024,42.904957,0.44454318,0.011546125,0.00050315587,0.15004742,0.7270136,0.013909053,0.12296891,0.015160266
1.3117911,0.00014291538,1.5097685,0.044795416,8.313852,0.8034225,34.932686,3.2412485e-05,12.410549,1.4527229,2.9024076,41.963055,0.39332694,0.0114490995,0.00059080136,0.10773084,0.8010446,0.013028533,0.105117045,0.011918368
1.2544268,0.00019607195,1.9849815,0.075205885,8.898373,0.86293924,34.0902,4.4706627e-05,12.248284,1.1164051,2.2269642,47.989136,0.40384358,0.01777712,0.0007574622,0.16125952,0.83530325,0.014386604,0.1304111,0.013514495
1.4263912,0.00017055694,2.4064662,0.050616596,9.613359,1.0107456,43.88721,3.631482e-05,18.673813,2.2858794,5.008327,59.151638,0.75738084,0.012201307,0.0006444806,0.171997,1.2457708,0.018262777,0.10445675,0.01562965
1.4820397,0.00023555449,2.857921,0.09985708,8.499296,0.9821676,32.315136,5.2294476e-05,12.033758,1.7992758,3.2491133,43.75006,0.70129174,0.015837707,0.0011209893,0.15922283,1.4247254,0.014792162,0.114603154,0.015328843
1.3862853,0.00011861962,1.2676905,0.055683453,8.383799,0.65442485,37.120583,3.3446813e-05,15.196339,1.173476,3.3452115,33.297302,0.2574326,0.009800895,0.00028675547,0.11210973,0.67954296,0.015069621,0.121326886,0.0123663135
1.2423315,0.00019729577,2.080537,0.062005974,6.7163844,0.9078926,30.642439,4.413639e-05,10.523978,1.2272518,2.8109155,51.82615,0.4137414,0.017172575,0.0006100583,0.13224761,0.80405736,0.0136489,0.11847721,0.012015921
1.2406679,0.0002108299,2.242555,0.06450343,6.891178,0.96539074,31.889833,4.5412886e-05,10.061935,1.3712286,2.5860324,52.302723,0.5579818,0.016630897,0.00084338296,0.13179418,0.9385151,0.01289531,0.10537622,0.011745856
1.321172,0.00019495128,1.9342065,0.04940714,9.84766,0.93462217,45.49764,4.057046e-05,13.060586,1.8131087,4.5466275,52.46222,0.49938214,0.013746898,0.0004889659,0.17863932,0.96342355,0.014400408,0.11529637,0.014273458
1.2867479,0.00021495446,2.2260153,0.06085159,8.582057,0.92096174,39.40438,4.4767803e-05,14.583386,2.0112898,3.2467508,51.15739,0.636424,0.015708338,0.0007629972,0.1695156,1.2292315,0.013221102,0.110144146,0.012929072
1.4482123,0.00016395892,2.3645968,0.058007848,8.194111,0.92742944,34.82798,4.324783e-05,10.309516,1.4117303,2.3467274,45.601116,0.8191432,0.016729381,0.0013270151,0.142547,1.07751,0.011821548,0.083611324,0.010888337
1.5440385,0.00011980966,1.267037,0.05288091,10.652816,0.7635104,54.565113,3.5068573e-05,14.08487,1.3509059,3.2407215,38.931328,0.32337767,0.010878679,0.00045044202,0.12622155,0.5742106,0.016188718,0.14875525,0.013981615
1.2969912,0.0001217451,2.1587613,0.055464543,8.3952055,0.9486494,35.445995,4.1110732e-05,9.252305,2.0505517,4.0137415,40.272816,0.9443607,0.013923919,0.0009651519,0.14619648,1.0047733,0.012452898,0.08622245,0.012335259
1.2990733,0.00019788792,2.655896,0.07557018,7.9093394,1.1944275,34.078247,4.2379106e-05,14.126385,2.5012398,3.7383432,59.925426,1.0344039,0.01384903,0.0014222248,0.1568677,1.6291499,0.015473856,0.089019045,0.012751778
1.3611716,0.00018737487,2.4279606,0.061345425,10.058512,0.9754749,37.433514,3.8570997e-05,17.618458,2.1584976,5.6057806,55.92955,0.6883531,0.013781912,0.00067666016,0.17005889,1.2603413,0.01859134,0.11882712,0.018795848
1.419504,0.00018554994,2.0341587,0.038419034,9.840655,0.9240242,49.388756,4.017571e-05,14.2231245,1.8156462,4.4077954,54.909107,0.5458496,0.01178797,0.00043337862,0.1798216,0.9469954,0.015030805,0.1065171,0.012795113
1.2452197,0.00023284467,2.326845,0.044513978,8.237036,1.0588311,31.643581,4.2960648e-05,15.672388,1.590949,2.4191504,53.792557,0.5228596,0.016355213,0.0009684913,0.15530638,1.0953165,0.013259263,0.12673105,0.013968474
1.4024541,0.00020445584,1.9448487,0.040365312,9.5400305,0.90160626,45.069286,4.3380256e-05,15.807936,1.6445172,2.9270973,47.209553,0.5606447,0.013016272,0.00059988454,0.1713991,0.98194367,0.013745045,0.1080988,0.012678086
0.85260856,0.0002464555,1.9072334,0.045728013,7.0919104,0.9622616,28.45948,3.9733317e-05,13.45747,1.5337921,3.4906952,38.480007,0.5142043,0.012012871,0.0006655208,0.11226236,0.87423986,0.0099824155,0.10251925,0.0098216515
1.4093387,0.00020996899,2.0225089,0.03816802,9.20092,0.9256235,43.780205,4.2904758e-05,14.984756,1.6500676,2.9102523,47.81453,0.56240976,0.013895687,0.00064322876,0.16800214,0.98500544,0.013755108,0.1075038,0.011617586
1.1858232,0.00017854643,1.6308082,0.037404153,9.05618,0.7885886,41.707817,3.8658356e-05,11.200311,1.3191425,3.873714,46.41389,0.3213497,0.011203085,0.00028207267,0.1446522,0.68797135,0.010232366,0.10979788,0.011212929
1.3654412,0.00018379447,2.4326882,0.06587301,8.430522,1.0007068,36.05247,4.0609488e-05,13.776656,1.9574945,3.3402233,55.659588,0.7283746,0.014835504,0.00091574306,0.15071096,1.2871263,0.014329362,0.10069799,0.012756109
1.3746017,0.00014512127,1.6127007,0.0534922,9.883168,0.8747521,44.421745,3.934576e-05,11.255155,1.2462382,2.156103,48.652905,0.37975794,0.013819516,0.0005211011,0.14119111,0.8066178,0.012495648,0.10344832,0.011757055
1.4117908,0.00020019966,2.0929852,0.074281864,8.99704,0.87751824,44.488796,4.2593463e-05,12.196675,1.503043,1.8129963,49.03887,0.5148268,0.016490769,0.0009218788,0.13375527,1.0696789,0.014483971,0.102262765,0.012334244
1.239828,0.00014374331,1.543302,0.04724094,8.878613,0.6508546,37.909122,3.804014e-05,11.470612,0.9699384,2.4993799,40.926174,0.2533279,0.013144624,0.00049510464,0.11652459,0.7493283,0.009086879,0.10107433,0.011143373
1.3478556,0.00018608193,2.090177,0.04544785,10.211557,1.2593004,61.86751,4.1433294e-05,12.664726,2.3025422,3.6322567,57.049618,0.80329764,0.013572706,0.0009824507,0.12407596,0.8204727,0.010634446,0.1110912,0.010524886
1.2746071,0.00018376374,2.118254,0.05266242,10.412194,0.8825905,53.08069,5.1029365e-05,11.421426,1.5898393,4.3251295,46.46269,0.57329506,0.011630004,0.0006913729,0.18782593,0.9914884,0.0112842405,0.08655265,0.0115852505
1.3533227,0.0002334034,3.1911561,0.06782824,10.688842,1.5090109,48.987297,5.917361e-05,14.863012,3.2395942,4.2467732,58.9227,1.397147,0.014167893,0.001546515,0.1911715,1.4234732,0.013854171,0.09758263,0.012568727
1.1569549,0.00022689532,3.3033037,0.062469292,8.468746,1.5768453,44.065224,4.6404628e-05,11.023279,3.2561264,3.7523723,64.66926,1.3082783,0.015332745,0.0018101208,0.12227381,1.2651665,0.009246791,0.09757425,0.0102075385
1.215672,0.00021345308,2.7847848,0.051636826,8.93213,1.3342775,47.249477,4.289649e-05,11.118141,2.6981306,3.9505522,59.02149,1.0474707,0.011792884,0.0014465478,0.13666672,1.0567546,0.008455678,0.09697588,0.008945807
1.201641,0.00020521396,2.8790512,0.046477977,8.8848505,1.456356,45.951046,4.1786116e-05,10.910477,2.875308,3.8770468,60.026535,1.1404618,0.011132479,0.0014193266,0.12114292,0.97358465,0.0077276095,0.09950296,0.008484145
1.2707509,0.00021794598,3.6053147,0.04251912,8.77679,1.1824089,45.502575,5.1394265e-05,14.6881,2.5158043,3.4516041,62.617714,1.1110535,0.012862,0.0013687955,0.14967553,1.7212965,0.013078985,0.088139504,0.010577331
1.2470682,0.00024812415,2.3367379,0.062328547,10.252173,1.36406,55.83387,5.31592e-05,15.57729,2.4674757,4.0186195,59.44682,0.9349015,0.014167522,0.0012699766,0.15231265,1.0441895,0.013553308,0.12025105,0.012872144
1.1841227,0.00020059728,2.4455361,0.05672223,8.997143,1.0322081,47.722027,4.666336e-05,12.621749,2.0253313,3.7857,50.17969,0.87628305,0.012954112,0.0014086926,0.14850983,1.1845168,0.010805399,0.09458915,0.010226965
1.032538,0.00021624219,2.606114,0.046784367,5.8741045,1.2395734,26.741306,4.292056e-05,14.096212,2.3209095,2.0258799,55.797283,0.8764334,0.011979008,0.0011601063,0.10897781,1.2120812,0.011988658,0.09188662,0.009235864
1.4103258,0.00022724959,2.583327,0.06136854,9.191865,0.9407561,51.019478,5.5993005e-05,12.839352,1.9107409,3.5334566,46.73501,0.8428891,0.012347342,0.0008027414,0.20196067,1.3865346,0.013051813,0.09433546,0.01187416
1.3434601,0.00019506669,2.2479506,0.04771228,7.8384924,0.94939774,37.022366,4.694352e-05,11.120695,1.7617525,3.8966112,44.83912,0.7169701,0.013153769,0.0011720699,0.14910017,1.0479174,0.012012773,0.08732257,0.010190066
1.3821502,0.00020693758,2.2052395,0.053798955,8.2560215,0.91237605,43.006,4.4227305e-05,12.156718,1.5849113,4.154974,47.818436,0.576516,0.012798048,0.000883695,0.15037444,0.87262183,0.011048332,0.08857315,0.009992181
1.0699657,0.00020435927,2.7243176,0.05192915,7.3275356,1.2152315,28.093542,4.4551933e-05,10.977091,1.9877995,1.001937,53.15771,0.9486785,0.013601648,0.0016430079,0.107002266,1.192956,0.011148756,0.08880147,0.010117906
1.2655519,0.00016192577,2.228918,0.049733873,9.527605,1.4258082,47.97076,4.1547803e-05,18.521973,2.769514,4.5851483,58.72363,0.83676255,0.012477325,0.00094153587,0.14143744,0.92679197,0.012297668,0.11147015,0.011917702
1.1868054,0.00018829497,2.2241454,0.037976168,7.062616,1.0343139,35.91956,3.716989e-05,12.5700445,1.6672262,3.000058,47.269287,0.6735905,0.012357603,0.0007210931,0.11967361,0.93335074,0.011687276,0.091345824,0.009478685
1.4374673,0.00029285016,2.1060627,0.08670285,8.834923,0.976706,40.708668,4.575366e-05,16.970144,1.4695525,2.1526074,49.304333,0.68217593,0.01746878,0.000736163,0.12973207,0.91593385,0.011589381,0.09081243,0.009549259
1.261055,0.00020330041,2.531597,0.040430572,8.466865,0.9747737,38.32251,4.4112443e-05,11.497608,1.6284813,2.6313884,46.141193,0.7318114,0.012674677,0.0011408242,0.15243116,1.1898409,0.0112155685,0.07462465,0.010184681
1.0911282,0.0002364341,3.0570736,0.058276508,8.584666,1.3967099,40.872543,5.305457e-05,11.993749,2.4234076,4.6893053,59.172768,0.9974073,0.014419637,0.0011505671,0.14971898,1.3085808,0.012539873,0.092733696,0.011130211
1.415342,0.0002500608,1.1360176,0.090515465,12.909015,0.9413607,50.27634,4.081449e-05,14.624979,1.5760652,4.2038684,48.88641,0.7397808,0.017381253,0.0012348577,0.09024917,0.7620042,0.01031129,0.078924574,0.009654301
1.4155734,0.00017367672,1.446721,0.045222104,13.0103855,1.0121682,49.76641,4.189099e-05,15.557706,1.8270363,5.7502966,54.653557,0.69888186,0.012175029,0.0009983998,0.11364105,0.79569083,0.009750166,0.093541496,0.010103638
1.3283637,0.00025189502,1.3029474,0.07463331,13.273873,1.0775084,50.58524,3.9500377e-05,15.424818,1.8980368,5.764638,52.78336,0.83700943,0.01674488,0.0012273503,0.08352237,0.73200893,0.010776781,0.091726534,0.009473693
1.2443196,0.00029580446,1.2874391,0.092432976,11.88184,1.2252318,47.05338,4.438471e-05,15.923555,2.1698456,5.943561,55.103416,0.9614211,0.017874833,0.0016433813,0.06978944,0.83599424,0.011722822,0.09999382,0.0102241235
1.302569,0.00023123836,1.1594256,0.071523,12.60546,1.1413628,48.627605,3.876617e-05,11.956987,1.8410001,3.7566378,48.448734,0.882216,0.014068445,0.001430087,0.078315146,0.7845054,0.008266891,0.07227248,0.007203108
1.4860556,0.00019179498,1.38401,0.0623943,15.587605,1.2024274,61.925903,3.8086724e-05,14.24455,1.796083,3.5014,57.97959,0.6616216,0.01634347,0.0009290922,0.088584945,0.57804394,0.009744633,0.106704734,0.009621248
1.4215266,0.0002349006,1.1140549,0.07477299,17.579369,1.0841976,61.50558,4.451144e-05,13.517212,1.7434667,3.5933564,60.527374,0.7822223,0.015585049,0.001004735,0.0901342,0.74229497,0.009625559,0.0806695,0.0084208045
1.1468395,0.00017444757,1.8413587,0.052637726,8.374239,1.0305641,33.5239,3.926229e-05,16.151253,1.7142588,3.3354397,48.96984,0.41438723,0.012590269,0.0003835232,0.13413295,0.78849703,0.011829015,0.10082911,0.011126498
1.263121,0.00022106635,2.1458654,0.07479086,9.048383,0.8547428,34.4349,4.4302684e-05,13.856716,1.6333749,4.030443,46.075626,0.59937483,0.016413717,0.00086494774,0.13119629,0.9887127,0.012668329,0.103343226,0.012559238
1.3186324,0.0001995446,2.4597821,0.07646201,8.966546,1.2386838,38.785534,4.6026384e-05,15.556684,2.2547925,5.1965,56.3957,0.753706,0.015465888,0.0010002484,0.14921205,0.943038,0.018248089,0.14158246,0.01897383
1.3565736,0.00018412071,2.163345,0.050146908,11.050341,1.0649974,54.538208,4.4980417e-05,14.668156,2.1376488,4.5804253,55.05362,0.7982562,0.012379195,0.0007232791,0.158097,0.8444192,0.012787258,0.13468142,0.015676962
1.1997836,0.00017750711,2.0847821,0.04094954,8.590497,1.1599549,41.427334,4.8238144e-05,19.209929,1.7883333,3.517538,66.75613,0.47431207,0.014315892,0.000523154,0.16588232,1.0503691,0.014927704,0.10350469,0.011028634
1.1841573,0.00015693321,1.5189557,0.04667814,8.766602,0.80628705,36.735954,3.7946505e-05,12.199764,1.2729784,2.926883,46.38841,0.37872782,0.015777986,0.0007400183,0.119545706,0.79148835,0.009545279,0.065356106,0.009520197
1.4523379,0.00025084458,2.6209521,0.07474159,8.740017,1.0078391,34.241745,4.8513204e-05,15.042913,1.7935466,3.8819792,42.151516,1.1169516,0.015378443,0.0012671871,0.13913968,1.4792856,0.014478341,0.100651726,0.010984526
1.3932226,0.00022514287,3.5144138,0.058670726,10.346149,1.244147,51.44013,4.783154e-05,9.984302,2.6852772,1.7546825,69.41756,1.2709204,0.017217334,0.0020069354,0.10489551,1.406199,0.00965674,0.082802005,0.010909897
1.2181796,0.00017753577,1.7109458,0.05467604,9.083826,0.9002362,39.526505,4.2762447e-05,15.079289,1.8502597,4.338003,49.83013,0.54930884,0.011255368,0.0006075482,0.14817543,0.9015938,0.011192489,0.11421544,0.011566992
1.2996099,0.00016794741,1.4162284,0.040894706,11.892529,0.972073,53.83697,4.0128674e-05,18.794998,1.7573524,4.7818794,59.151917,0.3949538,0.010639695,0.0002169573,0.16079326,0.6831189,0.015020274,0.12218247,0.016028447
1.2151233,0.00029291143,5.088587,0.09768245,7.530753,1.8336784,36.849915,5.6269815e-05,11.731886,3.55564,1.1112268,103.6982,1.6222847,0.020430652,0.0021184972,0.109952025,1.6625278,0.012129986,0.11029058,0.011260184
1.2793077,0.00031732072,5.5519366,0.10120955,7.57608,1.7578502,36.73402,6.0991144e-05,12.236116,3.2617717,1.0963198,107.19507,1.5854639,0.020696279,0.001982093,0.1237594,1.6905258,0.012406872,0.112247325,0.01056412
1.3577965,0.00037100987,8.619521,0.14219894,10.063422,2.1652966,45.056206,8.5611806e-05,22.449104,4.0399456,1.5003079,177.28699,2.1965067,0.025495155,0.0029009567,0.30981982,3.262552,0.025352338,0.139347,0.021435997
1.1633843,0.0003154837,5.4635344,0.069897465,7.034597,1.7042215,31.759634,5.814128e-05,10.345971,3.5221345,1.4458951,103.05121,1.9345102,0.018527223,0.0022223277,0.106002145,2.1483202,0.009974099,0.07043102,0.0090965945
1.090938,0.00025362524,4.0294847,0.06480017,7.181649,1.7274709,30.1018,4.8164842e-05,10.360499,3.5944467,1.3494903,85.15094,1.6623067,0.016146185,0.0020355424,0.11444579,1.6026596,0.010717702,0.097752795,0.009897743
1.2495898,0.00038067874,7.3812084,0.090831235,7.8355203,1.9561281,35.906776,6.982788e-05,15.807594,4.420052,2.4602575,138.22961,2.2926738,0.024539912,0.0024306395,0.14018524,3.0336325,0.013642616,0.101810895,0.01083165
1.1653521,0.00034014083,5.874791,0.08296531,6.9687715,1.9538672,30.973835,6.088104e-05,12.134889,4.1460714,2.7461283,110.70744,2.2933497,0.022590308,0.0024737415,0.11090945,2.5881028,0.01000695,0.08667711,0.00887438
1.2709163,0.0003215892,5.472535,0.07281453,8.546967,1.6293131,41.40168,6.0585913e-05,10.6778345,4.076041,2.5588248,97.53298,2.2701385,0.021331713,0.0029423307,0.10339201,2.4817047,0.011798666,0.09416308,0.011630098
1.1631186,0.0002960389,4.772678,0.067373164,7.0451794,1.7534218,32.43201,5.1297888e-05,9.753453,3.6738105,2.2553103,95.82177,1.6534115,0.02058169,0.0019115569,0.0910303,1.8619901,0.011131798,0.09249349,0.009045218
1.1451399,0.00034028475,6.5144877,0.08706669,7.171686,2.1183276,34.567493,6.0268372e-05,13.934345,4.752406,0.70110106,129.72578,2.2238774,0.019940382,0.0022136534,0.13102517,2.3874779,0.012715969,0.09960475,0.011808725
1.2248285,0.00030970943,5.9255757,0.08941053,7.3556795,2.1244931,35.73847,6.1716084e-05,10.462657,4.180718,1.2551535,114.217026,2.0453665,0.021489138,0.0021745116,0.11109827,1.8746629,0.011761732,0.100536056,0.010558657
1.0630606,0.00021164802,4.078504,0.06396656,7.8777204,1.599512,29.692188,4.9778515e-05,11.404088,3.1705518,2.4396486,79.52672,1.5185398,0.016225856,0.0017182201,0.13277692,1.4511123,0.012281816,0.11111261,0.013029862
1.2564963,0.00031863723,4.903695,0.090577714,7.6166177,1.6648328,36.513023,5.5029388e-05,12.56408,3.3454306,1.1313229,97.88019,1.6137986,0.02070698,0.0019321758,0.11546864,1.6527573,0.0111776395,0.10202408,0.010201506
1.0525336,0.00026779497,4.589572,0.068750516,5.56903,1.6692332,22.486908,5.075313e-05,11.052663,3.1604435,1.4965507,84.48851,1.5879014,0.016574292,0.0020168782,0.09481518,1.7410277,0.010356007,0.09629387,0.008776857
1.2105703,0.00037111898,5.694088,0.07741164,7.3993,1.8161606,34.79117,6.629651e-05,11.021197,3.7150521,3.1479983,103.330605,2.0878477,0.024953209,0.0025876295,0.14930126,2.976745,0.011368256,0.066317976,0.008436334
1.2967305,0.00025918125,3.5303526,0.08514378,8.214347,1.5559572,43.17031,5.46359e-05,9.542553,2.4612126,1.6506716,70.354034,1.1512164,0.021282412,0.001671705,0.10561462,1.2585694,0.012053574,0.1317491,0.012263877
1.1572968,0.00056691316,6.1844378,0.18377486,10.4842005,2.682629,46.464634,8.9822955e-05,35.86805,6.492701,3.3774035,116.60438,2.9137363,0.033244945,0.0031454775,0.23648977,3.406261,0.024071144,0.15974881,0.017499834
1.320401,0.0002846096,3.2536051,0.14644456,7.3838873,1.3024985,30.01424,5.5308694e-05,16.368368,1.9358568,1.4870728,68.90085,1.0569427,0.024084393,0.0018031994,0.11430245,1.7456621,0.014132183,0.11942794,0.014990781
1.1114107,0.00020729583,3.2417457,0.022040917,6.901151,1.4544901,27.375221,5.027639e-05,11.131512,2.1874993,2.9259605,60.800587,0.49271816,0.012960631,0.001261948,0.16783258,1.5128348,0.016103169,0.060425915,0.010382904
1.3838853,0.00023436538,3.4922266,0.045545835,7.7835712,1.3019582,37.661118,5.0906594e-05,11.964732,1.9924046,3.3670928,77.718994,0.5384338,0.019877687,0.0014958418,0.15837625,1.5699971,0.013270552,0.04385797,0.009444636
1.2870535,0.00026833394,3.542994,0.065884836,8.587544,1.2043558,39.800568,5.393436e-05,12.547179,2.040878,3.308202,74.431366,0.7607221,0.018399,0.0012583953,0.16936281,1.6736125,0.014410751,0.07609875,0.010561146
1.398609,0.00028899268,3.385479,0.09764692,8.251524,1.2126924,42.3094,5.8943264e-05,11.271334,1.8722727,3.3782017,78.39801,0.5602746,0.024267709,0.0014317166,0.18251732,1.3963052,0.018689366,0.110652156,0.013317156
1.4094889,0.00028217747,3.4914105,0.099034816,9.776995,1.3115079,47.166664,5.858466e-05,13.838764,2.150577,3.3099492,78.27311,0.7252445,0.021550348,0.0015406535,0.1950774,1.5116373,0.0167658,0.0865735,0.013723514
1.3333958,0.0003451091,4.951956,0.05381031,9.127376,1.5874994,47.948322,6.702398e-05,10.694964,3.7851949,3.0595312,99.14616,1.7283504,0.017493473,0.0022830141,0.25244954,2.406401,0.014710374,0.05126622,0.011630579
1.2491853,0.00032859226,4.35453,0.07029709,7.349143,1.4526774,36.55186,5.454353e-05,10.40157,3.0973966,3.1320972,92.30835,0.8901191,0.02090518,0.0019205658,0.16364305,1.9806576,0.011066238,0.031056711,0.008267207
1.2782047,0.00034645235,4.7059903,0.108440086,9.016452,1.4141691,40.709515,5.885302e-05,11.824661,2.9861226,3.3492062,96.73506,1.347528,0.023058468,0.0022575129,0.22442009,2.1956823,0.014906458,0.07479553,0.012151506
1.2098602,0.0003223662,4.865996,0.077426895,8.172816,1.5802915,37.587204,5.8515194e-05,11.118856,3.6129181,3.1692898,97.454254,1.4674516,0.020242369,0.0022496218,0.19086486,2.5454354,0.015355089,0.049304586,0.0100922
1.34698,0.00033591062,4.6198187,0.11113642,8.583344,1.3414271,43.20807,6.181934e-05,10.737433,2.8437407,2.7246852,95.529564,1.4710333,0.021260483,0.0020633333,0.18443508,2.201172,0.014855994,0.07058847,0.012020717
1.3375653,0.00035947724,5.6382093,0.07925957,9.562349,1.5821096,49.533657,6.8412155e-05,11.38128,3.9707613,3.138904,116.08389,2.017385,0.019531561,0.0024039808,0.28601074,2.789755,0.019316072,0.076735325,0.013402235
1.4286667,0.00031269295,3.94906,0.09186749,9.385907,1.3437536,48.575237,6.104465e-05,11.047459,2.944748,4.11045,77.54797,1.345912,0.018025387,0.0018066796,0.21475597,1.9259638,0.01522515,0.09396553,0.012108783
1.2108499,0.00026499017,3.2336657,0.09566529,6.7738833,1.3651624,26.645962,4.9720857e-05,14.288182,2.4769793,2.4726932,69.518425,1.0275346,0.01867389,0.0015086484,0.107285246,1.5750365,0.013897595,0.08801547,0.009587078
1.273169,0.00033082967,4.8804746,0.08693311,9.062222,1.4396076,41.40473,6.165654e-05,13.682727,3.4583504,3.065981,89.78335,1.8945953,0.018582053,0.0024763108,0.18452205,2.534036,0.015659852,0.059596524,0.011112477
1.2862295,0.0003010697,3.562832,0.0890586,7.6760564,1.4035912,33.41807,5.6515706e-05,11.940433,2.727862,2.883627,73.35203,1.2634572,0.01881616,0.0017896438,0.1348615,1.5971837,0.013010897,0.079902336,0.008528226
1.2959149,0.00027291922,4.0539646,0.11363523,6.8772035,1.6044688,31.19614,5.0503768e-05,12.192664,2.840455,2.6463826,90.671455,1.006392,0.020286564,0.0020069187,0.10287166,1.9224414,0.013100637,0.060573574,0.010663588
1.0919058,0.00021980723,3.7622015,0.05602471,5.4717517,1.4036885,19.623684,4.278662e-05,8.770714,3.0257394,3.4022036,63.291264,1.7454226,0.015042162,0.002155159,0.12220754,2.1210341,0.0081714615,0.05684278,0.0067897765
1.1103938,0.00024636026,3.2261827,0.06695195,5.6427274,1.3722669,22.600912,4.7140966e-05,9.175766,2.8904166,5.2688107,57.21008,1.4805957,0.016585045,0.0017423736,0.12486383,1.6136631,0.010578479,0.08543315,0.009830229
1.104661,0.00024549366,3.800844,0.064487554,7.0443377,1.5460861,26.410229,4.718015e-05,9.147222,3.512234,3.7064457,59.576298,1.9509887,0.015365025,0.0025073774,0.16023584,2.0013165,0.0098031955,0.0857833,0.010169652
1.1346873,0.0001648598,3.4926777,0.04617091,5.6403313,1.5977485,21.044243,4.5009307e-05,8.885747,2.9392557,2.5075326,66.23434,1.2507973,0.014687953,0.0012676885,0.1141363,1.4578861,0.010657192,0.08374489,0.009238032
1.301196,0.00020617947,2.6694806,0.06049365,7.4517174,1.172018,30.779234,4.359449e-05,10.354644,2.2655065,5.4558883,42.537624,0.98288864,0.01325608,0.001128372,0.12368183,1.2388142,0.010879236,0.08688575,0.009571281
1.164071,0.0002742679,2.9322522,0.076613225,6.6861525,1.2100848,27.989967,4.879274e-05,10.27413,2.7135298,4.568035,52.46075,1.4212296,0.017042555,0.0017697185,0.123166844,1.6251662,0.01028558,0.081220925,0.00983315
1.1605799,0.00028535025,3.7363582,0.081699505,5.89729,1.6485211,24.559454,5.4749922e-05,16.140469,2.6567514,4.650096,72.504875,1.3431107,0.022076448,0.0022319811,0.14885521,1.5477326,0.011994557,0.1076168,0.011592606
1.136727,0.00023432232,3.438638,0.08391941,7.986678,1.464375,33.677605,4.8661175e-05,12.182593,2.8918755,3.9369347,63.419785,1.2974999,0.015940472,0.0014694104,0.14855354,1.4352148,0.013754891,0.101579145,0.011311096
1.2492176,0.000270202,3.4525027,0.083202586,7.990693,1.4589773,33.297024,5.27057e-05,11.121794,2.7621267,4.656397,56.702484,1.3692596,0.016782075,0.0014149123,0.16597413,1.3824508,0.014316412,0.10082899,0.012209804
1.2110676,0.00024557175,3.287547,0.06182621,9.521922,1.4193707,25.410435,5.3131407e-05,11.720966,2.645432,1.7497714,60.287354,1.1992292,0.017228967,0.0016432438,0.12924166,1.5483975,0.010384475,0.09528722,0.01018742
1.1719816,0.00024649894,3.3141062,0.06024815,8.138228,1.407064,25.841606,4.9464066e-05,10.20226,2.7192545,1.9651772,63.043797,1.1817259,0.015182605,0.0014981624,0.13171202,1.5273291,0.009845939,0.08902632,0.009656613
1.2116404,0.00026847466,3.7837396,0.057133626,7.0968432,1.6663082,27.547646,5.572761e-05,11.326936,2.9835045,3.1603034,67.01314,1.4517295,0.017114498,0.0016938503,0.13901341,1.5545115,0.011231271,0.10136332,0.012391312
1.2964262,0.00022073966,2.6273565,0.08901135,8.117253,0.86218613,35.90648,4.1082923e-05,9.382218,1.9753773,3.557071,51.32984,0.98877776,0.016424436,0.001242252,0.14113744,1.0010072,0.010928865,0.09784476,0.0104043
1.2824172,0.00013492601,2.067569,0.059713576,7.2665095,0.825555,31.429243,3.995015e-05,12.01611,1.1400458,1.156593,43.362026,0.43191236,0.014941367,0.0009903538,0.11800741,1.0408149,0.013799207,0.08727033,0.011848259
1.2909654,0.00024214308,2.8205917,0.085751966,8.30093,1.146855,38.194626,4.7659276e-05,14.004656,1.9792349,0.78947926,56.583412,0.8075388,0.019124348,0.0016788979,0.12268936,1.2410462,0.013374397,0.09967561,0.012611615
1.18454,0.00022920738,2.984865,0.0590748,8.242478,1.2868876,33.510845,4.8285223e-05,11.623485,2.1441822,1.0439336,59.121544,0.94987637,0.017997777,0.001390468,0.14310205,1.235888,0.0117334,0.110312514,0.011050706
1.3377225,0.00022999685,3.6933892,0.067666546,8.624742,1.6473165,41.176373,5.173107e-05,9.805144,3.2002683,5.5989842,60.627464,1.4013819,0.019684678,0.0021204434,0.14277305,1.6338581,0.010186811,0.08681443,0.011456488
1.1779613,0.00023561392,3.4589748,0.07746331,8.073311,1.4728755,37.45508,5.1111507e-05,10.647928,3.0545387,1.0382102,78.822815,1.3183903,0.018755827,0.001678598,0.10948689,1.3867507,0.009607737,0.08981899,0.010218032
1.2045844,0.00026421994,2.8113046,0.07466464,7.493326,1.0860405,35.336136,5.2295938e-05,13.4574,2.0982907,0.73313004,57.13971,0.86399573,0.016355371,0.0014640072,0.12857603,1.2268472,0.01336946,0.098303646,0.012163785
1.3140848,0.00013552404,1.3626655,0.07141336,9.898648,0.7317146,43.96192,3.6598536e-05,11.0873575,1.0036894,1.0685284,31.965097,0.37165287,0.012279204,0.0007212311,0.074723594,0.49284032,0.011080933,0.10438919,0.013365083
1.21537,0.0002681006,2.8368711,0.07381322,8.455169,0.9992194,36.964565,5.0000996e-05,10.986939,2.0434523,0.87725127,54.857533,0.929135,0.016994484,0.0012904372,0.12551026,1.2797065,0.011999983,0.09539898,0.011611704
1.2001106,0.00031765187,6.0826616,0.055382125,7.893021,2.2701566,37.31392,6.5813096e-05,14.207584,5.763592,2.927633,113.66175,2.7569032,0.018601038,0.0022519634,0.16948465,2.493006,0.0140368175,0.101975404,0.014468008
1.2502652,0.00026298017,3.3372555,0.06730414,6.3985186,1.5037316,32.334167,5.1267147e-05,11.3387575,3.246034,2.5015275,66.27955,1.304115,0.015257131,0.0014950937,0.115450576,1.6578279,0.01433693,0.10531925,0.012764221
1.1041398,0.00032409446,5.431469,0.0784541,5.887202,2.1280127,24.868399,5.8631947e-05,9.730715,4.1192493,2.8268042,95.599174,1.86528,0.02068317,0.0025133733,0.14891167,2.2395754,0.012013191,0.09366149,0.011332575
1.3213818,0.00022930889,2.5472636,0.08495307,8.548257,0.9710717,38.967087,4.8177204e-05,10.659503,1.9307991,0.8985039,51.082523,1.0477678,0.016862692,0.0013915803,0.12960936,1.1162896,0.01463729,0.101362735,0.01304469
1.2439097,0.00025226208,3.110502,0.062246528,7.710422,1.126739,36.155254,5.036483e-05,11.174891,2.4871755,1.145446,60.25906,1.3029401,0.0147205535,0.0016694671,0.13337752,1.3300468,0.012718861,0.10489231,0.011766951
1.0398865,0.0003087168,4.8086863,0.05274601,6.0358973,1.7823309,25.00165,5.3759362e-05,10.121279,3.9321935,3.2496789,84.89915,1.9172388,0.019106518,0.002521772,0.13905188,2.3824527,0.009640436,0.071075946,0.008712233
1.1200527,0.0005168854,10.444086,0.086024255,8.254556,4.1255984,33.37126,8.252769e-05,17.811352,10.124514,2.8223217,187.4942,5.692247,0.026432747,0.0051485444,0.19913411,5.078729,0.01562742,0.11422764,0.013039719
1.1167712,0.0005674139,10.446509,0.110616244,7.7120814,4.671888,35.80659,8.1746526e-05,16.280703,10.219685,2.9834926,186.44649,4.8139234,0.030998785,0.004255889,0.20212361,4.510832,0.015853537,0.12918091,0.01707696
1.2600979,0.00019211497,3.1714766,0.08827812,8.099477,1.2284691,39.53767,4.823266e-05,9.404391,2.2919838,2.483445,67.53383,1.0352331,0.016690992,0.0012634959,0.13124546,1.3065375,0.010142454,0.09592359,0.009985934
1.2653593,0.0002065155,2.736915,0.08458599,8.8255,0.9249352,40.229145,4.2343552e-05,8.338057,2.0579169,2.797357,54.64006,0.9890086,0.015531908,0.001220004,0.13597351,1.1774738,0.009848707,0.08443726,0.009499307
1.306409,0.00020228454,2.7044704,0.053683218,9.517913,1.1179096,48.293907,5.3331976e-05,10.228936,2.5677118,2.2622771,56.83283,1.1317484,0.012916079,0.0017416701,0.13588738,1.2810358,0.011408902,0.11016944,0.012393234
1.3276284,0.00024348243,2.8272443,0.08719023,7.8839264,0.980579,36.438683,5.177304e-05,10.399912,2.021113,0.94999033,54.818764,1.1922491,0.01730597,0.0016027198,0.12610185,1.3649089,0.012510685,0.09614748,0.012123662
1.3418427,0.0002336511,2.805,0.08200187,8.215056,0.9741377,39.26883,4.9721395e-05,10.634206,1.9811891,0.8078372,55.37947,1.1303604,0.017176194,0.0016217938,0.1248879,1.365681,0.01282584,0.08689917,0.011827316
0.9588779,0.0002954015,2.8120618,0.06577139,6.428497,1.2193279,21.772205,4.3195658e-05,16.498848,2.2523925,2.097385,50.944073,0.7676856,0.013491058,0.0010451046,0.12706082,1.3536769,0.014746953,0.10772561,0.008665357
1.0351533,0.00020610512,2.899474,0.05183172,7.3828735,1.3406224,31.000843,4.386481e-05,8.88706,2.810762,4.654395,46.99422,1.0296859,0.0123550845,0.0014278337,0.08943925,1.4893755,0.010011614,0.08413723,0.010080094
1.4159179,0.00024751382,3.2012978,0.07522287,7.813957,1.1189357,37.60899,5.1654508e-05,10.959368,2.2257302,2.935888,63.983482,1.0890062,0.019742737,0.00154784,0.17009284,1.7149774,0.012981193,0.07830276,0.010282539
1.4121661,0.00018438029,2.2434819,0.090005875,9.763815,1.1041119,42.505604,5.2491032e-05,23.059273,1.7501156,2.2881205,57.286304,0.5834706,0.02075095,0.0015860216,0.16078103,1.452179,0.018312458,0.107012264,0.014596169
1.191404,0.00032006737,6.4909773,0.06679728,7.6603556,2.76622,39.004852,6.808964e-05,11.099777,5.829372,3.0402396,117.35979,2.8389916,0.022094276,0.0034269968,0.17576402,2.5892115,0.012536399,0.12752493,0.014473133
1.5821191,0.00016150331,2.0804963,0.045089263,8.7324295,0.8287365,35.02761,4.1865183e-05,12.774965,1.2787511,2.2964249,34.11991,0.56584054,0.013631552,0.0010128047,0.14394262,1.2986228,0.012091369,0.08214175,0.011979153
1.2460428,0.00033828686,6.262188,0.08436106,9.3028,3.1649158,40.406746,8.2989965e-05,18.795767,6.6868496,2.517973,105.10461,3.0857382,0.019476397,0.0025118096,0.23513742,3.1773946,0.021381207,0.16318388,0.017375236
1.3661208,0.00025886908,3.1182036,0.08331917,10.313214,1.3380768,36.857685,4.8413105e-05,22.875,2.358208,5.059683,53.504307,1.1753424,0.016743898,0.0021488992,0.14815854,1.8506871,0.011501148,0.102780305,0.0081984075
1.07492,0.00025061576,3.7280307,0.06684821,7.161612,1.4678153,26.692215,4.8052054e-05,11.907863,2.805466,2.4240885,72.52529,1.2622988,0.016505284,0.0012797551,0.13113776,1.74945,0.011134446,0.10603282,0.009381419
1.2531779,0.00016560098,1.8956329,0.06221832,7.2394586,0.86979604,35.93963,4.084836e-05,13.311534,1.2643558,1.1288122,48.55158,0.43056592,0.016759329,0.0007709363,0.10542882,0.97348076,0.012772192,0.10015257,0.010606316
0.8797382,0.00025790848,3.2626386,0.04978543,5.964396,1.4282063,20.346018,4.5685527e-05,13.383567,2.7492557,4.0205274,57.97716,1.2709942,0.015757807,0.0016757307,0.10651628,1.5762808,0.010299951,0.08343925,0.007890616
1.1526958,0.0002664639,3.6628835,0.061936647,6.866465,1.3456655,23.18995,4.510015e-05,12.923729,2.6662004,3.3592577,61.96583,1.2528735,0.01764994,0.0019335145,0.118149474,1.9934131,0.009536998,0.06643487,0.0082062185
1.1573464,0.00016308718,3.3136072,0.04462414,5.985619,0.79514146,28.193121,3.1573858e-05,6.9430337,2.0210686,3.3606255,60.226295,1.167449,0.013304618,0.00218149,0.10469694,1.4718242,0.006327178,0.035481356,0.0061291642
1.2821804,0.0002676501,3.765724,0.06582262,7.097219,1.0554405,36.15121,4.3901437e-05,8.539893,2.6295352,3.5178897,68.35406,1.7560381,0.013244636,0.0018612318,0.1746659,1.7301949,0.010463501,0.060324065,0.011107912
1.2473005,0.0003877987,4.3975635,0.14761929,8.349513,1.4827385,42.01405,6.238572e-05,8.5917015,3.133139,3.7025077,83.16183,1.1333185,0.024293536,0.002145981,0.2126366,1.833717,0.009784432,0.08042337,0.012475467
1.318317,0.0002729959,4.753948,0.06898097,9.34677,1.912827,47.071827,6.128053e-05,9.879163,4.084325,3.2386913,87.75195,2.3039904,0.01971974,0.0030635977,0.2341909,1.9595876,0.014428679,0.071652,0.016925596
1.1629816,0.00015419473,3.3791404,0.04273452,5.598658,0.72013795,25.730364,3.1640528e-05,6.764024,1.7910113,3.3156056,60.07177,1.1183102,0.012239546,0.0021783833,0.10585143,1.5504422,0.0070017306,0.040137872,0.0072254133
1.0948668,0.00017952434,3.4993832,0.048434358,6.4774714,1.0316358,28.614096,3.6036537e-05,8.594746,2.3174133,2.8466468,62.512768,1.1623219,0.011092491,0.0017392928,0.107319556,1.3749336,0.008918204,0.07102029,0.0076162466
1.2375803,0.00064679014,15.79302,0.14231692,17.623857,5.184684,44.373116,9.9203244e-05,40.439983,14.637347,3.454819,278.56665,7.881148,0.032804318,0.00424047,0.39890572,6.9934387,0.028556474,0.124187194,0.020118961
1.279802,0.00038656942,4.435742,0.039896253,9.238693,1.4842974,51.184856,7.436293e-05,8.684924,3.0799704,3.4428186,84.10229,1.3615069,0.019075066,0.0025616519,0.2267615,2.0735712,0.0078465985,0.08717318,0.010312768
1.2650564,0.00030740612,3.4578793,0.1263684,9.30726,1.18119,47.086395,5.6807487e-05,9.414314,2.2445674,3.6794755,70.58763,0.9520896,0.021695036,0.0015914987,0.1630745,1.3721259,0.008495517,0.07356854,0.009756483
1.2253975,0.0003354491,4.986846,0.057765894,8.351532,1.6545937,40.851856,6.550835e-05,9.717852,3.3885005,3.1474915,91.85621,1.7079219,0.025148923,0.0025869326,0.18964764,2.4931784,0.006041477,0.04285349,0.007020612
1.2581304,0.00037439528,4.987016,0.050543673,9.177458,1.5768203,46.0127,7.297264e-05,10.543297,3.622465,3.1000938,94.84012,1.7122577,0.02509537,0.003284493,0.22538082,2.2884796,0.008410985,0.0722272,0.010469874
1.2492065,0.00036140165,4.2619734,0.034703493,9.618736,1.9086958,48.74087,5.7876772e-05,9.214977,3.535574,3.3522909,84.06536,1.7488331,0.018167589,0.0020314525,0.1896795,1.5931692,0.005457829,0.071070775,0.008066903
1.3516611,0.00040908696,4.458994,0.080147974,11.548929,1.3415118,64.631,7.865796e-05,10.751649,3.0054545,3.690448,85.69334,1.3974239,0.017347364,0.0018018712,0.2359274,1.9226193,0.010351749,0.10096918,0.012103865
1.2890501,0.00036518858,3.7603588,0.14581019,9.072908,1.3727031,47.63622,5.7387453e-05,11.510976,2.4441597,3.4562762,74.46778,1.1355741,0.025324361,0.0020847807,0.17455417,1.7644019,0.005515628,0.06290969,0.007952579
1.2249153,0.00034875836,4.116098,0.06624059,9.557278,1.5738616,50.80302,6.668209e-05,10.479871,3.2094834,3.3300042,80.38328,1.4833499,0.015797958,0.0017329514,0.20934871,1.739176,0.010668908,0.087066,0.010205649
1.2569379,0.0003706357,4.4497595,0.10079247,8.551136,1.8030398,41.77776,6.4986976e-05,9.457107,3.4485655,3.3091798,82.09235,1.3954803,0.020607023,0.0026212914,0.19894704,1.8485762,0.008593467,0.07794146,0.0084052505
1.2769737,0.0003832083,5.21156,0.056035835,8.955211,2.099308,47.594013,7.598122e-05,12.049504,3.983473,3.5799694,102.86928,1.8837703,0.023797786,0.0025669422,0.25023764,2.3085616,0.01114982,0.09219232,0.012367701
1.2326088,0.00033595224,5.0916023,0.052243344,8.494864,1.9302446,43.887283,7.050559e-05,8.601635,4.0223465,2.8820186,95.38089,2.3261983,0.024461446,0.0029644435,0.19389607,2.8324542,0.006504193,0.034902394,0.0065945387
1.2346473,0.00032831103,4.547073,0.049604688,8.526953,0.9676357,40.322437,4.471852e-05,13.999762,3.422745,3.5653143,85.50233,2.159287,0.019987578,0.0028398144,0.14552552,2.574433,0.004279176,0.047888223,0.003417752
1.2202065,0.00031692316,4.87705,0.062913574,8.430756,1.9075705,44.230362,6.68027e-05,9.275032,4.159444,3.2709284,89.06475,2.0453105,0.01872416,0.002271767,0.1949279,2.037365,0.00858145,0.06493716,0.007247925
1.3294301,0.0003511283,4.0712457,0.13865711,9.967906,1.3242503,52.0724,6.8404515e-05,8.978852,2.993218,3.0349543,78.08629,1.347678,0.023642274,0.0031311042,0.22218734,1.7393985,0.0111765275,0.090339355,0.013160213
1.284002,0.000346334,4.56525,0.055035155,11.030798,1.657525,61.295147,7.556546e-05,9.517619,3.7660887,3.3609002,84.88205,2.1384053,0.014891494,0.0022790618,0.23853983,2.0795782,0.011230199,0.08656929,0.011653883
1.3822565,0.000410672,3.517809,0.16625923,11.399918,0.7643768,59.963005,6.0204136e-05,13.973429,1.1522758,3.094402,70.047516,0.38654163,0.028438354,0.00086298893,0.16857672,1.7649969,0.006858728,0.064617425,0.009339726
1.2212948,0.00035865593,9.580409,0.10683371,10.58303,3.2478757,40.550507,8.359086e-05,20.897964,7.1989193,3.0061119,163.98308,3.7490895,0.021847207,0.0038169231,0.27537212,4.897483,0.016746806,0.09939945,0.015203077
1.2489445,0.00047331676,7.7168717,0.063936785,11.087033,3.4124794,57.417446,9.425607e-05,11.302152,7.4992685,3.1361494,136.3755,4.0379353,0.021602925,0.005149973,0.27377978,3.3642762,0.008820448,0.12207137,0.0138981845
1.2617961,0.00057092187,14.506412,0.09640832,16.521706,6.2780347,47.521202,0.00010006414,39.37866,14.3167715,2.951538,263.5338,7.8404927,0.030552562,0.0043298206,0.27224118,6.024789,0.019224264,0.062214013,0.014488022
1.2061293,0.00038682527,5.9163904,0.06535122,8.592689,2.117045,40.09907,6.876084e-05,7.2341375,4.2230134,2.7765725,110.63523,2.2365267,0.02634397,0.004049544,0.20536675,2.843736,0.006158853,0.06042081,0.008667966
1.2514118,0.00033606953,5.108346,0.09242566,9.649656,1.854926,46.51575,6.0510974e-05,6.020462,4.1832914,3.228101,96.58455,2.2620075,0.0190229,0.003789919,0.18218523,2.284767,0.007964276,0.06261113,0.010633035
1.2039944,0.00043638833,5.433288,0.08135917,8.772643,1.7661483,45.007698,7.0869464e-05,12.138598,3.4630518,3.4222777,109.080284,1.8553354,0.025428051,0.0020103462,0.21369705,2.9618232,0.007858495,0.07814602,0.0061859004
1.3181639,0.00050591055,10.561197,0.12155771,12.424601,4.246565,64.74597,0.00010894594,14.212804,11.037957,3.3817704,193.34503,5.904844,0.042025086,0.0067505217,0.32263225,4.4508495,0.014902936,0.14779106,0.019532338
1.1720252,0.0003914938,9.6987505,0.115784265,7.867597,4.052627,39.783474,8.03321e-05,16.04429,9.751944,3.3437903,175.0505,5.1590343,0.02362386,0.0049088644,0.18247798,4.4258876,0.011227765,0.081664875,0.014717842
1.047548,0.00048574913,8.926767,0.05107341,6.627369,5.439779,30.60306,9.6162126e-05,18.627234,9.508164,3.3455446,163.17804,4.284156,0.005565731,0.0020038832,0.19724825,2.4074593,0.008633709,0.115177535,0.014615019
1.1936766,0.0004551356,17.930082,0.08103923,11.891154,7.235309,46.21317,0.00013067204,38.53297,18.330431,3.4451196,314.89502,9.290778,0.021322647,0.006193182,0.336606,7.1733847,0.021319918,0.1622747,0.021425001
1.193699,0.00043981354,8.581652,0.08373345,10.394393,3.4461758,52.361774,6.6628774e-05,11.729341,9.345055,3.2754555,157.5193,5.597571,0.017197018,0.0051328996,0.23406696,4.233103,0.015155213,0.09799534,0.011709313
1.2391533,0.00042627254,15.72726,0.08050703,12.827031,8.865767,57.92151,0.00013484096,34.8012,17.095984,2.9530776,272.28812,9.023809,0.026645716,0.0061485064,0.3803089,6.468459,0.02012167,0.16124995,0.021198457
1.2514069,0.0005145778,9.587563,0.07312465,11.337724,5.100718,59.69077,0.00010462205,13.645465,10.86676,3.2291577,183.16614,5.332401,0.03316103,0.004843518,0.27753076,4.263641,0.011022529,0.11935557,0.014343919
1.2500477,0.00045141147,15.818039,0.1159889,14.882708,6.8311586,51.592667,0.00011224713,33.91073,17.026627,3.366119,296.61038,8.345998,0.026713885,0.005095702,0.3254109,6.44044,0.022838745,0.16629137,0.021855796
1.2710129,0.00049238105,7.2672534,0.11812474,11.752942,2.4459596,58.59334,8.778143e-05,11.472574,6.7183633,3.3360128,132.92302,3.660943,0.025295261,0.0036112983,0.27775422,3.0659926,0.014621136,0.10933048,0.016745234
1.219716,0.00038076253,6.5079412,0.067557365,9.735961,2.3978138,47.266006,6.531321e-05,9.426802,5.3359766,3.2380185,112.78752,3.2260673,0.017303715,0.0044812327,0.21411872,3.2137785,0.008430502,0.07993753,0.009376692
1.211881,0.00048106152,9.6255865,0.07606731,11.269975,3.9641194,54.453228,9.397101e-05,13.581763,9.480223,3.520576,183.32512,5.1112704,0.025523862,0.005409684,0.26495335,4.773277,0.010259748,0.11091853,0.012969479
1.1973939,0.00040867302,5.370745,0.09749231,9.496848,1.9765104,49.686546,6.761736e-05,8.633074,4.8494186,3.1628497,98.15398,2.2834268,0.024397328,0.0030735584,0.18548654,2.6837525,0.0077618165,0.05935298,0.008747647
1.2089792,0.00038613373,5.4703207,0.06434205,9.715319,2.200053,52.540066,6.776096e-05,7.372122,4.9138007,3.0064178,98.91835,2.5869741,0.012951462,0.003783749,0.20663914,2.5008385,0.0068702716,0.08707432,0.010190414
1.2393252,0.00062954443,8.139755,0.1959611,10.209415,2.2793992,40.095547,8.984244e-05,18.540142,5.6926928,3.0102165,161.69371,3.4670935,0.042780668,0.00410327,0.23706429,2.560949,0.01945735,0.13236815,0.020157533
1.1863371,0.00055006635,5.8361144,0.21267381,7.280711,1.9483029,32.278656,7.8899975e-05,11.538284,3.8888845,2.8586261,116.00152,2.093915,0.04464048,0.0020666798,0.18709242,1.746271,0.01899581,0.14662045,0.019997114
1.2949015,0.00045568738,5.8771944,0.20193917,7.0243297,1.6987739,30.205015,8.226634e-05,15.284807,2.3430965,2.958427,121.76293,1.8724331,0.06372271,0.002786628,0.25050777,1.7605889,0.018233195,0.1791809,0.024799613
1.2466457,0.00042471752,7.260518,0.06481089,10.162917,2.0157738,49.724705,7.469075e-05,16.02928,5.577931,3.0407863,140.93478,3.7626567,0.03365511,0.0039368933,0.2051249,4.5849843,0.007724533,0.06424477,0.006240393
1.2684091,0.0004675092,5.041354,0.19942072,8.35534,1.4823835,40.55342,7.832049e-05,10.366454,2.4467816,2.8056407,105.586426,2.5953019,0.04888872,0.002748783,0.26662496,2.3566732,0.018645525,0.13225198,0.023420239
1.1980315,0.00027337813,4.165002,0.050447285,7.937945,1.4096091,40.03019,5.8178077e-05,8.5589075,2.7793138,3.3335156,76.613045,1.2747314,0.019335128,0.0017353386,0.17782478,2.0912454,0.00681333,0.052039754,0.0066619534
1.1852992,0.00023317906,8.243533,0.094205126,8.620967,1.8629911,22.32599,6.348452e-05,18.739975,4.4383173,2.9648747,150.49686,2.7823017,0.017072704,0.0045391433,0.20259129,3.7882216,0.016935643,0.048646923,0.011807935
1.211808,0.00037964876,3.9319634,0.08577277,6.2818837,1.4429951,30.362051,6.680902e-05,8.759673,2.6184838,2.5970914,79.791176,1.1658568,0.019743532,0.0014337406,0.16872814,1.4904718,0.007396491,0.07287167,0.0053368243
1.235891,0.00036933293,4.0235515,0.099045895,7.7256894,1.2994568,39.90361,6.961807e-05,8.333016,2.3601384,3.1116164,80.70261,1.3338029,0.021098573,0.0011967998,0.20267011,2.0597374,0.0107434895,0.08198221,0.008305838
1.2903128,0.00069474266,19.222202,0.13866647,15.394003,6.7088733,59.288418,0.0001414253,40.081596,17.298782,3.47915,344.31274,9.30107,0.023916436,0.006700356,0.5192033,11.032907,0.034665376,0.23073295,0.027782446
1.2011682,0.00059460715,15.6784115,0.25494504,11.613497,5.018889,45.773643,0.00010584103,30.864502,15.079805,3.5223384,282.58963,8.754208,0.031910077,0.0072930017,0.373623,7.278444,0.025401678,0.1296421,0.024585377
1.2046719,0.000430845,9.217199,0.1029418,10.30508,2.908175,38.11078,7.2921204e-05,16.154236,7.9216084,3.4511507,159.10408,4.507147,0.021885877,0.004104221,0.22477792,3.9371877,0.012256042,0.081338376,0.011888609
1.2319504,0.00028169333,14.343056,0.0856508,14.363621,4.657684,29.696527,9.073632e-05,27.446651,11.816332,3.2073936,254.61842,6.638911,0.02248731,0.0053986968,0.346235,5.870036,0.027258856,0.09248946,0.025639959
1.2572948,0.00039927303,9.301673,0.09302815,12.114375,3.047778,39.292072,7.8746605e-05,14.493507,8.275685,2.9331613,171.08817,4.4443345,0.017920455,0.003700648,0.24659576,3.8575475,0.017065324,0.09135758,0.016276378
1.2582446,0.0005401621,13.739986,0.122020684,13.458934,5.3931217,44.314762,9.4489216e-05,17.48629,12.681961,3.309012,246.50969,6.4198437,0.024241753,0.0039322,0.31885847,5.929439,0.022469545,0.121756755,0.020411542
1.2186239,0.00039010466,13.598565,0.07776444,13.685071,5.0220103,36.771286,9.326404e-05,18.743402,11.5213375,3.1710885,254.05374,6.4700475,0.017435234,0.00540325,0.30995354,5.182421,0.025357747,0.115043685,0.022841703
1.2228649,0.00033511317,4.384057,0.092965715,6.4486775,1.4135987,31.801182,6.38742e-05,9.368957,2.972158,3.2976594,85.679276,1.467684,0.023701586,0.0016822343,0.19463482,2.1074913,0.011510071,0.07293701,0.009226137
1.2892494,0.00033547613,3.8088863,0.07138147,8.48601,0.9122995,45.202282,5.8979407e-05,8.056318,2.4941108,3.3945272,68.22565,1.4234911,0.020434713,0.001351094,0.19178094,2.1687615,0.007829929,0.041800786,0.007088477
1.2825428,0.00025817408,5.7039423,0.103173174,12.121913,2.3827417,39.719963,6.0577793e-05,16.061607,5.6291223,3.4091613,100.18434,3.0738025,0.029247107,0.004058931,0.224069,2.3044097,0.011051717,0.061638832,0.015162397
1.1801248,0.00035629718,3.8492157,0.14621246,6.0820503,1.5798746,30.45014,5.3982094e-05,8.848442,2.8983989,3.1937997,80.43792,1.2721258,0.021567771,0.000953022,0.13663174,1.0797675,0.010488776,0.08821468,0.008444136
1.253188,0.0003217733,4.2416525,0.061310336,8.417833,1.2034899,46.010704,6.44563e-05,8.291272,3.3026245,3.3553097,76.84312,2.0008001,0.013493411,0.001671177,0.20389,2.1670473,0.009196354,0.05247847,0.008520021
1.2596246,0.00026917868,4.2916493,0.07811369,8.161363,1.2240978,42.883682,6.496406e-05,9.344753,3.021551,3.2179978,77.22747,1.5448935,0.020965116,0.0025619066,0.22030143,2.3345344,0.011486209,0.057310406,0.011353668
1.2108091,0.0003456447,3.9023867,0.10551556,6.5381145,1.2267748,34.674816,6.7990804e-05,8.970018,2.8477697,3.1836982,78.8036,1.3446686,0.022605715,0.0018046454,0.16974886,1.9268641,0.008087319,0.07024422,0.0051700072
1.2925932,0.00036405536,3.881202,0.05505271,9.515355,1.3171991,53.72054,6.285905e-05,8.927201,2.8156765,3.244938,73.79236,1.2672105,0.019558318,0.0014719093,0.17379053,2.0228083,0.007401454,0.063524075,0.008001008
1.2342466,0.00031890467,3.8591356,0.040118683,8.789911,1.0019754,47.4985,6.7374436e-05,8.98863,2.7677057,3.4722643,73.86077,1.3569657,0.0161425,0.0024608052,0.229483,2.2908835,0.0069661047,0.06752561,0.0074127656
1.2949377,0.00032442788,3.9533806,0.061283864,9.193857,1.2554708,52.350487,6.969988e-05,9.084292,2.9858367,3.074762,74.24072,1.899407,0.013202241,0.0017921737,0.23339657,1.9421306,0.011930399,0.06073758,0.010913375
1.2657477,0.0003206664,4.396421,0.067679524,8.567074,1.1755072,43.187954,6.137787e-05,8.499184,2.7171948,2.7960136,83.35616,1.4623374,0.022674564,0.0019390215,0.21476367,2.5698636,0.0089420555,0.040775273,0.008664764
1.1516962,0.00031379165,3.8380458,0.07118574,7.8982315,1.2351168,38.921352,5.831013e-05,4.9760003,3.596577,2.99189,73.94085,2.3266978,0.008655646,0.0017814869,0.18061331,2.1538541,0.008174591,0.04426916,0.0055380487
1.0219797,0.00040439272,8.438906,0.100606024,8.582472,2.7175722,35.39186,7.242673e-05,28.343906,7.124074,3.1429396,147.28154,3.608079,0.018559292,0.0023315859,0.26889768,4.4005566,0.020580838,0.11943386,0.011622064
1.263581,0.00036683286,4.65572,0.102812774,7.941252,1.5863602,39.016296,6.6207445e-05,11.415417,2.7706764,2.9739761,90.95634,1.0478741,0.022194048,0.0013430493,0.1777523,2.5542004,0.006932985,0.08471303,0.005539844
1.2384919,0.00036803432,3.835087,0.17112884,8.302443,1.2940351,41.347954,7.620085e-05,10.744801,2.2636902,3.2652133,81.10901,0.7352813,0.02717108,0.0009679362,0.22779572,1.5299591,0.014139533,0.14485757,0.011548151
1.0651832,0.00025677634,5.245026,0.047352627,7.7100663,3.312507,37.511078,5.7038047e-05,8.5234785,5.5893254,3.1058307,112.41802,1.9094799,0.014270076,0.0015243262,0.15272383,1.1777797,0.009467281,0.15847783,0.009588858
1.0775213,0.00013208899,3.8748128,0.009695809,6.22213,2.515528,28.168034,3.754459e-05,10.573538,5.06973,3.232917,84.270325,1.7341756,0.010647898,0.000996272,0.12305889,0.8699468,0.009089442,0.13738738,0.007587175
1.2881544,0.00039396706,4.6469994,0.16786326,8.647527,1.4094069,34.549587,6.3012325e-05,18.363348,2.4436023,3.047324,95.07155,1.1001073,0.03402421,0.0012905267,0.17670256,1.7417914,0.01149814,0.115492225,0.009751937
1.1570941,0.00021351223,3.1161997,0.025552534,7.3564367,2.3578048,38.73609,2.8840539e-05,9.680756,4.188255,3.1944268,75.760605,1.2155789,0.008015348,0.0007007666,0.08811762,0.43074024,0.0021555743,0.10806818,0.0029642917
1.3610157,0.00017844397,2.4344282,0.048025418,8.446951,0.94628173,42.53825,3.0331528e-05,12.337144,1.2782499,3.756561,48.954292,0.59186345,0.017786775,0.001023253,0.124125965,0.80699694,0.008873591,0.09588446,0.009544524
1.0644888,0.00019311628,3.4907959,0.007940432,6.4088764,2.1005707,28.096699,3.809749e-05,11.382323,3.793068,3.4940054,75.16758,1.2149544,0.008160912,0.0011099128,0.11179182,0.78748477,0.007343857,0.111678995,0.0064919903
1.2286857,0.0003235699,3.4428923,0.07729681,8.071281,1.1165165,36.811466,5.454159e-05,10.572297,2.1265712,3.0996108,64.76786,0.93647194,0.01653387,0.0013418541,0.17440335,1.6332564,0.00783236,0.08222795,0.0067923274
1.2573056,0.00013887428,2.9590652,0.029941395,8.022818,1.7286575,48.883396,3.6938865e-05,9.073476,3.129154,2.4684207,67.694984,1.1113619,0.007407385,0.00089221983,0.12653507,0.7689056,0.008282718,0.11704441,0.0073056864
1.1199347,0.000166924,3.1109056,0.020228012,6.4265003,1.942632,30.024717,3.2680793e-05,11.399568,3.6155415,3.6171532,68.53862,1.1125046,0.008668584,0.00076950213,0.10210842,0.79352444,0.0060368613,0.10392516,0.0052127307
1.3271267,0.00047112405,4.0549927,0.12952778,9.190878,1.4508228,47.305912,6.521998e-05,14.137246,2.963804,3.5664358,76.98978,1.284631,0.023085456,0.0014717572,0.21708411,1.4350278,0.011985968,0.09899787,0.009493499
1.1892716,0.00018117919,3.697946,0.021533482,8.659122,2.3515992,38.052612,4.216186e-05,15.177013,3.8926113,3.2362213,82.53371,1.3355263,0.013510656,0.0008793631,0.1270236,0.8967651,0.010120462,0.16532265,0.00771388
1.2205442,0.0003077084,4.7357492,0.08427292,7.321178,1.3731179,34.49225,5.9951908e-05,8.846038,3.6795812,2.9601295,89.11513,2.239238,0.019675808,0.0020868345,0.17464867,2.701719,0.007779159,0.05805787,0.0068916706
1.1196407,0.00019856906,2.9652872,0.08207747,7.0641084,1.4030867,32.01804,3.969049e-05,10.051086,2.3857284,3.510233,67.10592,0.973751,0.016679587,0.0012051273,0.11773982,0.9289305,0.0082100835,0.10715338,0.0070381016
1.2742872,0.00036787195,4.306651,0.08474008,9.46711,1.6810279,49.06368,7.7284916e-05,9.696717,3.261663,2.9952543,84.99423,1.4323102,0.02544489,0.002315668,0.24129847,1.7977643,0.013206282,0.110148825,0.012825796
1.1828722,0.00017205294,3.517442,0.036185108,6.8879824,2.230207,29.776484,3.0387144e-05,10.560321,4.2494187,3.8694832,72.8007,1.4271067,0.011947321,0.0006085441,0.10622416,0.8523231,0.009691183,0.11262036,0.008483842
1.2092859,0.00037149765,4.7017198,0.14081296,8.425973,1.5914999,36.895397,6.474335e-05,13.85984,3.2139552,3.378251,98.03024,1.7118868,0.022404326,0.0020096896,0.16998686,2.2186732,0.0124323005,0.10047095,0.010853706
1.2607281,0.00036209635,4.7630067,0.06031684,10.688933,2.025669,58.910244,8.8022454e-05,11.024321,3.907429,3.1855953,93.54991,1.860844,0.01589925,0.0017400961,0.2880072,1.8269231,0.016184546,0.13746874,0.016480023
1.2677464,0.00034313873,4.235236,0.08186774,8.720213,1.4135818,46.09561,7.024256e-05,10.4278,2.6986644,2.9721973,82.0358,1.4303758,0.019044878,0.0017997253,0.23605381,1.9496049,0.015876515,0.09595782,0.0139271
1.346749,0.0004054756,3.5687253,0.14654158,8.856109,0.9505104,42.027134,7.366725e-05,10.603301,2.1111102,3.3983939,77.96411,0.8136335,0.025690041,0.00083265704,0.2053199,1.4024459,0.011600436,0.124357134,0.011590117
1.2401413,0.0004379697,4.3379145,0.07780415,9.066047,1.8718821,47.656345,6.8263835e-05,11.542757,4.2451186,3.066179,81.00636,2.2183237,0.018585522,0.0023606727,0.19590586,2.2630813,0.0036719942,0.07861394,0.0072759725
1.3249997,0.00045622786,5.0711985,0.09912269,9.6958065,1.5898405,51.700912,7.581817e-05,13.350144,2.3087063,3.0995977,98.157425,1.092741,0.021316534,0.0011941293,0.26018447,2.5381203,0.014417189,0.14780061,0.012477764
1.037475,0.00023400184,3.7608147,0.023918148,7.5462193,1.9318795,36.974785,4.9454753e-05,12.445759,3.2837975,3.27863,72.379654,1.1762595,0.011017415,0.0013409336,0.15055694,1.0336146,0.010256039,0.1263055,0.01000595
1.1409386,0.00016100102,3.0426946,0.024260245,7.490583,2.005803,35.15348,2.8969498e-05,10.478321,3.7224221,2.980952,67.09147,1.2290145,0.0075047426,0.00068714784,0.09681981,0.7362688,0.004892417,0.10102551,0.004582127
1.1053298,0.00017033798,3.2722552,0.004495414,6.172176,2.4752553,29.117973,3.423261e-05,7.1608386,4.504354,3.4552796,75.89702,1.3330078,0.0088277785,0.0009234529,0.11044888,0.6757259,0.008063881,0.12425386,0.0061193854
1.1853689,0.00019277408,2.9573288,0.01661973,9.925104,1.9470859,46.89492,3.8021542e-05,14.394079,2.7033873,2.6331847,57.77215,0.7293759,0.00856721,0.0010304378,0.115621775,0.743166,0.0056734686,0.120376825,0.005747249
1.3045253,9.4458286e-05,2.7691302,0.022928057,8.286833,1.7543302,40.11687,3.4003107e-05,10.464049,2.8338344,3.4549856,62.40799,0.84485096,0.012275789,0.0008367366,0.13597742,0.58010536,0.008858233,0.12714311,0.0098974
1.0207301,0.00016038211,3.902371,0.029554907,6.6206408,2.8300405,27.698565,3.476091e-05,9.232153,5.029462,3.1603353,83.54674,1.5209711,0.006654118,0.0011705837,0.09501352,0.8183787,0.005433078,0.11755837,0.005309371
1.1539186,0.00011553378,3.0918987,0.030095404,6.2280893,1.8854631,28.126604,2.6172444e-05,11.2357,4.029087,3.4422479,64.19875,1.2519683,0.0090738535,0.00046197488,0.09507909,0.8103669,0.0077426936,0.09561649,0.005672581
1.089937,0.000108545195,2.3722692,0.0290579,6.5154543,1.3286107,30.021717,2.6211488e-05,10.040244,2.3319418,2.806481,50.9935,0.68865615,0.00925028,0.0007569412,0.07186944,0.64654064,0.0068582576,0.085445076,0.0056419447
1.1992997,0.00014694453,2.4469495,0.04841666,6.8906074,1.1073585,29.339865,3.0527506e-05,9.614675,2.145727,2.7931051,50.210205,0.7255156,0.015834989,0.0007507091,0.0899825,0.823677,0.006875403,0.07165345,0.0054742903
1.2439584,0.00030855625,3.2007542,0.12189464,8.083249,0.8807298,38.624153,4.8961436e-05,9.359035,1.515434,2.876518,67.70709,0.5245649,0.019158235,0.00097202265,0.14383182,1.3493176,0.010401443,0.07488936,0.008755027
1.2126864,0.00016265766,2.667924,0.05254963,6.924205,1.1015952,31.411516,3.6988255e-05,10.472805,2.0187905,3.0579815,54.83488,0.8623649,0.019452669,0.00082970556,0.10110077,0.9389497,0.008334908,0.09014656,0.0077354917
1.3404348,0.0003810797,4.7021985,0.05115968,10.005107,1.7276349,53.707302,7.196755e-05,11.894694,3.2152572,3.4627218,94.398415,1.4260769,0.017558854,0.0017675222,0.22241844,1.9861635,0.0111123705,0.07547858,0.010222897
1.1812437,0.0007066062,13.932637,0.18134968,8.980857,4.1095343,37.458588,7.309092e-05,25.477015,11.104569,3.2853308,237.82535,6.4115987,0.023023592,0.0046660313,0.2862714,6.125665,0.024224354,0.115609,0.017977998
1.2866747,0.00042059016,10.44217,0.11973295,10.737557,3.6030881,39.86416,8.447292e-05,16.117046,9.554588,3.085937,202.26288,4.7337966,0.021150263,0.003674963,0.29005012,4.818549,0.022327244,0.11391735,0.017142167
1.2333645,0.0003065661,9.270892,0.08364978,11.272081,2.3524556,33.791237,6.6504406e-05,23.086264,7.6774864,3.4041908,164.28107,4.0192432,0.019738352,0.004085321,0.19582973,3.3682628,0.014107958,0.06243749,0.01733713
1.2878369,0.00034556258,5.342443,0.07631837,9.499735,1.8824798,46.72342,6.2352716e-05,11.231216,4.389697,3.3876145,106.978935,1.8724335,0.019199746,0.0028127746,0.17331061,2.0923433,0.011865177,0.08272721,0.013699093
1.335452,0.00035524307,4.248807,0.096075684,9.588846,1.2467933,50.084496,7.315452e-05,11.067198,2.841039,3.4163263,80.745865,1.4659997,0.021014124,0.0024810152,0.22225042,2.2274702,0.012175939,0.07358308,0.011764991
1.2482642,0.00036236065,3.886686,0.058372214,10.832138,1.5453007,59.78304,7.0324204e-05,9.116008,3.715139,3.3106506,73.511215,1.6651942,0.015297847,0.0013315377,0.2253967,1.8302245,0.0098839775,0.091122665,0.010240347
1.3057936,0.00033029343,3.9523919,0.07020362,11.155798,1.9722844,58.787838,8.5329826e-05,9.556431,4.0016365,3.1296585,79.53032,2.050836,0.022959137,0.0029655776,0.22581737,1.9036837,0.005974313,0.09245971,0.008286702
1.3225688,0.00030473244,3.6343923,0.035448316,9.779172,1.2733786,54.438152,6.715569e-05,8.593072,2.9237592,3.6306093,70.09195,1.5230879,0.009840855,0.0015213595,0.21983416,1.6871445,0.009061585,0.064042345,0.009917898
1.3763897,0.00035945108,3.31201,0.08505039,10.599775,1.1904802,55.51045,6.419034e-05,11.290055,2.6360729,4.041233,66.529045,1.1263642,0.016460894,0.0010232875,0.21631324,1.5638072,0.01021417,0.08238945,0.010725151
1.3609598,0.00029340372,4.7837934,0.056068312,10.643574,1.2690449,59.270973,7.438916e-05,10.031484,3.587959,3.219792,84.60701,2.0738783,0.016318498,0.0020884692,0.23050852,2.4912026,0.012450265,0.052295372,0.011766796
1.1726338,0.00034079308,5.5346103,0.054093346,7.7790556,1.3233931,37.84722,5.6805133e-05,11.919313,3.856723,2.8609316,103.80695,2.6795533,0.017953603,0.0031582108,0.1700879,3.0315673,0.0062927604,0.048059262,0.005327012
1.1977288,0.000195357,3.2604773,0.040199745,7.2760763,1.23006,36.55282,3.8513488e-05,8.943794,2.015344,2.3215692,65.175385,0.8322932,0.018440487,0.001522456,0.13647492,1.168187,0.0053207823,0.063442566,0.007631943
1.2305282,0.00043181996,14.329272,0.094702244,11.035062,5.819978,44.779278,0.00010281338,31.40816,13.536793,2.8369846,271.41452,6.636442,0.024696853,0.0054273624,0.28687266,5.6210175,0.017733501,0.1389492,0.019927388
1.2770773,0.00049551507,5.290901,0.23178321,7.652725,1.6403514,34.56929,7.87902e-05,12.888928,3.0914333,2.9991171,95.7918,2.0352116,0.0426766,0.0034426672,0.20578063,1.4879775,0.019968629,0.15220997,0.022937132
1.2004498,0.00042200938,7.3210716,0.09700581,13.024781,2.3790922,41.580036,8.389129e-05,29.012955,6.228537,3.3267338,127.723816,4.195459,0.034115568,0.0035501185,0.24963775,3.5398421,0.012383611,0.07799256,0.010769784
1.3274986,0.0003855067,4.4283266,0.10366542,8.174375,1.4432626,43.81191,6.2016166e-05,12.152588,3.0526834,3.3878584,83.42209,1.2466375,0.020006938,0.0018357027,0.19645175,2.4137392,0.008384407,0.08830343,0.0064637754
1.2609975,0.00028092222,3.978335,0.08420395,7.81697,1.284103,41.411182,5.6641482e-05,7.8310256,3.6123435,3.1407754,76.76006,2.3374646,0.01847068,0.003022901,0.19445343,1.834056,0.012665406,0.08351426,0.009181056
1.239438,0.00029599734,4.72703,0.016967967,9.230572,1.8335025,47.4091,6.599034e-05,9.906458,3.7861876,3.493976,86.4799,1.917534,0.019604964,0.002554536,0.21562396,1.9738,0.008927011,0.072898336,0.009219507
1.1803403,0.00041542982,4.8749614,0.044827472,8.893595,1.8390685,44.848137,8.72423e-05,9.810318,3.7363043,3.1971025,88.98106,1.9987246,0.0074847415,0.0025441544,0.19841872,2.4213245,0.00638589,0.08280492,0.008359357
1.27603,0.00031623163,4.800246,0.05819674,7.6917257,1.5251584,38.178818,5.9749782e-05,9.12442,3.6249857,3.0978782,89.657135,2.1897485,0.023093332,0.002776308,0.17415653,2.4881868,0.007909955,0.03911177,0.0075140763
1.2367089,0.0003172362,6.6784444,0.04309664,8.48547,2.496346,45.90631,8.15683e-05,10.062507,5.425502,3.3969073,120.203636,3.046235,0.027302181,0.0035850313,0.22524424,3.401274,0.009713874,0.050538775,0.0093240505
1.1691066,0.00041378292,5.472805,0.07018684,7.4044228,1.3853434,30.570946,5.735296e-05,15.265041,4.3061895,3.0595393,105.26127,3.0277245,0.023957992,0.002957322,0.1840711,3.6942785,0.008691437,0.07552023,0.0076554446
1.202933,0.00033814757,5.2655606,0.029815298,8.8051,2.54066,44.745724,7.3232e-05,7.5397243,5.1212974,3.210399,97.56954,2.786321,0.016291209,0.0028378526,0.21099307,2.060934,0.008297503,0.08872965,0.010041033
1.2756538,0.00032564029,4.4982038,0.040629514,9.607708,1.8633456,49.34267,6.376152e-05,9.025261,4.3349843,3.382452,84.6927,1.9010366,0.013172977,0.0015490365,0.17617033,1.9916928,0.009491385,0.06725823,0.0061714584
1.213619,0.00036399698,4.2328677,0.06536153,8.721204,1.6567235,42.39105,6.544348e-05,8.450002,3.9607213,3.26481,79.52762,1.9358405,0.018097436,0.0027689778,0.18953523,1.9041958,0.008454391,0.07721828,0.009832082
1.2314324,0.00034294874,4.7035146,0.079013705,7.731539,1.4772441,39.470547,6.53083e-05,9.937574,3.6079955,3.0166748,90.52567,1.9400408,0.025943035,0.0029474942,0.16674605,2.37705,0.005949944,0.04481476,0.0050435993
1.3024288,0.00032928924,3.9357932,0.078160934,10.474926,1.5104297,54.6624,7.5244105e-05,9.338195,2.9467092,2.8016548,75.720436,1.4379867,0.02207909,0.0027179888,0.23056388,1.8973529,0.0070034405,0.0710713,0.009011184
1.249249,0.00027170122,3.576223,0.07790547,8.146227,1.4813826,40.0415,6.401232e-05,9.882946,3.1273086,3.0933363,73.115295,1.5442848,0.01862715,0.0029845382,0.15310976,2.0232344,0.006344023,0.065654375,0.007019968
1.1819072,0.00038915226,5.732083,0.0682189,7.996819,1.5401672,38.393753,6.454645e-05,11.916149,3.759493,3.0687754,105.1269,2.4987237,0.022015197,0.0026070466,0.17680575,3.1634345,0.0050225146,0.049477413,0.004484249
1.254908,0.00031337346,4.1215267,0.10448551,9.143841,1.1832657,45.97302,5.6777717e-05,9.193038,3.4334495,3.4702506,76.128975,1.7772582,0.022141993,0.0027683906,0.16884921,1.8047587,0.0069604507,0.050757974,0.0075809937
1.2354513,0.00038378613,4.7688684,0.05894228,9.80819,2.3307805,52.128387,7.529609e-05,8.960215,5.208858,3.5823224,90.735374,2.5056524,0.020831937,0.002928734,0.22809637,1.8433223,0.0080017885,0.10820176,0.010941511
1.207438,0.00039189108,5.1404643,0.03477563,8.687411,2.0126524,43.50086,6.892812e-05,9.627345,4.371864,3.0446634,92.05977,2.331577,0.016476534,0.0019854452,0.20161204,2.4564602,0.007640403,0.067272924,0.0067795245
1.2327094,0.00030251787,3.9085927,0.06888536,7.472812,1.4832659,36.04493,5.3289205e-05,10.405041,3.2866683,3.1407847,76.0551,1.8122348,0.017313367,0.0018268373,0.18521318,2.3648586,0.007826868,0.07377325,0.006712477
1.2562878,0.00028754835,4.0247664,0.05600208,7.7921276,1.35616,39.04166,4.976948e-05,11.424946,3.1926079,3.2097201,75.82451,1.7249017,0.017261975,0.0022279823,0.1504714,2.1479995,0.0063840006,0.05694799,0.0045434623
1.2065345,0.00035612227,4.478238,0.06526657,7.293595,2.0029876,36.265945,5.191817e-05,10.1928625,4.171298,3.6306598,89.101364,1.9294066,0.012763784,0.0011329792,0.2002853,2.0431197,0.013617394,0.0908374,0.00688121
1.2763633,0.00046741086,13.782128,0.14245147,12.228096,5.6231055,48.137234,0.000115557166,27.141096,14.268557,3.390308,252.11603,7.3056035,0.028160173,0.005269145,0.3329453,5.2890186,0.019858109,0.16238137,0.020045882
1.2412193,0.00022923468,2.6174664,0.0688447,7.5994596,0.99811333,31.505014,4.5229677e-05,11.530347,1.9489106,2.9938083,51.00597,0.8687438,0.013611549,0.0012847168,0.16929913,1.1942917,0.0091255605,0.0772405,0.0068018176
1.1451619,0.00023412972,3.2058444,0.06880017,7.1046047,1.2734305,31.90277,4.6933375e-05,8.924813,2.9106948,3.291786,58.823246,1.8816712,0.016049322,0.00213893,0.14675257,1.7535037,0.006728685,0.047652878,0.0070837038
1.2440003,0.00026610304,3.738341,0.113152735,8.227114,1.8561993,39.652546,5.9899565e-05,11.248638,4.3291078,3.1982634,68.41439,2.6523612,0.025897188,0.0035335626,0.17427371,2.122273,0.006720827,0.06514073,0.008469572
1.2778115,0.0003156548,5.154864,0.04531338,9.313146,2.0206974,45.663944,6.731422e-05,9.607399,4.497686,3.4921613,93.12334,2.5074844,0.016462393,0.0021398172,0.22304288,2.5725336,0.01291617,0.06849721,0.010970394
1.2320033,0.0002902862,3.0656748,0.08274271,7.717903,1.1399996,34.89591,4.8229416e-05,8.930617,1.8722229,3.0068884,62.335377,0.91324943,0.0149032185,0.0013077271,0.16808376,1.1620771,0.008710147,0.08880517,0.0068160836
1.2114501,0.0003184218,3.982146,0.06570283,6.6649547,0.95173436,27.327614,4.0099614e-05,9.256917,2.523583,3.771759,74.6792,1.4043145,0.022023385,0.0022133426,0.13539444,1.9096063,0.0069430415,0.06420017,0.006398269
1.1412243,0.00030698316,3.780703,0.081092834,7.1843796,1.28712,30.451452,4.7947342e-05,9.514126,3.2260475,3.1739967,71.99571,2.0757434,0.021144597,0.0029038952,0.15977179,2.267195,0.008161423,0.048450544,0.005956053
1.2529866,0.00026243587,3.7377162,0.07369915,8.710261,1.1846478,38.30613,4.865799e-05,9.868762,2.7107768,3.1985617,69.46256,1.4123925,0.014419538,0.0012446488,0.19045171,1.7146224,0.010561692,0.05626233,0.0074046114
1.251657,0.00028277352,4.794645,0.059096266,9.141218,1.7327235,48.08994,6.0568233e-05,9.109579,4.116952,2.9892805,91.518936,2.229867,0.019264005,0.002524729,0.19759126,2.61819,0.011077983,0.04823298,0.011126524
1.1931231,0.00022766976,3.358121,0.07656873,5.883098,1.3272288,23.58766,5.18613e-05,10.407481,2.5788386,2.590488,67.144,1.0599457,0.017591784,0.001548184,0.1258308,2.0319169,0.010916974,0.07048563,0.007843709
1.2299087,0.00059759984,4.9812856,0.20255151,11.2385,2.6278272,46.064182,9.548233e-05,42.420998,5.5523353,4.5817146,124.38786,2.6302495,0.034765314,0.0029883804,0.23051421,2.6589818,0.031110054,0.19688523,0.021350663
1.1644075,0.00078763696,18.894379,0.2968709,9.131472,6.8834734,43.81678,0.00012530152,29.375607,15.415146,3.2050672,345.97653,8.558141,0.04872128,0.0058422205,0.28731924,9.013704,0.025932234,0.15528195,0.03095677
1.2579734,0.00061073794,17.35272,0.1797073,12.190132,5.789375,48.217663,0.00011851301,33.275143,15.268289,3.4350898,321.70804,7.849601,0.03482249,0.005534217,0.39118707,8.302725,0.030371882,0.15928216,0.02656215
1.3367172,0.0002957813,4.141405,0.095577404,8.994177,1.2530445,48.0877,7.377756e-05,11.011334,2.4191594,3.2073803,81.68302,1.0642071,0.025317457,0.0010683129,0.21892427,1.9009122,0.0133836875,0.09943506,0.010359332
1.2128184,0.00016396641,3.562412,0.04212653,7.670916,1.7086053,37.415016,4.68119e-05,9.388484,2.6815732,4.003506,70.567505,1.078081,0.014927135,0.0010294508,0.16420335,1.0789722,0.011100818,0.12701914,0.012193541
1.2700953,0.00035838102,3.6336234,0.1241468,8.794079,0.9319856,43.74714,6.052943e-05,9.958556,1.6228279,3.2735574,70.083435,0.8978892,0.022164343,0.0010826661,0.19617578,1.4001731,0.011539307,0.079995364,0.009310653
1.4010009,0.00033561926,4.1845245,0.1310287,11.862271,1.4531748,62.4808,7.344411e-05,14.218765,2.5610511,3.1876051,81.143654,1.558169,0.023186075,0.0018160357,0.2582946,1.9412072,0.020592296,0.10531065,0.016474837
1.3182881,0.00044524999,5.278493,0.1266114,9.934819,1.3774625,55.05311,7.12453e-05,11.787904,3.7770908,3.7475765,102.96255,1.6446252,0.026727993,0.0023720902,0.22838111,2.0526826,0.01266148,0.08909499,0.012184643
1.376949,0.0004293463,4.609908,0.21397287,11.821371,1.6088318,65.81836,0.00010057038,16.675402,2.8281074,3.564785,95.54361,1.2326663,0.034177925,0.0017600682,0.3294074,1.8511546,0.023275405,0.20636672,0.019734062
1.2698581,0.00041584607,8.424634,0.1179809,10.514632,3.8321552,47.614307,7.474317e-05,24.965094,8.609976,3.5824902,172.444,3.6118298,0.023426324,0.004375435,0.25768414,3.4150906,0.021195808,0.15254626,0.020601824
1.3501354,0.00035506205,3.5656343,0.12019914,10.09789,1.3194321,52.392033,6.3118154e-05,14.493137,2.3669379,3.6963966,75.28449,0.90465426,0.02284537,0.0011793046,0.19931233,1.5348604,0.01232328,0.10454373,0.00932621
1.3905728,0.00011655715,1.9088955,0.0554413,11.13084,1.1675975,58.207108,3.2645366e-05,13.564483,1.5584263,3.1143043,43.799362,0.45626605,0.02030381,0.0012672879,0.15453151,0.5236607,0.011199006,0.088655055,0.011926318
1.2379088,0.0003675482,5.2192354,0.088852964,8.619215,1.7263999,41.368637,7.473572e-05,15.01887,3.6332583,2.83154,106.096596,1.7413696,0.021586342,0.0021291433,0.24241509,3.1419342,0.016005639,0.089777164,0.011391287
1.2962736,0.0002844814,4.715104,0.16337466,8.563315,1.5116711,39.293846,7.624318e-05,15.266407,1.5041802,2.918432,98.485916,1.068031,0.034992557,0.0021538308,0.17187802,1.9758939,0.017640343,0.14296193,0.014691175
1.1933706,0.0007750516,17.75849,0.170057,8.5468,6.2172704,38.92942,0.000114032264,36.503716,14.473951,3.016879,338.47464,5.77332,0.035558324,0.004550919,0.3876792,8.184112,0.032459185,0.1740316,0.022485036
1.2942121,0.00035391652,4.1260004,0.072177805,10.606842,1.3803431,54.994488,7.6548706e-05,10.833533,2.5393713,2.946645,80.06602,1.6597059,0.020862427,0.0018347312,0.24846525,1.9003087,0.0150248995,0.09670149,0.012971968
1.2231418,0.0007568282,18.172398,0.17372622,9.149596,6.2047944,43.61201,0.000113339614,33.202023,15.03669,2.9983568,338.79443,6.5959516,0.032644425,0.0046002963,0.3813708,10.3829155,0.034682453,0.16942683,0.027817944
1.2702363,0.00015211469,3.3619535,0.047244944,7.5922866,1.15731,33.624016,4.9732214e-05,9.309102,1.3292117,3.3851175,69.96125,0.6461611,0.020566488,0.0008606346,0.13988574,1.2541126,0.012105941,0.13833854,0.011503308
1.2930747,0.00023205172,4.7739267,0.10606861,8.0292845,1.9139297,36.5626,7.532621e-05,15.632247,1.6376244,2.8735573,101.39242,1.0063306,0.036956843,0.0014523484,0.18583941,1.7945824,0.01917726,0.16734597,0.015415391
1.282091,0.00032632568,12.05534,0.0845431,9.428462,3.4913862,58.559128,7.8863035e-05,22.826166,9.351211,3.297829,203.53038,4.711831,0.020233575,0.0040803887,0.29445252,6.587634,0.026785588,0.16630332,0.020044172
1.233812,0.00061643013,13.046431,0.18094584,10.365643,4.4421835,46.22232,8.9802976e-05,32.588425,10.335181,3.392643,246.76128,4.6201243,0.033684548,0.0033839867,0.28531873,6.1805654,0.02979385,0.15227945,0.020428551
1.2105954,0.00024094047,3.434065,0.048872568,7.432407,0.9946981,38.841545,3.9146307e-05,9.4575815,2.509456,3.8262103,68.10769,1.2340283,0.013562466,0.0012062792,0.15356866,1.5317199,0.0092545645,0.058042552,0.0070258817
1.3182288,0.0002768087,3.7800007,0.12604693,7.85154,1.5061109,38.5828,6.4940345e-05,10.386686,2.7822602,3.4347837,78.43251,1.6430048,0.028200751,0.0034210049,0.23078859,2.2904499,0.01160572,0.06497869,0.013477557
1.2498666,0.00018895642,2.8740785,0.053439222,7.657089,1.1287178,35.467503,4.484879e-05,7.6648674,2.3101802,3.6311514,55.04696,1.0237008,0.011951233,0.0013796198,0.14512195,1.3383145,0.008107049,0.068047,0.0075972686
1.1755402,0.0003890175,10.785515,0.097930394,8.179937,3.0499246,34.7415,7.123368e-05,22.212244,8.222122,3.0108001,192.51253,3.8545306,0.02171353,0.0039867563,0.19760938,6.4812803,0.013879469,0.08390701,0.008277118
1.2119567,0.00037327365,10.762892,0.09988338,7.627688,3.307218,35.02419,7.0297276e-05,21.124151,8.188059,3.1912093,193.03252,4.2499666,0.020871162,0.0039965636,0.1966223,6.662547,0.01574882,0.07936529,0.008671475
1.2447722,0.0004973865,15.062195,0.13536094,11.2918,4.548644,42.514782,0.00010411672,26.399239,11.364147,3.2739675,270.98056,6.0213594,0.024643235,0.0039745686,0.36775503,7.3905964,0.021096045,0.100159146,0.019680036
1.3085806,0.00035577733,5.37634,0.074149586,9.672478,1.9752666,47.630936,6.693791e-05,12.291709,4.1444726,3.0456536,111.86976,1.6691169,0.019526789,0.0015932504,0.22267051,2.6555412,0.014102722,0.07262349,0.010788497
1.5757705,0.00061689,10.486014,0.17873244,19.486567,4.3021116,137.33633,8.6099964e-05,20.944105,9.9327965,3.3193583,191.00854,5.30865,0.027308347,0.0027314771,0.2944547,5.823741,0.02453666,0.09479452,0.015504176
1.2082735,0.00022121274,3.0712273,0.054532018,6.8415833,1.2719725,33.31995,4.8117177e-05,9.245487,2.2586648,3.1336129,61.162617,0.89784753,0.017053507,0.00090637774,0.15639333,1.2228357,0.007985128,0.09415748,0.007918843
1.3122576,0.000390821,3.4397101,0.110802874,9.837918,1.328887,52.334564,6.423968e-05,10.561811,2.7750804,3.2834046,72.216034,1.0904133,0.022973977,0.0020494158,0.18628427,1.5069302,0.007076318,0.08103493,0.00925331
1.3244189,0.00033795316,3.9888465,0.08317197,8.469095,1.4013381,39.701096,6.7460816e-05,10.416789,2.8119376,3.2366698,78.93641,1.2417666,0.020761244,0.0014313089,0.19331788,2.0826957,0.011056677,0.082781725,0.0089643765
1.3133548,0.00023141508,3.4339893,0.06113177,6.7488933,1.1568525,30.003162,5.092928e-05,8.053478,2.094149,2.9976783,70.337616,0.9019017,0.015634054,0.00084325485,0.14703913,1.4866025,0.009668542,0.073901124,0.0076049888
1.311689,0.00045075416,14.120659,0.09018196,14.304292,4.892743,63.02473,0.00010475845,28.170013,12.130689,3.1823525,260.45056,5.6640954,0.019015983,0.0043613724,0.34249848,7.113081,0.035325415,0.17493375,0.022368561
1.3621908,0.00063115754,11.537317,0.1244586,16.068563,4.212723,83.83442,9.6696516e-05,29.983295,10.984015,3.3977373,227.0695,5.2972527,0.022969984,0.0027094656,0.3422706,5.6967025,0.027772369,0.106151044,0.014503146
1.2318834,0.00014057946,2.3700938,0.0461206,7.8157344,0.798689,31.657904,4.401829e-05,10.2822,0.8717337,2.8547566,48.61379,0.57791257,0.01794694,0.0010325453,0.15281627,0.9516942,0.012243548,0.12761591,0.010968797
1.2256678,0.00020234007,2.9341207,0.085738584,6.7399096,1.2049477,29.316862,4.628666e-05,10.974453,1.7072495,2.2057874,61.945923,0.7479293,0.022415536,0.0012586919,0.11805591,1.2726971,0.012326859,0.09935315,0.009443648
1.2881261,0.00072849216,22.911922,0.16479333,13.95771,7.7514505,67.5763,0.00017346985,53.427895,17.507116,3.236033,433.3209,8.491605,0.029647175,0.0036795062,0.7652024,11.400031,0.05319092,0.24064647,0.026625857
1.1351136,0.0007986045,23.791048,0.16482922,5.767274,9.867786,25.799099,0.00017467157,44.358814,20.252636,3.1464558,443.92804,9.489574,0.031547617,0.0036998438,0.88515,10.12594,0.050870158,0.30418915,0.042993583
1.1534281,0.00017985805,3.250345,0.035635497,7.1576486,1.7169143,35.016823,3.767848e-05,12.971287,2.5555475,2.9496212,70.3644,0.71885735,0.01409216,0.0010173992,0.16113642,0.7119043,0.009058896,0.12249024,0.010676292
1.298871,0.00038802502,7.3074822,0.07175741,11.182777,3.1695642,54.170143,8.483351e-05,15.134123,5.3964977,3.3322568,145.49901,2.0108418,0.027108837,0.0017739963,0.2905717,2.4664388,0.02140829,0.14707121,0.021461513
1.3243544,0.00039937012,4.8162193,0.10701934,10.280316,1.5705504,48.23156,6.518214e-05,13.1386385,2.861398,3.1992614,95.143196,1.0325361,0.021568187,0.0016698464,0.252479,1.9211156,0.016624201,0.090249635,0.013360478
1.110859,0.0010331761,24.857317,0.32671687,7.9061294,8.221159,34.073902,0.00016219894,49.726467,19.127247,3.2777913,474.1194,7.652261,0.061540365,0.005756268,0.39515123,14.325113,0.036477074,0.38211453,0.04525488
1.2690604,0.00020072956,5.3798256,0.048536282,9.033217,2.3801374,43.65331,6.914753e-05,14.412532,3.6751604,2.808509,112.808235,1.4287964,0.020823304,0.0013383599,0.20642743,1.7666893,0.017466314,0.17359981,0.016449688
1.2024789,0.0007422676,14.116313,0.14434674,10.237308,6.771862,51.294567,0.00010837692,37.05014,14.133458,3.287889,287.16916,6.198419,0.03175438,0.00372773,0.38071126,4.442642,0.0331756,0.22064207,0.021523634
1.2584445,0.00021032388,2.9904318,0.03678945,7.5831065,1.1250718,32.323006,4.931312e-05,10.817921,2.0022228,3.782319,47.094666,0.9775146,0.016137887,0.0016439912,0.1563293,1.4884396,0.011229643,0.07781634,0.009266952
1.3548657,0.00039439875,4.7491393,0.12529153,11.717961,1.4561871,60.22472,7.203222e-05,12.371125,2.9669101,3.2120075,92.16187,1.690244,0.02551814,0.002226922,0.27697644,2.3349545,0.017363926,0.0773424,0.015358802
1.2363026,0.00068768504,12.576687,0.13904051,11.21847,5.3603206,51.643185,0.00010498028,34.92624,12.070373,3.2272756,237.42503,5.530031,0.02948229,0.0039314074,0.35756245,4.251096,0.028199872,0.21129017,0.020220196
1.2111527,0.0008700043,19.844458,0.22732845,10.76271,6.4446154,44.558414,0.00015356198,43.337708,15.766811,3.4254658,368.89175,7.0202365,0.054945655,0.0058605666,0.499957,10.159729,0.04063807,0.20780279,0.04062389
1.2344947,0.0006245823,14.162128,0.19555146,7.490125,4.164028,40.809906,0.00011215314,36.96704,10.51395,3.1147556,268.5875,5.423865,0.040542778,0.00406817,0.3619794,7.1331887,0.025989791,0.12077152,0.0145287225
1.2787637,0.0007870242,22.208368,0.22125603,13.487888,7.784486,61.876156,0.00014365422,36.802673,20.086605,3.3202941,405.79526,9.433312,0.042176798,0.006346024,0.59401566,13.481923,0.029716687,0.22009347,0.019706655
1.3115002,0.00073124614,20.904839,0.19412358,13.416699,7.760317,67.123695,0.00013118322,38.820625,19.968151,3.2762456,377.9119,9.68833,0.035361186,0.005552233,0.504484,10.827343,0.028009403,0.20894036,0.015835105
1.2016017,0.0010764276,21.464283,0.38969484,11.608582,7.6078367,49.03257,0.00016586631,53.580288,18.211702,3.3572042,386.20444,8.159429,0.07675651,0.006433523,0.47939304,12.085764,0.04175425,0.22980508,0.028077722
1.2295449,0.0002962692,6.2503448,0.06824401,9.302518,1.9384475,34.570538,6.301727e-05,19.14506,4.510076,3.6129217,126.16507,2.2276,0.019621855,0.0027463695,0.20477816,2.9887805,0.014731382,0.07213626,0.01301456
1.1720501,0.00032258057,5.1583014,0.070916265,8.517383,2.0734181,37.644447,6.429206e-05,10.542513,3.986683,2.8267486,97.620995,1.7620561,0.018356362,0.0026234174,0.15741363,2.9592972,0.008204249,0.06322309,0.008091161
1.1656326,0.0007294599,22.49155,0.24784902,9.83333,7.611466,39.653805,0.00015644701,34.73907,17.837221,3.3334153,398.97925,10.937013,0.05203885,0.009104329,0.39274207,13.641119,0.027110837,0.18167798,0.033301115
1.2269939,0.0004006304,6.23864,0.08884434,8.126395,1.8967631,37.6056,6.8502646e-05,12.565513,3.84593,3.128906,108.55669,2.214936,0.024581304,0.0035957678,0.16476998,3.6667883,0.010315726,0.072924495,0.009494831
1.1420563,0.00024900472,4.6967053,0.071912095,7.256367,1.9895228,30.68743,5.4607703e-05,8.931029,4.4266524,2.869877,92.91608,2.10015,0.01827526,0.0022164872,0.15438998,2.4451716,0.008754337,0.076303214,0.007050405
1.3831608,0.000314234,3.8241959,0.13807538,11.9508505,1.2437673,60.893288,6.6170534e-05,12.499883,2.224642,3.0277598,72.64722,1.7705327,0.021943046,0.0019084539,0.25275722,1.8414052,0.017864238,0.08620268,0.01544012
1.2980003,0.0003589041,4.669172,0.15352613,10.71594,1.2185041,52.910667,6.881398e-05,13.128142,2.304645,2.9852219,92.79355,1.6741769,0.02572403,0.0016790191,0.24363959,2.2112243,0.016829105,0.08599095,0.014338297
1.3056985,0.00031758935,4.109538,0.09870566,8.814702,1.329166,48.51865,6.600631e-05,9.15487,2.9263155,2.9138277,76.72543,1.7587434,0.023155361,0.0018164743,0.19569355,2.1063633,0.01169444,0.069569394,0.010820741
1.1865153,0.00073282124,21.695112,0.23156899,10.448562,7.312094,43.05629,0.00016008923,35.47667,16.357458,3.2257695,393.09415,8.332799,0.053764507,0.0069423323,0.41361636,13.344074,0.034409508,0.21310681,0.039487433
1.1653246,0.0005474028,18.809229,0.19843775,7.2686477,6.6756024,35.108322,0.00013736202,21.54569,15.1737,2.8026516,350.50378,8.252575,0.03471469,0.007445898,0.32942566,8.945164,0.028634997,0.18446648,0.03206913
1.2551024,0.00035071783,6.2046742,0.09089369,8.212057,1.8207092,39.255005,6.445858e-05,11.767065,3.7401154,3.3491476,115.35128,2.1304178,0.025332388,0.003292355,0.18085302,3.6735823,0.011043523,0.05440615,0.008723072
1.2036312,0.0003523235,5.959319,0.087149,8.180687,1.911654,38.038555,6.4344305e-05,12.087022,3.896329,2.7475743,112.79568,2.0278835,0.0238514,0.0028597037,0.18033262,3.5128598,0.009740257,0.058080193,0.008317783
1.2013217,0.00067824894,18.649315,0.21359633,11.4157,6.7355733,48.24335,0.0001264218,31.037064,15.996029,3.3237097,330.658,7.974382,0.043355238,0.006369822,0.36951074,11.11544,0.028405242,0.18197235,0.028679283
