Anth,B,C,Ca,Car,Cel,Chl,Cu,EWT,Fiber,LAI,LMA,Lignin,Mg,Mn,N,NSC,P,K,S
1.1815321,0.0003550654,4.989967,0.09005768,8.583729,1.8545952,41.069153,6.790461e-05,12.938892,4.0416756,3.222542,85.812065,2.0065305,0.0204538,0.0027105485,0.18785143,2.5431542,0.012762694,0.083770044,0.011158104
1.1815321,0.0003550661,4.9899273,0.09005768,8.583753,1.8545965,41.06911,6.790445e-05,12.938909,4.0416856,3.2225666,85.812645,2.0065153,0.020453697,0.0027105454,0.18785228,2.5431652,0.012762684,0.08377023,0.011158041
1.1815321,0.0003550656,4.989953,0.09005768,8.583738,1.8545952,41.069138,6.7904555e-05,12.938898,4.04168,3.2225502,85.812256,2.0065246,0.020453764,0.002710547,0.18785171,2.5431592,0.012762692,0.083770104,0.011158081
1.1815321,0.0003550652,4.989976,0.09005768,8.583723,1.8545946,41.069164,6.790464e-05,12.938887,4.041674,3.2225351,85.811966,2.0065336,0.020453831,0.0027105492,0.18785119,2.5431533,0.012762698,0.08376999,0.011158119
1.1815321,0.00035506472,4.989997,0.09005768,8.583711,1.8545934,41.06919,6.790474e-05,12.938881,4.0416684,3.2225196,85.81167,2.0065422,0.020453896,0.0027105515,0.18785064,2.5431473,0.012762706,0.083769865,0.011158159
1.1815321,0.0003550643,4.990022,0.09005768,8.583694,1.8545922,41.06922,6.790485e-05,12.938869,4.041662,3.2225034,85.81128,2.006552,0.020453967,0.0027105536,0.18785003,2.5431404,0.012762713,0.08376974,0.011158202
1.1815321,0.000355066,4.9899344,0.09005769,8.583749,1.8545965,41.06912,6.7904475e-05,12.938904,4.041684,3.2225635,85.81255,2.0065176,0.02045371,0.0027105457,0.18785217,2.543163,0.012762684,0.08377021,0.011158051
1.1815321,0.00035506592,4.989939,0.09005768,8.583745,1.8545965,41.069122,6.79045e-05,12.938904,4.0416813,3.2225604,85.812454,2.0065203,0.020453723,0.002710546,0.18785204,2.5431614,0.012762684,0.083770186,0.011158059
1.1815321,0.0003550661,4.9899273,0.09005767,8.583753,1.8545965,41.069107,6.790444e-05,12.938909,4.0416856,3.2225666,85.812645,2.0065148,0.020453695,0.0027105454,0.18785228,2.5431657,0.012762687,0.083770245,0.011158039
1.1815321,0.000355066,4.9899297,0.09005767,8.583751,1.8545965,41.069107,6.790445e-05,12.938909,4.041684,3.2225654,85.812645,2.0065155,0.020453699,0.0027105457,0.18785226,2.5431652,0.012762687,0.083770245,0.011158041
1.1815321,0.00035506592,4.989937,0.09005768,8.583747,1.8545965,41.06912,6.790448e-05,12.938904,4.0416827,3.2225611,85.81255,2.0065186,0.02045372,0.002710546,0.18785208,2.5431623,0.012762687,0.0837702,0.011158054
1.1815321,0.00035506577,4.9899483,0.0900577,8.583741,1.8545959,41.069138,6.790454e-05,12.938898,4.0416813,3.2225552,85.812355,2.0065234,0.02045375,0.0027105466,0.18785186,2.5431592,0.012762687,0.08377013,0.011158073
1.1815321,0.00035506597,4.9899344,0.09005768,8.583749,1.8545965,41.06912,6.7904475e-05,12.938904,4.0416827,3.2225633,85.81255,2.0065184,0.020453712,0.0027105457,0.18785216,2.5431623,0.012762684,0.083770216,0.011158051
1.1815321,0.0003550658,4.9899435,0.09005768,8.583743,1.8545959,41.069126,6.7904504e-05,12.938904,4.0416827,3.222557,85.812454,2.006521,0.020453736,0.0027105466,0.18785195,2.5431614,0.012762689,0.08377016,0.011158065
1.1815321,0.00035506595,4.9899435,0.09005769,8.583745,1.8545965,41.069122,6.7904504e-05,12.938904,4.0416784,3.2225602,85.812454,2.0065227,0.020453725,0.002710546,0.18785201,2.5431592,0.0127626825,0.08377021,0.011158062
1.1815321,0.0003550665,4.989909,0.09005767,8.583765,1.8545977,41.06908,6.790436e-05,12.93892,4.0416884,3.2225811,85.81294,2.006508,0.020453636,0.0027105436,0.18785277,2.54317,0.012762678,0.08377037,0.011158005
1.1815321,0.00035506595,4.989937,0.09005768,8.583747,1.8545965,41.069122,6.790448e-05,12.938904,4.0416827,3.2225616,85.81255,2.006519,0.02045372,0.002710546,0.1878521,2.5431623,0.012762684,0.0837702,0.011158055
1.1815321,0.0003550657,4.989953,0.09005769,8.583738,1.8545959,41.06914,6.7904555e-05,12.938898,4.0416784,3.2225518,85.812256,2.0065258,0.020453762,0.002710547,0.18785173,2.5431576,0.012762687,0.08377012,0.011158083
1.1815321,0.00035506632,4.9899206,0.09005769,8.583758,1.8545971,41.0691,6.790442e-05,12.938909,4.0416856,3.222574,85.812744,2.0065134,0.020453667,0.002710544,0.18785252,2.5431657,0.012762675,0.0837703,0.011158027
1.1815325,0.0003550659,4.9899483,0.0900577,8.583741,1.8545965,41.069138,6.790454e-05,12.938898,4.0416784,3.2225573,85.812355,2.0065246,0.020453744,0.0027105461,0.1878519,2.543157,0.01276268,0.08377016,0.011158073
1.1815325,0.00035506597,4.989941,0.0900577,8.583745,1.8545965,41.069134,6.790452e-05,12.938898,4.0416813,3.2225614,85.812454,2.0065215,0.020453725,0.0027105457,0.18785204,2.5431592,0.01276268,0.083770186,0.011158064
1.1815321,0.00035506606,4.9899344,0.0900577,8.583749,1.8545965,41.069122,6.790448e-05,12.938904,4.0416827,3.2225645,85.81255,2.006519,0.02045371,0.0027105454,0.18785216,2.5431614,0.01276268,0.083770216,0.011158052
1.1815321,0.00035506632,4.9899206,0.09005769,8.583758,1.8545971,41.0691,6.790442e-05,12.938909,4.0416856,3.2225745,85.812744,2.0065134,0.020453667,0.002710544,0.1878525,2.5431652,0.012762678,0.083770305,0.011158027
1.1815321,0.00035506656,4.989909,0.09005768,8.583765,1.8545977,41.069084,6.790437e-05,12.938914,4.0416884,3.222582,85.81294,2.0065088,0.020453636,0.0027105433,0.1878528,2.5431683,0.012762673,0.08377036,0.011158006
1.1815321,0.0003550663,4.9899206,0.09005768,8.583758,1.8545971,41.0691,6.7904424e-05,12.938909,4.0416856,3.222573,85.812744,2.0065136,0.020453671,0.0027105445,0.18785249,2.5431657,0.012762678,0.0837703,0.011158028
1.1815325,0.00035506467,4.9900107,0.0900577,8.583703,1.8545934,41.069214,6.79048e-05,12.938869,4.041662,3.222515,85.81148,2.0065491,0.02045392,0.0027105517,0.1878504,2.5431404,0.012762701,0.083769836,0.01115818
1.1815321,0.00035506574,4.989953,0.09005769,8.583738,1.8545959,41.069138,6.7904555e-05,12.938898,4.0416784,3.2225537,85.812256,2.0065253,0.020453755,0.0027105468,0.18785179,2.543157,0.012762687,0.08377013,0.011158079
1.1815321,0.0003550658,4.9899483,0.09005769,8.583741,1.8545959,41.069138,6.790453e-05,12.938898,4.04168,3.222556,85.812355,2.0065234,0.020453745,0.0027105466,0.18785188,2.5431585,0.012762684,0.08377015,0.011158073
1.1815321,0.00035506638,4.989918,0.09005769,8.583759,1.8545971,41.0691,6.790442e-05,12.938909,4.041687,3.2225757,85.812744,2.0065124,0.020453662,0.002710544,0.18785256,2.5431657,0.012762675,0.083770305,0.011158024
1.1815321,0.00035506595,4.989939,0.09005768,8.583747,1.8545965,41.069122,6.79045e-05,12.938904,4.0416827,3.2225611,85.812454,2.0065198,0.020453721,0.002710546,0.18785208,2.5431619,0.012762684,0.0837702,0.011158057
1.1815325,0.0003550652,4.989983,0.0900577,8.58372,1.8545946,41.06918,6.790468e-05,12.938881,4.0416713,3.2225337,85.81187,2.0065374,0.020453842,0.0027105492,0.18785107,2.543149,0.012762694,0.08376998,0.011158132
1.1815321,0.00035506557,4.989962,0.0900577,8.583733,1.8545959,41.069153,6.79046e-05,12.938892,4.0416756,3.2225468,85.81216,2.00653,0.020453785,0.0027105475,0.18785153,2.5431538,0.012762687,0.08377008,0.011158098
1.1815321,0.00035506577,4.9899483,0.09005769,8.583739,1.8545959,41.069134,6.790453e-05,12.938898,4.0416784,3.222555,85.812355,2.006524,0.020453747,0.0027105466,0.18785185,2.5431585,0.012762687,0.08377015,0.011158073
1.1815321,0.0003550659,4.989946,0.0900577,8.583741,1.8545965,41.069134,6.790453e-05,12.938898,4.04168,3.2225575,85.812355,2.0065238,0.020453738,0.0027105461,0.18785192,2.543158,0.0127626825,0.08377017,0.0111580705
1.1815325,0.0003550663,4.989925,0.0900577,8.583755,1.8545971,41.06911,6.790445e-05,12.938904,4.041684,3.2225718,85.812645,2.0065165,0.020453682,0.0027105445,0.1878524,2.543163,0.012762673,0.083770275,0.011158038
1.1815325,0.00035506577,4.989953,0.09005771,8.583738,1.8545959,41.06915,6.790456e-05,12.938892,4.041677,3.2225537,85.812256,2.0065265,0.020453759,0.0027105466,0.18785176,2.5431554,0.0127626825,0.08377013,0.011158084
1.1815321,0.00035506557,4.9899597,0.09005769,8.583733,1.8545959,41.06915,6.7904584e-05,12.938892,4.0416756,3.2225475,85.81216,2.0065289,0.02045378,0.0027105475,0.18785156,2.543155,0.012762689,0.08377009,0.011158095
1.1815321,0.00035506595,4.989941,0.09005769,8.583745,1.8545965,41.069126,6.7904504e-05,12.938904,4.0416813,3.2225606,85.812454,2.0065207,0.020453725,0.002710546,0.18785204,2.5431602,0.0127626825,0.083770186,0.011158061
1.1815321,0.00035506662,4.989902,0.09005767,8.583769,1.8545977,41.069073,6.790434e-05,12.93892,4.0416913,3.2225842,85.81304,2.006505,0.020453623,0.0027105433,0.1878529,2.5431721,0.012762678,0.08377039,0.011157995
1.1815321,0.00035506653,4.9899044,0.09005767,8.583767,1.8545977,41.06908,6.7904344e-05,12.93892,4.04169,3.2225828,85.81294,2.0065062,0.020453628,0.0027105433,0.18785284,2.543171,0.012762678,0.08377037,0.011158001
1.1815321,0.00035506545,4.989967,0.09005769,8.583729,1.8545952,41.06916,6.790461e-05,12.938892,4.041674,3.222544,85.812065,2.0065315,0.020453796,0.002710548,0.18785144,2.5431533,0.012762689,0.08377006,0.011158104
1.1815321,0.0003550659,4.989946,0.0900577,8.583743,1.8545965,41.069134,6.790453e-05,12.938898,4.04168,3.222558,85.812355,2.006523,0.020453736,0.0027105461,0.18785194,2.5431585,0.0127626825,0.08377017,0.01115807
1.1815321,0.00035506592,4.989939,0.09005769,8.583745,1.8545959,41.069122,6.79045e-05,12.938904,4.0416827,3.2225602,85.812454,2.0065198,0.020453725,0.002710546,0.18785204,2.5431619,0.012762684,0.083770186,0.011158059
1.1815321,0.00035506565,4.989955,0.09005769,8.583736,1.8545959,41.06914,6.790456e-05,12.938898,4.041677,3.2225513,85.812256,2.0065272,0.020453762,0.002710547,0.18785171,2.543156,0.012762687,0.083770126,0.011158084
1.1815321,0.0003550658,4.9899483,0.0900577,8.583739,1.8545959,41.069138,6.790454e-05,12.938898,4.0416784,3.2225552,85.812355,2.0065246,0.02045375,0.0027105466,0.18785185,2.5431576,0.012762684,0.08377014,0.011158075
1.1815321,0.00035506647,4.989909,0.09005767,8.583765,1.8545977,41.069084,6.790437e-05,12.93892,4.04169,3.2225802,85.81294,2.006508,0.02045364,0.0027105436,0.18785276,2.54317,0.012762678,0.08377035,0.011158008
1.1815321,0.00035506545,4.989967,0.09005769,8.583729,1.8545952,41.069153,6.790461e-05,12.938892,4.041674,3.2225437,85.812065,2.0065312,0.020453796,0.002710548,0.18785144,2.5431538,0.012762692,0.08377006,0.011158104
1.1815321,0.00035506635,4.9899135,0.09005767,8.583761,1.8545971,41.069084,6.790438e-05,12.938914,4.0416884,3.2225769,85.81284,2.0065093,0.02045365,0.002710544,0.18785265,2.5431695,0.0127626825,0.083770335,0.011158012
1.1815321,0.00035506565,4.989955,0.09005769,8.583736,1.8545959,41.06914,6.790456e-05,12.938892,4.041677,3.2225506,85.812256,2.0065272,0.020453768,0.002710547,0.18785168,2.543156,0.012762687,0.08377012,0.011158086
1.1815321,0.000355064,4.990029,0.090057634,8.583691,1.8545922,41.069214,6.790485e-05,12.938869,4.0416594,3.2224967,85.81128,2.006554,0.02045399,0.002710555,0.18784985,2.543141,0.012762727,0.08376971,0.011158209
1.1815321,0.00035506618,4.989925,0.09005768,8.583755,1.8545965,41.069107,6.790444e-05,12.938909,4.0416856,3.2225695,85.812645,2.006514,0.020453686,0.002710545,0.18785237,2.5431657,0.0127626825,0.08377026,0.011158035
1.1815321,0.0003550656,4.9899597,0.09005769,8.5837345,1.8545959,41.06915,6.790458e-05,12.938892,4.041677,3.2225487,85.81216,2.0065281,0.020453775,0.0027105475,0.18785162,2.5431554,0.012762687,0.0837701,0.011158092
1.1815321,0.0003550654,4.9899693,0.09005769,8.583727,1.8545952,41.06916,6.790462e-05,12.938892,4.041674,3.2225418,85.812065,2.0065324,0.020453805,0.0027105485,0.18785137,2.5431528,0.012762692,0.083770044,0.011158108
1.1815321,0.00035506597,4.989937,0.09005769,8.583747,1.8545965,41.069122,6.790448e-05,12.938904,4.0416827,3.2225626,85.81255,2.006519,0.020453716,0.0027105457,0.18785211,2.5431619,0.012762684,0.08377021,0.011158054
1.1815321,0.0003550653,4.989971,0.09005769,8.583725,1.8545952,41.069164,6.7904635e-05,12.938887,4.0416727,3.2225397,85.812065,2.0065331,0.020453813,0.0027105487,0.18785131,2.543152,0.012762694,0.08377003,0.011158113
1.1815321,0.000355066,4.9899344,0.09005769,8.583749,1.8545965,41.06912,6.790448e-05,12.938904,4.0416827,3.2225633,85.81255,2.0065184,0.020453712,0.0027105457,0.18785213,2.5431623,0.012762684,0.08377021,0.011158052
1.1815321,0.00035506513,4.9899807,0.09005769,8.58372,1.8545946,41.069176,6.790468e-05,12.938881,4.0416713,3.222533,85.81187,2.0065367,0.020453844,0.0027105496,0.18785106,2.54315,0.0127626965,0.08376996,0.011158131
1.1815321,0.00035506565,4.9899573,0.0900577,8.5837345,1.8545959,41.06915,6.790458e-05,12.938892,4.0416756,3.2225506,85.812256,2.0065284,0.02045377,0.002710547,0.18785167,2.543155,0.012762684,0.083770126,0.011158089
1.1815325,0.00035506563,4.9899573,0.0900577,8.5837345,1.8545959,41.069153,6.7904584e-05,12.938892,4.041677,3.2225492,85.81216,2.0065281,0.020453773,0.0027105475,0.18785162,2.543155,0.012762684,0.0837701,0.011158092
1.1815321,0.00035506615,4.9899297,0.09005769,8.583753,1.8545971,41.06911,6.790446e-05,12.938904,4.041684,3.2225676,85.81255,2.0065172,0.020453697,0.002710545,0.18785226,2.543163,0.01276268,0.083770245,0.011158045
1.1815321,0.00035506437,4.990015,0.09005766,8.583698,1.8545928,41.069206,6.790482e-05,12.938875,4.041662,3.2225077,85.81138,2.0065496,0.020453945,0.0027105531,0.18785022,2.5431426,0.012762715,0.08376979,0.011158188
1.1815321,0.00035506574,4.989953,0.09005769,8.583738,1.8545959,41.069138,6.7904555e-05,12.938898,4.0416784,3.222553,85.812256,2.0065258,0.020453757,0.0027105468,0.18785177,2.543157,0.012762687,0.08377013,0.011158079
1.1815321,0.00035506458,4.9900107,0.09005769,8.583703,1.8545934,41.069214,6.7904795e-05,12.938869,4.041664,3.222514,85.81148,2.006548,0.020453922,0.002710552,0.18785039,2.5431418,0.012762706,0.08376982,0.0111581795
1.1815321,0.00035506507,4.989985,0.09005768,8.583718,1.8545946,41.069176,6.790469e-05,12.938881,4.04167,3.2225306,85.81187,2.0065382,0.02045385,0.0027105499,0.18785098,2.543149,0.012762698,0.08376996,0.011158135
1.1815325,0.00035506536,4.989971,0.0900577,8.583727,1.8545952,41.069164,6.7904635e-05,12.938887,4.041674,3.2225404,85.812065,2.0065331,0.020453813,0.0027105485,0.18785131,2.543152,0.012762692,0.08377003,0.011158115
1.1815321,0.00035506545,4.989967,0.0900577,8.583729,1.8545952,41.06916,6.790461e-05,12.938887,4.0416756,3.2225437,85.812065,2.0065312,0.020453798,0.002710548,0.18785143,2.5431533,0.012762689,0.08377005,0.011158105
1.1815321,0.0003550652,4.9899807,0.09005769,8.58372,1.8545946,41.069176,6.790468e-05,12.938881,4.0416713,3.2225342,85.81187,2.006537,0.020453837,0.0027105492,0.18785109,2.5431495,0.012762694,0.08376998,0.011158129
1.1815321,0.00035506487,4.9899945,0.09005768,8.583713,1.854594,41.06919,6.790472e-05,12.938881,4.0416684,3.222524,85.81167,2.0065422,0.02045388,0.0027105508,0.18785074,2.5431461,0.012762701,0.08376991,0.0111581525
1.1815321,0.00035506557,4.989962,0.0900577,8.583733,1.8545952,41.069153,6.79046e-05,12.938892,4.0416756,3.2225466,85.81216,2.0065293,0.020453785,0.0027105478,0.18785155,2.543155,0.012762689,0.08377008,0.011158097
1.1815325,0.0003550653,4.989976,0.0900577,8.583723,1.8545952,41.069168,6.790466e-05,12.938887,4.0416727,3.2225382,85.811966,2.0065348,0.020453822,0.0027105487,0.18785124,2.5431504,0.012762692,0.08377001,0.011158119
1.1815321,0.0003550651,4.989983,0.09005768,8.58372,1.8545946,41.069176,6.790468e-05,12.938881,4.0416713,3.2225316,85.81187,2.0065374,0.020453846,0.0027105496,0.18785104,2.5431495,0.012762698,0.08376996,0.011158132
1.1815321,0.00035506554,4.989962,0.09005769,8.583733,1.8545952,41.06915,6.7904584e-05,12.938892,4.0416756,3.2225459,85.81216,2.0065296,0.020453786,0.0027105478,0.18785153,2.543155,0.012762689,0.08377008,0.011158097
1.1815321,0.00035506638,4.989909,0.09005766,8.583763,1.8545971,41.06908,6.790436e-05,12.93892,4.04169,3.2225788,85.81294,2.0065079,0.020453643,0.0027105438,0.18785273,2.5431705,0.0127626825,0.08377034,0.011158008
1.1815321,0.00035506563,4.9899573,0.0900577,8.5837345,1.8545959,41.06915,6.790458e-05,12.938892,4.041677,3.2225492,85.812256,2.0065277,0.020453773,0.002710547,0.18785164,2.5431554,0.012762687,0.0837701,0.011158091
1.1815325,0.00035506536,4.9899735,0.0900577,8.583725,1.8545952,41.069168,6.790464e-05,12.938887,4.0416727,3.2225397,85.811966,2.0065343,0.020453816,0.0027105487,0.1878513,2.5431504,0.012762689,0.08377003,0.011158116
1.1815325,0.0003550652,4.989983,0.0900577,8.58372,1.8545946,41.06918,6.790469e-05,12.938881,4.0416713,3.2225335,85.81187,2.006538,0.020453842,0.0027105492,0.18785107,2.5431483,0.012762694,0.08376997,0.011158132
1.1815321,0.00035506592,4.989939,0.09005769,8.583745,1.8545959,41.069122,6.79045e-05,12.938904,4.0416827,3.22256,85.812454,2.0065198,0.020453727,0.002710546,0.18785203,2.5431619,0.012762687,0.08377018,0.011158059
1.1815321,0.00035506496,4.9899945,0.09005769,8.583713,1.8545952,41.06919,6.790474e-05,12.938875,4.041664,3.222527,85.81167,2.006544,0.020453868,0.00271055,0.1878508,2.5431435,0.012762694,0.08376996,0.011158151
1.1815321,0.00035506437,4.9900174,0.09005765,8.583698,1.8545934,41.069202,6.790482e-05,12.938875,4.041661,3.2225082,85.81138,2.0065503,0.020453941,0.0027105531,0.18785022,2.5431414,0.012762715,0.083769806,0.011158187
1.1815325,0.00035506504,4.9899898,0.0900577,8.583716,1.8545946,41.069187,6.7904715e-05,12.938875,4.041667,3.222529,85.81177,2.0065417,0.020453861,0.0027105499,0.18785089,2.5431457,0.012762694,0.083769955,0.011158145
1.1815321,0.0003550662,4.989925,0.09005768,8.583755,1.8545971,41.0691,6.790444e-05,12.938909,4.041684,3.2225704,85.812645,2.0065148,0.020453682,0.0027105447,0.1878524,2.5431652,0.01276268,0.083770275,0.011158033
1.1815325,0.0003550654,4.989971,0.0900577,8.583727,1.8545952,41.069164,6.7904635e-05,12.938887,4.0416727,3.2225413,85.812065,2.0065331,0.020453809,0.0027105485,0.18785132,2.5431516,0.012762689,0.08377004,0.011158112
1.1815321,0.0003550654,4.9899693,0.09005769,8.583727,1.8545952,41.06916,6.7904635e-05,12.938887,4.041674,3.2225413,85.812065,2.0065327,0.020453807,0.0027105485,0.18785135,2.5431528,0.012762692,0.083770044,0.011158111
1.1815321,0.00035506615,4.9899273,0.09005768,8.583755,1.8545971,41.069107,6.790444e-05,12.938909,4.0416856,3.2225685,85.812645,2.0065153,0.020453688,0.002710545,0.18785234,2.5431652,0.0127626825,0.08377026,0.011158036
1.1815325,0.00035506563,4.989962,0.09005771,8.583733,1.8545959,41.06916,6.79046e-05,12.938887,4.0416756,3.222549,85.81216,2.00653,0.020453777,0.002710547,0.1878516,2.5431533,0.0127626825,0.0837701,0.011158097
1.1815321,0.00035506478,4.9899945,0.09005767,8.583713,1.8545934,41.069187,6.790472e-05,12.938881,4.0416684,3.222522,85.81167,2.0065413,0.020453885,0.002710551,0.18785071,2.5431478,0.012762706,0.08376989,0.0111581525
1.1815325,0.0003550652,4.9899874,0.090057716,8.583718,1.8545946,41.06919,6.7904715e-05,12.938875,4.04167,3.222532,85.81177,2.0065403,0.020453855,0.0027105492,0.18785097,2.5431461,0.012762689,0.083769955,0.011158142
1.1815321,0.0003550651,4.989983,0.09005769,8.58372,1.854594,41.069176,6.790468e-05,12.938881,4.0416713,3.2225313,85.81187,2.0065374,0.020453848,0.0027105496,0.18785103,2.5431495,0.012762698,0.083769955,0.011158134
1.1815321,0.0003550657,4.9899573,0.09005769,8.5837345,1.8545965,41.06914,6.790458e-05,12.938892,4.0416727,3.2225518,85.812256,2.0065296,0.02045376,0.002710547,0.1878517,2.5431533,0.0127626825,0.08377015,0.011158088
1.1815321,0.00035506577,4.989946,0.09005769,8.583741,1.8545959,41.069134,6.790453e-05,12.938898,4.0416813,3.2225552,85.812355,2.0065227,0.020453747,0.0027105466,0.18785186,2.5431597,0.012762687,0.08377013,0.011158072
1.1815325,0.00035506583,4.9899483,0.0900577,8.583741,1.8545959,41.069138,6.790454e-05,12.938898,4.04168,3.2225564,85.812355,2.0065238,0.020453745,0.0027105466,0.18785186,2.543158,0.0127626825,0.08377014,0.011158075
1.1815321,0.00035506618,4.989925,0.09005768,8.583755,1.8545965,41.0691,6.7904424e-05,12.938909,4.0416856,3.2225695,85.812645,2.006514,0.020453684,0.002710545,0.18785237,2.5431662,0.0127626825,0.08377026,0.011158033
1.1815321,0.00035506557,4.9899573,0.09005769,8.5837345,1.8545952,41.06915,6.790458e-05,12.938892,4.0416784,3.222548,85.812256,2.0065272,0.020453777,0.0027105475,0.18785162,2.5431564,0.012762692,0.08377009,0.011158091
1.1815325,0.00035506536,4.9899735,0.0900577,8.583725,1.8545946,41.069168,6.790464e-05,12.938887,4.041674,3.222539,85.811966,2.0065339,0.02045382,0.0027105487,0.18785127,2.5431511,0.012762692,0.08377001,0.011158118
1.1815325,0.00035506548,4.9899693,0.09005771,8.583729,1.8545952,41.069168,6.7904635e-05,12.938887,4.0416756,3.222543,85.812065,2.006532,0.020453805,0.002710548,0.18785138,2.5431516,0.012762687,0.08377004,0.011158111
1.1815325,0.00035506472,4.990006,0.0900577,8.583705,1.8545934,41.069214,6.7904795e-05,12.938869,4.0416656,3.222517,85.81148,2.0065467,0.020453915,0.0027105515,0.18785048,2.5431426,0.012762701,0.08376983,0.011158177
1.1815321,0.00035506577,4.989946,0.09005768,8.583741,1.8545959,41.069134,6.790453e-05,12.938898,4.04168,3.2225552,85.812355,2.0065227,0.020453745,0.0027105466,0.18785188,2.5431597,0.012762689,0.08377014,0.0111580705
1.1815321,0.00035506627,4.9899206,0.09005768,8.583756,1.8545971,41.0691,6.790442e-05,12.938909,4.041687,3.2225718,85.812744,2.0065129,0.020453675,0.0027105447,0.18785247,2.5431662,0.0127626825,0.083770275,0.01115803
1.1815321,0.00035506597,4.989937,0.09005768,8.583747,1.8545965,41.06912,6.790448e-05,12.938904,4.0416827,3.222562,85.81255,2.0065186,0.020453716,0.002710546,0.18785211,2.5431623,0.012762684,0.0837702,0.011158054
1.1815321,0.000355066,4.9899344,0.09005768,8.583749,1.8545965,41.06912,6.7904475e-05,12.938904,4.041684,3.2225633,85.81255,2.006518,0.020453712,0.0027105457,0.18785216,2.543163,0.012762684,0.08377021,0.011158051
1.1815325,0.00035506536,4.989971,0.0900577,8.583727,1.8545946,41.069164,6.7904635e-05,12.938887,4.041674,3.22254,85.812065,2.0065327,0.020453813,0.0027105487,0.18785131,2.543152,0.012762694,0.083770014,0.011158113
1.1815325,0.0003550656,4.9899597,0.0900577,8.5837345,1.8545952,41.069153,6.7904584e-05,12.938892,4.041677,3.222548,85.81216,2.0065289,0.02045378,0.0027105475,0.1878516,2.5431542,0.012762687,0.08377008,0.011158095
1.1815321,0.00035506618,4.989925,0.09005769,8.583755,1.8545971,41.069107,6.790444e-05,12.938909,4.0416856,3.2225697,85.812645,2.0065148,0.020453686,0.0027105447,0.18785237,2.5431652,0.01276268,0.08377026,0.011158035
1.1815321,0.00035506597,4.989937,0.09005769,8.583747,1.8545965,41.069122,6.790448e-05,12.938904,4.0416827,3.2225626,85.81255,2.0065186,0.020453714,0.0027105457,0.18785211,2.5431619,0.012762684,0.08377021,0.011158054
1.1815321,0.0003550661,4.9899344,0.0900577,8.583749,1.8545965,41.069122,6.790448e-05,12.938904,4.0416827,3.2225652,85.81255,2.006519,0.020453708,0.0027105454,0.18785219,2.5431614,0.01276268,0.08377022,0.011158051
1.1815321,0.00035506606,4.9899344,0.09005769,8.583749,1.8545965,41.06912,6.7904475e-05,12.938904,4.041684,3.2225642,85.81255,2.0065176,0.020453708,0.0027105454,0.18785217,2.543163,0.012762684,0.083770216,0.011158049
1.1815321,0.00035506627,4.9899206,0.09005768,8.583756,1.8545971,41.0691,6.790442e-05,12.938909,4.041687,3.2225718,85.812744,2.0065129,0.020453675,0.0027105447,0.18785247,2.5431662,0.01276268,0.083770275,0.01115803
1.1815321,0.0003550656,4.989953,0.09005767,8.583738,1.8545952,41.069134,6.790454e-05,12.938898,4.04168,3.2225502,85.812355,2.006524,0.020453764,0.0027105475,0.18785173,2.5431597,0.012762694,0.08377012,0.011158079
1.1815321,0.00035506656,4.989902,0.09005767,8.583769,1.8545977,41.069073,6.790434e-05,12.93892,4.0416913,3.222584,85.81294,2.006505,0.020453624,0.0027105433,0.18785289,2.5431721,0.012762678,0.08377038,0.011157996
1.1815321,0.00035506632,4.989918,0.09005768,8.583759,1.8545971,41.069096,6.79044e-05,12.938914,4.0416884,3.222574,85.812744,2.0065112,0.020453665,0.0027105445,0.18785253,2.5431678,0.01276268,0.0837703,0.011158022
1.1815325,0.0003550659,4.9899483,0.09005771,8.583741,1.8545959,41.069138,6.790454e-05,12.938892,4.04168,3.222557,85.812355,2.006524,0.020453744,0.0027105461,0.18785188,2.5431576,0.01276268,0.08377015,0.011158073
1.1815321,0.00035506606,4.989932,0.09005769,8.583751,1.8545965,41.06912,6.7904475e-05,12.938904,4.041684,3.2225652,85.81255,2.006518,0.020453706,0.0027105454,0.18785219,2.5431623,0.0127626825,0.08377022,0.011158049
1.1815321,0.00035506545,4.9899597,0.09005767,8.583733,1.8545952,41.06914,6.790458e-05,12.938898,4.0416784,3.2225451,85.81216,2.0065272,0.020453785,0.002710548,0.18785155,2.5431576,0.0127626965,0.083770074,0.011158092
1.1815325,0.0003550654,4.989971,0.0900577,8.583725,1.8545946,41.069168,6.790464e-05,12.938887,4.041674,3.2225404,85.811966,2.0065331,0.020453816,0.0027105485,0.1878513,2.5431516,0.012762692,0.083770014,0.011158115
1.1815325,0.00035506475,4.9900036,0.0900577,8.583707,1.8545934,41.069206,6.790478e-05,12.938869,4.0416656,3.2225182,85.81158,2.006546,0.020453908,0.0027105515,0.18785052,2.543143,0.012762701,0.08376984,0.011158171
1.1815321,0.00035506615,4.9899297,0.09005769,8.583753,1.8545965,41.06912,6.790446e-05,12.938904,4.041684,3.2225673,85.81255,2.0065172,0.020453697,0.002710545,0.18785228,2.543163,0.01276268,0.083770245,0.011158045
1.1815321,0.0003550659,4.989946,0.0900577,8.583743,1.8545959,41.069134,6.790453e-05,12.938898,4.04168,3.2225575,85.812355,2.006523,0.020453738,0.0027105461,0.18785194,2.5431585,0.0127626825,0.08377016,0.01115807
1.1815321,0.00035506612,4.9899297,0.09005768,8.583753,1.8545965,41.06911,6.790446e-05,12.938909,4.041684,3.2225668,85.812645,2.0065165,0.020453697,0.0027105454,0.18785226,2.5431635,0.0127626825,0.083770245,0.0111580435
1.1815321,0.00035506592,4.9899435,0.0900577,8.583743,1.8545965,41.069134,6.790452e-05,12.938898,4.04168,3.222559,85.812355,2.0065227,0.020453734,0.002710546,0.18785197,2.5431585,0.0127626825,0.08377017,0.011158068
1.1815321,0.00035506548,4.989962,0.09005769,8.583733,1.8545952,41.069153,6.79046e-05,12.938892,4.0416756,3.2225451,85.81216,2.0065296,0.020453788,0.0027105478,0.18785152,2.543155,0.012762692,0.083770074,0.011158098
1.1815321,0.00035506595,4.989941,0.09005769,8.583745,1.8545965,41.069126,6.7904504e-05,12.938898,4.0416813,3.2225604,85.812454,2.006521,0.020453727,0.002710546,0.18785203,2.5431602,0.0127626825,0.083770186,0.011158062
1.1815321,0.0003550667,4.9898973,0.09005767,8.583773,1.8545977,41.06907,6.7904315e-05,12.93892,4.0416927,3.2225876,85.81304,2.006503,0.02045361,0.0027105429,0.18785301,2.5431733,0.012762675,0.0837704,0.011157988
1.1815321,0.00035506565,4.989955,0.09005769,8.583736,1.8545959,41.06914,6.790456e-05,12.938898,4.0416784,3.222551,85.812256,2.0065262,0.020453764,0.002710547,0.18785171,2.543157,0.012762689,0.08377012,0.011158084
1.1815321,0.0003550658,4.989946,0.09005769,8.583741,1.8545959,41.069134,6.790453e-05,12.938898,4.04168,3.222556,85.812355,2.006523,0.020453744,0.0027105466,0.18785188,2.5431592,0.012762687,0.08377015,0.0111580705
1.1815321,0.00035506688,4.9898834,0.09005766,8.583779,1.8545983,41.069046,6.790426e-05,12.938931,4.0416956,3.2225952,85.81323,2.006498,0.020453574,0.002710542,0.18785329,2.543177,0.012762675,0.08377048,0.011157966
1.1815321,0.0003550652,4.9899783,0.09005769,8.583721,1.8545946,41.069168,6.790466e-05,12.938887,4.0416727,3.2225344,85.811966,2.0065355,0.020453835,0.0027105492,0.18785113,2.5431511,0.0127626965,0.08376998,0.0111581255
1.1815325,0.0003550654,4.989971,0.0900577,8.583727,1.8545952,41.069164,6.7904635e-05,12.938887,4.041674,3.2225409,85.812065,2.0065331,0.02045381,0.0027105485,0.18785132,2.5431516,0.012762689,0.08377004,0.011158113
1.1815321,0.0003550654,4.9899693,0.09005769,8.583727,1.8545952,41.06916,6.790462e-05,12.938887,4.041674,3.2225409,85.812065,2.006532,0.020453807,0.0027105485,0.18785135,2.5431533,0.012762694,0.08377004,0.01115811
1.1815321,0.00035506638,4.9899135,0.09005768,8.583761,1.8545971,41.06909,6.790438e-05,12.938914,4.0416884,3.2225776,85.81284,2.0065093,0.02045365,0.0027105438,0.18785267,2.5431688,0.01276268,0.08377032,0.011158014
1.1815325,0.00035506525,4.9899783,0.0900577,8.583723,1.8545946,41.069176,6.7904664e-05,12.938881,4.0416727,3.2225366,85.811966,2.0065355,0.02045383,0.002710549,0.18785116,2.54315,0.012762692,0.08377,0.0111581255
1.1815321,0.0003550659,4.989941,0.09005769,8.583743,1.8545959,41.069126,6.7904504e-05,12.938904,4.0416813,3.2225585,85.812454,2.0065215,0.020453732,0.0027105461,0.18785197,2.5431607,0.012762687,0.08377017,0.011158064
1.1815321,0.00035506464,4.9900036,0.09005767,8.583705,1.8545934,41.069195,6.790476e-05,12.938875,4.0416656,3.2225156,85.81158,2.0065453,0.020453911,0.002710552,0.18785049,2.5431452,0.01276271,0.08376984,0.011158169
1.1815321,0.0003550649,4.9899898,0.09005768,8.5837145,1.854594,41.06918,6.79047e-05,12.938881,4.04167,3.2225254,85.81177,2.0065393,0.02045387,0.0027105508,0.18785083,2.543149,0.012762704,0.08376992,0.011158145
1.1815321,0.00035506548,4.989967,0.09005769,8.583731,1.8545952,41.06916,6.790461e-05,12.938892,4.041674,3.2225444,85.812065,2.0065312,0.020453794,0.002710548,0.18785146,2.5431533,0.012762689,0.08377006,0.011158102
1.1815321,0.00035506548,4.989967,0.0900577,8.583729,1.8545952,41.06916,6.790461e-05,12.938887,4.041674,3.222544,85.812065,2.0065315,0.020453796,0.002710548,0.18785144,2.5431528,0.012762689,0.08377006,0.011158105
1.1815325,0.00035506528,4.989976,0.0900577,8.583723,1.8545946,41.069176,6.790466e-05,12.938881,4.0416727,3.2225368,85.811966,2.0065355,0.020453826,0.002710549,0.1878512,2.54315,0.012762692,0.08377,0.011158124
1.1815321,0.00035506597,4.989937,0.09005769,8.583747,1.8545965,41.069122,6.790448e-05,12.938904,4.0416827,3.2225623,85.81255,2.0065196,0.020453716,0.0027105457,0.18785211,2.5431614,0.012762684,0.08377021,0.011158055
1.1815325,0.00035506583,4.9899507,0.09005771,8.583739,1.8545965,41.06914,6.7904555e-05,12.938892,4.0416784,3.2225554,85.812256,2.0065262,0.020453751,0.0027105466,0.18785183,2.543156,0.01276268,0.08377014,0.011158079
1.1815321,0.0003550657,4.989953,0.09005769,8.583738,1.8545959,41.06914,6.790456e-05,12.938892,4.041677,3.2225523,85.812256,2.0065265,0.02045376,0.0027105468,0.18785176,2.5431564,0.012762687,0.083770126,0.011158083
1.1815321,0.00035506618,4.989923,0.09005767,8.583756,1.8545971,41.0691,6.7904424e-05,12.938909,4.0416856,3.2225707,85.812744,2.0065134,0.020453678,0.0027105447,0.18785243,2.5431662,0.0127626825,0.083770275,0.0111580305
1.1815321,0.00035506606,4.9899344,0.09005768,8.583749,1.8545965,41.06912,6.7904475e-05,12.938904,4.0416827,3.2225645,85.81255,2.0065184,0.020453708,0.0027105457,0.18785219,2.5431623,0.0127626825,0.08377022,0.011158049
1.1815321,0.00035506522,4.989976,0.09005769,8.583723,1.8545946,41.069168,6.790466e-05,12.938887,4.0416727,3.222536,85.811966,2.0065348,0.020453826,0.0027105492,0.18785119,2.5431511,0.0127626965,0.08377,0.011158121
1.1815321,0.00035506563,4.9899597,0.0900577,8.5837345,1.8545959,41.06915,6.7904584e-05,12.938892,4.0416756,3.2225492,85.81216,2.0065284,0.020453773,0.002710547,0.18785162,2.543155,0.012762687,0.083770104,0.011158091
1.1815321,0.00035506435,4.9900174,0.09005767,8.583698,1.8545928,41.069214,6.790483e-05,12.938869,4.041662,3.2225058,85.81138,2.0065508,0.020453954,0.0027105536,0.18785015,2.5431414,0.012762715,0.08376976,0.011158193
1.1815321,0.00035506595,4.989939,0.09005768,8.583745,1.8545965,41.069122,6.79045e-05,12.938904,4.0416827,3.2225606,85.812454,2.0065198,0.020453723,0.002710546,0.18785207,2.5431614,0.012762684,0.083770186,0.0111580575
1.1815325,0.00035506577,4.989953,0.09005771,8.583738,1.8545959,41.06915,6.790456e-05,12.938892,4.041677,3.2225537,85.812256,2.006527,0.020453759,0.0027105466,0.18785176,2.5431554,0.0127626825,0.083770126,0.011158085
1.1815321,0.00035506595,4.989939,0.09005768,8.583747,1.8545965,41.069122,6.79045e-05,12.938904,4.0416827,3.2225606,85.812454,2.0065196,0.020453721,0.002710546,0.18785208,2.5431619,0.012762684,0.0837702,0.011158057
1.1815321,0.00035506557,4.9899573,0.09005768,8.5837345,1.8545952,41.06914,6.790458e-05,12.938898,4.041677,3.2225478,85.812256,2.0065272,0.020453775,0.0027105478,0.18785161,2.5431564,0.012762692,0.08377009,0.011158089
1.1815321,0.00035506545,4.9899645,0.09005768,8.583731,1.8545952,41.069153,6.79046e-05,12.938892,4.0416756,3.222544,85.81216,2.0065305,0.020453794,0.002710548,0.18785146,2.5431542,0.012762692,0.08377006,0.0111581
1.1815321,0.0003550663,4.989923,0.09005769,8.583756,1.8545971,41.069107,6.7904424e-05,12.938909,4.0416856,3.222572,85.812645,2.0065136,0.020453677,0.0027105445,0.18785244,2.5431652,0.012762678,0.083770275,0.011158032
1.1815321,0.00035506606,4.989937,0.09005769,8.583749,1.8545965,41.069122,6.790448e-05,12.938904,4.0416827,3.2225637,85.81255,2.006519,0.020453712,0.0027105457,0.18785216,2.5431619,0.0127626825,0.083770216,0.011158052
1.1815321,0.00035506688,4.989881,0.09005764,8.583781,1.8545983,41.069042,6.7904235e-05,12.938937,4.041697,3.2225964,85.81333,2.006496,0.020453567,0.002710542,0.18785337,2.543179,0.012762678,0.083770484,0.011157958
1.1815318,0.00035506726,4.989856,0.09005763,8.5837965,1.8545989,41.069004,6.790412e-05,12.938949,4.0417027,3.2226102,85.81363,2.0064855,0.020453503,0.0027105405,0.18785389,2.5431879,0.012762678,0.0837706,0.011157916
1.1815321,0.00035506618,4.989923,0.09005768,8.583756,1.8545965,41.0691,6.790442e-05,12.938914,4.041687,3.2225707,85.812744,2.0065129,0.020453678,0.0027105447,0.18785243,2.5431666,0.012762684,0.08377027,0.0111580305
1.1815321,0.0003550662,4.989923,0.09005768,8.583756,1.8545965,41.0691,6.790442e-05,12.938909,4.041687,3.222571,85.812744,2.0065129,0.020453677,0.0027105447,0.18785244,2.5431666,0.0127626825,0.08377027,0.01115803
1.1815325,0.00035506565,4.9899573,0.09005771,8.5837345,1.8545959,41.069153,6.7904584e-05,12.938892,4.041677,3.22255,85.81216,2.0065284,0.020453773,0.002710547,0.18785164,2.5431542,0.012762684,0.0837701,0.011158092
1.1815325,0.00035506548,4.989967,0.09005771,8.583729,1.8545952,41.069164,6.7904635e-05,12.938887,4.041674,3.222544,85.812065,2.0065324,0.0204538,0.0027105478,0.18785143,2.5431516,0.012762687,0.08377005,0.01115811
1.1815321,0.00035506577,4.9899507,0.0900577,8.583738,1.8545959,41.06914,6.7904555e-05,12.938898,4.0416784,3.2225537,85.812256,2.0065253,0.020453757,0.0027105468,0.18785179,2.543157,0.012762684,0.08377013,0.011158079
1.1815321,0.00035506618,4.989923,0.09005768,8.583756,1.8545965,41.0691,6.7904424e-05,12.938909,4.041687,3.2225707,85.812744,2.0065129,0.020453682,0.0027105447,0.18785241,2.5431666,0.0127626825,0.08377027,0.0111580305
1.1815321,0.000355066,4.989932,0.09005769,8.583751,1.8545965,41.06912,6.7904475e-05,12.938904,4.041684,3.2225645,85.81255,2.0065172,0.020453708,0.0027105454,0.18785219,2.5431635,0.012762684,0.083770216,0.011158048
1.1815321,0.00035506554,4.9899597,0.09005768,8.5837345,1.8545952,41.06914,6.790458e-05,12.938892,4.041677,3.2225466,85.81216,2.0065277,0.020453783,0.0027105478,0.18785156,2.5431564,0.012762692,0.08377008,0.011158092
1.1815321,0.0003550661,4.9899297,0.09005768,8.583751,1.8545965,41.069107,6.790445e-05,12.938909,4.041684,3.2225664,85.812645,2.0065165,0.020453697,0.0027105454,0.18785226,2.5431645,0.012762684,0.083770245,0.011158043
1.1815321,0.00035506557,4.9899597,0.09005769,8.5837345,1.8545952,41.06915,6.790458e-05,12.938892,4.041677,3.222547,85.81216,2.0065277,0.02045378,0.0027105478,0.1878516,2.543156,0.012762692,0.08377008,0.011158092
1.1815321,0.0003550659,4.989941,0.09005768,8.583745,1.8545965,41.069122,6.79045e-05,12.938904,4.0416813,3.22256,85.812454,2.0065207,0.020453725,0.002710546,0.18785203,2.5431614,0.012762687,0.083770186,0.011158059
1.1815321,0.00035506627,4.9899206,0.09005768,8.583756,1.8545971,41.069096,6.790442e-05,12.938909,4.0416856,3.222572,85.812744,2.0065129,0.020453673,0.0027105447,0.18785247,2.5431662,0.0127626825,0.08377029,0.011158027
1.1815321,0.00035506577,4.989946,0.09005768,8.583741,1.8545959,41.069126,6.790452e-05,12.938904,4.0416813,3.2225552,85.812355,2.0065222,0.020453744,0.0027105466,0.1878519,2.5431602,0.012762689,0.08377014,0.01115807
1.1815321,0.00035506647,4.989907,0.09005766,8.583767,1.8545977,41.069073,6.7904344e-05,12.93892,4.0416913,3.2225807,85.81294,2.0065057,0.020453634,0.0027105438,0.1878528,2.5431721,0.0127626825,0.08377036,0.011158001
1.1815321,0.0003550658,4.9899483,0.09005769,8.583739,1.8545965,41.069134,6.790453e-05,12.938898,4.0416784,3.2225559,85.812355,2.006524,0.020453744,0.0027105466,0.18785188,2.543158,0.012762687,0.08377016,0.011158072
1.1815321,0.00035506632,4.989918,0.09005767,8.583759,1.8545971,41.06909,6.7904395e-05,12.938914,4.041687,3.2225747,85.81284,2.0065112,0.02045366,0.0027105445,0.18785258,2.5431678,0.0127626825,0.08377031,0.011158019
1.1815321,0.00035506574,4.989946,0.09005769,8.583741,1.8545959,41.069134,6.790453e-05,12.938898,4.0416813,3.2225544,85.812355,2.0065227,0.02045375,0.0027105466,0.18785185,2.5431597,0.012762689,0.08377013,0.011158072
1.1815321,0.0003550661,4.9899297,0.09005768,8.583751,1.8545965,41.06911,6.790446e-05,12.938909,4.041684,3.2225657,85.81255,2.0065165,0.0204537,0.0027105454,0.18785225,2.543164,0.012762684,0.08377023,0.0111580435
1.1815321,0.0003550659,4.989939,0.09005768,8.583747,1.8545959,41.06912,6.790448e-05,12.938904,4.0416827,3.2225592,85.812454,2.0065186,0.020453725,0.0027105461,0.18785204,2.543163,0.012762689,0.08377018,0.011158057
1.1815321,0.00035506592,4.989939,0.09005769,8.583745,1.8545965,41.069122,6.79045e-05,12.938904,4.0416827,3.2225602,85.812454,2.0065198,0.020453725,0.002710546,0.18785204,2.5431619,0.012762687,0.083770186,0.0111580575
1.1815321,0.0003550659,4.989941,0.09005769,8.583745,1.8545959,41.069126,6.7904504e-05,12.938904,4.0416813,3.222559,85.812454,2.0065207,0.02045373,0.0027105461,0.18785201,2.5431614,0.012762687,0.08377018,0.011158062
1.1815321,0.00035506664,4.9898973,0.09005766,8.583773,1.8545977,41.069065,6.7904315e-05,12.938926,4.0416927,3.222587,85.81304,2.0065026,0.02045361,0.0027105429,0.18785301,2.5431743,0.012762678,0.0837704,0.011157987
1.1815321,0.00035506478,4.989999,0.09005769,8.583709,1.854594,41.069195,6.790475e-05,12.938875,4.041667,3.222521,85.81167,2.006544,0.020453893,0.002710551,0.18785064,2.5431452,0.012762701,0.08376988,0.011158161
1.1815321,0.00035506545,4.989967,0.0900577,8.583729,1.8545952,41.06916,6.790461e-05,12.938887,4.0416756,3.222543,85.812065,2.0065308,0.0204538,0.002710548,0.18785143,2.5431538,0.012762692,0.083770044,0.011158105
1.1815325,0.0003550657,4.989955,0.0900577,8.583736,1.8545959,41.06915,6.790456e-05,12.938892,4.0416784,3.2225513,85.812256,2.0065265,0.020453764,0.0027105468,0.18785171,2.5431564,0.012762684,0.083770104,0.011158085
1.1815321,0.00035506595,4.989939,0.09005769,8.583747,1.8545959,41.069122,6.79045e-05,12.938904,4.0416827,3.2225604,85.812454,2.0065196,0.020453725,0.002710546,0.18785204,2.5431619,0.012762684,0.08377018,0.011158059
1.1815325,0.0003550649,4.989999,0.09005771,8.583709,1.854594,41.069206,6.790477e-05,12.938869,4.041667,3.2225223,85.81158,2.0065446,0.020453895,0.0027105508,0.18785064,2.5431435,0.0127626965,0.08376987,0.0111581655
1.1815325,0.000355065,4.989992,0.09005771,8.5837145,1.854594,41.069202,6.790474e-05,12.938875,4.0416684,3.2225268,85.81167,2.0065422,0.020453874,0.00271055,0.1878508,2.5431452,0.012762694,0.08376991,0.011158153
1.1815321,0.00035506618,4.989923,0.09005768,8.583756,1.8545965,41.0691,6.7904424e-05,12.938909,4.041687,3.2225704,85.812645,2.0065134,0.020453682,0.0027105447,0.1878524,2.5431662,0.0127626825,0.08377026,0.011158032
1.1815325,0.00035506548,4.989967,0.09005771,8.583729,1.8545952,41.069164,6.790462e-05,12.938887,4.0416756,3.222544,85.812065,2.0065312,0.0204538,0.0027105478,0.18785143,2.5431528,0.012762689,0.08377004,0.011158108
1.1815321,0.00035506597,4.989939,0.0900577,8.583747,1.8545965,41.069126,6.79045e-05,12.938904,4.0416827,3.2225616,85.812454,2.0065196,0.020453721,0.0027105457,0.18785208,2.5431614,0.0127626825,0.083770186,0.0111580575
1.1815321,0.00035506618,4.989925,0.09005768,8.583755,1.8545965,41.069107,6.790444e-05,12.938909,4.041687,3.2225697,85.812645,2.006514,0.020453684,0.0027105447,0.18785237,2.5431657,0.0127626825,0.08377026,0.011158035
1.1815321,0.00035506595,4.989939,0.09005769,8.583745,1.8545959,41.069126,6.79045e-05,12.938904,4.0416827,3.2225606,85.812454,2.0065198,0.020453725,0.002710546,0.18785204,2.5431614,0.012762684,0.08377018,0.011158059
1.1815321,0.00035506597,4.9899344,0.09005768,8.583749,1.8545965,41.06912,6.7904475e-05,12.938904,4.041684,3.2225633,85.81255,2.0065176,0.020453712,0.0027105457,0.18785216,2.5431635,0.012762687,0.08377021,0.011158051
1.1815321,0.00035506597,4.989937,0.09005769,8.583747,1.8545965,41.069122,6.790448e-05,12.938904,4.0416827,3.2225623,85.81255,2.006519,0.020453716,0.0027105457,0.1878521,2.5431619,0.012762684,0.0837702,0.011158055
1.1815321,0.0003550647,4.990001,0.09005768,8.583707,1.8545934,41.069202,6.790476e-05,12.938875,4.0416684,3.2225175,85.81158,2.006544,0.020453908,0.0027105517,0.18785055,2.5431457,0.012762706,0.08376984,0.011158168
1.1815325,0.0003550651,4.989983,0.0900577,8.583718,1.854594,41.06918,6.790469e-05,12.938881,4.0416713,3.2225313,85.81187,2.006538,0.020453854,0.0027105496,0.187851,2.543149,0.012762694,0.08376995,0.011158137
1.1815321,0.00035506484,4.989997,0.09005769,8.583711,1.8545934,41.069195,6.790475e-05,12.938875,4.0416684,3.2225218,85.81167,2.006543,0.020453893,0.002710551,0.18785067,2.5431461,0.012762701,0.08376987,0.011158159
1.1815325,0.00035506432,4.990022,0.09005769,8.583694,1.8545922,41.06923,6.790485e-05,12.938864,4.041662,3.2225041,85.81128,2.0065527,0.020453967,0.0027105536,0.18785003,2.5431397,0.01276271,0.08376974,0.011158206
1.1815321,0.0003550657,4.989953,0.0900577,8.583738,1.8545959,41.06914,6.7904555e-05,12.938892,4.0416784,3.2225523,85.812256,2.0065258,0.02045376,0.0027105468,0.18785176,2.543157,0.012762687,0.08377012,0.011158083
1.1815321,0.00035506475,4.989999,0.09005769,8.583709,1.8545934,41.069195,6.790475e-05,12.938875,4.0416684,3.22252,85.81167,2.0065434,0.020453896,0.002710551,0.18785062,2.5431457,0.012762704,0.083769865,0.011158162
1.1815321,0.00035506455,4.9900084,0.09005768,8.583703,1.8545928,41.069206,6.790478e-05,12.938875,4.0416656,3.222513,85.81148,2.0065467,0.020453926,0.0027105522,0.18785039,2.543144,0.012762709,0.083769806,0.011158178
1.1815321,0.00035506574,4.9899483,0.09005768,8.583739,1.8545959,41.069134,6.790453e-05,12.938898,4.04168,3.2225544,85.812355,2.0065234,0.020453747,0.0027105468,0.18785186,2.5431592,0.012762689,0.08377014,0.011158072
1.1815321,0.0003550658,4.9899435,0.09005768,8.583743,1.8545959,41.069126,6.790452e-05,12.938904,4.0416813,3.2225568,85.812454,2.006522,0.020453736,0.0027105466,0.18785194,2.5431602,0.012762689,0.08377016,0.011158067
1.1815321,0.00035506522,4.9899783,0.09005769,8.583721,1.8545952,41.069168,6.790466e-05,12.938887,4.0416713,3.2225354,85.811966,2.0065358,0.02045383,0.0027105492,0.18785116,2.54315,0.0127626965,0.08377,0.011158124
1.1815321,0.0003550656,4.9899573,0.0900577,8.5837345,1.8545952,41.06915,6.790458e-05,12.938892,4.0416784,3.2225482,85.812256,2.0065272,0.020453775,0.0027105475,0.18785162,2.543156,0.012762689,0.08377009,0.011158091
1.1815321,0.0003550665,4.989907,0.09005767,8.583765,1.8545977,41.06908,6.7904344e-05,12.93892,4.04169,3.222581,85.81294,2.006507,0.020453634,0.0027105436,0.1878528,2.543171,0.01276268,0.08377036,0.011158003
1.1815321,0.0003550656,4.989962,0.0900577,8.583733,1.8545959,41.069153,6.79046e-05,12.938887,4.0416756,3.2225478,85.81216,2.0065296,0.020453783,0.0027105475,0.18785156,2.5431538,0.012762684,0.08377009,0.011158098
1.1815321,0.0003550663,4.9899135,0.09005767,8.583761,1.8545971,41.06909,6.7904395e-05,12.938914,4.04169,3.222575,85.81284,2.0065093,0.02045366,0.0027105445,0.18785259,2.5431695,0.012762684,0.083770305,0.011158017
1.1815321,0.00035506592,4.989939,0.09005768,8.583747,1.8545965,41.06912,6.790448e-05,12.938904,4.0416827,3.2225604,85.812454,2.006519,0.020453721,0.0027105461,0.18785207,2.5431623,0.012762689,0.083770186,0.011158057
1.1815321,0.0003550661,4.9899273,0.09005768,8.583753,1.8545965,41.069107,6.790444e-05,12.938909,4.0416856,3.2225673,85.812645,2.0065143,0.020453691,0.0027105454,0.18785232,2.5431657,0.012762684,0.083770245,0.011158038
1.1815321,0.00035506606,4.9899297,0.09005768,8.583751,1.8545965,41.06911,6.790445e-05,12.938909,4.0416856,3.2225654,85.812645,2.0065155,0.0204537,0.0027105457,0.18785225,2.5431652,0.012762687,0.08377022,0.0111580435
1.1815321,0.00035506577,4.9899483,0.09005769,8.583739,1.8545959,41.069134,6.790454e-05,12.938898,4.0416784,3.2225552,85.812355,2.006524,0.020453745,0.0027105466,0.18785186,2.543158,0.012762687,0.08377015,0.011158073
1.1815321,0.00035506542,4.9899645,0.09005769,8.583731,1.8545946,41.069153,6.790461e-05,12.938892,4.041677,3.2225425,85.81216,2.0065293,0.0204538,0.0027105485,0.18785143,2.5431554,0.012762694,0.08377004,0.011158104
1.1815321,0.0003550659,4.989937,0.09005768,8.583747,1.8545959,41.06912,6.7904475e-05,12.938909,4.041684,3.2225604,85.81255,2.0065176,0.020453721,0.002710546,0.18785208,2.543164,0.012762689,0.083770186,0.011158054
1.1815321,0.000355066,4.9899344,0.09005769,8.583749,1.8545965,41.06912,6.7904475e-05,12.938904,4.041684,3.2225637,85.81255,2.0065176,0.02045371,0.0027105457,0.18785217,2.543163,0.012762684,0.083770216,0.011158049
1.1815321,0.00035506554,4.9899597,0.09005769,8.583733,1.8545952,41.06915,6.7904584e-05,12.938892,4.041677,3.2225466,85.81216,2.0065281,0.020453785,0.0027105478,0.18785155,2.543156,0.012762692,0.08377008,0.011158095
1.1815321,0.00035506597,4.989937,0.09005769,8.583747,1.8545965,41.069122,6.790448e-05,12.938904,4.0416827,3.222562,85.812454,2.0065196,0.02045372,0.0027105457,0.1878521,2.5431619,0.012762684,0.0837702,0.011158055
1.1815321,0.0003550659,4.989941,0.09005769,8.583745,1.8545959,41.069126,6.7904504e-05,12.938904,4.0416813,3.222559,85.812454,2.006521,0.020453732,0.0027105461,0.187852,2.5431607,0.012762684,0.08377017,0.011158064
1.1815321,0.0003550656,4.9899573,0.09005769,8.5837345,1.8545952,41.06914,6.790456e-05,12.938898,4.0416784,3.2225482,85.812256,2.0065265,0.020453775,0.0027105475,0.18785164,2.543157,0.012762692,0.08377009,0.011158089
1.1815321,0.0003550658,4.989946,0.09005769,8.583741,1.8545959,41.069134,6.790452e-05,12.938898,4.04168,3.222556,85.812355,2.0065227,0.02045374,0.0027105466,0.1878519,2.5431597,0.012762687,0.08377015,0.01115807
1.1815321,0.0003550653,4.989971,0.09005769,8.583727,1.8545946,41.069164,6.7904635e-05,12.938887,4.041674,3.2225387,85.812065,2.0065324,0.020453816,0.0027105487,0.1878513,2.5431533,0.0127626965,0.083770014,0.011158113
1.1815321,0.0003550661,4.989932,0.09005769,8.583751,1.8545965,41.06912,6.7904475e-05,12.938904,4.041684,3.2225657,85.81255,2.006518,0.020453706,0.0027105454,0.1878522,2.5431623,0.01276268,0.08377022,0.011158048
1.1815321,0.00035506644,4.989911,0.09005768,8.583763,1.8545971,41.06909,6.790438e-05,12.938914,4.0416884,3.2225783,85.81284,2.0065088,0.020453649,0.0027105438,0.18785268,2.5431688,0.012762678,0.083770335,0.011158014
1.1815321,0.00035506557,4.9899573,0.09005769,8.5837345,1.8545952,41.06915,6.790458e-05,12.938892,4.0416784,3.222548,85.812256,2.0065262,0.020453775,0.0027105475,0.18785162,2.5431576,0.012762692,0.08377008,0.011158089
1.1815321,0.00035506627,4.989918,0.09005767,8.583759,1.8545965,41.069096,6.79044e-05,12.938914,4.0416884,3.2225728,85.812744,2.0065105,0.020453667,0.0027105445,0.18785252,2.5431688,0.012762684,0.083770275,0.011158022
1.1815321,0.00035506583,4.989946,0.09005769,8.583741,1.8545959,41.069134,6.790453e-05,12.938898,4.0416813,3.2225564,85.812355,2.0065227,0.020453744,0.0027105466,0.1878519,2.5431597,0.012762687,0.08377014,0.0111580705
1.1815325,0.00035506542,4.989971,0.09005771,8.583727,1.8545952,41.069168,6.790464e-05,12.938887,4.041674,3.2225409,85.811966,2.0065331,0.020453813,0.0027105485,0.18785131,2.5431511,0.012762689,0.08377003,0.011158115
1.1815325,0.00035506487,4.989999,0.09005771,8.583709,1.8545934,41.069206,6.790477e-05,12.938869,4.0416684,3.2225213,85.81158,2.0065446,0.020453896,0.0027105508,0.18785062,2.5431435,0.012762698,0.083769865,0.0111581655
1.1815325,0.00035506475,4.9900036,0.0900577,8.583707,1.8545934,41.069214,6.790478e-05,12.938869,4.041667,3.222518,85.81158,2.0065455,0.02045391,0.0027105515,0.1878505,2.5431435,0.012762701,0.083769836,0.011158172
1.1815325,0.0003550649,4.989997,0.09005771,8.583711,1.854594,41.069206,6.790476e-05,12.938869,4.0416684,3.2225237,85.81167,2.0065436,0.02045389,0.0027105506,0.18785067,2.543144,0.012762694,0.08376988,0.011158162
1.1815325,0.0003550652,4.989985,0.090057716,8.58372,1.8545946,41.06919,6.79047e-05,12.938875,4.0416713,3.222533,85.81177,2.0065386,0.020453848,0.0027105492,0.187851,2.5431473,0.012762689,0.083769955,0.011158139
1.1815321,0.00035506595,4.989939,0.09005769,8.583747,1.8545965,41.069122,6.79045e-05,12.938904,4.0416827,3.2225614,85.812454,2.0065196,0.020453721,0.0027105457,0.18785208,2.5431619,0.012762684,0.083770186,0.0111580575
1.1815325,0.00035506548,4.989967,0.09005771,8.583729,1.8545952,41.069164,6.790462e-05,12.938887,4.0416756,3.222544,85.812065,2.0065312,0.0204538,0.0027105478,0.18785143,2.5431528,0.012762689,0.08377004,0.011158108
1.1815321,0.0003550662,4.989923,0.09005768,8.583756,1.8545965,41.0691,6.7904424e-05,12.938909,4.041687,3.2225707,85.812744,2.0065134,0.020453678,0.0027105447,0.18785241,2.5431662,0.0127626825,0.08377027,0.011158032
1.1815321,0.00035506597,4.9899344,0.09005769,8.583749,1.8545965,41.069122,6.790448e-05,12.938904,4.041684,3.2225626,85.81255,2.0065184,0.020453716,0.0027105457,0.18785211,2.5431623,0.012762684,0.0837702,0.011158054
1.1815321,0.000355066,4.989932,0.09005768,8.583749,1.8545965,41.06912,6.790446e-05,12.938909,4.041684,3.2225637,85.81255,2.0065167,0.020453708,0.0027105457,0.18785217,2.543164,0.012762687,0.083770216,0.011158048
1.1815321,0.00035506507,4.989983,0.09005768,8.58372,1.854594,41.069176,6.790468e-05,12.938887,4.0416727,3.2225304,85.81187,2.0065367,0.02045385,0.0027105499,0.187851,2.5431504,0.012762698,0.08376995,0.011158134
1.1815325,0.00035506525,4.9899783,0.0900577,8.583723,1.8545946,41.069176,6.7904664e-05,12.938881,4.041674,3.222536,85.811966,2.006535,0.020453833,0.002710549,0.18785116,2.5431504,0.012762694,0.08376998,0.0111581255
1.1815321,0.00035506542,4.9899645,0.09005768,8.583731,1.8545952,41.06915,6.7904584e-05,12.938892,4.0416756,3.2225435,85.81216,2.0065293,0.020453794,0.0027105485,0.18785147,2.543156,0.0127626965,0.08377006,0.011158099
1.1815321,0.00035506592,4.989939,0.09005768,8.583747,1.8545965,41.069122,6.79045e-05,12.938904,4.0416827,3.2225606,85.812454,2.0065196,0.020453721,0.002710546,0.18785207,2.5431619,0.012762687,0.083770186,0.0111580575
1.1815321,0.0003550659,4.989941,0.09005768,8.583745,1.8545965,41.069122,6.79045e-05,12.938904,4.0416813,3.222559,85.812454,2.0065203,0.020453727,0.0027105461,0.18785203,2.5431619,0.012762689,0.08377018,0.011158059
1.1815321,0.00035506522,4.9899783,0.09005769,8.583721,1.8545952,41.069168,6.790466e-05,12.938887,4.0416713,3.222536,85.811966,2.0065355,0.020453826,0.0027105492,0.18785119,2.5431504,0.012762694,0.08377001,0.011158121
1.1815321,0.0003550661,4.989925,0.09005767,8.583755,1.8545965,41.0691,6.7904424e-05,12.938914,4.0416856,3.2225678,85.812645,2.006514,0.020453688,0.0027105454,0.18785235,2.5431666,0.012762687,0.08377026,0.011158033
1.1815321,0.00035506522,4.9899807,0.09005769,8.583721,1.8545952,41.069168,6.790466e-05,12.938887,4.0416713,3.2225354,85.811966,2.0065362,0.02045383,0.0027105492,0.18785116,2.54315,0.0127626965,0.08377,0.011158124
1.1815321,0.0003550663,4.9899135,0.09005767,8.583761,1.8545971,41.06909,6.7904395e-05,12.938914,4.04169,3.222575,85.81284,2.0065093,0.02045366,0.0027105445,0.18785259,2.5431695,0.012762684,0.083770305,0.011158017
1.1815321,0.00035506554,4.989962,0.0900577,8.583733,1.8545952,41.069153,6.79046e-05,12.938892,4.0416756,3.222546,85.81216,2.0065293,0.020453785,0.0027105478,0.18785153,2.5431542,0.012762689,0.08377008,0.011158098
1.1815321,0.00035506522,4.9899807,0.09005769,8.583721,1.8545952,41.069168,6.7904664e-05,12.938887,4.0416713,3.2225351,85.811966,2.0065362,0.020453831,0.0027105492,0.18785115,2.54315,0.0127626965,0.08377,0.011158124
1.1815321,0.0003550658,4.9899435,0.09005768,8.583743,1.8545959,41.069122,6.7904504e-05,12.938904,4.0416813,3.2225573,85.812454,2.0065215,0.020453734,0.0027105466,0.18785195,2.5431607,0.012762689,0.08377017,0.011158064
1.1815321,0.000355066,4.9899344,0.09005767,8.583751,1.8545965,41.06911,6.790446e-05,12.938909,4.0416827,3.2225645,85.81255,2.0065172,0.0204537,0.0027105457,0.1878522,2.5431635,0.012762687,0.08377023,0.011158045
1.1815321,0.00035506542,4.9899645,0.09005769,8.583731,1.8545946,41.069153,6.79046e-05,12.938892,4.041677,3.2225428,85.81216,2.0065293,0.0204538,0.002710548,0.18785144,2.5431554,0.012762694,0.08377004,0.011158104
1.1815321,0.00035506557,4.9899597,0.0900577,8.583733,1.8545952,41.069153,6.7904584e-05,12.938892,4.041677,3.2225475,85.81216,2.0065289,0.020453783,0.0027105475,0.18785156,2.543155,0.012762687,0.08377008,0.011158097
1.1815321,0.00035506554,4.989962,0.0900577,8.583733,1.8545952,41.06916,6.79046e-05,12.938892,4.041677,3.2225456,85.81216,2.0065289,0.020453788,0.0027105478,0.18785152,2.543155,0.012762689,0.08377006,0.011158099
1.1815325,0.0003550651,4.989985,0.0900577,8.583718,1.8545946,41.069187,6.79047e-05,12.938881,4.0416713,3.2225313,85.81187,2.0065382,0.020453854,0.0027105496,0.18785098,2.5431483,0.012762694,0.08376995,0.011158138
1.1815321,0.000355066,4.9899344,0.09005769,8.583749,1.8545965,41.06912,6.7904475e-05,12.938904,4.041684,3.2225637,85.81255,2.0065176,0.02045371,0.0027105457,0.18785217,2.543163,0.012762684,0.083770216,0.011158049
1.1815321,0.0003550659,4.989941,0.09005769,8.583743,1.8545959,41.069126,6.7904504e-05,12.938904,4.0416813,3.2225585,85.812454,2.006521,0.020453732,0.0027105461,0.187852,2.5431607,0.012762687,0.08377017,0.011158064
1.1815321,0.0003550659,4.989941,0.09005769,8.583743,1.8545959,41.069126,6.7904504e-05,12.938904,4.0416813,3.2225585,85.812454,2.006521,0.020453732,0.0027105461,0.187852,2.5431607,0.012762687,0.08377017,0.011158064
1.1815321,0.0003550659,4.989939,0.09005768,8.583747,1.8545959,41.069122,6.790448e-05,12.938904,4.0416827,3.22256,85.812454,2.006519,0.020453725,0.002710546,0.18785204,2.5431623,0.012762689,0.083770186,0.011158057
1.1815321,0.00035506577,4.9899483,0.09005769,8.583739,1.8545959,41.069134,6.790453e-05,12.938898,4.04168,3.222555,85.812355,2.0065234,0.02045375,0.0027105466,0.18785185,2.5431592,0.012762687,0.08377014,0.011158073
1.1815321,0.00035506577,4.9899435,0.09005768,8.583741,1.8545959,41.069126,6.790452e-05,12.938904,4.0416813,3.2225554,85.812355,2.006522,0.020453744,0.0027105466,0.1878519,2.5431607,0.012762689,0.08377015,0.011158068
1.1815321,0.0003550656,4.989955,0.09005769,8.583736,1.8545952,41.06914,6.790456e-05,12.938892,4.0416784,3.2225492,85.812256,2.0065262,0.020453772,0.0027105475,0.18785167,2.543157,0.012762689,0.08377009,0.011158088
1.1815321,0.00035506618,4.989925,0.09005768,8.583755,1.8545965,41.069107,6.790444e-05,12.938909,4.0416856,3.22257,85.812645,2.006514,0.020453684,0.0027105447,0.1878524,2.5431657,0.0127626825,0.08377026,0.011158033
1.1815321,0.00035506536,4.989967,0.09005769,8.583729,1.8545946,41.06916,6.790461e-05,12.938892,4.041677,3.2225406,85.812065,2.00653,0.020453809,0.0027105487,0.18785137,2.543155,0.0127626965,0.083770014,0.011158108
1.1815321,0.00035506347,4.9900546,0.090057634,8.583674,1.8545903,41.06925,6.790498e-05,12.938858,4.041655,3.2224784,85.81089,2.0065637,0.02045407,0.0027105575,0.18784918,2.5431345,0.0127627365,0.083769545,0.011158258
1.1815321,0.00035506475,4.989999,0.09005767,8.583709,1.854594,41.06919,6.790475e-05,12.938881,4.041667,3.2225206,85.81167,2.006544,0.020453895,0.0027105515,0.18785064,2.5431452,0.012762706,0.08376988,0.011158159
1.1815321,0.0003550652,4.989976,0.09005768,8.583723,1.8545946,41.069164,6.790464e-05,12.938887,4.0416727,3.2225351,85.811966,2.0065348,0.020453831,0.0027105492,0.18785116,2.543152,0.012762698,0.08376999,0.011158121
1.1815321,0.00035506583,4.989939,0.09005767,8.583745,1.8545959,41.06912,6.790448e-05,12.938909,4.0416827,3.2225592,85.812454,2.006519,0.020453725,0.0027105461,0.18785203,2.543163,0.012762692,0.08377018,0.011158057
1.1815321,0.00035506536,4.9899693,0.09005768,8.583727,1.8545952,41.06916,6.790462e-05,12.938892,4.041674,3.2225404,85.812065,2.006532,0.020453809,0.0027105487,0.18785135,2.5431538,0.0127626965,0.08377004,0.011158108
1.1815321,0.00035506437,4.9900174,0.09005767,8.583698,1.8545928,41.069214,6.790483e-05,12.938869,4.041662,3.2225075,85.81138,2.0065508,0.02045395,0.0027105531,0.18785018,2.543141,0.012762713,0.08376978,0.0111581925
1.1815321,0.00035506563,4.989953,0.09005767,8.583738,1.8545959,41.069134,6.790454e-05,12.938898,4.0416784,3.222551,85.812355,2.006525,0.02045376,0.002710547,0.18785173,2.5431585,0.012762694,0.083770126,0.011158079
1.1815321,0.00035506536,4.989967,0.09005768,8.583729,1.8545952,41.069153,6.790461e-05,12.938892,4.0416756,3.2225416,85.812065,2.0065308,0.020453801,0.0027105485,0.18785138,2.5431542,0.0127626965,0.083770044,0.011158105
1.1815321,0.00035506504,4.9899874,0.09005768,8.583716,1.8545946,41.06918,6.790469e-05,12.938881,4.04167,3.2225292,85.81177,2.006539,0.020453857,0.00271055,0.18785092,2.5431483,0.012762701,0.083769955,0.011158138
1.1815321,0.0003550644,4.9900174,0.09005767,8.583698,1.8545928,41.069214,6.790482e-05,12.938869,4.041662,3.2225087,85.81138,2.0065503,0.020453945,0.002710553,0.18785022,2.5431414,0.01276271,0.08376978,0.01115819
1.1815321,0.0003550658,4.989941,0.09005767,8.583745,1.8545959,41.06912,6.79045e-05,12.938904,4.0416827,3.2225583,85.812454,2.0065198,0.02045373,0.0027105461,0.187852,2.5431623,0.012762692,0.08377018,0.011158059
1.1815321,0.00035506565,4.9899507,0.09005767,8.583738,1.8545959,41.069134,6.790453e-05,12.938904,4.04168,3.222552,85.812355,2.0065238,0.020453757,0.002710547,0.18785177,2.5431597,0.012762694,0.08377013,0.011158076
1.1815321,0.00035506478,4.989997,0.09005767,8.583711,1.854594,41.06919,6.790474e-05,12.938881,4.041667,3.2225213,85.81167,2.006543,0.02045389,0.002710551,0.18785067,2.5431461,0.012762706,0.08376989,0.011158156
1.1815325,0.00035506638,4.989925,0.09005771,8.583756,1.8545977,41.06911,6.790445e-05,12.938904,4.0416827,3.2225745,85.812645,2.0065167,0.020453673,0.002710544,0.18785247,2.5431619,0.01276267,0.083770305,0.011158033
1.1815321,0.00035506592,4.9899344,0.09005767,8.583747,1.8545959,41.06911,6.7904475e-05,12.938909,4.041684,3.2225611,85.81255,2.0065176,0.020453716,0.002710546,0.1878521,2.5431645,0.012762692,0.0837702,0.011158051
1.1815321,0.00035506525,4.989971,0.09005768,8.583725,1.8545946,41.06916,6.7904635e-05,12.938892,4.041674,3.2225378,85.812065,2.0065327,0.020453818,0.002710549,0.18785127,2.5431533,0.012762698,0.083770014,0.011158113
1.1815321,0.00035506577,4.9899483,0.09005769,8.583739,1.8545959,41.069134,6.790453e-05,12.938898,4.04168,3.2225544,85.812355,2.006524,0.02045375,0.0027105466,0.18785185,2.5431585,0.012762689,0.08377014,0.011158073
1.1815321,0.00035506577,4.9899435,0.09005767,8.583743,1.8545959,41.069122,6.7904504e-05,12.938904,4.0416813,3.2225559,85.812454,2.006521,0.02045374,0.0027105466,0.18785192,2.5431619,0.012762694,0.08377015,0.011158065
1.1815321,0.00035506563,4.9899507,0.09005768,8.583738,1.8545959,41.069134,6.790454e-05,12.938898,4.04168,3.2225513,85.812355,2.006524,0.02045376,0.002710547,0.18785176,2.5431592,0.012762694,0.083770126,0.011158078
1.1815321,0.000355065,4.989985,0.09005768,8.583716,1.854594,41.069176,6.790469e-05,12.938887,4.04167,3.222529,85.81187,2.0065382,0.020453857,0.00271055,0.18785095,2.5431495,0.012762701,0.08376995,0.011158137
1.1815321,0.00035506574,4.9899483,0.09005768,8.583739,1.8545959,41.069126,6.790453e-05,12.938904,4.04168,3.2225542,85.812355,2.006523,0.020453747,0.0027105468,0.18785185,2.5431597,0.012762692,0.08377014,0.011158072
1.1815321,0.00035506507,4.989983,0.09005768,8.58372,1.8545946,41.069168,6.7904664e-05,12.938887,4.0416713,3.2225316,85.81187,2.0065367,0.020453846,0.0027105499,0.18785104,2.5431504,0.012762701,0.08376996,0.011158131
1.1815321,0.0003550651,4.9899807,0.09005767,8.583721,1.8545946,41.069164,6.790466e-05,12.938887,4.0416713,3.2225332,85.811966,2.0065358,0.020453837,0.0027105496,0.18785109,2.5431511,0.012762701,0.08376999,0.0111581255
1.1815321,0.00035506522,4.989976,0.09005768,8.583723,1.8545946,41.069164,6.790464e-05,12.938892,4.0416727,3.222536,85.811966,2.0065339,0.020453826,0.0027105492,0.1878512,2.5431528,0.012762698,0.08377001,0.011158118
1.1815321,0.00035506528,4.989971,0.09005767,8.583727,1.8545946,41.069153,6.790462e-05,12.938892,4.041674,3.222539,85.812065,2.006532,0.020453813,0.002710549,0.18785131,2.5431538,0.012762698,0.08377003,0.01115811
1.1815321,0.00035506536,4.9899645,0.09005767,8.583731,1.8545952,41.06915,6.79046e-05,12.938898,4.0416756,3.222542,85.81216,2.0065296,0.020453798,0.0027105485,0.18785144,2.543156,0.012762698,0.08377005,0.011158099
1.1815321,0.00035506522,4.989971,0.09005766,8.583727,1.8545946,41.069153,6.790461e-05,12.938892,4.0416756,3.2225378,85.812065,2.0065315,0.020453816,0.002710549,0.1878513,2.543155,0.012762701,0.083770014,0.01115811
1.1815321,0.00035506647,4.989907,0.09005766,8.583765,1.8545977,41.069073,6.790436e-05,12.93892,4.04169,3.222581,85.81294,2.006507,0.020453636,0.0027105436,0.18785277,2.543171,0.01276268,0.08377036,0.0111580035
1.1815321,0.0003550658,4.989946,0.09005768,8.583741,1.8545959,41.069126,6.790452e-05,12.938904,4.04168,3.222556,85.812355,2.0065227,0.02045374,0.0027105466,0.1878519,2.5431597,0.012762689,0.08377016,0.011158068
1.1815321,0.00035506662,4.9898996,0.09005766,8.583771,1.8545977,41.069065,6.7904315e-05,12.938926,4.0416913,3.2225854,85.81304,2.0065036,0.020453613,0.0027105433,0.18785296,2.5431738,0.01276268,0.083770394,0.0111579895
1.1815321,0.00035506606,4.9899297,0.09005767,8.583751,1.8545965,41.069107,6.790445e-05,12.938909,4.0416856,3.2225657,85.812645,2.0065155,0.020453699,0.0027105454,0.18785225,2.5431652,0.012762687,0.08377023,0.011158041
1.1815321,0.000355066,4.9899297,0.09005767,8.583751,1.8545965,41.069107,6.790445e-05,12.938909,4.0416856,3.2225652,85.812645,2.0065155,0.0204537,0.0027105457,0.18785223,2.5431652,0.012762689,0.08377022,0.011158043
1.1815321,0.00035506467,4.989999,0.09005766,8.583709,1.8545934,41.069187,6.790474e-05,12.938881,4.041667,3.222518,85.81167,2.006543,0.020453902,0.0027105517,0.18785058,2.5431473,0.01276271,0.083769865,0.011158161
1.1815321,0.00035506653,4.9899044,0.09005767,8.583767,1.8545977,41.069073,6.7904344e-05,12.93892,4.04169,3.222583,85.81294,2.0065067,0.020453626,0.0027105433,0.18785284,2.543171,0.01276268,0.08377038,0.011158
1.1815321,0.00035506458,4.9900084,0.09005768,8.583703,1.8545934,41.069206,6.790478e-05,12.938875,4.041664,3.222514,85.81148,2.0065472,0.02045392,0.002710552,0.1878504,2.543143,0.012762709,0.08376983,0.011158177
1.1815321,0.00035506612,4.989925,0.09005767,8.583755,1.8545965,41.0691,6.790444e-05,12.938909,4.0416856,3.2225683,85.812645,2.006514,0.020453688,0.002710545,0.18785234,2.5431662,0.012762687,0.08377025,0.011158035
1.1815321,0.0003550661,4.9899273,0.09005767,8.583753,1.8545965,41.069107,6.790444e-05,12.938909,4.0416856,3.2225668,85.812645,2.0065148,0.020453695,0.0027105454,0.18785231,2.5431657,0.012762687,0.083770245,0.011158038
1.1815321,0.00035506565,4.989953,0.09005769,8.583738,1.8545959,41.069138,6.7904555e-05,12.938898,4.04168,3.2225513,85.812256,2.006525,0.020453762,0.002710547,0.18785173,2.543158,0.012762689,0.08377012,0.011158081
1.1815321,0.00035506504,4.989983,0.09005767,8.583718,1.8545946,41.069168,6.790468e-05,12.938887,4.04167,3.222531,85.81187,2.0065374,0.020453848,0.0027105499,0.187851,2.54315,0.012762701,0.08376997,0.011158132
1.1815321,0.0003550654,4.9899645,0.09005767,8.583731,1.8545952,41.06915,6.7904584e-05,12.938898,4.041677,3.2225428,85.81216,2.0065289,0.020453796,0.0027105485,0.18785146,2.5431564,0.012762698,0.08377005,0.011158098
1.1815321,0.0003550653,4.989971,0.09005767,8.583725,1.8545952,41.069153,6.790462e-05,12.938892,4.0416727,3.2225394,85.812065,2.0065331,0.02045381,0.0027105487,0.18785131,2.5431528,0.0127626965,0.083770044,0.01115811
1.1815321,0.000355065,4.989985,0.09005767,8.583716,1.854594,41.069176,6.790469e-05,12.938887,4.0416713,3.2225285,85.81187,2.0065382,0.020453857,0.00271055,0.18785095,2.5431495,0.012762704,0.08376995,0.011158137
1.1815321,0.0003550649,4.9899945,0.09005768,8.583713,1.854594,41.069187,6.790472e-05,12.938881,4.0416684,3.222525,85.81177,2.0065413,0.020453878,0.0027105508,0.18785079,2.5431468,0.012762704,0.08376991,0.01115815
1.1815321,0.0003550653,4.989971,0.09005768,8.583725,1.8545952,41.06916,6.7904635e-05,12.938892,4.0416727,3.222539,85.812065,2.0065331,0.020453816,0.0027105487,0.1878513,2.5431528,0.0127626965,0.08377003,0.011158112
1.1815321,0.00035506554,4.9899597,0.09005768,8.5837345,1.8545952,41.06914,6.790458e-05,12.938898,4.041677,3.222547,85.812256,2.0065277,0.02045378,0.0027105478,0.1878516,2.5431564,0.012762694,0.08377009,0.011158091
1.1815321,0.00035506548,4.9899597,0.09005768,8.583733,1.8545952,41.06914,6.790458e-05,12.938898,4.041677,3.222546,85.81216,2.0065277,0.020453783,0.0027105478,0.18785156,2.5431564,0.012762694,0.08377008,0.011158091
1.1815321,0.00035506595,4.989937,0.09005768,8.583747,1.8545965,41.06912,6.7904475e-05,12.938909,4.0416827,3.222562,85.81255,2.0065184,0.020453714,0.002710546,0.18785211,2.543163,0.012762689,0.08377021,0.011158052
1.1815321,0.00035506557,4.9899573,0.09005768,8.5837345,1.8545952,41.06914,6.790458e-05,12.938898,4.041677,3.222548,85.812256,2.0065277,0.020453775,0.0027105475,0.18785161,2.5431564,0.012762692,0.0837701,0.011158089
1.1815321,0.000355066,4.9899297,0.09005768,8.583751,1.8545965,41.069107,6.790445e-05,12.938909,4.0416856,3.2225652,85.812645,2.006516,0.0204537,0.0027105454,0.18785223,2.5431652,0.012762687,0.08377022,0.0111580435
1.1815321,0.0003550657,4.989955,0.09005769,8.583736,1.8545959,41.06914,6.790456e-05,12.938898,4.0416784,3.2225518,85.812256,2.0065262,0.020453762,0.0027105468,0.18785171,2.5431564,0.012762687,0.083770126,0.011158084
1.1815321,0.00035506574,4.9899507,0.09005769,8.583739,1.8545959,41.069138,6.790454e-05,12.938898,4.0416784,3.2225537,85.812355,2.006525,0.020453755,0.0027105468,0.1878518,2.543158,0.012762689,0.08377014,0.011158076
1.1815321,0.00035506615,4.989925,0.09005767,8.583755,1.8545971,41.0691,6.7904424e-05,12.938909,4.0416856,3.2225695,85.812645,2.006514,0.020453684,0.002710545,0.18785237,2.5431662,0.012762684,0.08377027,0.011158032
1.1815321,0.0003550661,4.9899297,0.09005768,8.583753,1.8545965,41.069107,6.790445e-05,12.938909,4.0416856,3.2225666,85.812645,2.0065155,0.020453695,0.0027105454,0.18785228,2.5431645,0.012762684,0.083770245,0.011158041
1.1815325,0.00035506493,4.9899945,0.09005769,8.583713,1.854594,41.06919,6.790472e-05,12.938875,4.0416684,3.2225254,85.81167,2.0065422,0.020453878,0.0027105506,0.18785079,2.5431457,0.012762698,0.08376991,0.011158151
1.1815321,0.00035506565,4.9899507,0.09005768,8.583738,1.8545959,41.069134,6.790454e-05,12.938898,4.04168,3.2225523,85.812355,2.0065246,0.020453757,0.002710547,0.18785177,2.5431585,0.012762692,0.083770126,0.011158078
1.1815321,0.0003550653,4.989971,0.09005769,8.583725,1.8545952,41.06916,6.7904635e-05,12.938887,4.041674,3.2225394,85.812065,2.0065327,0.020453813,0.0027105487,0.1878513,2.5431528,0.0127626965,0.08377003,0.011158112
1.1815321,0.0003550661,4.989925,0.09005766,8.583755,1.8545971,41.069096,6.7904424e-05,12.938914,4.0416856,3.2225683,85.812744,2.0065136,0.020453686,0.0027105454,0.18785235,2.5431666,0.012762689,0.08377027,0.0111580305
1.1815321,0.00035506577,4.989946,0.09005767,8.583741,1.8545965,41.069122,6.790452e-05,12.938904,4.04168,3.222556,85.812454,2.0065227,0.020453738,0.0027105466,0.1878519,2.5431602,0.012762692,0.08377018,0.011158067
1.1815321,0.00035506565,4.9899507,0.09005767,8.583738,1.8545959,41.069126,6.790453e-05,12.938904,4.04168,3.222552,85.812355,2.0065238,0.020453757,0.002710547,0.18785177,2.5431597,0.012762694,0.08377013,0.011158075
1.1815321,0.00035506513,4.9899783,0.09005767,8.583721,1.8545946,41.06916,6.790464e-05,12.938892,4.0416713,3.2225347,85.811966,2.0065355,0.020453831,0.0027105496,0.18785115,2.5431516,0.012762701,0.08377001,0.011158121
1.1815321,0.00035506484,4.989997,0.09005768,8.583711,1.854594,41.06919,6.790474e-05,12.938881,4.041667,3.2225227,85.81167,2.0065424,0.020453883,0.002710551,0.18785071,2.5431461,0.012762704,0.0837699,0.011158153
1.1815321,0.0003550647,4.9900036,0.09005768,8.583707,1.8545934,41.069195,6.790476e-05,12.938875,4.0416656,3.2225177,85.81158,2.0065453,0.020453906,0.0027105517,0.18785055,2.5431447,0.012762706,0.083769865,0.011158166
1.1815321,0.00035506493,4.989992,0.09005768,8.5837145,1.854594,41.069187,6.7904715e-05,12.938881,4.0416684,3.2225263,85.81177,2.006541,0.02045387,0.0027105506,0.18785083,2.5431473,0.012762701,0.083769925,0.011158147
1.1815321,0.00035506574,4.989953,0.09005769,8.583738,1.8545965,41.069138,6.7904555e-05,12.938898,4.041677,3.2225537,85.812256,2.0065265,0.020453757,0.0027105468,0.18785177,2.543156,0.012762684,0.08377014,0.011158081
1.1815321,0.0003550651,4.989985,0.09005769,8.583718,1.8545946,41.069176,6.790469e-05,12.938881,4.04167,3.2225316,85.81187,2.0065382,0.020453848,0.0027105496,0.187851,2.543149,0.0127626965,0.08376996,0.011158134
1.1815321,0.00035506484,4.989999,0.09005769,8.583709,1.854594,41.069195,6.790475e-05,12.938875,4.041667,3.2225218,85.81167,2.0065436,0.02045389,0.002710551,0.18785067,2.5431452,0.012762701,0.08376989,0.011158159
1.1815321,0.00035506493,4.9899945,0.09005769,8.583713,1.854594,41.06919,6.790472e-05,12.938881,4.0416684,3.2225254,85.81167,2.0065417,0.020453874,0.0027105506,0.1878508,2.5431461,0.012762698,0.08376992,0.01115815
1.1815321,0.00035506563,4.989955,0.09005768,8.583736,1.8545959,41.069138,6.7904555e-05,12.938898,4.0416784,3.22255,85.812256,2.0065258,0.020453768,0.0027105475,0.18785168,2.5431576,0.012762692,0.083770104,0.011158084
1.1815321,0.00035506583,4.9899435,0.09005768,8.583743,1.8545959,41.069122,6.7904504e-05,12.938904,4.0416813,3.2225575,85.812454,2.006521,0.020453734,0.0027105461,0.18785195,2.5431607,0.012762689,0.08377017,0.011158064
1.1815321,0.000355066,4.9899297,0.09005767,8.583751,1.8545965,41.069107,6.790445e-05,12.938909,4.0416856,3.2225645,85.812645,2.006516,0.020453703,0.0027105457,0.1878522,2.5431652,0.012762689,0.08377022,0.0111580435
1.1815321,0.00035506595,4.989941,0.09005769,8.583745,1.8545965,41.069126,6.7904504e-05,12.938904,4.0416813,3.2225604,85.812454,2.006521,0.020453725,0.002710546,0.18785203,2.5431602,0.0127626825,0.083770186,0.011158061
1.1815321,0.0003550658,4.989946,0.09005767,8.583741,1.8545965,41.069122,6.7904504e-05,12.938904,4.0416784,3.2225575,85.812454,2.0065234,0.020453732,0.0027105466,0.18785194,2.5431592,0.012762689,0.0837702,0.011158064
1.1815321,0.00035506574,4.9899507,0.09005767,8.583738,1.8545965,41.069126,6.790453e-05,12.938898,4.0416756,3.2225544,85.812355,2.0065258,0.020453745,0.0027105468,0.18785183,2.5431576,0.012762689,0.08377018,0.011158072
1.1815321,0.0003550662,4.9899273,0.09005767,8.583755,1.8545977,41.0691,6.790444e-05,12.938909,4.04168,3.2225714,85.812645,2.0065176,0.020453675,0.0027105447,0.1878524,2.5431623,0.012762678,0.08377032,0.011158032
1.1815321,0.000355066,4.989941,0.09005767,8.583745,1.8545977,41.06911,6.790448e-05,12.938904,4.041677,3.2225642,85.81255,2.0065222,0.020453703,0.0027105457,0.18785213,2.5431585,0.0127626825,0.08377027,0.011158052
1.1815321,0.0003550657,4.9899573,0.09005768,8.583736,1.8545971,41.069138,6.790456e-05,12.938892,4.0416727,3.222553,85.812256,2.0065289,0.020453755,0.002710547,0.18785173,2.5431538,0.012762684,0.08377018,0.011158083
1.1815321,0.00035506597,4.989941,0.09005767,8.583745,1.8545971,41.06911,6.790448e-05,12.938904,4.0416784,3.2225623,85.81255,2.006522,0.020453712,0.002710546,0.1878521,2.5431597,0.012762684,0.083770245,0.011158054
1.1815321,0.00035506577,4.9899507,0.09005767,8.583739,1.8545965,41.069126,6.790453e-05,12.938898,4.041677,3.2225559,85.812355,2.0065246,0.02045374,0.0027105468,0.18785186,2.543158,0.012762689,0.08377018,0.0111580705
1.1815321,0.00035506597,4.989937,0.09005767,8.583747,1.8545965,41.06911,6.7904475e-05,12.938909,4.0416813,3.222563,85.81255,2.0065196,0.02045371,0.002710546,0.18785211,2.5431619,0.012762687,0.08377023,0.011158051
1.1815321,0.00035506548,4.989967,0.09005768,8.583731,1.8545959,41.069153,6.79046e-05,12.938892,4.041674,3.2225451,85.81216,2.0065312,0.020453788,0.002710548,0.18785147,2.5431533,0.012762692,0.08377009,0.011158099
1.1815321,0.00035506574,4.989953,0.09005768,8.583738,1.8545965,41.069134,6.790454e-05,12.938898,4.0416756,3.2225537,85.812355,2.0065265,0.020453751,0.0027105468,0.18785177,2.5431564,0.012762687,0.08377016,0.011158078
1.1815321,0.00035506577,4.9899483,0.09005767,8.583741,1.8545965,41.069122,6.790452e-05,12.938904,4.0416784,3.222556,85.812355,2.0065238,0.020453738,0.0027105466,0.18785188,2.5431592,0.012762692,0.083770186,0.011158068
1.1815321,0.00035506563,4.9899573,0.09005768,8.583736,1.8545959,41.069138,6.790456e-05,12.938898,4.0416756,3.2225506,85.812256,2.0065272,0.020453762,0.0027105475,0.18785168,2.5431564,0.012762692,0.08377013,0.011158084
1.1815321,0.00035506554,4.9899597,0.09005767,8.583733,1.8545959,41.06914,6.790458e-05,12.938898,4.041674,3.2225475,85.81216,2.0065293,0.020453777,0.0027105478,0.18785156,2.5431554,0.012762694,0.08377012,0.011158091
1.1815321,0.0003550656,4.989962,0.09005768,8.583733,1.8545965,41.069138,6.7904584e-05,12.938892,4.0416713,3.2225497,85.81216,2.0065308,0.020453768,0.0027105475,0.18785162,2.5431528,0.012762687,0.08377015,0.011158089
1.1815321,0.00035506525,4.9899807,0.09005768,8.583721,1.8545959,41.069164,6.790466e-05,12.938887,4.0416684,3.2225375,85.811966,2.006537,0.020453818,0.002710549,0.1878512,2.5431483,0.012762694,0.08377005,0.011158119
1.1815321,0.00035506557,4.9899645,0.09005768,8.583731,1.8545965,41.06914,6.7904584e-05,12.938892,4.0416713,3.222548,85.81216,2.0065315,0.020453773,0.0027105478,0.18785155,2.543152,0.012762689,0.08377014,0.011158094
1.1815321,0.0003550651,4.9899874,0.09005768,8.583716,1.8545952,41.069176,6.79047e-05,12.938881,4.0416656,3.2225323,85.81177,2.0065405,0.020453844,0.0027105499,0.18785098,2.5431457,0.012762694,0.08377001,0.011158135
1.1815321,0.00035506513,4.989985,0.09005768,8.583718,1.8545952,41.069168,6.790468e-05,12.938881,4.041667,3.2225337,85.81187,2.006539,0.020453835,0.0027105496,0.18785106,2.5431473,0.0127626965,0.083770014,0.011158128
1.1815321,0.00035506595,4.989941,0.09005767,8.583745,1.8545971,41.06911,6.79045e-05,12.938904,4.041677,3.222562,85.812454,2.006522,0.020453712,0.002710546,0.18785208,2.5431597,0.012762684,0.08377025,0.011158054
1.1815321,0.0003550656,4.989962,0.09005768,8.583733,1.8545965,41.069138,6.790458e-05,12.938892,4.0416727,3.2225497,85.81216,2.0065305,0.020453768,0.0027105475,0.18785162,2.5431533,0.012762687,0.08377014,0.011158089
1.1815321,0.0003550656,4.989962,0.09005767,8.583733,1.8545965,41.069138,6.7904584e-05,12.938892,4.0416713,3.222549,85.81216,2.0065305,0.02045377,0.0027105478,0.18785161,2.5431533,0.012762689,0.08377014,0.011158089
1.1815321,0.00035506563,4.989967,0.0900577,8.583731,1.8545971,41.06915,6.790461e-05,12.938887,4.04167,3.2225497,85.81216,2.0065331,0.020453772,0.0027105475,0.1878516,2.54315,0.01276268,0.08377015,0.011158095
1.1815321,0.00035506563,4.989953,0.09005767,8.583738,1.8545965,41.069126,6.790454e-05,12.938898,4.0416756,3.2225513,85.812256,2.0065262,0.020453757,0.0027105475,0.18785173,2.5431576,0.012762692,0.08377016,0.011158078
1.1815318,0.00035506272,4.990073,0.09005756,8.583661,1.8545879,41.06925,6.790501e-05,12.938869,4.0416565,3.2224565,85.81069,2.006566,0.020454148,0.0027105613,0.18784857,2.5431376,0.012762772,0.08376939,0.011158288
1.1815318,0.0003550627,4.990073,0.090057544,8.583661,1.8545879,41.06925,6.790502e-05,12.938869,4.0416565,3.2224555,85.81069,2.006566,0.020454152,0.0027105617,0.18784854,2.543138,0.012762774,0.08376937,0.011158289
1.1815321,0.00035506638,4.989907,0.09005766,8.583765,1.8545971,41.069073,6.7904344e-05,12.93892,4.0416913,3.2225788,85.81294,2.0065062,0.02045364,0.0027105438,0.18785274,2.5431726,0.012762687,0.08377034,0.0111580035
1.1815321,0.00035506592,4.9899344,0.09005767,8.583749,1.8545959,41.06911,6.790446e-05,12.938909,4.041684,3.2225614,85.81255,2.0065172,0.020453716,0.002710546,0.18785211,2.5431645,0.012762692,0.0837702,0.011158049
1.1815321,0.00035506612,4.989923,0.09005767,8.583756,1.8545965,41.069096,6.790442e-05,12.938914,4.041687,3.2225688,85.812744,2.0065129,0.020453684,0.002710545,0.18785237,2.5431678,0.012762689,0.08377026,0.0111580305
1.1815321,0.00035506595,4.9899344,0.09005767,8.583749,1.8545965,41.06911,6.790446e-05,12.938909,4.041684,3.2225626,85.81255,2.0065172,0.020453712,0.0027105457,0.18785216,2.5431645,0.012762689,0.08377021,0.011158049
1.1815321,0.0003550661,4.989925,0.09005767,8.583755,1.8545965,41.0691,6.790444e-05,12.938909,4.0416856,3.2225676,85.812645,2.0065143,0.02045369,0.002710545,0.18785232,2.5431662,0.012762687,0.08377025,0.011158036
1.1815321,0.00035506583,4.989941,0.09005768,8.583745,1.8545959,41.069122,6.79045e-05,12.938904,4.0416827,3.2225585,85.812454,2.0065203,0.02045373,0.0027105461,0.187852,2.5431619,0.012762689,0.08377018,0.011158061
1.1815321,0.000355066,4.9899297,0.09005767,8.583753,1.8545965,41.069107,6.790445e-05,12.938909,4.0416856,3.2225652,85.812645,2.0065153,0.020453699,0.0027105457,0.18785225,2.5431657,0.012762689,0.08377023,0.011158041
1.1815321,0.000355066,4.9899297,0.09005767,8.583751,1.8545965,41.069107,6.790445e-05,12.938909,4.0416856,3.2225652,85.812645,2.0065155,0.0204537,0.0027105454,0.18785223,2.5431652,0.012762687,0.08377022,0.011158043
1.1815321,0.00035506577,4.9899435,0.09005767,8.583743,1.8545959,41.069122,6.7904504e-05,12.938904,4.0416827,3.2225559,85.812454,2.0065207,0.02045374,0.0027105466,0.18785192,2.5431619,0.012762692,0.08377015,0.011158065
1.1815321,0.0003550663,4.989916,0.09005766,8.583759,1.8545971,41.069084,6.790438e-05,12.93892,4.04169,3.222574,85.81284,2.0065093,0.020453662,0.0027105445,0.18785258,2.54317,0.012762687,0.083770305,0.011158017
1.1815321,0.00035506627,4.989916,0.09005766,8.583759,1.8545971,41.069084,6.7904395e-05,12.938914,4.0416884,3.2225735,85.81284,2.00651,0.020453664,0.0027105445,0.18785253,2.5431695,0.012762687,0.0837703,0.011158019
1.1815321,0.0003550656,4.989953,0.09005768,8.583738,1.8545952,41.069138,6.790454e-05,12.938898,4.04168,3.2225502,85.812256,2.0065246,0.020453764,0.0027105475,0.18785171,2.5431592,0.012762694,0.083770104,0.011158081
1.1815321,0.00035506592,4.9899344,0.09005767,8.583749,1.8545959,41.06911,6.7904475e-05,12.938909,4.041684,3.2225614,85.81255,2.0065172,0.020453716,0.002710546,0.1878521,2.5431645,0.012762692,0.0837702,0.011158051
1.1815321,0.00035506597,4.9899297,0.09005766,8.583751,1.8545959,41.0691,6.790444e-05,12.938914,4.0416856,3.2225637,85.812645,2.0065148,0.020453703,0.0027105457,0.1878522,2.5431666,0.012762692,0.08377022,0.011158041
1.1815321,0.0003550657,4.9899483,0.09005768,8.583739,1.8545959,41.069126,6.790453e-05,12.938904,4.0416813,3.2225537,85.812355,2.0065227,0.020453751,0.0027105468,0.18785183,2.5431602,0.012762692,0.08377013,0.011158072
1.1815321,0.00035506542,4.989962,0.09005767,8.583731,1.8545952,41.06914,6.7904584e-05,12.938898,4.041677,3.222544,85.81216,2.0065284,0.020453792,0.0027105485,0.1878515,2.5431564,0.0127626965,0.083770074,0.011158097
1.1815321,0.0003550661,4.989925,0.09005766,8.583755,1.8545965,41.0691,6.7904424e-05,12.938914,4.041687,3.2225673,85.812645,2.0065136,0.02045369,0.0027105454,0.18785232,2.5431674,0.012762689,0.08377025,0.011158035
1.1815321,0.0003550656,4.989953,0.09005768,8.583738,1.8545952,41.069134,6.790454e-05,12.938898,4.04168,3.2225502,85.812355,2.006524,0.020453764,0.0027105475,0.18785171,2.5431597,0.012762694,0.083770104,0.011158081
1.1815321,0.000355066,4.9899273,0.09005767,8.583753,1.8545965,41.0691,6.790444e-05,12.938914,4.0416856,3.2225654,85.812645,2.0065143,0.020453699,0.0027105457,0.18785226,2.5431666,0.012762689,0.08377023,0.011158039
1.1815321,0.0003550662,4.989916,0.09005766,8.583759,1.8545971,41.069084,6.7904395e-05,12.938914,4.0416884,3.2225728,85.81284,2.00651,0.020453665,0.0027105447,0.18785253,2.5431695,0.012762687,0.0837703,0.011158019
1.1815321,0.00035506612,4.9899297,0.09005768,8.583753,1.8545965,41.069107,6.790445e-05,12.938909,4.041684,3.2225673,85.812645,2.006516,0.020453695,0.002710545,0.18785228,2.5431645,0.012762684,0.083770245,0.011158041
1.1815321,0.0003550665,4.989902,0.09005766,8.583769,1.8545971,41.06907,6.790432e-05,12.938926,4.0416927,3.2225828,85.81304,2.0065043,0.020453624,0.0027105436,0.18785287,2.5431738,0.012762684,0.08377037,0.011157995
1.1815321,0.00035506612,4.989923,0.09005767,8.583756,1.8545965,41.069096,6.790442e-05,12.938914,4.0416884,3.2225695,85.812744,2.0065122,0.020453682,0.002710545,0.1878524,2.5431678,0.012762689,0.08377026,0.01115803
1.1815321,0.00035506638,4.989909,0.09005766,8.583765,1.8545971,41.069073,6.790436e-05,12.93892,4.0416913,3.2225783,85.81294,2.006507,0.020453641,0.0027105438,0.18785273,2.5431721,0.012762684,0.08377034,0.011158005
1.1815321,0.00035506606,4.989925,0.09005766,8.583755,1.8545965,41.0691,6.7904424e-05,12.938914,4.041687,3.2225668,85.812645,2.0065136,0.02045369,0.0027105454,0.18785232,2.5431674,0.012762689,0.083770245,0.011158035
1.1815321,0.00035506597,4.9899344,0.09005768,8.583749,1.8545965,41.06912,6.7904475e-05,12.938909,4.041684,3.2225633,85.81255,2.0065176,0.02045371,0.0027105457,0.18785216,2.5431635,0.012762687,0.083770216,0.011158049
1.1815321,0.00035506618,4.9899206,0.09005767,8.583758,1.8545965,41.069096,6.790442e-05,12.938914,4.041687,3.222571,85.812744,2.0065117,0.020453677,0.0027105447,0.18785244,2.5431683,0.012762687,0.083770275,0.011158027
1.1815321,0.0003550661,4.9899273,0.09005768,8.583753,1.8545965,41.069107,6.790444e-05,12.938909,4.0416856,3.2225666,85.812645,2.0065153,0.020453695,0.0027105454,0.18785228,2.5431657,0.012762687,0.083770245,0.011158039
1.1815321,0.00035506717,4.989865,0.09005764,8.583791,1.8545989,41.06902,6.790418e-05,12.938943,4.0417013,3.2226052,85.81353,2.0064902,0.020453528,0.0027105408,0.18785368,2.5431836,0.012762675,0.08377056,0.011157935
1.1815321,0.00035506685,4.989888,0.09005766,8.583778,1.8545983,41.069054,6.790428e-05,12.938926,4.041694,3.2225933,85.81323,2.0064995,0.020453582,0.002710542,0.18785322,2.543176,0.012762675,0.08377046,0.011157972
1.1815321,0.0003550662,4.9899206,0.09005767,8.583758,1.8545971,41.06909,6.79044e-05,12.938914,4.0416884,3.2225716,85.812744,2.0065117,0.020453673,0.0027105447,0.18785247,2.5431683,0.012762687,0.08377029,0.011158025
1.1815321,0.0003550656,4.989953,0.09005768,8.583738,1.8545952,41.069138,6.7904555e-05,12.938898,4.04168,3.22255,85.812256,2.0065246,0.020453764,0.0027105475,0.1878517,2.5431592,0.012762694,0.083770104,0.011158083
1.1815321,0.00035506606,4.9899273,0.09005767,8.583753,1.8545965,41.069107,6.790444e-05,12.938909,4.0416856,3.2225664,85.812645,2.0065153,0.020453697,0.0027105454,0.18785228,2.5431657,0.012762687,0.083770245,0.011158039
1.1815321,0.00035506478,4.9899945,0.09005765,8.583713,1.854594,41.069176,6.79047e-05,12.938887,4.0416684,3.2225227,85.81177,2.0065405,0.020453878,0.002710551,0.18785076,2.543149,0.01276271,0.08376992,0.011158147
1.1815321,0.0003550652,4.989976,0.09005767,8.583723,1.8545946,41.06916,6.790464e-05,12.938887,4.0416727,3.222536,85.811966,2.0065343,0.020453826,0.0027105492,0.18785119,2.543152,0.012762698,0.08377001,0.011158119
1.1815321,0.00035506542,4.9899693,0.09005769,8.583729,1.8545952,41.069153,6.790462e-05,12.938892,4.041674,3.2225425,85.812065,2.006532,0.020453801,0.0027105485,0.1878514,2.5431533,0.012762692,0.08377005,0.011158107
1.1815321,0.00035506414,4.990029,0.09005765,8.583691,1.8545922,41.06922,6.790486e-05,12.938869,4.0416594,3.222499,85.81128,2.0065541,0.020453984,0.0027105545,0.18784988,2.5431392,0.01276272,0.08376972,0.011158209
1.1815321,0.00035506557,4.9899597,0.09005768,8.5837345,1.8545959,41.06914,6.790458e-05,12.938892,4.0416756,3.2225478,85.812256,2.0065284,0.020453777,0.0027105478,0.1878516,2.543156,0.012762692,0.0837701,0.011158092
1.1815321,0.0003550658,4.9899483,0.09005768,8.583741,1.8545965,41.069122,6.790452e-05,12.938898,4.041677,3.222557,85.812355,2.0065246,0.020453736,0.0027105466,0.18785192,2.543158,0.012762684,0.0837702,0.011158068
1.1815321,0.00035506542,4.9899693,0.09005769,8.583729,1.8545952,41.069153,6.790461e-05,12.938892,4.041674,3.2225425,85.812065,2.0065315,0.0204538,0.0027105485,0.1878514,2.5431533,0.012762692,0.08377005,0.011158107
1.1815321,0.00035506565,4.989955,0.09005769,8.583736,1.8545959,41.06914,6.790456e-05,12.938892,4.041677,3.222551,85.812256,2.0065272,0.020453764,0.002710547,0.1878517,2.5431554,0.012762684,0.08377012,0.011158086
1.1815321,0.0003550662,4.989923,0.09005767,8.583756,1.8545977,41.06909,6.790442e-05,12.938914,4.0416827,3.222572,85.812744,2.0065148,0.020453671,0.0027105445,0.18785244,2.5431652,0.0127626825,0.08377031,0.011158028
1.1815325,0.00035506557,4.9899693,0.09005771,8.583729,1.8545959,41.069164,6.790462e-05,12.938887,4.0416727,3.2225459,85.812065,2.0065331,0.020453792,0.0027105475,0.18785147,2.5431504,0.0127626825,0.08377008,0.011158107
1.1815325,0.00035506528,4.9899783,0.0900577,8.583723,1.8545946,41.069176,6.7904664e-05,12.938881,4.0416713,3.2225368,85.811966,2.0065362,0.02045383,0.002710549,0.18785116,2.543149,0.012762689,0.08377,0.011158126
1.1815321,0.0003550663,4.989918,0.09005767,8.583759,1.8545971,41.069096,6.79044e-05,12.938914,4.041687,3.222574,85.812744,2.0065117,0.020453664,0.0027105445,0.18785253,2.5431674,0.01276268,0.083770305,0.011158022
1.1815325,0.00035506507,4.9899874,0.09005769,8.583716,1.8545946,41.06918,6.79047e-05,12.938881,4.04167,3.2225294,85.81177,2.0065393,0.020453857,0.0027105499,0.18785092,2.5431478,0.0127626965,0.08376995,0.01115814
1.1815321,0.00035506525,4.989976,0.09005769,8.583723,1.8545946,41.069168,6.790464e-05,12.938887,4.0416727,3.2225368,85.811966,2.0065343,0.020453824,0.002710549,0.1878512,2.5431516,0.0127626965,0.08377,0.011158121
1.1815321,0.00035506627,4.989918,0.09005767,8.583758,1.8545971,41.06909,6.79044e-05,12.938914,4.0416884,3.222573,85.812744,2.006511,0.020453665,0.0027105445,0.18785252,2.5431683,0.012762684,0.0837703,0.011158022
1.1815321,0.00035506592,4.989939,0.09005768,8.583745,1.8545965,41.06912,6.79045e-05,12.938904,4.0416813,3.2225602,85.812454,2.0065198,0.020453725,0.002710546,0.18785204,2.5431619,0.012762687,0.083770186,0.0111580575
1.1815321,0.0003550661,4.9899297,0.09005768,8.583753,1.8545965,41.069107,6.790445e-05,12.938909,4.041684,3.2225668,85.812645,2.006516,0.020453697,0.0027105454,0.18785228,2.5431645,0.012762684,0.083770245,0.011158041
1.1815321,0.00035506662,4.9898973,0.09005765,8.583773,1.8545977,41.069057,6.79043e-05,12.938926,4.0416927,3.2225864,85.81314,2.0065024,0.02045361,0.0027105429,0.18785301,2.5431747,0.01276268,0.0837704,0.011157985
1.1815321,0.00035506615,4.989925,0.09005767,8.583755,1.8545971,41.0691,6.7904424e-05,12.938914,4.0416856,3.2225695,85.812645,2.0065143,0.020453684,0.0027105447,0.18785237,2.5431657,0.012762687,0.08377027,0.011158033
1.1815321,0.00035506548,4.9899645,0.09005769,8.583731,1.8545952,41.069153,6.79046e-05,12.938892,4.0416756,3.2225447,85.81216,2.0065305,0.020453792,0.002710548,0.18785147,2.5431538,0.012762689,0.08377006,0.0111581
1.1815321,0.00035506606,4.989932,0.09005767,8.583751,1.8545971,41.069107,6.790446e-05,12.938909,4.0416827,3.2225657,85.81255,2.0065176,0.020453699,0.0027105454,0.18785225,2.5431635,0.012762684,0.08377025,0.0111580435
1.1815321,0.00035506656,4.9899044,0.09005766,8.583769,1.8545977,41.06907,6.790434e-05,12.93892,4.04169,3.2225833,85.81294,2.0065062,0.020453623,0.0027105433,0.18785289,2.5431716,0.012762678,0.08377039,0.011157996
1.1815321,0.00035506612,4.9899297,0.09005768,8.583753,1.8545971,41.069107,6.790445e-05,12.938909,4.0416827,3.2225673,85.812645,2.0065167,0.020453695,0.0027105454,0.18785228,2.5431635,0.0127626825,0.08377026,0.011158041
1.1815321,0.00035506583,4.9899483,0.09005768,8.583741,1.8545965,41.069134,6.790453e-05,12.938898,4.0416784,3.2225568,85.812355,2.006524,0.02045374,0.0027105466,0.1878519,2.543158,0.012762684,0.08377017,0.0111580705
1.1815321,0.0003550658,4.9899483,0.09005768,8.583741,1.8545965,41.069126,6.790453e-05,12.938898,4.041677,3.2225564,85.812355,2.006525,0.02045374,0.0027105466,0.1878519,2.5431576,0.012762684,0.08377018,0.011158072
1.1815321,0.0003550658,4.9899483,0.09005768,8.583741,1.8545965,41.069126,6.790452e-05,12.938898,4.0416784,3.2225564,85.812355,2.0065238,0.02045374,0.0027105466,0.1878519,2.5431585,0.012762687,0.08377017,0.01115807
1.1815321,0.0003550658,4.9899483,0.09005768,8.583741,1.8545965,41.069134,6.790453e-05,12.938898,4.041677,3.222556,85.812355,2.0065246,0.020453744,0.0027105466,0.18785188,2.5431576,0.012762684,0.08377017,0.011158072
1.1815321,0.00035506656,4.989902,0.09005766,8.583769,1.8545977,41.06907,6.790434e-05,12.93892,4.04169,3.2225842,85.81304,2.0065057,0.020453619,0.0027105433,0.1878529,2.5431716,0.012762678,0.083770394,0.011157995
1.1815321,0.00035506632,4.989918,0.09005767,8.583759,1.8545971,41.06909,6.7904395e-05,12.938914,4.041687,3.222575,85.81284,2.0065117,0.02045366,0.002710544,0.18785258,2.5431678,0.0127626825,0.08377032,0.011158019
1.1815321,0.00035506574,4.9899507,0.09005768,8.583739,1.8545959,41.069134,6.790454e-05,12.938898,4.0416784,3.222554,85.812355,2.0065246,0.02045375,0.0027105468,0.18785183,2.543158,0.012762687,0.08377015,0.011158075
1.1815321,0.00035506595,4.989937,0.09005768,8.583747,1.8545965,41.06912,6.790448e-05,12.938904,4.0416813,3.222562,85.81255,2.0065196,0.020453716,0.002710546,0.18785211,2.5431619,0.012762684,0.083770216,0.011158054
1.1815321,0.00035506577,4.9899507,0.09005769,8.583739,1.8545965,41.069134,6.790454e-05,12.938898,4.041677,3.2225552,85.812355,2.0065258,0.020453747,0.0027105466,0.18785185,2.543157,0.012762684,0.08377016,0.011158075
1.1815321,0.00035506635,4.989916,0.09005767,8.583759,1.8545977,41.06909,6.7904395e-05,12.938914,4.0416856,3.222576,85.81284,2.0065117,0.020453658,0.002710544,0.18785259,2.5431674,0.01276268,0.08377032,0.011158019
1.1815321,0.00035506627,4.989923,0.09005768,8.583756,1.8545971,41.069096,6.790442e-05,12.938909,4.0416856,3.222572,85.812744,2.0065134,0.020453673,0.0027105445,0.18785247,2.5431662,0.01276268,0.08377029,0.011158028
1.1815321,0.00035506548,4.9899645,0.09005769,8.583731,1.8545952,41.069153,6.790461e-05,12.938892,4.041674,3.222545,85.81216,2.0065308,0.020453792,0.0027105478,0.18785147,2.5431533,0.012762689,0.083770074,0.011158102
1.1815321,0.00035506615,4.9899273,0.09005768,8.583753,1.8545971,41.069107,6.790445e-05,12.938909,4.041684,3.2225685,85.812645,2.006516,0.02045369,0.002710545,0.18785232,2.543164,0.0127626825,0.08377026,0.011158039
1.1815321,0.00035506612,4.989932,0.09005768,8.583753,1.8545971,41.069107,6.790445e-05,12.938909,4.0416827,3.2225676,85.812645,2.0065176,0.020453695,0.002710545,0.18785228,2.543163,0.01276268,0.08377026,0.011158043
1.1815321,0.00035506662,4.989907,0.09005767,8.583767,1.8545983,41.069073,6.7904344e-05,12.93892,4.0416884,3.222584,85.81294,2.0065074,0.020453623,0.0027105429,0.18785287,2.54317,0.012762675,0.083770394,0.011158
1.1815321,0.00035506664,4.989902,0.09005767,8.583769,1.8545983,41.06907,6.790432e-05,12.93892,4.04169,3.222586,85.81304,2.0065057,0.020453613,0.0027105429,0.18785293,2.543171,0.012762675,0.08377042,0.011157992
1.1815321,0.000355066,4.9899344,0.09005768,8.583749,1.8545965,41.06911,6.7904475e-05,12.938909,4.0416827,3.2225642,85.81255,2.0065184,0.020453708,0.0027105457,0.18785217,2.543163,0.012762684,0.08377022,0.011158048
1.1815321,0.0003550659,4.989941,0.09005768,8.583745,1.8545965,41.06912,6.79045e-05,12.938904,4.0416813,3.2225595,85.812454,2.0065207,0.020453725,0.0027105461,0.18785203,2.5431614,0.012762687,0.083770186,0.011158059
1.1815321,0.00035506656,4.989902,0.09005766,8.583769,1.8545977,41.06907,6.790432e-05,12.938926,4.0416913,3.2225845,85.81304,2.0065045,0.020453617,0.0027105433,0.18785292,2.5431726,0.01276268,0.083770394,0.011157992
1.1815321,0.000355066,4.989937,0.09005769,8.583747,1.8545965,41.069122,6.790448e-05,12.938904,4.0416827,3.2225633,85.81255,2.0065196,0.020453714,0.0027105457,0.18785213,2.5431614,0.0127626825,0.08377021,0.011158055
1.1815321,0.0003550663,4.989918,0.09005767,8.583758,1.8545971,41.06909,6.79044e-05,12.938914,4.041687,3.2225735,85.812744,2.0065117,0.020453665,0.0027105445,0.18785252,2.5431678,0.0127626825,0.0837703,0.011158024
1.1815321,0.00035506606,4.9899273,0.09005767,8.583753,1.8545965,41.069107,6.790444e-05,12.938909,4.0416856,3.2225657,85.812645,2.0065148,0.020453699,0.0027105454,0.18785226,2.5431662,0.012762689,0.08377023,0.011158039
1.1815321,0.0003550662,4.989916,0.09005766,8.583759,1.8545971,41.069084,6.7904395e-05,12.93892,4.0416884,3.2225728,85.81284,2.00651,0.020453665,0.0027105447,0.18785252,2.54317,0.012762687,0.0837703,0.011158019
1.1815321,0.000355066,4.9899273,0.09005767,8.583753,1.8545965,41.0691,6.790444e-05,12.938914,4.0416856,3.2225654,85.812645,2.0065148,0.020453699,0.0027105457,0.18785225,2.5431662,0.012762692,0.08377023,0.011158039
1.1815321,0.00035506627,4.989916,0.09005766,8.583759,1.8545971,41.069084,6.7904395e-05,12.938914,4.04169,3.2225738,85.81284,2.0065098,0.020453664,0.0027105445,0.18785256,2.54317,0.012762687,0.0837703,0.011158017
1.1815321,0.0003550659,4.989946,0.0900577,8.583741,1.8545965,41.069134,6.790453e-05,12.938898,4.04168,3.2225575,85.812355,2.006523,0.020453738,0.0027105461,0.18785194,2.5431585,0.0127626825,0.08377017,0.01115807
1.1815321,0.00035506632,4.989918,0.09005769,8.583758,1.8545971,41.0691,6.790442e-05,12.938909,4.0416884,3.222574,85.812744,2.0065117,0.020453667,0.002710544,0.18785252,2.5431674,0.01276268,0.0837703,0.011158025
1.1815325,0.0003550657,4.989955,0.0900577,8.583736,1.8545959,41.06915,6.790456e-05,12.938892,4.0416784,3.2225518,85.812256,2.0065265,0.020453764,0.0027105468,0.18785171,2.543156,0.012762684,0.08377012,0.011158086
1.1815325,0.00035506522,4.989983,0.09005771,8.58372,1.8545946,41.06918,6.790469e-05,12.938881,4.0416713,3.2225337,85.81187,2.006538,0.020453844,0.0027105492,0.18785106,2.5431483,0.012762692,0.08376997,0.011158134
1.1815325,0.0003550657,4.989955,0.09005771,8.583736,1.8545959,41.06915,6.790458e-05,12.938892,4.041677,3.2225513,85.812256,2.0065272,0.020453768,0.0027105468,0.1878517,2.5431554,0.0127626825,0.08377012,0.011158088
1.1815321,0.00035506525,4.9899783,0.09005769,8.583723,1.8545952,41.069168,6.790466e-05,12.938887,4.0416713,3.2225366,85.811966,2.0065358,0.020453826,0.002710549,0.18785119,2.54315,0.012762692,0.083770014,0.011158124
1.1815321,0.00035506513,4.989983,0.09005769,8.58372,1.8545946,41.069176,6.790469e-05,12.938881,4.04167,3.2225325,85.81187,2.0065386,0.020453844,0.0027105496,0.18785104,2.5431483,0.012762694,0.08376999,0.011158134
1.1815325,0.00035506574,4.9899573,0.090057716,8.583736,1.8545959,41.069153,6.7904584e-05,12.938887,4.0416756,3.222552,85.81216,2.0065289,0.020453768,0.0027105466,0.1878517,2.5431533,0.012762678,0.083770126,0.011158091
1.1815325,0.0003550654,4.9899735,0.09005771,8.583725,1.8545952,41.069168,6.790466e-05,12.938881,4.0416727,3.22254,85.811966,2.006535,0.020453818,0.0027105485,0.18785128,2.54315,0.012762687,0.08377003,0.011158119
1.1815321,0.00035506554,4.9899645,0.0900577,8.583733,1.8545959,41.069153,6.790461e-05,12.938887,4.041674,3.222546,85.81216,2.0065305,0.020453786,0.0027105475,0.18785152,2.5431538,0.012762684,0.08377009,0.0111581
1.1815321,0.00035506475,4.990001,0.09005769,8.583709,1.854594,41.069195,6.790477e-05,12.938875,4.0416656,3.2225196,85.81158,2.0065455,0.020453898,0.002710551,0.18785058,2.543144,0.012762701,0.08376988,0.011158166
1.1815321,0.00035506592,4.9899435,0.0900577,8.583743,1.8545965,41.069134,6.790452e-05,12.938898,4.04168,3.2225595,85.812454,2.0065222,0.02045373,0.002710546,0.187852,2.5431592,0.01276268,0.08377018,0.011158065
1.1815321,0.00035506638,4.9899135,0.09005768,8.583761,1.8545977,41.06909,6.7904395e-05,12.938914,4.041687,3.2225769,85.81284,2.0065105,0.020453654,0.0027105438,0.18785264,2.5431678,0.012762678,0.083770335,0.0111580165
1.1815321,0.00035506632,4.989923,0.0900577,8.583756,1.8545977,41.069107,6.790444e-05,12.938909,4.041684,3.2225738,85.812645,2.0065148,0.020453671,0.002710544,0.18785249,2.543164,0.012762673,0.0837703,0.0111580305
1.1815325,0.00035506577,4.989953,0.09005771,8.583738,1.8545959,41.06915,6.790456e-05,12.938892,4.041677,3.222554,85.812256,2.0065265,0.020453757,0.0027105466,0.18785177,2.5431554,0.01276268,0.08377013,0.011158084
1.1815325,0.0003550656,4.989962,0.09005771,8.583733,1.8545959,41.06916,6.790461e-05,12.938887,4.0416756,3.2225475,85.81216,2.0065305,0.020453785,0.0027105475,0.18785155,2.5431533,0.0127626825,0.08377008,0.011158099
1.1815321,0.0003550643,4.9900246,0.09005767,8.583694,1.8545928,41.069218,6.790485e-05,12.938869,4.041661,3.2225034,85.81128,2.0065532,0.020453967,0.0027105536,0.18785001,2.5431397,0.012762713,0.08376975,0.011158204
1.1815321,0.00035506606,4.989937,0.0900577,8.583747,1.8545971,41.069122,6.79045e-05,12.938904,4.0416813,3.2225642,85.812454,2.0065207,0.020453712,0.0027105454,0.18785213,2.5431602,0.012762678,0.08377022,0.011158055
1.1815325,0.00035506493,4.989997,0.0900577,8.583713,1.854594,41.069195,6.790475e-05,12.938875,4.041667,3.2225244,85.81167,2.0065434,0.02045388,0.0027105506,0.18785074,2.5431452,0.0127626965,0.08376991,0.011158156
1.1815325,0.0003550658,4.9899507,0.09005771,8.583739,1.8545959,41.06914,6.7904555e-05,12.938892,4.0416784,3.222555,85.812256,2.0065262,0.020453751,0.0027105466,0.1878518,2.543156,0.01276268,0.08377014,0.011158081
1.1815325,0.0003550653,4.989976,0.0900577,8.583723,1.8545952,41.069176,6.7904664e-05,12.938881,4.0416727,3.2225382,85.811966,2.0065355,0.020453824,0.0027105487,0.1878512,2.54315,0.012762689,0.08377001,0.011158123
1.1815325,0.00035506484,4.989999,0.09005769,8.583711,1.854594,41.069195,6.790475e-05,12.938875,4.041667,3.2225223,85.81167,2.006544,0.020453889,0.0027105508,0.18785067,2.5431447,0.012762698,0.0837699,0.011158161
1.1815325,0.0003550649,4.989997,0.0900577,8.583711,1.854594,41.069195,6.790475e-05,12.938875,4.041667,3.2225242,85.81167,2.0065434,0.020453881,0.0027105506,0.18785073,2.5431447,0.0127626965,0.08376991,0.011158156
1.1815325,0.0003550654,4.989976,0.09005771,8.583725,1.8545952,41.069176,6.790466e-05,12.938881,4.0416713,3.2225397,85.811966,2.0065355,0.020453818,0.0027105485,0.18785127,2.5431495,0.012762687,0.08377003,0.011158119
1.1815321,0.00035506656,4.9898973,0.09005766,8.583771,1.8545977,41.069065,6.7904315e-05,12.938926,4.041694,3.222585,85.81304,2.0065024,0.020453613,0.0027105433,0.18785296,2.5431747,0.012762684,0.083770394,0.011157988
1.1815321,0.0003550658,4.9899483,0.09005769,8.583741,1.8545959,41.069138,6.790454e-05,12.938898,4.04168,3.2225559,85.812355,2.0065238,0.020453747,0.0027105466,0.18785186,2.5431585,0.012762684,0.08377015,0.011158073
1.1815321,0.00035506635,4.989911,0.09005767,8.583761,1.8545971,41.069084,6.790437e-05,12.93892,4.04169,3.2225769,85.81284,2.006508,0.02045365,0.002710544,0.18785265,2.5431705,0.012762684,0.08377031,0.011158012
1.1815321,0.0003550663,4.989916,0.09005767,8.583759,1.8545971,41.06909,6.7904395e-05,12.938914,4.0416884,3.2225745,85.81284,2.0065105,0.020453664,0.0027105445,0.18785253,2.5431683,0.012762684,0.0837703,0.011158021
1.1815325,0.00035506484,4.989999,0.0900577,8.583709,1.854594,41.069202,6.790476e-05,12.938875,4.041667,3.222522,85.81167,2.0065446,0.020453893,0.0027105508,0.18785064,2.543144,0.012762698,0.08376988,0.011158162
1.1815325,0.0003550652,4.9899807,0.0900577,8.583721,1.8545946,41.069176,6.7904664e-05,12.938887,4.0416727,3.2225337,85.81187,2.0065358,0.02045384,0.0027105492,0.18785109,2.54315,0.0127626965,0.08376996,0.011158129
1.1815321,0.0003550651,4.989985,0.0900577,8.583718,1.8545946,41.06918,6.79047e-05,12.938881,4.0416684,3.2225313,85.81187,2.0065398,0.02045385,0.0027105496,0.18785098,2.5431473,0.012762692,0.08376997,0.011158138
1.1815321,0.0003550661,4.989932,0.09005769,8.583751,1.8545965,41.06911,6.790446e-05,12.938909,4.041684,3.2225661,85.81255,2.0065167,0.0204537,0.0027105454,0.18785223,2.5431635,0.012762684,0.08377023,0.011158045
1.1815325,0.000355066,4.989941,0.0900577,8.583745,1.8545965,41.069126,6.7904504e-05,12.938898,4.0416813,3.222562,85.812454,2.0065215,0.020453721,0.0027105457,0.18785207,2.5431592,0.01276268,0.0837702,0.011158061
1.1815325,0.0003550657,4.9899597,0.09005771,8.5837345,1.8545959,41.069153,6.7904584e-05,12.938887,4.0416756,3.2225506,85.81216,2.0065296,0.020453773,0.0027105468,0.18785164,2.5431533,0.0127626825,0.083770104,0.011158094
1.1815321,0.00035506446,4.990015,0.09005768,8.5837,1.8545928,41.069214,6.790482e-05,12.938869,4.041662,3.2225099,85.81148,2.0065496,0.02045394,0.0027105527,0.18785025,2.5431418,0.012762709,0.0837698,0.011158188
1.1815321,0.00035506656,4.989902,0.09005768,8.583769,1.8545977,41.06908,6.7904344e-05,12.93892,4.0416913,3.2225838,85.81294,2.0065055,0.020453626,0.0027105433,0.18785287,2.5431716,0.012762678,0.08377037,0.011157998
1.1815325,0.00035506618,4.9899297,0.0900577,8.583753,1.8545965,41.069122,6.7904475e-05,12.938904,4.041684,3.2225678,85.81255,2.0065176,0.020453699,0.0027105447,0.18785226,2.5431619,0.012762678,0.08377023,0.011158046
1.1815321,0.00035506667,4.9898973,0.09005768,8.583771,1.8545977,41.069073,6.790432e-05,12.93892,4.0416927,3.2225873,85.81304,2.0065036,0.020453611,0.0027105426,0.187853,2.5431733,0.012762675,0.083770394,0.0111579895
1.1815321,0.00035506656,4.989902,0.09005767,8.583769,1.8545977,41.069073,6.790434e-05,12.93892,4.0416913,3.222583,85.81294,2.006505,0.020453626,0.0027105433,0.18785287,2.5431721,0.01276268,0.08377037,0.011157998
1.1815321,0.00035506653,4.9899044,0.09005767,8.583767,1.8545977,41.06908,6.7904344e-05,12.93892,4.0416913,3.2225823,85.81294,2.0065057,0.02045363,0.0027105433,0.18785283,2.5431716,0.01276268,0.08377036,0.011158001
1.1815321,0.00035506647,4.9899135,0.09005769,8.583761,1.8545971,41.06909,6.7904395e-05,12.938914,4.0416884,3.2225788,85.81284,2.0065098,0.02045365,0.0027105438,0.18785267,2.5431678,0.012762675,0.083770335,0.011158015
1.1815321,0.0003550662,4.989925,0.09005769,8.583755,1.8545971,41.069107,6.790444e-05,12.938909,4.0416856,3.2225704,85.812645,2.0065148,0.020453686,0.0027105447,0.18785237,2.5431645,0.01276268,0.08377026,0.011158036
1.1815321,0.00035506627,4.9899206,0.09005768,8.583758,1.8545971,41.0691,6.790442e-05,12.938909,4.041687,3.2225726,85.812744,2.0065124,0.020453675,0.0027105445,0.18785247,2.5431666,0.01276268,0.083770275,0.011158028
1.1815321,0.00035506618,4.989923,0.09005768,8.583756,1.8545971,41.0691,6.7904424e-05,12.938909,4.041687,3.2225704,85.812645,2.0065136,0.020453682,0.0027105447,0.1878524,2.5431662,0.0127626825,0.08377027,0.011158032
1.1815321,0.00035506632,4.989916,0.09005768,8.583761,1.8545971,41.06909,6.7904395e-05,12.938914,4.0416884,3.2225757,85.81284,2.00651,0.02045366,0.002710544,0.18785259,2.5431688,0.0127626825,0.083770305,0.011158017
1.1815321,0.0003550662,4.9899206,0.09005768,8.583756,1.8545971,41.0691,6.790442e-05,12.938914,4.041687,3.2225716,85.812744,2.0065124,0.020453677,0.0027105447,0.18785244,2.5431674,0.0127626825,0.083770275,0.011158028
1.1815321,0.00035506627,4.989918,0.09005768,8.583758,1.8545971,41.069096,6.79044e-05,12.938914,4.0416884,3.222573,85.812744,2.0065112,0.020453667,0.0027105445,0.18785252,2.5431683,0.0127626825,0.08377029,0.011158024
1.1815321,0.00035506606,4.9899344,0.0900577,8.583749,1.8545965,41.069122,6.790448e-05,12.938904,4.041684,3.2225642,85.81255,2.006518,0.02045371,0.0027105454,0.18785216,2.5431623,0.0127626825,0.08377021,0.011158052
1.1815321,0.00035506618,4.989923,0.09005768,8.583756,1.8545965,41.069107,6.7904424e-05,12.938909,4.041687,3.22257,85.812645,2.0065136,0.020453684,0.0027105447,0.1878524,2.5431662,0.0127626825,0.08377026,0.011158033
1.1815321,0.0003550663,4.989923,0.09005769,8.583756,1.8545971,41.069107,6.7904424e-05,12.938909,4.0416856,3.2225726,85.812744,2.0065136,0.020453675,0.0027105445,0.18785244,2.5431657,0.012762678,0.083770275,0.0111580305
1.1815321,0.0003550663,4.9899206,0.09005769,8.583758,1.8545971,41.0691,6.790442e-05,12.938909,4.041687,3.2225728,85.812744,2.0065122,0.020453673,0.0027105445,0.18785249,2.5431666,0.01276268,0.083770275,0.011158028
1.1815321,0.00035506632,4.989916,0.09005768,8.583759,1.8545971,41.06909,6.7904395e-05,12.938914,4.0416884,3.222575,85.81284,2.00651,0.020453662,0.002710544,0.18785258,2.5431688,0.0127626825,0.083770305,0.011158019
1.1815321,0.0003550661,4.9899297,0.09005768,8.583751,1.8545965,41.06911,6.790446e-05,12.938909,4.041684,3.2225657,85.81255,2.0065167,0.0204537,0.0027105454,0.18785223,2.543164,0.012762684,0.08377022,0.011158045
1.1815325,0.00035506606,4.9899344,0.0900577,8.583749,1.8545965,41.069122,6.790448e-05,12.938904,4.041684,3.2225645,85.81255,2.0065184,0.02045371,0.0027105454,0.18785217,2.5431619,0.01276268,0.08377021,0.011158052
1.1815321,0.0003550662,4.989923,0.09005768,8.583756,1.8545971,41.0691,6.7904424e-05,12.938909,4.041687,3.222571,85.812744,2.0065134,0.020453678,0.0027105447,0.18785243,2.5431662,0.0127626825,0.08377027,0.0111580305
1.1815321,0.00035506638,4.989911,0.09005768,8.583763,1.8545971,41.06909,6.790438e-05,12.938914,4.04169,3.2225778,85.81284,2.0065088,0.02045365,0.0027105438,0.18785267,2.5431695,0.01276268,0.08377032,0.011158012
1.1815321,0.0003550663,4.9899206,0.09005769,8.583758,1.8545965,41.069107,6.7904424e-05,12.938909,4.0416884,3.2225726,85.812744,2.0065124,0.020453677,0.0027105445,0.18785244,2.5431662,0.01276268,0.08377027,0.0111580305
1.1815325,0.00035506595,4.9899435,0.09005771,8.583743,1.8545965,41.069138,6.790452e-05,12.938898,4.0416813,3.22256,85.812454,2.006522,0.020453732,0.002710546,0.187852,2.5431592,0.01276268,0.08377017,0.011158067
1.1815321,0.00035506618,4.9899273,0.09005769,8.583755,1.8545965,41.06911,6.790445e-05,12.938904,4.0416856,3.222569,85.812645,2.0065155,0.02045369,0.0027105447,0.18785234,2.543164,0.01276268,0.08377025,0.011158039
1.1815321,0.00035506627,4.989918,0.09005768,8.583758,1.8545971,41.069096,6.79044e-05,12.938914,4.0416884,3.222573,85.812744,2.0065112,0.020453667,0.0027105445,0.1878525,2.5431678,0.0127626825,0.08377029,0.011158024
1.1815321,0.00035506653,4.989902,0.09005767,8.583769,1.8545977,41.069073,6.790434e-05,12.93892,4.0416913,3.2225828,85.81304,2.006505,0.020453626,0.0027105433,0.18785287,2.5431726,0.01276268,0.08377037,0.011157996
1.1815325,0.00035506612,4.9899344,0.09005771,8.583749,1.8545965,41.069126,6.79045e-05,12.938898,4.0416827,3.2225654,85.81255,2.0065196,0.02045371,0.002710545,0.18785217,2.5431602,0.012762678,0.083770216,0.011158054
1.1815321,0.00035506638,4.989918,0.0900577,8.583759,1.8545971,41.0691,6.790442e-05,12.938909,4.041687,3.2225757,85.812744,2.0065122,0.020453664,0.0027105438,0.18785253,2.5431662,0.012762675,0.0837703,0.011158025
1.1815321,0.00035506653,4.9899044,0.09005767,8.583767,1.8545977,41.069073,6.7904344e-05,12.93892,4.0416913,3.2225828,85.81294,2.0065055,0.020453628,0.0027105433,0.18785284,2.5431721,0.01276268,0.08377037,0.011158
1.1815321,0.0003550663,4.989918,0.09005768,8.583758,1.8545971,41.0691,6.790442e-05,12.938914,4.041687,3.2225738,85.812744,2.0065117,0.020453667,0.0027105445,0.18785252,2.5431674,0.01276268,0.08377029,0.011158025
1.1815321,0.00035506627,4.9899206,0.09005768,8.583758,1.8545971,41.0691,6.790442e-05,12.938909,4.041687,3.2225728,85.812744,2.0065122,0.020453673,0.0027105445,0.18785249,2.5431674,0.0127626825,0.083770275,0.011158027
1.1815321,0.00035506653,4.9899044,0.09005767,8.583767,1.8545977,41.069073,6.7904344e-05,12.93892,4.0416913,3.2225823,85.81294,2.0065055,0.020453628,0.0027105433,0.18785283,2.5431721,0.01276268,0.08377036,0.011158
1.1815321,0.00035506635,4.9899135,0.09005768,8.583761,1.8545971,41.06909,6.7904395e-05,12.938914,4.0416884,3.222576,85.81284,2.0065098,0.020453658,0.002710544,0.18785259,2.5431688,0.0127626825,0.083770305,0.011158017
1.1815325,0.00035506615,4.989932,0.0900577,8.583751,1.8545965,41.069122,6.7904475e-05,12.938904,4.041684,3.2225668,85.81255,2.0065176,0.0204537,0.002710545,0.18785225,2.5431623,0.012762678,0.08377023,0.011158046
1.1815321,0.00035506647,4.989909,0.09005768,8.583765,1.8545971,41.069084,6.790437e-05,12.938914,4.0416913,3.22258,85.81284,2.0065079,0.020453643,0.0027105436,0.18785273,2.54317,0.012762678,0.083770335,0.011158009
1.1815325,0.00035506574,4.989953,0.09005771,8.583738,1.8545959,41.06915,6.790456e-05,12.938892,4.04168,3.2225528,85.812256,2.0065258,0.020453762,0.0027105468,0.18785173,2.5431564,0.012762684,0.08377012,0.011158084
1.1815325,0.00035506615,4.9899297,0.0900577,8.583753,1.8545965,41.069122,6.7904475e-05,12.938904,4.0416856,3.2225678,85.81255,2.0065167,0.020453699,0.0027105447,0.18785226,2.543163,0.012762678,0.08377023,0.011158046
1.1815325,0.000355066,4.989941,0.09005771,8.583745,1.8545965,41.069138,6.790452e-05,12.938898,4.0416827,3.2225614,85.812454,2.006521,0.020453727,0.0027105457,0.18785203,2.5431592,0.01276268,0.08377018,0.011158065
1.1815321,0.00035506627,4.989923,0.09005769,8.583756,1.8545965,41.069107,6.7904424e-05,12.938909,4.041687,3.2225716,85.812744,2.0065129,0.020453678,0.0027105445,0.18785243,2.5431662,0.01276268,0.08377026,0.011158032
1.1815321,0.00035506632,4.989918,0.09005769,8.583759,1.8545971,41.0691,6.79044e-05,12.938909,4.0416884,3.2225745,85.812744,2.006511,0.020453667,0.002710544,0.18785252,2.5431674,0.01276268,0.08377029,0.011158024
1.1815321,0.0003550663,4.9899206,0.09005769,8.583756,1.8545971,41.069107,6.7904424e-05,12.938909,4.0416884,3.2225726,85.812744,2.0065129,0.020453677,0.0027105445,0.18785244,2.5431662,0.01276268,0.08377027,0.0111580305
1.1815325,0.00035506618,4.9899297,0.0900577,8.583753,1.8545965,41.06912,6.790446e-05,12.938904,4.0416856,3.2225683,85.812645,2.006516,0.020453697,0.0027105447,0.18785228,2.5431635,0.01276268,0.08377023,0.0111580435
1.1815321,0.0003550665,4.989907,0.09005767,8.583767,1.8545971,41.06908,6.7904344e-05,12.93892,4.0416913,3.222581,85.81294,2.0065062,0.020453636,0.0027105436,0.1878528,2.5431716,0.01276268,0.08377035,0.011158003
1.1815321,0.00035506647,4.989907,0.09005767,8.583765,1.8545971,41.06908,6.790436e-05,12.93892,4.0416913,3.2225807,85.81294,2.0065067,0.020453637,0.0027105436,0.18785277,2.543171,0.01276268,0.08377035,0.0111580035
1.1815321,0.0003550665,4.9899044,0.09005767,8.583767,1.8545977,41.069073,6.7904344e-05,12.93892,4.0416913,3.2225819,85.81294,2.0065057,0.02045363,0.0027105433,0.18785283,2.5431721,0.01276268,0.08377036,0.011158001
1.1815321,0.00035506647,4.989907,0.09005767,8.583765,1.8545971,41.06908,6.790436e-05,12.93892,4.0416913,3.2225807,85.81294,2.006507,0.020453637,0.0027105436,0.18785277,2.543171,0.01276268,0.08377035,0.011158005
1.1815321,0.0003550663,4.989918,0.09005768,8.583759,1.8545971,41.069096,6.79044e-05,12.938914,4.0416884,3.2225738,85.812744,2.0065112,0.020453665,0.0027105445,0.18785253,2.5431678,0.0127626825,0.0837703,0.011158022
1.1815321,0.00035506618,4.9899273,0.09005769,8.583753,1.8545965,41.06911,6.790445e-05,12.938909,4.0416856,3.2225688,85.812645,2.0065155,0.02045369,0.0027105447,0.18785232,2.543164,0.01276268,0.08377025,0.011158041
1.1815321,0.0003550661,4.989932,0.09005769,8.583751,1.8545965,41.06912,6.7904475e-05,12.938904,4.041684,3.2225654,85.81255,2.0065172,0.020453703,0.0027105454,0.1878522,2.5431635,0.0127626825,0.08377022,0.011158046
1.1815321,0.00035506632,4.989918,0.09005769,8.583759,1.8545971,41.0691,6.790442e-05,12.938909,4.0416884,3.2225745,85.812744,2.0065117,0.020453665,0.002710544,0.18785253,2.5431674,0.01276268,0.0837703,0.011158024
1.1815321,0.0003550665,4.989909,0.09005769,8.583765,1.8545971,41.06909,6.790437e-05,12.938914,4.0416913,3.2225802,85.81284,2.0065079,0.020453641,0.0027105436,0.18785274,2.5431695,0.012762678,0.083770335,0.011158009
1.1815321,0.00035506638,4.9899135,0.09005769,8.583761,1.8545971,41.069096,6.7904395e-05,12.938914,4.0416884,3.222577,85.81284,2.00651,0.020453654,0.0027105438,0.18785264,2.5431683,0.012762678,0.08377031,0.011158017
1.1815321,0.0003550668,4.9898906,0.09005767,8.583776,1.8545977,41.069065,6.7904286e-05,12.938926,4.0416956,3.2225907,85.81314,2.0065002,0.020453596,0.0027105424,0.18785313,2.5431755,0.012762675,0.083770424,0.011157979
1.1815325,0.00035506644,4.989916,0.0900577,8.583759,1.8545971,41.0691,6.79044e-05,12.938909,4.0416884,3.2225769,85.812744,2.0065112,0.02045366,0.0027105438,0.18785258,2.5431666,0.012762675,0.083770305,0.011158022
1.1815325,0.00035506653,4.989911,0.0900577,8.583763,1.8545971,41.069096,6.790438e-05,12.938914,4.04169,3.2225802,85.81284,2.0065088,0.020453647,0.0027105436,0.18785271,2.5431683,0.012762673,0.083770335,0.011158014
1.1815321,0.00035506647,4.989911,0.09005769,8.583763,1.8545971,41.069096,6.790438e-05,12.938914,4.04169,3.222579,85.81284,2.0065088,0.02045365,0.0027105436,0.18785267,2.5431688,0.012762678,0.08377032,0.011158014
1.1815325,0.00035506612,4.989932,0.09005771,8.583751,1.8545965,41.069126,6.790448e-05,12.938904,4.041684,3.2225661,85.81255,2.006518,0.020453708,0.002710545,0.18785219,2.5431614,0.012762678,0.083770216,0.011158052
1.1815321,0.00035506638,4.9899135,0.09005769,8.583761,1.8545971,41.069096,6.7904395e-05,12.938914,4.0416884,3.222577,85.81284,2.00651,0.020453654,0.0027105438,0.1878526,2.5431678,0.012762678,0.08377031,0.011158017
1.1815325,0.0003550663,4.989925,0.09005771,8.583755,1.8545971,41.06912,6.790445e-05,12.938904,4.041687,3.2225716,85.812645,2.0065148,0.020453686,0.0027105445,0.18785237,2.5431635,0.012762675,0.08377025,0.011158038
1.1815321,0.0003550665,4.989907,0.09005768,8.583765,1.8545971,41.069084,6.790436e-05,12.93892,4.0416913,3.2225807,85.81294,2.006507,0.02045364,0.0027105436,0.18785276,2.5431705,0.012762678,0.08377034,0.011158006
1.1815321,0.0003550665,4.989907,0.09005768,8.583765,1.8545971,41.069084,6.790436e-05,12.93892,4.0416913,3.222581,85.81294,2.0065067,0.020453637,0.0027105436,0.18785277,2.543171,0.01276268,0.08377034,0.011158005
1.1815321,0.00035506324,4.990059,0.090057604,8.583671,1.8545897,41.069244,6.790498e-05,12.938864,4.0416565,3.2224715,85.81079,2.006563,0.02045409,0.0027105587,0.18784903,2.5431366,0.0127627505,0.0837695,0.011158263
1.1815321,0.00035506306,4.9900637,0.09005758,8.583667,1.8545891,41.069244,6.790499e-05,12.938864,4.041655,3.2224662,85.81079,2.006564,0.02045411,0.0027105596,0.18784887,2.543137,0.012762757,0.08376948,0.011158273
1.1815321,0.00035506315,4.990059,0.0900576,8.583671,1.8545897,41.069244,6.790498e-05,12.938864,4.0416565,3.2224703,85.81079,2.0065632,0.020454094,0.002710559,0.18784897,2.5431366,0.0127627505,0.0837695,0.011158265
1.1815321,0.00035506327,4.990057,0.090057604,8.583673,1.8545897,41.069244,6.790496e-05,12.938864,4.0416565,3.222473,85.81089,2.006563,0.020454086,0.0027105587,0.18784904,2.5431366,0.012762748,0.083769515,0.011158262
1.1815318,0.00035506298,4.990066,0.090057574,8.583667,1.8545891,41.069244,6.790499e-05,12.938864,4.041655,3.222465,85.81079,2.0065644,0.020454114,0.0027105599,0.1878488,2.543137,0.01276276,0.08376946,0.011158274
1.1815321,0.00035506653,4.989902,0.09005766,8.583769,1.8545977,41.06907,6.790434e-05,12.93892,4.0416913,3.222583,85.81304,2.0065045,0.020453624,0.0027105436,0.18785287,2.5431726,0.01276268,0.08377038,0.011157996
1.1815321,0.00035506327,4.990057,0.090057604,8.583673,1.8545897,41.06924,6.790496e-05,12.938864,4.0416565,3.2224731,85.81089,2.0065625,0.020454085,0.0027105587,0.18784906,2.543137,0.012762748,0.08376952,0.0111582605
1.1815321,0.00035506368,4.990043,0.090057634,8.583681,1.854591,41.069233,6.790492e-05,12.938864,4.041658,3.2224855,85.81109,2.006559,0.020454038,0.0027105566,0.18784945,2.543138,0.012762734,0.08376961,0.011158238
1.1815321,0.0003550661,4.989932,0.09005769,8.583751,1.8545965,41.06912,6.7904475e-05,12.938904,4.041684,3.2225654,85.81255,2.0065176,0.020453703,0.0027105454,0.1878522,2.543163,0.0127626825,0.08377022,0.011158048
1.1815321,0.0003550634,4.990052,0.09005763,8.583674,1.8545897,41.069244,6.7904955e-05,12.938864,4.0416565,3.2224772,85.81089,2.0065618,0.02045407,0.0027105578,0.18784918,2.543137,0.012762743,0.08376954,0.011158255
1.1815325,0.000355065,4.9899898,0.0900577,8.5837145,1.854594,41.06919,6.790472e-05,12.938875,4.0416684,3.222528,85.81177,2.006541,0.020453867,0.00271055,0.18785086,2.5431468,0.0127626965,0.083769925,0.011158148
1.1815321,0.00035506336,4.9900546,0.09005761,8.583674,1.8545897,41.06924,6.7904955e-05,12.938864,4.0416565,3.2224758,85.81089,2.0065618,0.020454075,0.002710558,0.18784915,2.543137,0.012762746,0.08376954,0.011158255
1.1815321,0.0003550634,4.990052,0.09005761,8.583674,1.8545903,41.06924,6.7904955e-05,12.938864,4.0416565,3.2224772,85.81089,2.0065613,0.020454068,0.0027105578,0.1878492,2.543137,0.012762743,0.08376956,0.011158252
1.1815321,0.00035506353,4.99005,0.09005763,8.583678,1.8545903,41.06924,6.790494e-05,12.938864,4.0416565,3.2224808,85.81099,2.0065606,0.020454055,0.002710557,0.1878493,2.543137,0.012762738,0.083769575,0.011158248
1.1815321,0.00035506638,4.989911,0.09005768,8.583763,1.8545971,41.06909,6.790438e-05,12.938914,4.04169,3.2225776,85.81284,2.0065086,0.02045365,0.002710544,0.18785267,2.54317,0.01276268,0.08377032,0.011158012
1.1815321,0.00035506312,4.9900613,0.0900576,8.583671,1.8545891,41.069244,6.790498e-05,12.938864,4.0416565,3.2224693,85.81079,2.0065637,0.0204541,0.0027105592,0.18784896,2.543137,0.012762752,0.08376949,0.011158267
1.1815318,0.00035506295,4.990066,0.090057574,8.583665,1.8545885,41.069244,6.7905e-05,12.938864,4.041655,3.2224636,85.81069,2.0065649,0.020454122,0.00271056,0.18784878,2.543137,0.012762763,0.08376945,0.011158276
1.1815321,0.00035506644,4.989911,0.09005767,8.583763,1.8545971,41.069084,6.790437e-05,12.938914,4.04169,3.2225783,85.81284,2.0065086,0.020453647,0.0027105438,0.18785271,2.5431695,0.01276268,0.083770335,0.011158011
1.1815321,0.00035506653,4.9899044,0.09005767,8.583767,1.8545977,41.06908,6.7904344e-05,12.93892,4.04169,3.2225823,85.81294,2.0065067,0.02045363,0.0027105433,0.18785283,2.5431705,0.012762678,0.08377037,0.011158003
1.1815321,0.00035506312,4.9900613,0.0900576,8.583669,1.8545891,41.069244,6.790498e-05,12.938864,4.041655,3.2224689,85.81079,2.0065637,0.020454101,0.0027105592,0.18784894,2.543137,0.012762752,0.08376949,0.011158268
1.1815321,0.0003550667,4.989895,0.09005766,8.583773,1.8545977,41.069065,6.79043e-05,12.938926,4.0416927,3.2225883,85.81314,2.0065024,0.020453604,0.0027105429,0.18785305,2.5431743,0.012762678,0.08377042,0.011157984
1.1815321,0.00035506673,4.9898906,0.09005766,8.583776,1.8545983,41.069057,6.7904286e-05,12.938926,4.041694,3.2225902,85.81314,2.0065007,0.020453593,0.0027105426,0.18785313,2.543176,0.012762678,0.08377043,0.011157976
1.1815321,0.0003550667,4.989893,0.09005766,8.583775,1.8545977,41.069057,6.7904286e-05,12.938926,4.041694,3.2225893,85.81314,2.0065012,0.020453598,0.0027105426,0.18785311,2.5431755,0.012762678,0.08377043,0.011157979
1.1815321,0.00035506333,4.9900546,0.09005761,8.583674,1.8545897,41.069244,6.790496e-05,12.938864,4.0416565,3.222475,85.81089,2.006562,0.020454079,0.002710558,0.18784912,2.543137,0.012762746,0.08376953,0.011158258
1.1815321,0.00035506662,4.9898973,0.09005766,8.583771,1.8545977,41.06907,6.7904315e-05,12.938926,4.0416927,3.2225854,85.81304,2.006503,0.020453615,0.0027105433,0.18785296,2.5431738,0.01276268,0.083770394,0.0111579895
1.1815321,0.00035506388,4.990036,0.09005765,8.583685,1.8545916,41.069233,6.79049e-05,12.938864,4.0416594,3.2224913,85.81109,2.006557,0.020454014,0.0027105552,0.18784966,2.543138,0.012762727,0.08376966,0.011158227
1.1815321,0.00035506673,4.9898906,0.09005766,8.583776,1.8545977,41.069057,6.7904286e-05,12.938926,4.041694,3.2225902,85.81314,2.0065002,0.020453593,0.0027105426,0.18785313,2.543176,0.012762678,0.08377043,0.011157976
1.1815321,0.0003550634,4.990052,0.09005763,8.583674,1.8545903,41.06924,6.7904955e-05,12.938864,4.0416565,3.2224774,85.81089,2.0065618,0.020454068,0.0027105578,0.1878492,2.543137,0.012762743,0.083769545,0.011158254
1.1815321,0.00035506662,4.9898996,0.09005767,8.583771,1.8545977,41.06907,6.790432e-05,12.93892,4.0416913,3.2225852,85.81304,2.0065043,0.020453617,0.0027105429,0.18785293,2.5431726,0.012762678,0.08377039,0.011157992
1.1815321,0.00035506673,4.989893,0.09005766,8.583775,1.8545983,41.069057,6.7904286e-05,12.938926,4.0416927,3.2225895,85.81314,2.0065014,0.020453598,0.0027105426,0.18785311,2.5431747,0.012762678,0.08377043,0.011157979
1.1815321,0.0003550637,4.990043,0.09005764,8.583681,1.854591,41.069233,6.790492e-05,12.938864,4.041658,3.2224867,85.81109,2.0065584,0.02045403,0.0027105561,0.1878495,2.5431376,0.012762732,0.08376962,0.011158235
1.1815321,0.00035506344,4.990052,0.09005763,8.583676,1.8545903,41.06924,6.7904955e-05,12.938864,4.0416565,3.2224782,85.81089,2.0065613,0.020454066,0.0027105578,0.18784922,2.543137,0.012762741,0.08376956,0.011158252
1.1815325,0.000355065,4.9899898,0.0900577,8.5837145,1.854594,41.06919,6.790472e-05,12.938881,4.0416684,3.2225275,85.81177,2.006541,0.020453868,0.00271055,0.18785086,2.5431468,0.0127626965,0.083769925,0.011158148
1.1815325,0.0003550645,4.990015,0.09005768,8.5837,1.8545928,41.069218,6.790482e-05,12.938869,4.041664,3.2225099,85.81138,2.0065496,0.020453941,0.0027105527,0.18785025,2.5431414,0.012762709,0.08376979,0.01115819
1.1815321,0.00035506673,4.989893,0.09005766,8.583775,1.8545983,41.069057,6.7904286e-05,12.938926,4.0416927,3.22259,85.81314,2.0065014,0.020453596,0.0027105426,0.18785311,2.5431747,0.012762678,0.08377043,0.011157979
1.1815321,0.00035506417,4.9900246,0.09005766,8.583693,1.8545922,41.06922,6.790485e-05,12.938869,4.041662,3.2225003,85.81128,2.0065527,0.020453978,0.002710554,0.18784995,2.543141,0.01276272,0.08376972,0.0111582065
1.1815321,0.0003550658,4.989946,0.0900577,8.583741,1.8545959,41.069134,6.790453e-05,12.938898,4.0416813,3.2225564,85.812355,2.0065222,0.020453744,0.0027105466,0.1878519,2.5431597,0.012762687,0.08377015,0.0111580705
1.1815321,0.00035506664,4.9898973,0.09005767,8.583771,1.8545977,41.06907,6.7904315e-05,12.938926,4.0416927,3.2225864,85.81304,2.0065036,0.020453611,0.0027105429,0.18785298,2.5431738,0.012762678,0.0837704,0.0111579895
1.1815321,0.00035506685,4.989886,0.09005766,8.583778,1.8545983,41.069054,6.7904264e-05,12.938931,4.041694,3.2225935,85.81323,2.0064993,0.02045358,0.002710542,0.18785323,2.5431764,0.012762675,0.08377046,0.011157969
1.1815325,0.00035506478,4.989999,0.09005769,8.583709,1.8545934,41.069195,6.790475e-05,12.938875,4.0416684,3.2225213,85.81167,2.0065434,0.020453893,0.002710551,0.18785065,2.5431452,0.012762701,0.08376987,0.011158161
1.1815325,0.00035506557,4.989962,0.0900577,8.583733,1.8545952,41.069153,6.79046e-05,12.938892,4.0416756,3.2225466,85.81216,2.0065296,0.020453786,0.0027105478,0.18785153,2.5431538,0.012762687,0.083770074,0.011158099
1.1815321,0.0003550668,4.989888,0.09005766,8.583776,1.8545983,41.069054,6.7904264e-05,12.938931,4.041694,3.222592,85.81323,2.0064995,0.020453587,0.0027105424,0.1878532,2.5431764,0.012762678,0.08377045,0.011157972
1.1815321,0.00035506647,4.989909,0.09005767,8.583765,1.8545977,41.069084,6.790437e-05,12.938914,4.0416884,3.2225797,85.81294,2.006508,0.020453641,0.0027105438,0.18785274,2.54317,0.012762678,0.08377035,0.011158008
1.1815321,0.00035506667,4.989895,0.09005766,8.583773,1.8545977,41.069065,6.79043e-05,12.938926,4.0416927,3.2225883,85.81314,2.006502,0.020453602,0.0027105426,0.18785305,2.5431747,0.012762678,0.08377042,0.011157982
1.1815321,0.00035506423,4.990022,0.09005767,8.583694,1.8545922,41.06922,6.790485e-05,12.938869,4.041662,3.2225032,85.81128,2.0065522,0.020453967,0.0027105538,0.18785003,2.5431404,0.012762715,0.08376974,0.011158202
1.1815321,0.00035506667,4.9898973,0.09005767,8.583771,1.8545977,41.06907,6.790432e-05,12.93892,4.0416913,3.2225869,85.81304,2.0065036,0.020453611,0.0027105429,0.187853,2.5431733,0.012762675,0.0837704,0.0111579895
1.1815325,0.00035506472,4.9900036,0.09005769,8.583707,1.8545934,41.069202,6.790477e-05,12.938875,4.041667,3.2225187,85.81158,2.0065453,0.020453904,0.0027105515,0.18785055,2.543144,0.012762704,0.08376986,0.011158168
1.1815321,0.00035506656,4.989902,0.09005767,8.583769,1.8545977,41.069073,6.790434e-05,12.93892,4.0416913,3.2225842,85.81304,2.0065045,0.020453623,0.0027105433,0.1878529,2.5431726,0.012762678,0.08377039,0.011157995
1.1815321,0.00035506662,4.9898996,0.09005767,8.583769,1.8545977,41.06907,6.790432e-05,12.93892,4.0416913,3.222585,85.81304,2.0065045,0.020453617,0.0027105433,0.18785292,2.5431726,0.012762678,0.083770394,0.011157993
1.1815325,0.00035506484,4.989999,0.09005769,8.583711,1.8545934,41.069195,6.790475e-05,12.938875,4.0416684,3.2225218,85.81167,2.0065434,0.020453893,0.002710551,0.18785065,2.5431452,0.012762701,0.08376987,0.011158161
1.1815321,0.00035506615,4.989925,0.09005768,8.583755,1.8545965,41.069107,6.790444e-05,12.938909,4.0416856,3.2225688,85.812645,2.0065148,0.020453688,0.002710545,0.18785235,2.5431652,0.0127626825,0.08377026,0.011158036
1.1815325,0.00035506545,4.9899693,0.0900577,8.583729,1.8545952,41.069164,6.7904635e-05,12.938887,4.041674,3.2225428,85.812065,2.0065327,0.020453801,0.002710548,0.18785138,2.5431516,0.012762689,0.08377005,0.01115811
1.1815321,0.0003550667,4.989895,0.09005767,8.583773,1.8545983,41.069065,6.79043e-05,12.938926,4.0416927,3.2225885,85.81314,2.0065024,0.020453602,0.0027105426,0.18785305,2.5431738,0.012762675,0.083770424,0.011157984
1.1815321,0.00035506656,4.989902,0.09005767,8.583769,1.8545977,41.069073,6.790434e-05,12.93892,4.0416913,3.222584,85.81294,2.0065055,0.020453624,0.0027105433,0.18785289,2.5431716,0.012762678,0.08377038,0.011157996
1.1815325,0.0003550654,4.989971,0.0900577,8.583727,1.8545952,41.069164,6.7904635e-05,12.938887,4.041674,3.2225406,85.812065,2.0065327,0.02045381,0.0027105485,0.18785131,2.543152,0.012762692,0.08377003,0.011158113
1.1815325,0.00035506545,4.9899693,0.0900577,8.583729,1.8545952,41.069164,6.790462e-05,12.938887,4.041674,3.222543,85.812065,2.0065324,0.020453801,0.002710548,0.1878514,2.543152,0.012762689,0.08377005,0.011158108
1.1815321,0.00035506583,4.989946,0.0900577,8.583741,1.8545959,41.069138,6.790453e-05,12.938898,4.04168,3.2225573,85.812355,2.006523,0.02045374,0.0027105461,0.18785192,2.5431585,0.0127626825,0.08377016,0.0111580705
1.1815321,0.0003550657,4.989955,0.0900577,8.583736,1.8545959,41.06914,6.790456e-05,12.938892,4.041677,3.2225513,85.812256,2.006527,0.020453764,0.002710547,0.18785171,2.543156,0.012762684,0.08377012,0.011158086
1.1815321,0.0003550661,4.989932,0.09005769,8.583751,1.8545965,41.06912,6.7904475e-05,12.938904,4.041684,3.2225654,85.81255,2.0065176,0.020453703,0.0027105454,0.1878522,2.5431623,0.0127626825,0.08377022,0.011158048
1.1815325,0.00035506507,4.9899874,0.0900577,8.583716,1.8545946,41.069187,6.79047e-05,12.938881,4.04167,3.2225301,85.81177,2.0065398,0.020453857,0.0027105499,0.18785095,2.5431473,0.012762694,0.083769955,0.01115814
1.1815321,0.00035506432,4.99002,0.09005767,8.583696,1.8545928,41.069214,6.790483e-05,12.938869,4.041662,3.2225053,85.81138,2.006551,0.020453956,0.0027105536,0.1878501,2.5431414,0.012762715,0.08376976,0.011158195
1.1815321,0.00035506472,4.9900036,0.09005769,8.583707,1.8545934,41.069202,6.790477e-05,12.938875,4.0416656,3.222519,85.81158,2.0065453,0.020453902,0.0027105515,0.18785056,2.543144,0.012762704,0.083769865,0.011158166
1.1815321,0.00035506368,4.990045,0.090057634,8.583681,1.854591,41.069233,6.790492e-05,12.938864,4.041658,3.222485,85.81099,2.006559,0.020454038,0.0027105566,0.18784945,2.5431376,0.012762734,0.08376961,0.011158238
1.1815321,0.0003550644,4.990015,0.09005767,8.5837,1.8545928,41.069206,6.790482e-05,12.938869,4.041662,3.2225087,85.81138,2.0065498,0.020453943,0.002710553,0.18785024,2.5431418,0.012762713,0.0837698,0.011158188
1.1815321,0.00035506635,4.989918,0.09005769,8.583759,1.8545971,41.069096,6.79044e-05,12.938909,4.041687,3.2225752,85.812744,2.0065122,0.020453664,0.002710544,0.18785256,2.5431666,0.012762678,0.083770305,0.011158022
1.1815321,0.00035506653,4.989909,0.09005768,8.583765,1.8545977,41.069084,6.790437e-05,12.938914,4.04169,3.2225811,85.81294,2.006508,0.020453637,0.0027105436,0.18785276,2.5431695,0.012762675,0.08377035,0.011158006
1.1815321,0.00035506606,4.9899273,0.09005767,8.583753,1.8545965,41.0691,6.790444e-05,12.938909,4.0416856,3.2225668,85.812645,2.0065143,0.020453691,0.0027105454,0.18785231,2.5431662,0.012762689,0.083770245,0.011158036
1.1815321,0.00035506606,4.9899297,0.09005768,8.583751,1.8545965,41.069107,6.790445e-05,12.938909,4.041684,3.2225654,85.812645,2.0065165,0.0204537,0.0027105454,0.18785223,2.5431645,0.012762687,0.08377023,0.0111580435
1.1815321,0.0003550663,4.9899135,0.09005766,8.583761,1.8545971,41.069084,6.790438e-05,12.938914,4.0416884,3.2225757,85.81284,2.0065088,0.020453654,0.002710544,0.1878526,2.54317,0.012762684,0.08377031,0.011158015
1.1815321,0.00035506632,4.9899135,0.09005767,8.583761,1.8545971,41.069084,6.790438e-05,12.938914,4.0416884,3.2225752,85.81284,2.0065093,0.020453658,0.002710544,0.18785259,2.5431695,0.012762684,0.08377031,0.0111580165
1.1815321,0.0003550662,4.989918,0.09005767,8.583758,1.8545971,41.06909,6.79044e-05,12.938914,4.0416884,3.2225726,85.812744,2.006511,0.020453667,0.0027105447,0.1878525,2.5431688,0.012762687,0.0837703,0.011158022
1.1815321,0.0003550663,4.989916,0.09005767,8.583759,1.8545971,41.06909,6.7904395e-05,12.938914,4.0416884,3.2225745,85.81284,2.0065105,0.020453662,0.0027105445,0.18785256,2.5431688,0.012762684,0.083770305,0.011158019
1.1815321,0.00035506615,4.989923,0.09005767,8.583756,1.8545965,41.069096,6.790442e-05,12.938914,4.041687,3.2225704,85.812744,2.0065124,0.020453677,0.0027105447,0.18785243,2.5431678,0.012762687,0.083770275,0.011158028
1.1815321,0.0003550663,4.989916,0.09005767,8.583759,1.8545971,41.06909,6.7904395e-05,12.938914,4.0416884,3.222574,85.81284,2.0065105,0.020453662,0.0027105445,0.18785256,2.5431688,0.0127626825,0.083770305,0.011158019
1.1815321,0.00035506647,4.9899044,0.09005766,8.583767,1.8545971,41.069073,6.7904344e-05,12.93892,4.0416913,3.222581,85.81294,2.0065057,0.020453634,0.0027105436,0.1878528,2.5431721,0.0127626825,0.08377036,0.011158001
1.1815321,0.0003550661,4.9899273,0.09005767,8.583753,1.8545965,41.0691,6.790444e-05,12.938909,4.0416856,3.2225668,85.812645,2.0065143,0.020453691,0.0027105454,0.18785231,2.5431662,0.012762687,0.083770245,0.011158038
1.1815321,0.00035506635,4.989911,0.09005767,8.583763,1.8545971,41.069084,6.790438e-05,12.938914,4.04169,3.222577,85.81284,2.0065086,0.02045365,0.002710544,0.18785265,2.54317,0.0127626825,0.08377032,0.011158012
1.1815321,0.00035506635,4.989911,0.09005766,8.583763,1.8545971,41.06908,6.790437e-05,12.93892,4.04169,3.2225776,85.81284,2.0065079,0.020453647,0.002710544,0.18785268,2.543171,0.012762684,0.083770335,0.011158009
1.1815325,0.00035506606,4.989939,0.09005771,8.583747,1.8545965,41.069126,6.7904504e-05,12.938898,4.0416827,3.2225633,85.812454,2.0065203,0.02045372,0.0027105454,0.1878521,2.5431602,0.012762678,0.0837702,0.011158059
1.1815321,0.00035506667,4.9898973,0.09005768,8.583771,1.8545977,41.069073,6.790432e-05,12.93892,4.0416927,3.2225873,85.81304,2.0065036,0.020453611,0.0027105426,0.187853,2.5431733,0.012762675,0.083770394,0.0111579895
1.1815321,0.00035506656,4.989902,0.09005767,8.583769,1.8545977,41.069073,6.790434e-05,12.93892,4.0416913,3.222583,85.81294,2.006505,0.020453626,0.0027105433,0.18785287,2.5431721,0.01276268,0.08377037,0.011157998
1.1815321,0.0003550665,4.9899044,0.09005767,8.583767,1.8545977,41.06908,6.7904344e-05,12.93892,4.0416913,3.2225819,85.81294,2.0065062,0.020453634,0.0027105436,0.18785281,2.5431716,0.01276268,0.08377036,0.011158001
1.1815321,0.0003550665,4.989909,0.09005769,8.583765,1.8545971,41.06909,6.790438e-05,12.938914,4.04169,3.2225802,85.81284,2.006508,0.020453643,0.0027105436,0.18785273,2.5431695,0.012762675,0.083770335,0.011158011
1.1815321,0.0003550665,4.989911,0.09005769,8.583763,1.8545971,41.069096,6.7904395e-05,12.938914,4.0416884,3.2225792,85.81284,2.0065098,0.020453649,0.0027105436,0.18785268,2.5431678,0.012762675,0.083770335,0.011158015
1.1815321,0.0003550665,4.989907,0.09005768,8.583765,1.8545971,41.06908,6.790436e-05,12.93892,4.0416913,3.2225807,85.81294,2.006507,0.020453637,0.0027105436,0.18785277,2.543171,0.01276268,0.08377035,0.011158005
1.1815321,0.0003550662,4.989925,0.09005769,8.583755,1.8545971,41.069107,6.790444e-05,12.938909,4.0416856,3.2225704,85.812645,2.0065148,0.020453686,0.0027105447,0.18785237,2.5431645,0.01276268,0.08377026,0.011158036
1.1815321,0.00035506632,4.989916,0.09005768,8.583759,1.8545971,41.06909,6.7904395e-05,12.938914,4.0416884,3.222575,85.81284,2.00651,0.020453662,0.002710544,0.18785258,2.5431688,0.0127626825,0.083770305,0.011158019
1.1815321,0.0003550662,4.989923,0.09005768,8.583756,1.8545971,41.0691,6.7904424e-05,12.938909,4.041687,3.222571,85.812744,2.0065134,0.020453678,0.0027105447,0.18785243,2.5431662,0.0127626825,0.08377027,0.0111580305
1.1815321,0.00035506635,4.9899135,0.09005767,8.583761,1.8545971,41.06909,6.790438e-05,12.938914,4.04169,3.2225761,85.81284,2.0065093,0.020453654,0.002710544,0.1878526,2.5431695,0.0127626825,0.08377031,0.011158015
1.1815321,0.00035506627,4.989918,0.09005768,8.583758,1.8545971,41.069096,6.79044e-05,12.938914,4.0416884,3.222573,85.812744,2.0065112,0.020453667,0.0027105445,0.18785252,2.5431683,0.0127626825,0.08377029,0.011158024
1.1815321,0.00035506615,4.989925,0.09005768,8.583755,1.8545965,41.069107,6.790444e-05,12.938909,4.0416856,3.2225688,85.812645,2.0065148,0.020453688,0.002710545,0.18785234,2.5431657,0.0127626825,0.08377025,0.011158036
1.1815321,0.00035506644,4.989909,0.09005768,8.583763,1.8545971,41.069084,6.790437e-05,12.93892,4.04169,3.222579,85.81294,2.0065079,0.020453643,0.0027105436,0.18785273,2.5431705,0.01276268,0.08377034,0.011158008
1.1815321,0.00035506632,4.989918,0.09005769,8.583758,1.8545971,41.0691,6.790442e-05,12.938909,4.041687,3.2225745,85.812744,2.0065122,0.020453667,0.002710544,0.18785252,2.5431666,0.012762678,0.0837703,0.011158025
1.1815321,0.0003550663,4.9899206,0.09005769,8.583758,1.8545971,41.0691,6.790442e-05,12.938909,4.041687,3.2225728,85.812744,2.0065122,0.020453673,0.0027105445,0.18785249,2.5431666,0.01276268,0.083770275,0.011158028
1.1815321,0.0003550661,4.9899297,0.09005768,8.583751,1.8545965,41.06911,6.790446e-05,12.938909,4.041684,3.2225657,85.81255,2.0065167,0.0204537,0.0027105454,0.18785223,2.543164,0.012762684,0.08377022,0.011158045
1.1815321,0.0003550661,4.989932,0.0900577,8.583751,1.8545965,41.069122,6.7904475e-05,12.938904,4.041684,3.2225654,85.81255,2.006518,0.020453706,0.002710545,0.1878522,2.5431623,0.01276268,0.08377022,0.011158049
1.1815321,0.00035506615,4.9899297,0.0900577,8.583753,1.8545965,41.06912,6.790446e-05,12.938904,4.0416856,3.2225678,85.812645,2.0065165,0.020453697,0.002710545,0.18785228,2.5431635,0.01276268,0.083770245,0.0111580435
1.1815321,0.00035506635,4.989916,0.09005768,8.583759,1.8545971,41.069096,6.7904395e-05,12.938914,4.0416884,3.2225752,85.81284,2.0065105,0.020453662,0.002710544,0.18785258,2.5431678,0.01276268,0.083770305,0.011158019
1.1815321,0.00035506627,4.9899206,0.09005768,8.583758,1.8545971,41.0691,6.790442e-05,12.938909,4.041687,3.2225718,85.812744,2.0065129,0.020453675,0.0027105445,0.18785247,2.5431666,0.0127626825,0.083770275,0.011158028
1.1815321,0.00035506635,4.9899135,0.09005768,8.583761,1.8545971,41.06909,6.7904395e-05,12.938914,4.0416884,3.2225757,85.81284,2.0065098,0.020453658,0.002710544,0.18785259,2.5431688,0.0127626825,0.08377031,0.0111580165
1.1815321,0.00035506606,4.989932,0.09005769,8.583751,1.8545965,41.06912,6.7904475e-05,12.938904,4.041684,3.2225652,85.81255,2.0065176,0.020453708,0.0027105454,0.18785219,2.543163,0.0127626825,0.083770216,0.011158049
1.1815321,0.00035506635,4.9899135,0.09005767,8.583761,1.8545971,41.069084,6.790438e-05,12.938914,4.04169,3.2225761,85.81284,2.0065088,0.020453654,0.002710544,0.18785264,2.54317,0.0127626825,0.08377031,0.011158014
1.1815325,0.00035506563,4.9899597,0.09005771,8.5837345,1.8545952,41.06916,6.79046e-05,12.938887,4.041677,3.2225487,85.81216,2.0065293,0.020453783,0.002710547,0.18785156,2.5431538,0.012762684,0.08377008,0.011158098
1.1815321,0.00035506618,4.9899273,0.09005769,8.583755,1.8545965,41.06911,6.790445e-05,12.938904,4.0416856,3.222569,85.812645,2.0065155,0.02045369,0.0027105447,0.18785234,2.543164,0.01276268,0.08377025,0.011158039
1.1815325,0.00035506612,4.9899344,0.09005771,8.583749,1.8545965,41.069126,6.79045e-05,12.938898,4.0416827,3.2225654,85.81255,2.0065196,0.02045371,0.002710545,0.18785217,2.5431602,0.012762675,0.083770216,0.011158054
1.1815321,0.00035506647,4.989909,0.09005768,8.583765,1.8545977,41.069084,6.790437e-05,12.938914,4.04169,3.2225802,85.81294,2.0065079,0.02045364,0.0027105436,0.18785274,2.54317,0.012762678,0.08377034,0.011158008
1.1815321,0.00035506627,4.9899206,0.09005768,8.583758,1.8545971,41.0691,6.790442e-05,12.938909,4.041687,3.2225728,85.812744,2.0065122,0.020453673,0.0027105445,0.18785249,2.5431674,0.0127626825,0.083770275,0.011158027
1.1815325,0.00035506597,4.989941,0.09005771,8.583745,1.8545965,41.069134,6.790452e-05,12.938898,4.0416813,3.2225614,85.812454,2.006521,0.020453725,0.0027105457,0.18785204,2.5431597,0.01276268,0.08377018,0.011158064
1.1815321,0.00035506638,4.9899135,0.09005768,8.583761,1.8545971,41.06909,6.790438e-05,12.938914,4.04169,3.2225769,85.81284,2.0065093,0.020453654,0.0027105438,0.18785264,2.5431688,0.01276268,0.08377031,0.011158015
1.1815321,0.00035506644,4.989909,0.09005768,8.583763,1.8545971,41.069084,6.790437e-05,12.938914,4.04169,3.222579,85.81284,2.006508,0.020453643,0.0027105438,0.18785271,2.54317,0.01276268,0.083770335,0.011158009
1.1815325,0.00035506635,4.9899206,0.0900577,8.583758,1.8545971,41.069107,6.7904424e-05,12.938909,4.041687,3.222574,85.812744,2.0065134,0.020453673,0.002710544,0.18785249,2.5431652,0.012762675,0.08377029,0.0111580305
1.1815321,0.00035506656,4.9899044,0.09005768,8.583767,1.8545977,41.06908,6.7904344e-05,12.93892,4.0416913,3.222583,85.81294,2.0065057,0.02045363,0.0027105433,0.18785283,2.543171,0.012762678,0.08377036,0.011158001
1.1815325,0.00035506612,4.989932,0.09005771,8.583751,1.8545965,41.069122,6.790448e-05,12.938904,4.041684,3.2225661,85.81255,2.0065176,0.020453708,0.002710545,0.18785219,2.5431619,0.01276268,0.083770216,0.011158051
1.1815321,0.00035506656,4.989902,0.09005768,8.583769,1.8545977,41.06908,6.7904344e-05,12.93892,4.0416927,3.2225838,85.81294,2.0065055,0.020453626,0.0027105433,0.18785284,2.5431716,0.012762678,0.08377037,0.011158
1.1815325,0.00035506618,4.9899297,0.0900577,8.583753,1.8545965,41.069122,6.7904475e-05,12.938904,4.0416856,3.2225678,85.81255,2.0065167,0.020453699,0.0027105447,0.18785226,2.543163,0.012762678,0.08377023,0.011158046
1.1815321,0.0003550663,4.9899206,0.09005769,8.583756,1.8545971,41.069107,6.7904424e-05,12.938909,4.041687,3.2225726,85.812744,2.0065129,0.020453677,0.0027105445,0.18785244,2.5431662,0.01276268,0.08377027,0.0111580305
1.1815325,0.0003550662,4.989925,0.0900577,8.583755,1.8545965,41.06911,6.790445e-05,12.938909,4.041687,3.22257,85.812645,2.0065143,0.020453688,0.0027105447,0.18785235,2.5431645,0.01276268,0.08377025,0.011158038
1.1815321,0.00035506632,4.989918,0.09005769,8.583758,1.8545971,41.0691,6.790442e-05,12.938909,4.041687,3.222574,85.812744,2.0065122,0.020453667,0.002710544,0.18785252,2.5431666,0.012762678,0.0837703,0.011158025
1.1815325,0.00035506574,4.9899573,0.090057716,8.583736,1.8545959,41.06916,6.7904584e-05,12.938887,4.0416784,3.2225518,85.81216,2.0065277,0.02045377,0.0027105468,0.18785168,2.5431542,0.01276268,0.0837701,0.011158092
1.1815321,0.0003550665,4.9899044,0.09005767,8.583767,1.8545971,41.069073,6.7904344e-05,12.93892,4.0416913,3.2225811,85.81294,2.0065057,0.020453634,0.0027105436,0.18785281,2.5431721,0.0127626825,0.08377036,0.011158001
1.1815321,0.00035506647,4.989907,0.09005768,8.583765,1.8545971,41.06909,6.790437e-05,12.938914,4.0416927,3.22258,85.81294,2.0065067,0.020453643,0.0027105436,0.18785273,2.543171,0.01276268,0.08377032,0.011158009
1.1815321,0.00035506627,4.9899206,0.09005768,8.583758,1.8545971,41.0691,6.790442e-05,12.938914,4.041687,3.2225726,85.812744,2.0065122,0.020453673,0.0027105445,0.18785249,2.5431674,0.0127626825,0.083770275,0.011158027
1.1815321,0.00035506647,4.989907,0.09005767,8.583765,1.8545971,41.06908,6.790436e-05,12.93892,4.0416913,3.2225807,85.81294,2.0065067,0.020453637,0.0027105436,0.18785277,2.543171,0.01276268,0.08377035,0.0111580035
1.1815321,0.00035506638,4.9899135,0.09005769,8.583761,1.8545971,41.069096,6.7904395e-05,12.938914,4.0416884,3.2225776,85.81284,2.0065098,0.020453654,0.0027105438,0.18785264,2.5431683,0.012762678,0.08377031,0.0111580165
1.1815321,0.00035506647,4.989907,0.09005767,8.583765,1.8545971,41.06908,6.790436e-05,12.93892,4.0416913,3.2225807,85.81294,2.006507,0.020453637,0.0027105436,0.18785277,2.543171,0.01276268,0.08377035,0.011158005
1.1815325,0.00035506583,4.9899483,0.09005771,8.583739,1.8545959,41.06914,6.790454e-05,12.938892,4.04168,3.2225559,85.812355,2.0065246,0.02045375,0.0027105461,0.18785185,2.5431576,0.0127626825,0.08377013,0.011158076
1.1815321,0.00035506583,4.9899435,0.09005769,8.583743,1.8545959,41.069134,6.790452e-05,12.938898,4.0416813,3.222557,85.812355,2.0065222,0.020453738,0.0027105461,0.18785192,2.5431597,0.012762684,0.08377016,0.011158068
1.1815321,0.0003550661,4.9899344,0.09005769,8.583749,1.8545965,41.06912,6.7904475e-05,12.938904,4.041684,3.2225652,85.81255,2.006518,0.020453708,0.0027105454,0.18785219,2.5431623,0.0127626825,0.083770216,0.011158051
1.1815321,0.00035506583,4.989946,0.09005769,8.583741,1.8545959,41.069134,6.790453e-05,12.938898,4.04168,3.2225568,85.812355,2.0065234,0.020453744,0.0027105461,0.1878519,2.5431585,0.012762684,0.08377016,0.0111580705
1.1815321,0.00035506615,4.9899297,0.09005769,8.583753,1.8545965,41.06912,6.790446e-05,12.938904,4.041684,3.2225673,85.81255,2.0065167,0.020453699,0.002710545,0.18785226,2.543163,0.01276268,0.08377023,0.011158045
1.1815321,0.0003550667,4.9898973,0.09005768,8.583773,1.8545977,41.06907,6.790432e-05,12.93892,4.0416927,3.222588,85.81304,2.0065036,0.02045361,0.0027105426,0.18785301,2.5431726,0.012762673,0.0837704,0.011157988
1.1815325,0.00035506635,4.9899206,0.0900577,8.583758,1.8545971,41.06911,6.790444e-05,12.938909,4.041687,3.2225738,85.812645,2.0065136,0.020453675,0.002710544,0.18785244,2.5431645,0.012762675,0.083770275,0.011158032
1.1815325,0.0003550662,4.9899273,0.0900577,8.583755,1.8545971,41.06912,6.790445e-05,12.938904,4.0416856,3.22257,85.812645,2.0065155,0.020453688,0.0027105447,0.18785234,2.5431635,0.012762678,0.08377025,0.011158041
1.1815321,0.00035506615,4.9899273,0.09005769,8.583753,1.8545965,41.06911,6.790445e-05,12.938909,4.0416856,3.2225683,85.812645,2.0065153,0.020453695,0.0027105447,0.18785231,2.5431645,0.0127626825,0.083770245,0.011158041
1.1815321,0.00035506656,4.9899044,0.09005768,8.583767,1.8545977,41.06908,6.7904344e-05,12.93892,4.0416913,3.222583,85.81294,2.0065057,0.020453628,0.0027105433,0.18785284,2.5431716,0.012762678,0.08377037,0.011158001
1.1815321,0.00035506656,4.989902,0.09005768,8.583769,1.8545977,41.06908,6.7904344e-05,12.93892,4.0416913,3.2225838,85.81294,2.0065055,0.020453626,0.0027105433,0.18785287,2.5431716,0.012762678,0.08377037,0.011158
1.1815321,0.00035506632,4.989918,0.0900577,8.583758,1.8545971,41.069107,6.790442e-05,12.938909,4.0416884,3.2225745,85.812744,2.0065122,0.020453671,0.002710544,0.1878525,2.5431666,0.012762678,0.083770275,0.011158027
1.1815325,0.00035506638,4.989918,0.0900577,8.583759,1.8545971,41.069107,6.790442e-05,12.938909,4.0416884,3.2225752,85.812744,2.0065117,0.020453667,0.002710544,0.18785252,2.5431662,0.012762675,0.08377029,0.011158027
1.1815321,0.00035506618,4.9899297,0.09005769,8.583753,1.8545971,41.06911,6.790446e-05,12.938904,4.0416827,3.2225685,85.81255,2.006518,0.020453691,0.0027105447,0.18785231,2.5431619,0.012762678,0.08377026,0.0111580435
1.1815321,0.00035506618,4.9899297,0.09005769,8.583753,1.8545971,41.06911,6.790446e-05,12.938904,4.0416827,3.2225685,85.812645,2.0065176,0.020453691,0.002710545,0.18785231,2.5431623,0.012762678,0.08377026,0.0111580435
1.1815321,0.00035506635,4.989918,0.09005768,8.583758,1.8545977,41.069096,6.790442e-05,12.938909,4.0416856,3.2225752,85.812744,2.0065134,0.020453662,0.002710544,0.18785256,2.5431657,0.012762675,0.08377031,0.011158024
1.1815321,0.0003550665,4.989911,0.09005768,8.583763,1.8545977,41.069084,6.790437e-05,12.938914,4.041687,3.2225802,85.81284,2.0065098,0.020453641,0.0027105436,0.18785274,2.5431683,0.012762675,0.08377035,0.011158011
1.1815321,0.00035506664,4.9899044,0.09005767,8.583769,1.8545977,41.069073,6.790434e-05,12.93892,4.04169,3.2225852,85.81294,2.0065067,0.020453619,0.0027105429,0.18785292,2.5431705,0.012762675,0.083770394,0.011157996
1.1815321,0.00035506662,4.989907,0.09005767,8.583767,1.8545977,41.06908,6.7904344e-05,12.93892,4.0416884,3.2225838,85.81294,2.0065079,0.020453626,0.0027105433,0.18785284,2.5431695,0.012762673,0.08377039,0.011158003
1.1815321,0.00035506653,4.989911,0.09005768,8.583763,1.8545977,41.069084,6.790438e-05,12.938914,4.041687,3.2225807,85.81284,2.00651,0.02045364,0.0027105436,0.18785274,2.5431678,0.012762675,0.08377036,0.011158011
1.1815321,0.0003550665,4.9899135,0.09005768,8.583763,1.8545977,41.06909,6.790438e-05,12.938914,4.041687,3.22258,85.81284,2.0065105,0.020453641,0.0027105436,0.18785273,2.5431674,0.012762675,0.08377035,0.011158012
1.1815325,0.00035506528,4.9899807,0.0900577,8.583721,1.8545952,41.069176,6.790468e-05,12.938881,4.04167,3.2225363,85.81187,2.006538,0.020453831,0.002710549,0.18785113,2.5431478,0.012762689,0.08377,0.011158128
1.1815325,0.00035506577,4.989955,0.0900577,8.583736,1.8545965,41.06915,6.790458e-05,12.938892,4.0416756,3.2225533,85.812256,2.0065284,0.020453759,0.0027105468,0.18785173,2.5431542,0.0127626825,0.08377014,0.011158085
1.1815325,0.000355065,4.9899945,0.09005771,8.583713,1.8545946,41.069195,6.790474e-05,12.938875,4.041667,3.2225268,85.81167,2.0065434,0.020453872,0.00271055,0.1878508,2.543144,0.012762694,0.083769925,0.011158153
1.1815325,0.0003550661,4.989939,0.0900577,8.583747,1.8545971,41.069126,6.79045e-05,12.938898,4.04168,3.2225645,85.812454,2.0065215,0.020453712,0.0027105454,0.18785213,2.5431585,0.012762675,0.08377022,0.0111580575
1.1815325,0.00035506496,4.9899945,0.09005769,8.583713,1.8545946,41.06919,6.790474e-05,12.938875,4.041667,3.2225263,85.81167,2.006543,0.02045387,0.00271055,0.1878508,2.5431452,0.0127626965,0.08376993,0.011158151
1.1815325,0.0003550654,4.989976,0.09005771,8.583723,1.8545952,41.069176,6.7904664e-05,12.938881,4.04167,3.2225397,85.811966,2.006537,0.020453818,0.0027105485,0.18785124,2.5431478,0.012762684,0.08377004,0.011158123
1.1815325,0.000355065,4.9899945,0.0900577,8.583713,1.8545946,41.06919,6.790474e-05,12.938875,4.041667,3.222527,85.81167,2.006543,0.02045387,0.00271055,0.18785082,2.5431447,0.0127626965,0.08376993,0.011158151
1.1815325,0.00035506504,4.989992,0.0900577,8.5837145,1.8545946,41.06919,6.790472e-05,12.938875,4.041667,3.2225282,85.81177,2.0065422,0.020453865,0.00271055,0.18785088,2.5431452,0.012762694,0.08376995,0.011158147
1.1815325,0.00035506493,4.989997,0.0900577,8.583711,1.854594,41.069195,6.790475e-05,12.938875,4.0416656,3.2225242,85.81167,2.0065446,0.020453881,0.0027105506,0.18785073,2.5431435,0.0127626965,0.08376991,0.011158158
1.1815325,0.0003550654,4.989976,0.09005771,8.583723,1.8545952,41.069176,6.7904664e-05,12.938881,4.0416713,3.22254,85.811966,2.0065362,0.020453818,0.0027105485,0.18785127,2.5431483,0.012762684,0.08377004,0.011158121
1.1815321,0.00035506458,4.9900107,0.09005768,8.583703,1.8545934,41.069206,6.7904795e-05,12.938875,4.041664,3.2225144,85.81148,2.0065484,0.02045392,0.002710552,0.1878504,2.5431426,0.012762706,0.083769836,0.011158177
1.1815325,0.0003550654,4.989976,0.0900577,8.583725,1.8545952,41.069168,6.790466e-05,12.938881,4.0416713,3.2225404,85.811966,2.0065358,0.020453816,0.0027105485,0.18785128,2.543149,0.012762687,0.08377004,0.011158119
1.1815321,0.00035506577,4.9899435,0.09005767,8.583743,1.8545959,41.069122,6.7904504e-05,12.938904,4.0416813,3.2225568,85.812454,2.0065215,0.020453736,0.0027105466,0.18785194,2.5431607,0.012762692,0.08377017,0.011158065
1.1815321,0.00035506597,4.9899344,0.09005767,8.583749,1.8545965,41.06911,6.7904475e-05,12.938909,4.0416827,3.2225633,85.81255,2.006518,0.02045371,0.0027105457,0.18785216,2.5431635,0.012762687,0.083770216,0.011158049
1.1815321,0.00035506554,4.9899573,0.09005768,8.5837345,1.8545952,41.069138,6.790456e-05,12.938898,4.041677,3.222548,85.812256,2.0065265,0.020453773,0.0027105478,0.18785162,2.5431576,0.012762694,0.0837701,0.011158086
1.1815321,0.00035506615,4.989925,0.09005767,8.583755,1.8545971,41.0691,6.7904424e-05,12.938914,4.0416856,3.222569,85.812645,2.006514,0.020453684,0.002710545,0.18785237,2.5431662,0.012762684,0.08377027,0.011158032
1.1815321,0.0003550663,4.989909,0.09005764,8.583763,1.8545971,41.06907,6.7904344e-05,12.938926,4.0416913,3.2225769,85.81294,2.0065057,0.020453643,0.0027105445,0.18785271,2.5431733,0.012762692,0.083770335,0.0111580035
1.1815321,0.0003550663,4.9899135,0.09005767,8.583759,1.8545971,41.069084,6.790438e-05,12.938914,4.0416884,3.2225752,85.81284,2.0065098,0.020453658,0.0027105445,0.18785259,2.5431695,0.012762684,0.08377031,0.0111580165
1.1815321,0.0003550658,4.9899344,0.09005765,8.583749,1.8545959,41.0691,6.790445e-05,12.938914,4.0416856,3.2225602,85.81255,2.006516,0.020453714,0.0027105461,0.18785211,2.5431662,0.012762698,0.0837702,0.011158046
1.1815321,0.00035506563,4.989946,0.09005766,8.583741,1.8545959,41.069122,6.7904504e-05,12.938909,4.0416813,3.2225533,85.812454,2.0065215,0.020453747,0.002710547,0.18785186,2.5431623,0.012762698,0.08377014,0.011158067
1.1815321,0.00035506472,4.989999,0.09005767,8.583709,1.8545934,41.06919,6.790475e-05,12.938881,4.041667,3.2225192,85.81167,2.0065434,0.020453896,0.0027105515,0.1878506,2.5431461,0.012762706,0.08376987,0.011158161
1.1815321,0.00035506525,4.9899783,0.09005769,8.583723,1.8545946,41.069168,6.790466e-05,12.938887,4.0416727,3.222536,85.811966,2.0065355,0.02045383,0.002710549,0.18785116,2.5431504,0.012762694,0.08377,0.011158123
1.1815321,0.000355065,4.989985,0.09005768,8.583718,1.854594,41.069176,6.790469e-05,12.938887,4.0416713,3.2225292,85.81187,2.006538,0.020453857,0.00271055,0.18785095,2.5431495,0.012762701,0.08376995,0.011158137
1.1815321,0.00035506536,4.9899693,0.09005768,8.583727,1.8545952,41.06916,6.790462e-05,12.938892,4.041674,3.2225406,85.812065,2.0065315,0.020453809,0.0027105487,0.18785135,2.5431538,0.012762694,0.08377004,0.011158108
1.1815318,0.00035506635,4.9899044,0.09005764,8.583767,1.8545971,41.069065,6.790432e-05,12.938926,4.0416927,3.2225792,85.81304,2.0065043,0.020453634,0.002710544,0.1878528,2.5431747,0.012762692,0.08377036,0.011157996
1.1815321,0.00035506464,4.9900036,0.09005766,8.583707,1.8545934,41.06919,6.790476e-05,12.938881,4.041667,3.222516,85.81158,2.0065446,0.02045391,0.002710552,0.1878505,2.5431457,0.01276271,0.08376986,0.011158166
1.1815321,0.00035506632,4.9899206,0.09005768,8.583758,1.8545971,41.0691,6.790442e-05,12.938909,4.0416856,3.2225738,85.812744,2.0065134,0.020453667,0.0027105445,0.1878525,2.5431657,0.012762678,0.083770305,0.011158027
1.1815321,0.00035506632,4.9899206,0.09005768,8.583758,1.8545971,41.0691,6.790442e-05,12.938909,4.0416856,3.2225738,85.812744,2.0065129,0.020453667,0.0027105445,0.1878525,2.5431662,0.012762678,0.0837703,0.011158027
1.1815321,0.0003550663,4.9899206,0.09005768,8.583758,1.8545971,41.0691,6.790442e-05,12.938909,4.0416856,3.2225735,85.812744,2.0065134,0.020453671,0.0027105445,0.18785249,2.5431657,0.01276268,0.0837703,0.011158028
1.1815321,0.00035506632,4.9899206,0.09005768,8.583758,1.8545971,41.0691,6.790442e-05,12.938909,4.0416856,3.2225745,85.812744,2.0065134,0.020453665,0.002710544,0.18785252,2.5431657,0.012762678,0.083770305,0.011158025
1.1815321,0.00035506656,4.989907,0.09005768,8.583767,1.8545977,41.06908,6.790436e-05,12.93892,4.04169,3.222583,85.81294,2.0065074,0.020453628,0.0027105433,0.18785283,2.54317,0.012762675,0.08377037,0.011158003
1.1815321,0.00035506664,4.989902,0.09005767,8.583769,1.8545977,41.069073,6.790434e-05,12.93892,4.04169,3.2225854,85.81304,2.0065057,0.020453619,0.0027105429,0.18785292,2.543171,0.012762675,0.083770394,0.011157996
1.1815321,0.00035506656,4.9899135,0.09005769,8.583763,1.8545977,41.069096,6.7904395e-05,12.938914,4.041687,3.222581,85.81284,2.006511,0.020453641,0.0027105436,0.18785273,2.5431662,0.01276267,0.08377036,0.011158014
1.1815321,0.00035506664,4.989909,0.09005769,8.583765,1.8545983,41.069084,6.790437e-05,12.938914,4.041687,3.2225838,85.81294,2.0065093,0.02045363,0.0027105433,0.18785283,2.5431678,0.01276267,0.08377038,0.011158006
1.1815321,0.00035506638,4.9899135,0.09005767,8.583761,1.8545977,41.069084,6.790438e-05,12.938914,4.0416884,3.222577,85.81284,2.00651,0.02045365,0.002710544,0.18785265,2.5431688,0.01276268,0.083770335,0.011158014
1.1815321,0.0003550667,4.989895,0.09005766,8.583773,1.8545977,41.069065,6.79043e-05,12.938926,4.0416927,3.2225883,85.81314,2.0065024,0.020453604,0.0027105426,0.18785305,2.5431743,0.012762678,0.083770424,0.011157984
1.1815321,0.00035506664,4.9898996,0.09005767,8.583771,1.8545977,41.06907,6.790432e-05,12.93892,4.0416913,3.222586,85.81304,2.0065045,0.020453615,0.0027105429,0.18785293,2.5431721,0.012762678,0.083770394,0.011157992
1.1815321,0.0003550661,4.989937,0.0900577,8.583749,1.8545965,41.069122,6.79045e-05,12.938904,4.0416813,3.2225645,85.81255,2.0065198,0.020453712,0.0027105454,0.18785213,2.5431607,0.01276268,0.083770216,0.011158055
1.1815321,0.00035506682,4.9898906,0.09005766,8.583776,1.8545983,41.069057,6.7904286e-05,12.938926,4.0416927,3.222592,85.81314,2.0065012,0.020453589,0.0027105424,0.18785316,2.5431747,0.012762673,0.08377045,0.011157976
1.1815321,0.00035506688,4.989886,0.09005766,8.583778,1.8545983,41.069054,6.7904264e-05,12.938931,4.041694,3.2225945,85.81323,2.0064993,0.020453578,0.002710542,0.18785325,2.543176,0.012762673,0.08377047,0.011157969
1.1815321,0.00035506647,4.989911,0.09005768,8.583763,1.8545977,41.06909,6.790438e-05,12.938914,4.0416884,3.2225788,85.81284,2.0065098,0.020453649,0.0027105438,0.18785268,2.5431678,0.012762675,0.08377034,0.011158014
1.1815321,0.00035506638,4.989918,0.09005768,8.583759,1.8545971,41.069096,6.79044e-05,12.938909,4.0416856,3.2225757,85.812744,2.0065124,0.020453662,0.002710544,0.18785256,2.5431662,0.012762675,0.08377031,0.011158022
1.1815321,0.00035506618,4.9899273,0.09005769,8.583753,1.8545971,41.06911,6.790445e-05,12.938909,4.041684,3.2225688,85.812645,2.0065165,0.02045369,0.0027105447,0.18785232,2.5431635,0.01276268,0.08377026,0.011158041
1.1815325,0.00035506595,4.9899435,0.0900577,8.583743,1.8545965,41.069134,6.790452e-05,12.938898,4.04168,3.2225602,85.812454,2.006523,0.020453732,0.002710546,0.187852,2.543158,0.01276268,0.083770186,0.011158067
1.1815321,0.00035506612,4.989932,0.0900577,8.583751,1.8545971,41.06912,6.7904475e-05,12.938904,4.0416827,3.2225666,85.81255,2.0065184,0.0204537,0.002710545,0.18785223,2.5431614,0.012762678,0.083770245,0.011158049
1.1815325,0.00035506554,4.9899645,0.0900577,8.583731,1.8545959,41.069153,6.790461e-05,12.938892,4.041674,3.2225459,85.81216,2.0065308,0.020453788,0.0027105478,0.1878515,2.5431533,0.012762687,0.08377008,0.011158102
1.1815325,0.00035506563,4.9899597,0.0900577,8.583733,1.8545959,41.069153,6.79046e-05,12.938892,4.0416756,3.2225482,85.81216,2.0065296,0.02045378,0.002710547,0.18785156,2.5431538,0.012762684,0.0837701,0.011158097
1.1815321,0.00035506638,4.989916,0.09005768,8.583761,1.8545971,41.069096,6.7904395e-05,12.938914,4.041687,3.2225769,85.81284,2.006511,0.020453658,0.002710544,0.1878526,2.5431674,0.012762678,0.08377032,0.011158019
1.1815321,0.0003550662,4.989925,0.09005769,8.583755,1.8545971,41.069107,6.790444e-05,12.938909,4.041684,3.2225707,85.812645,2.0065153,0.020453684,0.0027105447,0.18785237,2.543164,0.012762678,0.08377027,0.011158036
1.1815321,0.00035506635,4.989916,0.09005768,8.583759,1.8545971,41.069096,6.79044e-05,12.938914,4.041687,3.222576,85.81284,2.0065112,0.02045366,0.002710544,0.18785259,2.5431674,0.012762678,0.08377032,0.011158019
1.1815321,0.0003550644,4.9900174,0.09005767,8.583698,1.8545928,41.069214,6.790482e-05,12.938869,4.041662,3.2225082,85.81138,2.0065498,0.020453945,0.002710553,0.18785022,2.5431414,0.012762713,0.08376979,0.01115819
1.1815325,0.00035506493,4.989997,0.0900577,8.583713,1.854594,41.069195,6.790475e-05,12.938875,4.041667,3.222525,85.81167,2.0065434,0.020453881,0.0027105506,0.18785074,2.5431447,0.0127626965,0.0837699,0.011158156
1.1815321,0.00035506382,4.990041,0.09005765,8.583683,1.8545916,41.06924,6.790492e-05,12.938864,4.041658,3.222489,85.81109,2.0065584,0.020454025,0.002710556,0.18784955,2.543137,0.012762727,0.08376963,0.011158233
1.1815321,0.00035506432,4.9900246,0.09005768,8.583694,1.8545928,41.06922,6.790485e-05,12.938864,4.041661,3.2225041,85.81128,2.0065527,0.020453965,0.0027105536,0.18785003,2.5431392,0.012762713,0.083769746,0.011158202
1.1815321,0.00035506606,4.989932,0.09005769,8.583749,1.8545965,41.06912,6.7904475e-05,12.938904,4.041684,3.2225647,85.81255,2.0065176,0.020453708,0.0027105454,0.18785219,2.543163,0.012762684,0.083770216,0.011158049
1.1815321,0.0003550644,4.9900174,0.09005768,8.583696,1.8545928,41.069218,6.790483e-05,12.938869,4.041662,3.2225075,85.81138,2.006551,0.02045395,0.0027105531,0.18785018,2.5431404,0.01276271,0.083769776,0.011158193
1.1815321,0.00035506376,4.990043,0.09005764,8.583681,1.854591,41.06924,6.790492e-05,12.938864,4.041658,3.2224874,85.81109,2.0065584,0.02045403,0.0027105561,0.1878495,2.543137,0.012762732,0.08376962,0.011158235
1.1815321,0.00035506382,4.990041,0.09005765,8.583683,1.8545916,41.06924,6.790491e-05,12.938864,4.041658,3.222489,85.81109,2.0065582,0.020454025,0.002710556,0.18784958,2.5431376,0.012762727,0.08376963,0.011158231
1.1815321,0.00035506376,4.990043,0.09005764,8.583681,1.854591,41.06924,6.790492e-05,12.938864,4.041658,3.222487,85.81109,2.0065584,0.020454032,0.0027105561,0.1878495,2.5431376,0.012762732,0.08376962,0.011158235
1.1815321,0.00035506385,4.990041,0.09005765,8.583683,1.8545916,41.069233,6.790491e-05,12.938864,4.041658,3.2224898,85.81109,2.0065582,0.020454023,0.0027105557,0.1878496,2.543137,0.012762727,0.083769634,0.011158231
1.1815321,0.00035506362,4.9900475,0.090057634,8.583678,1.8545903,41.069244,6.790494e-05,12.938864,4.041658,3.2224824,85.81099,2.00656,0.020454051,0.0027105568,0.18784936,2.5431366,0.0127627365,0.08376958,0.011158246
1.1815321,0.00035506627,4.9899206,0.09005767,8.583758,1.8545971,41.069096,6.79044e-05,12.938914,4.041687,3.2225726,85.812744,2.0065117,0.020453671,0.0027105445,0.18785249,2.5431678,0.012762684,0.08377029,0.011158025
1.1815321,0.0003550662,4.9899206,0.09005768,8.583756,1.8545971,41.0691,6.790442e-05,12.938914,4.041687,3.2225716,85.812744,2.0065124,0.020453675,0.0027105447,0.18785244,2.5431666,0.012762684,0.083770275,0.011158028
1.1815321,0.0003550662,4.989925,0.09005768,8.583755,1.8545971,41.069107,6.7904424e-05,12.938909,4.041687,3.2225704,85.812645,2.0065136,0.020453682,0.0027105447,0.1878524,2.5431657,0.0127626825,0.08377026,0.011158033
1.1815321,0.0003550637,4.990043,0.09005764,8.583681,1.854591,41.06924,6.790493e-05,12.938864,4.041658,3.222486,85.81099,2.006559,0.020454038,0.0027105566,0.18784946,2.543137,0.012762732,0.08376961,0.011158238
1.1815321,0.0003550663,4.989916,0.09005767,8.583759,1.8545971,41.06909,6.7904395e-05,12.938914,4.0416884,3.2225747,85.81284,2.00651,0.020453662,0.002710544,0.18785258,2.5431688,0.012762684,0.083770305,0.011158019
1.1815321,0.0003550661,4.989932,0.09005768,8.583751,1.8545965,41.06911,6.790446e-05,12.938909,4.041684,3.2225657,85.81255,2.0065167,0.020453703,0.0027105454,0.18785223,2.5431635,0.012762684,0.08377022,0.011158046
1.1815321,0.00035506382,4.990041,0.09005765,8.583683,1.854591,41.06924,6.790492e-05,12.938864,4.041658,3.2224889,85.81109,2.0065582,0.020454025,0.002710556,0.18784955,2.543137,0.012762729,0.08376963,0.011158233
1.1815321,0.00035506606,4.9899344,0.09005769,8.583749,1.8545965,41.06912,6.7904475e-05,12.938904,4.041684,3.2225647,85.81255,2.0065176,0.020453708,0.0027105454,0.18785219,2.543163,0.012762684,0.083770216,0.011158049
1.1815321,0.00035506635,4.9899135,0.09005768,8.583761,1.8545971,41.06909,6.7904395e-05,12.938914,4.0416884,3.2225761,85.81284,2.00651,0.020453658,0.002710544,0.1878526,2.5431683,0.01276268,0.083770305,0.011158017
1.1815321,0.00035506376,4.990043,0.09005764,8.583681,1.854591,41.06924,6.790492e-05,12.938864,4.041658,3.2224874,85.81109,2.0065584,0.02045403,0.0027105561,0.1878495,2.543137,0.012762729,0.08376962,0.011158235
1.1815321,0.0003550637,4.990045,0.09005764,8.58368,1.854591,41.06924,6.790493e-05,12.938864,4.041658,3.2224855,85.81099,2.0065594,0.02045404,0.0027105566,0.18784945,2.543137,0.012762732,0.083769605,0.011158239
1.1815321,0.00035506365,4.990045,0.090057634,8.58368,1.854591,41.06924,6.790493e-05,12.938864,4.041658,3.2224846,85.81099,2.0065594,0.020454042,0.0027105566,0.18784942,2.543137,0.012762734,0.08376959,0.011158241
1.1815321,0.00035506365,4.990045,0.09005764,8.58368,1.854591,41.069244,6.790493e-05,12.938864,4.041658,3.2224839,85.81099,2.0065596,0.020454044,0.0027105566,0.18784939,2.543137,0.012762734,0.08376958,0.011158242
1.1815321,0.00035506376,4.990043,0.09005764,8.583681,1.854591,41.06924,6.790492e-05,12.938864,4.041658,3.2224867,85.81099,2.006559,0.020454032,0.0027105561,0.18784948,2.543137,0.012762732,0.08376961,0.011158236
1.1815321,0.00035506656,4.9899044,0.09005767,8.583767,1.8545977,41.06908,6.7904344e-05,12.93892,4.0416913,3.2225828,85.81294,2.0065067,0.02045363,0.0027105433,0.18785283,2.5431705,0.012762678,0.08377036,0.011158003
1.1815321,0.00035506656,4.989907,0.09005768,8.583767,1.8545977,41.06908,6.7904344e-05,12.93892,4.04169,3.2225823,85.81294,2.0065067,0.02045363,0.0027105433,0.18785283,2.5431705,0.012762678,0.08377036,0.011158003
1.1815321,0.00035506685,4.989888,0.09005766,8.583778,1.8545983,41.069054,6.7904264e-05,12.938931,4.0416956,3.2225933,85.81323,2.0064988,0.020453582,0.0027105424,0.18785323,2.543177,0.012762678,0.08377045,0.011157971
1.1815321,0.00035506618,4.989925,0.09005768,8.583755,1.8545965,41.0691,6.7904424e-05,12.938909,4.041687,3.2225697,85.812645,2.0065136,0.020453684,0.0027105447,0.1878524,2.5431657,0.012762684,0.08377026,0.011158033
1.1815321,0.00035506615,4.989925,0.09005768,8.583755,1.8545965,41.069107,6.790444e-05,12.938909,4.0416856,3.222569,85.812645,2.0065143,0.020453686,0.0027105447,0.18785235,2.5431657,0.012762684,0.08377026,0.011158035
1.1815321,0.00035506315,4.990059,0.0900576,8.583671,1.8545897,41.06924,6.790498e-05,12.938864,4.041655,3.2224705,85.81079,2.0065632,0.020454092,0.002710559,0.18784899,2.543137,0.012762752,0.083769515,0.011158263
1.1815321,0.0003550636,4.9900475,0.09005763,8.583678,1.8545903,41.06924,6.790493e-05,12.938864,4.041658,3.2224817,85.81099,2.00656,0.020454051,0.002710557,0.18784934,2.543137,0.012762738,0.08376958,0.011158244
1.1815321,0.0003550663,4.989916,0.09005767,8.583759,1.8545971,41.06909,6.7904395e-05,12.938914,4.0416884,3.222574,85.81284,2.0065105,0.020453662,0.0027105445,0.18785256,2.5431688,0.012762684,0.083770305,0.011158019
1.1815325,0.00035506507,4.9899874,0.0900577,8.583716,1.8545946,41.069187,6.7904715e-05,12.938881,4.04167,3.22253,85.81177,2.0065398,0.020453857,0.0027105499,0.18785092,2.5431473,0.012762694,0.08376995,0.011158142
1.1815321,0.00035506664,4.9898996,0.09005767,8.583771,1.8545977,41.069073,6.790432e-05,12.93892,4.0416913,3.222586,85.81304,2.0065045,0.020453617,0.0027105429,0.18785293,2.5431721,0.012762675,0.08377039,0.011157993
1.1815321,0.0003550658,4.989946,0.09005769,8.583741,1.8545959,41.069134,6.790453e-05,12.938898,4.0416813,3.222556,85.812355,2.006523,0.020453745,0.0027105466,0.18785188,2.5431592,0.012762687,0.08377014,0.011158072
1.1815325,0.00035506522,4.9899807,0.0900577,8.583721,1.8545946,41.069176,6.7904664e-05,12.938881,4.0416727,3.2225347,85.81187,2.0065362,0.020453837,0.0027105492,0.18785112,2.54315,0.012762694,0.08376998,0.011158129
1.1815321,0.0003550637,4.990045,0.09005764,8.58368,1.854591,41.06924,6.790493e-05,12.938864,4.041658,3.2224858,85.81099,2.0065594,0.020454038,0.0027105561,0.18784946,2.543137,0.012762732,0.08376961,0.011158238
1.1815321,0.0003550662,4.989923,0.09005768,8.583756,1.8545971,41.0691,6.790442e-05,12.938914,4.041687,3.2225714,85.812744,2.0065124,0.020453677,0.0027105447,0.18785243,2.5431666,0.012762684,0.08377027,0.01115803
1.1815321,0.00035506368,4.990045,0.09005764,8.58368,1.854591,41.06924,6.790493e-05,12.938864,4.041658,3.2224848,85.81099,2.0065596,0.020454042,0.0027105566,0.18784943,2.5431366,0.012762732,0.08376959,0.011158241
1.1815321,0.0003550636,4.9900475,0.09005763,8.583678,1.854591,41.069233,6.790493e-05,12.938864,4.041658,3.2224824,85.81099,2.0065596,0.02045405,0.002710557,0.18784936,2.5431376,0.012762738,0.08376959,0.011158242
1.1815321,0.00035506368,4.990045,0.09005764,8.58368,1.854591,41.06924,6.790493e-05,12.938864,4.041658,3.2224846,85.81099,2.0065596,0.020454042,0.0027105566,0.18784942,2.5431366,0.012762732,0.083769605,0.011158241
1.1815321,0.00035506336,4.990052,0.090057604,8.583674,1.8545903,41.069233,6.790494e-05,12.938864,4.0416565,3.2224767,85.81089,2.0065608,0.020454068,0.002710558,0.1878492,2.5431376,0.012762746,0.08376956,0.011158251
1.1815325,0.000355065,4.989992,0.0900577,8.5837145,1.854594,41.06919,6.790472e-05,12.938875,4.0416684,3.222527,85.81177,2.0065413,0.020453872,0.00271055,0.18785082,2.5431461,0.0127626965,0.08376991,0.011158151
1.1815321,0.0003550637,4.990045,0.09005764,8.583681,1.854591,41.06924,6.790492e-05,12.938864,4.041658,3.222486,85.81099,2.0065594,0.020454036,0.0027105561,0.18784946,2.543137,0.012762732,0.08376962,0.011158236
1.1815321,0.0003550662,4.989923,0.09005768,8.583756,1.8545971,41.0691,6.790442e-05,12.938909,4.041687,3.2225716,85.812744,2.0065129,0.020453677,0.0027105445,0.18785244,2.5431666,0.0127626825,0.08377027,0.01115803
1.1815321,0.00035506618,4.989925,0.09005768,8.583755,1.8545965,41.069107,6.7904424e-05,12.938909,4.041687,3.22257,85.812645,2.006514,0.020453684,0.0027105447,0.1878524,2.5431657,0.0127626825,0.08377026,0.011158033
1.1815321,0.00035506656,4.9899044,0.09005767,8.583769,1.8545977,41.069073,6.790434e-05,12.93892,4.0416913,3.2225838,85.81294,2.0065055,0.020453624,0.0027105433,0.18785289,2.5431716,0.012762678,0.08377037,0.011157998
1.1815321,0.00035506656,4.9899044,0.09005767,8.583767,1.8545977,41.069073,6.7904344e-05,12.93892,4.0416913,3.222583,85.81294,2.0065057,0.020453626,0.0027105433,0.18785284,2.5431716,0.012762678,0.08377037,0.011158
1.1815321,0.00035506592,4.989939,0.09005769,8.583745,1.8545965,41.069122,6.79045e-05,12.938904,4.0416827,3.2225604,85.812454,2.0065203,0.020453725,0.002710546,0.18785204,2.5431614,0.012762684,0.083770186,0.011158059
1.1815321,0.00035506397,4.990036,0.09005765,8.583685,1.8545916,41.069233,6.79049e-05,12.938864,4.0416594,3.2224932,85.81118,2.0065565,0.020454006,0.0027105552,0.1878497,2.543138,0.012762724,0.083769664,0.011158222
1.1815321,0.00035506382,4.9900384,0.09005764,8.583683,1.8545916,41.069233,6.790491e-05,12.938864,4.041658,3.2224898,85.81109,2.0065575,0.02045402,0.002710556,0.1878496,2.5431376,0.012762729,0.08376965,0.011158228
1.1815321,0.00035506388,4.9900384,0.09005765,8.583685,1.8545916,41.069233,6.79049e-05,12.938864,4.0416594,3.222492,85.81109,2.006557,0.020454014,0.0027105552,0.18784967,2.543138,0.012762727,0.08376966,0.011158225
1.1815321,0.00035506656,4.9899044,0.09005767,8.583767,1.8545977,41.069073,6.790434e-05,12.93892,4.0416913,3.2225833,85.81294,2.0065055,0.020453626,0.0027105433,0.18785287,2.5431716,0.012762678,0.08377037,0.011157998
1.1815321,0.00035506647,4.989911,0.09005768,8.583763,1.8545971,41.06909,6.790438e-05,12.938914,4.0416884,3.222579,85.81284,2.0065088,0.020453647,0.0027105438,0.18785271,2.5431688,0.012762678,0.083770335,0.011158012
1.1815321,0.00035506592,4.9899435,0.09005769,8.583743,1.8545971,41.069126,6.790452e-05,12.938898,4.0416784,3.22256,85.812454,2.0065234,0.020453727,0.002710546,0.18785197,2.5431585,0.0127626825,0.08377021,0.011158064
1.1815321,0.00035506647,4.9899135,0.09005768,8.583761,1.8545977,41.069084,6.7904395e-05,12.938914,4.0416856,3.2225797,85.81284,2.0065112,0.020453643,0.0027105436,0.18785268,2.5431666,0.012762675,0.08377037,0.011158014
1.1815321,0.00035506615,4.9899344,0.09005769,8.583749,1.8545977,41.06912,6.790448e-05,12.938904,4.0416784,3.2225673,85.81255,2.0065207,0.020453697,0.002710545,0.18785223,2.5431592,0.012762675,0.083770275,0.011158048
1.1815321,0.00035506635,4.989923,0.09005768,8.583758,1.8545977,41.069096,6.7904424e-05,12.938909,4.0416827,3.2225752,85.812744,2.0065153,0.020453662,0.002710544,0.18785252,2.5431635,0.012762675,0.08377034,0.011158025
1.1815321,0.0003550662,4.9899297,0.09005769,8.583753,1.8545977,41.06911,6.790446e-05,12.938904,4.04168,3.22257,85.812645,2.0065186,0.020453686,0.0027105447,0.18785232,2.5431607,0.012762675,0.0837703,0.011158041
1.1815321,0.00035506635,4.989923,0.09005768,8.583756,1.8545977,41.0691,6.7904424e-05,12.938909,4.0416827,3.2225747,85.812744,2.0065153,0.020453664,0.002710544,0.1878525,2.5431635,0.012762675,0.083770335,0.011158027
1.1815321,0.00035506504,4.989992,0.09005769,8.5837145,1.8545952,41.069187,6.790472e-05,12.938875,4.0416656,3.2225285,85.81177,2.006543,0.020453861,0.00271055,0.18785086,2.5431447,0.012762694,0.08376996,0.011158147
1.1815321,0.00035506635,4.989923,0.09005769,8.583758,1.8545977,41.0691,6.7904424e-05,12.938909,4.0416827,3.222575,85.812744,2.0065153,0.020453665,0.002710544,0.1878525,2.5431635,0.012762673,0.08377032,0.011158028
1.1815321,0.00035506638,4.9899206,0.09005768,8.583758,1.8545977,41.069096,6.790442e-05,12.938909,4.0416827,3.222576,85.812744,2.0065148,0.02045366,0.002710544,0.18785253,2.543164,0.012762673,0.08377034,0.011158025
1.1815321,0.00035506632,4.989923,0.09005768,8.583756,1.8545977,41.0691,6.7904424e-05,12.938909,4.0416827,3.222574,85.812744,2.0065153,0.020453667,0.0027105445,0.18785249,2.5431635,0.012762675,0.08377032,0.011158028
1.1815321,0.0003550638,4.9900384,0.090057634,8.583683,1.8545916,41.06922,6.79049e-05,12.938869,4.041658,3.222489,85.81109,2.0065575,0.02045402,0.002710556,0.1878496,2.5431387,0.012762732,0.08376966,0.011158228
1.1815321,0.00035506638,4.9899206,0.09005769,8.583758,1.8545977,41.069096,6.7904424e-05,12.938909,4.0416827,3.2225757,85.812744,2.0065148,0.020453662,0.002710544,0.18785253,2.5431635,0.012762673,0.08377034,0.011158027
1.1815321,0.00035506615,4.989937,0.0900577,8.583749,1.8545977,41.06912,6.790448e-05,12.938904,4.0416784,3.2225673,85.81255,2.006521,0.020453699,0.002710545,0.1878522,2.5431592,0.012762675,0.08377027,0.011158051
1.1815325,0.00035506528,4.9899807,0.0900577,8.583721,1.8545952,41.069176,6.790468e-05,12.938881,4.04167,3.2225363,85.81187,2.0065374,0.020453831,0.002710549,0.18785113,2.5431478,0.012762689,0.08377001,0.011158128
1.1815321,0.00035506627,4.989925,0.09005769,8.583755,1.8545977,41.069107,6.790444e-05,12.938909,4.0416827,3.2225718,85.812645,2.0065167,0.020453677,0.0027105445,0.18785241,2.543163,0.012762675,0.083770305,0.011158033
1.1815321,0.00035506554,4.989967,0.09005769,8.583729,1.8545959,41.069153,6.790461e-05,12.938887,4.0416713,3.2225456,85.812065,2.0065327,0.020453788,0.0027105478,0.18785147,2.5431516,0.012762687,0.083770104,0.011158102
1.1815321,0.00035506522,4.9899807,0.09005769,8.583721,1.8545952,41.069168,6.790468e-05,12.938881,4.0416684,3.2225351,85.81187,2.006538,0.020453833,0.0027105492,0.18785112,2.5431483,0.012762692,0.083770014,0.011158128
1.1815321,0.00035506446,4.990015,0.09005768,8.5837,1.8545934,41.069214,6.790482e-05,12.938869,4.041662,3.2225096,85.81138,2.0065503,0.020453941,0.0027105527,0.18785024,2.543141,0.012762709,0.083769806,0.01115819
1.1815321,0.0003550663,4.9899273,0.09005769,8.583755,1.8545977,41.069107,6.790445e-05,12.938904,4.0416813,3.222572,85.812645,2.0065172,0.020453677,0.0027105445,0.18785241,2.5431623,0.012762673,0.0837703,0.011158036
1.1815321,0.00035506705,4.989872,0.09005764,8.583787,1.8545983,41.06903,6.7904206e-05,12.938937,4.0416985,3.2226017,85.81343,2.0064929,0.020453548,0.0027105415,0.18785353,2.5431807,0.012762675,0.08377052,0.011157947
1.1815321,0.0003550665,4.989911,0.09005769,8.583763,1.8545977,41.06909,6.790438e-05,12.938914,4.0416884,3.2225797,85.81284,2.00651,0.020453647,0.0027105436,0.18785271,2.5431674,0.012762675,0.08377034,0.011158014
1.1815321,0.00035506673,4.989888,0.09005765,8.583776,1.8545977,41.069054,6.790428e-05,12.938931,4.0416956,3.2225912,85.81314,2.0064993,0.020453589,0.0027105426,0.18785317,2.543177,0.01276268,0.08377044,0.011157974
1.1815321,0.00035506688,4.989881,0.09005765,8.583781,1.8545983,41.069042,6.790424e-05,12.938931,4.0416956,3.2225957,85.81323,2.006497,0.020453569,0.002710542,0.18785332,2.5431786,0.012762678,0.083770484,0.011157961
1.1815321,0.00035506595,4.989939,0.09005769,8.583747,1.8545965,41.069122,6.79045e-05,12.938904,4.0416827,3.2225606,85.812454,2.0065198,0.020453723,0.002710546,0.18785207,2.5431614,0.012762687,0.083770186,0.0111580575
1.1815321,0.00035506612,4.9899297,0.09005768,8.583753,1.8545971,41.06911,6.790445e-05,12.938909,4.041684,3.2225676,85.812645,2.006516,0.020453695,0.002710545,0.18785231,2.543164,0.0127626825,0.08377025,0.011158041
1.1815325,0.00035506592,4.9899507,0.09005771,8.583739,1.8545965,41.06914,6.7904555e-05,12.938892,4.041677,3.2225573,85.812355,2.0065265,0.020453745,0.0027105461,0.18785186,2.543155,0.012762678,0.08377017,0.011158079
1.1815325,0.00035506554,4.989967,0.0900577,8.583731,1.8545959,41.06916,6.790461e-05,12.938887,4.041674,3.2225451,85.81216,2.0065315,0.020453792,0.0027105478,0.18785147,2.5431528,0.012762687,0.083770074,0.011158104
1.1815321,0.00035506577,4.989953,0.09005769,8.583738,1.8545965,41.069138,6.7904555e-05,12.938892,4.041677,3.222554,85.812256,2.0065262,0.020453755,0.0027105466,0.18785179,2.5431564,0.012762684,0.08377015,0.011158079
1.1815325,0.00035506563,4.989962,0.0900577,8.583733,1.8545959,41.06915,6.79046e-05,12.938892,4.041674,3.2225487,85.81216,2.00653,0.020453777,0.0027105475,0.1878516,2.5431533,0.012762684,0.083770104,0.011158095
1.1815325,0.00035506557,4.989967,0.09005771,8.583731,1.8545959,41.069164,6.790462e-05,12.938887,4.0416727,3.222546,85.812065,2.0065327,0.020453794,0.0027105475,0.18785146,2.5431511,0.0127626825,0.08377008,0.011158107
1.1815321,0.00035506592,4.9899435,0.09005769,8.583743,1.8545965,41.069126,6.790452e-05,12.938898,4.0416784,3.2225592,85.812454,2.0065234,0.020453732,0.002710546,0.18785197,2.543158,0.0127626825,0.083770186,0.011158068
1.1815321,0.00035506563,4.9899597,0.09005769,8.5837345,1.8545959,41.06914,6.790458e-05,12.938892,4.0416756,3.222549,85.812256,2.0065289,0.020453773,0.0027105475,0.18785162,2.543155,0.012762687,0.083770104,0.011158091
1.1815321,0.00035506583,4.9899483,0.09005769,8.583741,1.8545965,41.069134,6.790453e-05,12.938898,4.0416784,3.222557,85.812355,2.0065246,0.02045374,0.0027105461,0.18785188,2.5431576,0.0127626825,0.08377018,0.011158072
1.1815321,0.00035506595,4.989941,0.09005769,8.583745,1.8545965,41.069126,6.7904504e-05,12.938898,4.04168,3.2225606,85.812454,2.0065227,0.020453725,0.002710546,0.18785201,2.5431592,0.0127626825,0.08377021,0.011158064
1.1815321,0.000355066,4.989941,0.0900577,8.583745,1.8545971,41.069126,6.7904504e-05,12.938898,4.04168,3.2225626,85.812454,2.0065222,0.020453721,0.0027105457,0.18785207,2.5431585,0.012762678,0.083770216,0.011158061
1.1815321,0.0003550645,4.990013,0.09005767,8.5837,1.8545934,41.069206,6.79048e-05,12.938875,4.041664,3.2225108,85.81148,2.006549,0.020453934,0.0027105527,0.18785031,2.5431426,0.01276271,0.083769806,0.011158182
1.1815321,0.000355065,4.9899874,0.09005768,8.583716,1.8545946,41.06918,6.79047e-05,12.938881,4.0416684,3.222529,85.81177,2.0065398,0.02045386,0.00271055,0.1878509,2.5431478,0.012762698,0.083769955,0.01115814
1.1815321,0.0003550649,4.989992,0.09005767,8.5837145,1.854594,41.06918,6.7904715e-05,12.938881,4.0416684,3.2225258,85.81177,2.006541,0.02045387,0.0027105506,0.18785082,2.5431478,0.012762704,0.08376993,0.011158145
1.1815321,0.00035506475,4.989999,0.09005768,8.583709,1.854594,41.06919,6.790475e-05,12.938875,4.041667,3.2225206,85.81167,2.006544,0.020453895,0.002710551,0.18785062,2.5431452,0.012762706,0.08376988,0.011158161
1.1815321,0.00035506435,4.99002,0.09005766,8.583696,1.8545928,41.069214,6.790483e-05,12.938869,4.041661,3.2225068,85.81138,2.006551,0.020453952,0.0027105531,0.18785015,2.543141,0.012762713,0.08376978,0.011158193
1.1815321,0.00035506496,4.989992,0.09005768,8.5837145,1.854594,41.069187,6.7904715e-05,12.938881,4.0416684,3.2225268,85.81177,2.006541,0.020453868,0.0027105506,0.18785083,2.5431473,0.012762701,0.08376993,0.011158147
1.1815321,0.00035506472,4.990001,0.09005768,8.583707,1.8545934,41.06919,6.790476e-05,12.938875,4.0416656,3.222519,85.81167,2.0065446,0.020453898,0.0027105515,0.18785058,2.5431452,0.012762706,0.08376987,0.011158164
1.1815321,0.0003550641,4.990029,0.09005766,8.583691,1.8545922,41.06922,6.790486e-05,12.938869,4.0416594,3.222499,85.81128,2.0065541,0.020453982,0.0027105545,0.18784988,2.5431392,0.01276272,0.08376972,0.011158209
1.1815321,0.00035506435,4.99002,0.09005766,8.583696,1.8545928,41.069214,6.790483e-05,12.938869,4.041662,3.2225063,85.81138,2.0065508,0.020453952,0.0027105531,0.18785015,2.5431414,0.012762715,0.083769776,0.011158193
1.1815321,0.00035506458,4.9900107,0.09005767,8.583703,1.8545934,41.069202,6.7904795e-05,12.938875,4.041664,3.222514,85.81148,2.0065477,0.020453922,0.0027105522,0.1878504,2.543143,0.012762709,0.083769836,0.011158177
1.1815321,0.00035506417,4.990029,0.09005767,8.583691,1.8545922,41.06922,6.790486e-05,12.938864,4.0416594,3.2225,85.81128,2.0065546,0.02045398,0.002710554,0.18784992,2.5431387,0.012762718,0.08376973,0.011158209
1.1815325,0.000355065,4.989992,0.09005769,8.5837145,1.8545946,41.069187,6.790472e-05,12.938881,4.0416684,3.2225275,85.81177,2.0065413,0.020453867,0.00271055,0.18785083,2.5431461,0.0127626965,0.08376993,0.011158147
1.1815321,0.00035506504,4.9899874,0.09005768,8.583716,1.8545946,41.069176,6.790469e-05,12.938881,4.04167,3.22253,85.81187,2.006539,0.020453855,0.0027105499,0.18785095,2.5431483,0.012762698,0.08376996,0.011158138
1.1815321,0.00035506385,4.990041,0.09005765,8.583683,1.8545916,41.069233,6.790491e-05,12.938864,4.041658,3.22249,85.81109,2.0065582,0.02045402,0.0027105557,0.1878496,2.543137,0.012762727,0.08376965,0.011158231
1.1815321,0.00035506478,4.989999,0.09005768,8.583709,1.854594,41.06919,6.790475e-05,12.938875,4.041667,3.2225218,85.81167,2.0065436,0.02045389,0.002710551,0.18785065,2.5431452,0.012762704,0.08376989,0.011158159
1.1815321,0.00035506504,4.989985,0.09005768,8.583718,1.8545946,41.069176,6.790469e-05,12.938881,4.04167,3.2225301,85.81187,2.0065386,0.020453854,0.0027105499,0.18785097,2.543149,0.012762701,0.08376996,0.011158137
1.1815321,0.00035506402,4.9900312,0.09005765,8.583689,1.8545922,41.06923,6.7904875e-05,12.938869,4.0416594,3.2224967,85.81118,2.006555,0.020453993,0.0027105547,0.18784982,2.5431387,0.012762723,0.083769694,0.011158215
1.1815321,0.0003550638,4.990041,0.09005764,8.583683,1.8545916,41.069233,6.790491e-05,12.938864,4.041658,3.222489,85.81109,2.0065577,0.020454023,0.002710556,0.18784958,2.5431376,0.012762729,0.08376965,0.011158231
1.1815321,0.00035506597,4.989932,0.09005766,8.583749,1.8545965,41.069107,6.790445e-05,12.938909,4.0416827,3.2225645,85.81255,2.0065172,0.020453703,0.0027105457,0.1878522,2.543164,0.012762689,0.083770245,0.011158043
1.1815321,0.00035506458,4.990006,0.09005767,8.583705,1.8545934,41.069195,6.790477e-05,12.938875,4.0416656,3.2225149,85.81158,2.0065455,0.020453915,0.0027105522,0.18785046,2.5431447,0.01276271,0.08376984,0.011158171
1.1815321,0.00035506548,4.989962,0.09005768,8.583733,1.8545959,41.06915,6.7904584e-05,12.938892,4.0416756,3.2225459,85.81216,2.0065293,0.020453785,0.002710548,0.18785153,2.543155,0.012762692,0.08377009,0.011158095
1.1815321,0.0003550663,4.989916,0.09005766,8.583759,1.8545971,41.06908,6.790438e-05,12.93892,4.041687,3.2225757,85.81284,2.00651,0.020453654,0.0027105445,0.18785259,2.5431695,0.012762684,0.083770335,0.011158014
1.1815321,0.0003550659,4.989941,0.09005768,8.583743,1.8545965,41.069122,6.7904504e-05,12.938904,4.0416813,3.2225592,85.812454,2.006521,0.02045373,0.0027105461,0.187852,2.5431607,0.012762687,0.083770186,0.011158061
1.1815321,0.00035506627,4.989916,0.09005766,8.583759,1.8545971,41.069084,6.7904395e-05,12.938914,4.041687,3.2225745,85.81284,2.006511,0.02045366,0.0027105445,0.18785256,2.5431688,0.012762684,0.08377032,0.0111580165
1.1815321,0.00035506592,4.989941,0.09005768,8.583745,1.8545965,41.069122,6.79045e-05,12.938904,4.0416813,3.22256,85.812454,2.006521,0.020453725,0.0027105461,0.18785203,2.5431607,0.012762687,0.0837702,0.011158059
1.1815321,0.0003550662,4.989918,0.09005766,8.583758,1.8545971,41.069084,6.7904395e-05,12.93892,4.041687,3.222573,85.81284,2.0065105,0.020453664,0.0027105447,0.18785252,2.5431688,0.012762687,0.08377031,0.011158017
1.1815321,0.0003550661,4.9899273,0.09005767,8.583753,1.8545971,41.0691,6.790444e-05,12.938909,4.041684,3.2225676,85.812645,2.0065148,0.02045369,0.0027105454,0.18785232,2.5431657,0.012762687,0.08377026,0.011158035
1.1815321,0.00035506615,4.989923,0.09005766,8.583756,1.8545971,41.06909,6.790442e-05,12.938914,4.0416856,3.22257,85.812744,2.0065129,0.020453677,0.002710545,0.18785241,2.5431674,0.012762689,0.08377029,0.011158027
1.1815321,0.00035506577,4.9899435,0.09005767,8.583741,1.8545965,41.069122,6.7904504e-05,12.938904,4.04168,3.2225568,85.812454,2.0065222,0.020453736,0.0027105466,0.18785192,2.5431602,0.012762689,0.08377018,0.011158065
1.1815321,0.000355066,4.9899297,0.09005766,8.583753,1.8545965,41.0691,6.790444e-05,12.938914,4.041684,3.2225661,85.812645,2.0065153,0.020453695,0.0027105457,0.18785226,2.5431657,0.012762689,0.08377025,0.011158038
1.1815321,0.00035506595,4.9899344,0.09005766,8.583749,1.8545965,41.069107,6.790446e-05,12.938909,4.0416827,3.222563,85.81255,2.0065176,0.02045371,0.002710546,0.18785216,2.543164,0.012762689,0.08377022,0.011158046
1.1815321,0.0003550659,4.989939,0.09005767,8.583745,1.8545965,41.06912,6.790448e-05,12.938904,4.0416813,3.22256,85.812454,2.0065198,0.020453723,0.0027105461,0.18785203,2.5431619,0.012762689,0.08377021,0.011158057
1.1815321,0.0003550657,4.9899483,0.09005767,8.583739,1.8545959,41.069122,6.790452e-05,12.938904,4.04168,3.2225542,85.812355,2.006523,0.020453745,0.0027105468,0.18785185,2.5431597,0.012762692,0.08377016,0.01115807
1.1815321,0.00035506525,4.989976,0.09005767,8.583723,1.8545952,41.06916,6.7904635e-05,12.938892,4.0416713,3.2225378,85.811966,2.0065348,0.020453818,0.002710549,0.18785127,2.5431511,0.012762698,0.08377004,0.011158115
1.1815321,0.00035506615,4.989923,0.09005768,8.583756,1.8545965,41.0691,6.7904424e-05,12.938909,4.041687,3.2225697,85.812645,2.0065134,0.020453684,0.002710545,0.1878524,2.5431666,0.012762684,0.08377026,0.011158032
1.1815321,0.0003550651,4.989983,0.09005768,8.58372,1.8545946,41.069176,6.790468e-05,12.938881,4.04167,3.2225316,85.81187,2.006538,0.020453846,0.0027105496,0.18785104,2.5431495,0.012762698,0.08376997,0.011158132
1.1815321,0.00035506612,4.9899297,0.09005769,8.583753,1.8545965,41.06911,6.790446e-05,12.938904,4.041684,3.2225666,85.81255,2.0065165,0.020453699,0.0027105454,0.18785226,2.5431635,0.0127626825,0.083770245,0.0111580435
1.1815321,0.00035506592,4.989941,0.09005769,8.583745,1.8545965,41.069126,6.7904504e-05,12.938904,4.0416813,3.22256,85.812454,2.0065207,0.02045373,0.002710546,0.18785201,2.5431607,0.012762684,0.08377018,0.011158062
1.1815321,0.000355066,4.989937,0.09005769,8.583747,1.8545965,41.069122,6.790448e-05,12.938904,4.0416827,3.2225633,85.81255,2.006519,0.020453712,0.0027105457,0.18785213,2.5431619,0.0127626825,0.083770216,0.011158054
1.1815321,0.00035506635,4.9899135,0.09005767,8.583761,1.8545971,41.06909,6.790438e-05,12.938914,4.0416884,3.2225766,85.81284,2.0065093,0.020453654,0.002710544,0.18785264,2.5431695,0.01276268,0.08377031,0.011158015
1.1815321,0.00035506595,4.989939,0.09005768,8.583747,1.8545965,41.069122,6.790448e-05,12.938904,4.0416827,3.2225611,85.812454,2.006519,0.020453721,0.002710546,0.18785208,2.5431623,0.012762684,0.083770186,0.011158057
1.1815325,0.0003550656,4.9899597,0.0900577,8.583733,1.8545959,41.069153,6.79046e-05,12.938892,4.041677,3.2225478,85.81216,2.0065293,0.020453783,0.0027105475,0.18785156,2.5431542,0.012762687,0.08377008,0.011158097
1.1815321,0.00035506545,4.9899645,0.09005769,8.583731,1.8545952,41.069153,6.790461e-05,12.938892,4.0416756,3.2225444,85.81216,2.0065305,0.020453794,0.002710548,0.18785146,2.5431538,0.012762692,0.08377006,0.011158102
1.1815321,0.00035506507,4.989983,0.09005768,8.583718,1.8545946,41.069176,6.790468e-05,12.938887,4.04167,3.2225313,85.81187,2.006538,0.020453848,0.0027105499,0.18785103,2.5431495,0.012762698,0.08376997,0.011158132
1.1815321,0.00035506496,4.9899898,0.09005769,8.5837145,1.854594,41.069187,6.7904715e-05,12.938881,4.0416684,3.2225273,85.81177,2.0065405,0.020453867,0.00271055,0.18785086,2.5431473,0.012762698,0.083769925,0.011158145
1.1815321,0.00035506493,4.989992,0.09005768,8.5837145,1.854594,41.069187,6.7904715e-05,12.938881,4.0416684,3.2225263,85.81177,2.0065405,0.020453868,0.0027105506,0.18785083,2.5431473,0.012762701,0.083769925,0.011158145
1.1815321,0.0003550652,4.9899807,0.09005769,8.583721,1.8545946,41.069168,6.7904664e-05,12.938887,4.0416713,3.2225347,85.811966,2.0065362,0.020453833,0.0027105492,0.18785113,2.54315,0.0127626965,0.08376999,0.0111581255
1.1815321,0.00035506405,4.9900312,0.09005765,8.583689,1.8545922,41.06922,6.7904875e-05,12.938869,4.0416594,3.2224972,85.81118,2.0065553,0.020453991,0.0027105547,0.18784983,2.5431387,0.012762723,0.08376971,0.011158214
1.1815321,0.00035506388,4.9900384,0.09005764,8.583685,1.8545916,41.06923,6.79049e-05,12.938864,4.0416594,3.222492,85.81109,2.006557,0.020454014,0.0027105557,0.18784967,2.543138,0.012762727,0.08376966,0.011158225
1.1815321,0.0003550641,4.990029,0.09005765,8.583691,1.8545922,41.06922,6.790486e-05,12.938869,4.0416594,3.2224982,85.81128,2.0065546,0.020453988,0.0027105545,0.18784986,2.5431392,0.01276272,0.08376971,0.011158211
1.1815321,0.000355064,4.9900336,0.09005764,8.583687,1.8545922,41.06922,6.790488e-05,12.938869,4.0416594,3.222495,85.81118,2.0065558,0.020454,0.002710555,0.18784976,2.5431387,0.012762724,0.083769694,0.011158218
1.1815321,0.00035506472,4.9900036,0.09005768,8.583705,1.854594,41.069202,6.790477e-05,12.938875,4.0416656,3.2225182,85.81158,2.006546,0.020453906,0.0027105515,0.18785055,2.5431435,0.012762704,0.083769865,0.011158168
1.1815321,0.00035506638,4.989916,0.09005768,8.583759,1.8545977,41.069096,6.7904395e-05,12.938914,4.041687,3.2225766,85.81284,2.0065117,0.020453658,0.002710544,0.1878526,2.5431666,0.012762678,0.08377032,0.011158019
1.1815321,0.00035506606,4.989937,0.0900577,8.583747,1.8545965,41.069122,6.790448e-05,12.938904,4.0416813,3.2225637,85.81255,2.0065203,0.020453712,0.0027105454,0.18785213,2.5431602,0.01276268,0.08377022,0.011158055
1.1815321,0.00035506504,4.9899874,0.09005768,8.583718,1.8545946,41.06918,6.790469e-05,12.938881,4.04167,3.2225294,85.81187,2.006539,0.020453857,0.0027105499,0.18785095,2.5431483,0.012762698,0.083769955,0.011158138
1.1815321,0.0003550645,4.990013,0.09005767,8.5837,1.8545934,41.069206,6.79048e-05,12.938875,4.041664,3.2225108,85.81148,2.006549,0.020453934,0.0027105527,0.18785028,2.5431418,0.01276271,0.0837698,0.011158184
1.1815321,0.00035506388,4.9900384,0.09005765,8.583685,1.8545916,41.069233,6.79049e-05,12.938864,4.0416594,3.2224917,85.81109,2.0065575,0.020454014,0.0027105552,0.18784966,2.5431376,0.012762727,0.08376966,0.011158227
1.1815321,0.00035506365,4.9900475,0.09005764,8.58368,1.854591,41.06924,6.790493e-05,12.938864,4.041658,3.2224846,85.81099,2.00656,0.020454044,0.0027105566,0.18784942,2.5431366,0.012762734,0.083769605,0.011158242
1.1815321,0.00035506475,4.990001,0.09005768,8.583707,1.854594,41.069195,6.790476e-05,12.938875,4.0416656,3.22252,85.81158,2.0065448,0.020453896,0.002710551,0.18785062,2.543144,0.012762704,0.08376988,0.011158162
1.1815321,0.00035506472,4.9900036,0.09005768,8.583707,1.854594,41.069195,6.790476e-05,12.938875,4.0416656,3.2225187,85.81158,2.0065453,0.020453902,0.0027105515,0.18785056,2.543144,0.012762706,0.083769865,0.0111581655
1.1815321,0.0003550647,4.9900036,0.09005768,8.583705,1.8545934,41.069195,6.790477e-05,12.938875,4.0416656,3.2225175,85.81158,2.0065455,0.020453908,0.0027105517,0.18785052,2.543144,0.012762706,0.083769865,0.011158168
1.1815325,0.00035506545,4.9899693,0.0900577,8.583729,1.8545952,41.069164,6.7904635e-05,12.938887,4.041674,3.2225435,85.812065,2.0065327,0.020453801,0.002710548,0.18785138,2.5431516,0.012762687,0.08377005,0.01115811
1.1815321,0.00035506452,4.990013,0.09005767,8.5837,1.8545934,41.069206,6.79048e-05,12.938869,4.041664,3.2225113,85.81148,2.006549,0.020453934,0.0027105527,0.18785031,2.5431418,0.01276271,0.083769806,0.011158182
1.1815321,0.00035506484,4.989999,0.09005768,8.583709,1.854594,41.069195,6.790475e-05,12.938875,4.041667,3.2225223,85.81167,2.0065436,0.020453889,0.0027105508,0.18785068,2.5431447,0.012762701,0.08376989,0.011158158
1.1815321,0.0003550649,4.9899945,0.09005769,8.583713,1.854594,41.06919,6.790472e-05,12.938881,4.0416684,3.2225244,85.81167,2.0065422,0.02045388,0.0027105506,0.18785076,2.5431461,0.012762701,0.08376991,0.0111581525
1.1815321,0.00035506525,4.9899783,0.09005769,8.583721,1.8545952,41.069168,6.790466e-05,12.938887,4.0416713,3.2225363,85.811966,2.0065355,0.02045383,0.002710549,0.18785119,2.5431504,0.0127626965,0.08377001,0.011158123
1.1815321,0.0003550656,4.9899573,0.09005769,8.5837345,1.8545952,41.06915,6.790458e-05,12.938892,4.041677,3.2225482,85.81216,2.0065277,0.020453777,0.0027105475,0.18785161,2.543156,0.012762689,0.08377009,0.011158092
1.1815321,0.00035506467,4.9900036,0.09005767,8.583705,1.8545934,41.069195,6.790476e-05,12.938875,4.0416656,3.2225168,85.81158,2.0065455,0.02045391,0.0027105517,0.1878505,2.5431447,0.012762709,0.08376986,0.011158168
1.1815321,0.00035506507,4.989985,0.09005768,8.583718,1.8545946,41.069176,6.790469e-05,12.938881,4.04167,3.2225304,85.81187,2.0065386,0.020453854,0.0027105499,0.18785098,2.5431483,0.012762698,0.08376996,0.011158137
1.1815321,0.00035506627,4.989923,0.09005768,8.583756,1.8545971,41.0691,6.7904424e-05,12.938909,4.0416856,3.222572,85.812744,2.0065136,0.020453675,0.0027105445,0.18785247,2.5431657,0.01276268,0.08377029,0.01115803
1.1815321,0.00035506597,4.989932,0.09005767,8.583749,1.8545965,41.06911,6.790446e-05,12.938909,4.041684,3.2225635,85.81255,2.0065172,0.020453708,0.0027105457,0.18785217,2.543164,0.012762687,0.083770216,0.011158048
1.1815325,0.00035506513,4.989985,0.09005771,8.583718,1.8545946,41.069187,6.79047e-05,12.938875,4.04167,3.222532,85.81177,2.0065393,0.020453854,0.0027105496,0.18785098,2.5431468,0.012762692,0.083769955,0.01115814
1.1815321,0.00035506612,4.9899273,0.09005768,8.583753,1.8545965,41.069107,6.790445e-05,12.938909,4.0416856,3.2225678,85.812645,2.0065153,0.020453691,0.002710545,0.18785232,2.5431652,0.012762684,0.083770245,0.011158039
1.1815325,0.00035506525,4.9899807,0.09005771,8.583721,1.8545946,41.06918,6.790468e-05,12.938881,4.0416713,3.2225356,85.81187,2.006537,0.020453835,0.002710549,0.18785112,2.5431483,0.012762689,0.08376999,0.011158129
1.1815321,0.0003550654,4.9899693,0.09005769,8.583729,1.8545946,41.06916,6.790462e-05,12.938892,4.0416756,3.2225413,85.812065,2.0065312,0.020453807,0.0027105485,0.18785137,2.5431538,0.012762694,0.08377004,0.011158108
1.1815325,0.00035506493,4.989992,0.0900577,8.583713,1.854594,41.06919,6.790474e-05,12.938875,4.04167,3.2225254,85.81167,2.0065413,0.020453878,0.0027105506,0.18785079,2.5431461,0.012762698,0.0837699,0.0111581525
1.1815321,0.00035506423,4.990022,0.09005766,8.583694,1.8545922,41.069218,6.790484e-05,12.938869,4.041662,3.222503,85.81138,2.006552,0.020453967,0.0027105538,0.18785003,2.543141,0.012762718,0.083769746,0.011158199
1.1815321,0.00035506405,4.9900312,0.09005765,8.583689,1.8545922,41.06922,6.7904875e-05,12.938869,4.0416594,3.222497,85.81118,2.006555,0.020453991,0.0027105547,0.18784983,2.5431392,0.012762723,0.08376971,0.011158214
1.1815321,0.00035506606,4.989937,0.09005769,8.583749,1.8545965,41.069122,6.790448e-05,12.938904,4.0416827,3.2225642,85.81255,2.0065196,0.02045371,0.0027105457,0.18785216,2.5431607,0.01276268,0.083770216,0.011158054
1.1815321,0.0003550643,4.990022,0.09005766,8.583694,1.8545928,41.069214,6.790484e-05,12.938869,4.041661,3.2225041,85.81138,2.0065522,0.020453963,0.0027105536,0.18785007,2.5431404,0.012762715,0.08376976,0.011158198
1.1815321,0.00035506405,4.9900336,0.09005765,8.583689,1.8545922,41.06923,6.790488e-05,12.938864,4.0416594,3.2224963,85.81118,2.0065563,0.020453995,0.0027105547,0.18784979,2.543138,0.01276272,0.0837697,0.011158218
1.1815321,0.00035506702,4.989879,0.09005766,8.583783,1.8545983,41.069042,6.790424e-05,12.938931,4.041697,3.2225993,85.81333,2.0064964,0.020453561,0.0027105415,0.18785341,2.543178,0.01276267,0.083770506,0.01115796
1.1815321,0.00035506615,4.9899273,0.09005769,8.583755,1.8545965,41.06911,6.790445e-05,12.938904,4.0416856,3.2225685,85.812645,2.0065155,0.020453691,0.0027105447,0.18785232,2.5431645,0.01276268,0.083770245,0.011158041
1.1815321,0.00035506688,4.989886,0.09005767,8.583779,1.8545983,41.069057,6.790428e-05,12.938926,4.0416956,3.2225945,85.81323,2.0064993,0.02045358,0.0027105417,0.18785325,2.543176,0.01276267,0.08377046,0.011157972
1.1815321,0.000355066,4.989937,0.0900577,8.583749,1.8545965,41.069122,6.790448e-05,12.938904,4.041684,3.2225633,85.81255,2.0065186,0.020453714,0.0027105454,0.18785213,2.5431623,0.0127626825,0.0837702,0.011158055
1.1815321,0.00035506632,4.989916,0.09005768,8.583759,1.8545971,41.069096,6.79044e-05,12.938914,4.0416884,3.2225747,85.81284,2.006511,0.020453664,0.002710544,0.18785256,2.5431683,0.01276268,0.0837703,0.011158022
1.1815321,0.00035506647,4.989909,0.09005768,8.583765,1.8545971,41.06908,6.790436e-05,12.93892,4.0416913,3.2225797,85.81294,2.006507,0.020453641,0.0027105436,0.18785274,2.543171,0.01276268,0.08377034,0.011158008
1.1815321,0.00035506644,4.989911,0.09005768,8.583763,1.8545971,41.069084,6.790437e-05,12.938914,4.04169,3.2225788,85.81284,2.0065086,0.020453647,0.0027105438,0.18785271,2.54317,0.01276268,0.083770335,0.011158011
1.1815321,0.00035506656,4.9898996,0.09005766,8.583771,1.8545977,41.06907,6.790432e-05,12.938926,4.0416913,3.2225845,85.81304,2.0065043,0.020453617,0.0027105433,0.18785292,2.5431733,0.01276268,0.08377039,0.011157993
1.1815321,0.0003550665,4.9899044,0.09005767,8.583767,1.8545971,41.069073,6.7904344e-05,12.93892,4.0416913,3.2225811,85.81294,2.0065055,0.020453634,0.0027105436,0.18785281,2.5431726,0.0127626825,0.08377036,0.011158001
1.1815321,0.00035506662,4.9898996,0.09005766,8.583771,1.8545977,41.069065,6.7904315e-05,12.938926,4.0416927,3.2225852,85.81304,2.0065036,0.020453615,0.0027105433,0.18785296,2.5431743,0.01276268,0.08377039,0.01115799
1.1815321,0.00035506635,4.989911,0.09005767,8.583763,1.8545971,41.069084,6.790438e-05,12.938914,4.04169,3.2225769,85.81284,2.0065086,0.020453652,0.0027105438,0.18785265,2.5431705,0.0127626825,0.08377031,0.011158014
1.1815321,0.00035506656,4.9898996,0.09005766,8.583771,1.8545977,41.06907,6.790432e-05,12.938926,4.0416927,3.222585,85.81304,2.006503,0.020453617,0.0027105433,0.18785293,2.5431743,0.01276268,0.08377039,0.01115799
1.1815321,0.00035506647,4.9899044,0.09005766,8.583767,1.8545971,41.06907,6.790434e-05,12.938926,4.0416913,3.2225814,85.81304,2.006505,0.020453628,0.0027105436,0.18785283,2.5431733,0.0127626825,0.08377037,0.011157998
1.1815321,0.00035506644,4.989909,0.09005767,8.583765,1.8545971,41.06908,6.790436e-05,12.93892,4.0416913,3.2225788,85.81294,2.006507,0.020453641,0.0027105438,0.18785273,2.543171,0.0127626825,0.083770335,0.011158006
1.1815321,0.00035506653,4.9898973,0.09005765,8.583771,1.8545977,41.069065,6.7904315e-05,12.938926,4.0416927,3.2225842,85.81304,2.0065026,0.020453615,0.0027105433,0.18785293,2.5431755,0.012762684,0.08377039,0.011157988
1.1815321,0.00035506664,4.989895,0.09005766,8.583773,1.8545977,41.069065,6.79043e-05,12.938926,4.041694,3.2225869,85.81314,2.006502,0.020453606,0.0027105429,0.18785301,2.5431747,0.01276268,0.0837704,0.011157985
1.1815321,0.00035506656,4.9898996,0.09005766,8.583771,1.8545977,41.06907,6.790432e-05,12.938926,4.0416927,3.2225842,85.81304,2.0065036,0.020453619,0.0027105433,0.18785292,2.5431738,0.01276268,0.08377038,0.011157992
1.1815321,0.00035506653,4.9899044,0.09005767,8.583767,1.8545977,41.069073,6.790434e-05,12.93892,4.0416913,3.2225823,85.81294,2.0065055,0.020453628,0.0027105433,0.18785284,2.5431721,0.01276268,0.08377037,0.011158
1.1815321,0.00035506664,4.989893,0.09005766,8.583775,1.8545977,41.069057,6.7904286e-05,12.938926,4.041694,3.2225876,85.81314,2.0065012,0.020453602,0.0027105429,0.18785305,2.543176,0.01276268,0.08377042,0.011157982
1.1815321,0.00035506635,4.989909,0.09005766,8.583763,1.8545971,41.06908,6.790436e-05,12.93892,4.04169,3.2225776,85.81294,2.0065074,0.020453647,0.002710544,0.18785268,2.5431716,0.012762684,0.083770335,0.011158008
1.1815321,0.0003550667,4.9898906,0.09005765,8.583776,1.8545977,41.069054,6.790428e-05,12.938931,4.0416956,3.2225902,85.81323,2.0064995,0.02045359,0.0027105426,0.18785314,2.543177,0.01276268,0.08377044,0.011157975
1.1815321,0.00035506644,4.989907,0.09005766,8.583765,1.8545971,41.06908,6.790436e-05,12.93892,4.04169,3.2225792,85.81294,2.006507,0.02045364,0.0027105438,0.18785276,2.5431716,0.0127626825,0.08377034,0.011158005
1.1815321,0.00035506632,4.989918,0.09005768,8.583759,1.8545971,41.069096,6.79044e-05,12.938914,4.041687,3.222575,85.812744,2.0065112,0.020453662,0.002710544,0.18785256,2.5431674,0.012762678,0.083770305,0.011158022
1.1815321,0.0003550665,4.9899044,0.09005766,8.583767,1.8545977,41.069073,6.790434e-05,12.93892,4.0416913,3.222582,85.81294,2.0065055,0.020453628,0.0027105436,0.18785283,2.5431726,0.01276268,0.08377037,0.011157998
1.1815321,0.00035506627,4.989923,0.09005769,8.583756,1.8545971,41.0691,6.7904424e-05,12.938909,4.0416856,3.222572,85.812744,2.006514,0.020453675,0.0027105445,0.18785244,2.5431652,0.012762678,0.08377029,0.0111580305
1.1815321,0.00035506618,4.9899297,0.0900577,8.583753,1.8545971,41.06912,6.790446e-05,12.938904,4.041684,3.2225685,85.812645,2.0065172,0.020453695,0.0027105447,0.18785231,2.5431623,0.012762678,0.08377025,0.0111580435
1.1815321,0.00035506627,4.989925,0.09005769,8.583756,1.8545971,41.069107,6.790444e-05,12.938909,4.0416856,3.2225716,85.812645,2.0065148,0.020453678,0.0027105445,0.18785241,2.5431645,0.012762678,0.083770275,0.011158033
1.1815321,0.00035506635,4.989918,0.09005769,8.583759,1.8545971,41.0691,6.790442e-05,12.938909,4.041687,3.222575,85.812744,2.0065129,0.020453664,0.002710544,0.18785253,2.5431662,0.012762675,0.083770305,0.011158025
1.1815321,0.00035506667,4.9898996,0.09005768,8.583771,1.8545977,41.069073,6.790432e-05,12.93892,4.0416913,3.2225869,85.81304,2.0065043,0.020453613,0.0027105429,0.18785298,2.5431721,0.012762673,0.083770394,0.011157992
1.1815321,0.00035506565,4.989955,0.09005769,8.583736,1.8545959,41.06914,6.790456e-05,12.938892,4.041677,3.2225509,85.812256,2.0065272,0.020453768,0.002710547,0.18785168,2.543156,0.012762689,0.08377012,0.011158086
1.1815321,0.00035506563,4.9899573,0.09005769,8.5837345,1.8545959,41.06915,6.790458e-05,12.938892,4.041677,3.2225497,85.812256,2.0065277,0.020453772,0.002710547,0.18785164,2.543156,0.012762687,0.083770104,0.011158089
1.1815321,0.00035506635,4.989918,0.09005769,8.583759,1.8545971,41.0691,6.790442e-05,12.938909,4.0416856,3.2225757,85.812744,2.0065129,0.020453662,0.002710544,0.18785256,2.5431657,0.012762675,0.08377031,0.011158025
1.1815321,0.0003550662,4.989918,0.09005767,8.583758,1.8545971,41.06909,6.79044e-05,12.938914,4.0416884,3.2225726,85.812744,2.006511,0.020453667,0.0027105445,0.1878525,2.5431688,0.012762684,0.08377029,0.011158022
1.1815321,0.00035506627,4.989923,0.09005768,8.583756,1.8545971,41.0691,6.7904424e-05,12.938909,4.0416856,3.222572,85.812744,2.0065136,0.020453675,0.0027105445,0.18785244,2.5431657,0.01276268,0.08377029,0.01115803
1.1815321,0.00035506606,4.9899297,0.09005768,8.583753,1.8545965,41.069107,6.790445e-05,12.938909,4.0416856,3.2225661,85.812645,2.0065155,0.020453699,0.0027105454,0.18785225,2.5431652,0.012762684,0.08377023,0.011158043
1.1815321,0.00035506638,4.989911,0.09005767,8.583763,1.8545971,41.069084,6.790437e-05,12.938914,4.0416884,3.2225778,85.81284,2.0065088,0.020453647,0.0027105438,0.18785268,2.54317,0.01276268,0.083770335,0.011158011
1.1815321,0.00035506627,4.989918,0.09005768,8.583758,1.8545971,41.069096,6.79044e-05,12.938914,4.0416884,3.222573,85.812744,2.0065117,0.020453667,0.0027105445,0.1878525,2.5431678,0.0127626825,0.08377029,0.011158024
1.1815321,0.000355066,4.9899344,0.09005769,8.583749,1.8545965,41.06912,6.790448e-05,12.938904,4.0416827,3.2225633,85.81255,2.0065186,0.020453712,0.0027105457,0.18785213,2.5431623,0.012762684,0.08377021,0.011158052
1.1815325,0.00035506542,4.989971,0.0900577,8.583727,1.8545952,41.069164,6.7904635e-05,12.938887,4.0416727,3.222542,85.812065,2.0065331,0.020453807,0.002710548,0.18785137,2.5431516,0.012762689,0.083770044,0.011158111
1.1815321,0.00035506644,4.9899135,0.09005768,8.583763,1.8545971,41.06909,6.790438e-05,12.938914,4.0416884,3.222578,85.81284,2.0065098,0.02045365,0.0027105438,0.18785267,2.5431683,0.012762678,0.083770335,0.011158014
1.1815321,0.00035506563,4.9899573,0.09005769,8.5837345,1.8545959,41.06914,6.790458e-05,12.938892,4.041677,3.22255,85.812256,2.0065277,0.020453772,0.002710547,0.18785167,2.543156,0.012762689,0.083770104,0.011158088
1.1815321,0.0003550657,4.989953,0.09005768,8.583738,1.8545959,41.069138,6.7904555e-05,12.938898,4.0416784,3.2225528,85.812256,2.0065258,0.020453757,0.0027105468,0.18785177,2.5431576,0.012762689,0.08377013,0.011158079
1.1815321,0.0003550661,4.9899344,0.0900577,8.583751,1.8545965,41.06912,6.7904475e-05,12.938904,4.0416827,3.2225657,85.81255,2.0065184,0.020453706,0.0027105454,0.1878522,2.5431619,0.01276268,0.08377022,0.011158051
1.1815321,0.00035506577,4.9899507,0.0900577,8.583739,1.8545959,41.069138,6.7904555e-05,12.938898,4.0416784,3.2225544,85.812355,2.006525,0.020453751,0.0027105466,0.1878518,2.5431576,0.012762684,0.08377013,0.011158079
1.1815325,0.0003550657,4.989955,0.0900577,8.583736,1.8545959,41.06914,6.790456e-05,12.938892,4.041677,3.222552,85.812256,2.006527,0.020453764,0.0027105468,0.18785171,2.543156,0.012762684,0.08377012,0.011158086
1.1815321,0.00035506647,4.989911,0.09005768,8.583763,1.8545971,41.069084,6.790437e-05,12.938914,4.04169,3.222579,85.81284,2.0065086,0.020453643,0.0027105438,0.18785273,2.5431695,0.012762678,0.08377034,0.011158011
1.1815325,0.00035506583,4.9899507,0.0900577,8.583739,1.8545965,41.069138,6.790454e-05,12.938898,4.0416784,3.222556,85.812355,2.006525,0.020453747,0.0027105461,0.18785185,2.543157,0.0127626825,0.08377015,0.011158076
1.1815321,0.00035506632,4.9899135,0.09005767,8.583761,1.8545971,41.069084,6.790438e-05,12.938914,4.04169,3.222576,85.81284,2.0065088,0.020453654,0.002710544,0.18785264,2.54317,0.012762684,0.08377031,0.011158014
1.1815321,0.0003550659,4.989946,0.0900577,8.583741,1.8545965,41.069134,6.790453e-05,12.938898,4.04168,3.2225575,85.812355,2.006523,0.020453738,0.0027105461,0.18785192,2.5431585,0.0127626825,0.08377017,0.01115807
1.1815321,0.00035506632,4.9899135,0.09005767,8.583761,1.8545971,41.069084,6.790438e-05,12.938914,4.04169,3.2225752,85.81284,2.0065093,0.020453658,0.002710544,0.18785259,2.54317,0.012762684,0.083770305,0.0111580165
1.1815321,0.00035506632,4.989923,0.0900577,8.583758,1.8545971,41.069107,6.7904424e-05,12.938909,4.0416856,3.2225735,85.812744,2.006514,0.020453673,0.0027105445,0.18785247,2.5431645,0.012762675,0.08377029,0.011158032
1.1815325,0.00035506606,4.989939,0.09005771,8.583747,1.8545965,41.069134,6.7904504e-05,12.938898,4.0416813,3.222563,85.812454,2.0065215,0.020453721,0.0027105454,0.18785208,2.5431592,0.012762678,0.0837702,0.011158062
1.1815321,0.00035506638,4.989918,0.09005769,8.583759,1.8545971,41.0691,6.790442e-05,12.938909,4.041687,3.2225761,85.812744,2.0065122,0.020453662,0.0027105438,0.18785258,2.5431662,0.012762675,0.08377031,0.011158024
1.1815321,0.0003550662,4.9899273,0.09005769,8.583755,1.8545971,41.06911,6.790445e-05,12.938909,4.041684,3.2225707,85.812645,2.0065155,0.020453684,0.0027105447,0.18785237,2.543164,0.012762678,0.08377027,0.011158038
1.1815321,0.00035506606,4.989932,0.09005768,8.583751,1.8545965,41.06911,6.790446e-05,12.938909,4.041684,3.2225647,85.81255,2.0065167,0.020453706,0.0027105454,0.1878522,2.543164,0.012762684,0.08377022,0.011158046
1.1815321,0.0003550661,4.9899297,0.09005769,8.583753,1.8545965,41.06911,6.790446e-05,12.938909,4.041684,3.2225666,85.812645,2.0065165,0.020453699,0.002710545,0.18785226,2.543164,0.0127626825,0.08377023,0.0111580435
1.1815321,0.00035506635,4.989911,0.09005766,8.583763,1.8545971,41.06908,6.790436e-05,12.93892,4.04169,3.2225776,85.81294,2.0065074,0.020453647,0.002710544,0.18785268,2.543171,0.012762684,0.08377032,0.011158009
1.1815321,0.00035506627,4.989918,0.09005768,8.583758,1.8545971,41.069096,6.79044e-05,12.938914,4.0416884,3.2225735,85.812744,2.0065112,0.020453667,0.0027105445,0.1878525,2.5431678,0.0127626825,0.08377029,0.011158024
1.1815321,0.00035506627,4.989918,0.09005768,8.583758,1.8545971,41.069096,6.79044e-05,12.938914,4.0416884,3.2225728,85.812744,2.0065117,0.020453671,0.0027105445,0.18785249,2.5431678,0.0127626825,0.08377029,0.011158025
1.1815321,0.00035506627,4.989918,0.09005767,8.583758,1.8545971,41.069096,6.79044e-05,12.938914,4.0416884,3.2225726,85.812744,2.0065117,0.020453671,0.0027105445,0.1878525,2.5431678,0.012762684,0.08377029,0.011158025
1.1815321,0.00035506595,4.989939,0.09005769,8.583747,1.8545965,41.069122,6.79045e-05,12.938904,4.0416827,3.2225611,85.812454,2.0065198,0.020453721,0.002710546,0.18785207,2.5431619,0.012762684,0.083770186,0.0111580575
1.1815321,0.00035506627,4.9899206,0.09005768,8.583758,1.8545971,41.069096,6.790442e-05,12.938914,4.041687,3.2225726,85.812744,2.0065117,0.020453671,0.0027105445,0.18785249,2.5431674,0.0127626825,0.08377029,0.011158027
1.1815321,0.00035506595,4.989939,0.09005769,8.583747,1.8545965,41.069122,6.79045e-05,12.938904,4.0416827,3.2225611,85.812454,2.0065198,0.020453721,0.002710546,0.18785207,2.5431619,0.012762684,0.083770186,0.0111580575
1.1815321,0.0003550661,4.9899297,0.09005769,8.583751,1.8545965,41.06911,6.790446e-05,12.938909,4.041684,3.2225664,85.812645,2.0065165,0.020453699,0.0027105454,0.18785225,2.543164,0.0127626825,0.08377023,0.011158045
1.1815321,0.00035506597,4.9899344,0.09005768,8.583749,1.8545965,41.06911,6.7904475e-05,12.938909,4.041684,3.2225633,85.81255,2.0065176,0.02045371,0.0027105457,0.18785217,2.5431635,0.012762687,0.08377021,0.011158049
1.1815321,0.00035506627,4.989918,0.09005767,8.583758,1.8545971,41.069096,6.79044e-05,12.938914,4.041687,3.2225735,85.812744,2.0065112,0.020453667,0.0027105445,0.18785252,2.5431678,0.0127626825,0.0837703,0.011158024
1.1815321,0.00035506618,4.989923,0.09005767,8.583756,1.8545965,41.069096,6.790442e-05,12.938914,4.041687,3.222571,85.812744,2.0065124,0.020453677,0.0027105447,0.18785243,2.5431674,0.012762684,0.08377027,0.01115803
1.1815321,0.00035506597,4.989932,0.09005768,8.583749,1.8545965,41.06911,6.790446e-05,12.938909,4.041684,3.2225633,85.81255,2.0065172,0.02045371,0.0027105457,0.18785216,2.543164,0.012762687,0.083770216,0.011158048
1.1815321,0.00035506635,4.989911,0.09005766,8.583763,1.8545971,41.06908,6.790437e-05,12.93892,4.04169,3.2225776,85.81294,2.0065079,0.020453647,0.002710544,0.18785268,2.543171,0.012762684,0.083770335,0.011158009
1.1815321,0.00035506595,4.989937,0.09005768,8.583747,1.8545965,41.06912,6.790448e-05,12.938904,4.0416827,3.2225614,85.81255,2.006519,0.02045372,0.002710546,0.18785208,2.5431623,0.012762687,0.0837702,0.011158055
1.1815321,0.00035506522,4.9899783,0.0900577,8.583721,1.8545946,41.069176,6.7904664e-05,12.938887,4.0416727,3.2225354,85.811966,2.0065355,0.020453833,0.0027105492,0.18785115,2.5431504,0.012762694,0.08376998,0.0111581255
1.1815321,0.00035506662,4.989902,0.09005767,8.583769,1.8545977,41.069073,6.790434e-05,12.93892,4.0416913,3.222584,85.81294,2.0065055,0.020453624,0.0027105433,0.18785289,2.5431716,0.012762675,0.08377038,0.011157998
1.1815325,0.00035506577,4.9899573,0.090057716,8.583736,1.8545959,41.06916,6.7904584e-05,12.938887,4.041677,3.2225528,85.81216,2.0065281,0.020453768,0.0027105466,0.1878517,2.5431538,0.012762678,0.083770104,0.011158092
1.1815321,0.00035506597,4.989939,0.0900577,8.583747,1.8545965,41.069126,6.7904504e-05,12.938898,4.0416813,3.2225616,85.812454,2.0065207,0.020453723,0.0027105457,0.18785207,2.5431602,0.01276268,0.083770186,0.011158061
1.1815325,0.00035506548,4.9899645,0.0900577,8.583731,1.8545952,41.06916,6.790461e-05,12.938887,4.0416756,3.2225447,85.81216,2.0065308,0.020453796,0.0027105478,0.18785146,2.5431533,0.012762689,0.08377006,0.011158104
1.1815321,0.00035506662,4.9898996,0.09005767,8.583771,1.8545977,41.06907,6.790432e-05,12.93892,4.0416927,3.2225852,85.81304,2.0065043,0.020453617,0.0027105429,0.18785293,2.5431726,0.012762678,0.08377039,0.011157993
1.1815321,0.0003550663,4.989918,0.09005768,8.583759,1.8545971,41.069096,6.79044e-05,12.938914,4.0416884,3.2225738,85.812744,2.0065112,0.020453665,0.0027105445,0.18785253,2.5431678,0.0127626825,0.0837703,0.011158022
1.1815321,0.00035506627,4.989923,0.09005769,8.583756,1.8545971,41.0691,6.7904424e-05,12.938909,4.041687,3.222572,85.812744,2.0065136,0.020453677,0.0027105445,0.18785244,2.5431657,0.012762678,0.083770275,0.0111580305
1.1815321,0.00035506638,4.989916,0.09005769,8.583761,1.8545971,41.069096,6.79044e-05,12.938914,4.0416884,3.2225761,85.81284,2.006511,0.02045366,0.0027105438,0.18785259,2.5431678,0.012762678,0.083770305,0.011158021
1.1815321,0.00035506583,4.989946,0.09005769,8.583741,1.8545959,41.069134,6.790453e-05,12.938898,4.04168,3.2225568,85.812355,2.006523,0.02045374,0.0027105461,0.1878519,2.5431592,0.012762684,0.08377015,0.0111580705
1.1815321,0.00035506458,4.9900084,0.09005768,8.583703,1.8545934,41.069206,6.7904795e-05,12.938869,4.0416656,3.2225137,85.81148,2.0065477,0.020453922,0.002710552,0.18785039,2.543143,0.012762706,0.08376982,0.011158178
1.1815325,0.0003550654,4.9899693,0.0900577,8.583727,1.8545946,41.069164,6.7904635e-05,12.938887,4.0416756,3.2225409,85.812065,2.0065324,0.02045381,0.0027105485,0.18785135,2.5431528,0.012762692,0.08377003,0.011158112
1.1815321,0.0003550661,4.989932,0.0900577,8.583751,1.8545965,41.069122,6.7904475e-05,12.938904,4.041684,3.2225657,85.81255,2.006518,0.020453706,0.0027105454,0.1878522,2.5431623,0.01276268,0.08377022,0.011158051
1.1815321,0.0003550649,4.9899945,0.09005769,8.583713,1.854594,41.06919,6.790472e-05,12.938875,4.0416684,3.2225244,85.81167,2.0065417,0.02045388,0.0027105506,0.18785076,2.5431468,0.012762701,0.0837699,0.0111581525
1.1815321,0.0003550661,4.9899344,0.0900577,8.583749,1.8545965,41.069122,6.790448e-05,12.938904,4.0416827,3.2225645,85.81255,2.0065186,0.02045371,0.0027105454,0.18785217,2.5431619,0.01276268,0.083770216,0.011158054
1.1815321,0.00035506632,4.989918,0.09005769,8.583758,1.8545971,41.0691,6.790442e-05,12.938909,4.041687,3.222574,85.812744,2.0065122,0.020453667,0.002710544,0.18785252,2.5431666,0.012762678,0.0837703,0.011158025
1.1815321,0.00035506612,4.989932,0.09005769,8.583751,1.8545965,41.06912,6.7904475e-05,12.938904,4.0416827,3.2225668,85.81255,2.0065176,0.020453699,0.002710545,0.18785225,2.5431623,0.01276268,0.083770245,0.011158046
1.1815321,0.000355066,4.989939,0.0900577,8.583747,1.8545965,41.069126,6.79045e-05,12.938898,4.0416827,3.222562,85.812454,2.0065198,0.020453721,0.0027105457,0.18785208,2.5431607,0.01276268,0.0837702,0.011158059
1.1815321,0.0003550663,4.9899206,0.09005769,8.583758,1.8545971,41.0691,6.7904424e-05,12.938909,4.041687,3.2225728,85.812744,2.0065134,0.020453675,0.0027105445,0.18785247,2.5431657,0.012762678,0.083770275,0.0111580305
1.1815321,0.00035506632,4.989916,0.09005768,8.583759,1.8545971,41.06909,6.7904395e-05,12.938914,4.0416884,3.222575,85.81284,2.0065105,0.020453662,0.002710544,0.18785258,2.5431683,0.0127626825,0.083770305,0.011158019
1.1815321,0.00035506615,4.9899273,0.09005769,8.583755,1.8545965,41.06911,6.790445e-05,12.938909,4.0416856,3.2225685,85.812645,2.0065153,0.020453691,0.002710545,0.18785232,2.5431645,0.01276268,0.083770245,0.011158039
1.1815321,0.00035506656,4.9898996,0.09005766,8.583771,1.8545977,41.06907,6.790432e-05,12.938926,4.0416927,3.2225842,85.81304,2.0065038,0.020453619,0.0027105433,0.18785292,2.5431738,0.01276268,0.08377039,0.011157992
1.1815325,0.000355066,4.989941,0.09005771,8.583745,1.8545965,41.069134,6.790452e-05,12.938898,4.0416813,3.2225616,85.812454,2.006522,0.020453725,0.0027105457,0.18785204,2.5431585,0.012762678,0.083770186,0.011158065
1.1815325,0.0003550654,4.9899735,0.09005771,8.583725,1.8545952,41.069168,6.790466e-05,12.938881,4.0416727,3.22254,85.811966,2.0065343,0.020453818,0.0027105485,0.18785128,2.5431504,0.012762687,0.08377003,0.011158119
1.1815325,0.00035506536,4.989971,0.0900577,8.583727,1.8545952,41.069164,6.7904635e-05,12.938887,4.041674,3.22254,85.812065,2.0065331,0.020453813,0.0027105485,0.18785131,2.543152,0.012762692,0.08377003,0.011158115
1.1815321,0.00035506632,4.989916,0.09005767,8.583761,1.8545971,41.06909,6.7904395e-05,12.938914,4.0416884,3.2225757,85.81284,2.00651,0.020453658,0.002710544,0.18785259,2.5431688,0.0127626825,0.08377031,0.011158017
1.1815321,0.00035506606,4.989937,0.0900577,8.583749,1.8545965,41.069122,6.79045e-05,12.938904,4.0416827,3.2225635,85.81255,2.0065196,0.020453714,0.0027105454,0.18785211,2.5431607,0.01276268,0.08377021,0.011158057
1.1815321,0.00035506664,4.989895,0.09005766,8.583773,1.8545977,41.069065,6.79043e-05,12.938926,4.0416927,3.2225873,85.81314,2.0065024,0.020453606,0.0027105429,0.18785301,2.5431747,0.012762678,0.0837704,0.011157985
1.1815321,0.00035506638,4.989911,0.09005767,8.583763,1.8545971,41.069084,6.790438e-05,12.938914,4.04169,3.222577,85.81284,2.0065088,0.02045365,0.0027105438,0.18785267,2.54317,0.0127626825,0.08377032,0.011158012
1.1815325,0.00035506545,4.9899693,0.09005771,8.583729,1.8545952,41.069164,6.790462e-05,12.938887,4.041674,3.2225428,85.812065,2.006532,0.020453805,0.002710548,0.18785138,2.5431528,0.012762687,0.083770044,0.01115811
1.1815321,0.00035506618,4.9899297,0.0900577,8.583753,1.8545965,41.06912,6.790446e-05,12.938904,4.041684,3.2225683,85.812645,2.0065167,0.020453695,0.0027105447,0.18785231,2.543163,0.012762678,0.083770245,0.011158045
1.1815325,0.00035506484,4.989999,0.0900577,8.583711,1.8545934,41.069195,6.790475e-05,12.938875,4.0416684,3.2225218,85.81167,2.0065434,0.020453893,0.0027105508,0.18785065,2.5431457,0.012762701,0.08376988,0.011158161
1.1815325,0.00035506563,4.9899573,0.0900577,8.583736,1.8545952,41.06915,6.790458e-05,12.938892,4.0416784,3.22255,85.812256,2.0065272,0.020453772,0.002710547,0.18785167,2.543156,0.012762687,0.08377009,0.011158091
1.1815321,0.0003550662,4.989925,0.09005769,8.583755,1.8545971,41.069107,6.790444e-05,12.938909,4.0416856,3.22257,85.812645,2.0065148,0.020453686,0.0027105447,0.18785237,2.5431645,0.01276268,0.08377026,0.011158036
1.1815321,0.00035506472,4.990001,0.09005769,8.583707,1.8545934,41.069202,6.790476e-05,12.938875,4.041667,3.2225187,85.81158,2.0065446,0.020453904,0.0027105515,0.18785056,2.5431447,0.012762704,0.08376986,0.011158166
1.1815321,0.0003550665,4.9899044,0.09005767,8.583767,1.8545971,41.06908,6.7904344e-05,12.93892,4.0416913,3.2225811,85.81294,2.0065062,0.020453634,0.0027105436,0.1878528,2.5431716,0.01276268,0.08377036,0.011158003
1.1815321,0.00035506653,4.9898996,0.09005766,8.583769,1.8545977,41.06907,6.790432e-05,12.938926,4.0416927,3.2225838,85.81304,2.0065038,0.020453623,0.0027105433,0.1878529,2.5431738,0.01276268,0.08377038,0.011157993
1.1815321,0.00035506618,4.9899206,0.09005767,8.583756,1.8545965,41.069096,6.790442e-05,12.938914,4.041687,3.222571,85.812744,2.0065124,0.020453677,0.0027105447,0.18785244,2.5431674,0.012762684,0.08377027,0.011158028
1.1815321,0.0003550661,4.9899273,0.09005767,8.583753,1.8545965,41.069107,6.790444e-05,12.938909,4.0416856,3.2225666,85.812645,2.0065153,0.020453695,0.0027105454,0.18785228,2.5431657,0.012762687,0.083770245,0.011158039
1.1815321,0.00035506606,4.9899297,0.09005768,8.583751,1.8545965,41.069107,6.790445e-05,12.938909,4.0416856,3.2225661,85.812645,2.006516,0.020453699,0.0027105454,0.18785225,2.5431645,0.012762684,0.08377023,0.011158043
1.1815321,0.00035506632,4.9899135,0.09005767,8.583761,1.8545971,41.069084,6.790438e-05,12.938914,4.04169,3.2225757,85.81284,2.0065093,0.020453658,0.002710544,0.1878526,2.5431695,0.0127626825,0.08377031,0.0111580165
1.1815321,0.00035506632,4.9899135,0.09005767,8.583761,1.8545971,41.069084,6.790438e-05,12.938914,4.0416884,3.222576,85.81284,2.0065093,0.020453654,0.002710544,0.1878526,2.54317,0.0127626825,0.08377031,0.011158015
1.1815321,0.00035506638,4.989911,0.09005767,8.583763,1.8545971,41.06908,6.790437e-05,12.93892,4.04169,3.2225778,85.81284,2.0065079,0.020453649,0.0027105438,0.18785268,2.543171,0.0127626825,0.083770335,0.011158009
1.1815321,0.00035506644,4.989907,0.09005766,8.583765,1.8545971,41.069073,6.7904344e-05,12.93892,4.0416913,3.22258,85.81294,2.0065062,0.020453637,0.0027105438,0.18785277,2.5431721,0.0127626825,0.08377035,0.0111580035
1.1815321,0.00035506647,4.989907,0.09005767,8.583765,1.8545971,41.06908,6.790436e-05,12.93892,4.0416913,3.2225802,85.81294,2.0065067,0.020453637,0.0027105436,0.18785277,2.5431716,0.01276268,0.08377035,0.0111580035
1.1815321,0.00035506667,4.989893,0.09005766,8.583775,1.8545977,41.069057,6.79043e-05,12.938926,4.041694,3.222588,85.81314,2.0065014,0.020453604,0.0027105426,0.18785305,2.5431755,0.01276268,0.08377042,0.011157982
1.1815321,0.00035506612,4.989932,0.09005769,8.583751,1.8545971,41.06912,6.7904475e-05,12.938904,4.0416827,3.2225666,85.81255,2.006518,0.020453699,0.002710545,0.18785225,2.5431623,0.01276268,0.083770245,0.011158046
1.1815321,0.00035506618,4.9899273,0.09005769,8.583755,1.8545965,41.06911,6.790445e-05,12.938904,4.0416856,3.222569,85.812645,2.0065155,0.02045369,0.0027105447,0.18785234,2.543164,0.01276268,0.08377025,0.011158041
1.1815321,0.00035506632,4.989918,0.09005768,8.583758,1.8545971,41.069096,6.790442e-05,12.938909,4.041687,3.222574,85.812744,2.0065124,0.020453665,0.002710544,0.18785252,2.5431666,0.012762678,0.083770305,0.011158025
1.1815321,0.00035506656,4.989895,0.09005764,8.583773,1.8545977,41.069054,6.7904286e-05,12.938931,4.041694,3.2225862,85.81314,2.0065012,0.020453606,0.0027105433,0.18785304,2.5431764,0.012762684,0.0837704,0.011157981
1.1815321,0.00035506618,4.989923,0.09005768,8.583756,1.8545965,41.0691,6.7904424e-05,12.938909,4.041687,3.2225704,85.812744,2.0065134,0.020453682,0.0027105447,0.18785241,2.5431662,0.0127626825,0.08377026,0.011158032
1.1815321,0.00035506656,4.9898973,0.09005766,8.583771,1.8545977,41.069065,6.7904315e-05,12.938926,4.041694,3.2225854,85.81304,2.0065024,0.020453613,0.0027105429,0.18785298,2.5431747,0.0127626825,0.083770394,0.011157988
1.1815321,0.00035506653,4.989902,0.09005766,8.583769,1.8545977,41.06907,6.790432e-05,12.938926,4.0416913,3.2225828,85.81304,2.0065045,0.020453624,0.0027105436,0.18785289,2.5431733,0.0127626825,0.08377038,0.011157995
1.1815321,0.00035506644,4.989907,0.09005767,8.583765,1.8545971,41.06908,6.790436e-05,12.93892,4.04169,3.2225797,85.81294,2.006507,0.02045364,0.0027105438,0.18785276,2.5431716,0.01276268,0.08377035,0.011158005
1.1815321,0.00035506615,4.989923,0.09005767,8.583755,1.8545965,41.069096,6.7904424e-05,12.938914,4.041687,3.222569,85.812744,2.0065134,0.020453684,0.002710545,0.18785237,2.5431666,0.012762687,0.08377027,0.011158032
1.1815321,0.00035506472,4.990001,0.09005768,8.583707,1.8545934,41.069195,6.790476e-05,12.938875,4.041667,3.2225187,85.81158,2.0065448,0.020453904,0.0027105515,0.18785056,2.5431452,0.012762704,0.083769865,0.011158166
1.1815321,0.00035506627,4.989918,0.09005767,8.583759,1.8545971,41.06909,6.7904395e-05,12.938914,4.041687,3.222573,85.812744,2.0065112,0.020453665,0.0027105445,0.18785253,2.5431683,0.0127626825,0.0837703,0.011158022
1.1815321,0.00035506632,4.989911,0.09005766,8.583761,1.8545971,41.06908,6.790437e-05,12.93892,4.04169,3.222576,85.81284,2.0065086,0.020453652,0.002710544,0.18785264,2.5431705,0.012762684,0.08377032,0.011158012
1.1815321,0.00035506647,4.9899044,0.09005766,8.583767,1.8545971,41.06907,6.790434e-05,12.938926,4.0416913,3.2225814,85.81304,2.006505,0.020453628,0.0027105436,0.18785283,2.5431733,0.0127626825,0.08377037,0.011157998
1.1815321,0.00035506653,4.9898996,0.09005766,8.583769,1.8545977,41.069065,6.790432e-05,12.938926,4.0416927,3.2225838,85.81304,2.0065038,0.020453619,0.0027105433,0.1878529,2.5431738,0.0127626825,0.08377039,0.011157992
1.1815321,0.00035506647,4.989907,0.09005766,8.583765,1.8545971,41.069073,6.7904344e-05,12.93892,4.0416913,3.2225802,85.81294,2.0065062,0.020453636,0.0027105436,0.18785277,2.5431721,0.0127626825,0.08377035,0.011158003
1.1815321,0.00035506632,4.989918,0.09005769,8.583759,1.8545971,41.069096,6.79044e-05,12.938909,4.0416884,3.2225747,85.812744,2.0065112,0.020453664,0.002710544,0.18785256,2.5431674,0.012762678,0.0837703,0.011158024
1.1815321,0.0003550668,4.989888,0.09005765,8.583778,1.8545983,41.069046,6.7904264e-05,12.938931,4.0416956,3.222592,85.81323,2.0064988,0.020453585,0.0027105424,0.18785322,2.5431776,0.012762678,0.08377045,0.011157971
1.1815321,0.00035506656,4.9898973,0.09005766,8.583771,1.8545977,41.069065,6.7904315e-05,12.938926,4.041694,3.2225854,85.81304,2.0065024,0.020453613,0.0027105433,0.18785298,2.5431747,0.01276268,0.083770394,0.011157988
1.1815321,0.00035506664,4.989895,0.09005765,8.583773,1.8545977,41.069057,6.79043e-05,12.938926,4.041694,3.222587,85.81314,2.0065014,0.020453606,0.0027105429,0.18785304,2.5431755,0.01276268,0.0837704,0.011157984
1.1815321,0.0003550667,4.989893,0.09005766,8.583775,1.8545977,41.069057,6.7904286e-05,12.938926,4.041694,3.2225893,85.81314,2.0065012,0.020453598,0.0027105426,0.18785311,2.543176,0.012762678,0.08377043,0.011157979
1.1815321,0.00035506647,4.989907,0.09005767,8.583765,1.8545971,41.06908,6.790436e-05,12.93892,4.04169,3.22258,85.81294,2.006507,0.02045364,0.0027105438,0.18785276,2.543171,0.01276268,0.08377035,0.011158005
1.1815321,0.00035506656,4.9898973,0.09005765,8.583773,1.8545977,41.069057,6.79043e-05,12.938926,4.041694,3.2225852,85.81314,2.0065024,0.020453611,0.0027105433,0.18785298,2.5431755,0.0127626825,0.083770394,0.011157985
1.1815321,0.0003550661,4.989932,0.09005769,8.583751,1.8545965,41.06911,6.790446e-05,12.938904,4.041684,3.2225654,85.81255,2.0065167,0.020453703,0.0027105454,0.18785223,2.5431635,0.0127626825,0.08377022,0.011158046
1.1815321,0.0003550663,4.989918,0.09005767,8.583759,1.8545971,41.06909,6.79044e-05,12.938914,4.041687,3.222574,85.812744,2.0065112,0.020453664,0.0027105445,0.18785253,2.5431683,0.0127626825,0.0837703,0.011158022
1.1815321,0.00035506615,4.9899297,0.09005769,8.583753,1.8545965,41.06911,6.790445e-05,12.938909,4.041684,3.2225683,85.812645,2.006516,0.020453691,0.002710545,0.18785231,2.543164,0.01276268,0.08377025,0.011158041
1.1815321,0.00035506644,4.989916,0.09005769,8.583761,1.8545971,41.069096,6.79044e-05,12.938914,4.041687,3.222577,85.81284,2.0065112,0.020453654,0.0027105438,0.1878526,2.5431674,0.012762675,0.08377032,0.011158019
1.1815321,0.000355066,4.989937,0.09005769,8.583747,1.8545965,41.069122,6.79045e-05,12.938904,4.0416813,3.2225633,85.81255,2.0065198,0.020453714,0.0027105457,0.18785211,2.5431607,0.01276268,0.083770216,0.011158055
1.1815321,0.000355066,4.989939,0.0900577,8.583747,1.8545965,41.069126,6.79045e-05,12.938898,4.0416813,3.2225623,85.812454,2.006521,0.02045372,0.0027105457,0.18785208,2.5431602,0.01276268,0.08377021,0.011158059
1.1815321,0.00035506632,4.9899135,0.09005767,8.583761,1.8545971,41.069084,6.790438e-05,12.938914,4.0416884,3.2225752,85.81284,2.0065098,0.020453658,0.002710544,0.1878526,2.5431695,0.0127626825,0.083770305,0.0111580165
1.1815321,0.0003550662,4.989923,0.09005768,8.583756,1.8545971,41.0691,6.790442e-05,12.938909,4.041687,3.2225714,85.812744,2.0065134,0.020453677,0.0027105447,0.18785244,2.5431666,0.0127626825,0.08377027,0.0111580305
1.1815321,0.00035506632,4.989916,0.09005768,8.583759,1.8545971,41.06909,6.7904395e-05,12.938914,4.0416884,3.2225747,85.81284,2.006511,0.020453662,0.002710544,0.18785258,2.5431683,0.01276268,0.083770305,0.011158021
1.1815321,0.00035506667,4.989893,0.09005765,8.583775,1.8545977,41.069054,6.7904286e-05,12.938931,4.041694,3.2225885,85.81314,2.0065002,0.020453598,0.0027105426,0.18785311,2.5431764,0.01276268,0.083770424,0.011157979
1.1815321,0.00035506638,4.989911,0.09005767,8.583763,1.8545971,41.069084,6.790437e-05,12.93892,4.04169,3.2225776,85.81284,2.0065086,0.020453649,0.0027105438,0.18785268,2.5431705,0.0127626825,0.08377032,0.011158011
1.1815321,0.00035506638,4.989911,0.09005767,8.583763,1.8545971,41.069084,6.790437e-05,12.938914,4.04169,3.2225776,85.81284,2.0065088,0.02045365,0.0027105438,0.18785267,2.54317,0.0127626825,0.08377032,0.011158012
1.1815321,0.00035506647,4.989907,0.09005767,8.583765,1.8545971,41.06908,6.790436e-05,12.93892,4.04169,3.2225807,85.81294,2.006507,0.020453637,0.0027105436,0.18785277,2.543171,0.01276268,0.08377035,0.011158005
1.1815321,0.00035506644,4.9899135,0.09005768,8.583763,1.8545977,41.06909,6.790438e-05,12.938914,4.0416884,3.222578,85.81284,2.0065098,0.020453649,0.0027105438,0.18785267,2.5431683,0.012762678,0.083770335,0.011158014
1.1815325,0.00035506507,4.9899898,0.0900577,8.583716,1.8545946,41.06919,6.7904715e-05,12.938875,4.0416684,3.22253,85.81177,2.0065405,0.02045386,0.0027105499,0.1878509,2.5431461,0.012762694,0.08376995,0.011158144
1.1815325,0.0003550654,4.989971,0.0900577,8.583727,1.8545952,41.069168,6.790464e-05,12.938887,4.041674,3.2225404,85.811966,2.0065336,0.020453813,0.0027105485,0.18785131,2.5431516,0.012762689,0.083770014,0.011158115
1.1815325,0.0003550662,4.989932,0.09005771,8.583751,1.8545971,41.069122,6.790448e-05,12.938898,4.0416827,3.2225688,85.81255,2.0065186,0.020453697,0.0027105447,0.18785226,2.5431607,0.012762673,0.083770245,0.011158048
1.1815325,0.00035506542,4.989971,0.0900577,8.583727,1.8545952,41.069164,6.7904635e-05,12.938887,4.041674,3.2225418,85.812065,2.0065327,0.020453809,0.0027105485,0.18785135,2.5431516,0.012762689,0.08377004,0.011158112
1.1815321,0.00035506385,4.990036,0.09005764,8.583685,1.8545916,41.06923,6.79049e-05,12.938869,4.0416594,3.2224917,85.81118,2.0065563,0.020454012,0.0027105557,0.18784967,2.5431392,0.012762729,0.083769664,0.011158223
1.1815321,0.00035506432,4.99002,0.09005767,8.583696,1.8545922,41.069218,6.790483e-05,12.938869,4.041662,3.222505,85.81138,2.006551,0.020453958,0.0027105536,0.1878501,2.5431414,0.012762715,0.08376975,0.011158196
1.1815321,0.000355066,4.989937,0.0900577,8.583747,1.8545965,41.069122,6.79045e-05,12.938904,4.0416827,3.222563,85.812454,2.0065198,0.020453716,0.0027105457,0.1878521,2.5431607,0.0127626825,0.08377021,0.011158057
1.1815325,0.00035506484,4.989999,0.0900577,8.583709,1.8545934,41.069202,6.790476e-05,12.938875,4.041667,3.222521,85.81167,2.006544,0.020453895,0.002710551,0.18785064,2.5431447,0.012762701,0.08376987,0.011158162
1.1815321,0.0003550669,4.989879,0.09005765,8.583783,1.8545983,41.06904,6.7904235e-05,12.938937,4.041697,3.222597,85.81333,2.0064952,0.020453565,0.0027105417,0.18785338,2.5431798,0.012762678,0.083770484,0.011157958
1.1815321,0.00035506618,4.9899273,0.09005769,8.583755,1.8545971,41.06911,6.790445e-05,12.938904,4.0416856,3.222569,85.812645,2.0065155,0.02045369,0.0027105447,0.18785234,2.543164,0.01276268,0.08377025,0.011158039
1.1815321,0.00035506423,4.99002,0.09005765,8.583696,1.8545922,41.069214,6.790483e-05,12.938869,4.041662,3.2225034,85.81138,2.006551,0.020453963,0.0027105538,0.18785007,2.5431418,0.01276272,0.08376975,0.011158196
1.1815321,0.00035506368,4.9900475,0.09005764,8.58368,1.854591,41.069244,6.790494e-05,12.938864,4.041658,3.2224844,85.81099,2.0065606,0.020454044,0.0027105566,0.18784939,2.543136,0.012762732,0.08376959,0.011158244
1.1815321,0.00035506662,4.989902,0.09005768,8.583769,1.8545977,41.06908,6.7904344e-05,12.93892,4.0416913,3.2225845,85.81294,2.0065055,0.020453623,0.0027105429,0.18785289,2.5431716,0.012762675,0.08377038,0.011157998
1.1815325,0.00035506574,4.9899597,0.090057716,8.5837345,1.8545959,41.06916,6.79046e-05,12.938887,4.0416756,3.2225513,85.81216,2.0065293,0.020453772,0.0027105468,0.18785164,2.5431533,0.01276268,0.083770104,0.011158095
1.1815325,0.00035506592,4.9899483,0.09005771,8.583741,1.8545965,41.06914,6.790454e-05,12.938892,4.04168,3.2225575,85.812355,2.0065246,0.020453744,0.002710546,0.18785188,2.5431564,0.01276268,0.08377015,0.011158076
1.1815325,0.0003550653,4.9899735,0.0900577,8.583725,1.8545946,41.069168,6.790464e-05,12.938887,4.041674,3.2225387,85.811966,2.0065339,0.02045382,0.0027105487,0.18785127,2.5431516,0.012762692,0.08377001,0.011158118
1.1815321,0.0003550635,4.99005,0.09005763,8.583676,1.8545903,41.06924,6.7904955e-05,12.938864,4.0416565,3.2224798,85.81099,2.0065613,0.02045406,0.0027105575,0.18784927,2.5431366,0.012762738,0.08376957,0.011158249
1.1815325,0.00035506557,4.9899645,0.09005771,8.583731,1.8545952,41.069164,6.790461e-05,12.938887,4.0416756,3.222546,85.81216,2.0065308,0.020453792,0.0027105475,0.1878515,2.5431533,0.012762684,0.08377006,0.011158104
1.1815325,0.00035506545,4.989967,0.0900577,8.583729,1.8545952,41.06916,6.790462e-05,12.938887,4.0416756,3.2225437,85.812065,2.0065315,0.020453798,0.002710548,0.18785143,2.5431528,0.012762689,0.08377005,0.011158107
1.1815321,0.00035506702,4.9898744,0.09005765,8.583785,1.8545983,41.06904,6.790422e-05,12.938937,4.0416985,3.2226,85.81333,2.0064938,0.020453554,0.0027105415,0.18785349,2.5431807,0.012762675,0.083770506,0.011157952
1.1815321,0.00035506688,4.9898834,0.09005766,8.583779,1.8545983,41.069046,6.790426e-05,12.938931,4.0416956,3.2225945,85.81323,2.006498,0.020453578,0.002710542,0.18785328,2.5431776,0.012762675,0.08377047,0.011157968
1.1815321,0.0003550665,4.989909,0.09005768,8.583765,1.8545977,41.069084,6.790437e-05,12.938914,4.04169,3.2225807,85.81284,2.0065086,0.02045364,0.0027105436,0.18785274,2.5431688,0.012762675,0.08377035,0.011158009
1.1815321,0.00035506635,4.9899135,0.09005768,8.583761,1.8545971,41.06909,6.7904395e-05,12.938914,4.0416884,3.2225761,85.81284,2.00651,0.020453658,0.002710544,0.1878526,2.5431688,0.01276268,0.08377031,0.011158017
1.1815321,0.0003550647,4.9900036,0.09005769,8.583707,1.8545934,41.069202,6.790477e-05,12.938875,4.041667,3.2225177,85.81158,2.0065448,0.020453908,0.0027105515,0.18785052,2.5431447,0.012762706,0.08376984,0.011158169
1.1815321,0.00035506705,4.989872,0.09005764,8.583787,1.8545983,41.069027,6.79042e-05,12.938937,4.0417,3.2226021,85.81343,2.0064926,0.020453542,0.0027105415,0.18785356,2.543182,0.012762675,0.08377053,0.011157945
1.1815321,0.0003550665,4.989911,0.09005769,8.583765,1.8545971,41.06909,6.790438e-05,12.938914,4.04169,3.2225802,85.81284,2.0065088,0.020453643,0.0027105436,0.18785273,2.5431688,0.012762675,0.083770335,0.011158012
1.1815325,0.00035506525,4.9899807,0.09005771,8.583721,1.8545946,41.06918,6.790468e-05,12.938881,4.0416727,3.2225354,85.81187,2.0065367,0.020453835,0.002710549,0.18785113,2.5431495,0.012762692,0.08376998,0.011158129
1.1815321,0.00035506627,4.989923,0.09005769,8.583756,1.8545965,41.069107,6.790444e-05,12.938909,4.041687,3.222571,85.812645,2.006514,0.020453682,0.0027105445,0.18785241,2.5431652,0.012762678,0.08377026,0.011158035
1.1815321,0.00035506644,4.989916,0.09005769,8.583761,1.8545971,41.069096,6.7904395e-05,12.938914,4.0416884,3.222577,85.81284,2.006511,0.020453654,0.0027105438,0.1878526,2.5431674,0.012762675,0.08377031,0.011158019
1.1815321,0.00035506644,4.9899135,0.09005769,8.583761,1.8545971,41.069096,6.7904395e-05,12.938914,4.0416884,3.2225778,85.81284,2.0065105,0.020453652,0.0027105438,0.18785264,2.5431674,0.012762675,0.08377032,0.011158017
1.1815321,0.00035506653,4.989907,0.09005768,8.583765,1.8545977,41.069084,6.790436e-05,12.938914,4.04169,3.2225814,85.81294,2.0065074,0.020453636,0.0027105436,0.1878528,2.54317,0.012762675,0.08377035,0.011158006
1.1815321,0.000355067,4.989881,0.09005766,8.583781,1.8545983,41.069046,6.790424e-05,12.938931,4.041697,3.2225976,85.81323,2.0064964,0.020453567,0.0027105417,0.18785337,2.543178,0.012762673,0.083770484,0.0111579625
1.1815321,0.00035506632,4.989916,0.09005768,8.583759,1.8545971,41.06909,6.7904395e-05,12.938914,4.0416884,3.222575,85.81284,2.00651,0.02045366,0.002710544,0.18785258,2.5431688,0.0127626825,0.083770305,0.011158019
1.1815321,0.00035506664,4.9899044,0.09005769,8.583769,1.8545977,41.069084,6.790436e-05,12.938914,4.04169,3.2225845,85.81294,2.006507,0.020453626,0.0027105429,0.18785284,2.54317,0.012762673,0.08377038,0.011158003
1.1815325,0.00035506565,4.9899573,0.0900577,8.583736,1.8545959,41.06915,6.790458e-05,12.938892,4.041677,3.2225506,85.812256,2.0065277,0.02045377,0.002710547,0.18785167,2.5431554,0.012762684,0.083770104,0.011158091
1.1815321,0.00035506597,4.989939,0.09005769,8.583747,1.8545965,41.069122,6.79045e-05,12.938904,4.0416813,3.2225616,85.812454,2.0065203,0.020453721,0.0027105457,0.18785207,2.5431607,0.0127626825,0.0837702,0.011158059
1.1815325,0.0003550647,4.990006,0.09005769,8.583705,1.8545934,41.069206,6.790478e-05,12.938869,4.0416656,3.2225168,85.81158,2.006546,0.020453911,0.0027105517,0.18785049,2.5431435,0.012762704,0.083769836,0.011158174
1.1815325,0.000355065,4.989992,0.09005771,8.5837145,1.854594,41.069195,6.790472e-05,12.938875,4.04167,3.2225273,85.81177,2.0065413,0.02045387,0.00271055,0.18785083,2.5431461,0.012762694,0.08376992,0.011158151
1.1815325,0.00035506504,4.9899898,0.0900577,8.583716,1.854594,41.069187,6.7904715e-05,12.938881,4.04167,3.2225282,85.81177,2.0065398,0.020453865,0.0027105499,0.18785089,2.5431473,0.0127626965,0.083769925,0.011158145
1.1815325,0.00035506595,4.989946,0.09005771,8.583743,1.8545965,41.069138,6.790453e-05,12.938898,4.04168,3.2225592,85.812355,2.0065238,0.020453736,0.002710546,0.18785194,2.5431576,0.01276268,0.08377017,0.0111580705
1.1815325,0.00035506525,4.989983,0.090057716,8.58372,1.8545946,41.069187,6.79047e-05,12.938875,4.04167,3.2225344,85.81187,2.006539,0.020453844,0.002710549,0.18785104,2.5431468,0.012762687,0.08376997,0.011158137
1.1815325,0.00035506536,4.989976,0.0900577,8.583723,1.8545952,41.069176,6.790466e-05,12.938881,4.0416727,3.2225387,85.811966,2.006535,0.020453822,0.0027105487,0.18785124,2.54315,0.012762689,0.083770014,0.011158121
1.1815325,0.00035506522,4.989985,0.09005771,8.58372,1.8545946,41.069187,6.790469e-05,12.938881,4.04167,3.2225335,85.81187,2.0065386,0.020453844,0.0027105492,0.18785104,2.5431473,0.012762692,0.08376997,0.011158137
1.1815325,0.00035506574,4.9899573,0.090057716,8.583736,1.8545959,41.069153,6.7904584e-05,12.938892,4.041677,3.222552,85.812256,2.0065277,0.020453768,0.0027105468,0.18785168,2.5431542,0.0127626825,0.083770104,0.011158091
1.1815321,0.00035506478,4.989997,0.09005768,8.583711,1.8545934,41.06919,6.790474e-05,12.938875,4.0416684,3.2225218,85.81167,2.0065424,0.02045389,0.002710551,0.18785067,2.5431461,0.012762704,0.08376988,0.011158158
1.1815321,0.00035506583,4.9899435,0.09005769,8.583743,1.8545959,41.069134,6.790452e-05,12.938898,4.0416813,3.2225575,85.812355,2.0065222,0.020453738,0.0027105461,0.18785194,2.5431597,0.012762684,0.08377016,0.011158068
1.1815325,0.0003550659,4.989946,0.0900577,8.583741,1.8545965,41.069134,6.790453e-05,12.938898,4.04168,3.222558,85.812355,2.0065234,0.020453738,0.0027105461,0.18785192,2.543158,0.0127626825,0.08377017,0.0111580705
1.1815321,0.0003550652,4.9899807,0.09005769,8.583721,1.8545946,41.069176,6.7904664e-05,12.938887,4.0416727,3.2225344,85.81187,2.0065362,0.020453837,0.0027105492,0.18785112,2.5431504,0.012762694,0.08376998,0.011158128
1.1815325,0.00035506618,4.9899297,0.0900577,8.583753,1.8545971,41.06912,6.790446e-05,12.938904,4.041684,3.2225688,85.812645,2.0065167,0.020453691,0.0027105447,0.18785231,2.543163,0.012762678,0.08377025,0.0111580435
1.1815325,0.0003550661,4.9899344,0.0900577,8.583751,1.8545965,41.069122,6.790448e-05,12.938904,4.0416827,3.2225654,85.81255,2.0065184,0.020453708,0.0027105454,0.18785219,2.5431619,0.01276268,0.08377022,0.011158051
1.1815325,0.0003550662,4.9899297,0.0900577,8.583753,1.8545971,41.06912,6.790446e-05,12.938904,4.041684,3.222569,85.812645,2.0065172,0.020453691,0.0027105447,0.18785231,2.5431623,0.012762678,0.08377025,0.0111580435
1.1815325,0.00035506542,4.989976,0.09005773,8.583723,1.8545952,41.06918,6.7904664e-05,12.938881,4.0416713,3.2225404,85.811966,2.0065362,0.02045382,0.0027105485,0.18785124,2.5431478,0.012762684,0.083770014,0.0111581255
1.1815325,0.00035506612,4.989937,0.09005771,8.583749,1.8545965,41.069126,6.79045e-05,12.938898,4.0416813,3.2225657,85.81255,2.0065198,0.020453708,0.002710545,0.18785217,2.5431597,0.012762675,0.08377022,0.011158055
1.1815325,0.0003550653,4.9899783,0.09005771,8.583723,1.8545952,41.06918,6.790468e-05,12.938881,4.0416713,3.2225382,85.811966,2.0065367,0.020453826,0.0027105487,0.18785119,2.5431483,0.012762687,0.08377,0.011158126
1.1815321,0.00035506557,4.9899597,0.09005769,8.583733,1.8545952,41.06915,6.7904584e-05,12.938892,4.041677,3.222547,85.81216,2.0065281,0.020453783,0.0027105475,0.18785156,2.543156,0.012762692,0.08377008,0.011158094
1.1815321,0.00035506548,4.9899645,0.09005769,8.583731,1.8545952,41.069153,6.79046e-05,12.938892,4.041677,3.222545,85.81216,2.0065296,0.020453794,0.0027105478,0.18785147,2.543155,0.012762692,0.08377006,0.0111581
1.1815321,0.00035506548,4.9899597,0.09005768,8.583733,1.8545952,41.06914,6.790458e-05,12.938898,4.041677,3.222546,85.81216,2.0065281,0.020453783,0.0027105478,0.18785155,2.5431564,0.012762694,0.08377008,0.011158094
1.1815325,0.00035506484,4.989999,0.0900577,8.583709,1.854594,41.069202,6.790475e-05,12.938875,4.0416684,3.222522,85.81167,2.0065436,0.020453893,0.0027105508,0.18785065,2.5431447,0.012762701,0.08376987,0.011158161
1.1815321,0.000355065,4.9899874,0.09005768,8.583716,1.8545946,41.06918,6.790469e-05,12.938881,4.04167,3.222529,85.81177,2.0065393,0.02045386,0.00271055,0.18785092,2.5431483,0.012762701,0.08376995,0.011158139
1.1815325,0.00035506595,4.9899435,0.09005771,8.583743,1.8545965,41.069138,6.790453e-05,12.938898,4.04168,3.22256,85.812355,2.0065234,0.020453734,0.002710546,0.18785197,2.5431576,0.012762678,0.08377018,0.01115807
1.1815325,0.00035506615,4.9899297,0.0900577,8.583753,1.8545965,41.06912,6.790446e-05,12.938904,4.041684,3.2225678,85.81255,2.0065172,0.020453697,0.002710545,0.18785226,2.5431623,0.012762678,0.083770245,0.011158045
1.1815325,0.0003550651,4.989985,0.0900577,8.583718,1.8545946,41.069187,6.79047e-05,12.938881,4.04167,3.2225313,85.81187,2.006539,0.020453854,0.0027105496,0.18785098,2.5431478,0.012762694,0.083769955,0.011158139
1.1815325,0.00035506507,4.9899874,0.0900577,8.583716,1.8545946,41.06918,6.79047e-05,12.938881,4.04167,3.22253,85.81177,2.0065393,0.020453857,0.0027105499,0.18785095,2.5431478,0.0127626965,0.08376995,0.01115814
1.1815325,0.00035506577,4.989953,0.09005771,8.583738,1.8545959,41.06915,6.790456e-05,12.938892,4.0416784,3.2225533,85.812256,2.006527,0.02045376,0.0027105466,0.18785176,2.5431554,0.0127626825,0.083770126,0.011158085
1.1815321,0.00035506577,4.9899483,0.09005769,8.583741,1.8545959,41.069134,6.790453e-05,12.938898,4.0416813,3.2225552,85.812355,2.006523,0.020453747,0.0027105466,0.18785186,2.5431592,0.012762687,0.08377014,0.011158073
1.1815321,0.00035506513,4.9899807,0.09005769,8.583721,1.8545946,41.069168,6.7904664e-05,12.938887,4.0416727,3.2225342,85.811966,2.0065358,0.020453837,0.0027105492,0.18785112,2.5431504,0.012762698,0.08376998,0.011158126
