Anth,B,C,Ca,Car,Cel,Chl,Cu,EWT,Fiber,LAI,LMA,Lignin,Mg,Mn,N,NSC,P,K,S
1.3087348,0.00016186749,2.337419,0.036209587,5.7874455,1.1369487,24.198458,3.7699112e-05,9.864294,1.9285011,3.1951494,46.302605,0.863943,0.011012977,0.0011780983,0.08873243,1.1187154,0.011353119,0.0882315,0.008820106
1.5779437,0.00012391836,1.6655116,0.022476992,8.095943,0.9015635,27.63254,3.4110697e-05,7.300853,1.4719537,3.419027,28.630896,0.39498526,0.01002435,0.00043666462,0.08182742,0.76729846,0.011185086,0.08823764,0.00755654
1.3292431,0.00017189654,1.943583,0.02127711,7.4819636,0.86646134,26.30732,3.1495474e-05,12.340386,1.4105569,3.212232,30.695526,0.5152499,0.008318962,0.0009901329,0.08494802,0.9311322,0.01107689,0.08074951,0.007858549
1.2262142,0.00013523185,2.1631258,0.03185504,6.170829,1.1376287,28.244513,3.583779e-05,9.328283,1.9752706,3.4817748,48.042675,0.632151,0.00824667,0.00036035306,0.091397665,0.8128781,0.011969785,0.09439636,0.009029087
0.98778874,0.00020297007,2.2555056,0.09325047,8.810705,0.98709095,26.3157,4.7152058e-05,18.657825,1.647592,3.1344733,56.359615,0.7198659,0.015853472,0.0013904934,0.13065423,1.2276855,0.011453537,0.09154141,0.011696856
1.203043,0.00016966101,2.544526,0.04745777,5.160415,1.1344979,25.441654,4.2025124e-05,12.808047,2.05972,2.9808862,51.01817,0.7866987,0.010611289,0.00080989883,0.0952817,1.1874309,0.01064742,0.091518216,0.0069617857
1.3207015,0.00020520951,3.1467323,0.07909567,9.173991,1.0133989,49.172626,4.736444e-05,11.645527,1.4723316,2.924029,72.826096,0.8296315,0.018257633,0.0012227198,0.17832816,1.1191331,0.01366066,0.10303148,0.014449338
1.4309027,0.0002479431,2.7956705,0.047685347,6.478473,1.1274341,32.673435,5.2554034e-05,12.181633,1.8332353,3.0037422,54.81726,0.7832943,0.018140584,0.0010714305,0.14587598,1.2682613,0.014232234,0.11886835,0.010724844
1.2289133,0.00013740794,1.9087546,0.017192349,6.853882,1.166107,20.831842,3.3464483e-05,8.102437,1.8727139,2.8988411,29.884562,0.63668287,0.007108342,0.0008788826,0.07189164,0.86182743,0.009209913,0.094398655,0.00697896
1.3982434,0.00018981556,2.2550664,0.07500243,5.8592296,1.0834268,26.041958,3.887966e-05,19.68067,1.6293918,2.5588903,46.40145,0.7391426,0.013211149,0.0009649123,0.10688143,1.1957626,0.011748607,0.092264116,0.008680597
1.0781864,0.00018064684,2.1515384,0.045835793,6.322518,1.078079,24.569801,4.010765e-05,10.581299,1.9365063,2.3603437,35.074535,0.815575,0.011188369,0.0011066521,0.08986619,1.1178644,0.010515669,0.08557484,0.008397215
1.1731398,0.000110270536,1.7207785,0.022524703,7.2177124,1.0831231,24.09766,3.231374e-05,8.249908,1.914368,2.7985113,29.756762,0.6142973,0.006674686,0.0004554572,0.071902886,0.77411544,0.011140332,0.09565309,0.008033783
1.1944629,0.00019285789,2.8099785,0.05542408,5.647148,1.0591153,24.944733,4.1953397e-05,16.878351,1.7069333,3.0618126,53.14484,0.6870362,0.014182218,0.00080456294,0.08887155,1.1988449,0.01986598,0.0910863,0.008980221
1.2064675,0.00017328681,2.1566145,0.045329977,4.8289356,1.1394112,27.329813,4.18396e-05,25.368092,2.0527394,2.9073772,36.742355,0.80483675,0.0068812156,0.0010809172,0.07104367,1.0012165,0.009355747,0.10271782,0.0074338526
0.99857247,0.0002217019,3.098497,0.079221904,7.9910173,1.1774793,30.484198,4.885585e-05,11.357725,2.172381,5.5606666,61.079464,1.0265448,0.018461488,0.0013607809,0.15168908,1.3453367,0.013726503,0.087233275,0.011005695
1.2478627,0.00016834287,2.2511234,0.069246985,10.011075,1.0046387,38.322346,3.0431416e-05,16.134865,1.5711722,2.7747226,37.046715,0.73123866,0.013964854,0.0011216212,0.12184591,1.1181,0.011273274,0.08784242,0.010835504
1.1360819,0.00020868857,2.5851572,0.07207867,10.929321,1.3091583,39.354298,4.572955e-05,22.484283,2.353382,4.6996837,55.533257,1.0156659,0.016784543,0.0013039235,0.15750888,1.1683795,0.0133217275,0.10449651,0.012503995
1.3762177,0.00017943082,2.159679,0.07183088,9.946409,1.289068,36.461235,3.496784e-05,14.399764,1.754634,3.870227,40.47469,0.60754275,0.016357463,0.0010951511,0.11152353,1.0020158,0.01128414,0.10844258,0.012111247
1.072292,0.00017267287,2.447986,0.07690658,8.033163,1.0786207,27.880484,4.588336e-05,10.893974,1.9053237,4.1577735,40.174442,0.9085404,0.017281432,0.0013455806,0.13763484,1.0556929,0.0138249,0.08739977,0.013651565
1.222655,0.00020650636,2.4093947,0.070129804,8.886701,1.1437576,28.596727,5.0973576e-05,12.745833,1.7856014,3.2496264,37.091606,0.9044117,0.016194036,0.0012640916,0.15448289,1.2627623,0.014979426,0.09014822,0.011852395
1.8324478,0.00023817859,2.6501348,0.072254024,10.880703,0.99134994,37.2363,4.2942105e-05,14.90081,1.4590703,4.303082,47.5885,0.6921426,0.017728504,0.0010635785,0.107099,1.3083695,0.01198724,0.08608655,0.011670508
0.8947124,0.00017571439,2.7648358,0.06566262,8.051066,1.1375512,33.4687,4.4974193e-05,13.1034975,1.7828486,3.9757648,61.451538,0.80871594,0.01936486,0.0012633292,0.14866135,0.9432053,0.014213851,0.109481305,0.014594581
0.9766835,0.00014074614,2.1707175,0.045423165,8.166191,1.0368103,31.405766,4.3986623e-05,11.973956,1.5953115,3.0941923,39.889286,0.6445466,0.015761917,0.0009310403,0.13421905,1.0080955,0.010717039,0.082417466,0.011835064
1.300834,0.00020555675,2.402691,0.055525884,8.493753,0.9057704,31.624191,3.9264112e-05,13.675819,1.7853432,3.7935786,39.087234,0.71300465,0.013111624,0.001150309,0.12839384,1.2625465,0.0108526815,0.06882329,0.009622798
1.333759,0.00026018877,2.5622787,0.07015785,10.655246,1.3439429,38.416435,4.6833742e-05,20.971766,2.2654893,4.363365,54.06824,0.96918714,0.01680361,0.0014557653,0.16358018,1.1829981,0.0119018005,0.09691888,0.01048269
1.6431503,0.0001982708,1.6462455,0.0610935,12.421105,1.1150587,57.4117,5.149879e-05,13.417166,1.3852991,2.1327102,48.01328,0.6062703,0.016941383,0.0010410792,0.1359304,0.81907177,0.012192996,0.12566958,0.012949609
0.9548865,0.00018774823,2.255563,0.07414096,8.738371,1.0514727,33.1846,4.202215e-05,15.248874,1.8953159,3.73697,40.6439,0.6838458,0.014230342,0.0009514331,0.12993774,0.9812065,0.010638935,0.08517248,0.01082679
1.1184524,0.00025013072,3.0969489,0.089835584,8.620567,1.373048,26.843048,4.6824236e-05,15.021747,2.5189764,3.2998023,57.93867,1.4006554,0.019657724,0.0016659888,0.1611367,1.3907506,0.013366648,0.08504374,0.012473785
1.447494,0.0002467703,2.1646929,0.083310135,9.291411,1.1133914,31.48205,4.5048728e-05,12.5138235,1.9942702,4.320847,36.393906,0.96642697,0.017869882,0.0013878585,0.096027344,1.05599,0.014427716,0.10923181,0.0133717125
1.2539268,0.00027511452,3.1387317,0.066810735,9.751119,1.198897,32.923416,5.6398396e-05,18.191008,2.5362272,4.026444,56.991913,1.2831068,0.017756678,0.0019478975,0.13381061,1.739135,0.014159181,0.092979155,0.013412406
1.4844161,0.00020214691,2.1450896,0.07937376,11.958683,1.0966539,52.057602,4.483689e-05,11.097839,1.6211374,2.5548868,43.367428,0.6838947,0.01608639,0.001192874,0.13047478,1.0832483,0.010606455,0.10213749,0.011600555
1.4816068,0.00016806032,1.8982085,0.078673474,9.783197,1.0003456,36.442455,4.0125404e-05,10.4301405,1.6378204,5.4320645,32.800636,0.74439764,0.014746362,0.0009804361,0.120899394,0.9183828,0.0124949515,0.10511733,0.009573346
1.5053966,0.00018376576,2.282066,0.07576124,9.353725,1.1790974,34.75029,4.2403244e-05,7.7296925,2.043449,5.4960337,38.955578,1.060327,0.014316225,0.0012055342,0.1600185,0.98880583,0.0134003,0.10036785,0.011537323
1.3650204,0.0002046576,2.5550404,0.08051036,9.094763,1.1796514,29.327642,4.6986785e-05,12.887364,2.2786515,3.40587,38.85382,1.1428751,0.016915776,0.0019673205,0.15842196,1.7391378,0.012725764,0.087258175,0.009628677
1.4514433,0.00022244238,1.2965051,0.0803631,10.385392,1.2313733,42.453575,4.8398582e-05,11.262901,1.7664596,3.7156155,41.510624,0.7294491,0.01605178,0.0011996233,0.08670558,0.78194124,0.012565841,0.13237308,0.012458618
1.6644361,0.00019580295,2.3099196,0.0762616,9.271221,0.9081152,39.96073,3.7990296e-05,16.98129,1.6184001,4.9190364,39.07005,0.7530644,0.012913603,0.0014558871,0.14017822,1.3014815,0.012797883,0.07739019,0.009322953
1.3048887,0.00020062343,2.5660744,0.083501056,8.552688,0.9892629,28.24378,4.0010782e-05,8.492825,1.7812263,6.14564,43.950607,0.82043785,0.013674478,0.0011690918,0.15107839,1.2136425,0.01271927,0.09184221,0.0099829985
1.3579642,0.0002049894,2.3005555,0.08185816,8.845019,1.2064749,33.812313,4.380535e-05,14.755421,1.9642476,3.4910278,49.24149,0.8852349,0.015014951,0.0011962298,0.1274119,1.1003889,0.011987025,0.0968952,0.010671095
1.3827856,0.00021052238,2.565061,0.07868198,9.374088,1.1856549,29.033901,4.3532345e-05,11.033396,2.119322,6.576701,46.50438,1.1197137,0.012352871,0.0013574188,0.12786365,1.270898,0.012494596,0.09193897,0.00958782
1.2823117,0.00023030593,2.9975593,0.092625335,7.759072,1.4042878,24.221336,4.940958e-05,14.108463,2.390897,3.7775161,59.93964,1.1964118,0.017181648,0.0015161381,0.15566912,1.7277621,0.01388677,0.088044845,0.010582508
1.4920568,0.00020048794,2.3462656,0.06769811,9.380867,0.85217446,34.667583,3.812955e-05,11.935038,1.6779372,5.0156765,38.599056,0.8457315,0.013536635,0.0011610746,0.14028318,1.2599771,0.013123583,0.06892038,0.010162807
1.5693333,0.00020203205,1.4085691,0.09461337,12.48965,1.1076654,60.188473,4.9033017e-05,15.42359,1.2919052,2.0499911,65.37323,0.76541585,0.020282965,0.001177895,0.08637562,0.9039261,0.014526507,0.113854855,0.01448188
1.5261487,0.00022496082,2.71432,0.07449581,8.409829,0.9411056,36.75082,4.1063995e-05,15.828169,1.7827771,5.094539,45.97349,0.9010747,0.013692812,0.0015697142,0.14327444,1.4216838,0.013036985,0.071949385,0.010160806
0.8382408,0.00025531134,4.084468,0.0812757,7.243943,1.479286,26.927263,5.6340657e-05,9.506759,2.7787075,5.042356,80.52608,1.4289458,0.021229498,0.0017166813,0.1827659,1.8016533,0.013921617,0.09690325,0.010893467
1.9404941,0.00025015496,2.5108156,0.09572965,12.129394,1.3519168,66.36041,5.5353798e-05,14.116657,2.2333632,4.6442785,66.1371,1.0823816,0.022037916,0.0015589542,0.17126407,1.364392,0.017623631,0.15317518,0.014051495
1.2567881,0.0002541923,2.706972,0.07184653,9.154851,1.1608227,29.352833,4.6305242e-05,12.600539,2.07677,4.065124,46.103447,1.0446125,0.014524528,0.0017947453,0.1474698,1.4372727,0.012318277,0.083139345,0.009544798
1.6263838,0.00021533614,2.5642078,0.09193483,7.83767,1.0921834,22.295301,4.4259432e-05,14.314006,1.9974012,4.5153575,58.473526,0.95554745,0.015064237,0.0012495832,0.1310052,1.3565813,0.01243034,0.0849669,0.008237454
1.5574745,0.00021526916,2.700137,0.07900645,8.522567,0.9612051,35.35361,4.1080006e-05,16.18394,1.9403296,6.0990014,43.825974,1.0243412,0.01216627,0.0016351928,0.15128428,1.4269491,0.012925778,0.06716665,0.009607275
1.4220992,0.00021235924,2.4898517,0.08945364,9.37518,1.1213648,34.057873,4.7673606e-05,11.412636,1.9708272,5.1478333,45.88598,0.8529602,0.017836735,0.0013641047,0.14640127,1.1053038,0.015003168,0.09227239,0.0121139465
1.1708099,0.00015575385,1.4180773,0.06426256,9.040484,1.0047598,33.741188,3.800777e-05,10.810493,1.1838411,1.3574431,34.660892,0.58269495,0.012779814,0.0006795257,0.094977304,0.7128553,0.011822865,0.103254266,0.011481735
1.961959,0.0002316411,1.8967279,0.08961841,11.697145,1.1734203,58.975315,4.7891015e-05,12.886215,1.8900654,5.1657557,54.51236,0.78088677,0.019532721,0.0011905632,0.14674997,1.0414268,0.016125448,0.14559984,0.014836221
1.1392994,0.0001660344,2.2233486,0.043277703,8.213858,1.2906333,26.777636,4.0293304e-05,6.785016,2.023402,0.27733165,40.154724,1.031682,0.0119897295,0.0009813677,0.10360042,1.1401471,0.008849605,0.08021882,0.007922652
0.90310866,0.0001878248,2.5181925,0.09384079,7.0269294,1.1160269,20.750784,4.907366e-05,12.717229,1.8810556,4.8519692,42.291817,0.8657705,0.01868333,0.0011398194,0.1450608,1.3131493,0.011513874,0.08689094,0.010598117
0.8602172,0.00016141043,2.3689055,0.06533165,7.3337507,0.98881054,26.208414,4.2095024e-05,9.790357,1.8230699,5.58786,39.416706,0.6629223,0.014090453,0.0009577414,0.1262403,1.0827941,0.011034031,0.07789398,0.0098887915
1.3605124,0.00026206125,2.8231537,0.089612044,9.068821,1.3714046,32.266994,4.4059783e-05,13.870486,2.5666542,4.6974535,44.035873,1.1094339,0.01474725,0.0015101307,0.14345042,1.2151265,0.011961325,0.086614005,0.010560894
1.3235359,0.0001465927,1.596971,0.064595826,9.949183,1.0879607,36.171097,3.286557e-05,14.205231,1.8247559,4.008832,24.239365,0.7550853,0.012126458,0.00096245785,0.11026725,0.8280649,0.010830869,0.087744884,0.009065709
1.102431,0.00018167704,2.433777,0.06250114,7.9968286,1.1243328,26.62955,4.3756223e-05,7.9167767,2.0474808,6.7714458,44.74404,0.7828298,0.014774322,0.0012978723,0.1389238,1.1440178,0.0108844815,0.08828838,0.008275974
1.1236819,0.00023334024,2.7693284,0.07672399,8.599217,1.1875254,32.191986,4.598971e-05,11.429459,2.11751,4.0828714,44.785473,1.0462261,0.0173642,0.0014215169,0.13527307,1.3489165,0.012297899,0.08622383,0.01014483
1.3565418,0.00021250323,2.812675,0.0758783,9.479814,1.3028473,33.06588,4.2137563e-05,12.130972,2.5409517,3.65289,45.15781,1.1754881,0.014767398,0.0016772383,0.14535365,1.5043167,0.013071096,0.107757606,0.011814653
0.8543191,0.00017523188,2.3716826,0.06108116,7.204957,1.1744857,23.505562,4.4304827e-05,10.74363,1.9787134,6.3570876,37.156414,0.7842124,0.013249727,0.0012557432,0.11884722,1.1212901,0.010283436,0.076078966,0.008485921
1.1989663,0.0002268023,3.0169876,0.06650064,8.4396105,1.2793108,28.637182,4.780873e-05,13.847074,2.3229034,3.7638896,52.493607,1.1564792,0.013305944,0.0013809666,0.15822779,1.4277894,0.011167282,0.090096764,0.00999942
1.5359817,0.00022335733,2.3730881,0.089054525,9.130448,1.0974694,29.762093,4.414258e-05,14.327111,2.0523906,3.8235347,39.433666,0.9140154,0.015447452,0.0013173386,0.13126937,1.3822515,0.013132335,0.0817612,0.008162476
1.2314416,0.00020648638,2.5393684,0.07390662,9.180672,1.0575327,23.350603,4.2348503e-05,12.599886,2.0378423,3.216189,40.73978,1.0508207,0.013017038,0.0014960871,0.14002804,1.3662854,0.011555354,0.08615043,0.008953939
1.3927575,0.00025441736,2.313566,0.085562594,9.279908,1.0933388,32.32028,4.819012e-05,11.124383,1.7327423,2.6744828,38.48273,0.91290313,0.019082278,0.0012941932,0.12578556,1.3483335,0.013608461,0.08440533,0.010883954
1.0144823,9.955645e-05,2.0347548,0.06593743,8.08188,0.95707375,35.12248,3.512799e-05,10.019141,1.4154124,5.09838,37.551434,0.5759605,0.016076103,0.00095234415,0.1278173,1.0728133,0.010715329,0.081130326,0.011083014
0.9119041,0.00019579205,3.1884763,0.06680401,7.3470607,1.2894177,26.053833,4.84848e-05,9.936405,2.223424,4.838458,62.31472,1.0083307,0.017840868,0.0012189737,0.15003425,1.3828089,0.012815918,0.105708,0.010301977
0.8587793,0.00018141653,2.383629,0.06243303,7.265235,1.167482,24.07548,4.4265566e-05,11.000497,1.9389422,6.498885,37.431355,0.76615024,0.0135878185,0.0012479052,0.12175009,1.120537,0.010462734,0.07922238,0.008387239
1.1443604,0.00022072313,2.4418337,0.0862589,8.720998,1.0634414,26.749016,4.4074688e-05,13.278542,1.7983705,5.16374,39.30248,0.9021179,0.01856444,0.0011857006,0.11028269,1.1842582,0.012741616,0.08210217,0.0102017615
0.8142613,0.00019583927,2.44885,0.06853196,6.805805,1.2582812,19.097425,5.134836e-05,12.809762,2.1352198,6.0273724,38.820778,0.8970003,0.01779836,0.001155804,0.14366676,1.3312246,0.011547281,0.0906477,0.009395101
0.61682075,0.0001601811,2.3782809,0.0645034,7.044414,0.926581,22.673132,4.4436056e-05,7.5789084,1.7577829,7.0356226,35.880203,0.70960003,0.015757537,0.0012044341,0.12887436,1.2034668,0.010578324,0.076031044,0.009787176
1.2567855,0.00017570863,2.0350626,0.06640425,8.458579,0.9757007,31.510637,4.122433e-05,7.859232,1.9343041,6.502064,34.1899,0.80906713,0.013123548,0.0010302293,0.112598576,1.0164872,0.010450844,0.084337845,0.008169559
1.1305457,0.00011722098,2.1015613,0.045626182,7.746907,0.88521725,31.527414,3.7588456e-05,8.454668,1.6582074,1.7483548,36.090256,0.6005021,0.013241391,0.0010157095,0.1118209,0.9719115,0.009875726,0.0752451,0.009970268
1.5028064,0.00015894744,2.1972995,0.056404922,9.030214,0.943839,27.688816,3.5822562e-05,15.022184,1.4364241,3.3062148,43.622513,0.5811767,0.015911603,0.0012300132,0.09717953,1.0569338,0.009294017,0.07377372,0.0076664956
1.2089778,0.00017823427,2.146681,0.07285204,8.032652,1.0195708,30.769117,4.2151478e-05,7.659969,1.9924005,6.6869884,36.00596,0.7858697,0.012678082,0.00096141896,0.111078165,0.9704481,0.010054534,0.08646389,0.008441087
1.4894495,0.00024073244,2.8814452,0.07468839,8.518217,1.2731555,23.403688,4.8637503e-05,17.15386,2.3191144,2.9301767,57.557755,1.1679659,0.016695984,0.0013833537,0.15794364,1.4932681,0.01018782,0.08520948,0.008876584
1.3796434,0.00016979639,2.0417383,0.06292985,8.654652,0.941375,26.659721,3.669486e-05,17.706938,1.2938429,2.8880224,40.274628,0.57831836,0.015536469,0.0011005865,0.09834876,0.9965617,0.008463441,0.07093731,0.0075534782
1.5482634,0.00022882465,2.8552387,0.097686514,11.235041,1.2473269,48.121136,4.9374972e-05,12.674308,1.8078275,2.6184084,61.91119,0.8570437,0.019020379,0.0014058606,0.15362409,1.1193695,0.012721474,0.11893115,0.012856647
0.72100675,0.00019033295,2.440812,0.059127275,5.8939943,1.1172471,13.136817,4.6821504e-05,17.720192,1.6522707,3.6312826,37.981033,0.726036,0.01672041,0.0009959114,0.12287358,1.1530972,0.012122238,0.10778755,0.010576229
2.3815582,0.00018742133,2.3437326,0.079193495,11.829814,1.1812488,64.848206,4.8458343e-05,13.520754,1.5412312,6.1917305,73.01863,0.84813,0.01792282,0.00137178,0.18384014,1.1443266,0.01559211,0.14264108,0.012577403
1.2035547,0.00022865698,2.8257306,0.122834824,9.822506,1.1906003,33.639236,5.1969924e-05,28.87267,2.0752234,4.3716054,53.39897,1.0030032,0.017892245,0.0016347845,0.16680235,1.4932853,0.012609215,0.09390355,0.013190231
1.2342254,0.00019768716,3.1877427,0.06447367,7.832528,1.2469121,23.455101,4.2981548e-05,15.705491,2.047307,2.1768425,62.741753,0.9388033,0.013641484,0.0012772573,0.13633698,1.2979017,0.0106197335,0.078628324,0.009787153
0.8020012,0.00025399617,3.4636831,0.07013176,6.380157,1.3848798,24.145782,5.337254e-05,11.687622,2.553296,5.0987287,67.502914,1.3252933,0.0178221,0.0013860516,0.15714687,1.5293785,0.0128098335,0.093096785,0.0103109
0.7015353,0.00017582881,1.8778903,0.059984457,5.36657,0.96979,12.51749,4.8330436e-05,12.661862,1.5069283,4.5571785,24.953728,0.668963,0.014895586,0.000982635,0.1328859,1.1440603,0.012228694,0.1007182,0.010151899
1.1960725,0.0002588594,2.7639148,0.08206239,8.619364,1.1688182,33.76683,4.838889e-05,11.029121,2.2259579,3.5609536,40.12432,1.1199448,0.01711267,0.0018781164,0.14591578,1.3615854,0.01314114,0.08189484,0.010914272
0.8280698,0.00023426238,3.3012326,0.062047817,6.6927886,1.4664965,23.57018,5.2871408e-05,11.967715,2.7536154,5.9876804,59.907948,1.2464011,0.01678588,0.0013372006,0.16981815,1.546963,0.012390434,0.09974345,0.009582797
1.4122918,0.0002449995,2.6858335,0.10360325,10.477186,1.286592,43.310703,5.33473e-05,11.815064,2.1587536,2.9217594,50.276638,0.97750294,0.019827206,0.0014616892,0.16879578,1.1639993,0.01173482,0.10528824,0.012987959
0.63965166,0.00015588794,2.1279902,0.06309202,7.283,0.84008056,20.797024,4.4870103e-05,7.984006,1.4020139,6.274076,31.337778,0.6982772,0.014880634,0.0012196101,0.12611732,1.1304537,0.01061153,0.07392625,0.00988025
1.3350568,0.00018239819,2.1931481,0.06364297,10.762371,0.97684646,36.6476,4.108653e-05,16.776876,1.576888,3.777127,40.448532,0.6065532,0.009796642,0.0010436628,0.10999461,1.0311358,0.010535696,0.09059539,0.008615453
1.0318406,0.00016274925,2.2351875,0.04866145,8.575992,1.2342358,29.514334,4.2264317e-05,6.37515,1.896032,1.1122024,37.75435,0.9472409,0.012837204,0.0012023555,0.11668447,1.1930376,0.008702194,0.07613769,0.0078121177
1.2808808,0.00023338853,2.4135685,0.07409005,10.482725,1.0340495,38.499702,4.532245e-05,15.579055,2.0639472,4.5378976,38.38677,0.93102354,0.014781185,0.0011370614,0.14341542,1.0621521,0.013628851,0.089032225,0.01166215
1.5698773,0.00022318975,2.3866303,0.06975987,11.462982,1.1618387,48.829292,4.9712275e-05,14.126901,1.9428165,3.8155696,41.336994,0.7610269,0.014895489,0.0010791448,0.17560013,1.1409924,0.014511567,0.10911136,0.010235827
1.122069,0.00019456583,2.2036037,0.047253907,9.761716,1.1139587,38.041462,4.6646546e-05,13.392911,1.8713703,3.5265257,38.839333,0.5959343,0.014725197,0.0008961167,0.1372898,1.0729961,0.012539275,0.10317134,0.012091113
1.6634045,0.0002305597,1.8295698,0.08217058,11.347569,0.9125894,45.77987,4.1210522e-05,13.1078205,1.3839408,4.3352156,26.81298,0.5483352,0.013261053,0.0011963462,0.12985338,0.94360065,0.012984253,0.09035634,0.009014873
1.2690116,0.00017065826,2.2982767,0.06324972,9.505107,1.107337,39.11198,4.1951655e-05,14.80307,2.0725656,4.795028,31.99404,0.8709684,0.013355879,0.0008786234,0.12844239,1.1859311,0.013375447,0.100928865,0.01024432
1.6689508,0.00021130822,2.0067072,0.05575209,9.884121,1.1806953,27.91221,4.413544e-05,9.533986,1.9109288,0.796913,37.639492,0.9454203,0.014082124,0.001270957,0.11669907,1.0179224,0.009257026,0.08580923,0.007815664
0.83196175,0.00017253136,1.8326215,0.05862212,7.669149,0.9349523,23.23348,4.4596323e-05,10.27437,1.6421459,1.7613432,25.101336,0.61309326,0.013423236,0.0009952888,0.11467147,0.8888657,0.0113550965,0.09237163,0.00989795
1.3938903,0.0002636064,2.7089753,0.10387319,10.065614,1.5227395,34.79178,4.2782693e-05,13.640646,2.2628524,3.1545825,43.250725,0.9947414,0.016697137,0.0013971041,0.1283924,1.0733975,0.01233122,0.11379056,0.0100780185
1.31727,0.00024784388,2.687793,0.092295155,9.984273,1.0232477,36.817978,5.3966047e-05,11.502476,1.962652,3.7749925,49.96727,1.0203251,0.017015211,0.0013980515,0.17589077,1.1947932,0.014805403,0.08624555,0.010446182
0.8482159,0.00022713449,2.6248698,0.063035704,8.135585,1.1370062,26.81697,4.944532e-05,14.837939,2.1298919,2.0895123,39.18126,0.8414348,0.014654987,0.001341301,0.13998319,1.3093556,0.011126614,0.09367936,0.00921697
1.2983152,0.00013448115,1.5568955,0.061275493,10.54908,0.9036542,40.52151,3.337171e-05,12.151861,1.719849,6.1475043,25.8109,0.7745528,0.0136038875,0.0007538133,0.11286403,0.86761874,0.012006271,0.086386025,0.009255095
1.4497209,0.00015622436,1.7380162,0.070483826,11.858481,1.1519973,55.416477,4.3898723e-05,11.200162,1.2461296,1.5251104,60.740166,0.66335386,0.015095985,0.001032316,0.14621444,0.8840333,0.012524603,0.12499992,0.012429824
0.9668811,0.00024275464,2.9814484,0.08466581,6.31985,1.5017647,20.837708,5.0223585e-05,15.182089,2.5700107,4.551911,69.568794,1.0008651,0.017039571,0.0012710778,0.120147355,1.5713421,0.011588739,0.091501296,0.009553163
1.4500113,0.00023822517,2.9427369,0.08579186,10.910427,1.1190171,37.22823,5.1516203e-05,11.724852,1.7712327,2.331795,56.14169,0.9092484,0.018086515,0.0014656642,0.19277117,1.6652876,0.014055165,0.08667027,0.012531282
1.2197711,0.00014004903,1.7137225,0.07347937,11.118543,1.0802411,49.964954,4.1598363e-05,12.608038,0.84226906,1.8022734,63.195957,0.58288616,0.017027285,0.0009726214,0.12632921,0.86593366,0.013650906,0.12574169,0.013424788
0.7314462,0.0002266894,2.63121,0.0743533,7.026179,1.1142466,23.230644,5.2968826e-05,21.160702,2.2783318,2.2033968,39.60698,0.94807965,0.015856406,0.0011990351,0.13335909,1.3425289,0.011293459,0.09074173,0.010799434
0.81054187,0.00021634478,2.5924664,0.07223727,5.9266376,1.0351583,14.998873,4.6254474e-05,12.852478,1.9439528,3.4360197,46.501263,0.839375,0.016672622,0.0011505579,0.10233427,1.3420066,0.011632777,0.084265664,0.010520285
1.4713731,0.00021385464,1.9449384,0.062260594,9.887818,1.0984079,34.818703,4.4300476e-05,15.92497,1.7495096,3.3353028,24.634695,0.784289,0.0114103835,0.0011161398,0.1510602,1.1315334,0.012549873,0.093823485,0.008757875
1.3165582,0.00024085527,2.8370874,0.0638814,8.797628,1.1816094,32.363396,4.4825763e-05,12.57397,1.8676387,3.3021774,43.299927,0.87141734,0.015184457,0.0015160026,0.14829454,1.3883506,0.013503207,0.08597377,0.012558529
0.74264294,0.00020846303,2.6252594,0.06395442,6.69569,1.2885913,20.154211,4.724785e-05,13.7160845,2.4375598,3.837126,36.403187,1.0074443,0.0149322795,0.0012073356,0.13855948,1.3316646,0.01264736,0.09617575,0.011696922
0.89380944,0.0002620843,3.3244326,0.06829079,8.788797,1.1974769,28.108215,5.8410995e-05,14.733457,2.2833319,2.6791718,65.81386,1.1196212,0.019450087,0.0012831828,0.1749592,1.4859613,0.015715666,0.10762713,0.015000727
1.1491991,0.0002570685,2.8819878,0.06887779,8.002908,1.3651617,26.43603,4.9429505e-05,11.0085125,2.7647948,3.9249017,44.540924,1.3471992,0.015624078,0.0017633145,0.15331943,1.4950438,0.012497562,0.092017666,0.009260308
1.4084823,0.00028049754,3.1384757,0.108103074,11.750424,1.506864,49.46463,5.268193e-05,60.968884,2.2527988,3.9530432,78.21928,0.9464005,0.021829547,0.0012002909,0.16907842,1.3440368,0.016777419,0.11775844,0.013746833
1.4145594,0.00014132775,2.216315,0.06140349,9.616659,0.9581293,37.116405,4.4817847e-05,8.962327,1.6041782,5.155318,43.049812,0.72352964,0.011325396,0.0011648478,0.14059941,1.0152049,0.009672029,0.08487884,0.010313911
1.3995681,0.0002033943,1.9155439,0.07093432,9.514041,1.1003762,33.23628,3.98528e-05,15.174456,1.800348,3.1821976,24.004206,0.82919484,0.010949838,0.0010681581,0.14057384,1.0323652,0.011821939,0.088691145,0.009007665
1.4978075,0.00022311913,2.7255847,0.08708142,10.33369,1.1496978,36.865,5.0370632e-05,10.569067,1.986046,4.9931316,52.33214,1.0584422,0.015885709,0.0013269001,0.15941189,1.374074,0.012154214,0.09432532,0.0099971825
1.0651762,0.00020661691,2.4070828,0.072403006,8.118791,0.99880356,25.548697,4.2941174e-05,14.687816,2.1391032,4.497409,33.00106,1.0376787,0.015399099,0.0012829532,0.14015087,1.2502393,0.013935176,0.07959537,0.011270059
0.83826035,0.00029988773,3.7632244,0.076316096,8.245519,1.3239763,27.11318,5.976565e-05,18.1209,2.527837,3.3578153,76.63001,1.3489308,0.01962202,0.0014683821,0.16951537,1.5545417,0.015681937,0.10029943,0.01437911
1.498668,0.00023919543,2.7065203,0.08370985,9.690539,0.95571786,32.176476,4.4239016e-05,13.416833,1.5755929,2.4813688,60.57991,0.6800354,0.019111514,0.0013086091,0.14141873,1.4417037,0.010132675,0.08982083,0.009913067
1.4148397,0.00014801986,2.424526,0.074933246,7.474629,1.079585,23.721598,4.243711e-05,11.741684,1.7648071,5.0635414,40.20476,0.62840843,0.017785711,0.00094490557,0.13541226,1.0627054,0.012147403,0.101368524,0.010843537
1.4326476,0.0001704583,1.8252475,0.10925545,10.833241,0.8815919,54.020245,3.9705577e-05,11.951987,0.85608345,3.56368,52.05758,0.667915,0.018846784,0.00088169216,0.107514545,0.98215306,0.013166018,0.110094115,0.012205637
1.3003188,0.0002543863,2.6605225,0.06240355,8.038789,1.2684067,30.776958,4.9545473e-05,10.626142,2.4366279,2.6899378,42.39048,1.2725726,0.012928575,0.00111137,0.14041719,1.5236142,0.011615916,0.092704386,0.008815623
1.3994775,0.00025931752,3.1106303,0.09338648,9.096015,1.0825742,31.327377,4.4256056e-05,10.717629,1.8868634,2.566446,49.87381,0.8721901,0.018684093,0.0013507551,0.12725,1.439823,0.0145869125,0.08256651,0.01123487
1.242146,0.0002986752,3.024621,0.084543996,11.18311,1.1687802,39.17428,5.289735e-05,20.183882,1.9585261,3.9793866,61.68189,0.9967634,0.019653022,0.0020578974,0.14552943,1.3875865,0.012074106,0.08866708,0.010609054
0.92572105,0.00017380889,2.1265705,0.08136752,7.6430364,0.9002207,27.486958,4.4432007e-05,11.118027,1.6664368,6.2903814,38.78435,0.71103126,0.015074693,0.0010388693,0.13184516,1.1770365,0.011975166,0.08823159,0.0091039
0.92141587,0.00022555834,2.5792289,0.07759125,8.248262,1.3247223,24.855186,4.785012e-05,14.042783,2.5745773,3.5523045,45.467846,1.1848164,0.01436575,0.0013326594,0.12896487,1.3114275,0.011488031,0.084606074,0.009714521
0.7529479,0.00016707862,2.381623,0.06456001,7.262862,1.0557629,21.980036,4.5932306e-05,8.413019,1.7672967,6.677552,38.038536,0.640342,0.014537659,0.0012133097,0.13942663,1.1724682,0.01163082,0.0962687,0.009567262
0.9196485,0.00023042096,2.7174857,0.06909449,8.216176,1.287086,24.831251,4.781618e-05,12.975531,2.505185,3.6079373,47.236122,1.2237692,0.013846253,0.0012168244,0.13402623,1.4256735,0.0119075505,0.09087311,0.009585553
0.8138651,0.00028876273,3.965036,0.068397194,8.113989,1.474254,27.062214,6.1780054e-05,21.103153,2.6799037,3.4301908,83.062325,1.306933,0.019786261,0.0013183382,0.17756562,1.5318024,0.015382382,0.10258924,0.014779258
0.9565397,0.00013337193,2.0724905,0.07858211,8.449788,0.8818692,29.239597,3.765414e-05,8.5539,0.79933804,4.0459175,33.962055,0.67738515,0.016942095,0.00095571525,0.12542742,0.9060678,0.012243487,0.09571562,0.012017991
1.1581757,0.0002576887,2.9687335,0.06855335,9.654501,1.3906333,31.303604,5.2557825e-05,20.137987,2.5115633,2.883808,50.988567,1.2145855,0.01335645,0.0013211728,0.15550888,1.5626706,0.011685632,0.086734176,0.008689633
1.0555778,0.0001746029,2.4008284,0.03451421,7.194836,1.1553454,19.860762,3.921064e-05,10.36482,2.1203024,2.8454642,37.15242,0.7265763,0.008437617,0.00084066344,0.07917038,1.089624,0.0092609525,0.08815921,0.007648231
1.194005,0.00024570015,2.195873,0.07053002,8.060366,1.0557472,21.02001,4.3612454e-05,15.895592,1.8993518,3.7237985,41.377884,0.8745702,0.011558453,0.0010229541,0.117756106,1.392385,0.012027769,0.080071464,0.008459879
1.0393393,0.00024955254,2.3645782,0.06513258,9.496462,1.0985199,31.287632,5.6594396e-05,12.170899,2.044052,1.6884156,38.634975,0.8856186,0.016700296,0.0015406735,0.15541258,1.3809475,0.011925362,0.08473785,0.008663319
0.93025655,0.00026810647,2.7472155,0.08391093,8.821982,1.1220604,25.450554,5.3317708e-05,17.977049,1.9080342,1.7057871,45.895054,0.8854731,0.018402588,0.0012051315,0.1621399,1.5734137,0.012977439,0.087735735,0.010178046
1.566544,0.0001914173,2.5468729,0.06694572,10.986012,1.2181761,49.30385,4.1925483e-05,11.652918,1.6198814,2.7188978,50.832527,0.5977867,0.015051106,0.00096382527,0.1379193,0.91497743,0.010872353,0.118189484,0.011637342
1.1213546,0.00021512827,2.2210767,0.0853569,11.573794,1.2442117,40.049496,4.423215e-05,27.131813,2.1626375,4.621454,58.427948,1.0650009,0.015482264,0.0014720199,0.124410436,1.1771307,0.01121889,0.08951655,0.01156872
1.7434555,0.0001991621,2.4688454,0.08422895,11.293066,1.1257831,53.49423,5.677823e-05,11.887335,2.0493505,3.6213286,54.350685,1.0576426,0.014726266,0.0016950235,0.17692621,1.2678931,0.011974427,0.09598259,0.010652574
1.0556139,0.00026637508,3.5770233,0.081738584,9.686267,1.2862775,41.382023,5.8665548e-05,21.844044,1.7487718,2.6894693,108.95776,1.1716917,0.020935914,0.0013085665,0.15893936,1.4354709,0.013920973,0.106872626,0.012672549
0.9172272,0.00013698981,2.586035,0.0611261,7.661204,1.0067419,23.784966,4.075992e-05,10.531299,1.368291,2.969033,55.14725,0.7086596,0.018928422,0.00085781247,0.117545836,0.7347379,0.009946334,0.09367615,0.010505688
0.8467235,0.00020893762,2.6609743,0.060029037,7.049645,1.2855273,18.823988,4.5390683e-05,12.008483,2.0030246,2.5871303,40.837353,0.93446267,0.0150835775,0.0012024395,0.14290829,1.1592598,0.01284839,0.1044982,0.011433109
0.8582181,0.00015927531,2.3619773,0.054226294,7.9539733,1.0782888,25.998617,4.319529e-05,11.063062,1.6705682,0.8150762,37.38227,0.9489691,0.01493214,0.001128586,0.11804646,1.2195374,0.013607603,0.08458597,0.0126508055
0.86346203,0.0001739138,2.3404026,0.05704322,7.779681,1.0670408,23.832811,4.4129818e-05,11.101473,1.7075604,1.3321594,34.814335,0.9016285,0.014703364,0.0011874177,0.12301326,1.173588,0.013305706,0.088599786,0.011964097
0.89462245,0.00018996076,2.7257373,0.08871315,7.593947,1.3440357,23.619518,5.0096856e-05,14.228967,2.182858,3.0012832,51.698315,1.0380615,0.014419949,0.0011268919,0.14687628,1.310565,0.013552625,0.096491486,0.00953499
1.649234,0.00015643045,2.4566214,0.058936566,7.9557977,1.0930004,27.364721,3.9531173e-05,12.080296,1.6006497,2.0937464,40.693985,0.59420997,0.013141695,0.0009830038,0.11006252,1.0884162,0.010254532,0.10124917,0.008877435
0.91052014,0.0001458829,2.5534496,0.055873986,7.053032,0.9532757,18.783405,3.8202743e-05,9.729889,1.7901107,2.8979278,49.16355,0.9400877,0.017867584,0.0010366052,0.11974721,0.88084936,0.009419031,0.0759027,0.009447871
0.78217196,0.00018249154,2.34489,0.062459398,5.997163,1.1451576,11.204551,4.505567e-05,13.374872,1.6122429,3.3371408,37.792095,0.61390513,0.01581047,0.0010322444,0.116760366,1.1031506,0.010169986,0.09415776,0.00983825
1.008008,0.00019966181,2.2795126,0.073126316,5.1721115,1.03858,24.091139,4.3993285e-05,18.868172,1.9147007,3.3903253,40.388622,0.7710537,0.0083301,0.0012329898,0.08249811,1.2542156,0.010211841,0.08799207,0.008267221
1.1757896,0.00017470743,2.4311712,0.062120676,6.6101255,1.0857779,28.383577,4.4035907e-05,12.707131,1.9372396,3.936453,39.79239,0.89932346,0.012294446,0.001195298,0.10985549,1.154918,0.010476441,0.09608426,0.010775143
1.3159305,0.0002332722,3.245552,0.07286272,7.5533,1.410684,38.44233,4.8281163e-05,14.965449,2.481575,3.356103,64.47488,0.98599035,0.015406537,0.0016672038,0.114872895,1.5911258,0.013922526,0.102606475,0.010496912
1.4174638,0.00023071823,2.6031744,0.06388298,9.324092,1.1345166,38.483418,4.3793938e-05,15.711311,2.0497482,2.5132189,58.142834,0.8061751,0.018420083,0.0012740159,0.13882753,1.2447459,0.010030155,0.09872272,0.011993007
1.4165726,0.00019912983,2.1687827,0.08217425,6.5616636,0.96451104,34.070225,4.3702934e-05,18.73117,1.5896411,3.6388836,41.01507,0.66739887,0.009482248,0.0010044664,0.13941233,1.1128448,0.013279948,0.09416774,0.008623578
1.6625739,0.00020693363,2.3595843,0.10611079,7.1198654,1.0329328,35.56998,4.8866965e-05,16.117352,1.710498,3.473228,45.947964,0.77733743,0.014533802,0.0010277486,0.1539766,1.5117381,0.0140742045,0.0850683,0.009429782
1.3445501,0.00021174173,2.1532376,0.08232352,6.2837057,1.0598924,34.245014,4.4617555e-05,19.953905,1.7578629,3.7556007,39.68153,0.7248579,0.010213517,0.0009924415,0.13316268,1.0610526,0.014294452,0.110535815,0.0094728675
1.7469745,0.00020136603,2.3189144,0.12316251,7.5666842,0.9049893,38.63339,4.5116518e-05,17.05004,1.5417614,3.7810063,42.772972,0.6917479,0.014193317,0.00096881797,0.15864299,1.2597783,0.014818536,0.095570706,0.009955664
1.4196887,0.00021327617,3.0880609,0.10444495,6.86168,1.2194505,33.11192,4.8747203e-05,12.373091,2.2958512,3.27761,63.161392,1.2066209,0.018872267,0.0014620675,0.12780756,1.6467313,0.012904755,0.08760621,0.009025431
1.196593,0.0002489192,3.4972415,0.096146494,8.574997,1.4123307,28.95723,5.9472e-05,13.670318,2.5324507,3.3671143,74.77861,1.2706243,0.01795806,0.0014123827,0.17086656,1.6097584,0.013892064,0.12079329,0.012192171
1.1741472,0.00022606114,3.561045,0.06464729,5.963543,1.3353194,25.96541,4.6514127e-05,10.424185,2.3731594,4.2650285,64.239555,0.9701532,0.017736709,0.001588387,0.15047868,1.6066278,0.012806391,0.08278633,0.0086521525
1.3238397,0.00020181082,2.7591875,0.05378821,5.4738555,1.1533351,26.659145,4.3295426e-05,12.197146,1.8862157,3.8192685,52.366455,0.6837975,0.015544211,0.0011338145,0.12582442,1.3705956,0.013918025,0.09098382,0.008953915
1.2532737,0.00017983331,2.5593455,0.05657169,4.281243,1.2902682,18.997175,4.3392927e-05,12.218013,2.0510588,2.910105,56.187176,0.79008377,0.012058399,0.0009481961,0.097598575,1.0575173,0.01247485,0.09138642,0.008067807
1.1873231,0.0001994843,2.715965,0.06373648,4.0980062,1.2130755,19.014679,4.6239165e-05,19.719734,2.0574303,3.005873,60.43856,0.8726863,0.013543276,0.0012620114,0.08851587,1.4711301,0.012604529,0.10191338,0.008888807
1.2160783,0.00020189157,2.6161027,0.05888452,4.746849,1.2003344,24.090334,4.7358662e-05,14.364626,2.1427705,4.288252,54.903275,0.7478241,0.015724834,0.00097153976,0.11692354,1.2462257,0.01616117,0.100026466,0.010396639
1.2220869,0.00024379582,3.4970536,0.08497099,6.6129766,1.4479918,26.970293,5.242188e-05,13.47554,2.3666892,3.4881418,81.70681,1.079138,0.023512734,0.0017211278,0.12576762,1.841642,0.009533167,0.07617097,0.008505733
1.1558629,0.00019426076,2.8724906,0.07306094,3.1092196,1.450682,13.9818125,4.7218015e-05,21.85929,2.5449948,2.90238,60.867702,1.0917668,0.010539867,0.0013482975,0.0686824,1.4188131,0.011622921,0.09761424,0.008021841
1.5647993,0.00026349616,2.6073356,0.08729958,6.2464604,1.1898252,31.386164,5.5384262e-05,15.422109,1.9420701,5.2481165,60.538174,0.8325512,0.015980901,0.0012074498,0.14215446,1.1814084,0.019216187,0.12557922,0.013165669
1.3823966,0.00020025029,2.618662,0.08867153,6.4589467,1.0865294,32.482334,4.3547214e-05,22.539238,1.8554838,4.845325,38.956863,0.7688163,0.016162772,0.0012404273,0.1473259,1.2664505,0.021924848,0.11410829,0.013606852
1.2539294,0.00018513174,2.2895608,0.06382868,9.037261,1.1703755,34.556267,4.3453016e-05,11.256677,1.9176049,3.1170416,47.150085,0.63570017,0.015081659,0.000846427,0.10992949,0.8777864,0.011561518,0.110002324,0.012351263
1.6913311,0.00019914367,2.7064214,0.103622705,9.06472,0.91109747,40.634937,5.1805804e-05,13.210889,1.7578682,3.7265568,53.1812,0.84403855,0.018784577,0.0018280821,0.14814451,1.4229243,0.011294499,0.077467605,0.00834032
1.1470761,0.00019554947,2.3739626,0.08280656,7.4621296,1.1418408,29.324184,4.3497384e-05,11.73655,1.9438043,3.1992419,44.819813,0.69711626,0.015300534,0.0009713037,0.10280233,1.083013,0.0123429075,0.11691922,0.011658715
1.3911648,0.00023059813,2.7516139,0.16167623,7.3239374,1.1697161,33.76334,5.263088e-05,11.951236,2.1527424,4.391086,48.696785,0.84882987,0.018986762,0.0015953236,0.15164399,1.5184919,0.013960009,0.08558402,0.009883666
1.3309273,0.00024179115,3.0532043,0.12686725,6.1492023,1.4511491,28.634356,4.9148875e-05,11.585635,2.403193,4.6474366,55.450077,0.92609924,0.01805922,0.0012106112,0.15921625,1.348821,0.015638044,0.11374448,0.011421288
1.720748,0.00022110742,2.803425,0.14452302,7.647822,1.0254321,39.703754,5.452327e-05,13.019145,1.7790304,3.4249144,57.09676,0.84089327,0.02014582,0.0013871097,0.18622304,1.5449746,0.015603875,0.1011498,0.011203573
1.0846574,0.00018671772,2.7418602,0.041973,5.3074965,1.3183295,26.257345,4.0970135e-05,11.09007,2.3003497,2.1226172,49.716896,0.84321177,0.009189303,0.0006988277,0.101932146,0.94834495,0.010975777,0.10700164,0.0074754953
1.1800756,0.00018507459,1.8144256,0.052456167,7.22259,1.0043156,30.719213,3.8756483e-05,12.708905,1.553842,1.9067903,39.170757,0.683981,0.013024199,0.00085936143,0.10200734,0.9652392,0.012469068,0.089497715,0.011304718
1.0414184,0.0002275936,2.2055867,0.0694911,8.295023,0.8908336,27.35944,4.71217e-05,12.74204,1.6505927,1.9554993,33.490093,0.8877599,0.014097253,0.0010564582,0.15835714,1.1152402,0.014352092,0.0828867,0.011671738
1.1883384,0.00015191964,2.3128066,0.04875221,4.6692147,1.1130629,26.11662,3.8069087e-05,25.117992,1.5879575,3.1665614,40.246758,0.4684675,0.0063527427,0.0006606704,0.08333018,0.9666336,0.01008589,0.08625809,0.007379578
1.2802647,0.00022201768,2.5974066,0.07293694,6.5264134,1.3150995,31.415852,4.250073e-05,16.030235,2.4561713,3.1747262,48.150078,0.99882215,0.015475066,0.0012975583,0.104025096,1.3607254,0.013105264,0.101257935,0.011623727
1.3164625,0.00019187198,2.7237403,0.11198336,9.109491,1.3100448,38.00212,5.0532504e-05,23.120733,2.4290192,3.3960347,60.60331,0.94160855,0.015639875,0.0016629264,0.15518582,1.4308639,0.012090818,0.10633439,0.012277099
1.0894585,0.00018509588,1.7990887,0.04807627,7.232429,0.82518065,25.256952,3.0938576e-05,10.358022,1.0909696,1.8924375,39.374687,0.35305738,0.01071537,0.0005603718,0.08567928,0.7328665,0.008318791,0.07767092,0.010113218
1.2625449,0.00024725433,3.099489,0.054515176,9.020983,1.1266028,33.465668,3.748404e-05,16.602758,2.0186799,3.4827154,56.35993,0.9682888,0.011639944,0.0016441628,0.11968631,1.6106008,0.011081099,0.07602072,0.008143043
0.8043586,0.00023246752,2.6409535,0.07386501,6.470697,1.2045779,24.574606,4.5039676e-05,13.439432,2.2867582,4.4152093,37.29225,0.89859176,0.015992759,0.0014232452,0.14843267,1.4438757,0.014114112,0.08368639,0.013193695
0.9969839,0.00028260893,2.8592532,0.07696849,6.814837,1.5660422,27.317396,4.8662918e-05,15.971002,2.7914681,2.7825465,51.40172,1.1188295,0.01742299,0.0017743664,0.13428967,1.654146,0.013858606,0.12297272,0.013611883
1.1957763,0.00026964355,2.6376977,0.08223479,6.5786424,1.6679963,29.40143,4.701111e-05,18.316938,3.0461164,2.8384423,56.549057,0.98623145,0.01551755,0.0016628905,0.11953759,1.5942236,0.015693476,0.13612735,0.014295138
0.91809994,0.00028660512,3.369341,0.08858924,7.199529,1.3323528,23.361216,4.8491067e-05,17.56797,2.3520274,3.4292026,51.4037,0.9651906,0.020409318,0.0016063594,0.14493729,1.571557,0.018181693,0.13074203,0.014393909
1.1804386,0.00018665745,2.3132336,0.064404204,6.1461487,1.1078823,23.65042,3.8921142e-05,13.622145,1.8536137,2.9599228,51.35675,0.6708097,0.015488582,0.001250145,0.09021697,1.2507997,0.011637192,0.09565484,0.011309324
0.8956704,0.00020578285,2.041612,0.0737635,7.093902,1.0563385,22.555067,4.1574218e-05,14.456514,1.8635621,4.287437,39.91604,0.71685785,0.014982196,0.0013240185,0.12171966,1.1825168,0.012592086,0.08563125,0.011937371
1.1355189,0.00026480886,3.178072,0.06795145,8.193863,1.3714188,28.894224,5.1458643e-05,13.534417,2.1934602,3.4632745,56.812313,0.8718916,0.020313535,0.001584059,0.14026426,1.6252414,0.015686434,0.13247935,0.0134066185
1.1072562,0.00019069047,2.6943727,0.054886073,4.2484164,1.1394062,19.357237,3.984654e-05,12.162805,2.03098,2.8051636,61.394985,0.70827144,0.011510145,0.0007829395,0.09313044,1.2139204,0.011173004,0.08710566,0.009152768
1.015421,0.00018372465,2.2495956,0.051057965,6.921559,1.1624796,25.577284,3.659572e-05,12.643497,1.8894215,2.3044434,47.500877,0.6883224,0.015680887,0.0011500203,0.09206919,1.131542,0.009669047,0.0977941,0.0097716795
1.8159552,0.00024477998,2.4795763,0.08848379,8.077745,0.9528214,35.33545,4.8160116e-05,13.2807,1.6649368,2.841084,42.12312,0.6095385,0.014373649,0.0011839255,0.121897236,1.3461967,0.014801297,0.09147962,0.010497373
1.2677435,0.00028756092,2.504882,0.08793274,9.353691,1.5044686,37.653187,5.3030075e-05,17.288101,2.156724,4.04076,57.32492,0.77992994,0.017526971,0.0011091561,0.14002784,1.1774162,0.015406684,0.111519285,0.013508384
1.5068399,0.00021210816,2.322419,0.07713846,7.93355,1.0654618,39.544765,4.23127e-05,14.470256,1.9907095,3.7174008,39.07738,0.7327998,0.011467809,0.001114043,0.12879269,1.2363416,0.013044543,0.09402743,0.009640868
1.663161,0.00026806138,2.9928613,0.08283342,8.487032,1.0764188,34.427464,4.9357226e-05,12.929581,1.898319,2.8824456,57.4486,0.8191848,0.018239263,0.0013173656,0.12250276,1.5732185,0.0150611615,0.09020199,0.01196589
1.4025254,0.00019243498,2.2379746,0.0914361,6.484966,0.9843026,32.545475,4.2382522e-05,18.219084,1.5896336,3.4389937,45.231915,0.5888184,0.011199044,0.00092858146,0.1610226,1.0196737,0.013744296,0.10262589,0.0090086805
1.1382177,0.00014173458,1.8359519,0.025560617,7.351505,0.94274443,24.954447,3.7720638e-05,11.269191,1.482662,1.9941577,30.617743,0.67766976,0.0070991674,0.0006827968,0.070126496,0.9113281,0.009664513,0.07901268,0.00793727
1.0162725,0.0001906735,2.4558315,0.057615597,6.024937,1.3456686,22.040743,4.163803e-05,10.488556,2.11342,2.6574228,45.044907,0.8461742,0.012966289,0.0010671697,0.10295069,1.0873567,0.009937743,0.098824,0.00789454
1.1817275,0.00016420039,1.8225182,0.045196686,6.153103,1.0016757,26.295233,3.6279045e-05,11.612465,1.6353273,2.1449895,35.662487,0.71875346,0.008905511,0.0008679469,0.09348997,0.93901134,0.010498374,0.08667998,0.00862819
1.0757234,0.00021215747,2.6466014,0.058895584,7.226035,1.3622645,22.250181,4.2932144e-05,13.675618,2.2947679,3.003969,47.397724,0.9995402,0.012410565,0.0012703106,0.10315903,1.420107,0.011803082,0.08092111,0.009055378
1.3027552,0.00020797837,3.1473787,0.052417886,4.4581313,1.1057903,20.793577,4.508857e-05,22.611935,1.9708383,3.4757888,70.655525,0.93871546,0.014085002,0.0013761322,0.11012029,1.5397189,0.011262926,0.09239738,0.008305426
1.2211127,0.0002131369,2.3230686,0.069722526,5.5230665,1.4814428,24.979086,4.446023e-05,17.206648,2.5946758,2.9742954,55.523914,0.89248335,0.011898849,0.0013147902,0.09803644,1.2275853,0.012684199,0.11685243,0.011958373
1.1177944,0.00017036046,3.30281,0.05438494,2.974117,1.5596583,9.585619,4.0554605e-05,16.839228,2.6167045,3.1515222,70.11709,1.0112618,0.011274839,0.001060191,0.064351454,1.2530311,0.010662011,0.08270749,0.00845608
1.2364621,0.00018813016,2.789748,0.07018,3.0341487,1.2286407,14.124968,4.5090725e-05,17.165539,2.0525827,2.9083884,58.78908,0.93502706,0.013050876,0.0012580135,0.06973616,1.3252895,0.012210045,0.07660881,0.0074582356
1.2680659,0.00020292828,2.8912148,0.038299005,4.415645,1.073094,22.659325,4.068127e-05,16.312532,1.7389414,3.4107528,51.367355,0.61279356,0.010862465,0.0007790251,0.097383365,1.3541368,0.015629137,0.08486147,0.0076287673
0.8637141,0.00019121355,1.8219558,0.061138008,5.5075965,1.2314966,21.101482,4.0704126e-05,15.13235,2.0728436,2.412212,46.36262,0.7381789,0.011713999,0.0011889243,0.08628593,1.1491604,0.011997056,0.10146893,0.010176767
1.0575707,0.00018248886,2.819591,0.047677312,5.995851,1.103813,24.064743,3.9854673e-05,10.144334,2.0369997,2.57406,52.698555,0.95185626,0.014979064,0.0012709536,0.09491639,1.3094922,0.010725635,0.09290805,0.009363098
1.089063,0.00034693882,5.2727094,0.07048586,5.137661,2.2156029,22.401814,5.8906666e-05,18.882318,5.4036555,3.2097478,97.459694,2.3252847,0.016624939,0.002351696,0.14076121,2.9163597,0.015854305,0.10767826,0.011696829
0.93168604,0.0002394662,3.025587,0.06612742,7.253769,1.0587723,22.823984,5.215167e-05,13.395994,2.5049832,2.6283283,46.81622,1.2794706,0.01477403,0.001375504,0.15009773,1.5874677,0.013818502,0.09433209,0.01123352
1.3072747,0.00022992716,3.156126,0.078495204,8.178557,1.2085645,31.147564,4.7016158e-05,11.710288,2.42875,2.7109265,51.87689,1.3534225,0.016424077,0.0017058136,0.17787708,1.6764702,0.013153079,0.07638765,0.009661346
1.478002,0.00021525913,2.3850803,0.068168454,8.267408,1.1025531,35.229923,4.178837e-05,18.699547,1.7695915,4.137482,40.608227,0.6449918,0.011739964,0.001074545,0.14320217,1.1498516,0.011720596,0.08474808,0.009217849
1.0947421,0.00016195478,1.8451499,0.054233953,7.399173,0.9568529,27.767609,3.315879e-05,10.260761,1.1651857,2.527268,40.360413,0.36511856,0.014051093,0.0008616289,0.099569485,0.5948359,0.0092624575,0.09304756,0.0110064
1.2182248,0.00020439086,2.333901,0.08285395,8.248091,1.1558362,30.811283,3.923948e-05,11.973686,1.9598917,2.9207819,44.625805,0.702422,0.014585595,0.0012324544,0.14038014,1.086921,0.0113120135,0.10838391,0.012609419
1.093972,0.00019746459,2.08765,0.049237408,7.510294,1.0261075,30.09168,3.5403595e-05,10.730624,1.8121163,2.6227844,42.84374,0.6697315,0.013301817,0.0010655654,0.11663328,0.8897295,0.011595787,0.0913999,0.0130277015
1.6000584,0.0002397595,2.8506029,0.15875047,5.9768324,1.0506006,34.91787,4.7161466e-05,18.09761,1.957279,3.7546558,58.511,0.8631319,0.017052758,0.0013228786,0.11308178,1.3756396,0.01814645,0.07789065,0.011247433
1.2223167,0.00026867556,2.917616,0.07041848,7.6061635,1.4158785,27.085758,5.3390555e-05,11.331867,2.2819822,3.591909,52.41864,1.0897177,0.016271073,0.0014337203,0.14142548,1.4795172,0.012083171,0.09324245,0.009737518
1.2469186,0.0002029865,2.4509125,0.06511938,7.043241,1.2376746,27.411615,4.6536043e-05,10.706624,2.3421328,2.9901555,44.37297,1.044752,0.010954726,0.0012273126,0.11925109,1.1451173,0.011882162,0.0883612,0.011101148
1.463327,0.00024671588,2.6690967,0.19091362,6.900448,1.0541849,28.384747,4.7884714e-05,12.252659,1.6616812,5.2666793,44.536137,0.79442513,0.020442331,0.0014377265,0.14069031,1.3328673,0.01703736,0.100132436,0.012010606
1.2484804,0.00016641727,1.9931114,0.029211331,7.267712,1.0670483,21.102203,3.4673583e-05,9.526216,1.5522987,2.8104036,36.796753,0.6527107,0.008503981,0.0009590314,0.078989744,0.9283902,0.008380846,0.07449179,0.008285784
1.5537008,0.0002499512,3.0183878,0.07356168,9.588819,1.0737563,36.302013,5.1120256e-05,10.623226,1.9067494,3.0756347,58.174335,0.86669296,0.020703351,0.0013939376,0.12762077,1.4210341,0.013999701,0.072826445,0.011399786
1.4291965,0.00022564063,2.8311493,0.07498993,8.156701,1.138088,32.78484,4.6604346e-05,13.88738,1.943506,2.8999777,54.150204,0.9430993,0.022624038,0.0013787567,0.14838102,1.5296388,0.018149568,0.09360821,0.013565237
1.1331946,0.00014069096,2.8641324,0.027279893,5.067607,1.4410688,23.35242,3.9631475e-05,9.406162,2.5797071,2.598459,55.200653,0.8854781,0.006308213,0.00070740184,0.102598526,0.98115504,0.011159828,0.10366381,0.0074227136
1.2064868,0.00020284222,2.8548467,0.059297517,4.383154,1.1239511,20.436584,3.9679133e-05,12.662459,2.0920708,4.0864263,58.157635,0.9170062,0.01122946,0.0011099256,0.09099217,1.3035337,0.010717262,0.08802278,0.009101484
1.2089901,0.00018866024,2.7038813,0.060141984,4.4867334,1.1143626,20.114027,3.8106355e-05,10.574794,1.899982,3.4897387,58.816643,0.742145,0.011451017,0.001141637,0.088689215,1.1769361,0.008930092,0.072103746,0.0076842806
1.2249457,0.000214336,2.139559,0.06313695,8.964375,0.95610654,29.941431,4.738188e-05,13.915068,1.7418325,1.923418,34.10617,0.7873563,0.012761348,0.0010968772,0.1507956,1.0673448,0.013818241,0.088965595,0.011073027
1.3613924,0.00021099603,2.130906,0.073725805,8.956064,0.89036566,31.731894,4.21391e-05,12.105827,1.5308102,2.2222588,33.506977,0.90849614,0.01457191,0.0010916358,0.1344636,1.1287163,0.013183427,0.083118685,0.010897263
1.3517324,0.00020976464,2.6900325,0.0622708,6.068236,1.2423546,30.59268,4.2102787e-05,18.709469,2.2496917,3.536289,49.585056,1.0173434,0.013361491,0.0013063374,0.11088649,1.3339031,0.012776413,0.09626967,0.009769505
1.349393,0.00017737423,2.0775697,0.045340084,6.3641076,1.0400666,25.311028,3.694236e-05,12.927334,1.6748551,2.6002145,39.244537,0.6707931,0.00938135,0.0009895457,0.09883459,1.0946374,0.009978197,0.084187455,0.007736167
1.2639115,0.00022248896,2.68581,0.05770816,8.41313,1.1267406,30.010757,3.9960378e-05,16.952076,1.9388158,3.2626112,46.03851,0.75951374,0.011111883,0.0013176193,0.10301219,1.2849057,0.009728322,0.082881756,0.0074479547
1.1040921,0.00019216945,2.8972397,0.05385305,4.2413464,1.2758812,20.551645,3.97197e-05,12.280408,2.2727826,2.9397275,63.546944,0.8233473,0.012454084,0.00097296265,0.10353303,1.3787054,0.011661342,0.088235185,0.009278363
1.7436308,0.00017561002,2.0607398,0.09257787,7.20918,0.84635705,34.847668,4.345877e-05,17.027824,1.2934101,3.0216641,38.441715,0.45040405,0.011270533,0.00082032016,0.13294363,1.0694548,0.012935566,0.09555873,0.009514647
1.6928998,0.00023969902,2.5151377,0.08152772,7.300674,0.9590548,34.54903,4.6852438e-05,14.854403,1.6701022,2.877109,50.28363,0.5484117,0.015387359,0.0011194707,0.12120764,1.335417,0.014650878,0.09763925,0.010196868
1.1896621,0.0002125032,2.413327,0.07362468,7.398375,1.4688128,35.834904,4.305453e-05,16.050362,2.5335448,3.125651,51.164772,0.96591496,0.010341934,0.0012579327,0.11831334,1.140209,0.01113564,0.117079966,0.013350363
1.5087087,0.00021241025,2.319248,0.07746255,7.9169126,1.0629269,39.482914,4.236865e-05,14.531245,1.9858624,3.7167392,39.021736,0.73092765,0.011473786,0.0011101819,0.12915668,1.237029,0.0130926985,0.094218,0.0096330615
1.437585,0.00020907904,2.1943545,0.077761404,7.505465,1.1520019,39.175446,4.2819203e-05,17.758886,1.9467065,3.9063044,36.172882,0.7993242,0.012382481,0.001110376,0.13228625,1.0364686,0.0120216,0.095618084,0.009653714
1.4369494,0.00018102564,1.9708803,0.072125755,8.232422,0.98146564,35.75124,3.8544174e-05,13.210188,1.4772567,3.2121918,37.962296,0.43870205,0.013653073,0.000803887,0.11475663,0.81900567,0.012238298,0.110654905,0.010238337
1.3929113,0.00019054563,2.135788,0.09175901,6.351582,0.95557296,31.964819,4.243666e-05,18.677027,1.5240278,3.462296,42.862675,0.5825044,0.010311944,0.00089656387,0.15475988,0.98069966,0.0138324695,0.10495088,0.008853941
1.2649,0.00014262077,2.3161252,0.032653008,6.4210906,1.1041971,24.233297,3.6670626e-05,10.696223,1.8512385,2.275495,43.686523,0.74392444,0.0093402,0.001086951,0.08105174,1.0781958,0.008125427,0.076075256,0.006687791
1.081014,0.00018024654,2.3731372,0.028725632,6.725471,1.0766879,25.454342,3.760031e-05,8.696926,2.1689327,2.6779635,39.540646,0.8540888,0.008376877,0.0008588395,0.083767526,1.1441606,0.010070678,0.07942814,0.00912349
1.1062384,0.00013990684,1.8865598,0.023821574,7.129052,0.9156331,23.187252,3.6795303e-05,11.149316,1.3815287,2.1022758,30.122849,0.62902766,0.0059104054,0.0005779703,0.07020243,0.921775,0.009616165,0.07073505,0.008362062
1.2828553,0.00014320367,1.7144922,0.02938229,7.3181443,0.90854967,25.15318,3.4808847e-05,11.161239,1.5160556,2.3716607,27.63239,0.66170603,0.0070191245,0.00073119253,0.061049856,0.8703286,0.009071497,0.08177711,0.0074930373
1.2710898,0.00014873043,2.1277277,0.05008659,5.9284782,1.088813,23.56606,3.5792393e-05,10.963356,1.6672902,2.2662544,41.38613,0.70292187,0.01000929,0.0012211245,0.09811649,0.9666665,0.00914629,0.08637315,0.007856303
1.274537,0.00016355558,2.089907,0.05626598,5.677298,1.0172099,22.395315,3.6693076e-05,12.662594,1.5088471,2.4552538,42.33828,0.66316175,0.010389829,0.0010318941,0.09565937,1.051224,0.009993308,0.0765154,0.0077762455
0.9620411,0.00018825477,2.225628,0.029754391,6.1445513,1.2923776,18.02955,3.9816834e-05,11.766028,2.367689,2.3078308,34.05162,0.8993391,0.008611547,0.0010896306,0.06758042,1.1191583,0.009156363,0.087359205,0.0072926204
1.2388719,0.0002446971,2.2280965,0.076066695,9.307246,1.0226192,35.07491,4.1909592e-05,15.444999,1.7147706,2.0879562,39.655804,0.7873591,0.015805883,0.0014647014,0.14770748,1.2265695,0.0123075005,0.09670023,0.011662033
1.0474632,0.0002080462,1.903264,0.0732801,6.65721,1.2698362,30.117977,3.9796978e-05,15.281968,2.0972397,2.579906,43.7086,0.65395,0.011394512,0.001375634,0.10254496,0.93804586,0.01139792,0.10278262,0.011158461
1.1184863,0.00019919028,2.8732278,0.06749527,3.9963765,1.2212248,15.916379,4.3085758e-05,14.464822,2.4093726,3.1339412,53.399166,1.0176677,0.010705761,0.0009798544,0.06639472,1.2349433,0.011270866,0.09146587,0.00724507
1.1698308,0.00019680204,2.406813,0.059861723,4.838679,1.0871594,24.961557,4.6995272e-05,16.471106,1.8392494,3.3109114,50.28305,0.7766152,0.015531225,0.0010107104,0.11028385,1.3077394,0.016052525,0.0929853,0.0097710695
1.226493,0.00018313926,2.3682811,0.051998306,5.991163,0.942626,26.022017,4.1696934e-05,10.395738,1.6964015,2.6571069,42.838024,0.8895076,0.01490687,0.001381796,0.09742095,1.3961579,0.010065631,0.0871993,0.008522994
1.296463,0.00020834105,2.7705815,0.056774613,4.7199326,1.0588862,24.555105,4.105568e-05,16.484194,2.124891,4.0942087,49.538895,0.8455143,0.015894992,0.0011843097,0.10416887,1.6534947,0.016066367,0.099492416,0.008484026
0.9449785,0.00022463557,2.2312489,0.06465177,5.933298,1.3152589,23.931269,4.4208577e-05,15.592325,2.6012557,2.7085366,52.06119,0.8768722,0.012016878,0.0014012809,0.11692506,1.2065965,0.012302624,0.09898603,0.01149287
0.8363514,0.0001966681,2.758725,0.06721322,7.2448525,1.3248148,20.868309,4.641164e-05,11.797035,2.320483,2.6882672,40.44742,1.1109705,0.015520751,0.0013951405,0.13578185,1.4264483,0.013125714,0.09912082,0.010474985
1.5196216,0.0001819995,2.273197,0.061402567,8.002718,1.0583799,34.3357,4.2409963e-05,22.705168,1.7563567,4.4154835,38.266777,0.6993781,0.010586815,0.001139612,0.16809472,1.1241254,0.012935833,0.08871823,0.009271845
1.2314334,0.00020207844,2.596927,0.070317164,7.913298,1.1392671,35.3824,4.3138425e-05,13.763153,1.9335531,2.810025,55.38471,0.72763985,0.016792806,0.0014470256,0.13372226,1.2618774,0.010031447,0.11758346,0.013556525
1.2232386,0.00026760047,2.9302075,0.071583286,7.519599,1.4104865,26.731,5.327726e-05,11.334688,2.289541,3.6429474,52.61426,1.0974292,0.01617285,0.0014119529,0.13975105,1.4953718,0.0120201735,0.09239578,0.009558813
1.6828032,0.0002126278,3.3497696,0.13278101,6.553835,1.1442027,37.945137,4.9791426e-05,17.437027,1.8661356,3.4101503,66.19443,0.9824286,0.017952148,0.0012450733,0.20229672,1.6845087,0.01821802,0.104079135,0.012089524
1.4987729,0.00025635626,2.7998378,0.24078532,7.0397553,1.0685333,33.905758,5.173742e-05,12.205456,1.7246412,3.8583043,56.901546,0.827825,0.024777085,0.0013701563,0.13370849,1.5034004,0.017427959,0.09583378,0.012101387
1.5321448,0.00024778268,2.8861623,0.17067212,7.024926,1.2155572,36.294254,5.5560053e-05,11.840625,2.3620949,3.9805348,54.388374,0.9589406,0.01848051,0.0016761804,0.15867366,1.5857863,0.013733631,0.0885622,0.0099644875
1.6884749,0.00021092796,2.3627753,0.06149416,7.1402183,1.1598597,41.081615,4.2110092e-05,18.595957,1.6867778,3.5055468,40.53724,0.74208087,0.013248192,0.0012193079,0.16222669,1.441294,0.017035328,0.10627592,0.010697891
1.3179752,0.00019660861,2.7042274,0.09639071,7.7095757,1.0859524,30.805168,4.565127e-05,11.5851,1.7413867,2.277719,48.090244,0.6914546,0.017367648,0.0011666926,0.13581412,1.2383448,0.01321864,0.09951755,0.011223996
1.2882802,0.00018732723,2.6458232,0.08774194,7.697042,1.1197991,32.892815,3.887636e-05,10.597666,1.8404691,2.7410326,54.486607,0.71522766,0.019989075,0.0013544221,0.12402844,1.1260339,0.0117465425,0.094359525,0.012350897
1.2265475,0.00017631342,2.811961,0.08398458,7.3814125,1.1168913,31.473152,4.168081e-05,10.254071,1.5603454,3.040992,52.495125,0.577794,0.018247988,0.001280135,0.14048398,1.2359031,0.012145006,0.08762312,0.011993371
1.2750117,0.0002087041,3.7624671,0.04562607,7.2262187,1.5186992,27.669085,4.316962e-05,8.38169,3.015177,2.543298,78.94337,1.07388,0.0140886735,0.0010892013,0.11955369,1.3059857,0.011129807,0.09641783,0.009609879
1.345246,0.00022538664,2.7983296,0.07500866,6.4610896,1.1566663,29.9529,4.4411918e-05,11.497392,1.9178337,2.517445,60.8486,0.7318724,0.021660227,0.001507667,0.11674843,1.2553302,0.010872182,0.10264207,0.011138371
1.2183076,0.00032656692,5.678459,0.082794525,8.051895,1.7723806,37.298496,5.820549e-05,10.487231,4.1154456,3.1858532,108.00044,2.2740157,0.021545127,0.0029798101,0.17966475,3.1985545,0.010951777,0.068226576,0.010375013
1.2539064,0.00022089269,3.8878183,0.043470617,6.259629,1.6923909,31.825739,4.807726e-05,9.521645,3.2167044,1.4204584,78.89248,1.3005301,0.01395082,0.0011296644,0.10699315,1.520147,0.010880551,0.103727594,0.0090569295
1.3054509,0.00030606208,5.085079,0.068743095,9.561664,1.8355623,40.449738,5.7881247e-05,10.936105,3.8523564,2.9257882,106.256165,1.9742544,0.018400405,0.0026876351,0.17091644,2.5631814,0.011457069,0.07476813,0.009764698
1.2631519,0.00035228854,5.687639,0.09584301,8.008667,2.1752136,37.93118,6.1653314e-05,11.489488,5.0067377,3.5525632,108.81369,2.5861921,0.020369198,0.0031901626,0.16323173,3.4250145,0.010854812,0.073085085,0.0079769315
1.2426137,0.00031737587,5.403256,0.07764165,8.527754,1.9554056,36.632412,5.9848044e-05,12.133249,4.1356063,2.9037058,111.342064,1.9087306,0.02053928,0.0028171458,0.15605235,2.8885264,0.012001686,0.06589441,0.009360304
1.3308148,0.00027709056,4.2690973,0.08964573,7.598488,1.5976585,35.43997,5.8983693e-05,10.653747,3.1187754,2.6011333,84.62191,1.3047743,0.023727939,0.0019708604,0.13767566,1.7603854,0.010164385,0.08192074,0.009178366
1.3883431,0.00019118318,2.120965,0.061526537,5.997618,1.1172949,29.209476,3.9892915e-05,12.016307,1.8474544,2.4295492,50.548798,0.59662753,0.016171208,0.0013958116,0.1255029,1.1625632,0.0119940145,0.10785423,0.01038299
1.1742127,0.00036158622,5.152931,0.16442348,8.237497,1.8493916,40.900974,6.841274e-05,17.811758,3.826565,3.7940438,114.02379,2.109758,0.03192776,0.002560342,0.19238293,2.115704,0.014663532,0.12938875,0.017629001
1.3103738,0.00032495713,4.650272,0.07757082,8.378258,1.6151054,42.076458,5.5368204e-05,10.112282,3.3538325,3.0778909,92.456825,1.9569585,0.017964562,0.0023055777,0.17558643,2.4614363,0.011016102,0.05001979,0.008640838
1.2026446,0.00026454742,3.3993182,0.087357126,7.9871383,1.2300287,31.439655,4.8440696e-05,9.940965,2.4315853,3.9646325,64.20449,1.2567357,0.016764367,0.001688517,0.14503807,1.79552,0.01231155,0.09447421,0.011025843
1.3331044,0.00035579593,4.9546623,0.08205718,7.845824,1.5469173,42.97414,6.1651015e-05,10.694957,3.1926951,3.019001,96.76023,1.6998802,0.023849685,0.002324701,0.21149196,2.3757744,0.011104581,0.06975019,0.009695609
1.4297136,0.00034836182,4.3520503,0.0733249,9.446358,1.2476642,43.426018,5.63479e-05,9.892694,2.7862365,3.360552,79.78699,1.5566145,0.017502682,0.0026735517,0.17678577,2.3622699,0.010362089,0.06451399,0.010080831
1.2563697,0.00017859464,2.4973526,0.06935623,7.874828,0.99303263,40.560574,4.205111e-05,9.225828,1.7806656,4.020597,41.638935,0.8652914,0.017914789,0.0011210499,0.13624114,1.3045654,0.013103516,0.08129301,0.009645862
1.324863,0.00034530504,4.96061,0.10664003,7.669528,1.5816312,37.793846,5.6213714e-05,11.839029,3.492298,3.074352,95.101105,1.8362658,0.020556482,0.0020485902,0.2050327,2.6420062,0.013544745,0.10259308,0.012567102
1.2970042,0.00020570772,3.3944862,0.051895615,6.9056315,1.3884621,34.251286,4.5495402e-05,9.842182,2.4357996,2.6683598,63.50841,0.963331,0.014338609,0.0009368584,0.121208936,1.3060709,0.012418676,0.10535623,0.010035851
1.3715087,0.00033824594,4.714889,0.10536883,10.1440325,1.6749396,45.236153,6.2381805e-05,11.096542,3.886222,3.4415355,86.586365,1.9174178,0.02161971,0.002861661,0.18673272,2.7869234,0.013730627,0.069333434,0.011378813
1.2720724,0.00021786428,3.3044684,0.07080187,6.72844,1.2363697,31.378065,5.0609793e-05,10.246624,2.239456,4.267287,60.734543,1.0473632,0.016349543,0.0011707246,0.13397413,1.4927859,0.010755384,0.07935766,0.00922835
1.3121724,0.00036672803,5.35622,0.08465521,7.887453,1.4406548,36.03301,5.8708185e-05,10.276748,3.6835752,2.9070475,94.98489,1.8949152,0.017395975,0.0026191992,0.18845361,2.712212,0.013621409,0.08103196,0.011110457
1.3857496,0.00038370927,5.8498235,0.12166954,9.296233,1.9175831,45.7163,7.2929695e-05,13.283646,4.363826,3.405352,117.896065,1.9507757,0.025297519,0.0028015191,0.1645192,2.4466274,0.013186493,0.07852178,0.010982013
1.3783395,0.000384587,5.9552736,0.1040502,9.966016,1.7246641,45.90549,6.588927e-05,13.397982,4.172042,2.6578481,113.72114,2.0974047,0.022326065,0.0024464934,0.16960907,2.8442738,0.013109936,0.085724846,0.011784343
1.4578,0.00027563542,4.6368136,0.098167896,9.667211,1.2584015,45.45357,5.027534e-05,11.121151,2.9363906,3.199227,91.35763,1.5678165,0.021829247,0.0019115235,0.12804084,1.904227,0.011145928,0.0707445,0.0104316715
1.4438189,0.00019465305,3.2574515,0.092251286,8.673653,0.8237995,43.616116,5.7616562e-05,11.919655,1.577494,3.3014438,68.40815,0.6779321,0.020656217,0.0026018182,0.18364246,1.8763475,0.010138435,0.06909987,0.010435315
1.2769896,0.00020557208,2.7347066,0.052922923,8.65307,1.1791557,38.024826,4.37319e-05,9.577724,2.0492678,4.4532146,55.71128,0.70032257,0.01627534,0.0010366372,0.13487016,0.9957155,0.012366809,0.0971935,0.012459277
1.1199104,0.0001380812,2.8358228,0.051641718,6.9728765,1.346093,27.462088,4.0066916e-05,9.728436,2.3097413,2.6496384,53.305134,0.8077218,0.016893739,0.00079009135,0.12669456,1.0914156,0.010520196,0.09467829,0.00963824
1.501965,0.00019578263,2.5968099,0.052950982,9.12584,0.93734515,39.4199,4.3274813e-05,7.7928767,1.9236424,4.790594,49.080387,1.0229661,0.0143229235,0.0014988682,0.1468857,1.1499289,0.009656481,0.090338044,0.009241477
1.1485807,0.00024665438,4.4657054,0.09209487,6.200805,1.5896689,32.659733,5.0076156e-05,15.566679,3.4243438,2.507593,88.682304,1.3086958,0.018427549,0.0015678712,0.14580242,2.0189583,0.01335854,0.079596534,0.010339087
1.2477733,0.00028217197,3.4622543,0.101876296,8.813245,1.8404002,43.595673,5.0066075e-05,12.555655,2.9767141,3.0158284,78.740486,1.1172686,0.02672466,0.001530033,0.15662014,1.1516854,0.01133286,0.13311817,0.015578907
1.6154808,0.0002599892,2.7639902,0.077135086,7.679881,0.9751688,32.68222,5.575621e-05,13.515888,1.345319,2.4678206,55.385677,0.56012464,0.019200332,0.0009784143,0.14719804,1.3696109,0.01845935,0.10813483,0.016053649
1.2779292,0.0002236212,2.9248126,0.0687099,7.9406037,1.1703783,39.421906,4.4940243e-05,11.5197735,1.7536912,3.4688365,67.01784,0.72330517,0.019450443,0.00116155,0.12754418,1.1825453,0.009728651,0.0934598,0.009853827
1.2956128,0.0003333112,4.532624,0.075770944,9.142851,1.3716993,45.460724,6.0972478e-05,9.516069,2.5615797,3.0804935,93.1511,1.3429596,0.022318363,0.0013471791,0.21875049,2.169658,0.011523328,0.06641875,0.010058709
1.253251,0.00031923264,4.8769984,0.09384703,7.6860156,1.8007241,38.56589,5.8743513e-05,14.815488,3.6926494,2.8228438,93.04926,1.6309571,0.02181687,0.0018012127,0.16172849,2.5429683,0.01589053,0.06658255,0.0126509
1.3091996,0.00031339124,5.7599115,0.1071279,6.9292746,1.8558031,35.307518,5.6092635e-05,17.745272,4.1546345,2.393661,121.17589,1.8238215,0.017487796,0.0020798247,0.19193198,2.4144518,0.013171706,0.06334958,0.011030103
1.2540671,0.0003025007,4.388189,0.09153332,8.709132,1.2568098,43.944782,6.812384e-05,11.120655,2.4365501,3.3054123,88.74486,1.3144993,0.018911723,0.001757865,0.21381721,2.175115,0.01414439,0.08755288,0.011171573
1.3034929,0.00027769883,3.9687827,0.081150666,7.7761874,1.5326781,35.740746,5.4413806e-05,16.95114,3.062049,2.3815212,80.110054,1.1412737,0.018244231,0.0015887698,0.12510231,1.8900291,0.014820365,0.059815586,0.01193545
1.4114825,0.00032705205,4.1076736,0.08539564,9.757309,1.275579,48.78528,5.819788e-05,13.646812,2.8961182,2.7513463,73.755264,1.2153406,0.021644657,0.0015940975,0.17772073,2.0824797,0.014883458,0.088395774,0.011250061
1.2051488,0.00021028155,3.7443273,0.061511405,4.8087473,1.4031667,25.113344,4.5651166e-05,11.554328,2.628737,2.6092615,78.274475,1.0048226,0.013787584,0.0011203067,0.11276421,1.8243405,0.013437783,0.06787939,0.0094192205
1.1607014,0.00019915348,2.7703426,0.0740234,7.0523176,1.2523291,33.209793,4.421095e-05,11.5869055,1.8387958,2.742797,52.793297,0.58615977,0.018637732,0.0009792483,0.1382266,1.0271962,0.011761975,0.08270592,0.010837609
1.3531545,0.00024657935,3.6302865,0.08486702,7.5465,1.3071657,38.103233,5.2308354e-05,12.72734,1.9105948,2.0039172,72.589195,0.7601907,0.021853335,0.0010960757,0.15402095,1.472914,0.014523875,0.08863601,0.011829189
1.1234303,0.0001551317,2.7409298,0.07111132,6.9563766,1.1393427,25.484844,3.8201e-05,10.830894,1.8320334,3.5609467,54.86894,0.5234225,0.015380881,0.00083874364,0.12942857,1.0449367,0.013890849,0.09979643,0.011712606
0.99595666,0.00016073088,2.4031801,0.071406126,7.612359,1.0115473,30.181997,4.0654497e-05,9.435761,1.6983305,5.497985,43.75773,0.5770974,0.016929505,0.0010394326,0.12427668,0.96713257,0.011888108,0.09048032,0.010751851
1.240471,0.0001615506,2.4197521,0.04854245,8.140821,1.1216862,31.514996,3.7252263e-05,7.8234844,2.2473726,2.9581196,45.91477,1.0328683,0.013806519,0.0010570936,0.11344774,0.8028386,0.010810787,0.085129455,0.0097920755
1.5949614,0.00022789149,2.8067322,0.083077095,8.168507,1.0787054,39.935013,4.779563e-05,11.961592,1.5201042,3.3795512,60.754864,0.5685084,0.017435046,0.0016094482,0.15114278,1.4963646,0.0122373765,0.08391626,0.010101223
1.1961473,0.0002010662,2.4348536,0.06418836,8.166039,1.0396588,33.516186,4.2641117e-05,11.60462,1.8087345,2.6818779,48.797344,0.63792276,0.016406745,0.0007753931,0.12082482,0.98097587,0.013263749,0.1104583,0.0130319325
1.0862197,0.0001988469,2.5923228,0.07805554,7.3345037,1.0208313,29.527664,4.12605e-05,12.865915,1.8385065,3.0774448,55.44432,0.74312246,0.014870662,0.0008355867,0.122228354,1.0270768,0.012414995,0.099989004,0.011699477
1.3515944,0.00024413966,3.790703,0.063259386,5.102095,1.4550471,24.474297,4.720532e-05,12.923825,2.617933,2.7332265,82.04593,0.92152864,0.017186427,0.0011516027,0.11209694,1.859085,0.013754699,0.07592478,0.010204676
1.3181715,0.00040779804,5.772178,0.12765387,7.5079007,1.4227114,38.04092,5.748701e-05,9.928005,3.7733762,2.8854387,99.5139,2.3869913,0.019799136,0.0025902921,0.22624362,3.321582,0.012131315,0.1013472,0.010322749
1.3091439,0.0003138267,4.5152245,0.10575478,8.740994,1.4170307,42.956177,5.574498e-05,12.476928,2.7748218,3.0112443,93.06101,1.374991,0.025589718,0.0017915542,0.2038976,2.168252,0.013253057,0.089809924,0.011129948
1.2399288,0.00031228765,5.822428,0.0813565,7.8198133,1.7870791,36.402477,5.589665e-05,10.482051,4.8532343,2.9179244,105.835396,2.8612144,0.020994512,0.0031447944,0.1873206,3.113086,0.010649301,0.069317155,0.010199852
1.3042736,0.00036856352,5.7099357,0.10377525,7.676792,2.1979687,38.694553,6.9700676e-05,11.287112,5.123065,3.1856833,104.56006,2.4453456,0.022613892,0.0033707903,0.16707164,3.1509442,0.0112564275,0.07557068,0.008143666
1.3058003,0.00031410265,4.781686,0.08726586,8.9611225,1.7045403,41.85616,6.523585e-05,9.862963,3.5340834,3.056856,92.94586,1.928677,0.019481778,0.002758124,0.17702974,2.5024989,0.011455937,0.057129085,0.00975836
1.2049443,0.00031714368,8.904117,0.099798255,9.48655,3.698247,42.606697,7.7406265e-05,16.8405,8.65278,2.5543604,164.9827,4.4649177,0.028360553,0.0040138518,0.26588398,3.8542259,0.018725572,0.11193471,0.018553264
1.2078475,0.00034499652,6.5183377,0.080878116,5.9913964,2.6059966,24.731506,5.83033e-05,10.132189,6.463274,2.177676,127.32112,3.0883846,0.02010438,0.0037103707,0.13108465,3.584484,0.009783453,0.08660987,0.010256018
1.3823869,0.00027252725,4.274253,0.06312813,9.361506,1.5765382,44.189022,6.867474e-05,10.913944,3.1635811,4.107831,83.22373,1.1955531,0.015995773,0.0020257866,0.24624819,1.9795628,0.013257407,0.0768446,0.011053917
1.178659,0.0005586384,8.553934,0.13785912,5.6733966,2.666885,27.287027,7.142989e-05,15.492088,5.92159,2.9492528,182.29881,2.60739,0.037463635,0.0028525589,0.19941583,4.048989,0.020402,0.10206125,0.015103642
1.1731647,0.0004425498,7.7502728,0.10487043,5.4644527,2.234661,29.627865,6.6573375e-05,13.726133,4.6755037,2.4562802,155.45944,1.9749596,0.028894277,0.0024512755,0.16932769,3.1104677,0.017006032,0.08573761,0.012897734
1.4898655,0.0003742634,4.305307,0.11247094,7.9526877,1.5131911,36.66278,5.771063e-05,15.483867,3.1022596,3.0541432,84.49072,1.2168697,0.023442827,0.002052341,0.1552929,2.239862,0.016280746,0.09061583,0.01315753
1.2094872,0.00039034433,6.189682,0.091847,5.0683885,2.0265243,23.32995,5.7856203e-05,11.920596,4.186084,3.1199343,127.88805,1.7096618,0.023703694,0.002039507,0.1578881,2.9314022,0.015942795,0.08485264,0.011644375
1.2065165,0.00017634274,2.6414075,0.06817421,8.229355,0.97153044,30.746576,3.991862e-05,10.343214,1.9480361,4.066306,53.348755,0.718937,0.014118313,0.00088465225,0.12573363,1.1092556,0.01219635,0.08984855,0.008926215
1.1151499,0.00017744247,2.6799471,0.07640775,7.8568163,1.0052404,28.275461,4.1877178e-05,10.540023,1.919155,4.8617563,57.882053,0.6029753,0.015609549,0.0010780796,0.13538624,1.281963,0.012729378,0.08408337,0.009652188
1.1932602,0.00034634906,7.3721395,0.09238346,7.9199915,2.641053,37.21107,6.663715e-05,12.935824,6.3739166,3.2039187,136.54475,3.5063899,0.023836402,0.0037577222,0.2125833,3.9239242,0.014060454,0.0983592,0.013835493
1.3131539,0.0003759148,3.8943229,0.10986068,8.648176,1.3832995,47.216015,5.1822903e-05,9.92213,2.8434997,3.4832044,73.52228,1.5055227,0.023815965,0.0013030708,0.16828357,1.7111472,0.011590509,0.07717295,0.010436325
1.2317357,0.0002225793,3.2930474,0.07842184,7.666563,1.2554876,35.2365,4.8644262e-05,11.824206,2.119279,3.0211549,72.545425,0.97385156,0.018728442,0.0011778574,0.1507989,1.5596378,0.012634228,0.09864396,0.01064048
1.3225945,0.00033068925,4.2665043,0.095799044,7.836481,1.4234276,41.544136,5.0198843e-05,14.017567,2.7106926,2.8293076,90.183235,1.1414387,0.018915826,0.0012042981,0.17338297,1.8215303,0.0131114,0.079419255,0.010625185
1.4180077,0.0002850958,4.1571555,0.09688252,7.515904,1.3908857,39.770855,5.7696096e-05,14.791206,2.5406518,3.0297332,81.91954,0.96524453,0.018800387,0.001748315,0.19533418,2.148408,0.015080991,0.08888929,0.012066659
1.2298199,0.00031692637,4.3076863,0.08355366,8.741588,1.2882534,43.664856,6.222699e-05,13.259999,2.1431293,3.3114161,96.95595,0.9037792,0.023750693,0.0012150678,0.20948704,1.9233862,0.01279314,0.08565722,0.0100093065
1.3041768,0.0003195537,4.1441956,0.11374681,7.500119,1.3908114,36.9539,5.9441223e-05,11.372063,2.5420713,2.8811088,88.354546,1.0309614,0.023430636,0.0010901904,0.16186295,2.1889448,0.012241269,0.0794594,0.008855271
1.3235031,0.00028700507,4.4338446,0.08382096,8.551597,1.4616157,39.895905,5.99177e-05,15.474207,2.5178883,3.250147,90.184204,0.99528843,0.02058403,0.0014220172,0.19146186,1.7170154,0.014035207,0.11377819,0.01304379
1.2226614,0.00023483242,4.2148414,0.07172533,8.359947,1.3265904,39.89177,5.3519674e-05,11.621298,2.2073853,3.497679,88.971115,0.8887249,0.018130373,0.0012216844,0.19369552,1.6935353,0.012938019,0.09366457,0.011936099
1.284718,0.00027707868,3.701212,0.08937782,8.309517,1.3535026,34.668068,5.471068e-05,14.705612,2.9472272,3.422748,85.06446,1.3339049,0.0208165,0.0018060349,0.1487161,1.9003832,0.014758942,0.108509496,0.014146578
1.2972573,0.00029612373,4.1103544,0.07473826,7.896025,1.432591,40.149117,5.8134185e-05,11.985224,2.8168657,2.580538,77.15187,1.5030873,0.019237306,0.0017519456,0.18393704,2.406693,0.011022604,0.05888583,0.00875543
1.2847701,0.0002543921,2.8523514,0.0780667,7.712565,1.3134522,36.3617,4.757001e-05,14.490881,2.2002087,3.129338,61.73263,0.80641216,0.018357009,0.0014151697,0.13223578,1.4158262,0.015198755,0.09004916,0.013135301
1.1955868,0.00018725204,2.637899,0.08187027,7.2963963,1.0937657,34.06442,4.2442523e-05,11.983388,1.9486665,2.9038334,64.80233,0.69373316,0.017346483,0.0011356586,0.13822933,1.0889499,0.013105475,0.10888014,0.013701728
1.3311329,0.00027451664,4.3281918,0.07516988,8.13777,1.4626056,37.8791,5.7566325e-05,17.527435,2.6793709,2.7215059,84.14329,0.97435725,0.022405,0.0011003505,0.16348507,2.0959787,0.017455995,0.07737427,0.012470691
1.261294,0.0002016161,2.9484575,0.0661943,7.2091293,1.2538309,31.28098,4.297605e-05,12.896371,2.3453054,2.8224702,62.799335,0.76462406,0.014683961,0.0012105649,0.12509458,1.3112962,0.0141172325,0.06633518,0.010412394
1.2248908,0.00024774662,3.8157482,0.07751252,8.67708,1.3856577,39.284782,5.1851694e-05,13.341909,2.4948602,2.8835924,84.66528,1.0225691,0.01720201,0.0015370372,0.19190755,1.5254759,0.015815387,0.100847825,0.013016935
1.2958547,0.0002645246,3.717607,0.080579065,8.811741,1.3646878,35.9656,5.4616095e-05,14.523013,2.2792025,2.876508,87.380135,0.9713263,0.019131621,0.0015282962,0.17500609,1.6112901,0.01556455,0.10660159,0.014200408
1.4199722,0.0002523412,3.4273403,0.06867744,7.4416866,1.2693745,35.935284,5.3399726e-05,15.151542,2.505713,2.5300703,78.102646,1.0630201,0.018978484,0.0012906927,0.20104021,1.792778,0.01450518,0.11323581,0.0111884605
1.2812948,0.00028333964,4.0223994,0.08644659,9.757292,1.5675603,40.79822,6.016129e-05,15.1151285,2.6751974,2.9049392,90.65747,1.0727384,0.022594912,0.0016797284,0.20514365,1.6382565,0.018572843,0.11888407,0.01810916
1.3012798,0.00030367688,4.109087,0.08093104,7.0919123,1.3568906,31.19385,5.5600187e-05,11.251072,2.3310175,2.7961395,88.60125,1.014264,0.02292069,0.0013798669,0.15667957,1.8067298,0.012706887,0.09271361,0.011778736
1.2398715,0.00033251624,4.1257377,0.10922296,6.471696,1.4341817,29.124748,6.011631e-05,9.6994915,2.7382584,2.9208677,86.82082,1.3040191,0.024365796,0.0016689366,0.170962,1.8629245,0.011393897,0.08980962,0.010294202
1.3068204,0.00030756748,4.903885,0.08319157,10.707482,1.5448476,41.323,6.364978e-05,16.144772,3.1454017,3.0718431,103.24381,1.4236314,0.020339694,0.0019214768,0.23166172,2.1061969,0.01600073,0.10704259,0.0153625095
1.4049515,0.00038760158,4.903402,0.11809981,7.680878,1.7985739,40.304714,6.382389e-05,14.104783,3.3358612,3.387717,96.87825,1.5448247,0.024206135,0.0023224917,0.21984182,2.541901,0.020552529,0.10368475,0.014104495
1.3034226,0.00032918752,4.326012,0.06306733,8.450006,1.2104983,47.342,6.776885e-05,10.988962,2.3487453,2.7358332,89.95167,0.93539447,0.019512402,0.001812238,0.21169576,1.9046735,0.012726143,0.08719738,0.0124886185
1.2754214,0.00021492406,3.5673604,0.074946284,7.0516615,1.4304751,33.765594,4.7504465e-05,11.53458,2.6589556,2.9497485,70.47921,1.0206575,0.016836956,0.0011810664,0.16220264,1.5390375,0.014081324,0.09886564,0.011157566
1.3692371,0.00025048453,3.3916957,0.066218734,6.690198,1.4214597,35.781498,5.052984e-05,12.050144,2.4867887,3.4493854,67.10971,0.9443291,0.015406535,0.0018788108,0.18866579,1.8694353,0.014617115,0.076278776,0.009351599
1.5265563,0.00026537888,3.1285577,0.04862488,7.945714,0.9480799,46.1488,6.0025523e-05,11.637146,1.554631,2.8264985,70.65175,0.7389283,0.017349688,0.0013248788,0.17952904,1.3265651,0.014205031,0.085518874,0.011127774
1.4046859,0.00021690388,2.283194,0.07398073,8.838422,1.0609806,38.49286,4.448429e-05,13.368156,1.49462,1.8283554,52.711952,0.57352275,0.018082054,0.001041664,0.105029464,0.99031913,0.013251631,0.102127105,0.012202808
1.3863227,0.00021043519,2.132975,0.07106357,8.759336,0.9486398,37.788643,4.3870157e-05,12.296854,1.3049234,1.3917923,46.69667,0.48116282,0.01798535,0.00096557953,0.10666444,0.90641546,0.012835394,0.10170137,0.013275273
1.3879194,0.00020588106,2.3865166,0.06496118,8.739939,1.1224442,40.62403,4.5907316e-05,12.909476,1.6554245,2.2775686,50.124947,0.6887496,0.017248768,0.0012509323,0.106694475,1.0240744,0.011952027,0.089305624,0.011461356
1.3694599,0.00019967655,2.2625902,0.06957514,8.641757,1.0128284,39.70028,4.513867e-05,12.194982,1.4274021,1.9224479,48.23969,0.5274725,0.018398937,0.0010884692,0.10588278,0.96118695,0.012230391,0.09773093,0.012116459
1.3699206,0.00018738277,2.1673803,0.06716285,8.666387,0.9628254,39.35417,4.1735602e-05,12.280524,1.4279815,1.8933349,44.33352,0.50564796,0.017277805,0.0012145677,0.10053855,0.904683,0.011151457,0.08469626,0.012274686
1.3238561,0.00034134224,4.9108973,0.08795726,9.455035,1.5616485,49.588966,6.545877e-05,13.435711,3.511328,3.2883618,103.581024,1.795573,0.021941526,0.0021737064,0.2618188,2.6418512,0.013878577,0.08829231,0.01238284
1.292267,0.00028037382,3.56838,0.08554999,9.792782,0.97877043,48.49764,6.247349e-05,9.940247,2.3408134,2.8172748,70.45697,1.3960507,0.01753507,0.0019896901,0.19343239,1.5258119,0.011345854,0.08232641,0.01033288
1.3865896,0.00033490916,4.5083075,0.10896197,8.48039,1.1240243,40.700512,6.454241e-05,11.42574,2.5610583,3.3830378,90.64495,1.3836474,0.020836577,0.0022079754,0.2378851,2.529471,0.013803592,0.08928272,0.011502426
1.3916577,0.00033731307,4.22049,0.11934365,8.558922,1.2419354,40.159046,6.436183e-05,11.361522,2.507813,3.7115285,82.50231,1.2941872,0.02309044,0.0018610546,0.22162437,2.19886,0.015957994,0.086831145,0.013399346
1.3344946,0.00032306745,4.2904835,0.08545676,8.982372,1.4434133,46.43807,6.172248e-05,12.451472,3.128665,3.3426597,89.96724,1.5788896,0.021819869,0.0019983663,0.21153826,2.2736819,0.012550575,0.083225526,0.010951173
1.2971932,0.00030973097,4.5297565,0.09606586,8.274838,1.3626521,40.67165,5.8365713e-05,12.741998,2.8891463,2.9170022,94.44604,1.537521,0.024354981,0.002065754,0.1908443,2.2923048,0.016330587,0.09660844,0.013950213
1.3150505,0.0003317944,4.539625,0.09253651,9.688854,1.4697589,49.820187,7.021657e-05,11.394353,3.3858805,3.3339353,95.901794,1.8577762,0.019444149,0.0025844364,0.26025814,2.5217376,0.012066013,0.08414828,0.010908165
1.2248067,0.0002992872,5.470179,0.077909894,7.332923,1.6416072,31.911533,6.486289e-05,11.865681,3.2832644,3.5617435,116.34092,1.5552676,0.017731648,0.0016957737,0.19949166,2.258796,0.012005676,0.08294331,0.010151558
1.362327,0.00034287435,4.9859548,0.12358263,10.227392,1.4057182,52.85517,6.796293e-05,11.950299,3.0760877,3.4570816,106.005295,1.756564,0.024785336,0.002588574,0.24548212,2.3698325,0.01315498,0.09426846,0.013164654
1.2815042,0.00033922165,4.773701,0.0809493,8.397806,1.2959327,42.41099,6.088879e-05,10.682722,3.0046124,2.8579743,93.023445,1.5723659,0.022200894,0.0020953745,0.19756609,2.220201,0.012029136,0.082775965,0.011307354
1.2893388,0.00033798974,4.100324,0.07284263,8.44661,1.4078358,47.145363,6.1020517e-05,10.528946,3.1753328,3.2482202,78.50542,1.7823256,0.01941304,0.0025635904,0.21903716,2.0848362,0.010283581,0.05305349,0.0091156345
1.357087,0.00022149185,3.0812762,0.041945644,9.124328,1.0684944,43.56834,5.61137e-05,8.50162,2.4719622,4.041416,62.453804,1.1960177,0.013956411,0.0016539554,0.18101327,1.4267322,0.008062294,0.09115589,0.00990069
1.4606965,0.00019950517,3.115045,0.070887774,10.164758,0.9843403,51.339832,4.8617443e-05,10.312903,2.2735674,2.9395366,60.514122,1.3043292,0.015126754,0.0021142215,0.1481618,1.4797704,0.01068393,0.07142781,0.011325839
1.2269548,0.00034258637,8.841993,0.092137836,7.518853,1.8739724,31.046272,6.7202345e-05,15.413674,3.708787,3.2072265,170.96077,2.1405213,0.02799036,0.0033469875,0.2087789,3.37197,0.013517346,0.07729575,0.0119501045
1.2176775,0.0002004739,3.465925,0.05708628,8.647842,1.1596661,42.51484,4.7915575e-05,10.430206,2.2869875,2.400177,67.673164,1.2774552,0.01587964,0.0014071851,0.20185259,1.6912407,0.013533611,0.069385335,0.010855054
1.1448852,0.00036986775,10.544992,0.10485754,7.601234,2.510371,33.533524,6.8669404e-05,14.421433,5.423488,3.8971553,197.93744,2.7510178,0.022709446,0.0026199825,0.1631103,4.403897,0.012760272,0.07615875,0.011425101
1.260075,0.00032572885,4.499171,0.073297806,7.653519,1.5374672,39.8869,6.450166e-05,9.648803,3.1240554,3.0834446,88.4136,1.4860148,0.02058001,0.001664154,0.18531805,1.981706,0.010503822,0.08317581,0.010351748
1.4630363,0.0001995976,2.938361,0.09085976,9.390311,0.90756464,45.082,4.9798702e-05,9.919897,1.8434,3.7678359,61.564087,0.8910314,0.016852915,0.001475191,0.16953753,1.3035389,0.010804389,0.07845185,0.010176953
1.2791554,0.0003430469,4.7445374,0.10180025,8.639037,1.2006513,43.830875,6.520774e-05,12.027226,2.987177,3.5971,96.99137,1.4468333,0.024381671,0.0014900727,0.22984067,2.4108548,0.011635559,0.07426785,0.009962186
1.4614502,0.00024862305,2.7061749,0.09558844,9.339025,0.7501271,41.182255,4.721299e-05,12.0184145,1.2539482,3.6929052,54.94061,0.87027746,0.0204093,0.001470364,0.17558631,1.1889557,0.0149821965,0.08792521,0.012063138
1.392293,0.0002887103,4.24458,0.075535126,8.805318,1.3865125,45.810665,5.9106198e-05,11.22643,3.0702863,3.4227996,90.20686,1.3779355,0.019778812,0.0021239955,0.19625284,2.085819,0.013085287,0.075401224,0.010575774
1.4151399,0.0003482996,4.575428,0.102208175,9.252676,1.6406336,48.245533,6.865134e-05,13.2382965,3.521187,3.7864535,93.14214,1.5004195,0.023513403,0.0024113648,0.21562372,2.1492465,0.0118459305,0.07821403,0.010601631
1.4083693,0.00032442505,4.5567317,0.08047787,9.240392,1.4519966,49.603794,5.8546746e-05,12.571021,3.1612391,3.3038585,97.37635,1.5391756,0.018887328,0.0024150568,0.20567353,2.4172702,0.011298284,0.0685223,0.009181302
1.487405,0.00031324674,4.3037686,0.09277087,9.274709,1.4448546,48.698982,6.221727e-05,11.95929,3.3940027,3.3584392,86.78891,1.4846008,0.020404553,0.0023322836,0.19282751,2.2881544,0.01273478,0.07719181,0.010593892
1.3307672,0.00029157862,3.891423,0.075837664,9.676222,1.303386,46.11211,5.5268043e-05,11.176592,2.4514472,3.0492656,83.28188,1.0527738,0.017139463,0.0016329762,0.21117926,1.8259989,0.010560485,0.07722529,0.010882816
1.5001179,0.00030732877,3.458513,0.067912,10.152052,1.3173983,53.09613,5.8588335e-05,12.859713,2.7868476,3.2256083,79.00807,1.398877,0.019346397,0.002120407,0.20085579,1.761176,0.0121588055,0.0823578,0.011096236
1.2345552,0.00062190887,12.808204,0.16779822,13.957514,6.4911933,46.39745,9.859865e-05,10.774324,14.97679,3.184816,243.02026,6.9461546,0.02243935,0.0049383044,0.28958067,4.033965,0.032448623,0.17551361,0.027399715
1.4281152,0.0002969053,4.346519,0.08212056,9.301229,1.513763,50.20324,6.8359914e-05,10.437336,3.0151157,3.6347868,89.44698,1.4779778,0.020359227,0.0023786451,0.26843202,1.9939417,0.012840718,0.10643378,0.012194203
1.2469281,0.0002897416,4.3561354,0.06544698,9.168534,1.1319201,47.910908,5.549681e-05,8.4401865,2.3021758,2.7166796,85.321915,1.1945409,0.028106896,0.0017276907,0.18000208,2.0140755,0.008622417,0.051483102,0.008858736
1.2445618,0.00015538749,3.1509798,0.05403508,6.6944404,0.8696458,35.87513,3.8139904e-05,8.623671,1.9974775,3.068569,58.478985,1.0822402,0.010750767,0.0013958401,0.11739239,1.6729224,0.00903906,0.043421127,0.0073208553
1.207907,0.00039034485,13.6703615,0.080018595,9.6616955,6.077336,42.767536,9.076031e-05,21.263412,14.787953,2.926934,247.84837,6.9718256,0.023996836,0.0051838853,0.28249747,6.1024556,0.019607093,0.10388681,0.017661568
1.2904361,0.00029751207,3.9677103,0.045725815,8.294178,1.3054972,48.01198,6.175499e-05,9.3941555,2.9712253,3.1328979,78.66995,1.5407515,0.014217331,0.0016835231,0.21511015,1.7385778,0.010221867,0.07840054,0.009062048
1.3946729,0.00017209956,2.9212124,0.065374345,8.113686,1.2251395,37.73361,5.0589744e-05,7.9952636,1.9908875,2.2001143,59.765053,1.0720817,0.016036758,0.0016389191,0.142281,1.3971685,0.009421365,0.05647282,0.008725471
1.2164224,0.00022690961,2.7931855,0.047619626,7.630227,1.3152782,30.558998,4.5942e-05,11.689385,2.0781481,1.1517416,57.579,0.69694406,0.015282238,0.0011030324,0.10731313,1.2719204,0.010814905,0.10732613,0.0112669645
1.3082945,0.00022743826,2.9921272,0.07508977,8.340261,1.101092,37.03675,4.6847304e-05,10.922777,1.7724323,2.8508508,71.725655,0.6559301,0.018883238,0.001133596,0.15567747,1.1020142,0.012084332,0.11164061,0.01384538
1.155761,0.0002568028,3.551881,0.07250646,6.9717345,1.3380414,27.777676,4.9355305e-05,9.885803,2.6868024,3.5619516,68.94921,1.4350965,0.019617135,0.0017954507,0.15502757,1.5359998,0.010438862,0.07033763,0.008443998
1.3376502,0.00028503546,4.5003695,0.10649949,7.391169,1.274557,36.852055,5.752666e-05,13.488401,2.8216002,3.179414,88.67598,1.1259242,0.023661567,0.001893332,0.19803531,2.0919707,0.01632394,0.09071868,0.012544196
1.2585018,0.0002456179,5.3346434,0.07191071,7.977706,1.6326582,39.691956,5.7793903e-05,14.075634,3.4569037,3.1516306,103.0118,1.7151029,0.02093192,0.0022234372,0.18608695,2.0282364,0.011310662,0.074345894,0.011208812
1.2258606,0.00024674684,3.6012738,0.07530606,7.131143,1.2182254,28.061758,4.6159166e-05,10.185827,2.5659072,2.9327195,68.44317,1.2827401,0.019625926,0.0016589923,0.15042607,1.549202,0.010421779,0.08047606,0.008384434
1.3965445,0.0002860942,4.1655416,0.05988653,8.629295,1.314101,40.325615,6.1935636e-05,11.4473295,2.5426297,3.02896,88.37266,1.0121512,0.016337391,0.0017051853,0.22168335,1.9853717,0.014170338,0.087416016,0.010871944
1.2820863,0.00025733956,5.2374253,0.076241225,8.435248,1.305609,39.71942,5.1731855e-05,11.410206,2.7167125,3.0628314,103.03834,1.3163819,0.0161468,0.0018289511,0.1705094,2.2734137,0.0103930505,0.08386155,0.009071553
1.2653345,0.0002157454,4.2492533,0.06977801,7.0034313,1.1056706,34.676525,4.5555073e-05,8.393268,2.3041432,3.0172331,80.70011,1.1545748,0.013728286,0.001564139,0.14065726,1.918275,0.008754701,0.057719205,0.008340875
1.2990024,0.00014749047,2.7441356,0.06753849,8.058265,1.0315082,34.37375,4.2936488e-05,9.594932,1.2982681,3.0191925,58.300854,0.72552645,0.01905113,0.0010214455,0.14309052,1.1011277,0.010926136,0.095279545,0.011301395
1.2695414,0.0003206584,4.3101463,0.08736617,9.309368,1.3941091,43.0646,5.9719216e-05,12.795161,2.6533961,3.1614015,100.08542,1.3399808,0.021405008,0.0016951627,0.25129864,1.9640831,0.013127299,0.07803785,0.011296327
1.3073633,0.00034000978,4.650338,0.098994605,8.762626,1.3376513,42.7273,6.246678e-05,12.481342,2.5176072,2.7078216,109.26678,1.2876388,0.022304595,0.0015669311,0.26859307,2.0170636,0.013046173,0.08819902,0.010788711
1.1979768,0.0001826567,2.4377015,0.06793865,6.0348825,1.189937,29.070045,4.3243697e-05,13.092373,2.0581448,2.7749271,56.30334,0.80764383,0.013452568,0.0014090925,0.12610556,1.1639235,0.013503392,0.101833865,0.010121394
1.198894,0.00022055056,3.458913,0.07293477,8.715402,1.1667699,32.276566,4.523035e-05,11.72366,1.4944981,2.161931,73.58829,0.9480855,0.01925325,0.0012936478,0.21392307,1.3150591,0.013981512,0.11357248,0.014034344
1.3015338,0.00031759727,3.2273843,0.08155455,8.724179,1.2461418,45.867027,5.7134563e-05,12.028342,2.519466,2.78717,74.19408,1.2439058,0.019078102,0.0014921387,0.200153,1.5865631,0.011301328,0.081474796,0.009934982
1.2908764,0.00025568687,3.10383,0.07517868,8.314433,1.1613609,41.937855,5.362917e-05,10.541553,2.1479385,3.2971475,76.58154,1.0371279,0.018420244,0.0017419168,0.19299035,1.5064294,0.012777951,0.08667654,0.00989912
1.2951058,0.00027763884,3.3178244,0.07089152,8.72643,1.2064381,42.844364,5.2392377e-05,11.411135,2.1825166,3.3551233,77.39149,1.2094847,0.018352337,0.0016314313,0.20230728,1.7797769,0.012158037,0.06759628,0.009293054
1.5037547,0.0002628019,3.2006671,0.06523411,8.188674,1.1864533,34.987507,5.5191347e-05,8.974561,2.4325783,2.1577938,66.58067,1.4329661,0.01504865,0.0017790132,0.14774032,1.7363421,0.009339043,0.0626236,0.0066822194
1.295393,0.0003116094,4.1475005,0.08360108,9.228364,1.2975134,44.363075,5.6714725e-05,11.50072,2.7337356,3.0586305,96.55248,1.3983071,0.021225534,0.0020396812,0.22431076,1.8519009,0.011685202,0.070950925,0.010235008
1.3161985,0.0003256337,3.4825754,0.077040255,9.004618,1.3306786,45.209335,6.642711e-05,12.516072,2.4828012,2.941255,81.400024,1.1405379,0.02000807,0.0015544046,0.20368335,1.7046714,0.0122981155,0.0843998,0.008987054
1.1718713,0.00023672463,3.1300356,0.06296612,6.794413,1.1624823,22.075834,4.468947e-05,10.840701,2.2110758,3.5487075,59.91308,0.91681176,0.014848137,0.0010620226,0.13579617,1.1947327,0.011128659,0.09565142,0.009587338
1.4414567,0.00022082239,3.1304905,0.101266034,9.523929,1.0482384,45.222794,4.819538e-05,12.948015,2.042945,3.8792524,67.04866,0.953782,0.017661212,0.0014702044,0.1622769,1.4444299,0.011609775,0.087553404,0.011131244
1.5051072,0.0002279579,2.8599262,0.073748454,9.082417,1.1070056,48.39592,5.9779137e-05,12.18197,1.9542016,4.124547,63.528618,0.7357979,0.018070068,0.0012747033,0.22261629,1.2060231,0.01609437,0.12241243,0.012187104
1.2877245,0.00016035905,2.36192,0.06965515,7.3962107,1.0710661,33.337517,4.2516836e-05,11.297712,1.8267393,5.0709133,55.461697,0.65094745,0.013843785,0.0009903624,0.13917059,1.085742,0.012418859,0.10786173,0.010666867
1.0509084,0.00018314505,2.3091617,0.068788126,7.6075854,1.0966845,31.757282,3.968244e-05,15.022494,1.8557913,3.2777212,48.269863,0.6555814,0.009999241,0.00086531666,0.10541539,0.8697648,0.010023719,0.08864709,0.0094376765
1.5877346,0.00022810181,2.633084,0.090756334,8.537366,1.1138327,48.519207,5.987035e-05,12.820514,1.796702,4.2610083,59.220604,0.7257286,0.017283035,0.0014987551,0.20194802,1.0293134,0.015984893,0.13754317,0.013637934
1.1859323,0.00017489113,2.2121954,0.068824545,6.742246,0.9584384,26.104578,3.8708356e-05,11.387953,1.9921179,5.6984353,49.65985,0.768343,0.015452519,0.0012973774,0.11045907,1.1477063,0.011231386,0.078626394,0.009388911
1.3906494,0.00020850444,2.810277,0.069084935,8.930358,1.0388696,40.244064,3.9610084e-05,10.77119,1.9139034,3.8457649,64.949615,0.8727228,0.015156,0.0012462594,0.13580483,1.3618219,0.01058668,0.07510653,0.00903068
1.3176881,0.00023314383,3.7113178,0.069436185,8.519716,1.1593232,38.75891,4.6623616e-05,11.459166,2.0437052,3.5536072,83.75494,0.9351872,0.015772566,0.0012225263,0.21950518,1.5745271,0.011874078,0.08975799,0.010027988
1.3528332,0.00020853574,2.6578736,0.06639267,8.630942,1.1254106,43.527878,4.8711652e-05,11.212952,1.975604,3.45779,60.712166,0.77758056,0.015908346,0.001014619,0.16641644,1.1547894,0.011032588,0.08690466,0.008665143
1.2795577,0.0001741697,2.83466,0.057228748,6.800877,1.2740493,31.984217,4.9711263e-05,9.833951,1.875357,4.6761417,63.062363,0.5525987,0.01646477,0.0009400723,0.2038678,1.1057898,0.013803981,0.10407969,0.01058763
1.5052905,0.00021099624,3.0222335,0.08856622,10.828988,1.0740013,59.20733,6.260657e-05,13.135641,2.2162573,3.0647137,63.03759,0.78382176,0.015637515,0.001328763,0.21083455,1.3676028,0.013628643,0.117886685,0.0112712225
1.5799263,0.00025288036,2.9450927,0.090965286,10.927967,1.0864159,58.820656,5.6098004e-05,12.70738,2.176181,3.8169613,64.79321,0.90151805,0.016893094,0.0011673984,0.1916498,1.3413384,0.013425387,0.10596259,0.011393554
1.3223433,0.00021073621,3.5066772,0.07287823,7.955201,1.2446257,39.075825,4.2755168e-05,11.611532,1.9838033,3.6163347,82.06134,0.6140538,0.01675182,0.0012122006,0.11412417,1.1969066,0.010460384,0.09825111,0.01003049
1.3077928,0.0002545088,2.9578981,0.094491065,7.9437394,1.1881502,38.730804,4.845842e-05,12.489084,1.9443611,3.0247138,69.4885,0.7292427,0.020513158,0.0010303506,0.17041102,1.1672553,0.013503155,0.11050302,0.0140234595
1.2290703,0.00024113734,3.038602,0.088229254,7.8210335,1.3277609,34.323685,5.285505e-05,13.998499,2.2576275,3.4802394,73.63769,1.0590423,0.021970408,0.0013932143,0.17319204,1.3646643,0.013225876,0.10121511,0.012273825
1.1780932,0.00020621877,2.9164083,0.068762794,7.834459,1.2182145,34.12671,4.880122e-05,11.622999,2.2018673,3.5073917,61.888718,0.9920562,0.015358373,0.0009860691,0.18332751,1.2988108,0.01162388,0.0941623,0.009813464
1.2138745,0.0002152312,3.4868674,0.093298726,6.938832,1.3401097,36.888298,4.658223e-05,11.7859955,2.0435843,4.226005,82.9559,0.93255544,0.019641005,0.0013851165,0.10522675,1.4023043,0.012919751,0.12186507,0.013214232
1.2261547,0.00017917441,2.7165985,0.05422498,7.085181,1.2583169,31.920113,4.1620122e-05,11.429527,2.243887,3.4095662,59.472664,1.0108591,0.014565864,0.00097250676,0.102865785,1.0143069,0.010339022,0.11020261,0.009928025
1.2323426,0.00028099472,3.1980655,0.090180516,7.4398685,1.1165067,36.02763,4.9121405e-05,10.678818,1.9947312,3.8771791,71.77292,0.9392039,0.02125291,0.0012873712,0.16591309,1.2203087,0.012149209,0.11047909,0.010851736
1.1892012,0.00028442903,3.4553552,0.0894165,7.521409,1.2044355,37.25952,5.3248463e-05,11.460652,2.1482337,3.7605329,76.32516,1.0445497,0.022812,0.0011598215,0.21229073,1.4864643,0.013967678,0.103830725,0.010855709
1.198373,0.000293649,3.543746,0.09453695,8.13792,1.3143702,37.262836,5.5330234e-05,14.449344,2.2734628,3.4344893,78.313225,1.0551968,0.02376989,0.0013061683,0.21607183,1.6052016,0.013658422,0.0983082,0.010468282
1.3215289,0.00031055056,3.7394648,0.08091836,8.513163,1.3210244,35.119072,5.788667e-05,11.753998,2.4411929,3.4660578,85.49172,1.3353641,0.01998027,0.0016309962,0.17713183,1.8646227,0.010973323,0.08150912,0.007904411
1.2691308,0.00034314196,3.9992614,0.08269525,8.546273,1.2177225,37.993683,5.9152037e-05,12.595303,2.4883087,2.879467,81.641815,1.3675579,0.02352635,0.0016533341,0.18484247,2.2253792,0.008833499,0.061347254,0.007873847
1.5356721,0.00034974676,4.306763,0.09445654,9.146612,1.191125,42.198513,5.7230187e-05,12.92003,2.305364,3.082557,85.14334,1.2307978,0.024751984,0.0016421643,0.21778603,1.9711567,0.015040841,0.099516176,0.012847004
1.2400334,0.00038274153,4.7741857,0.13530058,9.419942,1.2252772,46.641182,7.404735e-05,11.529574,2.9496226,3.5394778,89.17295,1.5607854,0.02317453,0.0022306044,0.26488551,2.308965,0.017057696,0.0803804,0.014550874
1.3122884,0.00030298973,4.8846517,0.100554936,7.0844765,1.4991717,36.743103,5.880011e-05,11.329098,3.2570317,3.1742995,92.57558,1.5767872,0.022250356,0.0020363014,0.20559874,2.6114075,0.012092034,0.097140625,0.011770402
1.3767363,0.0003039835,5.0387306,0.1031174,7.6221967,1.4732367,40.64285,5.848528e-05,12.553038,3.253177,3.3510048,104.84627,1.5709466,0.02434266,0.0021316833,0.20801571,2.584519,0.012032429,0.07873393,0.012067299
1.1219355,0.00024181015,2.1649828,0.076382615,8.848745,1.0220313,38.317093,4.443284e-05,13.163847,1.471853,3.6568146,48.74464,0.5319522,0.016870994,0.0012473521,0.13934472,0.9310544,0.011932529,0.095666714,0.014037236
1.2645805,0.00021938168,2.3539853,0.06518683,8.739902,0.9842066,38.558376,4.4272852e-05,12.602142,1.549357,3.2102978,37.952187,0.5420169,0.016284892,0.0008893885,0.13473208,0.9405294,0.012296459,0.10199176,0.012656035
1.240559,0.00018643097,1.9577662,0.04708162,6.682314,0.89311683,27.955622,3.1052845e-05,10.569921,1.2563008,2.9989328,44.97981,0.35320622,0.012316779,0.0008394384,0.092622325,0.695211,0.0075559593,0.077267915,0.010186438
1.3967122,0.00019209618,1.8867129,0.060737472,8.306045,0.9056507,36.82015,3.630336e-05,9.930129,1.1363722,2.4544554,45.94095,0.3327666,0.016312627,0.0008570753,0.10693133,0.6601837,0.008756655,0.091913454,0.012354759
1.3655999,0.00016884055,2.1785557,0.05398858,9.162737,0.9775149,39.46855,3.8051017e-05,11.687711,1.3873287,3.1097832,41.94704,0.49844018,0.01727656,0.00094119716,0.13676389,0.7450478,0.01150066,0.10337878,0.012832458
1.3512174,0.00019795111,2.463331,0.038338367,9.740426,0.8967496,42.373917,3.4085875e-05,13.287054,1.350101,2.614482,46.428036,0.6310707,0.014880899,0.0012572474,0.13490656,1.1142018,0.010731073,0.08205788,0.011190892
1.38651,0.00021606,2.6237817,0.065670274,9.598869,0.9930946,36.690445,4.177639e-05,14.015829,1.7477705,3.916764,44.35484,0.70645267,0.018472945,0.00091646664,0.14020449,0.989115,0.012534991,0.09605459,0.01124246
1.3770956,0.00023243671,2.955318,0.07042962,8.897685,1.2862606,38.698177,4.7183486e-05,12.045467,2.0735443,3.4749937,65.57161,0.7859287,0.018665807,0.0011537583,0.12743892,0.8593859,0.010561668,0.11225736,0.01208424
1.4532216,0.00023453379,2.929139,0.06707108,7.811655,1.2084588,40.06521,4.5071578e-05,12.740424,1.9711047,3.5247254,59.331734,0.67539376,0.015957333,0.0013815432,0.12679864,1.2221286,0.013274478,0.1050681,0.012023673
1.5055523,0.00022936116,2.701259,0.07587308,8.048404,1.0124286,40.633495,4.439073e-05,11.839904,1.666814,3.4627771,46.645565,0.53931695,0.019673549,0.0012166811,0.12404112,1.185596,0.011862229,0.10034272,0.012291465
1.2798082,0.00021632199,2.879557,0.08867314,8.499862,1.2243823,34.459106,4.4009183e-05,13.3203335,2.0616362,3.8248563,56.65074,0.8104233,0.01978416,0.0010223493,0.12146651,0.9867817,0.013073842,0.10833331,0.012974642
1.3362399,0.00018817936,2.746589,0.089104414,8.310001,1.2261164,33.89208,3.9842576e-05,12.872261,2.1009924,4.536716,51.24467,0.93296784,0.01631426,0.0010453728,0.13828444,1.1123555,0.016647682,0.09562769,0.013541377
1.1593357,0.00024500495,2.47475,0.08559322,7.2241087,1.1750133,34.18794,4.386857e-05,13.387912,1.7125622,3.2440813,59.031548,0.5545578,0.015224045,0.0012310122,0.115468204,0.98499113,0.011975929,0.103029974,0.013050573
1.5307641,0.00017878324,2.4147036,0.069150366,7.452581,0.90945935,38.89341,3.374501e-05,14.367691,1.4382013,3.3379705,46.27535,0.52730113,0.01449959,0.0012778889,0.1298584,1.1371337,0.012034698,0.08594415,0.01082456
1.2198765,0.00025008855,2.4231849,0.07765402,8.509813,1.0966111,33.097126,4.3453856e-05,13.416284,1.5813274,3.8093383,55.49422,0.67912674,0.016213369,0.0014840919,0.14427449,1.0537455,0.013396011,0.09710959,0.014726629
1.3346037,0.0001772422,2.447953,0.069759704,8.725775,1.0635945,42.379997,3.9737253e-05,13.905387,1.5689358,3.5221543,48.42072,0.54296565,0.018190283,0.0011773239,0.13575041,1.0196693,0.012208752,0.102343015,0.012845571
1.4413567,0.00017817701,2.1044927,0.055307336,8.822015,0.8753238,36.76038,3.3221982e-05,11.926469,1.2260299,3.3741233,43.319603,0.39212185,0.012914211,0.0009864266,0.10749129,0.8425925,0.010561641,0.08335786,0.010204022
1.6206679,0.00019250592,2.4598536,0.049990717,8.741592,1.1256555,45.83836,5.0829105e-05,10.650404,1.5773491,2.597141,57.929825,0.5209382,0.015208251,0.0009881742,0.1278857,1.0118273,0.012657124,0.12881391,0.013617769
1.3625305,0.00024303533,2.2669904,0.086812265,9.467503,1.079153,38.512974,4.3812328e-05,13.488414,1.5612963,3.6767142,42.788887,0.58212924,0.018060751,0.0012522831,0.12635587,1.130203,0.013901828,0.091116905,0.013242548
1.2509526,0.00021249238,2.2324884,0.07294972,8.976834,1.1797333,38.841045,3.7463127e-05,13.266077,1.6256642,3.679171,51.692364,0.55188984,0.014611734,0.0012846157,0.12704971,0.8691781,0.01229032,0.10737922,0.013807126
1.2935871,0.00018113859,2.1158268,0.066482484,8.496211,1.018317,37.127216,3.5422665e-05,12.678427,1.5523907,3.562249,40.570423,0.4788302,0.015221143,0.0013237365,0.10752518,0.9500323,0.012343773,0.07965994,0.011610143
1.2132473,0.0001944643,2.5192153,0.07332011,7.912333,1.2625995,32.470074,3.6929374e-05,13.330966,1.5578936,3.632583,57.470806,0.5643451,0.011869774,0.0011328328,0.1282404,0.99160427,0.013576992,0.11164452,0.0133191
1.2554141,0.00027254535,2.54487,0.084823415,9.127648,1.2883898,39.27979,4.213177e-05,14.610068,1.8597349,3.5771866,61.05721,0.5534206,0.016532805,0.0014009957,0.13438587,1.1014432,0.014473139,0.12291878,0.014855608
1.4127998,0.00023082683,2.644172,0.08976077,8.092752,1.1858712,39.98204,4.2889344e-05,15.041005,2.0386581,3.9824765,49.719105,0.8708319,0.015794678,0.0013838848,0.14168903,1.2274008,0.013708021,0.08911353,0.011602338
1.5693481,0.00021190752,2.8496552,0.06393947,7.555743,1.0027682,34.647106,3.864997e-05,13.064719,1.7267618,3.356185,50.2248,0.50457585,0.016903592,0.001105956,0.12267128,1.2720696,0.012051647,0.07936684,0.010744728
1.4084743,0.00023733934,2.760353,0.08307184,7.454285,1.2366824,32.012615,4.629539e-05,12.357118,2.164219,3.4014046,48.700787,0.8169708,0.016310303,0.0012195248,0.12349729,1.4389205,0.012696827,0.07294402,0.009689177
1.5501095,0.00021631151,2.9362428,0.066104926,8.517908,1.202933,35.393963,4.5565237e-05,12.92112,1.8259642,3.0891442,53.055862,0.5187305,0.018124329,0.00099067,0.12962793,1.2208757,0.013028206,0.09947212,0.012489903
1.3622686,0.0002716425,3.08629,0.0903597,7.784233,1.1220886,35.342003,4.586689e-05,13.427963,1.6203,3.5378928,63.16447,0.69230175,0.022177296,0.0012320486,0.13712662,1.2667588,0.014930845,0.11145844,0.0139621375
1.0522761,0.00027181706,2.951678,0.09998233,8.082787,1.6477021,36.543827,5.6639037e-05,14.962481,2.677281,3.4575188,61.256714,1.1669397,0.0226054,0.0014401383,0.14468938,1.1581655,0.011918841,0.13346736,0.013382407
1.1224473,0.00020240582,2.3450284,0.059622325,5.8771276,1.2116302,23.695473,3.374837e-05,11.280211,1.6575128,2.9785442,47.08005,0.5481973,0.011182525,0.0011017337,0.100172795,0.9759764,0.009443452,0.09846106,0.010862938
1.3938046,0.00018390291,2.4060802,0.047694813,6.2089534,1.1663026,26.591932,3.985079e-05,11.13753,1.460592,2.8066373,44.91731,0.37402478,0.015128511,0.00086385565,0.12072429,0.9388383,0.009422984,0.0947291,0.009957069
1.2299342,0.00021597621,2.282268,0.07151874,7.7172465,1.0237811,30.725061,3.6995138e-05,10.961287,1.5982985,3.5212228,43.448185,0.5131685,0.016789952,0.00096751016,0.105528906,0.91094244,0.010282302,0.089257106,0.0106014265
1.0631549,0.00021954147,2.74692,0.074274,6.53851,1.4455063,28.690544,4.375549e-05,15.371084,2.1858902,3.281508,61.52946,0.8366253,0.01099459,0.0015137331,0.10927526,1.145847,0.011797179,0.08422595,0.010599648
1.682212,0.00022185272,2.1938987,0.05869716,9.273731,0.98802966,47.368217,4.8626964e-05,11.127519,1.4817787,2.1298583,51.805073,0.49275008,0.016565425,0.0009571472,0.1334925,1.0145192,0.013098386,0.12191394,0.013788176
1.7462399,0.00021817793,2.924258,0.06754953,7.7999825,1.0105549,36.92684,4.319141e-05,11.865589,1.6975007,3.045313,47.076923,0.63385445,0.017953036,0.0013573742,0.14332621,1.38635,0.013046377,0.086421244,0.010478115
1.1939229,0.00039780384,6.228203,0.06554305,8.652015,1.7881314,40.76203,6.904055e-05,12.343612,4.0957055,2.6268773,148.54848,1.9505728,0.020921359,0.0025729663,0.20491011,2.796557,0.012425743,0.074132994,0.010504973
1.227765,0.0004711465,8.008415,0.099221304,8.976527,2.766373,42.719467,7.7340184e-05,15.272599,7.0794554,3.2469518,169.60834,4.5545554,0.022797903,0.0031737792,0.22546004,3.794351,0.01685303,0.09882073,0.013127383
1.2334175,0.00034806525,6.3932037,0.087048426,8.33968,1.7455678,40.51936,6.409507e-05,12.546804,4.7602477,3.1560738,132.13937,2.8894713,0.021790203,0.0029645963,0.19900468,3.068077,0.014675683,0.082458794,0.011830756
1.1872276,0.00040943694,5.951264,0.09310472,8.143538,2.1415396,41.171562,6.888532e-05,11.097751,5.190789,3.0513253,122.29698,3.14679,0.024469582,0.0029516995,0.20653494,2.4779646,0.011731164,0.08608263,0.0102005545
1.2806903,0.0002950201,3.5901186,0.07617316,8.471618,1.3473334,41.08063,5.928922e-05,10.0600195,3.2927182,3.6209457,71.24303,1.8635803,0.01880613,0.0020652933,0.15523054,1.7881539,0.009668604,0.07065572,0.009584652
1.2927,0.0002850666,3.6739988,0.07143097,8.4781,1.3463686,40.38591,5.740311e-05,10.9863825,3.3370216,3.509343,72.7061,1.9180175,0.016946819,0.001963169,0.16300909,1.8520162,0.010764259,0.072013766,0.0095711285
1.1560249,0.00042249443,7.5946717,0.09334035,8.423078,2.2910862,43.9885,7.313126e-05,12.632348,6.221406,3.142033,145.34442,3.8461852,0.0249969,0.0030119156,0.23652035,3.0386927,0.012758361,0.08937349,0.011357758
1.110947,0.00038604543,5.5452747,0.09916486,9.649651,1.5797992,46.505466,7.269576e-05,15.292981,3.3276196,2.8192375,124.170006,1.9708169,0.024253046,0.0022426439,0.22494677,2.6314552,0.014728439,0.110775165,0.0143039385
1.2262082,0.00025520954,2.5257802,0.08273802,7.5281744,0.8263293,38.343407,4.914483e-05,9.927614,1.633075,3.5482736,55.22852,0.831591,0.020107582,0.0013085558,0.14346157,1.1964992,0.0096153375,0.067643516,0.008225429
1.226914,0.0002673481,2.7282786,0.084356494,7.708273,0.8763544,38.792217,4.9734404e-05,9.925982,1.773069,3.5414834,60.44951,0.89191616,0.020496752,0.0014368371,0.14757065,1.3389345,0.009555316,0.06891289,0.008259939
1.237765,0.00029499165,3.1930299,0.08848589,7.9288716,1.0554774,40.00401,5.4219996e-05,10.494725,2.1299446,3.2615087,69.62731,1.1825161,0.01936094,0.0017452772,0.17746869,1.7751347,0.011319545,0.06489868,0.008544223
1.2933041,0.00023088051,2.5134094,0.07051523,7.711658,0.7146289,36.764637,4.6413235e-05,10.147203,1.4388165,4.0976,53.94744,0.80653155,0.019553829,0.0012052206,0.13316055,1.1528994,0.0105039375,0.08380751,0.009353955
1.3641617,0.00025635824,2.700823,0.07591891,7.8135858,0.7929995,37.410385,4.832754e-05,10.218279,1.5143278,3.9214125,56.47604,0.7966027,0.020345885,0.001446644,0.12987117,1.3581651,0.010616984,0.08069951,0.009040251
1.2937864,0.000317508,3.9689612,0.086861834,8.558549,1.2846457,38.249695,5.783011e-05,11.952877,2.5678515,3.0488489,82.509346,1.3584617,0.020854065,0.0017520961,0.17199871,2.1261752,0.012087956,0.07285157,0.0106267575
1.2977889,0.00023715192,3.2379346,0.06406333,7.4403386,1.0505824,36.000637,4.857795e-05,10.274279,2.2737725,3.1713436,65.74212,1.2371185,0.015043477,0.0016964043,0.16719827,1.720161,0.010559902,0.07470189,0.00943636
1.2062006,0.0003058442,3.580267,0.080759294,7.575895,1.173111,41.58388,6.158438e-05,9.979418,2.4647326,2.8960521,77.66803,1.3080535,0.017333226,0.0016478122,0.2144946,1.7102956,0.010954442,0.07320208,0.009654069
1.2779366,0.0001806857,2.2245843,0.06080026,8.585742,0.7494408,42.644455,4.331861e-05,11.166836,1.5423033,3.7386997,50.358414,0.90759605,0.01518936,0.0009326198,0.13728826,1.0284996,0.010853326,0.089189276,0.0100255655
1.2914722,0.00022124291,2.8416588,0.06338219,8.936793,0.95545065,40.499115,4.7494585e-05,10.231877,1.9076326,3.436699,61.53594,1.0299884,0.019291624,0.0014622723,0.18309747,1.3553462,0.009886886,0.08040587,0.009337655
1.2648176,0.000248446,3.1152275,0.0635509,9.284209,1.0647681,48.63807,5.3402535e-05,10.327533,2.1314542,3.0502625,62.240707,1.1424814,0.016672377,0.0014878198,0.18327963,1.6002845,0.012174624,0.07829583,0.010939667
1.2215879,0.0003297612,4.4640427,0.0825417,9.077141,1.2099361,44.545918,6.595004e-05,9.840315,3.10255,3.2931752,92.04808,1.9281746,0.020184852,0.0023541483,0.22019686,2.1962564,0.011278777,0.07531034,0.010827265
1.2912927,0.00023749663,3.0297213,0.06318534,9.402536,0.9398889,43.7749,4.958706e-05,9.467757,1.9444418,3.525423,63.349144,1.1875623,0.017841363,0.0017532919,0.17928465,1.526208,0.009487218,0.08325542,0.00947195
1.2460878,0.00031055333,3.9896462,0.067908525,9.063119,1.194671,45.660217,6.33922e-05,9.799754,3.010694,2.9797757,80.31469,1.9167781,0.01830975,0.0022451365,0.22809403,2.157424,0.010614955,0.074040785,0.011210878
1.2972307,0.0002543001,3.5593097,0.057273697,10.322947,1.1134894,57.62573,6.20471e-05,9.892135,2.3210843,3.3390756,69.670364,1.2935919,0.016706297,0.0015114282,0.2099985,1.7915765,0.014424347,0.085690826,0.013337829
1.1596047,0.00039875417,5.9008527,0.10392572,9.231971,2.1142993,46.43356,6.9301575e-05,13.4263,4.8374643,3.2322845,121.201355,2.9150264,0.022488434,0.002665238,0.26309514,2.5472996,0.015537927,0.090710096,0.013826472
1.2029244,0.00041839277,7.8301635,0.10106072,8.766121,2.8125563,36.453285,7.586946e-05,14.197882,7.013584,3.2886653,156.02762,4.470516,0.024064733,0.0029131335,0.26250395,4.048489,0.015106127,0.09625161,0.0117210345
1.3541498,0.00023850988,3.021414,0.063988574,9.489697,0.94682086,49.71435,5.2634183e-05,11.097021,1.9950789,3.74772,71.31749,1.144027,0.017546162,0.0014412006,0.15164174,1.5257914,0.0111912815,0.09279409,0.010672002
1.3523703,0.0002464415,2.762687,0.060024157,9.381248,0.91041064,48.924877,5.1238916e-05,10.510851,1.9465289,3.656259,61.75081,1.1144521,0.018510887,0.0015659502,0.14820774,1.4505577,0.009670467,0.08767836,0.01012929
1.1409991,0.0003665758,5.9971337,0.11239162,8.746392,2.0750418,38.908978,6.5290544e-05,13.26426,4.912211,3.261716,118.94684,2.9323547,0.02458962,0.002858027,0.21193115,2.5570166,0.0153987715,0.09325043,0.013822338
1.1620246,0.0003908742,6.656283,0.091258086,8.810171,2.3582733,43.558727,6.65519e-05,13.202855,5.9898944,3.084176,139.00183,3.778565,0.020410966,0.0027527027,0.2296543,3.0280242,0.01362349,0.09483553,0.012763174
1.2492995,0.0003509954,5.252272,0.08210536,10.105236,1.9233232,44.85716,6.8120804e-05,12.451712,4.073741,2.79815,104.84697,2.284693,0.022435911,0.0020040406,0.21852598,2.267553,0.011783423,0.084917106,0.011484347
1.1708095,0.00029159003,4.0779924,0.06774974,7.6240044,1.3796816,37.19915,5.604218e-05,10.400135,3.0988424,2.851508,87.807495,1.8020189,0.01854676,0.001831796,0.18414785,1.926192,0.011072145,0.080550924,0.0098111555
1.3597603,0.00023683827,3.1539047,0.07476387,8.954018,1.1161312,45.579754,4.949306e-05,10.050468,2.3342562,3.9532132,73.8154,1.3128266,0.017786501,0.0014395695,0.15873086,1.4078377,0.012567168,0.09474913,0.011313151
1.281005,0.00030291002,4.7588406,0.061283417,8.243145,1.6349049,43.570152,5.891554e-05,10.031065,3.8548605,3.0816085,98.81237,2.306386,0.016983438,0.002027248,0.18349123,2.310578,0.011467757,0.08332235,0.00940526
1.2351971,0.0003332636,5.2206163,0.06988215,8.21135,1.7933487,43.292107,6.0426024e-05,11.362207,4.35357,2.743685,111.35364,2.7556186,0.0189279,0.002071593,0.20807667,2.4748867,0.011565178,0.088956535,0.010450778
1.2037842,0.00024402878,3.159647,0.07802663,8.622016,0.9110235,43.718277,5.674763e-05,12.489948,2.0748532,3.353867,66.16277,1.2797608,0.0194249,0.0012486792,0.16620284,1.561548,0.013363453,0.087429136,0.011144471
1.2598431,0.00022137607,2.7682898,0.07638905,7.796354,0.6649257,34.92623,4.948717e-05,10.30179,1.597898,3.4131756,58.722256,1.0434886,0.01966111,0.0012733556,0.17326395,1.4544163,0.013941669,0.08523679,0.010872517
1.172099,0.00038773016,7.711136,0.08448589,8.2226305,3.2614152,39.94062,7.5905686e-05,12.788916,7.248881,2.919314,161.76057,4.2026916,0.021287197,0.0031178412,0.2650707,3.2798345,0.01464116,0.085946426,0.013106525
1.2076814,0.0004040434,10.082443,0.10278265,8.302305,3.9875324,34.596798,7.437437e-05,16.815401,9.292855,2.667912,210.29083,5.0153008,0.023109827,0.0028701967,0.19513145,4.261416,0.016748954,0.090364896,0.012653892
1.2440182,0.00019137136,2.4615014,0.051631544,7.7673535,0.81937003,39.077477,4.3252556e-05,10.7309675,1.567828,3.5783832,56.443542,0.9604527,0.015816718,0.00092604663,0.13711144,1.1314095,0.010282477,0.08857227,0.009451194
1.242579,0.0002705414,4.043651,0.06739498,6.797094,1.1477681,29.784002,4.5146422e-05,10.4988165,2.33461,3.1056309,83.15524,1.1795275,0.017776415,0.0013022794,0.15235648,1.601794,0.012438329,0.084833324,0.0093547
1.2322779,0.0002467628,2.7619095,0.09652907,7.9752393,0.97127247,37.863316,4.9166534e-05,10.823552,1.9548442,3.3821514,60.582138,0.9386643,0.019263793,0.0012463786,0.15612088,1.3067946,0.011503952,0.08907937,0.00907703
1.1948642,0.00040492037,7.4103503,0.11804657,7.7390475,2.982543,33.8775,7.1875795e-05,14.714634,7.5422206,2.6917493,152.02411,4.5696025,0.02601124,0.0030001693,0.21581696,3.3523736,0.01537417,0.09921192,0.012635453
1.1758528,0.00039772002,7.2047634,0.10103616,7.9808273,2.4892232,38.78357,6.533077e-05,12.55393,5.7405643,2.9149377,164.03973,3.2365575,0.022913296,0.0025373208,0.23543833,2.6353898,0.014295274,0.10092056,0.014094319
1.2760534,0.000252012,3.0969436,0.065427266,7.575736,0.94186276,38.53785,4.603723e-05,9.739805,1.9906625,3.5340085,66.05427,1.051535,0.017767737,0.0015759144,0.14223216,1.5099732,0.009559868,0.072397836,0.008267772
1.1642213,0.00043628924,9.190843,0.09780441,8.736188,3.3954387,42.00077,8.255945e-05,13.944334,8.672563,3.3101485,186.12581,4.566191,0.024620118,0.003678917,0.25867423,3.4222167,0.016860114,0.09703635,0.014121594
1.241278,0.00025128244,3.2591004,0.07275438,6.8042097,0.84996516,33.274773,4.851426e-05,9.308238,1.9561242,2.5910347,70.8313,1.1260499,0.018664202,0.0015478913,0.13594821,1.4447709,0.010383657,0.06856574,0.008804653
1.1803558,0.00032671035,5.421552,0.06992709,8.032589,1.3837545,36.171585,5.6339108e-05,12.19706,3.4118316,3.0625274,116.22557,1.7003006,0.021108314,0.0020752472,0.20221573,2.4350946,0.012429144,0.071048185,0.0106486585
1.1788135,0.00033073578,5.325012,0.07204704,8.024174,1.4274466,35.72043,6.287499e-05,11.934169,3.33133,3.1222878,120.10445,1.7190965,0.02311261,0.002245531,0.2005482,2.6900814,0.012202343,0.07483862,0.011045109
1.4140716,0.00022672462,2.1483648,0.055259496,7.4618993,0.7656612,36.880104,3.8208476e-05,9.229077,1.379285,3.3774152,45.174458,0.5976934,0.019122181,0.0015330071,0.096372984,1.2375345,0.011800005,0.07017173,0.009096941
1.2553855,0.00031750588,3.9505103,0.057861894,9.714495,1.7017632,44.61646,6.257007e-05,13.381401,3.4195712,3.0909061,79.55647,2.4198608,0.019800106,0.0017921505,0.212464,1.8250643,0.014062059,0.09874901,0.011581581
1.1213881,0.0005011278,7.7399416,0.10646928,9.05431,3.6220636,38.32222,7.4580676e-05,13.953068,8.466918,2.9195695,149.14336,4.937065,0.023527514,0.0029662135,0.2245552,3.1333098,0.013673429,0.106166676,0.012637605
1.152846,0.00044538084,9.207571,0.10433839,8.244857,4.0320725,40.06817,7.45862e-05,13.981789,9.687378,2.8414764,187.51117,5.0685177,0.023774644,0.0030780374,0.26505417,3.6987643,0.01639352,0.100217134,0.014300457
1.4157876,0.00024279383,2.176282,0.08832881,8.671093,0.6852997,37.31921,4.964745e-05,10.278245,1.3536305,3.4954479,47.670437,0.67889875,0.022162031,0.0015424349,0.11215433,1.3190922,0.012563255,0.080413386,0.01005554
1.2085567,0.00032703465,4.5309396,0.07822784,8.907976,1.303011,41.987225,6.0738985e-05,10.237889,2.7276444,2.7973707,99.30676,1.4011481,0.018295288,0.0021524779,0.19778576,2.1251256,0.011189029,0.06801307,0.009754639
1.1973326,0.00030340924,4.41659,0.09474087,8.732272,1.4170815,41.892788,5.7809004e-05,10.931219,3.1518629,3.3501532,89.924,1.782469,0.021202134,0.001659746,0.17980707,2.031342,0.012072652,0.08897046,0.011031646
1.1750734,0.00040862447,6.1841564,0.10482708,9.123676,1.877552,44.974247,6.738032e-05,12.2576475,4.925791,3.5588088,120.463165,2.8937979,0.023238178,0.0024356395,0.21582426,2.8192391,0.01266128,0.087571725,0.010407071
1.3055118,0.00032296305,4.2428174,0.09134813,9.029292,1.3490127,45.1443,6.037909e-05,12.210304,3.1634054,3.3749352,88.84224,1.7286514,0.018733472,0.0018158208,0.1822169,1.9200393,0.011595185,0.082738265,0.009946286
1.318145,0.0002734151,2.8711548,0.0804057,8.792211,0.8845372,42.935635,5.4013282e-05,10.697786,2.0172184,3.9423656,61.998013,1.1771535,0.018670937,0.001640884,0.16091555,1.5556293,0.010822916,0.0826849,0.009635984
1.3310744,0.0002848455,3.0711567,0.072435625,8.79123,0.94077486,42.37173,5.748135e-05,10.829677,2.1122484,3.4886088,65.8631,1.2521896,0.01846302,0.0016658687,0.15395877,1.7057927,0.012531239,0.0769966,0.010285118
1.2985531,0.00024978424,3.1809425,0.069343776,10.104246,1.0051832,52.757355,5.819229e-05,11.009169,2.201924,3.7412577,65.971634,1.2635926,0.01693499,0.0014438508,0.15428495,1.682502,0.013792846,0.09389572,0.012041884
1.302262,0.00023881187,3.0882883,0.07630833,9.837666,0.9636418,49.826557,5.585234e-05,11.692049,2.0854406,3.8410766,66.632484,1.2119952,0.017739285,0.0014941257,0.14456531,1.5971166,0.013585496,0.09118928,0.011805739
1.259721,0.00021134097,2.0193326,0.05159285,7.7105207,1.0501918,30.033667,4.1766685e-05,12.28887,1.3978404,0.48662198,47.902905,0.47100958,0.014557479,0.0007034451,0.10291523,0.85817605,0.010537653,0.10549797,0.011753676
1.2551813,0.00018715239,1.7504331,0.06865794,7.692662,0.848728,29.613506,3.717571e-05,10.89058,1.2710962,0.95485264,41.828117,0.41713634,0.015840406,0.0010173244,0.077197894,0.9586116,0.010031572,0.07741893,0.010920791
1.259587,0.00023705194,2.7006183,0.046974987,7.8861456,1.121423,31.524067,4.0705196e-05,13.6207075,1.4670906,0.86894536,60.531715,0.55163467,0.014359896,0.00063276355,0.112088546,0.9657499,0.012216093,0.11370409,0.0131456815
1.3314015,0.00018911269,2.0464568,0.054426532,6.979004,0.98151344,29.555527,3.830041e-05,11.094233,1.3947119,1.1522735,45.60629,0.48474842,0.012662494,0.0010067733,0.082896434,1.070453,0.009554999,0.08613117,0.010297927
1.2264401,0.00019467369,1.9349407,0.074703775,7.546632,0.85841316,29.055702,3.7881673e-05,11.383155,1.2292641,1.0136368,44.40259,0.40950808,0.017350607,0.0009843701,0.08307815,0.99088675,0.010938523,0.083434574,0.011632613
1.2938259,0.00017639235,1.7041141,0.058213916,7.688338,0.8603106,30.774788,3.6448306e-05,10.511168,1.3277645,0.88171595,41.420677,0.43107256,0.013778939,0.0009675209,0.07506276,0.9449632,0.0092835985,0.07166729,0.0104625635
1.3008689,0.00019510194,1.9932611,0.065695696,7.345109,0.9546944,28.973778,4.365185e-05,10.108539,1.4166447,0.19520517,43.273544,0.45101383,0.016105326,0.00083445397,0.09753346,0.96645784,0.0101082735,0.08541636,0.012260561
1.167643,0.00017730969,1.4739281,0.05752904,8.420877,0.92753637,37.07183,3.6338235e-05,11.400393,1.1861547,1.197626,44.041344,0.34855378,0.0132553205,0.00046670454,0.09281032,0.66709524,0.01024814,0.09510875,0.012596881
1.28656,0.00021431278,2.2270927,0.053393945,8.132685,1.0498239,30.377508,4.1893458e-05,12.640087,1.3871367,0.5518216,48.99138,0.50517356,0.015632434,0.0006869226,0.11387559,0.90095073,0.011110768,0.10664412,0.012482599
1.3855917,0.0001993248,2.7360563,0.061144523,10.569543,1.4076984,44.639847,4.8935766e-05,12.890323,2.0670638,2.5202694,57.418354,0.7000639,0.018904127,0.001003935,0.14913078,1.2343861,0.011318522,0.1056665,0.01094946
1.2217555,0.00022255229,1.9836123,0.058266595,8.227976,0.9786136,35.902214,4.0235667e-05,12.226087,1.2843206,0.6459215,51.675957,0.47527656,0.015374437,0.0006695131,0.100821316,0.7605841,0.010965313,0.1070444,0.013051465
1.4603918,0.0001985986,2.0329528,0.06806815,10.732967,1.1836025,45.495216,4.7314716e-05,14.147781,2.028495,2.2105799,51.13928,0.7687636,0.015229948,0.00091048185,0.11273719,1.1829896,0.011772952,0.099033535,0.010513653
1.3049717,0.00019630256,1.9612697,0.047312487,8.502914,1.046736,32.637753,4.0406783e-05,11.440962,1.4099131,0.18902424,45.434,0.49733385,0.01374043,0.0007284255,0.09767343,0.7452559,0.009567041,0.10654675,0.01189739
1.2734606,0.00020655157,2.8191926,0.061585087,8.810641,1.3321784,40.64284,4.525712e-05,17.361105,2.2130418,2.9382298,60.80162,0.966041,0.015527522,0.0015074898,0.17019603,1.4042873,0.012493134,0.08632607,0.010023443
1.2570379,0.00017028791,1.849686,0.058537085,7.500281,0.8018921,27.955885,4.014745e-05,9.415442,1.0983207,-0.10183299,39.159126,0.3572813,0.016489606,0.00086007186,0.10260011,0.8095871,0.010163035,0.07885604,0.012991624
1.3229475,0.00017792711,1.8346063,0.05113014,8.280869,0.9197593,30.922018,4.148715e-05,11.058243,1.2856957,0.14242944,39.59682,0.4358101,0.014446711,0.00083341834,0.09143447,0.8351435,0.009622142,0.077934325,0.010834849
1.3146236,0.00017515983,1.7610629,0.054634098,8.218159,0.90926206,30.803316,4.1741943e-05,10.906476,1.295439,0.04157462,41.341335,0.43649128,0.013592137,0.00078976294,0.092386,0.8370536,0.009680688,0.08055199,0.011520211
1.2840871,0.00020434092,1.7436968,0.052799147,8.345991,1.0374473,34.32889,4.0634946e-05,10.97099,1.3830487,0.1442131,47.636654,0.4854218,0.0133267,0.00066691794,0.08733145,0.6866047,0.009489286,0.110713065,0.012123968
1.2784102,0.0002001919,1.8525162,0.05784013,8.78235,0.97059053,33.141018,4.09088e-05,11.354285,1.2777492,0.15585925,45.290405,0.48332185,0.014943307,0.00073688326,0.09485947,0.7330762,0.009969095,0.10095107,0.012431099
1.3515738,0.0001881915,1.9528645,0.06931219,8.436798,0.8714863,43.965237,4.1808384e-05,13.91022,1.3829876,4.7213554,44.956738,0.5356206,0.016362345,0.00086027745,0.12614316,1.001718,0.014752531,0.104109704,0.01192338
1.3789265,0.0002097387,2.2995481,0.06988893,8.462158,0.9447688,41.76405,3.9452956e-05,14.527851,1.4435066,5.109323,44.428074,0.5326393,0.0176245,0.0007611899,0.13893,0.9402375,0.0154768145,0.1039395,0.011363796
1.314288,0.00020546754,2.2425265,0.06144694,9.619047,1.0397884,44.848843,5.1695737e-05,13.102313,1.8354466,4.964301,50.785797,0.71930236,0.015083175,0.0011666064,0.1555748,1.0418376,0.012416386,0.09835817,0.0118742
1.3394053,0.00019899398,2.327591,0.059768956,8.297013,0.97173935,43.07929,3.8097864e-05,14.393741,1.4877374,4.8815866,49.525745,0.478597,0.017312521,0.0007590337,0.140051,0.8603875,0.014499921,0.099096395,0.011460539
1.0305012,0.00017836802,1.5469848,0.04055398,8.268941,0.9497237,27.038649,4.107616e-05,11.2139845,1.2531425,0.4892323,33.28651,0.41094083,0.012181431,0.00076929905,0.08739901,0.85792613,0.008957727,0.08031437,0.008702105
1.3150314,0.0002031468,2.3894255,0.05607328,8.045566,0.9812193,41.27467,3.793098e-05,13.455143,1.5330075,4.4882126,49.38414,0.46021137,0.018060967,0.00085475226,0.13785306,0.8752915,0.012806849,0.09084068,0.01136816
1.083047,0.0001866523,1.5999333,0.060034275,7.534972,0.7472026,31.32574,3.9957788e-05,11.489954,1.0141977,0.5637889,35.245014,0.33372527,0.014993416,0.0007408091,0.091028705,0.703017,0.00924534,0.08796346,0.011595751
1.121935,0.000185762,1.5450755,0.05044056,8.736285,0.9488219,32.40358,3.884307e-05,10.984934,1.2225585,0.88824487,38.322758,0.45692074,0.0132450415,0.00067560206,0.0888445,0.6737491,0.0085501075,0.085937575,0.009798647
1.1101099,0.0001893037,1.6623656,0.047853544,7.5547147,0.7260547,29.830406,3.7832375e-05,10.723106,1.0442978,0.27255198,34.04746,0.3774146,0.013945461,0.00065186433,0.08618236,0.72942793,0.008380216,0.07994817,0.009920372
1.4286715,0.00021356951,1.7498567,0.06678301,8.724975,0.96148247,44.650772,4.5770557e-05,12.373239,1.4670346,4.4453588,47.415497,0.54100037,0.016226588,0.0008528539,0.12756069,0.8819021,0.015061913,0.112687826,0.011695129
1.066997,0.0002212112,1.8529342,0.07318953,8.980457,1.2300061,37.382412,4.350778e-05,11.461306,1.8134447,1.1573324,46.781345,0.6429316,0.017701453,0.00093871454,0.12600896,0.815132,0.010441442,0.11061773,0.013312327
1.4651684,0.00020896064,1.6059749,0.05884721,10.17838,0.92782044,45.670074,4.6133904e-05,11.431683,1.471951,3.9486365,48.018387,0.54217243,0.0155713735,0.00088931195,0.118822604,0.79360545,0.011580801,0.10131206,0.011273971
1.1754948,0.00021317056,1.4800147,0.07210126,8.521467,0.93774104,33.986973,4.0604104e-05,12.605278,1.1384662,0.70522356,44.400837,0.4061363,0.016173726,0.0006793927,0.08915264,0.64850956,0.010956762,0.10278193,0.012948571
0.98846424,0.00018387916,1.6874348,0.04337137,8.67694,0.96764994,29.014677,4.092139e-05,11.946212,1.3336325,0.5229239,36.324257,0.52835613,0.013405969,0.0008603941,0.09089909,0.86806804,0.008853638,0.08236702,0.009321419
1.2069741,0.00021373715,1.5338918,0.06343552,8.193292,0.9746573,31.514723,3.987356e-05,11.811851,1.2089802,0.57702404,45.031815,0.39488173,0.014074872,0.00060381246,0.08551003,0.6518307,0.010346762,0.10503983,0.012378242
1.3389627,0.00023125691,2.4274216,0.05637304,8.802391,1.0403081,40.428917,3.9634786e-05,13.053492,1.748184,4.5974607,50.71622,0.5583256,0.018266663,0.0010017711,0.13754748,0.86177343,0.011689113,0.08953818,0.011494806
1.2364548,0.00019893855,1.7038935,0.07219565,7.7850575,0.8309677,29.44973,3.667971e-05,10.975359,1.2504977,1.2431667,38.5575,0.41995063,0.0146816755,0.0011637685,0.08075944,0.9886134,0.009320977,0.07292719,0.010066436
1.4388803,0.00020064534,2.4806948,0.06994362,8.507717,1.0069393,36.742626,4.280665e-05,14.955736,1.6313835,4.7505345,44.006836,0.61429495,0.017211324,0.00091443077,0.13976316,1.0382234,0.015594249,0.09749803,0.011104305
1.3146359,0.00019141253,1.38571,0.04975282,10.885958,1.039962,42.832993,4.304178e-05,15.233751,1.4901849,1.0253263,30.907137,0.6179371,0.01262055,0.00089629955,0.104685485,0.90764654,0.011038318,0.09448641,0.0098731555
1.4245391,0.00021087634,1.9342706,0.06485761,10.727456,0.96373904,46.816326,3.9098435e-05,16.052689,1.5624852,6.129502,50.125393,0.53048056,0.016924407,0.0007228391,0.12888119,0.8203374,0.013688573,0.0975396,0.011712016
1.4704479,0.00019477788,2.174911,0.06400003,9.266024,0.99811333,42.453674,3.9382317e-05,15.101275,1.6526365,6.2934003,47.793957,0.598101,0.015751382,0.00068086525,0.13766386,0.90367955,0.014416013,0.10124781,0.010601829
1.4242764,0.00022372662,2.002388,0.05826377,10.866798,0.98575145,47.753036,3.849399e-05,13.189455,1.5836377,5.988922,50.110703,0.544111,0.015921507,0.0008368812,0.13350432,0.809698,0.011826327,0.09236731,0.011092541
1.4008098,0.0002501799,3.1841168,0.077597804,9.761565,1.1734751,42.602745,5.2999294e-05,15.846925,1.8828502,1.6909156,59.770332,0.8785267,0.01818094,0.0012586194,0.1980462,1.635931,0.013178284,0.09626336,0.010185678
1.3914388,0.00023025194,1.408575,0.07869187,11.658258,0.9583659,48.95996,4.3841796e-05,12.358389,1.345488,1.5664619,44.25464,0.414394,0.018121852,0.00085701986,0.09295043,0.7465436,0.012167178,0.099068664,0.014468076
1.6082714,0.00019420376,2.1668603,0.043558013,11.067479,1.0883925,42.451923,3.8890714e-05,13.75176,1.7299455,1.9977356,33.520298,0.4545173,0.01147083,0.0005783225,0.12257818,0.9404959,0.008968542,0.08959129,0.008153015
1.3146651,0.0001543304,1.1180694,0.06552482,9.486118,0.82826805,42.478275,3.665367e-05,11.800233,0.80542564,1.4888948,43.68843,0.2684808,0.0158683,0.00035437112,0.08251862,0.5435386,0.010047797,0.09165049,0.011446471
1.2728561,0.00016930966,1.3076965,0.07720449,9.937222,1.0181566,43.743256,3.852756e-05,18.307178,1.2739171,1.5772641,42.700764,0.53787637,0.014989703,0.0007740216,0.09430674,0.70836896,0.010328284,0.09053559,0.010622579
1.4193912,0.00021485097,2.0131695,0.0699968,10.246342,1.0263325,44.842518,4.475722e-05,11.409055,1.4128858,1.6419228,48.428318,0.43418887,0.017728824,0.00091126346,0.106213674,0.87516266,0.0122391,0.107796304,0.0133901425
1.1427115,0.00026168078,3.1270173,0.045585863,7.476222,1.1098466,30.663458,4.662505e-05,10.970473,1.7928375,1.592571,54.798542,0.7115224,0.013401208,0.0007382949,0.1465927,1.2192928,0.012905129,0.10527597,0.012713291
1.2602756,0.00021068825,1.6974106,0.07020765,8.1788225,0.83849394,37.792374,4.1879004e-05,11.104402,1.0907367,1.9296957,47.760185,0.3772164,0.01819361,0.0009463381,0.08293269,0.7707615,0.0085868,0.100828625,0.010384336
1.3410058,0.00015838355,1.3502033,0.05200192,10.069386,1.0184779,45.00512,4.1732263e-05,10.832268,1.2887563,1.7040559,44.135166,0.29217976,0.01648026,0.0007451912,0.088890426,0.603908,0.0089743985,0.106318325,0.010257534
1.2771503,0.00016211369,1.9584662,0.07291151,9.311535,1.0734912,41.774506,4.7273094e-05,10.593743,1.5076587,3.0094168,49.824768,0.5369976,0.015899714,0.00092754076,0.13210458,1.0006949,0.012489725,0.103352495,0.012248439
1.2463304,0.00016465117,1.6675751,0.054519005,8.039035,0.92121404,34.79697,3.9497005e-05,12.176748,1.3510524,2.4874136,45.78975,0.42595607,0.017067531,0.0010414555,0.09162004,0.8406174,0.008363663,0.08881707,0.008597252
1.1938692,0.0001829983,2.2640467,0.057471544,9.436203,1.1964144,41.616283,4.4337106e-05,12.637808,1.7455198,2.1722527,52.532375,0.49357232,0.013995653,0.0008629961,0.13856058,0.91842,0.013043832,0.123089686,0.013479587
1.4906284,0.00021895746,1.4372734,0.073627755,10.281823,0.88446844,50.55372,4.4640008e-05,11.333619,1.0053557,1.0837605,45.383625,0.32351798,0.017935136,0.0006939937,0.09146848,0.74146116,0.012077428,0.09644253,0.012697722
1.3211949,0.00013124205,1.524643,0.062160913,8.12259,0.938868,34.579838,3.8295162e-05,12.780339,1.4161589,3.7791092,39.96569,0.5441877,0.012699685,0.0008901676,0.10265082,0.8519002,0.011014151,0.09116303,0.009148573
1.3593484,0.00012523535,2.047195,0.04576509,8.568555,1.1362594,38.375072,3.89037e-05,13.321294,1.9302998,4.7633467,33.41928,0.6506858,0.009969815,0.0007165541,0.14082633,0.9254886,0.013779009,0.11444906,0.0114804655
1.100366,0.00016627875,3.1719165,0.050210852,7.1837163,1.4823743,25.374084,4.26356e-05,9.399201,2.2544358,2.5652015,69.020004,0.6655283,0.017046636,0.00064757763,0.124061905,0.84225833,0.010441936,0.10916316,0.010148448
1.2628232,0.000215882,2.2734544,0.08170148,9.3339815,1.0048115,33.77246,4.1646446e-05,14.809263,1.967213,4.236179,31.946196,0.9187917,0.0146404775,0.0009586809,0.13324553,1.0258306,0.013652815,0.093009174,0.010377049
1.3052223,0.00019272321,1.8187891,0.05674441,10.125005,1.2562203,45.335373,4.804346e-05,12.26612,1.8561844,2.448354,48.752995,0.5093634,0.013737491,0.0010563681,0.12133978,0.7745849,0.013948105,0.13086517,0.015808614
1.2290963,0.00013969395,1.9933928,0.06260488,9.5321245,1.081775,42.02592,4.2174794e-05,13.270219,1.5848947,2.3387153,50.67638,0.53265494,0.013137549,0.0009039089,0.12407555,0.9157356,0.011154208,0.10921537,0.010941197
1.3092711,0.00015191821,2.251059,0.06170988,8.276919,1.0109545,36.084576,4.1207582e-05,10.510462,1.9152118,4.8210025,39.09037,0.6646028,0.011254098,0.00085539673,0.14024127,0.8798557,0.010961474,0.110293485,0.011423141
1.3163049,0.00021887875,2.8582642,0.0747204,8.709936,1.3224238,34.752808,4.329705e-05,14.308293,2.2414708,5.1486897,55.074875,0.9217619,0.017989093,0.0012024615,0.116546184,1.1647087,0.014482727,0.103244804,0.010674668
1.2054988,0.00025125145,1.4127719,0.078162916,8.789262,1.1527375,40.11728,4.3507862e-05,10.683426,1.2624494,1.4346831,50.212666,0.5000137,0.018414577,0.0007358552,0.07141965,0.5749516,0.011078331,0.13317828,0.012161404
1.2407569,0.0002537095,2.6827397,0.059063643,7.896657,1.2860273,35.998707,4.7759397e-05,10.212392,1.9677491,2.416978,58.657722,0.7861533,0.0156151485,0.0010501939,0.11462113,1.2789934,0.012095844,0.11633759,0.0116268005
1.2888267,0.00014946504,2.0956275,0.055569086,8.180794,1.0583614,33.254204,4.120249e-05,18.610144,1.9498165,3.6177926,31.90354,0.69674015,0.00886184,0.0009955519,0.12766282,1.0073138,0.011564566,0.10464394,0.011287141
1.4291471,0.00025738953,3.672745,0.07278428,9.287618,1.5580059,44.817913,5.628761e-05,10.611774,2.1298416,1.5776533,73.848755,0.8680223,0.017729219,0.0014825853,0.16734828,1.4463427,0.012265722,0.13616824,0.012664518
1.2472471,0.0003417929,3.9927926,0.080845885,7.912457,1.3483282,41.70581,5.8650607e-05,6.6632304,3.2501438,3.1797261,82.68129,1.8949382,0.015036671,0.0019276193,0.1808863,1.8946306,0.009129197,0.050062794,0.0076566637
1.2505133,0.00029040012,5.071447,0.06925013,7.4868703,1.2713704,41.405827,5.626531e-05,8.575606,4.0118346,4.2125645,89.455376,2.7084134,0.014679344,0.003327795,0.18760036,2.9530685,0.009186076,0.059517164,0.008546706
1.3498958,0.00035608784,4.3597164,0.091261715,9.499763,1.3296883,52.202023,5.9271817e-05,9.41362,3.3055394,2.9891918,87.49741,1.7496223,0.019335551,0.0013321838,0.20148838,1.9829786,0.012701143,0.08255796,0.011230721
1.2898262,0.00027067057,4.099257,0.09082366,7.4032493,1.1526498,40.655224,5.9094302e-05,8.967295,3.098503,3.089907,88.88867,1.6493279,0.017867178,0.0020761732,0.1833849,1.7586274,0.00920405,0.06757868,0.008698604
1.1944261,0.00023308788,3.4901714,0.05967782,6.8253846,1.0442357,32.352047,3.8149e-05,6.1620216,2.2855458,3.4503474,70.72393,1.1315479,0.013430727,0.0018604101,0.12689802,1.3988714,0.007400555,0.052605875,0.0070101926
1.2563516,0.00035298488,4.88076,0.058765903,9.642326,1.5372026,53.745476,6.220246e-05,9.834597,3.0895324,3.1279101,101.22758,1.8822534,0.014638757,0.0021460806,0.21292135,2.226108,0.011305649,0.073769234,0.0108778635
1.1531361,0.000307853,3.4725482,0.10521349,7.48594,1.2678556,35.98577,4.9099806e-05,7.625786,2.7264626,3.3781276,69.55392,1.2222605,0.020240916,0.0015526697,0.16171864,1.2261577,0.010292387,0.06520482,0.008505075
1.226014,0.0002604814,4.0207973,0.050365604,9.049842,1.281085,52.619587,5.3614618e-05,8.7934885,3.0843768,3.4335651,73.408424,1.741897,0.01372623,0.001921661,0.18841888,2.0057673,0.0109208375,0.06328382,0.01092886
1.1457583,0.00031547737,3.9481294,0.08451595,7.7862206,1.0566725,40.30752,6.2551495e-05,8.190087,2.5959938,3.7380376,76.335686,1.4528984,0.015342685,0.0020557884,0.2120669,1.7045606,0.010699484,0.06308271,0.00938721
1.2844074,0.00034563424,4.448289,0.05997379,10.245653,1.7855978,58.59889,6.7142275e-05,9.48832,3.3427815,3.2194383,86.85182,1.8590451,0.018098447,0.0022331483,0.23156065,1.8167386,0.0133370375,0.09317061,0.013533572
1.243234,0.00032621567,3.7821114,0.061406597,7.6807714,1.1835988,44.577614,5.8863927e-05,9.1207,3.258173,3.1076589,65.46988,1.6851774,0.015587581,0.0020528575,0.20259355,2.0567138,0.009078979,0.069356315,0.009311002
1.222518,0.00034120865,4.2730803,0.08791922,7.23032,1.4779835,36.808937,6.189855e-05,9.314197,2.8606083,3.4523296,86.04894,1.2606082,0.025598668,0.0015028617,0.18422201,1.7774861,0.008423663,0.07023025,0.008081233
1.1447173,0.00043192296,7.3277793,0.08060783,8.935869,2.4340367,41.709217,7.493714e-05,14.749883,5.8025084,2.7959735,162.57083,2.7048914,0.022945473,0.0027497425,0.20205289,3.2231393,0.01387179,0.08532527,0.01164748
1.1925715,0.0003968244,6.1773496,0.065433,8.649039,1.7800479,40.63257,6.887915e-05,12.341291,4.0698805,2.637257,147.14926,1.9359639,0.020839268,0.0025564944,0.20416626,2.7861137,0.012477677,0.073065035,0.01050977
1.256225,0.0002857006,3.3381157,0.08864825,8.065288,1.2499484,37.326237,5.6847704e-05,10.927032,2.9394665,3.5237134,70.83411,1.6500553,0.019303676,0.0018455241,0.15045223,1.7625228,0.009430491,0.07274999,0.008997143
1.3260745,0.0002577306,3.1192784,0.08433349,8.399785,1.3339796,41.539234,5.4698874e-05,11.38044,2.8836384,4.0418196,70.29861,1.5141534,0.019329438,0.0016723298,0.13093084,1.5330379,0.009956471,0.084356435,0.0093228975
1.1910627,0.0003843566,7.140142,0.07850849,8.175433,2.791134,40.18173,7.219028e-05,12.719389,6.239812,3.054432,155.88646,3.069185,0.02438355,0.0027186216,0.1623813,2.700526,0.012657224,0.09292574,0.011884055
1.2316399,0.0004195736,6.8474593,0.08086739,8.402986,2.0553403,39.791878,7.072725e-05,14.989657,4.776334,2.9226112,149.91406,2.6680198,0.024790615,0.0029745821,0.20242791,3.3566067,0.015595551,0.08633137,0.012827286
1.1991267,0.00039672642,5.9571414,0.06876276,8.634538,1.6317234,40.90567,6.618713e-05,12.399573,3.751658,2.9629087,137.67198,2.1416385,0.021264559,0.0026340566,0.21100771,2.7097318,0.013498008,0.07863101,0.011730307
1.1100286,0.00038729617,5.5406947,0.099247485,9.633461,1.5779301,46.372887,7.255259e-05,15.319933,3.3209705,2.815842,123.911766,1.9625931,0.024265323,0.0022422147,0.22297297,2.618851,0.014712303,0.10993988,0.014320814
1.2289364,0.0002657575,2.726715,0.083248764,7.7366805,0.8733239,38.750748,4.9686834e-05,9.922455,1.7796541,3.5819354,60.109177,0.8930671,0.020599317,0.0014447977,0.14618132,1.3379413,0.009460557,0.06908467,0.008232083
1.2409028,0.0002910915,3.1113217,0.087993085,7.9726853,1.031195,39.926846,5.356798e-05,10.416781,2.0781007,3.304677,67.83655,1.1463652,0.019357482,0.0017145361,0.17398557,1.7353605,0.011276877,0.06510688,0.008474985
1.3047068,0.00021429868,2.6555722,0.062050983,8.464449,0.95107526,39.565205,4.6036406e-05,10.466215,1.9389228,3.364239,57.44396,0.92949337,0.018702978,0.00122779,0.16021225,1.2194824,0.009712164,0.09177249,0.009285153
1.2705022,0.00019471267,2.5444326,0.059684258,8.55958,0.8492627,43.75782,4.7982103e-05,10.274807,1.6605848,3.826867,57.489494,0.9268707,0.017034546,0.0012038302,0.14619178,1.2006214,0.009414482,0.08344878,0.009004236
1.242369,0.00020600347,2.0592642,0.06963228,7.7156715,0.7886876,39.769814,4.8721424e-05,10.095814,1.5380759,3.2078042,47.490887,0.809761,0.016377201,0.0012120587,0.13734336,1.0187557,0.009505677,0.0723681,0.008324454
1.2779381,0.000220185,2.7737646,0.06518856,8.4155445,0.98473793,38.512226,4.5697743e-05,10.76834,1.9682859,3.3814812,60.951347,1.1080201,0.017420324,0.0013743058,0.16804929,1.387446,0.009652561,0.07987081,0.008280244
1.1866283,0.00021136255,2.8482287,0.054036006,9.309288,1.0107365,48.05375,5.4042586e-05,10.637719,2.1541133,3.0300953,60.391598,1.1820307,0.015964024,0.0012973382,0.16850379,1.3877443,0.012757891,0.09107692,0.01106418
1.3674926,0.00025489196,2.68641,0.075148895,7.8256145,0.7876825,37.384438,4.8328788e-05,10.159546,1.5133146,3.9481556,55.831867,0.7949214,0.020361755,0.0014490089,0.12867558,1.3586462,0.010482503,0.08048377,0.008951907
1.2941707,0.0003159462,3.916607,0.08673046,8.540278,1.2683238,37.92619,5.763018e-05,11.920938,2.5353482,3.0474608,81.26738,1.3437873,0.02085812,0.0017464339,0.17121637,2.1095378,0.012091202,0.07251144,0.010657952
1.2732103,0.0003221731,4.3883634,0.06482987,8.920801,1.4024218,45.93411,6.0436883e-05,11.76583,3.2817376,2.692088,87.08741,1.8407983,0.019104315,0.0022868745,0.19137305,2.4032552,0.011493007,0.06807666,0.011187165
1.300625,0.00023293988,3.180562,0.06391426,7.4495864,1.0354135,35.695194,4.8080816e-05,10.230336,2.2351353,3.1960948,64.44107,1.2182897,0.015096012,0.0016958574,0.16410899,1.6992733,0.010447551,0.07436925,0.009345159
1.2765894,0.00021626835,2.8308487,0.059369374,9.39195,0.9295354,47.620087,5.098728e-05,10.054004,1.7951865,3.627656,59.281445,0.96899813,0.01692776,0.001413265,0.16337164,1.4703041,0.010898439,0.08263371,0.010059484
1.2877002,0.0002868142,3.7819142,0.06486584,7.885103,1.2931455,41.559258,5.466079e-05,10.577752,2.8772182,2.769374,82.1608,1.7050817,0.018253827,0.0017853105,0.17586103,1.910833,0.011019803,0.08574617,0.00971143
1.2990645,0.0002520576,3.4899192,0.05661714,10.275204,1.0981582,57.379955,6.144301e-05,9.852618,2.281788,3.3579063,68.40104,1.276681,0.01655113,0.0015010299,0.20804265,1.763813,0.014193145,0.085654005,0.013235751
1.1862935,0.00038635393,6.4616885,0.09035321,8.279147,2.3196316,34.594116,6.5682114e-05,11.815972,5.498972,2.802703,139.15234,3.2773592,0.02228809,0.0033483396,0.25423178,2.7678719,0.013975885,0.092463344,0.013462615
1.2139441,0.00033550733,4.2534304,0.07987649,8.974315,1.2208349,43.53164,6.534284e-05,10.047099,3.2065241,3.1848767,87.73261,2.0314636,0.019472592,0.00229119,0.22984742,2.1806273,0.011420107,0.07401185,0.010718227
1.3495187,0.00031422614,3.5577981,0.080660895,9.197506,1.1559067,46.62502,6.013302e-05,10.77826,2.4485552,3.436917,83.296814,1.3737887,0.019447908,0.0016540346,0.21988982,1.7396561,0.011881328,0.09225678,0.01124214
1.324584,0.0002875664,3.3014426,0.070255235,9.3116255,1.1146572,50.13538,6.2506544e-05,9.27559,2.2743769,3.5424256,73.26177,1.3542379,0.018606598,0.0020004674,0.20791088,1.6985202,0.010408716,0.074804656,0.011032519
1.2290891,0.00039757256,7.553601,0.11240665,8.346384,2.6032784,38.30947,6.8952926e-05,14.467085,5.9177637,3.0017188,171.00159,3.5314426,0.027383838,0.0030913332,0.25098857,3.181421,0.012229461,0.089140825,0.011914218
1.1096599,0.00029910196,4.258526,0.098603494,8.73967,1.7255592,35.780838,5.7119927e-05,11.154755,4.0649753,3.4744802,74.27254,2.5678222,0.019118702,0.0022613087,0.2074996,1.978831,0.013962046,0.088714324,0.01154646
1.1763166,0.00036342206,4.573967,0.13173407,8.889292,1.8369335,35.366016,6.708782e-05,11.646049,4.043407,3.641352,77.73121,2.5029159,0.01972128,0.0022074557,0.24986304,2.3933928,0.013811082,0.08684991,0.0114370305
1.381756,0.00033418313,4.3488464,0.12949805,9.083495,1.4351821,42.152344,5.9673584e-05,12.330937,2.713656,3.393541,102.979645,1.437548,0.024661435,0.0018600575,0.19549453,1.505731,0.013353623,0.11281951,0.013873786
1.2919441,0.0002335984,3.5362272,0.06823824,8.841048,1.0335789,43.730568,5.220382e-05,10.487736,2.2390428,3.4431334,86.376884,1.2633157,0.017853238,0.0014051722,0.1705942,1.6490211,0.0124057885,0.09137516,0.010711547
1.3524147,0.00023794481,3.0162086,0.063809566,9.48275,0.9453536,49.645107,5.2655472e-05,11.059016,1.994953,3.7523835,71.15814,1.1450022,0.017504936,0.0014414546,0.15192452,1.5312332,0.011221969,0.09238651,0.010673623
1.2797787,0.00022909978,2.9577043,0.07043983,7.921933,0.90001005,36.56998,5.2027164e-05,11.057824,2.006471,3.088913,66.53189,1.1161644,0.017881684,0.0013955757,0.14601184,1.4843266,0.010741489,0.08693536,0.009766594
1.2400637,0.00028549618,3.4246612,0.0690343,7.718499,1.226153,34.850132,5.310698e-05,9.657984,2.810357,3.171633,75.3986,1.5869803,0.01992572,0.0016251991,0.15661548,1.7570142,0.009285843,0.07939797,0.008441578
1.3068839,0.00027839758,4.0988913,0.06000175,8.860994,1.3642579,46.286488,6.0824088e-05,9.464832,3.0483959,2.9114077,84.813,1.7007016,0.018089846,0.0022181047,0.18640399,2.190507,0.010797617,0.08297645,0.010050592
1.275499,0.00026264158,3.821027,0.05300821,7.4816566,1.4509578,34.506092,5.3564007e-05,9.917599,3.2767286,2.8775058,69.89892,1.7093574,0.015789561,0.0019174097,0.180869,2.127228,0.010442104,0.0681272,0.008461659
1.1980121,0.00039643655,9.261509,0.0956716,8.047247,2.7664504,37.44258,7.227316e-05,13.107315,7.0301247,3.1022427,207.9451,4.2756042,0.02296789,0.0030595886,0.24007422,3.6950872,0.015260046,0.08285159,0.011622099
1.1782962,0.0005091847,8.9454565,0.116267145,8.7439785,2.74738,38.81403,7.652297e-05,14.019826,6.310084,3.3694882,191.83585,4.003589,0.028182268,0.0031171378,0.25508088,3.337115,0.020863065,0.10358471,0.016398963
1.2230531,0.00024779918,3.58265,0.076209165,7.9673123,1.1895154,35.848213,4.5889105e-05,11.744333,2.5433104,3.404562,80.30186,1.314497,0.018406931,0.001563647,0.17039832,1.6273513,0.011064095,0.083974056,0.009237276
1.1814219,0.0004000141,7.5984726,0.11622866,7.369513,2.875404,31.613195,7.2604744e-05,13.142221,7.619781,2.9214997,158.73183,4.392123,0.025954759,0.003162194,0.22480313,3.1798985,0.015896102,0.10119318,0.013471774
1.2684361,0.00023132813,3.353403,0.06869913,7.363644,0.8596082,36.129112,5.146763e-05,10.398203,1.8625156,3.2016218,84.753716,1.1572754,0.019836487,0.0015050559,0.15981905,1.4899433,0.011384797,0.08152681,0.009948921
1.253879,0.00023926403,3.4039767,0.069707885,7.547499,0.8856684,36.90539,5.2582942e-05,10.23791,1.9089212,3.311034,88.05874,1.1898286,0.019538412,0.0014947676,0.16224575,1.4830953,0.010997751,0.08428431,0.00982941
1.1770797,0.00039669615,7.142201,0.10151136,7.9866967,2.459271,38.694622,6.5060914e-05,12.558384,5.6389527,2.9179034,162.31732,3.1780686,0.02305837,0.0025281892,0.2352959,2.6254668,0.014326809,0.100985736,0.014137684
1.1825839,0.00041437874,7.195284,0.077362925,8.11512,2.3656557,43.21366,7.314189e-05,12.979712,5.803013,2.974942,175.00102,3.1345098,0.021584878,0.002954025,0.21468988,2.899116,0.01267609,0.09464405,0.012159194
1.240535,0.00025061786,3.2497485,0.0722004,6.795053,0.84240115,33.179527,4.8285092e-05,9.32747,1.9399267,2.5938911,70.66498,1.1225276,0.018659722,0.0015394575,0.13545726,1.4521893,0.010313131,0.068161644,0.008745248
1.193385,0.000453444,8.889709,0.12529287,8.81072,3.292851,36.222343,7.53233e-05,15.954558,7.5461674,3.2876806,178.22115,4.2690206,0.029300112,0.0035383855,0.2836384,3.5811555,0.016197639,0.09908556,0.014350172
1.2024059,0.00050456636,9.276171,0.12031417,9.9983425,3.0392287,45.4108,8.064437e-05,17.936111,6.983433,3.0343878,190.05234,4.192525,0.025634466,0.003991344,0.26284543,3.8420947,0.01899317,0.10825763,0.015724987
1.4653839,0.00027623717,2.4201698,0.06727801,7.7272124,0.82959473,36.83687,4.0942006e-05,9.876566,1.6646963,3.23731,50.442387,0.86157185,0.018052347,0.0015454064,0.109822966,1.3973062,0.01233656,0.07779758,0.0088757165
1.1650877,0.00050646847,9.592333,0.12914895,8.634316,3.5840423,41.791477,8.235497e-05,15.979678,8.907266,2.5536668,171.87184,4.853385,0.028576719,0.0031814754,0.2856173,3.5078979,0.018956823,0.096995,0.014814576
1.1524777,0.0004460547,9.182306,0.104898214,8.2353325,4.031398,40.037716,7.467603e-05,13.961541,9.634805,2.8571959,186.70793,5.047857,0.023833076,0.003076218,0.26545212,3.6987295,0.016412498,0.100416146,0.01431125
1.1407992,0.00032971113,4.7258735,0.08393654,8.225514,1.3631217,37.202526,6.3298074e-05,11.707179,2.9171658,2.9488666,103.090515,1.509504,0.023112947,0.0020205902,0.19323651,1.9882388,0.012542995,0.088232234,0.011609983
1.0594621,0.00048776667,9.008282,0.11920394,9.040988,3.0620646,39.38536,7.8295154e-05,17.173561,7.824615,3.3724954,176.2778,4.4238563,0.02483466,0.0036068684,0.27506554,4.4101887,0.021244451,0.10246026,0.016152335
1.2884413,0.00032658584,4.54969,0.09248972,9.101491,1.4149958,45.66244,6.0205595e-05,11.830967,3.324546,3.3007922,95.37664,1.8607391,0.019017927,0.00193895,0.18405858,2.0340378,0.011642334,0.07826204,0.010013204
1.2383462,0.00029370954,3.8797536,0.07351641,8.225899,1.1552578,38.702705,5.772263e-05,10.673375,2.5895565,3.435138,83.28492,1.4945631,0.017804716,0.0020190848,0.19263974,1.7708364,0.011878153,0.082769394,0.010364227
1.2053792,0.00032324117,3.85911,0.081653655,8.924913,1.4614592,38.58801,6.195759e-05,12.207335,2.9687672,2.8826377,78.65867,1.6709279,0.02103897,0.0018735474,0.18847534,1.9183019,0.010752704,0.07368826,0.010810923
1.3588557,0.00032246043,3.3746212,0.06558209,8.592273,1.1082281,40.1535,5.1001367e-05,10.918469,2.1985843,3.233919,74.98407,1.3099376,0.018115744,0.0018591142,0.17793038,1.8956878,0.012360533,0.08390546,0.009680612
1.282419,0.00029303,3.5776978,0.0627982,8.9703455,1.0875412,43.121998,5.9789705e-05,12.014163,2.5069242,3.457669,73.29128,1.4498893,0.016797038,0.0018076354,0.18007502,1.8565543,0.013383521,0.07913026,0.011002809
1.0323519,0.00039912967,6.7283382,0.09764246,9.105438,2.2971213,39.725067,7.3303105e-05,14.575552,5.2354107,3.0187714,140.76176,2.8061705,0.024181206,0.0026904892,0.22604284,3.3218832,0.014229536,0.10067638,0.013413372
1.202964,0.0003493478,6.4043984,0.07008291,8.10975,1.8707453,37.64427,6.75234e-05,13.167288,4.3593245,3.2368424,144.97226,2.1639276,0.021559136,0.0024337277,0.1948762,3.1192422,0.013165502,0.0779355,0.0109959785
1.179275,0.00040898804,6.771095,0.07750596,9.249796,2.121394,43.298767,7.372756e-05,15.274897,4.5008297,3.1575584,149.28175,2.190515,0.022863472,0.0026796411,0.19886057,3.1789904,0.014906327,0.07720318,0.012095528
1.307889,0.00024548057,2.8589396,0.07634398,9.497845,0.8996033,49.244556,5.309202e-05,12.099585,1.9477091,4.029946,62.990253,1.1405568,0.018830644,0.0014315242,0.1398397,1.4236361,0.013448939,0.089598946,0.011350104
1.093829,0.00025359963,2.8045626,0.104009695,6.7148113,1.109232,26.31399,5.7771565e-05,17.26801,1.7574542,2.625231,57.330456,0.9178246,0.018077705,0.0017400874,0.120481476,1.3922292,0.011477235,0.110068,0.013439381
1.2930826,0.00023428236,3.152881,0.07227341,8.785453,1.1761633,36.861736,5.2643743e-05,14.323739,1.9023263,2.5817425,64.6702,0.90735006,0.017818026,0.0015792754,0.17116837,1.4121991,0.013156182,0.09298814,0.012012888
1.1805253,0.00024580446,2.706216,0.10905027,9.008924,1.0488971,33.59767,5.3579824e-05,16.662233,1.8355547,2.7637289,60.260876,0.8867904,0.017506367,0.0017062484,0.15441903,1.2476199,0.01222501,0.099189006,0.013867099
1.2648473,0.00026105548,3.0309567,0.12523906,7.736202,1.2433884,31.615826,5.7451394e-05,14.062599,2.1705813,2.2351322,66.42447,0.95058876,0.017813053,0.0016852972,0.15856326,1.3663442,0.011486479,0.10891848,0.011380422
1.4224415,0.00018314538,3.1470587,0.0525328,8.187262,1.2916667,30.124594,4.6030807e-05,12.992151,1.9558926,2.129868,60.255253,0.89282745,0.015810976,0.0010399397,0.14603825,1.4155998,0.012407605,0.094427094,0.00997366
1.2372235,0.00021339189,2.5091238,0.06519668,7.0341787,1.1543287,31.361637,4.5953384e-05,11.910488,1.7518108,2.2090008,59.604958,0.6569647,0.015451758,0.0010253439,0.12898535,1.0119017,0.010787341,0.09850218,0.010234884
1.3736107,0.00021586313,2.357364,0.07111321,9.719394,1.0654539,42.410328,4.778521e-05,13.496549,1.6622151,2.3619294,52.331955,0.6026914,0.015954502,0.0009892663,0.1578029,0.8793183,0.011480549,0.119461566,0.01328373
1.263568,0.00022028404,2.7566364,0.074499086,7.593936,1.1901153,29.99039,5.006548e-05,11.31255,2.0264173,2.418427,64.60165,0.82150275,0.016951442,0.001443723,0.12875019,1.0925186,0.010411386,0.11347249,0.011323104
1.2614056,0.00020771415,2.417809,0.06387489,8.082597,1.132493,35.448677,4.4764187e-05,13.404851,1.5692359,2.2103682,57.2413,0.51510346,0.015131191,0.00092993915,0.14507392,0.9875188,0.01114687,0.10764946,0.012379538
1.1730697,0.00023039266,2.7851036,0.068936266,7.2821116,1.2791004,32.00012,5.170633e-05,11.771158,2.1422725,2.4789786,61.10913,0.92099607,0.017505473,0.0014130987,0.122425355,1.2201489,0.0125784855,0.11110468,0.013122235
1.1638024,0.0002007226,2.4924989,0.06222368,8.218806,1.3172044,31.24074,4.939047e-05,11.163967,2.1970198,2.4115727,56.190235,0.84129936,0.015680127,0.0010491386,0.13866334,0.92991495,0.011474604,0.10669358,0.011669129
1.4866698,0.00021747088,2.3862526,0.058323782,9.23941,1.2104454,40.76011,4.7536752e-05,12.354842,1.9649066,2.2638426,58.89579,0.6108963,0.017368695,0.0011307164,0.13148898,1.0975972,0.011902409,0.11940077,0.0121423425
1.4688898,0.00021746848,2.206732,0.0663705,8.082831,1.134999,37.712296,4.3900378e-05,11.931875,1.7586858,2.1555283,56.02023,0.46010005,0.017566383,0.0009459899,0.11892083,0.98691976,0.010313314,0.11019547,0.01098345
1.3651434,0.00019042428,2.3932498,0.061084952,8.476182,1.0689253,35.375793,4.3706084e-05,10.885153,1.7243536,2.3677278,51.936012,0.52772945,0.01595037,0.0009655467,0.122325905,0.8200792,0.010032167,0.10108749,0.01040339
1.1025914,0.0002162414,2.534372,0.07289394,9.025868,1.2816521,39.91924,5.093295e-05,12.405982,2.1002603,2.8989887,44.713703,0.6905423,0.01912758,0.0013969383,0.20990518,1.3650256,0.017035067,0.109139614,0.016460592
1.2242568,0.00018831615,2.830481,0.06398661,7.161296,1.1265308,37.282497,4.2234242e-05,10.683933,2.1744678,2.1627214,54.920628,0.7676661,0.01382214,0.0011481841,0.13528226,1.0709648,0.011128457,0.1084022,0.012105519
1.3054255,0.00020761362,2.3118732,0.0627009,8.270362,1.0484254,35.26877,4.2894208e-05,12.439901,1.7019144,2.1222928,50.882954,0.47485173,0.01602866,0.0010140822,0.11791282,0.9949525,0.011188337,0.09544094,0.010990903
1.3255472,0.00019084434,2.347501,0.06680686,8.0217,0.91549057,32.26229,3.847794e-05,11.818407,1.6406631,2.1912549,48.233486,0.5089987,0.014239441,0.0010539136,0.10835228,0.9875002,0.010027446,0.083985336,0.008792684
1.2652792,0.00020781286,3.053614,0.094763875,8.165169,1.343218,44.410843,5.0054994e-05,13.554031,2.1880937,4.706429,56.654198,0.760891,0.018189253,0.00091377937,0.19095963,1.212328,0.01570811,0.14866328,0.016544152
1.4226799,0.00017955697,2.203285,0.049339328,6.77877,0.7199737,35.13765,3.7381258e-05,10.188309,1.3960587,3.2996647,38.413235,0.64606917,0.015932523,0.0010912091,0.1216206,1.0056474,0.0091022905,0.058250163,0.008567223
1.4006892,0.0002200377,2.1759806,0.0692154,9.448431,0.85037094,43.96382,4.4985467e-05,10.370571,1.5646725,3.1029603,44.873707,0.6226429,0.01832952,0.0012759126,0.13098355,0.96267843,0.011669488,0.09996655,0.013802707
1.2690365,0.00019856454,2.6160667,0.06416047,8.683141,1.0010184,46.628227,4.0958155e-05,9.631127,1.4775121,3.1387389,58.920326,0.46289945,0.01624935,0.00094682066,0.15918821,0.96859217,0.01246135,0.09527926,0.011853146
1.3734527,0.0002174227,1.9204524,0.07527803,8.925905,1.2129433,47.835854,3.9059938e-05,11.331084,2.1993732,2.396458,71.514046,0.59014785,0.014486406,0.0011160324,0.0761501,0.88323545,0.009522547,0.13825645,0.010476537
1.2674899,0.00023443569,3.0548499,0.06839446,8.359955,1.4218707,45.879234,4.4962813e-05,10.999803,2.8233929,2.3759925,95.22445,0.92615116,0.0134677095,0.0012243972,0.10670612,1.0746534,0.00995416,0.123470575,0.010016762
1.2386262,0.000269871,3.6513476,0.06917388,6.81694,1.160036,30.93941,5.9689457e-05,9.719301,2.3572414,2.5324144,81.629974,1.1038929,0.018414846,0.0013921751,0.1848768,1.623998,0.008368278,0.085331194,0.008082411
1.2752888,0.00025217904,3.963215,0.06581212,7.4228516,1.2906461,32.756474,5.0386516e-05,11.619651,2.6029217,2.8570716,83.00991,1.1390675,0.017534392,0.0018545865,0.14465693,1.9326568,0.01053623,0.050558724,0.007876908
1.3507957,0.0002189631,2.4894965,0.07531095,10.203574,1.0732837,53.257366,4.5147222e-05,11.69887,1.5329497,2.6731472,67.49764,0.60476875,0.01676286,0.0011417809,0.15130164,0.9934148,0.01201416,0.08868355,0.011215194
1.3327305,0.00020596165,2.4845355,0.05658984,8.255095,1.0833725,37.336166,4.337872e-05,8.045399,1.9069527,1.8024466,47.84074,0.8647688,0.01519908,0.0010900848,0.1344373,1.097528,0.0095358305,0.08781482,0.00993548
1.2680084,0.00022181196,2.388215,0.081142224,9.741422,0.9929835,48.461746,4.855947e-05,10.279735,1.2668786,1.8907771,72.598114,0.71000254,0.020130584,0.0012046177,0.13452591,0.88891613,0.010700837,0.105733976,0.011459124
1.4306799,0.00023056635,3.0591605,0.051372197,8.682667,1.3118683,40.177177,5.2051248e-05,13.367291,2.567486,3.3132296,50.37077,0.99224985,0.017272701,0.001284484,0.15622078,1.5229023,0.014375261,0.103914425,0.012830652
1.121285,0.00024230647,3.0807412,0.06262625,7.5179667,1.1544703,35.447952,4.608249e-05,11.811342,2.109142,3.5730317,76.297676,0.6710446,0.018409409,0.0010662938,0.16634256,1.3047303,0.013909345,0.10072257,0.011260466
1.4090649,0.00021312984,2.599892,0.06629821,9.066564,1.0555127,54.651855,4.490822e-05,10.1782675,1.6334248,3.0914342,70.749435,0.51986045,0.020004405,0.0012081494,0.14916761,0.87761897,0.010420743,0.085854754,0.011380023
1.2655799,0.00022580902,3.3658545,0.06494176,7.0534363,1.3020598,44.410088,4.1161802e-05,10.791896,2.6113787,2.6022036,101.92925,0.8175703,0.015603739,0.000921164,0.117070235,1.0066999,0.009685144,0.120874815,0.009947638
1.3809319,0.00026336222,2.5119238,0.07449235,10.77657,1.0139512,61.10549,4.955427e-05,13.499549,1.8792094,5.0219398,51.958565,0.6313681,0.017091962,0.001125256,0.1534561,1.1040171,0.0133579075,0.11795073,0.01456132
1.4052916,0.00024338579,2.5181286,0.07453034,10.427697,1.085735,55.78648,4.972777e-05,13.558385,1.8732673,4.4341493,54.88035,0.5542813,0.016727451,0.0010867761,0.14588055,0.97762126,0.01317871,0.1281773,0.014775885
1.1824398,0.0002272511,2.3634548,0.061582584,8.816077,1.109757,50.832306,4.7667418e-05,12.85106,1.6986806,2.7607253,51.856995,0.5059336,0.014478777,0.0008460939,0.15492392,1.0302634,0.010904423,0.11306739,0.0116947675
1.182132,0.00022564056,2.4577692,0.06431449,9.125,1.0995016,54.820488,4.77192e-05,13.209274,1.6680305,2.5900743,53.25585,0.5225074,0.01542626,0.00096162444,0.15964185,1.0736333,0.010351369,0.11190482,0.011239917
1.1996784,0.00022364198,2.4813364,0.061759446,8.704914,1.1551315,48.96148,4.8385726e-05,13.043619,1.9252673,3.2156558,51.954914,0.5343835,0.013937421,0.0009794772,0.16058438,1.1540048,0.011123648,0.11369377,0.012082692
1.4639279,0.00023932413,2.8450782,0.08447169,10.556499,1.1635995,60.274483,5.347336e-05,14.200488,1.8947016,3.6378496,63.68402,0.7747779,0.018530224,0.0011562819,0.17154756,1.2901267,0.0154244,0.12132136,0.013294674
1.3512465,0.0001930211,2.4257839,0.05628134,9.314924,1.0352131,50.80011,4.4111945e-05,11.958686,1.4316512,3.41218,54.571194,0.41782832,0.01615555,0.00078449247,0.13494396,0.8350149,0.010804718,0.10701453,0.011680794
1.3014575,0.00022099112,2.8415742,0.08180053,9.055737,1.0679423,58.090576,4.446704e-05,11.257533,2.0425227,4.2835503,59.289005,0.7010229,0.021316865,0.0013477361,0.14419925,1.1424043,0.011412857,0.093998924,0.010129833
1.4302073,0.0002218515,2.2754743,0.0861257,9.837365,0.9487741,53.95946,4.4097913e-05,13.367883,1.5240632,6.7078247,50.091557,0.49687898,0.018085876,0.00089023216,0.13236426,0.9068091,0.012504684,0.110875696,0.012092565
1.2887197,0.00022564616,2.7023904,0.0627215,8.789179,1.1179227,48.797043,4.554675e-05,12.272209,1.7706833,2.218639,57.446144,0.58429056,0.016976163,0.0008806289,0.14343876,1.1534569,0.010268766,0.103557035,0.009422707
1.598984,0.00022781249,2.2535005,0.06471724,11.175301,1.1697998,50.44394,4.735643e-05,12.716699,1.5930761,4.66449,49.551826,0.6705322,0.014977416,0.0010933643,0.15835218,0.91869277,0.0122877695,0.14495225,0.013610911
1.353112,0.00026085798,2.7993078,0.085933715,9.293048,1.2924855,49.08852,5.005406e-05,15.027968,2.4900012,5.4140763,58.019684,0.9346471,0.017663462,0.0011381998,0.15382746,1.0725014,0.0136173535,0.12385728,0.014191615
1.3771137,0.00020339039,2.4197366,0.060315397,8.983421,0.97776437,51.582798,4.128925e-05,10.486419,1.6048218,4.724155,53.26992,0.49650636,0.016582377,0.00079072145,0.14049251,0.920896,0.011220097,0.11247416,0.010873449
1.4786323,0.00018389492,2.6968217,0.0493545,9.780218,1.2079799,56.939034,5.5111395e-05,11.35355,1.7000254,2.476366,50.8677,0.55866855,0.013988282,0.0010955735,0.18095614,1.2315519,0.012545708,0.12486098,0.011458101
1.4903164,0.00023788204,2.980856,0.08959301,10.343807,1.1857449,59.061447,5.43724e-05,14.571805,1.8824031,3.4604228,62.763317,0.68671036,0.019109394,0.0012032196,0.16315961,1.2253009,0.01450133,0.12820333,0.014595411
1.3817213,0.00022180304,2.310125,0.06025105,11.109226,0.9067334,49.790462,5.1296192e-05,10.516639,1.3892509,4.5179977,51.36837,0.51765835,0.01840752,0.0011665986,0.16156645,0.9829748,0.008734145,0.08624624,0.011603973
1.2432511,0.00023248831,2.4991517,0.07409235,9.440228,0.99965304,58.223522,4.0427647e-05,10.710653,1.73769,3.9762452,56.460545,0.6321541,0.018437687,0.0012108372,0.13792934,0.9405636,0.010282619,0.09655298,0.010565896
1.44488,0.00021249511,2.0644133,0.04223461,10.745367,0.8597591,46.517242,4.8439666e-05,11.159404,1.3909681,3.6994944,45.990253,0.4946716,0.011971411,0.0008983142,0.16135067,0.97805387,0.008890164,0.09052027,0.00994718
1.521431,0.0001724807,2.732945,0.052408233,10.094389,1.2387336,50.798405,4.1752493e-05,11.563422,1.6541834,3.6642003,55.3785,0.42835012,0.015126525,0.00080782286,0.14182232,0.9005732,0.012207644,0.12869072,0.014241928
1.617462,0.00017522734,1.8413569,0.0633766,10.738893,0.9619653,53.197987,4.3862303e-05,10.314452,1.1390324,3.6048832,50.416912,0.4890136,0.01428275,0.000949621,0.13054991,0.8256545,0.009800943,0.10578579,0.010900124
1.3524166,0.00019359104,2.0619977,0.07593843,9.239397,0.9828933,45.31758,4.2320113e-05,10.036772,1.3798804,4.0807147,43.194607,0.48779738,0.015228137,0.0011186661,0.13377249,0.7457597,0.011085008,0.10247107,0.012456248
1.4674424,0.00022495826,1.5011997,0.07501794,10.239598,1.1054518,52.745346,5.222761e-05,12.680875,1.5039067,2.469946,56.44427,0.53355706,0.018034946,0.0013776949,0.0896482,0.87737596,0.011544476,0.11019057,0.013219251
1.4058917,0.00021346554,2.4121637,0.06362555,10.871082,0.9407591,48.438,5.1472394e-05,10.604346,1.4922498,4.508415,51.88268,0.49085265,0.016675018,0.0010574856,0.15467644,0.9958025,0.00940332,0.089205496,0.011444957
1.2810245,0.0002256046,2.6853502,0.083141625,9.538665,1.062851,56.578705,4.6894966e-05,10.904733,1.8251606,3.562952,59.73674,0.6812062,0.020780895,0.001296161,0.14622346,1.0042062,0.010671918,0.092352875,0.0108675575
1.4305054,0.00023348402,2.5953639,0.07581716,9.453746,1.2503755,37.363327,5.2708918e-05,13.152783,2.0783002,4.078305,50.34808,0.72676116,0.016931817,0.0012676831,0.14095803,1.1249236,0.015275361,0.1012673,0.013672415
1.6644522,0.00025369076,2.4248033,0.09159724,8.383513,1.1032013,37.30834,4.559812e-05,13.190087,1.694,3.1096406,48.193073,0.53599536,0.017681569,0.0010390539,0.12574357,1.134275,0.011610137,0.09402241,0.011420624
0.9659059,0.00010942758,2.3136253,0.052712142,8.241191,0.8823525,36.372517,4.1813208e-05,11.398904,1.3322179,2.7898378,53.36043,0.51547664,0.018675907,0.0007928664,0.15031113,0.645343,0.011974622,0.10987658,0.016370853
0.83567953,0.00025361584,2.5201306,0.08215005,7.9690824,1.1793388,28.937902,5.1714178e-05,14.82904,1.9358162,4.2865806,49.713097,0.67209774,0.020752516,0.0013503763,0.1297416,1.1542146,0.011542145,0.10163302,0.013450531
1.2450776,0.00019535278,2.3876307,0.06874425,7.187613,0.96829426,34.072235,4.252418e-05,10.404276,1.5414283,1.8195599,46.93867,0.40106204,0.017126372,0.00085463136,0.11865666,1.0528656,0.011338381,0.09535945,0.011462753
0.7866763,0.00025209878,2.3704073,0.07774736,7.286686,1.243215,24.398956,4.99806e-05,14.525677,1.9502385,3.9159815,42.75028,0.6560362,0.020374946,0.0012425627,0.11977337,1.0995437,0.011004937,0.10065365,0.011765308
1.5162163,0.00022447413,2.4351213,0.09166842,9.816142,1.0614793,43.304466,5.387283e-05,11.644412,1.5181468,4.5215344,51.449326,0.5868024,0.021841738,0.0012934128,0.15264821,0.89900875,0.014818785,0.092658356,0.013840605
1.319695,0.00020595326,2.8245554,0.07191072,7.8170266,1.2747973,32.54601,4.3725133e-05,11.129189,2.203109,2.432711,56.02885,0.6865598,0.014522761,0.0012358433,0.11776074,1.3462757,0.01053881,0.095682025,0.009783686
1.1713407,0.00022297792,2.075649,0.07652028,6.0261292,1.112781,28.518234,4.2581185e-05,12.867762,1.6613069,2.845112,61.05738,0.5462483,0.016616842,0.0011536062,0.098631136,1.1367983,0.012774001,0.09245079,0.011119905
1.0974811,0.0002294948,2.7403076,0.08100878,6.7652445,1.4056396,27.798018,4.8008955e-05,11.351456,2.4026282,4.069986,72.77974,0.8233931,0.015951714,0.0012636499,0.124459185,1.4864447,0.010920396,0.08897618,0.00955529
1.2757775,0.0002496994,2.4369457,0.097087,8.18065,1.170346,34.1661,5.019515e-05,12.779081,1.4561961,2.5450337,55.024555,0.4800867,0.019411976,0.00094079797,0.13044384,1.0831915,0.0125403125,0.11641821,0.0133489305
1.1847354,0.000246364,2.7581656,0.06399691,8.200122,1.2796235,33.096516,5.3113567e-05,11.544298,1.7550957,2.1025782,51.9544,0.74228495,0.018192148,0.0009797337,0.14634378,1.0449983,0.0147131905,0.12667663,0.014311469
1.3798728,0.00019748733,2.6709478,0.07271657,7.999929,1.2093642,33.31481,4.509516e-05,11.714105,2.023913,2.9130821,51.702408,0.67438066,0.015177731,0.0012314961,0.12049243,1.2828828,0.011505159,0.10108278,0.01104809
1.335105,0.00019935158,2.680991,0.0746334,7.5873985,1.2115815,33.086823,4.6718e-05,11.121289,2.0156476,2.5533147,51.697662,0.6476886,0.01686344,0.0011645467,0.11619404,1.3434099,0.011162867,0.099166505,0.011064956
1.4847157,0.0002446088,2.4676948,0.07537553,8.590311,1.170934,41.680576,4.58109e-05,13.814072,1.8179077,3.2777116,56.798904,0.5493099,0.01819232,0.0011846977,0.13002147,1.1458445,0.012079048,0.10570112,0.011902262
1.368076,0.00020876998,2.6222978,0.07361136,9.001925,1.2104044,35.642,4.9104612e-05,12.882514,2.0756257,4.1644216,53.7265,0.72695976,0.01577222,0.0013201061,0.13247429,1.2635796,0.015852386,0.099375255,0.013535663
1.5525243,0.00021437266,2.317304,0.08294359,9.373536,1.065529,42.955692,5.080529e-05,12.140259,1.4922049,4.0397086,49.828403,0.528617,0.018449113,0.0011721449,0.1374551,0.9049606,0.012973477,0.09440677,0.012602501
1.3512684,0.0002316591,2.9483993,0.08454587,8.005206,1.2424581,33.528038,4.845538e-05,13.454752,2.0895758,4.1571884,63.89527,0.8345325,0.019409152,0.0015145922,0.14571959,1.3865948,0.011632775,0.09836729,0.011458693
0.90343356,0.0002412714,2.49288,0.07226291,8.333639,1.1766206,31.372759,4.992945e-05,14.335321,1.9406924,4.674779,54.93623,0.70754045,0.018285984,0.0013031302,0.13414983,1.120168,0.011584289,0.10323153,0.01455645
1.3845557,0.0002099745,2.5480754,0.07162395,8.423988,1.2118816,35.055874,4.426361e-05,11.398572,2.0127087,2.798685,50.850906,0.6604249,0.014416996,0.001198101,0.119181156,1.1913813,0.011316676,0.1076473,0.010686314
1.2388378,0.00021267944,2.8926075,0.064073175,7.7483783,1.3024955,32.273876,4.6655423e-05,11.554634,2.2138221,2.1334481,54.887688,0.7239313,0.013958212,0.0010899422,0.13338478,1.3439119,0.011034971,0.09659317,0.009983725
1.2515277,0.00024470015,2.8774667,0.062506154,8.778705,1.3494128,37.228767,5.4780372e-05,13.283646,1.6775607,2.2758386,53.922333,0.6229051,0.020152966,0.0009246389,0.15761955,1.1068089,0.014690508,0.1291363,0.014521614
1.1833526,0.000236405,2.3643854,0.07703968,7.304057,1.1892906,28.499697,4.690001e-05,11.54039,1.638522,2.4584703,50.3883,0.6182538,0.0161106,0.001041204,0.117195405,1.0732744,0.0118359,0.10689079,0.012106688
1.3828522,0.00019512928,2.725026,0.07166795,7.834975,1.1980025,32.991966,4.466154e-05,11.709609,2.0684068,2.9302752,51.897537,0.6973925,0.015032059,0.0012482947,0.122850575,1.3299137,0.011247013,0.099086255,0.010666079
1.346576,0.00021325238,2.625431,0.069282584,7.903124,1.2608784,33.96427,4.4553595e-05,10.73518,2.1675858,2.674971,54.144226,0.74398154,0.013994466,0.0013415328,0.11126961,1.2870735,0.010536365,0.10161025,0.010094462
2.6727548,0.00020156383,2.1994593,0.040944126,11.166388,1.1520761,46.070152,4.723067e-05,12.636535,1.5232824,2.7899227,42.306355,0.3713142,0.01390244,0.00080467237,0.12047964,1.0913348,0.011305017,0.09766746,0.009283544
1.2764573,0.00021357149,2.6609976,0.0782956,7.7478676,1.1795394,34.01079,4.4683056e-05,12.642716,2.0749142,5.2227383,55.74518,0.7952515,0.017032024,0.0015010441,0.13494982,1.2379351,0.010966208,0.0935227,0.011253312
0.95703423,0.00019170048,2.0930395,0.072343156,7.0554,1.3069744,30.549004,3.461788e-05,10.085035,1.9433984,3.571247,35.33215,0.51064247,0.012091891,0.0010051988,0.13551414,0.7423725,0.012763283,0.1207365,0.014265057
1.4965041,0.00025190713,2.551108,0.08564549,8.424464,1.2334421,42.040497,4.658289e-05,13.80248,1.9580871,3.1268122,52.573273,0.6906927,0.018365366,0.0013444794,0.12703417,1.2962594,0.013785781,0.10284877,0.012196993
1.4997257,0.00023567835,2.74536,0.07155316,9.538659,1.2437742,41.667034,4.863513e-05,13.012676,1.9426681,3.1217349,58.39114,0.6242677,0.019172274,0.0012349724,0.124807596,1.3218489,0.01360581,0.097588845,0.013685118
1.2585328,0.00018887973,2.4441557,0.07691429,8.168955,0.92909294,35.85256,4.124118e-05,11.163098,1.3338959,1.8431667,48.73771,0.39330488,0.018637473,0.0008112655,0.12758282,0.94733036,0.012403244,0.102015965,0.013710833
1.2255094,0.00022550112,2.5819874,0.081947245,7.42845,1.0070257,33.187584,4.444345e-05,11.708528,1.6668644,1.9918798,49.536606,0.5821995,0.018400231,0.0010192678,0.13351923,1.1951449,0.010576019,0.08695812,0.01079038
1.2336336,0.00020892854,2.614704,0.073071375,7.693006,1.1717017,30.557735,4.7220103e-05,11.74569,1.9239609,1.8644965,54.416153,0.7542274,0.016008655,0.0014999018,0.11070753,1.2800686,0.010783142,0.10626029,0.011358603
1.3897971,0.0002630651,2.8542323,0.07676881,8.456277,1.2231318,39.71361,4.2354266e-05,12.945375,1.9691362,4.728528,62.804073,0.65265507,0.020027803,0.001339717,0.14222266,1.1513886,0.012217763,0.10038554,0.013272566
1.2969539,0.00021095815,2.9216387,0.06819486,9.098509,1.1966088,35.10811,4.6431174e-05,10.923565,1.9211408,2.7659094,49.324005,0.8206711,0.014347777,0.0012521292,0.14989527,1.3434122,0.01428223,0.096876495,0.012304473
1.4172382,0.00020756944,2.8913605,0.07870148,8.290805,1.248141,34.733284,4.6081994e-05,12.082631,2.0968118,2.534149,56.20159,0.63911825,0.015819421,0.0012600431,0.12312401,1.3370732,0.011936434,0.10339903,0.010996564
1.2663655,0.00022104809,2.931649,0.0759117,7.38285,1.377696,31.776722,4.985793e-05,12.188059,2.280751,2.4630632,61.448566,0.95985043,0.016913416,0.0016712194,0.11466186,1.5149242,0.011973608,0.10243249,0.010584779
1.2412472,0.00023686676,3.4609559,0.0732632,7.140241,1.551649,30.953651,5.4315446e-05,12.396471,2.7168572,2.3616307,71.92756,1.1476933,0.016591676,0.0018127301,0.12247995,1.8122424,0.012181735,0.10602198,0.011256773
1.2046819,0.00027790014,2.6759562,0.07529329,8.2677765,1.1555626,38.275505,4.298088e-05,12.272997,1.867773,5.092041,58.10512,0.6663184,0.017161602,0.0011240036,0.1391876,0.98307747,0.011516803,0.09796898,0.013102551
1.4882576,0.00025806448,2.8428333,0.072844975,8.466894,1.1783491,36.66689,4.9377562e-05,13.265718,2.071813,3.0697198,58.28546,0.7217397,0.017832866,0.0013238955,0.120100014,1.431338,0.012809414,0.09310227,0.012581834
1.5613905,0.00016037821,2.7755814,0.07327247,8.281767,0.9811634,34.367264,4.2512587e-05,9.164571,1.1191643,2.2099533,55.594612,0.76891434,0.018563844,0.0013023111,0.15863454,1.1230959,0.011558971,0.10100817,0.01216114
1.1765752,0.00022075028,2.8587441,0.07319078,8.070245,1.2494897,33.33116,4.9124836e-05,11.391471,2.0370085,1.9448496,52.793488,0.6728825,0.017323697,0.0010448068,0.13465805,1.254544,0.011775928,0.109901056,0.011497929
1.3416038,0.00021112424,3.0072143,0.099108525,8.785137,1.3523438,34.31875,5.646202e-05,11.85808,2.4515696,4.646468,51.32229,1.0751938,0.022954935,0.0007448372,0.17642947,1.2432349,0.014436403,0.13250814,0.013707744
1.2999941,0.00024696116,2.85081,0.07594083,8.399678,1.1925805,39.43632,5.1454314e-05,14.022422,2.157442,3.5126126,69.47208,0.9081425,0.020512726,0.0017753732,0.15579589,1.4064109,0.013531864,0.0834271,0.01273836
1.2678858,0.0002857314,2.6373088,0.07722428,8.852122,1.2605942,42.458153,4.249013e-05,12.663819,1.8760505,5.2705903,62.391876,0.6012958,0.018145224,0.001011772,0.14300771,0.9377789,0.012499104,0.107103996,0.014403915
1.4026375,0.00025705612,2.9640284,0.07214946,8.30996,1.1954212,38.151497,4.4188946e-05,13.057719,2.0176613,3.668769,60.76491,0.67426467,0.019050322,0.0014350429,0.15035617,1.2024919,0.012158684,0.095421486,0.013132589
1.3979849,0.00025106585,2.8306823,0.076758765,8.34825,1.048474,35.78228,4.4785073e-05,12.736289,1.5836238,3.0008528,60.119537,0.5657416,0.017729996,0.0012025957,0.13986532,1.0689589,0.010287136,0.09384155,0.011742617
1.4152294,0.00024902343,3.033516,0.08177304,8.262027,1.1852361,35.555466,4.681902e-05,13.2108,1.9315902,2.4309628,61.80779,0.65731215,0.01888805,0.0014583983,0.15477291,1.2112285,0.011735086,0.10192179,0.013066048
0.8021764,0.00023555302,2.2853198,0.06900544,6.9807525,1.1717489,25.227419,4.824484e-05,15.915532,1.8862783,3.4046624,37.37385,0.666936,0.017842487,0.0012336837,0.121200144,1.0897297,0.010194326,0.09350294,0.011345798
1.4328632,0.00025426748,2.8680782,0.07772379,8.216765,1.0788859,35.688183,4.51812e-05,11.890816,1.6217446,2.5248342,57.378006,0.55674285,0.018678842,0.0013075463,0.13828409,1.0761923,0.011672823,0.10067562,0.012791221
1.1138229,0.0002607996,2.4975257,0.06522101,7.6166353,1.1950619,35.981796,4.3754866e-05,12.755956,2.0192592,4.3999023,53.279976,0.66891897,0.0151949935,0.0011450793,0.13506223,0.9918839,0.010248744,0.09506556,0.0116451215
1.5402589,0.00025914452,3.3741837,0.07846449,8.906863,1.3726563,42.41418,5.2546693e-05,13.932037,2.1049213,3.2145774,74.92706,0.8614873,0.019165058,0.0012995776,0.1534365,1.5959193,0.014960836,0.10385036,0.011582725
1.2928678,0.00023419075,2.403878,0.07543568,7.6465616,1.0710119,36.400093,4.308479e-05,12.051499,1.6505532,1.8743354,51.894405,0.4301185,0.017588925,0.0009597437,0.11929374,1.0647036,0.012147089,0.10648292,0.012864458
1.3729596,0.00021748924,2.7556195,0.06832147,8.836068,1.3620907,37.637188,5.0145372e-05,12.211557,2.148778,1.8181245,55.208607,0.7081867,0.015634557,0.0012115687,0.12330078,1.2911606,0.012247379,0.11422907,0.011720985
1.1405047,0.00017655073,2.027842,0.07446017,7.855914,0.7876541,33.251453,3.4041303e-05,9.983758,0.9603273,2.4748228,48.276623,0.3194643,0.015244684,0.00059393764,0.09737762,0.65976495,0.008637853,0.086417176,0.009815879
1.4295865,0.00023072268,2.3042026,0.072972804,10.267185,1.1845173,61.842876,4.627472e-05,13.321973,2.1342626,3.534409,54.058975,0.7206062,0.016711554,0.00097217655,0.13776287,1.0598643,0.0127357915,0.10609749,0.011630888
1.1659151,0.00023277724,2.6807363,0.07135399,9.38108,1.0752053,52.686855,4.6581317e-05,12.767504,1.7477256,4.3056393,54.620373,0.59128237,0.017049145,0.0009868871,0.14646791,1.0101893,0.01151295,0.10740152,0.013640003
1.2584338,0.00025882505,2.8900356,0.09542383,9.588443,1.21799,53.25398,5.1653325e-05,12.527005,2.0721822,4.422209,61.049698,0.7988576,0.018789085,0.0013331963,0.1655399,1.2462299,0.012101478,0.11498704,0.012363264
1.3104225,0.00022857255,3.1301281,0.08057342,8.940427,1.1875451,48.450283,4.710241e-05,12.859204,1.848966,3.8921402,63.29441,0.93982726,0.018716395,0.0014032696,0.1614698,1.274554,0.012044006,0.10858416,0.01247805
1.3187807,0.00024140388,3.4001226,0.075091235,9.361606,1.1971952,49.471474,5.092234e-05,12.785852,1.9393077,3.7387044,69.32705,0.912753,0.018151138,0.0013135149,0.1747425,1.4178553,0.014168276,0.1170519,0.014487261
1.2760721,0.0002418082,3.4877295,0.07968733,9.342087,1.2578589,48.833496,5.171321e-05,13.42207,2.1007526,3.7101235,68.81907,0.9317726,0.017852658,0.0012811448,0.17061706,1.523486,0.0146091385,0.11155153,0.014210413
1.2972016,0.00021040153,2.8688478,0.07021717,7.963576,1.0786674,51.16661,4.273542e-05,15.034011,1.899951,3.8487594,59.247986,0.604386,0.016965857,0.0011082945,0.14350122,1.25981,0.012774502,0.104181714,0.012208021
1.2624458,0.00022256732,2.889621,0.075293295,9.754072,1.2765036,57.215652,4.4516702e-05,15.208579,2.266863,3.925473,62.58219,0.6277371,0.016076008,0.0012223909,0.15856329,1.1820463,0.0137445275,0.11582072,0.013081592
1.1687992,0.0002461525,2.79102,0.070963286,8.806579,1.1657057,48.897667,4.3225657e-05,15.517253,1.9819714,3.3509092,63.85622,0.6929664,0.013993416,0.0012113226,0.12730749,1.2264212,0.0104019055,0.098984785,0.011071657
1.0471668,0.00019676659,2.4714246,0.055783283,6.6068807,1.1181169,25.066048,4.599237e-05,11.871404,1.7286711,1.8058095,48.592384,0.8429183,0.014049864,0.0011302428,0.09535905,1.2153487,0.009813179,0.09690592,0.010050905
1.421917,0.00021095986,2.6500146,0.07213265,8.485741,1.0115558,52.83305,4.3322587e-05,12.594313,1.5700889,4.5603123,55.415142,0.575436,0.01763405,0.00097379513,0.15142451,1.087252,0.011828877,0.09664688,0.011789259
1.4215944,0.00018155634,2.1348357,0.052908894,6.7279553,0.8872649,34.18742,3.938701e-05,11.335379,1.3630491,4.033699,40.27567,0.48119682,0.010752157,0.00092185393,0.11748629,1.0245938,0.01337391,0.09190791,0.010202425
1.4741973,0.00021313102,2.312731,0.07684853,8.630758,0.8443319,41.19029,3.899213e-05,13.092297,1.1102921,4.0929255,47.870003,0.55474776,0.017858464,0.0012368221,0.12813394,1.0702044,0.013600156,0.10773888,0.011727416
1.1534022,0.00021890191,2.5836775,0.06647265,6.5412683,1.1285402,30.47157,4.5612265e-05,10.292652,1.4921821,1.0660526,57.39415,0.64200455,0.015313345,0.0010694596,0.10699374,1.1635596,0.011607688,0.106013425,0.012080018
1.1693064,0.00027943728,3.0354662,0.07553311,9.366792,1.4028312,46.27432,5.214898e-05,13.948811,2.3942862,4.380182,59.49718,0.9106248,0.01594258,0.00113427,0.1678972,1.309867,0.014710246,0.10910928,0.014417027
1.2261194,0.00023110608,3.0961704,0.07426537,7.3132787,1.3160342,35.638214,4.6397494e-05,12.386982,2.0845222,2.875205,59.64703,0.6028646,0.01939227,0.00092285714,0.13605134,1.1879642,0.011948585,0.12433214,0.011862459
1.3031843,0.00020122612,2.4685261,0.06944279,8.565362,1.148657,37.42953,4.5377783e-05,10.939422,1.7418672,1.9343404,52.327324,0.6104355,0.013584435,0.00091855146,0.13077089,0.9192502,0.012344844,0.120280534,0.011504712
1.2373189,0.00024452436,2.770892,0.09383244,7.1050158,1.0298132,36.9806,4.534562e-05,13.180846,1.523484,3.0730963,56.774254,0.48024562,0.020246636,0.0008826816,0.13011378,1.1441396,0.011701283,0.11668723,0.011706524
1.1105249,0.00027682233,3.1689713,0.09635686,8.0150585,1.1959797,40.730293,5.0493705e-05,11.855302,2.0262961,4.6747026,58.727253,0.88323414,0.019502908,0.0013529339,0.16308689,1.3583779,0.012514327,0.111817375,0.013595658
1.633991,0.00024027411,1.3408442,0.09076516,11.675714,1.156453,52.334774,5.363399e-05,13.026086,1.6124917,4.1600623,53.729435,0.88676244,0.019570375,0.0013059881,0.101924896,1.0474508,0.014183106,0.13540177,0.012175522
1.5725539,0.00020457819,1.0428785,0.06295303,13.735832,1.0437397,53.977875,4.7295183e-05,13.831493,1.4234228,4.179866,53.29584,0.69114053,0.01494506,0.0011088251,0.09645371,0.76891404,0.013540435,0.11453443,0.012149719
1.4305372,0.00021983344,1.1950251,0.082803324,14.776927,1.1223005,54.774303,4.2938034e-05,16.056517,1.9104644,5.5487094,54.87341,0.80696505,0.017633572,0.0012183804,0.08818767,0.9759927,0.012737192,0.1093644,0.010823286
1.3351074,0.00026283457,1.0560383,0.09305893,13.145665,1.4891661,50.719555,5.0317987e-05,18.617056,2.7326653,5.797005,58.702763,1.0328652,0.016388657,0.0013377153,0.070016235,1.1056806,0.014124412,0.11573397,0.011913376
1.3644263,0.00024644542,1.8584454,0.07212946,12.843705,1.1273022,54.085583,5.3743028e-05,13.420534,1.6045166,3.7072263,53.44901,0.87495816,0.01767695,0.0015617565,0.11936952,1.1200624,0.012185784,0.11131687,0.011638438
1.5754548,0.00022554076,1.3196303,0.054660168,15.716917,0.95937896,59.37013,4.693224e-05,12.248333,1.3264462,4.055456,51.927406,0.6170248,0.014742277,0.0011038547,0.10454233,0.86348015,0.013692769,0.11427339,0.013028641
1.5103148,0.00020571244,0.924814,0.06313247,17.005016,1.1149733,58.486847,4.5762597e-05,12.56916,1.7228343,3.3189518,60.586945,0.80121166,0.012803134,0.00104721,0.07382033,0.75036055,0.011428768,0.09814832,0.010364153
1.3291831,0.00022471143,2.2870612,0.08923864,8.77517,1.0195273,39.829575,4.1945827e-05,12.944345,1.5364225,3.206276,51.33104,0.5114217,0.016336072,0.0009274317,0.10815946,0.9035651,0.014979841,0.10686129,0.013454333
1.3657968,0.00024617775,3.5644515,0.067516245,9.065664,1.2563671,39.888844,5.2295538e-05,14.6980095,2.2029853,3.7897327,67.36042,0.72301424,0.018228658,0.0013566222,0.16773574,1.5498269,0.0125562595,0.099303804,0.013743575
1.3827547,0.00028012943,3.554494,0.0997295,7.989761,1.0219377,31.583693,4.6392313e-05,11.588607,2.5308313,5.0141735,64.109474,1.0777755,0.021480164,0.0012198779,0.1520222,1.5887793,0.01301573,0.093227424,0.010883688
1.36818,0.00020454639,2.5050364,0.055288155,9.762786,1.2034224,44.326168,4.598376e-05,11.227714,1.9713223,3.664549,58.10523,0.60860264,0.0145810945,0.00108482,0.15765943,1.0271026,0.012721775,0.120551206,0.01398046
1.3276837,0.00024951829,2.33679,0.08168944,9.246964,1.0431539,35.846474,4.1922794e-05,13.475263,1.7449106,3.6960936,51.13323,0.56188434,0.014189354,0.0008102122,0.121569246,1.0313041,0.012178405,0.095068775,0.011252082
1.3335482,0.00026317692,2.569032,0.06146758,8.930237,1.191943,35.91693,4.7041547e-05,13.398381,1.867288,3.578667,60.109913,0.75849944,0.013849331,0.0012961958,0.12554044,1.3420744,0.013356306,0.0902838,0.0116827665
1.3596033,0.00025804006,3.2439141,0.08995924,8.633961,0.958787,30.787756,4.8196656e-05,12.6319065,1.8956252,4.289641,56.09082,1.0488713,0.019111505,0.0015478209,0.16791376,1.5913928,0.016689083,0.08375392,0.0124650765
1.3738935,0.00025538064,3.451321,0.08057626,10.187809,1.4650134,47.712154,4.872815e-05,11.212811,2.4585338,2.7303157,77.32773,1.2958231,0.016388562,0.0016811654,0.12053246,1.4704055,0.013880141,0.09348836,0.012729702
1.2137316,0.00023823325,2.569287,0.06842999,8.935575,0.9016814,39.110943,4.4567943e-05,11.502069,1.6169361,4.5368643,52.783024,0.6706981,0.015617649,0.0009451172,0.13354304,1.0981661,0.0123365205,0.09293853,0.012153354
1.3891944,0.00021987366,2.0850978,0.07901473,10.044197,0.9047762,44.829124,3.724829e-05,12.986635,1.6216338,4.668886,54.850548,0.3770841,0.017346106,0.0008087822,0.10948489,0.85204184,0.013685913,0.11813771,0.012977935
1.322091,0.00020748873,2.6536608,0.071531646,7.8054624,1.4140015,37.37892,4.96357e-05,6.532247,2.5204515,1.7700254,56.452824,1.0010004,0.01712144,0.0013538259,0.07898423,1.260165,0.009185423,0.07402826,0.0091698645
1.3982033,0.00028219027,9.564425,0.0926288,9.106245,2.068192,38.111664,6.82242e-05,23.945162,3.7922037,1.056825,199.7307,1.941346,0.021945091,0.0020052854,0.24723439,2.8161097,0.015481094,0.094123445,0.0128121935
1.3853512,0.00035351218,12.290094,0.11258621,9.3634,2.3396637,40.241367,8.393095e-05,26.367771,3.534883,1.3902868,242.5282,2.1304355,0.026796153,0.002281961,0.3370086,3.0888476,0.019893406,0.11944922,0.016175618
1.2671163,0.00027952684,5.0712247,0.069915645,6.799544,1.5600967,33.513252,5.3054773e-05,10.179239,3.2364786,2.044369,97.24933,1.7408105,0.020371234,0.0019887087,0.09388572,2.0128446,0.010119709,0.057591975,0.008805787
1.2799395,0.00024186376,4.519389,0.061772615,7.0261273,1.5135652,32.910698,5.115479e-05,10.830887,2.8685367,1.1848319,90.84431,1.3116887,0.01611014,0.001425486,0.11305551,2.0641365,0.009849095,0.0788337,0.008467932
1.387973,0.000392922,7.807433,0.07289385,8.590794,1.9795953,43.05257,6.9426336e-05,15.871216,4.376342,2.100915,142.40309,2.1645575,0.02444005,0.002282428,0.16032721,2.661513,0.014673219,0.0890524,0.014162966
1.3381741,0.00032519843,6.7005734,0.08685955,8.406902,1.9730854,39.156696,6.858538e-05,12.590325,4.5537367,2.2365515,129.1758,2.0497246,0.024163429,0.0028601754,0.115912944,2.9465902,0.010999431,0.07132748,0.0098430365
1.3896551,0.00033267683,5.6886663,0.06234262,8.729844,1.758418,42.1971,6.38084e-05,11.748009,3.3468976,2.6296809,107.88721,1.4592854,0.018161535,0.001805268,0.11986414,2.2353897,0.011933132,0.0803214,0.010194782
1.3361633,0.00030752431,4.5994477,0.09369947,9.104326,1.5444478,44.068398,5.3622956e-05,9.750626,2.9473429,2.3420858,86.16289,1.5533347,0.018497195,0.001770468,0.092109226,1.8914965,0.011253228,0.08578713,0.010949533
1.301308,0.00024938662,6.545286,0.056474134,7.949231,1.9048182,42.224678,5.2942625e-05,14.084532,3.911922,0.5445397,133.62506,1.6547586,0.019059211,0.001676747,0.11729485,2.160346,0.011990593,0.09669573,0.010339054
1.325836,0.00030360816,5.271576,0.097711444,8.058713,1.6851941,37.021667,5.6525107e-05,10.381092,3.6428726,1.1216725,105.00948,1.6135358,0.021803062,0.0021606542,0.09498138,2.3584526,0.010209008,0.066888385,0.008948548
1.0218048,0.0002453985,4.7209883,0.073497474,7.839827,1.4901307,31.986542,5.8421832e-05,10.152387,2.669958,3.1227176,88.91696,1.3316358,0.021386005,0.0013552654,0.1541545,1.6733218,0.0099662645,0.09405658,0.010390131
1.3340256,0.00026709595,3.8642116,0.08768646,8.04707,1.583534,36.553036,5.152461e-05,9.53274,2.809769,1.0381078,80.58617,1.2496613,0.018971762,0.0017753284,0.10985551,1.840135,0.010884653,0.06560185,0.009167435
1.2351282,0.0003009694,4.123382,0.04883981,7.300523,1.3958559,31.169243,5.3051186e-05,12.055907,2.0073042,1.68483,77.963,0.94424325,0.019251496,0.001090938,0.1326502,1.379508,0.012480992,0.13677673,0.01190569
1.2569093,0.0003202577,5.6477413,0.06286089,7.1457353,1.6537029,31.98021,5.9052803e-05,10.335429,3.6779428,3.2918136,117.56598,2.0142086,0.02205948,0.0026699577,0.13633485,3.2165053,0.009166133,0.05157262,0.0068650222
1.221158,0.0002498658,4.094555,0.097001515,6.952264,1.5472264,30.536625,5.5506734e-05,9.476798,2.4882767,2.1268232,79.366356,1.1041547,0.023350606,0.002035293,0.09449958,1.731989,0.014116048,0.1162158,0.0124816885
1.3239685,0.0003358317,3.322059,0.07680726,11.333388,1.5706117,52.01054,6.361376e-05,16.993814,3.0515127,3.6224315,70.02822,1.5571638,0.0191417,0.0016477456,0.17150955,1.912985,0.01832513,0.13841374,0.01438908
1.0507228,0.00024509444,3.8508024,0.062116064,6.209294,1.6112888,21.817844,5.3296048e-05,11.747505,2.58309,1.2993037,71.26595,0.9380377,0.01628681,0.001483247,0.10983122,1.614456,0.014445461,0.119075164,0.012332728
1.085517,0.00025341788,3.4512618,0.025602613,7.8293014,1.3783575,33.086243,5.4653498e-05,13.145299,1.9865834,3.0845149,66.55337,0.4523762,0.01784335,0.0009930455,0.17231964,1.8263533,0.016160306,0.068390295,0.01123104
1.4736576,0.000257551,3.5301955,0.052160617,8.036154,1.2193907,41.97123,4.7453654e-05,10.491157,1.8876243,3.1786876,85.70767,0.4841253,0.01668122,0.0017001886,0.1688247,1.8458637,0.013229398,0.05091955,0.0084624095
1.157398,0.0003168205,4.5239143,0.074455015,8.069572,1.7128736,36.680775,5.7486075e-05,11.886728,3.2419164,2.3548043,85.02385,1.1095532,0.023271581,0.0017112138,0.18231228,2.2397804,0.012470863,0.045037344,0.010036933
1.2694958,0.00032262946,4.055597,0.09225564,9.377587,1.2858832,44.350048,6.630016e-05,11.432307,2.4168313,3.5107207,83.5572,0.8161655,0.022021018,0.0015809766,0.19941108,1.7762147,0.018698474,0.096658096,0.01177145
1.3825657,0.0003054114,4.810985,0.08949454,9.477586,1.9135418,46.037754,6.5906264e-05,17.679325,3.5889585,3.13545,99.03047,1.4384263,0.026076801,0.0023142654,0.22127524,2.177358,0.018154709,0.087439805,0.013889402
1.2347945,0.000323608,4.872287,0.065875284,9.540611,1.6093888,50.4455,6.667546e-05,11.215744,3.8022223,2.841599,99.88675,1.7353913,0.017611856,0.0021184904,0.24190916,2.3389752,0.013436858,0.04431313,0.010824886
1.1590053,0.0003395518,5.224942,0.08740826,6.8215938,1.714423,32.9325,5.662178e-05,11.399346,3.0820441,3.0608916,106.50889,1.1802363,0.021854332,0.002293166,0.17632875,2.4687622,0.009957658,0.0249855,0.009470429
1.2665416,0.0003192794,4.599017,0.08803314,8.464669,1.5673112,38.231205,6.360932e-05,12.586288,3.1862516,3.1447134,84.38869,1.4198036,0.022608798,0.0021397234,0.22445203,2.2611468,0.016049773,0.07774003,0.012186497
1.2172387,0.00037945248,5.7638755,0.093473054,7.851217,2.108172,38.385048,6.133914e-05,12.10803,4.1086206,2.5544355,112.25091,1.8899941,0.020612072,0.0024345845,0.20845513,2.5703003,0.012817069,0.034177978,0.011253237
1.3249873,0.00031773958,4.156934,0.12303862,8.778856,1.4419106,42.35242,5.540602e-05,11.207775,2.9255567,2.865734,82.31666,1.3768435,0.020832455,0.0022013811,0.19319837,2.0994964,0.01532281,0.05905432,0.012271747
1.2369934,0.0003538123,5.8845263,0.07862771,10.067759,1.8119048,52.187565,7.101921e-05,12.25994,4.0034833,2.7063465,127.82177,2.1634572,0.020226385,0.0025046568,0.3066667,2.647869,0.019743023,0.067564964,0.014277793
1.6376542,0.0003327808,4.0135546,0.12816598,9.532795,1.445032,54.327263,6.5270986e-05,11.853172,3.0706835,4.1940937,84.94102,1.431096,0.016500575,0.0020586431,0.24070238,1.862274,0.017065288,0.083026126,0.0125961285
1.2302396,0.00033855674,4.1471634,0.13549408,6.918245,1.6098433,27.544832,6.0191982e-05,17.047062,2.0780334,3.2727084,87.03816,1.0522612,0.028136546,0.0017054678,0.12094755,2.1756327,0.015696576,0.076006375,0.011691392
1.2737055,0.00031859396,5.117227,0.09502139,9.011855,1.7394634,44.74382,6.1392355e-05,13.384673,3.5965889,2.7096717,104.54975,2.0402956,0.01927672,0.0025691888,0.20155498,2.5600498,0.014848493,0.038885094,0.011530136
1.271166,0.00025687317,4.2500234,0.078287885,7.8808284,1.6251779,35.504395,5.398796e-05,11.223633,2.8740506,2.736863,87.13531,1.6549692,0.019784534,0.0021859463,0.152775,2.200839,0.013273882,0.045158587,0.008578444
1.2620053,0.00030659346,4.442311,0.14525664,8.013455,1.5025634,36.983635,5.7435896e-05,11.577096,2.488997,2.6425068,94.16894,0.7941667,0.024875643,0.0014507205,0.0960866,1.8137821,0.01396522,0.06680832,0.0109090265
1.065059,0.00025936734,3.8525715,0.0745256,6.1463065,1.1982468,24.179728,4.7131212e-05,8.291147,2.6734192,3.9675767,68.58766,1.6341753,0.015713865,0.0019180443,0.15300646,2.276147,0.010443545,0.07436293,0.008251831
1.1679338,0.00019079652,2.6387515,0.055981785,5.8904343,1.1327444,24.566837,4.095989e-05,10.017321,2.1485937,5.200822,57.148773,0.97409767,0.014568799,0.0010511308,0.12683217,1.3953699,0.011960528,0.083122894,0.008718589
1.20383,0.00026339627,4.33145,0.06414405,7.2207212,1.160693,32.145638,4.454488e-05,8.152761,2.9767962,4.2984138,74.931595,2.0876815,0.014563172,0.002466114,0.17133035,2.6266022,0.010418543,0.07644554,0.009867839
1.1826688,0.00010982294,3.2749271,0.045452595,5.7684655,1.4262502,22.379036,4.1357398e-05,9.615264,2.7290297,2.8819473,67.242,1.0540861,0.013070745,0.0005824709,0.113342226,1.3419033,0.010761851,0.094549924,0.008834753
1.293815,0.00019820343,2.7060819,0.061012384,7.651758,1.1912997,34.189075,4.5602163e-05,11.595345,2.167861,5.311351,58.3682,0.8897037,0.013410118,0.0011162302,0.15479414,1.2609864,0.014649455,0.10479133,0.011032635
1.2617295,0.00021522265,3.1564846,0.0576858,7.4440084,1.1175666,31.45875,4.1465137e-05,10.503021,2.1013918,4.2249393,69.315384,0.89310265,0.014778454,0.0011119173,0.15059622,1.5231857,0.010534752,0.07705383,0.008380841
1.1477531,0.00023531374,3.2772923,0.06606387,5.203551,1.4331253,21.877354,4.8594444e-05,15.148849,2.31049,3.9262013,66.37429,1.036538,0.020213772,0.0013483985,0.1219238,1.6158774,0.010733332,0.10373319,0.010476104
1.1620773,0.0002290594,2.7605329,0.0593691,7.594077,1.1732271,33.67087,4.2390402e-05,10.324422,2.1584983,3.8850734,52.68354,0.80083483,0.014186934,0.0009930333,0.14699697,1.1608156,0.010223009,0.08852902,0.008857915
1.2945997,0.00022396765,2.8365357,0.07361926,7.8417435,0.9879058,35.12917,3.8833616e-05,10.362541,1.8201458,4.3535004,55.502487,1.0597255,0.014030332,0.001078631,0.12897176,1.6306729,0.01051819,0.06664367,0.008020734
1.2428962,0.00018040593,2.2875557,0.05431266,10.772381,1.0906705,23.987247,3.7549304e-05,11.0137005,1.9639579,1.4787318,43.53743,0.71385384,0.012260188,0.00094538793,0.115787596,1.0220214,0.012479494,0.10282584,0.011117351
1.2662328,0.00021333453,2.8396297,0.06302206,8.8548765,1.0562681,30.096975,4.395885e-05,9.225142,1.9203596,2.1026635,51.24715,0.80352443,0.016424838,0.0013345162,0.13109948,1.1548818,0.014232509,0.105171174,0.011108094
1.3024812,0.00022144816,3.0469806,0.068364345,7.3371716,1.293718,29.971684,4.939749e-05,12.90668,2.324827,3.223812,57.650665,1.2857565,0.017059645,0.0012048602,0.14814398,1.5853316,0.013102691,0.08524579,0.010184852
1.2368621,0.00021104219,2.932101,0.055147108,7.2299104,1.1314497,32.000923,4.4013763e-05,10.3958025,1.7898625,2.4986355,49.592014,0.7353778,0.016668703,0.0011464595,0.12453774,1.2785008,0.01345304,0.09156017,0.010794416
1.2352539,0.0001870985,2.3076103,0.061566163,7.9475574,1.0114255,31.53716,4.108506e-05,11.753557,1.6001217,1.3483975,46.61,0.4802843,0.014299579,0.0007436007,0.10462658,0.84421045,0.010954159,0.11248335,0.011525034
1.2931155,0.00020191318,2.0975342,0.0588578,7.8128967,1.1240453,30.386175,3.9970753e-05,12.085101,1.8845927,0.95781267,48.596245,0.7248182,0.013711916,0.0011040893,0.10054527,1.0646374,0.012894814,0.097404756,0.011480826
1.2624998,0.00018526247,2.5475488,0.06679665,9.035123,1.0911614,31.87884,4.0438154e-05,11.654122,1.7198358,1.0198857,50.757824,0.583372,0.014839556,0.0010683663,0.12233578,0.9888105,0.013249829,0.114705354,0.013267108
1.2574173,0.00022688934,2.8276203,0.08825528,6.510057,1.1554979,26.598633,4.5340053e-05,11.79882,2.2312362,5.3563023,50.664696,1.0013067,0.017272478,0.0012731164,0.12734145,1.3966933,0.012875895,0.0962378,0.0084345285
1.2612615,0.00017447732,2.8211467,0.05704579,7.9586787,1.1608695,32.07142,4.4911445e-05,9.922713,1.6609823,1.0080732,55.922543,0.77891326,0.016625945,0.0009139174,0.13235255,1.1871896,0.012162314,0.087794535,0.010646049
1.294651,0.00018184046,2.8762815,0.061856,7.5782547,1.1654415,34.377735,4.658626e-05,11.805354,1.8469456,0.33286726,55.66317,0.66663086,0.018942583,0.0011824629,0.12825859,1.2610587,0.0140964985,0.0991404,0.012372715
1.2591635,9.670929e-05,2.1034505,0.04856623,8.017156,1.0569526,40.605453,3.6611742e-05,10.69727,1.7170899,2.5177467,42.420006,0.50796926,0.010705728,0.000781494,0.10491863,0.78860474,0.012013021,0.09025957,0.011274085
1.2718397,0.00018621485,2.8016338,0.055961665,7.2560287,1.2716349,29.402906,4.6196594e-05,11.415186,2.1934834,0.76097864,51.75182,0.7422173,0.014679963,0.0011407237,0.113304704,1.2738959,0.012505168,0.100612745,0.011216605
1.1678376,0.00031931946,4.8063107,0.08643013,8.325452,1.7372212,36.451088,5.9099737e-05,12.639358,3.556106,2.7415195,92.369415,1.716341,0.02276354,0.002015344,0.18807651,2.2103462,0.016017726,0.10460845,0.013499808
1.257614,0.00028294546,4.4305387,0.091925375,5.5893817,1.8083851,23.973757,4.98102e-05,10.60862,3.4191382,2.0212445,85.808105,1.2146186,0.020998323,0.0014883745,0.13309698,2.025351,0.013187299,0.075957514,0.010401867
1.1480813,0.00023191907,3.7475567,0.061575767,6.3465915,1.4329755,28.072031,5.2259325e-05,10.592938,2.8592675,2.3577664,75.92785,1.2940245,0.014388817,0.0015708595,0.15446119,2.0937214,0.012127256,0.059881926,0.0074999263
1.2867653,0.00022731228,2.173512,0.059263118,8.50326,1.0685892,33.042393,4.4079265e-05,11.6240225,1.5368634,0.94513386,51.058727,0.5097723,0.016481252,0.0010133877,0.10123215,0.9769208,0.011084035,0.09809757,0.012045378
1.2534657,0.00019548822,3.0415158,0.058790695,7.1391706,1.2783934,31.799938,4.644302e-05,11.099712,2.1623695,1.1215423,53.88065,0.7961367,0.016063048,0.0011081023,0.117416605,1.4363127,0.013653888,0.09543422,0.0111625865
1.1207341,0.00021802516,4.101263,0.05190728,6.194768,1.4394329,26.211458,4.9692255e-05,10.184876,3.0443735,2.6369243,81.27351,1.4950802,0.01339417,0.0017022607,0.15146132,2.215977,0.010813751,0.054989334,0.0062825354
1.1478647,0.0002880881,5.95644,0.05332578,6.8286304,2.1289454,26.561989,6.185367e-05,10.617453,4.7123795,2.1031225,121.13222,2.238629,0.016567703,0.00312706,0.17514011,3.3672686,0.011567551,0.042426012,0.0074331965
1.1368518,0.00046585323,10.299121,0.10852404,9.07065,4.4135327,39.09033,8.9212364e-05,20.929226,11.192401,3.3551245,193.0878,5.336356,0.024491193,0.0040025464,0.27374756,5.574046,0.01974582,0.10977359,0.015825102
1.3468367,0.00020749007,3.521006,0.06469453,7.976491,1.3571441,35.04053,4.6588444e-05,10.057866,2.1902287,1.8696284,63.99325,0.93553084,0.016771607,0.0010948867,0.13445625,1.389105,0.011345289,0.09356511,0.009830024
1.337145,0.00019065062,2.7574723,0.052625053,8.908733,1.102058,41.459354,4.4446246e-05,8.997787,1.7624464,1.9966375,46.454113,0.7020523,0.016365144,0.0011346558,0.13955204,1.2068218,0.012184621,0.08587436,0.010742556
1.3053566,0.00019749677,3.0249166,0.07511474,6.476522,1.2597063,29.174076,4.491606e-05,8.849139,2.082276,2.0537884,56.409714,0.73609704,0.016731137,0.00069618825,0.12358434,1.1616485,0.012032319,0.09344519,0.009497646
1.316408,0.00022899719,2.0929835,0.06495048,10.163921,1.0485017,32.469612,4.300726e-05,14.07037,1.4827933,1.0977063,50.043488,0.42833847,0.017939106,0.00095998496,0.10583413,0.9088963,0.011741472,0.093433365,0.012634114
1.2739922,0.00022426981,2.0694351,0.062631205,8.9247675,1.0620116,33.526333,4.4083994e-05,12.271022,1.4424667,0.801745,49.277596,0.45508206,0.017743083,0.0010892887,0.10832648,0.9234791,0.01154762,0.09688711,0.012325855
0.8898725,0.00021271764,2.6351457,0.06632614,5.5740237,1.1948701,21.560629,4.117532e-05,13.979565,2.1336675,2.728157,57.271584,1.0869166,0.017010152,0.0016103929,0.10054201,1.5550952,0.012236664,0.0860134,0.010162637
0.8010872,0.00018460593,4.1607714,0.04971277,7.1494875,1.233033,32.30582,4.2275075e-05,10.009802,2.8222106,3.7992039,75.9991,1.108134,0.016541695,0.0014731586,0.12794709,1.5886858,0.011114483,0.07682191,0.010030806
1.4416438,0.0002990247,3.415618,0.0864672,7.363365,1.2103647,34.38642,5.4739176e-05,10.502434,2.5884197,3.03808,69.10278,1.2928599,0.022121899,0.001671527,0.14144279,1.8493987,0.011987934,0.07932777,0.009066462
1.378626,0.00026104748,3.8768103,0.069589615,8.405962,1.4513954,39.441284,5.4260527e-05,14.340356,2.8336263,2.425927,68.547905,1.1733487,0.013556907,0.0014864951,0.13766773,1.8832675,0.01664793,0.12713197,0.01229929
1.1580629,0.00024704213,4.7867804,0.06351672,6.9533763,2.0029454,30.833704,5.857515e-05,11.069554,4.0630474,2.9239492,89.39893,2.160676,0.01597492,0.0023151813,0.1580792,2.7723258,0.0111100525,0.061418526,0.008173189
1.0590488,0.00025744352,2.8053434,0.056568787,6.7674317,1.137311,21.77214,4.580434e-05,10.352398,2.1115298,2.6160314,47.745472,0.9986773,0.012665737,0.0011817951,0.11582322,1.3260721,0.010356788,0.077886775,0.01089915
1.1467161,0.00023369558,4.7173815,0.075369634,7.1634917,1.6047062,33.163506,5.6289275e-05,11.753008,3.6377394,3.421393,93.83112,1.6799732,0.018086135,0.0022332494,0.1870051,2.102675,0.012901387,0.08716667,0.012390466
1.2031802,0.00022211162,2.977204,0.093715996,9.804837,1.2923095,34.75961,4.9901333e-05,14.666293,2.301067,3.5855417,61.545982,0.98751646,0.014747856,0.0016752594,0.14523517,1.2576113,0.00970995,0.10287979,0.011208874
1.2236067,0.0002205437,3.0156648,0.061830156,9.605051,1.1506951,32.320683,4.82386e-05,12.332695,2.0166688,2.5487251,56.123672,0.86206496,0.01594818,0.0013779724,0.16241664,1.3327632,0.017291281,0.109678395,0.011742228
1.2427413,0.00019445385,2.0906434,0.0607145,8.541085,1.0106992,36.552544,4.1415857e-05,11.657976,1.5483447,1.261809,49.42507,0.50171965,0.016347952,0.00093074236,0.11536616,0.873923,0.011237197,0.10114077,0.012793342
0.902691,0.00021572445,3.013915,0.072343566,6.5340886,1.1942974,21.208443,4.398214e-05,18.857681,2.2464175,2.5336802,52.968857,1.1437387,0.015670849,0.0014166724,0.11713205,1.5936344,0.012985196,0.087663114,0.01046905
1.1677969,0.00022861107,3.2452996,0.07054463,6.1275187,1.3847408,23.586279,4.7073372e-05,16.105152,2.4239345,2.8568535,66.42421,1.188839,0.016641028,0.0015525013,0.10516052,1.6398798,0.011086307,0.07986681,0.009066436
1.2548461,0.00017122652,3.6497273,0.050492506,5.8563485,0.7160841,27.559368,3.3994154e-05,7.1435432,1.769562,3.024114,69.47201,1.0181293,0.015294606,0.0020755548,0.11059211,1.5893127,0.007715839,0.03254402,0.0063484847
1.2859056,0.0002864791,3.9727216,0.073705606,8.14601,1.2109059,41.311714,4.690043e-05,9.402951,3.297002,3.3708875,70.79502,2.0021622,0.011968461,0.0021336044,0.17762943,1.6696861,0.012002362,0.07841342,0.01123328
1.276986,0.00042339246,4.174189,0.12125234,8.472181,1.4425745,43.3289,6.231946e-05,8.208868,3.1140242,3.1718462,83.30272,1.2241228,0.023397513,0.0024209295,0.19540963,1.7724667,0.008264122,0.08974038,0.010257218
1.261127,0.00028648356,5.034552,0.06232132,9.2463255,1.8577766,47.35846,5.776642e-05,10.514351,4.684483,2.9216485,95.04417,3.2060356,0.020164516,0.0032270562,0.23005183,2.127256,0.013342543,0.07000747,0.014471504
1.2432233,0.00015351278,3.481543,0.049685255,5.2713585,0.6984134,25.131466,3.321027e-05,6.8131056,1.7608737,2.9270751,68.20888,1.0606589,0.012837907,0.0019006055,0.1044458,1.532768,0.007921321,0.037018407,0.0072549535
1.1424687,0.00027175015,3.7556632,0.07008516,9.67913,1.7571273,45.252117,5.1498922e-05,15.470022,2.7470493,2.570664,71.082275,1.3451872,0.018873965,0.0021478094,0.20031536,1.2921251,0.013700579,0.11404593,0.013435265
1.2431159,0.00047263762,13.882479,0.09971585,13.049238,4.2916017,52.121063,8.538143e-05,27.94571,11.449776,3.3265705,250.36528,5.9073534,0.023516208,0.004181631,0.3496967,6.899464,0.028893685,0.13792643,0.022363065
1.2732987,0.00034887405,4.3171206,0.026944172,9.596571,1.4264922,52.839245,7.76728e-05,8.276784,3.0382466,3.3167775,81.704865,1.507131,0.013481586,0.0023695377,0.22658642,2.0539248,0.008691386,0.08039862,0.010718832
1.2134591,0.0002935718,4.351861,0.084075615,8.482751,1.6880295,43.555035,6.3508494e-05,10.357785,3.4619107,3.0475326,88.142876,1.6296861,0.02174973,0.0026686573,0.20528527,2.0497346,0.0115399705,0.0730427,0.011754275
1.2895079,0.00033123523,4.772491,0.0833802,9.169438,1.830514,48.45444,6.761211e-05,11.074059,3.1069057,2.894817,91.3696,1.5938671,0.022385396,0.0021790108,0.20079188,2.1492517,0.009908404,0.06404303,0.010261527
1.2989154,0.00041063115,5.195326,0.026623562,9.569099,1.8835462,51.494305,8.7409186e-05,11.247168,3.7298782,3.0861523,99.32405,1.7536942,0.015710851,0.0021960721,0.24766017,2.1480396,0.010438638,0.09744756,0.011265585
1.25759,0.00037123158,4.304955,0.03884264,9.460852,1.7980964,50.815914,5.9932463e-05,9.102469,3.415289,3.4309316,84.53525,1.7640435,0.018358182,0.001817584,0.2002031,1.6618133,0.006812216,0.07791795,0.008865477
1.2913083,0.0004742608,4.8017616,0.072518274,9.605943,1.6887269,49.717495,7.7268705e-05,10.257658,3.7032642,3.4419553,89.9314,1.4924339,0.021848774,0.0015034389,0.22319779,1.7664828,0.012284249,0.1235141,0.012741455
1.2212368,0.00037741807,4.120416,0.12675321,9.430957,1.4334879,45.88754,5.8606245e-05,12.505681,2.724451,3.0439556,83.32114,1.3327491,0.025617158,0.0028080258,0.193638,2.0066617,0.0077166273,0.062035643,0.009680494
1.2581729,0.00033128206,4.1908364,0.05736184,9.508488,1.8737463,48.78877,6.8266054e-05,9.79101,3.635045,2.888113,85.64216,1.6006883,0.016999012,0.0019774279,0.20249958,1.642012,0.010340715,0.09477448,0.010344103
1.2249255,0.0003299902,4.2438264,0.07613001,8.441825,1.9003032,37.18439,5.8766436e-05,9.091291,3.2944145,2.79533,84.31196,1.2771922,0.015836852,0.002048961,0.17311107,1.673731,0.008391507,0.090653874,0.0070262305
1.2249253,0.00036952255,4.9039154,0.054006778,8.99933,2.0944965,47.861973,7.220829e-05,11.814329,3.9571981,2.925546,96.74838,1.8542302,0.02159524,0.0022934163,0.22973673,2.2072017,0.010455035,0.08436246,0.011708966
1.2728698,0.00034576078,5.194386,0.05867818,8.827071,1.8241117,46.7667,7.151715e-05,8.672905,3.5231707,3.2581363,95.39055,1.8946515,0.025796713,0.0024474717,0.21151575,2.7607093,0.0081861755,0.03574794,0.0078069884
1.2957219,0.00031145735,4.549264,0.047806945,8.988835,1.2993076,42.40601,4.85031e-05,12.107802,3.335067,2.8263276,85.73861,1.8002805,0.016859112,0.0021998682,0.14590204,2.3812754,0.00679266,0.060561933,0.004834845
1.2802116,0.00032186764,4.778225,0.0565365,9.280073,1.9002472,50.179924,7.03644e-05,10.082293,4.1754856,3.1380265,87.81216,2.2832656,0.019334141,0.002217094,0.21310087,2.1341026,0.009898556,0.06150957,0.008621955
1.2531422,0.00033562665,4.493915,0.0931936,9.878476,1.4805562,53.538414,6.694232e-05,8.818233,3.512661,3.386815,84.24722,1.6200132,0.018605398,0.0027719992,0.2087683,1.8101875,0.010904249,0.09769127,0.011477315
1.3228104,0.00036227988,4.4737864,0.11518753,10.619602,1.5491446,56.183826,7.4916796e-05,7.582996,3.8679805,3.38825,89.24823,2.1004539,0.023608318,0.0033268146,0.23092708,1.9669336,0.013829153,0.08747506,0.01378354
1.2752283,0.00041057353,4.05688,0.15720576,11.272008,0.8066546,59.73307,5.8035923e-05,14.807862,1.2143945,3.0049295,82.36447,0.5248509,0.02702855,0.00092222024,0.19181822,1.9215204,0.009489077,0.082078815,0.011547504
1.218177,0.00038106937,6.484535,0.12149237,9.806914,1.8915708,37.05067,6.7521534e-05,15.921624,4.7431955,3.0916002,126.91648,2.5957692,0.02383849,0.0027710039,0.1974173,3.573055,0.009690444,0.08928254,0.007401279
1.220562,0.00043074533,7.1532702,0.060650434,10.962762,2.9884593,54.53169,8.4342806e-05,11.391284,7.142372,3.0469694,138.50438,3.9336894,0.019856788,0.0050169956,0.27492365,3.1011207,0.008646329,0.12164626,0.012397181
1.2026571,0.00045384775,10.648063,0.0933975,11.93907,3.2869177,45.224197,7.568186e-05,22.793781,9.824638,3.0631835,206.7584,4.542697,0.03428008,0.0031293863,0.26272634,4.775893,0.021550432,0.08408656,0.013693645
1.2119694,0.00041782338,6.129022,0.05831462,8.684552,2.1885793,41.240875,6.854082e-05,6.752245,4.1762424,3.0995998,119.98823,2.2030222,0.026416814,0.0038074525,0.20553651,2.8343475,0.0059717074,0.059623837,0.009485738
1.2595572,0.0003389182,5.1601605,0.13583462,8.838729,1.495414,45.81196,4.8825037e-05,5.407226,3.387417,3.3841994,98.32252,1.8844965,0.02333717,0.0043667443,0.16292128,2.2432933,0.010741516,0.053133946,0.013169182
1.2481451,0.00037725977,5.4493856,0.10088613,8.773826,1.5424062,40.909927,6.1685154e-05,13.937599,3.1686187,2.8839266,118.55493,1.6057316,0.030223051,0.0020991578,0.16480187,2.7805476,0.007473307,0.09152211,0.007769291
1.2570885,0.0004296488,8.908138,0.14745682,12.048306,3.8655808,63.850044,9.7557524e-05,12.003668,9.69063,3.5203767,168.4985,5.6235876,0.038438402,0.0074050664,0.30959502,3.8719459,0.014812774,0.14649175,0.021471286
1.171088,0.0003311735,7.15421,0.10840845,8.376706,2.7580867,43.095245,7.647466e-05,15.837806,5.21409,3.667566,138.39955,2.9431477,0.031263236,0.0038872545,0.20455411,3.820484,0.014575035,0.09888525,0.018242972
1.1065769,0.0004656707,7.940818,0.13193014,8.341475,2.8430939,36.832806,8.075228e-05,14.809469,4.810256,3.5554285,164.737,2.4432757,0.036713924,0.0016388644,0.23194587,2.4173768,0.021711744,0.13323383,0.02233599
1.1877826,0.00038327373,15.228409,0.078184195,11.537736,5.48878,45.50699,0.00010895929,25.806913,14.515693,3.131398,264.03094,8.312973,0.025606694,0.005605764,0.30079487,7.1614585,0.018324677,0.1167926,0.019328205
1.2576951,0.00039393132,7.2033815,0.08161573,10.518739,3.2961018,51.76403,6.770887e-05,10.710129,8.16027,3.1693752,136.96718,4.7562413,0.015685711,0.00442124,0.20844445,3.3881352,0.011075439,0.10326292,0.0090333335
1.3029052,0.0005563752,13.743803,0.08967806,15.779414,5.232269,77.30587,0.00011112208,25.798672,14.295641,3.2583742,266.64948,6.5351877,0.02618273,0.0047020903,0.3882844,5.999921,0.024396382,0.13860893,0.019069228
1.2177546,0.00047053208,11.004023,0.092861764,11.533455,5.05808,59.107395,9.8340395e-05,13.86237,11.788311,3.4693623,206.64833,6.4979415,0.029524336,0.0056223604,0.26210997,4.988927,0.01247748,0.09531442,0.015974503
1.2369547,0.00049857714,13.398459,0.12497411,12.572521,6.053161,46.754265,0.00010283827,29.686125,13.878819,2.857361,249.27869,7.4501114,0.02506469,0.004680684,0.30945924,6.5971513,0.019651592,0.15323073,0.019011648
1.3122135,0.0003732437,6.5963483,0.08817677,10.457573,2.0707426,51.53308,7.612803e-05,10.87346,5.2238164,3.6936138,121.85648,3.7200782,0.020724762,0.0033851017,0.21826793,3.225742,0.012070513,0.095386334,0.0120043345
1.2333992,0.00039657427,6.2493567,0.07354827,9.446834,2.6272628,47.803265,6.447935e-05,9.191568,5.6227593,3.3249815,117.931885,3.1779687,0.014871463,0.0036826497,0.20528795,2.904305,0.008177683,0.087700844,0.009870874
1.2543055,0.0004783336,9.273244,0.07958936,11.025928,4.7594786,54.875988,9.05694e-05,14.009093,9.65168,3.1433883,179.5626,5.1278276,0.024617832,0.0049444223,0.23780632,4.134567,0.010419817,0.11405076,0.011033661
1.2885342,0.00045090212,7.457536,0.092875615,10.504129,2.9166634,53.428425,6.993818e-05,10.079129,6.7580047,3.044298,140.0555,3.8394074,0.021372871,0.004251088,0.22260289,3.2868137,0.010243021,0.087560706,0.010817814
1.2244998,0.00040130795,6.646454,0.067716666,9.350902,2.5509298,47.84039,6.3920226e-05,8.957497,6.2095857,3.6728384,128.57655,3.2885942,0.015849607,0.0039318874,0.22619085,3.052147,0.008218555,0.08485657,0.010088793
1.2079672,0.00055931375,8.474505,0.11160151,12.89904,2.614824,43.09362,8.42082e-05,19.497952,6.71566,2.9346488,147.77983,3.5959895,0.02957432,0.0038903686,0.26799625,3.1871066,0.01679456,0.0851666,0.018339751
1.1821249,0.0004978042,5.3734403,0.16521095,6.909995,1.8115317,28.354284,6.8728914e-05,12.411732,3.372192,2.9785705,101.25834,2.1751814,0.042743273,0.0024932527,0.16689815,1.6794945,0.015145432,0.13095875,0.017545717
1.1629014,0.0005564119,7.099845,0.22032928,7.098365,2.0946345,29.683699,9.0112604e-05,16.84798,3.2942445,2.9161603,137.74863,2.652077,0.04745237,0.0035366523,0.25221622,2.3335292,0.02134404,0.1814563,0.026362805
1.2229092,0.00038226586,8.039349,0.068277135,10.858533,1.9263753,49.729527,7.6241966e-05,19.373373,5.3268485,2.7087026,153.57094,3.216647,0.03454719,0.0042281095,0.23581567,4.5755424,0.010499127,0.058684897,0.008747824
1.1622403,0.0004903823,5.646454,0.2579685,7.6714506,1.7037075,36.356174,7.683736e-05,11.875967,2.69666,3.3241699,109.23054,2.190414,0.045520857,0.0024480626,0.22979076,2.5802228,0.021131868,0.13391931,0.0191266
1.236335,0.00027638377,4.1416473,0.053490523,8.177622,1.5945705,40.36741,5.4816992e-05,9.313848,2.9443858,3.197924,79.60097,1.4528186,0.019431897,0.0018131892,0.17865601,1.8543183,0.007786533,0.055545475,0.008237718
1.20957,0.00040575094,9.248383,0.10072661,9.509222,2.599467,36.995605,7.106331e-05,18.33359,6.6728287,2.7914894,171.36266,4.098315,0.028004482,0.005128006,0.19225562,4.6185794,0.011473102,0.05103078,0.008590357
1.3393023,0.0003191932,4.0388865,0.077934876,5.697994,1.2684498,28.835833,5.3403826e-05,8.490171,2.610219,2.8202102,84.19435,1.3898674,0.019404098,0.0015758715,0.1723437,1.5586746,0.0077703595,0.0703023,0.00683203
1.2107102,0.00036761665,4.6575003,0.10482782,7.2602873,1.3712364,38.88746,7.0054084e-05,7.9666257,2.8464065,3.0940764,89.13857,1.9666396,0.019713731,0.0014136129,0.21919389,2.5023546,0.011058504,0.0634969,0.007809776
1.1979192,0.0003940308,14.929302,0.051894493,15.300931,4.396835,41.592922,9.6928474e-05,40.037273,13.910522,3.3752358,265.60406,9.325744,0.007652142,0.006883667,0.3541934,6.278601,0.028229568,0.138023,0.02431246
1.2617776,0.0006166373,15.83428,0.19910285,13.472441,6.020034,52.203075,0.0001234824,30.74995,14.719672,3.2294345,284.47772,7.475632,0.030991023,0.006313733,0.39983806,7.3656693,0.02939727,0.14481102,0.02366837
1.206961,0.0003884904,8.276979,0.09120295,10.678448,2.8185194,41.293888,7.3257375e-05,14.805829,6.45747,3.4027293,154.57828,3.637724,0.021063484,0.0034147105,0.18313818,3.454103,0.010815414,0.06534173,0.01109019
1.1933358,0.00030382624,16.001686,0.06577954,16.360985,5.4990635,30.710308,0.00010516737,29.766623,13.987749,3.0347738,300.15652,8.752162,0.0143123325,0.007031605,0.38813272,7.061903,0.024206752,0.119346246,0.020218493
1.2152624,0.00036629592,8.163179,0.1266298,12.628051,2.645001,42.923992,7.6358025e-05,13.990974,6.978288,3.2839954,158.31433,4.023016,0.020584706,0.003251004,0.23021165,3.313029,0.018307315,0.09037631,0.016930243
1.2479913,0.000522251,16.313175,0.14464457,14.820943,5.65945,41.09025,0.000105644,30.108137,13.099407,3.0014262,311.11322,7.1666074,0.028565457,0.0049900576,0.34379068,7.6488953,0.026126487,0.13802043,0.022347124
1.2098897,0.0003098375,14.90855,0.08503112,15.944535,5.218919,33.18685,9.560451e-05,12.946105,14.037731,2.8446078,257.92886,8.159017,0.016090082,0.0060021584,0.32343343,5.115961,0.036041226,0.12769356,0.028724445
1.2136858,0.0003125804,4.6113944,0.07625833,6.819455,1.2317113,35.407864,5.8007376e-05,8.4723015,2.5694666,3.1286018,87.09524,1.4311427,0.019295363,0.001978085,0.19110633,2.3067658,0.008166438,0.052097853,0.008154748
1.2639503,0.0003487575,4.23273,0.069505796,8.007086,1.0830885,41.262974,5.6340097e-05,8.854348,2.2779906,2.6686568,80.30567,0.9879514,0.024665082,0.0013827526,0.16881017,2.2250159,0.006337739,0.037539676,0.005861977
1.2324823,0.00022722271,5.3345985,0.06700581,9.334302,2.0817943,32.16003,5.18165e-05,12.082773,4.5277166,3.0715797,104.2548,2.2180326,0.019632522,0.0025853224,0.18677464,2.3023322,0.012240129,0.0647872,0.01253865
1.4026848,0.00030558227,3.746784,0.12119043,6.167381,1.7080805,30.072119,5.3717657e-05,8.812444,3.0713558,2.8117914,82.07965,1.3840886,0.02138247,0.0013382492,0.14066003,1.318371,0.0103953285,0.08026398,0.0074216514
1.2669833,0.0003009573,3.6087797,0.08227363,9.292127,1.3306469,45.917385,5.733825e-05,8.563139,2.7545412,2.5637481,68.65938,1.3011048,0.020648137,0.002067873,0.16614485,1.540344,0.008962519,0.062223252,0.009486969
1.3110608,0.00029162367,4.307532,0.06679835,8.803908,1.3631927,49.348335,5.2214407e-05,9.015993,3.0474825,3.070638,83.12925,1.6033764,0.016658125,0.0019175173,0.18740681,2.0010886,0.012406217,0.06769591,0.010635275
1.2111255,0.00037471607,3.8975887,0.094880894,6.9540486,1.3087368,32.986347,6.5859655e-05,9.109397,2.7751665,3.2353332,78.17643,1.2949141,0.021614999,0.0015922474,0.16789244,1.8088254,0.00818633,0.07813322,0.0048479214
1.2420686,0.0005252525,7.6665893,0.10150515,12.257771,2.4801633,52.057655,8.451441e-05,15.110409,6.140826,3.355577,145.29524,3.1695795,0.027352892,0.003149522,0.2877547,3.6004531,0.013634193,0.07907986,0.011936685
1.3415828,0.00035327306,4.3640175,0.046102718,8.488845,0.95290315,44.52576,7.707772e-05,8.73149,3.4054449,3.590134,83.806046,1.729696,0.017110344,0.003053494,0.2511785,2.7445788,0.008074595,0.07355391,0.008198122
1.2143726,0.00035650854,4.7441993,0.04081686,8.76969,1.5674258,48.742283,7.446961e-05,9.2442665,3.3304074,3.099024,91.089355,1.8033658,0.0154464105,0.0018553977,0.2172597,2.2962809,0.009941915,0.06278013,0.00913857
1.2409213,0.0002819787,4.263712,0.06991248,8.497256,1.2809578,49.304573,4.956343e-05,8.404379,3.5344377,3.3153882,85.65369,2.017033,0.013951754,0.0019496001,0.18721472,2.0744855,0.011623992,0.06537038,0.010070072
1.1766654,0.00029000695,3.434336,0.09282672,7.6492243,1.3512928,37.827198,5.6440836e-05,5.0424376,3.4888031,3.490408,69.04966,2.0894141,0.011417619,0.0020088265,0.153346,1.7310641,0.008388301,0.048297256,0.005911987
1.0367054,0.00050843786,8.403892,0.10700314,8.543829,2.8358665,35.170593,8.050489e-05,20.90901,5.9083695,2.9850323,169.63452,2.8425498,0.023897413,0.0021079322,0.30311084,4.1513276,0.01998708,0.11369171,0.0126141505
1.1992668,0.00044061657,4.9466825,0.11807485,8.365705,1.5584661,41.677277,7.867152e-05,14.017257,2.5931938,2.7377357,99.640656,1.1108716,0.025422642,0.0017031308,0.1938936,3.073783,0.008239741,0.100273624,0.007277195
1.2294254,0.00041027134,4.0966296,0.14785926,8.407578,1.3288192,44.256443,7.293041e-05,11.783456,2.2394502,3.129325,81.37593,1.0561205,0.03300827,0.0012917353,0.24371934,1.9515786,0.012993251,0.12121187,0.012383103
1.1883802,0.0002542038,5.2867656,0.06195173,8.444568,3.175476,41.83715,5.9162026e-05,9.61824,5.8830595,3.1397753,114.51073,2.0785544,0.0164486,0.0017626745,0.16095828,1.1277831,0.009949365,0.15464756,0.010482131
1.1548593,0.0001307487,3.8300657,0.0112966625,6.292238,2.412126,29.22572,3.6035086e-05,11.267208,4.6412597,2.6266274,80.73286,1.5556732,0.01117538,0.00089989486,0.11456481,0.9114259,0.008832188,0.12994303,0.0078430725
1.2124525,0.00037747202,4.1684833,0.13277137,7.715273,1.6186401,31.671825,5.6643825e-05,15.640221,2.5911448,3.4841785,78.47048,0.9950201,0.02768754,0.001135928,0.16188063,1.6953052,0.012000389,0.09736471,0.009973454
1.2907848,0.00026745413,3.0421965,0.040063206,7.7856154,2.1405833,42.83797,2.8685952e-05,10.793407,3.869757,2.308294,66.70075,1.251262,0.008153727,0.00032764426,0.083894856,0.5030569,0.0013754808,0.094808914,0.0021059937
1.3255428,0.00020813069,3.132876,0.04518864,7.680713,1.0568739,39.220856,3.137404e-05,14.255233,1.2012782,3.533971,58.688934,0.7705168,0.0219188,0.0018876314,0.13646364,1.2212609,0.010776682,0.1168392,0.010844946
1.1433742,0.00019469889,3.5194259,0.0072917286,6.572763,2.146756,28.717606,3.4556804e-05,11.021526,3.8945272,2.933061,77.454445,1.1876756,0.007484086,0.0006500416,0.110676646,0.7375363,0.0075296536,0.12061088,0.0069056707
1.2813121,0.0002605603,3.2377355,0.085496545,8.060319,1.1338025,40.504364,5.468495e-05,10.21538,2.4337142,3.0402558,64.350426,1.2667463,0.017299637,0.0017224384,0.1809598,1.7178017,0.00918382,0.07311617,0.0070355204
1.3714904,0.0001401375,3.3353367,0.014590291,6.0109653,2.1184788,35.932358,3.335879e-05,7.835658,3.956551,2.1465948,77.05944,1.4418546,0.0077355863,0.0008563904,0.10737963,0.8948098,0.005508555,0.11374901,0.005500525
1.1740078,0.00018488684,3.6187758,0.016163955,6.7682886,2.344028,32.42272,3.2142085e-05,10.087746,4.342605,3.0342317,80.760284,1.3957967,0.007357998,0.00033882775,0.09479437,0.66036385,0.005510164,0.11193979,0.005750787
1.3386484,0.0004400514,4.501972,0.122048564,9.226637,1.5633696,49.893032,6.478282e-05,13.369043,2.7917264,3.3817115,89.735825,1.0897045,0.022604674,0.0013930439,0.19929275,1.4965239,0.0137498155,0.10008591,0.01119307
1.1908253,0.0001848321,3.5567257,0.0112128975,7.5099177,2.329556,34.43055,3.628724e-05,11.090693,3.9888291,3.113846,77.304184,1.3986083,0.011129551,0.0007536553,0.106339335,0.8053238,0.007609257,0.12036136,0.005106728
1.2828745,0.00028033284,3.9476206,0.08175697,7.522435,0.8967824,34.576126,5.2736938e-05,8.960922,2.2912433,3.0667982,75.0319,1.213061,0.021435998,0.0021991404,0.15491442,2.0066636,0.007396815,0.06133815,0.0073503098
1.2181928,0.0002904602,3.1322513,0.10843972,6.994643,1.0006778,34.91515,5.1717714e-05,12.619803,1.3026605,2.7473514,70.490654,0.5728094,0.019957386,0.001244418,0.1747756,1.1731174,0.011544753,0.11395674,0.009906496
1.2668989,0.00038748933,4.1838536,0.099651866,9.711723,1.7811817,50.63808,7.6007615e-05,9.258651,3.834254,2.9055529,86.198494,1.8938322,0.024931302,0.0025765658,0.24707064,1.925905,0.0109489495,0.08737971,0.01345002
1.2278816,0.0001787393,3.9230375,0.030155556,6.5749903,2.203603,28.565454,3.6712143e-05,10.177581,4.115091,3.3716378,81.99044,1.2971503,0.0106774885,0.00073956593,0.12694585,0.8153489,0.008967192,0.1283287,0.008516357
1.1791226,0.00043208533,6.6403265,0.15177837,7.70811,2.3187542,32.559357,7.5740034e-05,14.495039,4.5535936,2.9290326,131.84265,2.3130074,0.03099367,0.0022560102,0.23437674,2.3926969,0.016593892,0.13403803,0.01867237
1.2683406,0.00037718026,4.7578526,0.09387121,11.666699,1.9300647,64.35231,8.2578816e-05,9.9654255,3.7318172,3.0239801,93.12475,1.7500569,0.02180388,0.0020878396,0.28833497,1.813711,0.016300647,0.12279268,0.017438976
1.2213835,0.00036334255,5.0987473,0.07371249,7.758707,1.9850335,40.300266,7.156222e-05,11.433821,3.7261057,2.5590608,98.0494,1.7529413,0.018491851,0.0022238223,0.21128932,2.0695655,0.013121738,0.10619155,0.0106848795
1.3309522,0.00028147284,3.099737,0.112483375,8.467192,1.134588,47.56161,6.0161372e-05,10.583122,1.896166,3.7414355,66.91538,0.7126817,0.021654237,0.0007777035,0.17634946,1.2184418,0.009459075,0.1325737,0.010870479
1.2727785,0.00045356812,4.4693832,0.09788803,8.417047,1.8922942,43.055378,6.951071e-05,11.129645,4.3307686,2.7881312,83.59096,2.2088928,0.01959154,0.002319305,0.19259298,2.3689184,0.0034946473,0.07241161,0.0064973673
1.1853011,0.00037824328,5.0627556,0.09383136,9.29847,1.3851765,51.175446,6.886567e-05,12.184332,2.0877771,2.6344645,108.356445,0.9851672,0.019979201,0.0014259195,0.24976179,2.5334818,0.014762717,0.13962993,0.014718379
1.0327228,0.00020020381,3.8564646,0.029997049,7.0374064,2.5068545,30.653791,4.291775e-05,12.242362,4.305085,3.0348444,83.75162,1.4676977,0.014059945,0.0010613279,0.14221407,0.8106964,0.009572953,0.13953382,0.009653389
1.3198024,0.00024380654,2.9379084,0.04001807,7.8136263,1.6870466,41.991108,2.9389326e-05,11.051794,2.847445,2.7614877,67.0501,0.9213068,0.010062164,0.00028219877,0.09438104,0.84163094,0.003843075,0.0866363,0.0036814327
1.1938221,0.0001621528,3.191958,0.0034792079,6.6262074,2.4420543,31.013035,3.483608e-05,6.1953773,3.9432209,3.2286665,70.92481,1.1454817,0.0077269226,0.00051859237,0.101699114,0.6408297,0.0074008247,0.13149895,0.005487505
1.2161009,0.0001765493,3.2072964,0.009372789,9.886952,1.6452504,44.442432,3.6863996e-05,17.781813,2.566915,2.8660972,67.242065,0.67814994,0.009476611,0.0007343113,0.10928904,0.82375294,0.0059692315,0.12681018,0.0071431655
1.2959358,0.00014280138,3.2068598,0.028556574,8.308399,1.8788731,38.91395,3.5142017e-05,12.427126,3.1041713,2.903681,69.18099,1.0672412,0.012797937,0.0006494133,0.11500125,0.8286226,0.008358932,0.114630416,0.0070601497
1.1376667,0.00015687535,4.4976964,0.022380214,7.12267,3.2825434,31.527086,4.116108e-05,12.21339,5.2422733,2.8072412,97.72743,1.6234498,0.0071050483,0.0010446378,0.116736,0.65640086,0.005403264,0.13512649,0.008226994
1.2576653,0.00012764017,3.6366765,0.010165516,6.3137593,2.4532282,29.441465,3.209471e-05,11.752864,4.527693,2.935245,80.05456,1.5585105,0.008861901,0.00069965044,0.114997834,0.79744995,0.008938561,0.11748525,0.0071725002
1.2418118,0.00013367343,2.8212879,0.050691515,6.318879,1.2507716,32.637627,2.9709563e-05,9.594233,2.0981736,2.4827561,60.658337,0.7641449,0.011562956,0.00085280393,0.08976539,0.9095697,0.008470172,0.08251833,0.006282593
1.2022254,0.00015040222,2.8745043,0.052787792,6.1805186,1.2204243,26.005756,3.3693446e-05,9.21306,2.1160462,2.7502892,61.584774,0.7236214,0.015986376,0.0009928078,0.086707756,1.1020709,0.009920146,0.082576,0.007676334
1.2315278,0.00030783884,3.3121555,0.12881027,7.8466177,0.7848516,38.36064,4.5884335e-05,9.409646,1.2622908,2.8174584,68.74024,0.4843496,0.020483423,0.0011395944,0.15507405,1.6746249,0.011978376,0.06637836,0.008476521
1.2288793,0.00018828124,3.0064948,0.061480414,6.5310225,1.2441741,26.121567,3.985743e-05,10.370306,2.081426,3.207614,67.17817,0.8586647,0.01910348,0.00086195365,0.1063011,1.2448761,0.009903214,0.084728785,0.0077170143
1.2910688,0.0003657204,4.2930174,0.04644006,9.599254,1.6236187,50.20994,6.459666e-05,12.389427,2.95922,3.1957827,79.92157,1.4366366,0.017101996,0.0016528817,0.18217862,2.0978498,0.010274084,0.060787626,0.0090669375
1.1991019,0.000664339,15.134532,0.18549164,11.33162,4.8229833,42.834774,8.793322e-05,33.173637,13.754042,2.6549785,289.15912,7.7788515,0.025455654,0.004733167,0.34576073,6.2661514,0.027964022,0.14977154,0.022915233
1.2350172,0.0006094239,13.900563,0.12859733,14.486744,5.0284147,42.13949,0.0001114323,23.465813,12.077465,3.829198,282.21014,5.630625,0.023654776,0.00430437,0.37713036,5.63201,0.02604178,0.14488557,0.023410037
1.1895502,0.00029695494,7.6885743,0.09476537,10.244563,2.5423954,35.818356,6.462979e-05,14.88015,6.8552756,3.8365,140.62575,3.7995703,0.018259179,0.0045017255,0.17813511,2.8609042,0.0121672535,0.076489076,0.018497773
1.3649284,0.00031646824,5.7116003,0.11040326,8.53281,2.0381367,39.94885,6.210031e-05,12.155714,4.4288454,3.5150661,113.70269,2.0414433,0.020125464,0.0027269642,0.18314664,1.7821109,0.012710718,0.12962268,0.01582541
1.295295,0.00037771047,4.499509,0.07870828,10.02826,1.5103436,52.113075,7.554888e-05,11.12085,3.191471,2.8693018,83.74348,1.7222577,0.01914635,0.0024310264,0.2201335,2.1455593,0.012873183,0.08098573,0.012423903
1.3288717,0.00034059398,3.7500787,0.08586922,10.901335,1.2072636,58.361275,5.8775957e-05,9.964871,3.1848109,3.4093425,71.58553,1.4365062,0.017562777,0.0010684648,0.19931845,1.7437696,0.011816129,0.0828315,0.011219442
1.3144174,0.00038422845,4.4251504,0.07030405,10.207971,2.3508518,56.3195,7.6953045e-05,9.130646,4.5835547,3.4043772,88.7949,1.8921965,0.02529758,0.0030300263,0.2000999,1.7178222,0.0042062737,0.09754749,0.007104739
1.3157488,0.00024810527,3.525529,0.028388906,9.620858,1.2474294,54.697754,5.856695e-05,6.6121597,2.8009775,3.2210765,65.904915,1.3548205,0.0055952426,0.0016235374,0.20180736,1.3653781,0.008341679,0.07036239,0.009697783
1.3643283,0.00033013686,3.8243985,0.051702145,9.882139,1.5077308,55.684734,6.521917e-05,7.4740734,3.3186011,3.1881344,77.751434,1.5540731,0.009714759,0.00138427,0.22019468,1.6223447,0.009546696,0.096067384,0.009387401
1.2502012,0.00027412298,4.459043,0.049746398,10.725988,1.1598142,60.048203,7.213603e-05,9.998932,3.268082,3.4373755,82.2418,1.7240727,0.014508657,0.0020208198,0.2247773,2.254289,0.012076979,0.054713197,0.011031361
1.244389,0.00032089694,5.7755046,0.0411954,7.5507426,1.4005018,39.171425,5.074267e-05,10.738388,4.4777255,3.0215514,104.833336,2.8681602,0.016103372,0.0029376624,0.17172514,2.7954097,0.0055675083,0.06476202,0.005500815
1.2114857,0.00019330041,3.4606593,0.0338423,7.0801477,1.2992064,34.141525,4.4678025e-05,9.804664,2.4176197,2.9036403,72.798874,1.0794284,0.014652504,0.0018666915,0.116341144,1.3814288,0.0059386115,0.077202186,0.007351618
1.2038032,0.00032972218,10.860499,0.068996884,9.195334,3.2442873,43.03279,8.700718e-05,21.870686,7.4102206,2.6047885,195.52739,4.026679,0.019289257,0.004482111,0.26070958,4.1035137,0.017023396,0.12174968,0.014989075
1.2004818,0.0004097678,10.831413,0.13532871,10.173938,4.556785,42.238308,9.339462e-05,23.023035,10.169367,2.7088678,205.95047,5.1596866,0.029461782,0.004692679,0.24251261,4.4186854,0.017504772,0.12579939,0.020440748
1.2246156,0.00042738597,9.5973835,0.10913533,13.627253,3.2707338,43.44848,8.559155e-05,29.155329,8.13696,3.067522,179.353,4.478104,0.025966868,0.002942498,0.2595876,4.4994483,0.018819615,0.103109844,0.013721999
1.249312,0.00038592567,4.740924,0.10373198,9.80931,1.5805056,46.202766,7.222248e-05,12.852626,2.8105268,3.578779,91.697075,1.0693173,0.020008946,0.0018456404,0.20505737,2.524049,0.011910462,0.10038133,0.010087993
1.2399931,0.00031942336,5.1703525,0.06460897,7.8020577,1.4370804,40.1723,6.1704006e-05,7.444451,4.2937946,2.9984083,96.74394,2.6463509,0.026571553,0.003151931,0.19164152,2.8406556,0.0070743123,0.034296952,0.005854986
1.2946299,0.00033061532,4.897752,0.028753202,9.108781,1.7047634,48.614902,6.4722764e-05,10.579581,3.697544,2.8317554,90.41347,1.9444594,0.021174146,0.0027585246,0.2001366,2.2745364,0.007198859,0.066443056,0.0080177635
1.2275847,0.00043745997,5.2670774,0.056715522,8.462278,1.609602,42.337784,7.2918745e-05,11.634222,3.432103,3.0530186,99.58856,1.7540139,0.013270279,0.0025141702,0.18156748,2.6582263,0.0073147705,0.074104756,0.0071115363
1.1769521,0.00022024794,5.501823,0.029046584,8.005336,1.4287753,41.798985,5.5032357e-05,8.51277,3.679194,3.1567354,100.9835,2.364244,0.020002948,0.003331001,0.19877835,2.5868587,0.013818515,0.063497804,0.011586138
1.2379974,0.0003053246,6.775052,0.042659268,8.917431,2.690205,47.79731,8.275889e-05,10.9770355,6.122265,3.337932,124.8467,3.6320815,0.025277238,0.0035840555,0.22087653,3.5310705,0.010495685,0.059063558,0.009264103
1.2219403,0.0003380513,5.649825,0.0442191,7.2076764,1.055891,34.364693,4.4438864e-05,13.431394,4.332811,2.9129329,103.5217,2.7971303,0.01787916,0.0033287138,0.14812778,3.5366528,0.005599679,0.056690823,0.004432065
1.2354654,0.00034532696,5.4358816,0.032948185,8.329626,2.5174491,42.86804,7.591724e-05,8.058687,5.2227454,3.0443578,99.722046,2.7618895,0.015702615,0.002503881,0.2156146,2.1933703,0.008522337,0.090275005,0.009794496
1.2845275,0.0002591831,4.092825,0.046535805,9.782798,1.5525676,48.47151,5.2460222e-05,9.133281,3.5739756,2.86935,79.57659,1.6083232,0.013203226,0.0014248352,0.1880671,1.8522596,0.011810428,0.06590691,0.008460398
1.2901707,0.00034223785,3.76333,0.10103127,9.201993,1.5219675,48.209595,6.443265e-05,9.396813,3.6572657,3.3820696,74.16111,1.818186,0.020844072,0.0029232933,0.19265556,1.798506,0.0071053607,0.07196717,0.008326089
1.2873609,0.00033871914,4.6320825,0.08059323,8.30552,1.380938,42.200703,6.673071e-05,8.872282,3.6076865,2.615129,84.54428,2.16717,0.024079591,0.003142346,0.18708241,2.3687446,0.006672694,0.05367574,0.005335798
1.2359401,0.00024602664,4.516017,0.04116428,8.935354,0.9604924,42.737637,6.2820494e-05,7.8927765,1.9116418,3.2739937,85.72363,0.91219336,0.023154419,0.0020722137,0.19371231,2.386693,0.0064295516,0.038928743,0.0076398677
1.3028033,0.00028429017,3.4926903,0.07482793,7.9974375,1.186897,39.3221,5.0273666e-05,10.523198,2.5068536,3.3611374,65.869675,1.2157011,0.014924473,0.0015152424,0.16292967,1.607866,0.0088056475,0.07636937,0.0064665833
1.2563413,0.00038768223,5.2138987,0.054708418,8.076159,1.2644213,39.513596,5.050189e-05,14.68887,3.4566917,3.223804,99.61175,2.2759514,0.020245004,0.002716577,0.14819258,3.2390044,0.0025258432,0.056606263,0.0026105398
1.2710794,0.00037437383,5.05399,0.07406421,9.259127,1.7470446,46.19205,7.3210635e-05,8.069018,3.868445,2.994839,94.71218,2.0905154,0.0221637,0.0029654643,0.20698492,2.288321,0.009185658,0.06706418,0.009449992
1.2868787,0.00033352798,4.572076,0.066796094,9.945613,1.7290885,55.149265,6.7085304e-05,9.193639,4.2159586,3.2407553,85.8082,2.3287365,0.016431093,0.0029479617,0.23876595,1.904614,0.012314508,0.09612121,0.0123414295
1.2983673,0.00035742816,4.138437,0.0870932,9.024755,1.4986142,42.77511,6.154603e-05,10.23676,3.3965464,3.2114837,76.34235,1.7766824,0.01677328,0.0023821567,0.18980823,2.1904533,0.007131888,0.06318229,0.007474098
1.2052224,0.00039905557,4.169551,0.11857593,6.820978,1.2607038,33.573357,6.071233e-05,12.321785,2.4572172,3.3856685,82.86079,1.0741035,0.026774677,0.0012425131,0.16018087,2.5899427,0.010553234,0.09509936,0.005382208
1.2097166,0.00028066992,4.028283,0.05515264,7.5081544,1.5352477,36.357353,5.2945437e-05,10.577269,3.3751252,2.961194,78.575195,1.7786776,0.02065329,0.0020298145,0.15328553,1.9143432,0.0069207908,0.057926178,0.005257943
1.255883,0.00030652288,4.085574,0.066375166,7.3128924,1.8113867,34.647087,4.8690432e-05,10.674607,3.6066327,3.1325731,81.751366,1.7121124,0.0132191,0.00092826533,0.1823209,1.7599963,0.012879329,0.08947545,0.006606708
1.2366176,0.0004470488,13.315862,0.121348135,13.24697,5.322369,54.74166,0.0001089343,28.950945,13.573213,2.9805725,250.18411,6.9005637,0.028656043,0.005077606,0.39042467,6.214192,0.026226047,0.14831632,0.018698385
1.1238987,0.00023668303,2.6032338,0.070023365,7.870248,0.9397968,32.1521,4.6985642e-05,12.142558,1.9495558,3.127056,55.087803,0.98415035,0.015818246,0.001609091,0.15537778,1.1546177,0.010594611,0.070215665,0.007792618
1.2597349,0.00022333559,2.4188378,0.06318052,5.6069713,0.8482613,30.08816,3.8633258e-05,7.365968,1.3780764,3.7107158,48.250607,0.8402327,0.014567141,0.0009976947,0.14279883,1.2491845,0.009493778,0.050120655,0.006904135
1.1660863,0.00027654515,3.6368852,0.09042244,8.255404,1.6082691,37.56555,5.1015635e-05,11.133085,3.6626582,3.711145,77.42572,2.0591347,0.025128733,0.00216827,0.14130794,1.891759,0.009065435,0.074827276,0.007968462
1.2364566,0.00034802372,4.5013256,0.023398438,10.201196,1.6450135,57.440895,8.165905e-05,10.824544,3.36483,3.0309224,86.10961,1.7239872,0.014514663,0.0015032407,0.24669239,1.793488,0.013626271,0.09266427,0.012970839
1.193432,0.00025125084,3.3336146,0.08341046,7.375204,1.3159318,31.024319,5.177904e-05,8.967726,2.3058329,3.1633165,71.25746,0.98499763,0.016372016,0.001869749,0.16191606,1.5338129,0.0093323495,0.08654309,0.0071922434
1.198221,0.0002838143,3.6386325,0.08300047,6.841933,0.8499287,30.51065,3.643292e-05,9.515713,2.6296973,3.4278767,69.05523,1.5869559,0.021791311,0.0021773784,0.14101191,2.0095227,0.00827866,0.056956757,0.0062528993
1.1593108,0.00025311558,3.0863976,0.073658325,7.20742,1.100931,33.303802,3.9026065e-05,10.571755,2.3798072,3.2527206,60.102497,1.3346301,0.018434405,0.0019468772,0.12881653,1.5282413,0.0072289538,0.049582463,0.0048240963
1.1693399,0.00033713126,4.127974,0.09782054,8.269177,1.3041973,42.009903,6.637591e-05,8.717056,2.7898526,3.1657338,79.726364,1.8123493,0.019032484,0.0020384458,0.21436077,1.8427908,0.012748395,0.081406735,0.011373376
1.2779381,0.00032584817,4.2214847,0.103741705,9.453002,1.4833834,51.780933,5.866186e-05,9.54812,3.150122,2.9147105,80.73944,1.6260833,0.020892045,0.0014109022,0.20545018,2.0589292,0.013972806,0.06671339,0.011315941
1.1232083,0.0002915235,4.9193544,0.0980842,7.8855925,1.3949261,27.421488,6.8438436e-05,13.551826,1.950283,2.5469215,103.48737,1.174977,0.029872604,0.0016329562,0.1743801,1.8269206,0.015419219,0.11918154,0.014188248
1.2233497,0.00032414054,2.634262,0.12049572,11.845141,1.8968832,53.06085,6.407186e-05,22.952248,3.1543996,4.8645186,74.57208,1.198064,0.02139024,0.002016936,0.18284777,1.7143208,0.017253423,0.13759202,0.015497207
1.2275366,0.00069211255,19.117025,0.2558704,9.951572,6.1909876,50.15757,0.0001209218,32.03648,14.732448,3.340761,350.9718,7.535741,0.044569276,0.005495699,0.29481155,8.8912735,0.02783241,0.16096437,0.03046303
1.1980251,0.00045464086,16.71231,0.13489811,15.04597,4.632902,40.948242,0.00010510524,42.57685,12.360036,3.4828904,292.2097,6.6801085,0.03523689,0.005005934,0.4367754,8.426759,0.046349425,0.14732648,0.02633946
1.1632961,0.00029832928,4.49163,0.079970114,8.260123,1.2848471,40.259163,5.7023095e-05,10.240722,2.5273807,3.2033868,85.54926,1.2569937,0.022696912,0.0016302919,0.19971853,2.0647852,0.01029386,0.06276683,0.0093743745
1.2138627,0.00019036667,3.555563,0.05812322,8.160703,1.7543219,42.08087,5.208099e-05,9.749303,2.3462164,3.9116044,75.30062,0.80748326,0.019512942,0.00087606884,0.16343299,1.0367582,0.012668916,0.14691795,0.012195367
1.2341362,0.0003491424,4.1709137,0.08788776,7.981218,1.3659163,40.665024,5.6771572e-05,10.14483,2.911664,3.2397468,81.20216,1.707216,0.022594139,0.001359392,0.18149985,2.076097,0.008687726,0.063329734,0.006481661
1.2929543,0.00028443758,3.9970844,0.109802045,11.184948,1.2085568,56.67445,6.7982335e-05,12.073189,2.327939,3.694259,80.10964,1.2716831,0.023310278,0.0016472905,0.21795695,1.9932253,0.019402957,0.091870986,0.016436545
1.3102629,0.0003213253,4.8127313,0.10136924,9.620562,0.99571496,51.18774,5.6823403e-05,12.199562,3.603151,3.0294235,91.51815,2.2256067,0.022908121,0.0033830903,0.20047082,2.2622323,0.01006801,0.04910476,0.010136122
1.3238418,0.00043471847,4.4782004,0.23260543,11.801243,1.5938852,66.10993,9.78166e-05,15.6805525,2.8200247,4.2158856,94.61066,1.2437807,0.034521364,0.0016872378,0.32266787,1.8228205,0.022328721,0.20269397,0.019424936
1.2974769,0.0005433757,12.027683,0.15652095,10.151222,5.003515,46.80154,8.933934e-05,30.538954,11.455677,3.3666413,229.70659,5.0152926,0.025296714,0.0037685104,0.29634252,5.2923374,0.02755118,0.13971844,0.019012203
1.3216581,0.00035912317,3.9390328,0.13793392,10.854334,1.4187434,58.674793,7.4007745e-05,15.620081,2.5475686,3.5211215,86.69411,1.1826129,0.027409814,0.0017570184,0.23615974,1.8024255,0.019226152,0.13435619,0.016982988
1.2675297,0.00021037576,1.846984,0.1260272,11.026518,0.9488687,60.255642,3.3838725e-05,16.233002,0.9862033,2.7240665,42.506947,0.22640507,0.037447434,0.001885361,0.19738275,0.55084646,0.014058675,0.08198176,0.017591622
1.1481278,0.000304853,4.699818,0.07359167,8.380512,1.3952785,38.9627,5.8013142e-05,13.478057,2.5842779,3.0811763,96.062744,1.2297007,0.022634197,0.0018266924,0.20805328,2.5355651,0.013248797,0.07803317,0.010514817
1.2291285,0.0002485866,4.151768,0.12391494,8.284611,1.5461233,41.077335,6.893447e-05,14.973758,1.5999603,4.027849,84.985855,0.8832741,0.030796083,0.0016997542,0.19189264,1.7594264,0.018095193,0.14379959,0.015760595
1.1789341,0.00066761207,18.013971,0.15588318,8.65925,6.9305506,40.173344,0.000119188786,36.693287,17.107643,3.0334854,337.34497,7.9912505,0.028788807,0.003999329,0.44089103,8.503406,0.031797517,0.16293886,0.025387004
1.2436616,0.00029254475,3.6483638,0.090138294,10.331861,1.2916569,50.76377,6.416677e-05,10.563212,2.4972072,3.1606264,76.04662,1.6613827,0.01824674,0.0016317269,0.21945468,1.6617099,0.016032858,0.10225241,0.012749941
1.2088325,0.00073702977,18.127993,0.16596001,10.355814,6.5357904,48.01672,0.00011396102,32.292698,14.848318,3.0710013,340.41177,6.3694277,0.02814295,0.0040062475,0.43901742,8.969841,0.036895555,0.14279664,0.023226764
1.1178528,0.0001445722,3.993965,0.04781164,7.378541,1.3831302,33.68595,5.5887194e-05,8.978248,1.7034318,3.2880538,84.83818,0.7344046,0.020857867,0.00096282497,0.14778847,1.7922676,0.013445333,0.14136773,0.012313736
1.1767485,0.00021594569,5.123356,0.07423767,8.869128,1.9651103,43.644516,7.950126e-05,13.485083,2.2014618,3.397659,105.61515,0.96135277,0.030162534,0.0016001523,0.21743612,1.921654,0.021501953,0.16713957,0.017555872
1.2658172,0.00027134747,11.922011,0.09370378,9.346853,3.531092,60.164146,7.874705e-05,23.337671,9.373792,3.1966555,206.3062,4.857274,0.021596612,0.0038974588,0.30446702,6.5839033,0.026889669,0.15372927,0.020295678
1.2711017,0.00045655036,12.5313015,0.13242434,7.18569,4.2905374,53.586338,9.223314e-05,28.712746,10.085205,3.1514907,240.68654,4.4612074,0.020420022,0.002679285,0.3150927,5.719297,0.028731741,0.1697315,0.018755822
1.2856444,0.00029454767,3.875712,0.058110178,7.819609,1.328233,38.738564,4.576521e-05,10.302981,2.8293133,3.2964447,79.08492,1.2327309,0.013669967,0.0010759598,0.18238863,1.6358429,0.012591126,0.07084273,0.0077908356
1.2189062,0.0002387158,4.114507,0.08836543,7.7815275,1.6458186,35.74408,5.6961682e-05,11.033644,3.7026196,3.3242743,83.40521,2.2758453,0.027455928,0.0030920156,0.22965115,2.7399497,0.010410998,0.071313925,0.012787517
1.2993524,0.00027804862,3.6839051,0.06514557,8.695029,1.3326055,43.534317,5.237507e-05,9.217145,3.1210933,3.1468167,69.54412,1.5313582,0.012277863,0.001956459,0.1690592,1.6982304,0.008485043,0.07558283,0.008374018
1.2132012,0.00029731682,8.939147,0.09277424,7.725824,2.8178585,36.17169,6.16184e-05,20.310972,6.537825,2.8614402,165.52321,3.074165,0.01904056,0.0026228472,0.1916425,5.788749,0.014916853,0.07947535,0.008661465
1.1933194,0.00037886077,11.689132,0.10135272,7.4036717,3.021008,34.242504,6.980589e-05,22.05331,8.282479,3.6573834,200.98721,4.5622187,0.02258118,0.0045862184,0.18125817,7.520731,0.01688029,0.08789096,0.0094499085
1.1650565,0.00037943313,11.671988,0.089404434,8.257946,4.00891,39.228954,8.4408915e-05,19.91981,9.603764,3.4942286,220.91042,4.667616,0.019562397,0.0034044213,0.30767852,6.834562,0.01841864,0.10848996,0.015997859
1.1888865,0.00032728683,5.9138947,0.07805755,7.608651,2.0503337,34.343163,6.717313e-05,13.633329,4.259245,3.0004814,114.95169,1.9954541,0.02111279,0.0014667945,0.18504466,2.94077,0.014410792,0.070603065,0.01026942
1.7012177,0.0007058431,11.554488,0.16961244,28.93621,3.7443595,183.0493,8.2838436e-05,20.37564,10.128966,2.9286265,196.8635,5.852211,0.042698212,0.0031650069,0.2957107,5.255722,0.025921525,0.11892728,0.014047057
1.2459359,0.00022592438,3.1192455,0.05306657,6.8359265,1.155762,32.35914,4.0153012e-05,9.8086815,2.0673215,3.262579,65.298775,0.8707279,0.016341437,0.0009706013,0.13003406,1.3889503,0.009175989,0.0709054,0.00717598
1.2468828,0.00040527328,5.1426067,0.09168105,10.360346,2.0030487,52.429886,7.099251e-05,10.730449,4.595352,2.6474218,102.241486,2.1715996,0.020073755,0.0027312061,0.23444587,2.520721,0.0123670045,0.07123111,0.010943388
1.1881872,0.0003478434,3.8310556,0.09617683,7.998241,1.3049816,40.98522,5.9739075e-05,10.903861,2.7464535,3.6292105,80.574776,1.3024553,0.021806633,0.001549529,0.21711227,1.8102987,0.011371081,0.071859874,0.010521192
1.2792773,0.00033071305,3.659851,0.089404084,6.7654443,1.2569567,32.447117,5.6475805e-05,9.295463,2.5698462,3.2874231,76.294815,1.1180397,0.019796168,0.0009025784,0.17009753,2.034924,0.010349473,0.07906078,0.006324736
1.2758735,0.00078768696,14.805013,0.19032888,12.934536,4.7742825,57.791348,9.881774e-05,26.41065,12.153188,3.2108643,272.7902,5.555047,0.039133,0.004035151,0.34548876,9.021253,0.026559645,0.19217698,0.016003055
1.3001653,0.00064595713,13.208808,0.14532341,12.927457,4.441338,70.85984,9.943496e-05,36.437286,11.257622,3.5019426,241.56288,5.6613493,0.02441339,0.002600089,0.35798544,6.3761387,0.028882911,0.117733255,0.014948966
1.0658537,0.00013709023,2.2913733,0.05992825,8.252983,0.7022941,31.891447,4.4886612e-05,10.228572,0.5239444,2.9193347,44.568924,0.46132645,0.019787457,0.0009015954,0.16044502,0.8945246,0.013317867,0.121358134,0.011930532
1.2669529,0.00013521848,2.183252,0.061513532,8.303094,0.98861533,34.941208,3.2985092e-05,15.091398,1.3171062,2.582872,48.975517,0.51851517,0.019350091,0.0011891669,0.10557272,0.7171359,0.01049573,0.10106093,0.0108437
1.2308584,0.000665677,21.429272,0.17918985,12.676779,7.25938,61.13808,0.00016760788,48.02993,17.03143,3.047189,398.61642,8.833986,0.031636257,0.0035830685,0.61970025,10.879644,0.042268034,0.24118745,0.023212327
1.2154452,0.000855473,23.56395,0.231959,6.8425164,9.22757,32.32945,0.00014833771,48.898224,21.281395,3.3852837,442.78775,10.577001,0.03098981,0.003431383,0.7762647,9.013816,0.06071941,0.22985052,0.037515722
1.3221442,0.00016558071,3.8734255,0.051051483,8.118563,1.5553166,37.784004,4.46755e-05,11.933068,2.3692894,2.6977203,84.05692,0.8773743,0.014307973,0.0011020084,0.16204713,1.2627099,0.013148824,0.12794723,0.012912802
1.2095408,0.00041093896,7.853213,0.07621984,11.427262,3.4879858,54.04556,8.120023e-05,13.71785,5.7681055,3.2578428,154.21896,2.088882,0.02694451,0.0019391126,0.27262205,2.511972,0.017087527,0.13158776,0.019223182
1.2749826,0.00041577008,5.7763104,0.1115086,10.308198,1.8798562,46.713337,6.293264e-05,14.866706,3.6119165,2.861715,117.234795,1.079266,0.022852438,0.0016151494,0.24725194,1.742323,0.016244944,0.106635004,0.012567645
1.1409545,0.0010197087,25.55222,0.34699512,8.380547,7.8378987,35.183628,0.00015186497,44.75687,18.614737,3.4772935,471.6971,7.723476,0.058295283,0.00547094,0.40617335,15.055759,0.037804205,0.32355976,0.03316372
1.2688338,0.00026410463,7.1209908,0.06148056,8.8185625,2.385772,44.44388,6.731349e-05,16.175997,4.205303,2.0306897,155.21378,1.8880231,0.020536553,0.0016197661,0.20220599,1.860216,0.018899351,0.14782292,0.016793622
1.2219479,0.0005867007,11.968896,0.10762674,10.457148,5.993279,54.247864,0.00010475884,32.90802,13.392774,2.9135728,239.5238,6.365707,0.023150956,0.0030247897,0.4072522,3.8206356,0.02879745,0.2220473,0.020359827
1.0960538,0.0002373678,3.5888302,0.052777898,7.2254863,1.0436809,28.197449,4.6530276e-05,11.141081,2.1518357,2.9208739,58.922424,1.0094404,0.018216869,0.001567415,0.15723348,1.5471972,0.011578351,0.074694596,0.009217671
1.3560536,0.0003729001,4.5133505,0.13709596,11.794259,1.52108,60.651684,7.116556e-05,12.996461,3.0654855,3.755102,85.79366,1.3522258,0.026251663,0.001614207,0.26443294,2.0015857,0.02109495,0.073932424,0.016527724
1.2146897,0.00069347856,11.702251,0.13331896,8.234942,4.8198457,44.138046,0.0001079836,39.932602,10.922814,3.234904,232.74345,4.699733,0.03201036,0.00358898,0.3679836,4.4572487,0.029716196,0.20939271,0.018236445
1.2736892,0.00073245895,15.667689,0.23611127,11.3663025,5.905101,51.391388,0.00012893249,54.65497,14.313371,3.8882554,312.2901,7.615093,0.048423324,0.005120285,0.4470055,9.775562,0.04091189,0.23222697,0.03653763
1.2465564,0.00071716506,17.548592,0.27429906,7.9479003,3.6086073,44.64178,0.0001172942,34.73907,8.930285,3.6584513,309.6034,4.7005315,0.062302288,0.004645492,0.32050443,9.579637,0.027855381,0.13951682,0.019302635
1.2523836,0.00087258016,22.963234,0.21970856,10.966186,8.081758,53.674976,0.00014241098,38.653057,18.298416,3.4495966,420.4741,9.64203,0.050050348,0.005598533,0.48666245,12.701582,0.031790257,0.22178382,0.021711629
1.2987862,0.0009460509,19.652182,0.22569945,12.937901,7.5105376,59.382034,0.00012693909,37.8366,18.03601,3.1893704,396.94763,9.281927,0.03557329,0.0047439863,0.5012471,9.863996,0.02805608,0.17763907,0.013872322
1.1856785,0.0010310411,20.383902,0.42198512,10.410196,7.3125668,39.62477,0.00013973756,44.3056,16.419214,3.957198,389.99182,7.822111,0.063180074,0.0053569716,0.46282047,9.533507,0.045674156,0.2080703,0.025959166
1.1824875,0.00037698852,10.835661,0.112193726,12.14971,3.0215669,38.882744,8.9421876e-05,38.11645,8.110249,3.2437303,208.38693,5.0715566,0.033000365,0.0057411403,0.25303864,4.6228843,0.01971272,0.09425855,0.023978874
1.3113993,0.00030377568,5.338338,0.07366964,9.606837,2.1074429,40.880936,6.295996e-05,11.207272,3.884839,2.963152,104.60704,1.8223914,0.020784922,0.0026219352,0.15857202,2.9908767,0.0094817085,0.06553289,0.00845175
1.1637577,0.0007988364,24.613695,0.25554413,10.165499,8.060945,38.878986,0.00017723863,34.48225,19.799555,3.7707734,436.1139,11.528221,0.05194847,0.009065959,0.44315982,15.345386,0.02748013,0.20857628,0.031535316
1.2104226,0.00039061275,6.5469203,0.09208346,8.550641,2.0814338,40.096355,6.8518915e-05,11.889503,4.379094,3.2966433,114.925415,2.5434916,0.026500424,0.0038199145,0.16331004,4.001502,0.010512677,0.06732876,0.009003258
1.1594106,0.0001261164,2.8387666,0.057699982,6.7612963,1.2714921,33.10838,4.2847347e-05,8.821983,2.3837883,2.9951353,57.5145,0.94722384,0.014037881,0.0009774322,0.12465578,1.281716,0.0094053205,0.08868724,0.008739847
1.2743968,0.00029438897,4.0218654,0.116853066,11.487128,1.3241978,58.69463,6.998284e-05,13.456053,2.4076014,3.3737888,76.178,1.5480242,0.02423183,0.0017948617,0.24685399,1.8940464,0.018506557,0.09382425,0.016756687
1.262608,0.0003740904,4.558746,0.13262336,10.825089,1.2339475,56.50816,7.303062e-05,14.235426,2.309834,3.1452403,86.68971,1.4903035,0.027072696,0.0018916433,0.2587765,1.9249028,0.01630059,0.09172651,0.014532385
1.3051652,0.0003047741,3.8848448,0.1022305,9.653825,1.5878444,52.136147,5.4212975e-05,10.811723,3.2836602,2.8100674,74.642044,1.7413822,0.020643365,0.0017279659,0.18229833,1.8313988,0.013085418,0.072992966,0.011257828
1.1834121,0.0007701722,21.900963,0.22149964,10.042222,7.5297575,39.88889,0.00014912475,34.88046,18.238586,3.539955,387.87326,10.4745035,0.05331287,0.0068477574,0.4139088,12.4919615,0.029796401,0.19574502,0.032163482
1.1878512,0.00057625235,19.479269,0.21705371,7.2915993,7.998878,34.124737,0.00015208832,38.17484,17.97055,2.7764478,378.28845,10.087176,0.041000023,0.009829622,0.32929105,10.114174,0.03146583,0.18032913,0.03052165
1.2358017,0.00033977456,5.646253,0.095788635,8.416629,1.8937942,38.78333,6.1029867e-05,11.59058,4.056603,3.2735386,105.78411,2.013356,0.02359299,0.0029174958,0.18728633,3.0962133,0.011927107,0.058685977,0.009106505
1.3127276,0.00032606206,5.16744,0.07801464,9.182814,1.7640193,40.452503,5.9697442e-05,11.792409,3.6777086,3.162782,100.895386,1.7366323,0.021415867,0.0024241377,0.19415282,2.6674018,0.011258488,0.072508,0.009143457
1.1933618,0.00065134256,19.295198,0.19815281,11.117711,6.3944297,43.31042,0.00011988235,36.529507,17.387978,3.6369627,348.7235,10.015431,0.042201992,0.0064725727,0.3636646,10.913475,0.027775047,0.16859041,0.026758542
