Anth,B,C,Ca,Car,Cel,Chl,Cu,EWT,Fiber,LAI,LMA,Lignin,Mg,Mn,N,NSC,P,K,S
1.1081231,0.00017349877,2.446926,0.042626623,6.061788,1.0419343,22.942104,3.860162e-05,8.662285,2.1949115,3.8990176,47.415955,0.9189251,0.0103644505,0.0013485164,0.09563073,1.2037364,0.008575258,0.07027427,0.007334318
1.2400467,0.00018469726,2.4703417,0.04129237,6.2850327,1.1596434,29.896923,4.214124e-05,10.960882,2.282017,3.799103,47.77197,1.03931,0.011082861,0.001374988,0.111892864,1.2045004,0.012226481,0.08280087,0.009561629
1.1069129,0.00013400162,1.3841355,0.023130389,6.4460173,0.8475772,22.874952,3.0327377e-05,8.381808,1.3884519,3.0250838,21.851006,0.60383266,0.006382863,0.0007472422,0.06256548,0.70616543,0.007958302,0.06407996,0.007022556
1.1494604,0.0002340239,2.8870497,0.057375804,4.954713,1.433112,24.665197,4.395121e-05,14.466572,2.4912755,3.7153862,59.51819,1.0610822,0.014196896,0.0012120178,0.11259617,1.4921331,0.0127059035,0.08702062,0.00880894
1.0859295,0.0002848214,2.4478302,0.11070735,6.9222035,1.3248419,29.384691,5.5284374e-05,23.367409,2.346498,3.9183536,55.625553,1.1482446,0.01396814,0.0016250557,0.1279719,1.6178708,0.012813212,0.10105419,0.008226811
1.1547699,0.00015978588,2.315431,0.037184127,5.9543314,1.0882547,28.283592,3.2710795e-05,14.464217,1.8846092,4.031558,43.875313,0.7935018,0.011088728,0.00094283663,0.08937347,1.0033606,0.011634242,0.08920799,0.00861524
1.1493967,0.0001821911,2.7518992,0.057959694,5.5301194,1.2853798,26.475046,4.1230916e-05,12.526086,2.3230865,3.6147664,54.143684,1.011559,0.015442716,0.0014122028,0.10041138,1.3722135,0.013867667,0.089136146,0.01023761
1.1897647,0.0001846679,2.615243,0.06071976,5.62343,1.238808,30.271124,4.607899e-05,14.770538,2.0258346,2.8763044,50.317772,0.95080626,0.015864834,0.0012919962,0.11152986,1.4961787,0.014341649,0.080848634,0.009532166
1.0445902,0.000115763054,1.721478,0.016533794,5.943471,0.98825395,19.691547,3.0959225e-05,8.601357,1.7709832,3.7307436,29.436245,0.69111955,0.0044413474,0.0007010123,0.06764887,0.8008672,0.008399772,0.071723066,0.006529143
1.2560952,0.00022923772,2.6942732,0.07675262,5.5906672,1.3576646,25.30863,4.331989e-05,16.527685,2.277896,3.2859592,51.052826,1.0829977,0.014801358,0.0012282156,0.10212046,1.4541342,0.014614172,0.093710765,0.010704279
1.0241646,0.00016837126,2.5325193,0.04802359,6.0049443,1.1093835,19.164194,3.9479855e-05,9.73596,2.0733736,2.9654996,49.959,0.8927121,0.012469457,0.0014000902,0.089375116,1.2714175,0.01046898,0.07332485,0.008302427
1.1968261,0.00014516487,2.2494905,0.0200128,6.628096,1.3150865,27.09305,3.1770884e-05,11.765244,2.2517657,3.235002,41.787174,0.8318765,0.006854848,0.00086765987,0.077980526,0.872956,0.010129025,0.095295176,0.007745573
1.1416827,0.00023439698,2.959374,0.06554057,5.7192206,1.3820732,24.313623,4.3205935e-05,16.512112,2.6050165,3.9130018,55.81737,1.1765345,0.01480552,0.0015289368,0.098282985,1.6669213,0.017389098,0.0854122,0.00983514
1.061576,0.00016687547,2.027329,0.037961964,5.795524,1.1112318,30.989902,3.4972472e-05,20.000866,1.7947483,3.5476334,35.508274,0.6306863,0.008069469,0.0008513947,0.09005697,0.94932306,0.009624601,0.08897424,0.007791214
1.1521487,0.00020514765,2.4598541,0.05231332,8.805032,1.3598113,29.499666,4.437815e-05,15.171999,2.4357808,3.5189557,49.050854,1.0437496,0.01463921,0.0013261933,0.12920375,1.1582798,0.01154256,0.090039976,0.009982096
1.0767561,0.00022775495,2.1563284,0.061407287,9.565189,1.0123596,31.42163,4.3772427e-05,14.906495,1.8934734,3.0138528,39.614475,0.90948784,0.01627516,0.0014868954,0.11410282,1.1788684,0.009811726,0.07388563,0.008594103
1.2581295,0.00027320138,2.8766148,0.0790492,10.182145,1.4247886,36.13695,5.3014355e-05,24.646414,2.7692618,4.604834,53.989143,1.2187614,0.015747681,0.0017912263,0.18127985,1.5938084,0.014891545,0.11943867,0.013343602
1.46262,0.00018161743,1.9751835,0.078523606,9.501745,0.96792185,33.077774,3.929169e-05,16.23906,1.7305318,4.1183147,36.606438,0.6881413,0.014388453,0.001323669,0.13184753,1.1987495,0.013269979,0.0897214,0.009824469
1.2540005,0.00016798824,2.0027597,0.052798364,9.062331,0.9527985,31.333212,3.6252943e-05,11.34477,1.7146375,4.7328234,36.07091,0.6999395,0.010883133,0.0011440936,0.10988083,0.8991388,0.010691135,0.08854228,0.009421242
1.2767197,0.00020022325,1.7393073,0.058821857,8.904644,0.9260392,33.34856,3.6085217e-05,10.7229,1.7918442,4.2166624,31.048368,0.7484767,0.013209017,0.0013022906,0.11253557,1.0059562,0.009462408,0.07691049,0.008295336
1.439618,0.00028920523,2.6329553,0.07571245,10.331476,1.3033367,36.204365,5.0104238e-05,18.758503,2.5685189,4.1232715,50.821068,1.2600302,0.016954057,0.0017951023,0.15739636,1.472597,0.013028904,0.090967305,0.010663433
1.0457392,0.00013673151,2.0361643,0.060603514,8.510593,1.163805,32.033096,3.5927194e-05,15.0461235,2.0309494,2.8981464,42.413826,0.8578325,0.01387553,0.0014596798,0.109188735,0.97517955,0.011955971,0.098934986,0.010031351
1.1873484,0.00013255964,2.3124597,0.0658368,8.735145,1.0390364,33.48222,4.1386877e-05,12.4054165,2.031103,5.3802137,43.035015,0.72599876,0.016003484,0.0012114196,0.14462231,1.1084791,0.01368295,0.1002973,0.0118354885
1.3244902,0.000235886,2.3374858,0.04875297,9.941726,1.2262651,35.717113,4.8990565e-05,16.111073,2.2854378,2.8673685,44.04127,1.0620134,0.014683335,0.0013982344,0.1432834,1.3254107,0.013603548,0.09591183,0.010712242
1.2096637,0.00026432858,2.8904712,0.0715517,9.812978,1.3924319,33.46027,5.1324176e-05,24.163868,2.5881608,4.835807,56.073753,1.0704207,0.015754208,0.0016109304,0.18703155,1.4626217,0.014488375,0.113193974,0.01183239
1.4384651,0.0001465047,1.6211678,0.06869463,11.756071,1.1122248,58.5516,3.9175924e-05,14.563064,1.2779202,3.279028,52.33904,0.67077744,0.01435052,0.0010791393,0.086743586,0.7197828,0.011339318,0.09984676,0.010125384
0.912715,0.00025888503,2.0931358,0.092677325,8.885455,1.1121169,27.574581,5.2251526e-05,19.962477,2.2145135,3.2643952,39.593372,1.0225399,0.016103432,0.0016965414,0.12852897,1.3899133,0.013260307,0.10604807,0.010097711
1.0275707,0.00023459012,2.8889601,0.0593689,8.451686,1.241134,25.77708,5.0763894e-05,15.588398,2.4035072,3.6932635,54.003662,1.1151327,0.015582338,0.0016379541,0.14863619,1.4807032,0.011451921,0.08584722,0.009355253
1.4473293,0.0002775475,2.2628577,0.09419014,10.2401285,1.0437126,38.199818,4.9878236e-05,14.244243,2.1060262,4.371235,41.168175,0.9930509,0.01758532,0.0017946098,0.15072079,1.3619292,0.014087335,0.08191088,0.011354418
1.3844527,0.00030553062,3.0682626,0.075825736,10.801105,1.4937432,37.758717,5.5462777e-05,17.765894,2.9067144,4.322828,63.708393,1.4092696,0.017003246,0.0018713803,0.17104241,1.6515985,0.011566947,0.083637476,0.010098434
1.3909479,0.00024293015,2.2084048,0.049449813,11.46255,1.1370821,49.658188,4.8286918e-05,11.162607,2.3766935,2.6500285,42.066334,1.1364119,0.013827298,0.0013092349,0.13260137,1.2708645,0.01031416,0.078001715,0.009472153
1.6744953,0.00020047752,1.8656636,0.07744358,9.85142,0.8518881,36.11939,4.4816436e-05,9.77732,1.6293615,5.304258,34.53118,0.8239513,0.01470004,0.0014896832,0.12485766,1.1259621,0.0115028275,0.07952527,0.010371964
1.3211213,0.00021780579,2.476468,0.048729748,8.814793,1.0881715,31.39186,4.587091e-05,9.557862,1.8882482,4.062015,48.017544,0.7864271,0.01268652,0.0013073949,0.14056003,1.143559,0.011745405,0.079295486,0.010087547
1.4727982,0.00024903662,2.6727536,0.0878432,9.640891,1.2021364,32.452057,5.1500014e-05,14.603251,2.5793705,3.6650224,51.586975,1.1400325,0.017427195,0.001594438,0.16297837,1.4707805,0.012953286,0.09387797,0.010567395
1.4987543,0.00019562377,1.4635861,0.06912357,11.81242,1.1161911,48.86619,4.2444288e-05,14.355736,1.8443273,3.444323,45.964516,0.8600419,0.012316828,0.001135383,0.100990236,0.99531364,0.013379025,0.09163096,0.010682466
1.2977219,0.00025727367,2.5710583,0.054197915,8.764528,1.139871,38.30865,4.954145e-05,14.900741,2.3449628,3.6621556,45.87953,1.1211321,0.019344024,0.0019512101,0.15479577,1.5195374,0.010184998,0.06450372,0.009215678
1.3050671,0.00019976983,2.031787,0.055602845,8.8967705,0.963348,29.273695,4.0786243e-05,9.069267,1.8617213,4.596755,37.09378,0.89553237,0.014462321,0.001329507,0.11747918,1.0752882,0.0098929405,0.06957574,0.008303272
1.2491589,0.00022828624,2.4404666,0.092425495,9.077677,1.0412232,31.212223,4.7789363e-05,13.335258,2.038554,4.0134273,44.437313,0.9774054,0.014660086,0.0016077724,0.15371375,1.2643607,0.013639532,0.09612125,0.01077823
1.4763407,0.0002353801,2.1086426,0.08049429,9.527335,1.0489823,28.485287,4.8412687e-05,12.954801,1.9033679,3.9948387,34.95627,0.814266,0.017759565,0.001276394,0.1288374,1.0332298,0.010770472,0.07958418,0.009210887
1.3647566,0.000258512,2.8789842,0.068582356,7.8478236,1.226195,19.41484,4.9068836e-05,14.243834,2.21086,3.6532466,50.36812,1.0677218,0.017118324,0.0017688841,0.14280191,1.577782,0.012539464,0.084513366,0.009389491
1.5855225,0.00020238894,2.0635931,0.07432937,9.815341,0.94444084,34.710396,4.5967347e-05,12.571479,1.8095886,4.878952,36.54429,0.82620484,0.016014399,0.0014680896,0.13517466,1.1612021,0.012410807,0.07862533,0.010104643
1.2365296,0.000195765,1.7693005,0.05279126,11.139022,1.038306,40.95673,3.857916e-05,10.8377495,1.811937,3.4233987,41.2361,0.82949704,0.012245461,0.0011138945,0.095099516,0.943553,0.01047656,0.07455845,0.008630546
1.5233756,0.00026077504,2.5213075,0.08390493,9.241441,1.158861,35.532967,5.253766e-05,13.317497,2.221591,5.101117,46.69655,1.0417749,0.01824555,0.0016430216,0.15450637,1.4431732,0.012421631,0.07924023,0.009508397
0.8680288,0.00024477992,3.926117,0.07055865,7.286233,1.7207104,26.147013,5.5412624e-05,12.268648,3.44701,4.3815737,78.95308,1.5862834,0.015583175,0.001845616,0.15589061,1.5649946,0.011081797,0.09703759,0.0091517465
1.95969,0.00032138935,2.9849987,0.09833662,11.995547,1.1869072,65.36846,5.8117123e-05,14.789384,2.0115614,4.409325,66.15808,1.0172968,0.018687543,0.0014679063,0.1684913,1.5367113,0.011093419,0.0797841,0.010751708
1.1286892,0.00023781069,2.6076608,0.056228425,8.995826,1.2714875,26.933708,5.1508963e-05,13.229852,2.5712,3.9173052,50.737038,1.1420959,0.014797149,0.0014449557,0.15104277,1.4507637,0.011565046,0.085569166,0.00974702
1.7681209,0.00026779308,2.7299337,0.09091317,8.649851,1.1653038,23.558235,4.6813973e-05,17.50877,1.9994859,3.747492,55.457466,0.9238905,0.017703073,0.0014374112,0.13835974,1.4419668,0.012036745,0.072073966,0.0095489845
1.5330571,0.00024111223,2.244719,0.091558084,9.73122,1.0614625,33.510338,5.150521e-05,14.04981,1.9887671,5.283815,41.515724,0.89241695,0.016640123,0.0014409362,0.14947891,1.3643852,0.012827707,0.0846185,0.009481773
1.414109,0.0002441935,2.2006855,0.063984774,10.449965,1.1351715,41.138866,4.76951e-05,13.319215,2.203642,3.1219912,39.492134,1.036318,0.013211936,0.0015059434,0.14416751,1.2935848,0.012142841,0.08586554,0.010271819
1.15476,0.00013896743,2.0379448,0.058297217,9.866586,1.0299764,35.141037,4.084572e-05,11.024329,1.9814087,2.3909612,38.45804,0.70755064,0.012608802,0.0011787986,0.11425378,0.9859278,0.010706223,0.08925223,0.009392593
2.1462386,0.00027977262,2.242473,0.086431295,11.892887,0.9436035,59.850056,4.8895938e-05,15.235068,1.3628489,5.7774506,58.559563,0.63856816,0.017571326,0.0013428486,0.14179853,1.2441071,0.0119787585,0.07193693,0.0103798965
0.98240685,0.00013961627,1.7301623,0.04011243,7.758928,0.9814297,23.596268,3.7361842e-05,8.094336,1.9287572,0.51960427,30.608505,0.8071608,0.009757235,0.0010007486,0.085412055,0.9565941,0.008262526,0.06834717,0.0074541
1.0836726,0.00018626648,2.3754137,0.06461157,6.946303,1.159868,20.436346,4.6920242e-05,12.190674,2.5724473,2.3693283,39.886364,1.436594,0.0139393285,0.0017554269,0.10801556,1.5062762,0.012255353,0.06568394,0.0095372
0.980632,0.0001698129,2.3891022,0.058921482,7.6348763,1.1676965,25.624184,4.412482e-05,10.208282,2.1685836,4.756047,44.067276,0.8747523,0.013730021,0.0012404853,0.116330974,1.191033,0.010033316,0.08390749,0.008656045
1.3272094,0.00024459144,2.8361993,0.06514001,8.550121,1.23234,29.646816,4.58228e-05,12.274565,2.5947762,3.6795413,53.54824,1.1680084,0.014650935,0.0016319245,0.16062596,1.4621089,0.012103259,0.087250896,0.010119251
1.2526453,0.00021995792,1.9421257,0.052583434,10.399109,1.034324,37.12384,4.359051e-05,16.666063,2.0241933,3.986595,32.674923,0.864734,0.012660921,0.0013410018,0.13260475,1.1423607,0.012225673,0.0848133,0.010031439
1.076521,0.00019545194,2.5955527,0.074560374,6.932273,1.2334008,18.167929,4.8197784e-05,10.193127,2.5315397,3.985545,50.01235,0.9206969,0.014656607,0.0011509481,0.13468568,1.0525475,0.009618109,0.108245075,0.009538322
1.1024402,0.00018717092,1.9972689,0.058719005,8.241914,1.0705373,24.59083,4.1461954e-05,11.950123,2.0899336,2.7970445,33.216755,1.1066288,0.0149298925,0.0013704103,0.11011759,1.0953919,0.012550976,0.08513281,0.011294714
1.3955861,0.00020978236,2.4414508,0.07687398,8.759464,1.0312582,30.105099,4.2951055e-05,10.671759,2.2566066,3.670389,44.824562,0.8911943,0.014711869,0.001157111,0.13407674,1.2200866,0.011658104,0.08576411,0.009941174
0.9063741,0.00018684195,2.3531349,0.055184606,6.920182,1.1575742,20.256691,4.5478017e-05,10.202378,2.422618,5.851872,40.381744,1.0330673,0.0110097695,0.0013036858,0.112516046,1.1862034,0.009563438,0.07881021,0.0076599214
1.1415145,0.00028486282,2.2592506,0.09746585,9.059558,1.1500338,27.611254,4.7414884e-05,14.144739,2.265845,4.8140645,41.262196,0.98801076,0.014516082,0.0015307931,0.14432636,1.1830311,0.012342769,0.10044793,0.009606406
1.4758642,0.00021270731,2.3912504,0.07604941,8.913982,1.0757593,27.796236,4.238196e-05,11.857924,1.9817184,3.7877343,45.52244,0.90936416,0.014956329,0.0014016723,0.13305072,1.264529,0.011546362,0.07793426,0.0099946875
1.1489787,0.00020384071,1.9193947,0.06471781,7.8330846,0.9343103,21.810717,3.815508e-05,12.777961,1.7275212,3.1972766,31.968287,0.76320964,0.010321444,0.0012103199,0.10266565,1.2680486,0.010682268,0.07668238,0.008098716
1.7229741,0.00023344382,2.2381828,0.0730503,8.535426,0.9712856,19.478867,4.608901e-05,13.976762,1.6555579,3.004454,36.298145,0.7884723,0.017902223,0.0013082837,0.13498302,1.2243638,0.0117702745,0.07271866,0.010384007
1.189063,0.00014207297,1.61953,0.06716158,8.796151,0.7040563,32.83765,3.828065e-05,11.682415,1.3586006,2.8926632,31.942686,0.6614926,0.01385136,0.001123465,0.089729376,0.9350869,0.010389024,0.08309365,0.008437743
0.8410982,0.00023919814,3.6948526,0.066065945,7.2479115,1.7412167,27.022482,5.2792817e-05,10.597412,3.343454,4.939518,71.35958,1.5573646,0.015072291,0.001735833,0.14318162,1.4555228,0.010169331,0.09967142,0.008408798
0.94152516,0.00018756509,2.381874,0.061353236,7.572965,1.1188835,24.92241,4.7628266e-05,11.188806,2.2142766,6.153394,41.768044,1.0282044,0.012225697,0.0014461328,0.119783245,1.2745596,0.010009925,0.08415699,0.007985455
1.0358721,0.00019940289,2.30898,0.054427207,8.048055,1.261719,23.326418,4.6832753e-05,16.729801,2.4513433,2.9454896,36.954193,1.1848316,0.013857276,0.0015097206,0.13164613,1.2987877,0.011756211,0.08132893,0.010120316
0.66182435,0.00017409168,1.8532987,0.05903502,5.4225307,1.0892328,13.618148,4.0518607e-05,11.579013,2.221319,5.548196,28.234045,0.9619015,0.0107837515,0.0010160598,0.08614341,1.1504521,0.00950395,0.076604284,0.006933208
0.6948131,0.00016867544,2.265095,0.061487656,7.049996,1.0683736,22.547155,4.358396e-05,8.197498,2.1208222,6.8144393,35.824783,0.97502184,0.011790316,0.0010157399,0.097938165,1.20005,0.009611575,0.0638919,0.007819127
1.2064037,0.00014397381,1.9547997,0.052254003,8.511458,0.9593148,31.569942,4.1830044e-05,8.563088,1.7036101,6.393085,34.180172,0.7217445,0.011100374,0.001049086,0.11826801,0.9249884,0.0106298905,0.08166284,0.009535414
0.8311115,0.0001485938,1.9192795,0.058599766,8.702498,0.94433326,28.588585,3.626809e-05,10.232843,1.9064317,3.5245256,32.664265,0.7469606,0.011299181,0.0009669042,0.08856901,1.0487411,0.010298907,0.06284318,0.007953411
1.0525715,0.00019284383,2.6653168,0.07133569,9.043413,1.1945971,28.10401,4.906243e-05,13.164643,2.5591648,4.7079945,46.829216,1.1194701,0.013835427,0.0011749059,0.15081677,1.2253017,0.014469759,0.11071578,0.011801957
1.1959258,0.00013501554,1.7610536,0.05706827,8.411078,0.8931138,33.12124,4.143463e-05,8.034487,1.6261979,6.746081,30.484816,0.69928086,0.010469488,0.0010741209,0.10900709,0.8994989,0.009652939,0.080996014,0.009287201
1.5601062,0.00026458155,3.1403968,0.071074896,8.252499,1.3576134,23.697264,5.149343e-05,15.271915,2.3475,3.1865659,61.110058,1.0586023,0.019150613,0.0019568717,0.15306887,1.4894316,0.012340229,0.081514426,0.010419158
1.04599,0.00019716917,2.2810667,0.07133125,9.28272,1.064445,28.847696,4.4652297e-05,14.662867,2.2290614,3.5367723,41.414787,1.130463,0.014760729,0.0013739686,0.14384894,1.2067485,0.012397657,0.09664825,0.010635388
1.5388868,0.0003082147,2.8406081,0.0793565,10.748558,1.2923609,48.828182,5.7984562e-05,13.098224,2.4514225,2.9944358,62.764454,1.0764048,0.018496357,0.0017130688,0.17166668,1.5345039,0.011612192,0.089128666,0.0106757535
0.69330037,0.00019956454,2.138239,0.057651024,5.012034,1.1472232,14.677617,4.258341e-05,10.513762,2.390243,4.6815,34.652927,1.092703,0.012165795,0.0011430201,0.08233146,1.3483613,0.011126771,0.08006098,0.007903689
1.9664185,0.00028735885,2.4644663,0.09582671,11.585781,1.0141922,60.27804,5.3074793e-05,11.811214,1.7222853,5.805897,57.65104,0.7048289,0.016395807,0.001284436,0.15514708,1.1896607,0.011745712,0.08228639,0.010877608
1.2017561,0.00022274467,2.5704443,0.067501396,9.542207,1.4373573,34.143154,5.6531157e-05,17.04191,2.768181,3.8948727,50.966885,1.3868538,0.014609115,0.0021455253,0.15606336,1.5154033,0.012004556,0.124596514,0.012087438
1.0535694,0.00018733204,2.4005034,0.05943608,8.528262,1.2517288,25.769016,4.4358196e-05,16.300186,2.369343,2.8641121,46.91277,1.1416078,0.014185556,0.0017750369,0.11147949,1.353768,0.010321957,0.07814992,0.009384987
0.7897889,0.000217988,2.820308,0.061657567,6.783329,1.4334514,21.69325,4.903649e-05,12.317013,2.8248293,4.970808,47.76132,1.3344289,0.013580168,0.0015476567,0.12051057,1.4292375,0.010541604,0.08279291,0.008202678
0.70588195,0.00016823142,1.6480839,0.05646644,5.1439037,1.0441672,12.830395,3.7368525e-05,12.874332,2.0196486,4.657421,25.775862,0.8008229,0.00996833,0.00096421497,0.07394994,1.0542492,0.0091859205,0.08145694,0.006592738
1.041666,0.00019190523,2.3012428,0.046037514,8.331409,1.3096188,26.020035,4.3171825e-05,17.502869,2.468976,2.768024,37.65273,1.103855,0.0105737485,0.0014158533,0.12498803,1.3778753,0.011823273,0.08434024,0.009209887
0.8410259,0.00021184569,3.0108352,0.062255096,6.8177032,1.4012824,22.182165,5.070009e-05,12.272705,2.91673,5.7417974,51.73241,1.3952763,0.012766109,0.0015904084,0.12566423,1.4349647,0.010571672,0.08857729,0.008148636
1.4588772,0.00033092164,4.0017533,0.06907645,10.4243765,1.4562734,39.81132,6.0626888e-05,15.497958,2.7963002,2.6614816,74.589355,1.602687,0.021399377,0.0021168557,0.17117658,1.910131,0.013131847,0.08735811,0.010308236
0.89121366,0.0001287059,1.8150942,0.04299902,8.919139,1.0069543,25.82377,3.7890324e-05,10.194734,1.8465824,4.2711005,31.162281,0.75518453,0.009895748,0.00091153826,0.097490884,0.9652814,0.010535528,0.07260662,0.008603695
1.5812515,0.00022816261,1.8484819,0.0716413,10.549638,0.8855622,36.164948,4.2492567e-05,15.003209,1.5027163,4.281702,33.786697,0.6735349,0.015511183,0.0011418653,0.12144917,1.0350008,0.012225556,0.083301365,0.009729697
0.74936175,0.0001387215,1.7306317,0.044002723,7.3327947,0.9453061,21.087427,3.615597e-05,10.404298,1.928147,2.6347191,25.970108,0.76566416,0.010409505,0.00096596614,0.087293506,1.006752,0.0092192525,0.07195512,0.007365581
1.0369538,0.00020020596,1.7581233,0.05495392,9.759877,1.0267609,35.62892,3.9013208e-05,14.352987,2.0595233,4.279503,31.776333,0.91601026,0.01193321,0.0011275156,0.11072149,0.9740778,0.0102322,0.075519584,0.0084677525
1.4817332,0.00021028362,2.1040113,0.059746955,10.896933,0.9900089,41.97853,4.7704776e-05,13.239917,1.956724,4.076652,35.92565,0.88300437,0.013470988,0.0015839741,0.14220908,1.1238774,0.010655378,0.0742241,0.010261399
1.0258774,0.00017812593,1.8706933,0.04801555,9.53758,1.1360358,34.889786,3.7979007e-05,15.001648,2.1332052,3.0553205,37.051086,0.97559845,0.010825381,0.0011018134,0.100948095,1.0524926,0.009751287,0.07528383,0.008494504
1.5697612,0.00019998431,1.804068,0.066581786,11.322878,0.89765304,42.593143,4.7908772e-05,14.301451,1.8347887,3.1232407,28.82248,0.918304,0.013382826,0.0015526962,0.13381761,1.1644571,0.0116950525,0.06699787,0.010097493
1.1073229,0.00020945967,1.826127,0.056638397,9.462291,1.0064957,38.192604,3.7385864e-05,13.329619,1.8603947,3.5226824,34.409637,0.8399364,0.012888897,0.0011638064,0.09529611,0.89236766,0.009772757,0.07791773,0.008427891
1.6852281,0.00021744342,2.080494,0.07550347,10.163473,1.1084172,29.803484,5.23923e-05,10.849326,1.9388231,0.6079554,36.147667,0.87778,0.01619405,0.0014877778,0.12863307,1.1104538,0.012055687,0.08389565,0.010649053
0.7802757,0.00015146003,1.642181,0.048290618,7.281695,1.0718086,21.940163,3.7006437e-05,10.5221,1.9030027,1.7091491,29.111563,0.7979057,0.010805749,0.0009710311,0.08650943,0.9439874,0.009600521,0.07895839,0.0078021297
0.79318744,0.00018164398,1.818214,0.053642184,7.7785435,1.1991192,24.320631,3.936409e-05,14.936134,2.2351158,4.2256603,28.202387,0.9685327,0.0109277,0.0011224918,0.097501636,1.1098508,0.010564055,0.08947014,0.008827145
1.5750546,0.00023774615,2.4669943,0.06600284,10.333616,1.1171999,39.310337,5.420419e-05,14.292813,2.3916402,4.2368717,44.035156,1.1152189,0.015183549,0.0016792759,0.15453088,1.427672,0.011609031,0.07450406,0.010205013
0.8049817,0.00018888075,1.885538,0.055048153,7.9888268,1.1899782,24.000647,4.1985913e-05,16.925997,2.2574353,1.8764848,33.39291,1.0096092,0.0108358245,0.0013080982,0.095846824,1.0591484,0.01078841,0.08894514,0.008908327
1.3349159,0.00016686453,1.4564089,0.057322543,10.964622,0.89217085,41.952618,3.624291e-05,12.116458,1.5835465,5.7836514,30.616589,0.7715392,0.012163771,0.0009505872,0.094936065,0.8606574,0.011214533,0.08000316,0.009262851
1.3657298,0.00025697678,1.5606916,0.053215567,12.57834,1.4031287,55.698383,5.302344e-05,15.747736,2.243839,1.4010516,66.19809,1.1289898,0.014152705,0.0014983279,0.11463898,1.163525,0.012445025,0.08834956,0.010139871
1.2714932,0.00023384296,2.213667,0.057216536,8.76677,1.1286272,24.878038,4.4714463e-05,10.140087,2.3164868,2.5779264,46.200016,0.88447464,0.016993117,0.0013108853,0.1202962,1.0902673,0.010874671,0.08210473,0.008491523
1.3944962,0.00028741825,2.4887877,0.084817186,10.294772,1.1189284,36.933277,5.4414704e-05,12.835031,2.1312995,2.049834,40.13114,1.0361474,0.01774715,0.0013489169,0.16204908,1.5849587,0.0134975845,0.100082,0.010933187
1.3520671,0.00029189655,2.0100305,0.05334414,12.686017,1.6776409,55.808212,5.8765854e-05,19.328661,2.7612684,1.5997508,83.90531,1.4198732,0.015728068,0.0017332737,0.13361935,1.3758231,0.013501911,0.089434326,0.010870569
0.87013686,0.00020632838,2.4008398,0.06051931,8.043468,1.2921515,25.117441,4.7478185e-05,21.66952,2.4941273,2.3336227,43.083054,1.1844773,0.009851015,0.0016111904,0.10933912,1.3195289,0.010883766,0.0874725,0.008811578
1.007975,0.00019670586,1.9865009,0.06318198,7.466805,0.93250096,21.63217,4.3298725e-05,8.772992,1.841614,4.236997,38.42183,0.7692706,0.013658157,0.0011335505,0.120291255,1.1609367,0.0099625625,0.0673299,0.007547067
1.6036234,0.0002150732,1.5694753,0.08053685,10.679758,0.8906885,40.672493,4.2109234e-05,18.473385,1.5484246,2.3641524,25.994196,0.71559286,0.013767015,0.0013973458,0.101077154,0.93251896,0.010466418,0.06926439,0.009246572
1.5310534,0.00023949084,2.4172728,0.09717548,8.965159,1.0205647,31.87828,5.204117e-05,11.27623,1.911039,4.3964047,43.298595,0.94297016,0.017744796,0.0015315991,0.16017187,1.2849607,0.011593202,0.090876795,0.011267377
0.91294736,0.00022268036,2.1293302,0.059151996,9.245963,1.306237,30.628029,4.643017e-05,19.854483,2.5100098,4.235083,36.32223,1.1171517,0.01086225,0.0014201408,0.12519833,1.1960849,0.012263193,0.095327884,0.009549428
1.0149087,0.00018031287,1.7479242,0.05145656,9.837576,1.0058453,36.676685,3.7010654e-05,12.4336405,1.9565984,2.8221247,35.877254,0.839101,0.011716108,0.0012466137,0.09156625,0.9278236,0.009306792,0.0666403,0.0083202105
1.421349,0.00024737362,2.0222683,0.08787189,8.728463,1.0489306,26.321198,4.548613e-05,11.374664,1.967213,3.7654312,33.197964,1.0017998,0.0156525,0.0015405024,0.13064419,1.1256307,0.012421918,0.086589634,0.009240143
1.3709048,0.00035941703,3.0734565,0.093898006,11.016734,1.7483705,46.50542,6.7084744e-05,39.132065,3.2851913,4.4938574,67.33874,1.4108138,0.020603586,0.0020559523,0.18649006,1.8917882,0.014814574,0.11874064,0.011249011
1.4151015,0.00018681354,1.8960419,0.04748104,9.790711,0.9425961,39.378075,4.679366e-05,11.039278,1.63409,5.428865,37.10822,0.70343035,0.014231421,0.0013645214,0.12528786,1.0049044,0.00997135,0.0786676,0.0088801095
1.4154632,0.00021046682,1.9183046,0.06718098,10.578854,1.0768393,37.402706,4.040607e-05,19.73693,2.0997934,3.5368106,31.469341,0.9390935,0.011891179,0.0014375943,0.1089222,1.0629838,0.011319132,0.07901095,0.009998621
1.6149101,0.00021793715,2.052094,0.10084456,10.4819975,0.9475685,42.465282,4.8522244e-05,10.08627,1.6026243,4.430969,37.302284,0.59104705,0.017840546,0.0011274306,0.14947642,0.91579926,0.013119851,0.09129254,0.01134354
1.2806178,0.00021266975,1.9759076,0.06911276,9.864393,1.1196438,37.04036,4.3379627e-05,21.160328,2.283716,2.9268227,32.9789,0.9754618,0.012199808,0.0014757627,0.113097705,1.2029314,0.011851577,0.08471206,0.009425198
0.89802074,0.00021756261,2.8655202,0.060481418,8.500104,1.2620678,29.821844,4.9099745e-05,17.586489,2.4345615,3.5444922,55.035706,1.1148192,0.0149852345,0.0019080399,0.12191284,1.3484696,0.009516433,0.07592411,0.008316451
1.5262635,0.00025721866,2.214128,0.06627594,8.210883,1.2026141,21.236658,4.3307315e-05,15.306476,2.0706744,3.2489352,41.236065,0.87896734,0.014854874,0.0013819783,0.12456328,1.1317937,0.012374493,0.08243623,0.0093985135
0.9310563,0.00021056217,2.7206202,0.06447213,7.2468324,1.2372972,21.866596,4.5675206e-05,11.596652,2.9409683,3.4838707,48.563534,1.2524837,0.01273608,0.0013375632,0.11638756,1.0861506,0.011606837,0.09716854,0.009329548
1.4503483,0.00021755304,1.9574201,0.052703787,11.577795,0.9999191,43.7599,4.6922774e-05,11.201193,1.626878,4.116222,42.69569,0.71330965,0.010669352,0.0011950467,0.12591493,1.0374134,0.010606308,0.08402938,0.009636538
1.1229382,0.00022725848,2.6858923,0.062022973,8.0726385,1.2610015,23.88267,4.946003e-05,10.787273,2.6103802,3.8568063,48.467537,1.2496735,0.01393736,0.0013555421,0.13901053,1.3064512,0.011027949,0.08433097,0.009086498
1.4292204,0.0002585175,2.629659,0.07680719,8.682636,1.0726441,27.639772,5.1437168e-05,10.837221,2.0103881,3.5928168,48.71679,1.0036665,0.01855477,0.001523985,0.15358813,1.4751675,0.010651659,0.080741845,0.009512652
1.1567849,0.00021845242,1.9035991,0.075148836,10.009931,0.9235441,35.839554,4.102067e-05,16.63771,1.6589426,3.14631,37.069485,0.77986676,0.016211886,0.0013586824,0.11131861,0.95244795,0.009000426,0.07705465,0.0076521565
0.9075295,0.00021350545,2.6841884,0.064502575,7.502853,1.1752476,22.405817,4.7381818e-05,12.860042,2.6075077,5.2333884,50.354145,1.2303067,0.013959352,0.0013753291,0.13054946,1.2496496,0.010689125,0.091225974,0.008119642
0.9833939,0.00023928343,2.5768023,0.06371807,9.110669,1.2224761,27.312128,4.8446112e-05,16.470419,2.577161,2.7361825,44.876762,1.3751802,0.013375464,0.0017669804,0.12290151,1.5376441,0.0120233325,0.072595656,0.009321191
0.9220966,0.00016727448,2.53865,0.058053505,7.0298085,1.2472644,20.608337,4.4994074e-05,10.369237,2.460262,4.345539,48.649982,0.9515803,0.013569424,0.0011623518,0.11858494,1.1004739,0.010196077,0.088595524,0.008932103
0.925151,0.0002376755,2.6606174,0.0651929,8.962496,1.2861472,26.694702,4.9189483e-05,17.18076,2.6576176,2.6039205,47.94962,1.3615156,0.012745053,0.0017774928,0.12912796,1.5016598,0.011777318,0.08282139,0.009704316
0.98668134,0.0002078444,2.8041992,0.058107816,8.739361,1.2569996,29.205404,4.963542e-05,15.143264,2.136107,3.2316558,55.65846,1.1147906,0.015961828,0.001839885,0.12097605,1.2992411,0.010602989,0.07878314,0.010043578
0.9817567,0.00017663251,2.0745254,0.06233189,8.761358,0.9909504,30.105738,4.504738e-05,9.769391,1.8469416,4.3110285,36.121983,0.89019597,0.013130497,0.0014297083,0.11784953,1.046299,0.0101532275,0.08320466,0.009301425
1.2364078,0.0002784439,2.737654,0.067430906,10.185247,1.331133,36.228565,5.6363544e-05,18.07901,2.6503885,3.1531088,53.03639,1.1935328,0.017246632,0.0015712355,0.16238572,1.6414596,0.013918775,0.08756075,0.010593827
1.0240679,0.00014157438,1.882958,0.03839393,6.6504817,0.976133,18.206673,3.645334e-05,10.37533,1.855307,2.9322767,33.45958,0.70912695,0.008246825,0.0009985534,0.07560818,1.0282685,0.009412996,0.069891125,0.0073714377
0.7929715,0.00021718549,2.2569501,0.05920232,7.266378,1.2487026,22.080181,4.628652e-05,15.753678,2.5520027,2.5838046,36.816,1.3141834,0.014713802,0.0015058318,0.11698658,1.3705592,0.01095077,0.09232213,0.0098377755
0.8891622,0.0001802646,2.224926,0.038815685,7.811637,1.2292315,21.154394,4.1333675e-05,9.307014,2.3359282,3.154327,40.077682,1.0407209,0.01075899,0.0011923423,0.10634909,1.1446623,0.010017919,0.08273328,0.0072788405
0.7806643,0.00021212749,2.3313673,0.05365663,6.998102,1.287007,19.304947,4.6305602e-05,14.551007,2.5984917,2.5193446,38.7198,1.2735437,0.01441667,0.0016001477,0.114107065,1.3559839,0.011048071,0.08566809,0.00920537
1.4379668,0.0002515507,2.1439564,0.047222447,10.706518,1.1032032,44.640396,5.058497e-05,12.197666,2.2073495,2.848729,40.135822,1.0523136,0.013861238,0.0012523527,0.13516611,1.3418341,0.012335416,0.07667475,0.0086060995
1.0686556,0.00025490532,2.9276195,0.083356984,9.476147,1.4493524,35.42238,5.9025653e-05,24.31755,2.5632963,4.153268,57.842567,1.2254307,0.013151915,0.0019848682,0.1597485,1.5101216,0.0137988515,0.12830043,0.010803311
1.1871574,0.00020836495,2.0186155,0.068989195,9.136133,1.1531028,33.805614,4.4294215e-05,10.909211,2.0427418,1.8577371,43.838535,1.082337,0.01377427,0.0016889675,0.1184203,1.1147438,0.010231226,0.08658733,0.009085357
1.3743039,0.00033695975,2.7848923,0.05799796,12.475477,1.9492981,53.313545,6.200515e-05,26.089682,3.416367,2.333842,90.860275,1.6125076,0.015990708,0.0018267966,0.15668489,1.6902776,0.015226297,0.08826514,0.011294564
0.93565935,0.000173358,2.6856525,0.051875934,6.931582,1.2327096,22.366478,4.1499232e-05,9.747781,2.5073588,3.3993342,54.919323,0.96876085,0.012500249,0.0012561757,0.11620885,1.044551,0.009489522,0.08825502,0.0076281605
0.81894505,0.00017698648,2.11597,0.054315828,7.087275,1.1944841,18.055025,3.977389e-05,11.753557,2.2990415,2.7493753,35.82262,1.0097948,0.012001359,0.0011962602,0.105651096,1.192518,0.010352865,0.08302735,0.008178671
0.9553413,0.00014131081,1.7842647,0.04193491,8.838242,1.010753,24.76107,3.6656278e-05,10.519818,1.8360507,1.4094625,33.023838,0.7636768,0.010930753,0.0009214695,0.09032782,0.85900414,0.010274221,0.087936565,0.009065356
0.9015105,0.00014713615,1.8119949,0.03677314,7.7562103,1.1263875,20.166399,3.7793445e-05,10.120797,2.0401669,0.90920246,32.428757,0.8827755,0.009437144,0.0010134773,0.092079565,0.92157406,0.009692697,0.08589614,0.008318602
1.0321574,0.0002066962,2.4833467,0.08658069,8.6028,1.0152124,24.268196,4.6001038e-05,17.363853,2.4373047,2.7643301,47.00757,1.2424945,0.014403637,0.0015811144,0.13648343,1.4556389,0.012408024,0.08112337,0.01084717
0.92529494,0.00021120202,2.349481,0.063212544,6.8717556,1.2545587,18.664017,4.6526307e-05,13.049844,2.4083052,2.5397358,41.29348,1.0164601,0.01101573,0.0014269679,0.099961296,1.261078,0.010780732,0.08515491,0.007624558
0.93435496,0.00013603312,1.8083138,0.049017467,7.5945454,1.0231551,20.347765,3.6946047e-05,10.198583,1.9711442,2.8642228,32.139904,0.80255634,0.010854273,0.0010919191,0.08813211,0.8331879,0.0093921255,0.077006005,0.008136023
0.8890038,0.00012634683,1.9502662,0.042341113,5.695782,1.1522754,10.45809,3.489154e-05,10.361546,2.285273,2.1131957,33.553772,0.90087086,0.008005456,0.001001924,0.080907196,1.0775962,0.010166379,0.07654714,0.007358309
0.8483263,0.00016323639,1.8428969,0.062062103,4.7714624,1.120068,21.330143,3.904902e-05,21.37488,2.047191,3.1764996,32.05332,0.8835288,0.007295194,0.0010418877,0.07212024,1.0993874,0.009824699,0.08697133,0.007468505
1.1487043,0.000200987,2.4977155,0.072770774,6.2410593,1.1585108,30.53538,4.3361284e-05,17.152779,2.1826806,4.2938123,46.81426,0.9775137,0.01142695,0.0013889165,0.11891122,1.2740057,0.012004155,0.08112218,0.00925075
1.3769389,0.00026783318,2.4113505,0.08375872,9.067339,1.0691673,42.729694,5.4628457e-05,12.850678,2.0117452,4.1828437,53.04812,0.7555039,0.016644884,0.0015729122,0.14283802,1.3036367,0.0102904765,0.077915795,0.008880172
1.1028676,0.00026099817,2.9589067,0.07631949,5.931774,1.3098333,31.7136,4.921428e-05,12.599069,2.298757,3.0711153,60.832607,1.2448853,0.015692482,0.0012271563,0.14861597,1.8439767,0.014807468,0.11308527,0.009127867
1.2464703,0.00023677062,2.4694588,0.08217855,6.5997143,1.3137518,32.05769,4.874455e-05,17.193287,2.4781518,2.9078403,43.86807,1.2599449,0.010892404,0.001573169,0.134801,1.5907435,0.012907539,0.0776494,0.009518003
1.3476758,0.00026797078,2.9410279,0.09661615,7.2927036,1.3186061,38.247856,5.3001862e-05,16.871561,2.8236766,3.252424,52.05007,1.4721606,0.014037492,0.0016683309,0.17415698,1.740609,0.013220854,0.081117675,0.010738663
1.2242379,0.00022791896,2.4535916,0.0804196,6.8887024,1.2577792,32.96401,4.8052367e-05,18.577038,2.3603659,2.93009,43.23816,1.2262843,0.010830762,0.0014925639,0.13586375,1.5290961,0.012550072,0.07345284,0.009359885
1.3731731,0.00023204567,2.4053314,0.076499484,7.098776,1.1264637,40.269905,4.9249375e-05,19.142647,2.2485626,3.6020951,39.437622,1.16398,0.011170381,0.0014786469,0.1429641,1.4741793,0.012234041,0.08081096,0.009510413
1.1665472,0.00021882629,2.6830268,0.053883795,7.2180815,1.1319497,27.665855,4.6965764e-05,10.685008,2.2644732,3.6619375,49.47553,1.22976,0.015775396,0.0015899923,0.1274569,1.3223435,0.011741023,0.074517004,0.009631051
1.2009443,0.0002394255,2.880752,0.065886036,6.54954,1.2311665,28.191015,5.0103085e-05,13.37206,2.2986016,2.6287107,63.824608,1.0588343,0.013265618,0.001399845,0.111188374,1.4020268,0.0085322745,0.0719652,0.008167481
1.1432717,0.00025742798,3.1435022,0.05726514,6.269589,1.4516189,23.235209,4.7293794e-05,13.884585,2.8372118,3.5881226,61.20086,1.3332639,0.01892546,0.001545818,0.121040955,1.6881793,0.010670866,0.07186417,0.009295538
1.178597,0.00021763836,2.7764292,0.055623256,4.5401936,1.3172767,23.075787,4.4618966e-05,14.584882,2.1598814,4.2602525,55.811462,0.9725836,0.015453571,0.0011198088,0.09920187,1.4478322,0.0135687655,0.08799881,0.009139829
0.97692645,0.00018625376,2.4208972,0.06175217,4.3417153,1.1859846,20.87173,3.9349397e-05,16.195751,2.1272378,3.2015693,43.628105,1.0566747,0.007884064,0.0013206097,0.077363454,1.3268688,0.011648123,0.07884175,0.007623381
1.1013796,0.0002195022,2.817899,0.05897404,4.278194,1.3204991,21.172379,4.3718905e-05,17.386097,2.3825371,3.8775194,53.818176,1.2042956,0.012740717,0.0013679775,0.09503942,1.4828123,0.013564189,0.08547863,0.009229248
1.2800233,0.00021412726,2.6784167,0.06529346,5.790136,1.2365992,29.265291,4.7323865e-05,13.051912,2.1908684,3.436358,51.178764,1.0492252,0.015230956,0.0012433836,0.1271016,1.3736929,0.014411919,0.093178436,0.010214943
1.223428,0.00021847387,3.2096014,0.051589154,5.593887,1.347142,23.287277,4.551062e-05,12.372449,2.5434663,2.9346225,67.13941,1.2944432,0.015556517,0.0016023755,0.10666339,1.5806836,0.009084161,0.065155305,0.007935747
1.0235636,0.00020614339,2.7949235,0.06508311,3.077591,1.4049199,14.827547,4.2579457e-05,19.999857,2.3713892,3.4416814,58.204346,1.1056964,0.009738662,0.0012643697,0.06687218,1.6390833,0.011372749,0.088631526,0.007609363
1.2983694,0.0002012349,2.841695,0.06416737,6.4861503,1.0906281,31.963064,5.291998e-05,11.942609,1.9867961,4.3665104,55.944546,0.8966035,0.015912445,0.0013765029,0.14949125,1.3808712,0.013325413,0.09822049,0.011365915
1.2956805,0.00020434598,2.3335457,0.067455724,5.3841915,1.3296207,35.43527,5.097458e-05,23.220905,2.291582,4.6757526,37.98857,0.8700382,0.011819345,0.0009808243,0.16309711,1.4730262,0.020417077,0.10465544,0.011438087
1.1960642,0.00029448047,3.6363456,0.10662736,8.411134,1.3030698,41.22765,5.8876267e-05,13.754996,2.539548,3.4042664,75.99271,1.1672914,0.019534577,0.0021546718,0.16598877,1.8519086,0.012291272,0.10749739,0.009396568
1.7536393,0.00022565265,2.1410656,0.08627447,9.378639,1.0306658,44.73666,5.518216e-05,15.960425,1.987657,4.261982,36.375675,0.984913,0.0153946495,0.0017501351,0.14795958,1.318742,0.01191472,0.07181941,0.010265109
1.1736294,0.0002532067,2.7419338,0.0968951,6.4462833,1.141627,33.599373,5.4408018e-05,12.726757,2.0754378,2.7459173,54.960346,1.0551726,0.015410679,0.0010984449,0.126656,1.2260805,0.012204881,0.10245482,0.00998297
1.2226384,0.00025303327,2.5414293,0.10968028,7.090809,1.1205294,34.62772,5.469672e-05,12.964711,2.2271352,4.5571556,46.247635,1.1639425,0.0141093945,0.0016394096,0.1373503,1.4487842,0.011971349,0.087419175,0.009557035
1.2219014,0.00024132011,2.7183232,0.089683615,7.292329,1.0963601,32.815414,5.3960874e-05,11.46963,2.3354783,5.082335,52.46762,1.0717238,0.014878097,0.0015620877,0.14731736,1.4301213,0.011239219,0.083775565,0.009700842
1.3348055,0.0002924331,3.283834,0.15465705,7.563523,1.3365211,40.82678,6.0446444e-05,13.18282,2.9391186,3.1141748,64.44715,1.4023131,0.017513486,0.0019892026,0.19933467,1.8096578,0.014731429,0.0925197,0.012853086
0.9475668,0.00016374481,2.5491073,0.027401002,5.921672,1.4976149,22.482994,3.7287613e-05,11.017116,2.7649465,2.9460552,49.24939,1.0168955,0.005802595,0.001058754,0.100931294,1.0295717,0.010421961,0.09851906,0.007946231
0.8881183,0.00018174923,2.8077075,0.05176831,5.6887383,1.3026438,22.21064,4.442991e-05,11.364078,2.588953,3.847642,54.07317,1.2241758,0.012132827,0.001385606,0.09488598,1.2441978,0.010180538,0.08974335,0.008910422
0.9801497,0.00020119388,2.828378,0.06261449,6.3971195,1.3749291,26.11637,4.7070753e-05,13.536349,2.7688925,4.0239396,56.433372,1.3941115,0.012638516,0.0014133056,0.10768822,1.3304365,0.010580853,0.09231587,0.009480729
1.0811568,0.00018921842,2.326277,0.058741245,4.7518363,1.1567754,27.18323,3.893801e-05,23.768843,2.124562,3.1721156,38.26863,0.94199014,0.0060882214,0.001098426,0.08183663,1.2884641,0.009775394,0.08764443,0.007418323
1.183038,0.00020453516,2.258894,0.055009875,6.9087176,1.1404054,33.256485,4.0737745e-05,17.059355,2.0065727,3.7197134,40.316044,0.8562322,0.009908786,0.0009692246,0.10603617,1.0583496,0.0124731595,0.097447485,0.009109364
1.0468551,0.00021366017,3.2927685,0.07894282,9.24761,1.4991462,37.99817,5.654515e-05,16.489758,2.2503846,2.8713012,60.732994,1.0374191,0.017448392,0.0019397038,0.16980952,1.182354,0.01518904,0.15570281,0.015680566
1.1780727,0.00012110063,1.5321697,0.04659148,7.1854043,0.8612111,32.556858,3.0010047e-05,13.899457,1.3661115,2.2751026,30.21764,0.54775774,0.011209848,0.0008924056,0.07107803,0.69072104,0.009625015,0.09071919,0.008617506
0.89653975,0.0002180282,2.5971303,0.060215347,6.7111907,1.1686769,22.300978,4.6051693e-05,15.251745,2.3657022,3.2822373,47.345448,1.1187015,0.010832596,0.0014794092,0.10022517,1.2787586,0.011113265,0.081906915,0.008822867
1.18921,0.00025065526,2.4550595,0.07263561,6.619002,1.2436125,25.610224,4.826827e-05,12.548304,2.5477529,3.1545112,48.90604,1.2216727,0.014289687,0.001274813,0.113887995,1.3683598,0.010985669,0.090199776,0.008427799
1.177628,0.00022126606,2.3842778,0.08658975,7.099841,1.1099334,33.538727,5.0067516e-05,13.646894,2.2422035,2.214869,53.437454,0.89319074,0.01600338,0.0012754889,0.1274341,1.5803788,0.013507496,0.08239123,0.008731616
1.2297856,0.00022945392,2.634442,0.09335201,6.6042523,1.0673752,32.66602,4.4031563e-05,18.284008,2.375202,2.3355794,53.891445,0.9482826,0.017681684,0.0014815892,0.12639287,1.7671497,0.012345399,0.08616609,0.008453827
1.2290765,0.00026433362,2.40462,0.086563125,7.9998226,1.2793192,25.214325,4.8641414e-05,11.11436,2.3827453,2.839196,47.857304,1.0374088,0.019657984,0.0016353457,0.13893965,1.2208806,0.0137477005,0.097348765,0.010419927
1.1817119,0.0002004242,2.5227096,0.09007625,6.0003443,1.2238458,24.166471,4.4350774e-05,15.037132,2.003397,2.6844075,52.795734,0.7157125,0.018292254,0.0014939968,0.091134846,1.2335212,0.0076925894,0.115285434,0.0066873203
1.2455733,0.00025270402,3.0612113,0.08354335,6.7813826,1.2527649,33.24099,5.1527262e-05,15.055478,2.4727376,2.694705,58.86983,1.2515717,0.020205235,0.0020759725,0.13024782,1.7123172,0.013091052,0.092750445,0.010712722
1.2119493,0.00023818048,2.5775108,0.09401002,5.543327,1.0918381,18.90131,3.943011e-05,14.017977,1.7780095,3.1171741,53.436386,0.8066915,0.01637603,0.0016423679,0.09051734,1.4606147,0.00885738,0.0854338,0.0067478213
1.1216568,0.00018914299,2.8699276,0.06848927,5.006085,1.5039074,24.251682,3.9853403e-05,14.714932,2.6693118,3.7582438,59.357677,1.1247264,0.014411774,0.0015372491,0.09873338,1.5116949,0.010500727,0.09450087,0.0075260713
1.3377968,0.0002086923,2.3403003,0.07497974,7.943413,0.95065135,33.77246,4.6705918e-05,10.370901,1.8037374,2.6673052,54.367317,0.86331946,0.017920079,0.0011271667,0.13741031,1.1533679,0.011875109,0.07978798,0.0107105365
1.3748088,0.00025700635,2.5226076,0.08532691,7.8831954,1.1051731,37.0906,4.9399685e-05,14.699283,2.3666792,3.8442757,45.30438,1.13108,0.013462248,0.0014043933,0.15101163,1.4103724,0.011403259,0.0760514,0.009980887
1.1046295,0.00022588845,2.1545458,0.11772532,5.2450747,1.2183166,31.991695,4.9095877e-05,25.583614,2.2564204,3.359129,46.49608,1.279627,0.013694179,0.0011191342,0.1296718,1.3937815,0.014388421,0.118087485,0.009769473
1.5722461,0.0002457328,2.1815503,0.0893856,7.9028125,0.9551341,39.009743,4.856154e-05,15.310097,1.6836023,3.9307299,37.735973,0.8924184,0.013294577,0.001302129,0.1462658,1.436474,0.012246345,0.08047935,0.01014942
1.2753379,0.00023231893,2.5273726,0.10555988,6.52364,1.248992,33.52557,4.6853278e-05,19.581795,2.4229825,3.6712942,51.303547,1.2795042,0.013558373,0.0013921289,0.14359038,1.6127385,0.01493339,0.09450123,0.010248312
1.2254965,0.0002453977,2.7220778,0.081164196,6.9394946,1.3074917,34.029884,5.0793013e-05,17.756674,2.5970695,3.1376078,48.476597,1.381827,0.011728754,0.0016043229,0.15189485,1.6870291,0.012890238,0.07612852,0.009126993
1.0730418,0.00011721557,1.7019783,0.03343842,7.024247,1.0362062,21.17781,3.0698022e-05,11.125295,1.8410076,1.9681915,30.059309,0.7678585,0.007655166,0.0007003908,0.068157405,0.8558873,0.01035644,0.0760241,0.007960981
0.9959251,0.00012139828,1.9321775,0.038234487,6.2046456,1.1514456,20.427046,3.166211e-05,10.769354,2.0568094,2.7124352,35.959827,0.74375594,0.0069362526,0.00082296453,0.07447329,0.86039704,0.009091954,0.084047206,0.0068438305
1.0765566,0.00015042788,1.878854,0.042572364,5.9001274,1.15339,24.87798,3.187347e-05,13.365562,2.1623802,2.635418,31.028843,0.9828728,0.0073252763,0.00093070994,0.07037064,1.0399032,0.009741909,0.08110491,0.008036055
0.9435741,0.00016509296,2.3514314,0.05051865,6.7772903,1.2424682,20.765184,4.0303497e-05,14.000938,2.4304664,3.0203135,48.184757,1.1116205,0.010067721,0.0013616267,0.0955463,1.2369269,0.011167073,0.084839575,0.008452472
1.117884,0.00024210961,3.4190729,0.060054902,4.5898376,1.57544,21.214266,4.7987527e-05,22.269508,2.8543956,3.5190065,69.68136,1.393812,0.014154343,0.0015248961,0.11376604,1.776266,0.010904821,0.088304244,0.0093269665
0.9927552,0.00018957668,2.7147357,0.060492456,5.225966,1.2634,18.699888,4.5654062e-05,12.787762,2.5254488,3.1929114,55.60489,0.98281235,0.01147976,0.0014186079,0.107213125,1.5045042,0.011169965,0.08326019,0.0081281485
1.0086262,0.00021596451,3.140776,0.057871934,3.0912623,1.4985012,10.361757,4.2178763e-05,17.74579,2.518838,3.6975384,69.08926,1.1462857,0.011926553,0.0012609854,0.06479882,1.6381929,0.010456038,0.08369809,0.007800747
0.9763813,0.00018760665,2.6310735,0.07408897,3.0287194,1.4474714,14.344648,4.0038452e-05,17.99423,2.4870822,3.5281222,57.929337,1.0032103,0.012666967,0.0011643098,0.06818712,1.4590151,0.011677317,0.09078841,0.008098581
1.1787195,0.000200019,2.6852403,0.060483046,5.1232023,1.2834953,26.571238,4.66553e-05,16.500206,2.1509619,3.3738296,48.476982,1.1386111,0.014347758,0.0013951733,0.11202429,1.5855327,0.015689999,0.09377782,0.010545027
0.82271683,0.00024636768,3.5203283,0.06948591,4.614766,1.1292901,16.715687,5.077935e-05,11.513419,2.5042994,3.3023317,64.11144,0.9191147,0.014607133,0.0012558303,0.13040298,2.0180118,0.0117560625,0.07490785,0.0076699695
1.0619253,0.00016715878,2.7089272,0.043764185,5.909376,1.227205,21.61394,3.9032126e-05,9.312498,2.3100617,3.4450982,52.580734,1.0343586,0.012467986,0.0013272893,0.09875234,1.2724864,0.0102812955,0.07943065,0.008187985
0.93979067,0.00022404168,3.0376892,0.0642272,4.58821,1.3801948,14.9712515,4.4148663e-05,11.977204,2.7008715,3.5649471,64.96779,1.1004028,0.014460606,0.0012903053,0.078350976,1.7036104,0.010507801,0.07424258,0.007710639
0.96696013,0.00021994243,3.108504,0.056852967,4.7623286,1.4061712,17.245625,4.6807527e-05,16.10796,2.7085507,3.0801713,62.302555,1.2732984,0.012234242,0.0015452934,0.10133306,1.5287614,0.01070269,0.08744822,0.008660432
1.1584891,0.0002261157,2.6315162,0.05384515,6.420691,1.1929713,25.767363,4.43028e-05,10.840041,2.3650804,3.3902547,49.75969,1.3309057,0.015861498,0.0015743522,0.12335001,1.3019671,0.010647561,0.07916516,0.009548015
1.3130139,0.00020541427,2.341589,0.063087635,7.3575177,1.1526476,35.49487,4.867339e-05,22.64927,2.180935,3.9027498,37.615562,0.99001014,0.010747158,0.0013446463,0.16497898,1.4602128,0.013001354,0.08863338,0.009489521
1.4156526,0.00016073373,2.2253613,0.08557855,8.057526,0.8844908,39.325577,3.8695205e-05,10.49581,1.2789456,3.4930465,49.313034,0.5604093,0.017070498,0.001124818,0.12545663,0.998861,0.013160544,0.08991504,0.010477775
1.274733,0.00020640339,2.6467001,0.09244063,7.250593,1.2002072,30.253262,4.5319008e-05,13.537176,2.2122104,3.654371,49.979946,0.9281061,0.01637902,0.0011874883,0.13672376,1.2924684,0.0126069,0.1000253,0.010479091
1.3313317,0.00025163338,2.7476919,0.11614544,7.0217304,1.2166663,33.935677,4.7861824e-05,14.855728,2.377014,2.9786458,55.39967,1.1996428,0.018995058,0.0014071888,0.15075184,1.4808991,0.014349831,0.09459376,0.011250577
1.375609,0.00029463143,3.223258,0.15435757,5.9813104,1.3574058,35.838757,5.651282e-05,19.373304,2.513203,3.8946042,60.082123,1.3953379,0.01879294,0.0017530425,0.117224686,1.9961716,0.018373497,0.09682411,0.011379838
1.4211355,0.00030878827,2.906133,0.19341758,7.3516207,1.3476012,30.593088,5.4104858e-05,11.646199,2.7179203,3.8233979,55.760162,1.2712561,0.020537922,0.0017261492,0.13877541,1.3202183,0.01419572,0.09910644,0.0112282215
1.3186318,0.0001903756,2.620847,0.08620444,7.663116,1.00664,31.035856,4.5843102e-05,11.050169,2.0601687,3.3177207,46.547623,0.88502204,0.013096458,0.0013131775,0.1275883,1.3061482,0.011238849,0.0899048,0.010462448
1.2433101,0.00023520336,2.8885527,0.15566789,6.4383645,1.1957054,33.49934,5.539181e-05,12.609152,2.2707112,4.242411,56.462944,1.1107929,0.018445872,0.0019482949,0.1442562,1.6353644,0.01565996,0.10076689,0.0100120455
1.052305,9.075607e-05,1.5229869,0.023482265,7.178565,0.89722043,24.030052,2.8524515e-05,11.337393,1.4593222,2.617569,27.025059,0.5789446,0.007959101,0.0006456859,0.06748121,0.70683676,0.009249774,0.07961864,0.008034604
1.3403597,0.000177608,2.3238933,0.08861781,6.9831495,1.10826,27.733215,4.622513e-05,16.017616,1.8773341,2.7579186,57.41254,0.88941026,0.017434921,0.0012429553,0.11241535,1.1505058,0.00907604,0.09212664,0.00819656
1.2569759,0.00023045161,2.4632711,0.090828806,4.8524,1.1387751,25.79953,4.5334138e-05,14.178513,2.0211978,2.5279667,58.47107,1.0101898,0.019567406,0.0012617754,0.1043841,1.4446167,0.009508839,0.07149951,0.0074770516
0.8858362,0.00018743357,2.7982967,0.042205382,5.34691,1.5031419,20.625128,4.028297e-05,10.461432,2.78648,3.3565252,53.904015,1.068122,0.007581102,0.0012578807,0.097989336,1.2054461,0.0102102,0.08699656,0.0078045
0.9374224,0.00021438232,3.3755457,0.058300924,4.206566,1.3875694,18.078634,4.5915203e-05,14.71234,2.742209,3.475062,65.179474,1.2618319,0.011494483,0.0013363941,0.09165708,1.5862308,0.011257458,0.08772954,0.008279338
0.9630911,0.0002211885,3.1165187,0.065545015,4.094031,1.4652098,17.113472,4.3953194e-05,14.822227,2.5322576,4.0077343,64.25994,1.0768512,0.010449541,0.0012596415,0.08604708,1.6236168,0.010474756,0.086428605,0.007095232
1.005316,0.00021161675,2.882575,0.0654379,6.258262,1.4050502,26.119911,4.7846665e-05,14.350809,2.8624794,3.958035,58.360897,1.4296827,0.013278464,0.0014461007,0.106710516,1.3798418,0.01083825,0.088131845,0.009452201
1.0885397,0.00024679062,3.1351802,0.068279155,6.3200116,1.3406311,26.711721,4.828624e-05,10.871991,2.7498503,4.201974,64.33959,1.4129415,0.017287605,0.0014690832,0.13709751,1.44968,0.011287588,0.08667294,0.009803214
1.1384953,0.00022568768,2.5787725,0.056890253,5.9263353,1.3328576,29.454967,4.7017387e-05,15.266567,2.386872,3.7702699,50.372837,1.114268,0.012588029,0.0013210744,0.116963,1.3051476,0.012515983,0.09413226,0.009923791
1.2155575,0.00015199563,1.8505802,0.04129637,6.961785,1.0729693,29.757833,3.3956603e-05,14.908817,1.7785134,2.5976639,30.596447,0.76941127,0.008126105,0.000891965,0.08397825,0.9874597,0.010753367,0.079841994,0.008965044
0.97225624,0.000169821,2.1571593,0.04657808,7.0299625,1.1769679,26.254532,3.8056853e-05,14.025913,2.4018888,2.9197953,41.362335,1.1105192,0.008404361,0.0012639539,0.089365944,1.1132047,0.01025894,0.08143691,0.007576643
1.1623896,0.00020791263,3.0521333,0.065763205,4.952031,1.4858233,24.060009,4.135835e-05,13.10579,2.6843545,3.8578405,63.081837,1.2418814,0.015226502,0.0015637007,0.10511654,1.6359341,0.010031193,0.09001548,0.0075940355
1.3816897,0.00025801588,2.4988625,0.078341894,7.871457,1.2092792,38.295467,5.3149342e-05,15.572677,2.5383272,3.7737434,45.21106,1.2718853,0.013736481,0.0014570655,0.15427652,1.4975791,0.010214906,0.077299744,0.009138215
1.3513302,0.00024134573,2.5110383,0.08413387,7.930843,1.06945,36.22536,4.853135e-05,15.964544,2.1184957,3.3996024,50.422264,1.1384715,0.014726728,0.0014120825,0.15591262,1.5533906,0.012061922,0.07844471,0.009882208
1.2756304,0.0002092073,2.34356,0.09040732,6.6431236,1.2168882,31.23644,4.30909e-05,15.964165,2.2782345,3.028917,43.179855,1.0565546,0.012363356,0.0012083165,0.12004523,1.3320818,0.012464654,0.09303233,0.009847818
1.5712954,0.00024589137,2.182103,0.08918626,7.8965173,0.95533013,39.025433,4.855614e-05,15.295299,1.6833363,3.9244192,37.76847,0.8924271,0.013256399,0.0013006745,0.14648907,1.4371328,0.012232995,0.0805402,0.010148613
1.298912,0.00017835907,2.194886,0.06456226,7.4158874,1.0706147,39.22178,4.2926767e-05,18.738571,1.9798462,3.4127665,36.252968,0.8524912,0.011560034,0.0011699663,0.12965618,1.2116998,0.01156465,0.08503272,0.009349625
1.2872504,0.00022794967,2.3331223,0.0866795,6.5598073,1.1427063,33.363495,4.56593e-05,16.753525,2.133009,3.540683,43.58359,1.0866193,0.014251341,0.001292255,0.13200891,1.3483616,0.013315297,0.091791816,0.010184877
1.2129546,0.0002422173,2.7118394,0.079568245,6.906166,1.3106511,33.75773,5.0586248e-05,17.755404,2.6059868,3.1409433,48.36394,1.3697622,0.011658731,0.0016029049,0.14948215,1.6775227,0.012867234,0.07585535,0.009133682
1.0733669,0.00014435044,2.0059793,0.03180735,6.833569,1.0759835,22.278162,3.5612506e-05,9.0450945,2.1198819,2.714725,39.00188,0.84187263,0.0071519096,0.001010048,0.08399917,1.066227,0.008555157,0.07288653,0.006343291
1.207775,0.00017681219,2.2534409,0.045690786,7.523705,1.0150249,31.534235,3.884821e-05,10.113324,1.7224971,3.1323571,42.9213,0.7976586,0.015898384,0.0010022558,0.10150596,0.96536124,0.010390843,0.08015758,0.009636309
1.1345372,0.00015365463,1.985116,0.03829648,7.409525,1.0751269,22.656013,3.5481396e-05,10.716465,1.9744196,2.5456038,36.30998,0.85623044,0.010823358,0.0009066639,0.088675804,0.9625529,0.011005841,0.08633319,0.008731472
1.0814729,0.00012304686,1.8171765,0.027379004,6.609675,0.96053225,22.185656,3.2152097e-05,8.953289,1.7727598,2.8649797,32.535683,0.7118424,0.0081451675,0.0008939019,0.07278944,0.9173642,0.009263839,0.06717332,0.007555565
1.0764904,0.00014868626,2.0226083,0.041983344,6.063857,1.1879051,23.127598,3.3369743e-05,11.042138,2.0387208,2.3516188,37.384068,0.81968516,0.0069498257,0.0009129251,0.07445452,0.9630554,0.009484749,0.07862478,0.007056582
1.1284312,0.00015315512,1.9759161,0.04559139,6.2604036,1.1038989,23.793175,3.2583255e-05,13.305417,1.8738465,2.5123782,34.341087,0.76796967,0.007723528,0.001049184,0.07046787,1.1370091,0.009565108,0.071882926,0.007000026
1.0334631,0.00015568819,2.4925394,0.044189904,5.924205,1.2674149,16.124786,3.8732094e-05,9.798465,2.3159013,3.0249834,50.880585,0.9248742,0.011266495,0.001290379,0.08637961,1.2537309,0.010227598,0.07546862,0.0080374405
1.004791,0.00020034786,3.3534102,0.06634221,5.933564,1.6424161,25.16965,5.4293112e-05,15.701679,3.0460327,3.4879675,68.704414,1.4906635,0.014637458,0.001740662,0.13200024,1.5099403,0.011962433,0.098874345,0.010944074
1.0078748,0.00018438061,2.6276915,0.079501,5.680884,1.2948399,18.253645,4.6967147e-05,11.000217,2.5394251,4.096496,61.48949,0.9754217,0.013171225,0.0010517504,0.122015625,1.4600307,0.01101438,0.07801856,0.008932372
0.85752594,0.00016192607,2.7285316,0.052563988,4.98463,1.336593,16.148602,3.814278e-05,11.513601,2.403574,3.8499808,53.1379,0.9365046,0.00972177,0.0010932534,0.09073432,1.2175491,0.010469328,0.081142016,0.0075370437
1.1574658,0.00022454235,2.825174,0.06323114,4.7853603,1.3085185,24.739704,4.7011865e-05,16.31572,2.3101559,3.3080328,50.529434,1.1466634,0.015647184,0.0012583676,0.10821717,1.6249223,0.015623354,0.08663321,0.010089516
1.0722392,0.00018359463,2.9121492,0.054772593,5.131234,1.1983197,18.879208,4.2625597e-05,10.2588825,2.2827244,3.3669286,59.023365,0.9973635,0.013308777,0.0013882474,0.09214341,1.4741141,0.010366442,0.07581902,0.008254579
1.1488777,0.00021343023,2.6818664,0.053204462,4.6404977,1.3797975,24.500923,4.6176185e-05,16.354029,2.3329704,3.6207418,50.91302,1.0710481,0.016158663,0.0013240161,0.10872686,1.4093534,0.015533717,0.09154525,0.009677736
1.0014746,0.00024575886,2.9499946,0.093613975,4.583714,1.277883,21.99672,5.1396495e-05,12.797787,2.3947542,2.8635068,58.453762,0.9675339,0.014128887,0.0011791614,0.118356444,1.7695234,0.012830532,0.08280679,0.008766952
0.9912661,0.00018982585,2.7284462,0.052736044,5.2698894,1.3051748,17.921587,4.389589e-05,12.577276,2.533068,3.52998,54.22199,1.0899928,0.010866818,0.0012310876,0.091091126,1.4141635,0.010645995,0.088873535,0.0077269846
1.3198605,0.0002106117,2.352197,0.061774727,7.442361,1.1295754,34.627647,4.7317935e-05,22.22528,2.1436927,3.9113734,37.563892,0.95668674,0.010631405,0.0013493679,0.16534682,1.4316403,0.012692149,0.0825422,0.009442085
1.2194071,0.00021051153,2.6888745,0.102074094,7.4058037,1.1918178,35.515594,4.9557326e-05,13.5035,2.5046735,3.2023942,50.20631,1.1570286,0.014715589,0.0013919893,0.1385236,1.5150152,0.013204158,0.09277572,0.010545273
1.407419,0.0003118626,2.9361818,0.19401374,7.3213,1.359906,30.330544,5.4181713e-05,11.574996,2.742352,3.7815082,57.013783,1.2784605,0.020488162,0.0017283774,0.13936754,1.3298094,0.014199676,0.09911332,0.011224158
1.3080139,0.000258957,3.4402795,0.13247058,6.459311,1.4904121,38.202812,5.6838006e-05,17.59753,2.9866426,3.5999327,63.74439,1.4511344,0.01725604,0.0018783862,0.19956052,1.8893268,0.017238587,0.09946275,0.012972169
1.5438597,0.0002686181,2.7380624,0.12659122,8.569556,1.0762142,36.56343,5.4043318e-05,13.106689,1.9265642,3.2827003,54.13919,0.9859044,0.022662435,0.0017745185,0.14657392,1.4824145,0.014784171,0.0935861,0.011653749
1.2953576,0.00025114068,3.36939,0.15122668,7.0149875,1.285273,37.34624,6.0511906e-05,12.586482,2.9558637,3.6727943,61.82641,1.4612606,0.018232299,0.0024098791,0.18246104,1.9739261,0.014551192,0.088646285,0.012384033
1.4523698,0.00020422263,2.4484034,0.09105898,7.412269,1.1384758,37.998272,4.7311736e-05,18.290228,2.2582533,3.8523536,41.37138,1.0690298,0.012191682,0.0013473185,0.15145966,1.4424689,0.01563064,0.08970603,0.01124906
1.1481777,0.0002883795,4.3351326,0.07590473,7.3610473,1.6847935,37.878937,5.745717e-05,12.760969,3.0091493,1.9944855,83.992615,1.5467278,0.017922487,0.0020369072,0.16170444,2.324813,0.009957676,0.089349486,0.008666135
1.1519024,0.00027244526,3.9516466,0.074342564,7.100053,1.4532537,38.36088,4.9201328e-05,10.763099,2.6959777,2.874071,78.76348,1.543876,0.016311325,0.0019473995,0.13638444,1.6740043,0.010102676,0.075720794,0.0089041535
1.139752,0.00032430672,4.521268,0.09033145,6.9224806,1.6037164,36.785454,5.6937803e-05,12.36997,2.7056923,2.8905764,88.01101,1.6772658,0.01817523,0.0023659351,0.15329418,2.0404878,0.0119397845,0.09084928,0.009558676
1.2167109,0.00020974551,2.5465887,0.047178566,7.012638,1.0898229,34.2725,4.6658806e-05,9.013809,2.0815845,2.4855497,50.15162,1.030265,0.012288769,0.0012951408,0.12118978,1.3494037,0.0100441985,0.08201613,0.010060771
1.0986985,0.00020852624,2.7219534,0.06399053,5.2064567,1.2389528,25.18581,4.528084e-05,12.257347,2.0325248,2.267715,65.50187,0.7399578,0.0188588,0.0011717349,0.08914258,1.4480087,0.011016329,0.10037667,0.009367422
1.2079394,0.00034758504,5.1867394,0.08664274,7.8714614,1.698259,37.993645,6.2117266e-05,11.491302,3.4070232,3.5261316,94.718254,1.938777,0.020638013,0.0029282414,0.17658167,2.7762434,0.0099190315,0.062078297,0.008393472
1.1810541,0.00020125783,2.1763167,0.06969966,7.0512176,1.1243402,35.066418,4.0373005e-05,12.441637,2.1720579,1.1697005,62.27509,0.9102148,0.013378629,0.0008983568,0.10015646,1.0753015,0.006509064,0.06662625,0.0045912336
1.4264263,0.00033755592,4.4960732,0.0938183,8.413948,1.7419095,32.661247,6.1471546e-05,12.780506,3.1098988,2.6937687,96.54225,1.6325147,0.024952311,0.0021809149,0.16369398,2.1980386,0.012034584,0.08670485,0.010796144
1.3297783,0.00040572087,6.6753006,0.09224186,8.601431,2.1834285,40.163525,6.965644e-05,13.564868,5.188491,2.8566082,128.96162,2.5988886,0.02592604,0.0032625506,0.19887936,2.8745337,0.014694539,0.087345235,0.011985427
1.289951,0.00035294733,5.0054393,0.0990949,9.872396,2.0452063,37.247128,6.17783e-05,13.408568,4.270113,2.9928846,107.11244,1.9691403,0.020962544,0.0022427829,0.18923968,2.0690088,0.012987131,0.09534876,0.013177107
1.3865923,0.00028732014,4.11794,0.10068582,7.3673396,1.7460091,37.167007,6.429419e-05,10.668427,3.3066876,2.8219068,90.939865,1.5172136,0.02182429,0.0021420955,0.14833185,2.1818871,0.0113283135,0.07864306,0.008830671
1.0983796,0.00021622419,3.005886,0.08131563,5.9419208,1.2711818,29.916409,4.7142836e-05,12.675205,2.3434498,2.4649935,65.41944,0.96638227,0.017112164,0.0011589873,0.12140141,1.4558806,0.011577053,0.10824547,0.009112333
1.2035034,0.00043664782,8.320084,0.13233173,8.701597,2.8071618,41.90355,7.140178e-05,19.765902,7.200455,3.205168,170.52037,3.3678153,0.022208234,0.0033735863,0.18953215,3.5631874,0.016067531,0.12466164,0.011082722
1.1829883,0.00023087206,3.5586,0.06067306,6.3589354,1.3482188,31.044128,4.672703e-05,9.657574,2.8539646,3.4027069,67.008766,1.6275592,0.01619269,0.0022464348,0.14002252,1.8330958,0.010472101,0.063723795,0.0089408755
1.3860514,0.00032330566,4.102462,0.07441348,7.818169,1.4898108,33.791134,5.6446977e-05,12.403472,2.9923637,3.7983181,85.55601,1.5246118,0.018065643,0.0021110452,0.16337894,1.9377269,0.012589565,0.06376457,0.009665718
1.2345073,0.0003051318,5.2429533,0.098001786,8.020133,1.9756328,41.763916,6.638591e-05,11.714507,4.368259,3.3258536,104.97887,2.2154372,0.021579994,0.0022974715,0.21014972,2.4558249,0.013226791,0.079464756,0.011654664
1.2616302,0.00031800775,5.6263933,0.07511528,11.370737,1.9239593,53.003086,6.580294e-05,12.878815,4.6446543,3.5256078,113.47641,2.2420115,0.017068643,0.0030266105,0.21990055,2.7793024,0.011339763,0.08902165,0.011332
1.2205955,0.00017769364,2.3145554,0.054454554,7.6697865,0.9535403,34.617912,4.3806715e-05,8.228651,1.9251624,3.9567378,43.553825,0.951657,0.012699868,0.0012296744,0.09721217,1.2616237,0.010693098,0.079661354,0.009499524
1.2511109,0.00024535565,4.080561,0.06833432,7.959907,1.7971467,32.83441,5.854157e-05,14.432468,3.5350735,2.8219254,80.96275,1.5178078,0.019463502,0.0017274374,0.17543215,1.8793834,0.014576401,0.09032446,0.012334057
1.2326841,0.00019865712,2.8825128,0.064806014,7.217639,1.1940289,34.928402,4.7079866e-05,10.335721,1.9388969,1.511565,59.005955,1.0415255,0.018174615,0.0015835088,0.12168106,1.3651097,0.010876431,0.08459934,0.0108968
1.2642169,0.00035771774,5.417622,0.08463315,10.47366,2.1058023,46.281517,6.675401e-05,13.662202,4.4876194,3.9465528,109.35496,1.9689538,0.020782048,0.0028085369,0.20532176,2.7950606,0.011234492,0.096427724,0.010305407
1.3409534,0.00024476193,2.5995135,0.05739615,7.683851,1.0670489,35.120064,5.0525032e-05,11.924677,2.0056937,2.966069,51.67298,0.87504834,0.017396737,0.0014071127,0.1381573,1.3930807,0.012007417,0.09355419,0.010091314
1.202646,0.0003256816,5.0343103,0.09068605,7.8248067,1.8279872,35.043095,6.1416795e-05,18.580954,3.6812832,3.0671268,98.42607,1.965931,0.020131463,0.0025913166,0.16360912,2.9644382,0.012943335,0.07509709,0.008750615
1.3760818,0.00037025928,5.110586,0.08647904,9.83768,1.9279416,41.41126,6.7555615e-05,16.444283,3.9507546,3.0766287,105.06228,1.8716921,0.021568472,0.002585196,0.207393,2.9381166,0.015102531,0.09775401,0.013241383
1.2544844,0.00042318544,6.4424176,0.10008726,9.295707,2.276291,40.03105,6.79662e-05,16.949059,5.1594214,3.252326,137.40057,2.652579,0.026275383,0.0032400144,0.20660827,3.5405793,0.0139020905,0.07770129,0.011059557
1.244486,0.00028927272,4.2736106,0.07423581,8.150561,1.6629323,36.07161,6.0948474e-05,13.315305,3.5521245,2.483619,90.03666,1.790415,0.019032046,0.001980901,0.18038775,2.2992995,0.013927753,0.09703484,0.01148094
1.499309,0.00025444845,2.806803,0.09958285,8.242335,1.1310793,40.63495,5.222377e-05,12.691337,2.1592278,3.084135,60.96386,1.0612843,0.020496603,0.001546054,0.15414838,1.6830832,0.013734365,0.07860961,0.011161585
1.3187847,0.00017657202,2.3499312,0.07110769,7.4378233,1.1428946,31.391323,4.4837212e-05,10.692644,2.0421765,3.3327796,47.876102,0.92365605,0.014743283,0.0016078703,0.113684,1.1994605,0.012071299,0.08169107,0.009596737
1.3247312,0.00017469711,2.1478994,0.07288514,8.278406,0.8720405,36.714977,4.195892e-05,12.746731,1.6711575,3.1292806,43.009174,0.6401186,0.019199677,0.0011253572,0.10770767,0.94237274,0.009876462,0.08461515,0.010088141
1.3187903,0.00021187289,3.2518153,0.0766972,7.8098426,1.3398873,40.75919,5.1044903e-05,13.741425,2.3319628,3.5312278,72.157814,1.0894619,0.014983061,0.0016123817,0.1419778,1.4405586,0.012192914,0.071341634,0.009710879
0.9789782,0.00020593061,2.9890242,0.0863081,4.7646046,1.6653394,19.883045,4.3903427e-05,15.799927,2.488897,2.6978621,78.327156,0.7220668,0.015358228,0.0008601591,0.09833,1.1539136,0.010947429,0.091261744,0.009138121
1.2090396,0.00034391842,4.4192705,0.12077798,7.7253685,1.7185327,36.38121,5.6677814e-05,16.960144,4.1349897,3.2654305,93.38741,1.5881778,0.018595662,0.0021942877,0.15594673,2.187994,0.014710508,0.10014994,0.0116575
1.1088401,0.0002974335,2.819211,0.11374445,7.197689,1.5339341,38.874077,5.7859645e-05,17.009233,2.627197,3.1726391,61.7086,1.2191616,0.019453589,0.0020244191,0.13308112,1.8444991,0.016248332,0.122009285,0.011716208
1.1852665,0.00019585335,2.5830984,0.07263787,7.6236124,1.0637075,31.645512,4.587967e-05,13.460176,1.9759983,4.1059,54.838196,0.99873006,0.015390956,0.0014277365,0.120375305,1.4137874,0.012053484,0.073166125,0.008470323
1.2348498,0.00039424366,6.139509,0.09945554,8.683286,1.8743633,40.139534,7.027932e-05,12.956928,3.6256456,3.2444153,119.834015,2.040875,0.023369392,0.0027769885,0.29161704,3.162426,0.015223292,0.08732572,0.013624376
1.5878309,0.0002861002,3.648393,0.11203607,8.29339,1.2993784,40.591026,5.4883832e-05,13.269107,2.4103463,2.8577106,70.71567,1.2767527,0.02002142,0.001943599,0.16097724,2.1453013,0.015166168,0.0692498,0.011054789
1.2225393,0.00024532035,3.9898024,0.10238745,8.128983,1.2543247,37.653923,5.759486e-05,11.350873,2.5543725,3.3292723,78.819664,1.2238346,0.0177256,0.0020656432,0.20457734,2.1896513,0.013865174,0.09092756,0.009998589
1.2893912,0.00032069394,4.6767445,0.0933461,8.113273,1.7886391,41.282356,6.2147556e-05,11.711575,3.2830155,3.3678763,91.09981,1.6723742,0.022160314,0.0023446318,0.21742906,2.1702845,0.014607697,0.09793914,0.013311635
1.292445,0.00020892921,3.2026634,0.08472285,8.336068,1.2216429,36.516937,5.066125e-05,16.33716,2.4263122,3.2508292,69.246574,1.1066943,0.018988766,0.0015239593,0.17938834,1.6467247,0.015012728,0.071313836,0.0122497035
1.3297911,0.00022465385,3.3938258,0.08111152,8.27277,1.3899477,40.249638,5.7325295e-05,16.011375,2.5672362,2.5699847,70.55326,1.1677825,0.015779365,0.0015778734,0.16886283,2.1916113,0.013761435,0.08646475,0.010182004
1.1939696,0.00017154757,3.285091,0.064001516,5.9567876,1.5033379,27.44796,5.3992335e-05,16.686945,2.8073616,2.1406164,77.8143,1.2261498,0.017397014,0.0016579523,0.16666572,1.9225706,0.012637851,0.09641544,0.011419906
1.1424315,0.00018837185,2.0032682,0.0774856,6.357268,1.0252788,32.904716,4.6557234e-05,12.403511,1.6722311,4.2704372,51.142258,0.7250242,0.012873717,0.00076467084,0.114909254,0.9360134,0.011197577,0.10472843,0.009049813
1.2677273,0.00011739809,1.596142,0.06718892,7.3364997,0.79804915,32.102104,3.549476e-05,12.735706,1.3906533,4.1059647,45.80968,0.5083378,0.012336301,0.00088521745,0.08723481,0.7869868,0.007741885,0.1013791,0.007866935
1.2199926,0.0001920468,2.4157712,0.059029967,6.6218815,0.7609427,30.65451,4.429456e-05,11.420769,1.4090781,3.5494351,55.286236,0.6455561,0.015024796,0.0011184727,0.11036811,1.2335906,0.010467268,0.072219916,0.008001317
1.2258854,0.00016794419,1.8359954,0.08025294,7.165041,0.772245,31.974258,4.0619278e-05,9.635088,1.3478632,5.0857253,41.9582,0.57211936,0.013113417,0.0009442987,0.11245994,1.056302,0.010919671,0.08930092,0.009440362
1.3137875,0.00017840973,2.5661824,0.101347566,7.8208747,0.98170406,37.929604,4.661514e-05,13.616575,1.5896938,2.6105359,59.998962,0.7663488,0.020037066,0.0014491392,0.118244715,1.1987302,0.010830532,0.06645991,0.01110744
1.1978605,0.0001798156,2.6991272,0.12022079,6.520265,1.1530653,32.639053,5.0811454e-05,14.935758,2.3969722,3.0056434,58.33846,1.0843861,0.017676912,0.0015084518,0.12081856,1.6670239,0.01217686,0.102047645,0.00930453
1.3456787,0.00017143325,2.1261547,0.09316284,5.5973473,0.88022494,19.76149,3.3974313e-05,12.143608,1.5226618,2.6569824,56.504227,0.527543,0.018508136,0.0009266094,0.09181679,0.893087,0.008540038,0.06103725,0.0077130524
1.0154185,0.00021028769,2.4403024,0.07152673,6.441953,1.1229216,28.55064,3.818704e-05,12.297225,2.1184115,3.219566,53.32343,0.8275205,0.01195358,0.0010193448,0.09667615,1.2278322,0.010915598,0.084933214,0.0076604807
1.3351353,0.00019772741,3.2145247,0.0766373,7.8131094,1.2449503,39.108746,5.191518e-05,12.358172,2.3873365,3.0137024,68.99504,1.0661906,0.019925298,0.0015247222,0.14974399,1.7581033,0.011804931,0.08252391,0.012085893
1.3100073,0.00033031357,4.269347,0.0907654,9.460251,1.7786297,50.79596,5.9760187e-05,11.252385,3.3914335,3.668889,92.780334,1.8008258,0.021263622,0.0023241078,0.18931386,1.7851056,0.010954004,0.08380495,0.012000232
1.2799356,0.0003068928,5.0422344,0.08028576,9.087369,1.892466,40.54834,6.966289e-05,11.888336,3.685062,3.3617957,103.159645,2.028811,0.021541612,0.0022754846,0.2479508,2.49446,0.014990741,0.09170402,0.013792827
1.4137437,0.00023766648,3.0662746,0.066738605,9.6576,1.3264478,40.40487,5.264634e-05,11.425177,2.6074588,3.166525,63.46955,1.1705896,0.014599801,0.0019615162,0.16942653,1.5508709,0.012764228,0.10020114,0.011368334
1.2943438,0.00022202641,2.5415735,0.07362808,7.8398585,1.1570168,33.81551,4.7079586e-05,9.455659,2.0819902,4.3340907,48.145077,1.0041538,0.013453331,0.0014067914,0.13032618,1.2236253,0.013470163,0.1059243,0.011274987
1.3669268,0.00016849593,2.7342668,0.06497611,7.862884,1.1392988,32.860783,4.6024223e-05,12.765486,2.0538545,2.958807,53.29618,0.87312466,0.017963817,0.001430078,0.12975931,1.3236539,0.012082312,0.09584,0.011070204
1.2042257,0.00020163464,3.4242327,0.076532066,7.7814283,1.5006326,34.132416,5.1768337e-05,14.556448,2.9784188,2.5958395,69.33613,1.7061164,0.011662649,0.001730694,0.18207213,1.9111059,0.01563716,0.1220124,0.01217523
1.142526,0.00021913178,2.493725,0.073114686,5.831435,1.1575321,25.617838,4.8590908e-05,11.365948,2.2277844,2.6007905,56.573788,1.1524676,0.009506152,0.0013608465,0.12257188,1.5824219,0.011393692,0.079446755,0.007945479
1.2669525,0.0002738295,3.4369457,0.06332622,7.8596687,1.5678341,39.16945,6.2522464e-05,11.963506,2.9307177,3.8759935,70.083435,1.380198,0.017517459,0.001750853,0.20995432,1.9304855,0.01256018,0.07862797,0.011028985
1.2056172,0.00018243749,3.110892,0.057800736,7.625782,1.2424734,39.37002,5.1901436e-05,12.406687,2.2053318,3.369307,65.17715,0.87861073,0.019752247,0.0011847999,0.13957627,1.379211,0.011637122,0.10456505,0.0110933
1.2441672,0.000155983,3.1478255,0.064608775,7.106138,1.0775243,40.377235,5.2048043e-05,11.177798,1.6862134,2.2533324,64.77211,0.73444825,0.021110583,0.0011061968,0.123442695,1.3647434,0.012259708,0.10161225,0.012286514
1.2648066,0.00013547657,2.2636955,0.07354617,7.322171,0.9353966,36.06949,4.6766992e-05,13.0695095,1.851278,3.435784,52.840294,0.9133298,0.01162044,0.0013599381,0.14504361,1.4748299,0.01305255,0.08344164,0.007873937
1.5051118,0.00017807633,2.1589837,0.063451275,9.527265,0.78623515,45.660973,4.8867678e-05,14.279586,1.2749318,3.0683532,49.09964,0.4827458,0.014784253,0.0009379004,0.13691713,1.1134666,0.011465205,0.082650304,0.010032738
1.3179765,0.0001943739,2.2580352,0.052756414,5.9267416,1.0039866,22.987967,4.1668205e-05,10.778653,1.5404081,2.9861321,58.31462,0.6537619,0.015272582,0.0010042966,0.08739439,1.0779512,0.008261612,0.0721142,0.007348403
1.5730821,0.0002692741,2.9034998,0.076044306,8.180207,1.1742448,29.742992,5.09204e-05,11.153888,2.2087796,3.265009,60.863503,0.98053753,0.01903841,0.0013854691,0.13360956,1.4387399,0.011754333,0.07720926,0.009781782
1.2564065,0.00037339728,6.9118433,0.10607177,8.696473,2.6107967,42.014107,6.8582514e-05,13.721,5.075682,2.6916785,125.94175,3.065246,0.023068722,0.0035823495,0.22094145,3.4443097,0.0144408215,0.11549954,0.012536541
1.1324793,0.0001834646,3.1751018,0.06974891,7.0064716,1.3964378,34.298653,4.6763962e-05,11.942062,2.1717532,3.5707192,72.29962,1.0332052,0.014600538,0.0014952824,0.14380968,1.290542,0.012794306,0.09624163,0.01001396
1.0901296,0.0002286688,2.6940074,0.041832708,6.854461,1.3399425,31.09535,4.4943983e-05,12.485308,2.5512693,3.230105,57.080086,0.97528416,0.012081587,0.001189258,0.13907184,1.229888,0.009642317,0.08350863,0.008360912
1.2222937,0.0002560202,4.28781,0.092250496,7.7135077,1.5250338,38.561172,5.0738563e-05,10.696277,3.413116,3.348702,80.28787,1.8395188,0.01645367,0.0021336647,0.18772931,2.2359169,0.013839466,0.08944642,0.011372522
1.387539,0.00029416793,3.7656527,0.12651257,8.130865,1.4425197,39.43235,5.6863923e-05,12.226967,3.1256006,3.5831537,79.18658,1.3368328,0.02036431,0.0021903287,0.16574183,1.9240677,0.012832588,0.077645674,0.010246289
1.272586,0.0003180095,4.6945496,0.07668941,8.923601,1.9024664,40.176468,6.1683684e-05,17.286766,3.8413665,3.6962504,100.59457,1.6658187,0.016485017,0.0020497243,0.21526095,2.6198545,0.014554254,0.09499799,0.011564091
1.2987704,0.0002514743,2.9323492,0.062294982,8.576098,1.2832396,39.323414,4.904006e-05,12.94055,2.0687256,3.0323517,63.011627,0.7915343,0.0153039815,0.0013200686,0.1766853,1.6506387,0.013696195,0.08081982,0.010294
1.2373368,0.0003281119,3.795626,0.08725324,7.800028,1.6534632,41.263954,5.676696e-05,12.997758,2.7592561,3.3789408,81.04488,1.0942588,0.017697267,0.0015809201,0.16280752,1.7511392,0.012107061,0.07363874,0.0090556415
1.2514762,0.00026609428,3.0677247,0.08767997,6.916181,1.1717664,34.760532,5.207001e-05,13.366746,2.2179372,3.3615868,68.74537,0.98405886,0.015608949,0.0012994608,0.16633111,1.6013349,0.012432169,0.07621026,0.00958793
1.2288765,0.0003019435,2.7007568,0.1158567,6.1171975,1.0758581,25.433372,5.0784984e-05,13.704166,1.8681742,2.6101408,61.7802,1.0544453,0.018448463,0.0017629091,0.13568795,1.599648,0.009386722,0.087906785,0.007061846
1.2875044,0.00027174267,3.7111254,0.085996546,7.865148,1.4087747,36.093697,5.1450817e-05,11.572223,2.4979243,3.226662,78.37436,1.3100677,0.017777838,0.0016305958,0.16246288,1.8918092,0.012777128,0.082433745,0.0100814635
1.3736724,0.00022142065,2.3240328,0.07527017,5.7598114,1.01943,28.324293,4.205057e-05,13.505459,1.6152623,2.8895447,53.455856,0.6349977,0.01578397,0.0008685534,0.08842205,1.0427934,0.010340328,0.08450364,0.0068204487
1.3172768,0.0002238487,2.913421,0.0801059,6.686477,1.240651,30.663418,4.411956e-05,12.830238,2.5568645,3.385543,61.365074,0.8424589,0.012207444,0.0011773373,0.09684203,1.2660176,0.010048422,0.087137,0.006636381
1.3092724,0.0002114453,2.479014,0.0507652,7.410587,1.1229116,32.22721,4.7191053e-05,14.660965,1.8331809,2.6513462,52.50518,0.8386219,0.014685722,0.0011662504,0.12840454,1.2092112,0.012725428,0.07288017,0.008383953
1.258234,0.00022020505,2.371011,0.061553698,7.4879975,0.9616103,31.555414,4.620671e-05,11.700377,1.9296294,2.635542,58.15899,0.81507057,0.015171745,0.0012330834,0.13854952,1.1682307,0.011232565,0.070525385,0.009005347
1.2389997,0.00017188172,1.9776707,0.07759665,8.349335,1.0445256,34.655254,4.2885127e-05,12.250602,2.2917342,3.1299822,48.64732,0.907498,0.008871229,0.0011853008,0.12593585,0.92893535,0.008688229,0.07816209,0.0068973703
1.2872474,0.00020743349,2.5634558,0.06324517,8.272715,0.9769017,34.729183,4.787955e-05,11.502727,2.0392714,2.8283176,53.628788,0.8719546,0.016638987,0.0016566456,0.14186391,1.3997208,0.009063632,0.061045393,0.0076914383
1.3091261,0.00023123824,3.360808,0.044291943,8.31271,1.5085057,34.183765,4.944913e-05,12.6321945,2.658743,2.7136943,76.50856,1.0171217,0.012409887,0.0014121253,0.14847642,1.4626606,0.010608414,0.068946436,0.01028705
1.2631128,0.00025368683,3.4381852,0.09982846,8.816493,1.3891939,34.605133,5.440741e-05,13.503905,2.994841,2.8278635,75.65917,1.4331821,0.020040134,0.0022834484,0.15787634,1.9740422,0.014417998,0.094964094,0.011118208
1.3494515,0.000232835,3.530873,0.052846488,7.593748,1.1648407,37.64281,5.3904692e-05,11.590036,2.3085911,2.469209,72.33468,1.1415886,0.015792822,0.0019837164,0.18401699,1.8755897,0.0117112445,0.0572015,0.009458619
1.3662587,0.00030863704,4.2542048,0.07139514,7.8483377,1.475594,34.898323,5.9166872e-05,11.784513,2.9505575,2.4822528,86.24366,1.4281205,0.019817669,0.002581079,0.17679076,2.203013,0.013104736,0.07387598,0.01029139
1.3781555,0.00034529786,4.360572,0.085148506,7.5363226,1.5748268,36.15618,5.9497088e-05,11.03923,3.0630937,3.2877061,87.775116,1.4374511,0.017661905,0.0020017887,0.16862854,2.1367033,0.011891648,0.08542511,0.010147125
1.3708568,0.00032223837,3.9946744,0.07397303,9.142148,1.5513669,52.101307,6.3940686e-05,9.363282,2.8267486,4.022078,84.73097,1.2249477,0.021876596,0.002296798,0.19033821,1.7656856,0.009651555,0.08924352,0.009820846
1.3301867,0.0002864298,3.761243,0.07167615,9.52511,1.384694,50.591614,6.173523e-05,10.46982,2.344723,2.653644,80.93532,1.0136566,0.0247666,0.0022235112,0.17203327,1.6436819,0.012261626,0.0770058,0.012066688
1.211492,0.0003548873,4.6510825,0.114629954,8.369241,1.7214894,37.606094,6.60337e-05,13.951221,3.2008069,2.7347496,93.4668,1.4266592,0.036041394,0.0028204666,0.17809376,2.0687108,0.012822074,0.10007597,0.01420551
1.3345958,0.00027685447,3.1517234,0.063661814,8.751577,1.3041571,47.869938,5.988908e-05,10.150847,2.196841,3.4484274,71.39915,0.8083041,0.020307498,0.0014231636,0.17414145,1.439758,0.011356872,0.07130827,0.009935919
1.3079691,0.00025291165,4.06868,0.073828,9.131341,1.1747545,42.85963,6.143617e-05,9.695922,2.6130035,3.5265286,81.728065,1.2407179,0.021502059,0.002390867,0.19069558,2.2283247,0.008786599,0.052654497,0.0094006965
1.2495265,0.00022574305,2.48747,0.07349584,7.076134,1.0660013,34.396008,4.5805744e-05,10.948971,2.1561239,2.8595238,55.44529,1.0970032,0.01437274,0.001213135,0.09070261,1.4373252,0.009629904,0.09050324,0.007878976
1.2024907,0.00017544978,2.2166338,0.06618846,7.456895,0.98719364,34.760735,4.7331014e-05,11.9979315,1.8552399,1.9242668,50.85359,0.85117173,0.013880084,0.0011104549,0.097008236,1.1332687,0.007901095,0.08960958,0.007957836
1.1693963,0.00029138566,3.2876942,0.07357112,7.138492,1.3763318,31.010128,5.417883e-05,11.695623,2.7716017,2.7056115,70.173645,1.5745128,0.015540864,0.0015861855,0.112900995,1.8861737,0.010442622,0.09304146,0.008099921
1.1872741,0.00023542119,2.421107,0.060052127,7.9194913,1.3188866,36.822994,5.3897707e-05,12.7487545,2.4362087,1.5511477,59.227543,1.1778541,0.012862019,0.0014922578,0.12308253,1.5939703,0.009951407,0.09013956,0.00788629
1.1865587,0.00017638181,2.2335157,0.057006422,6.9835997,0.9484787,30.528454,4.5933153e-05,12.171982,1.7958537,2.0755305,51.585957,0.7779542,0.009430907,0.00080193655,0.08873343,1.1344928,0.007183074,0.07982278,0.005647058
1.230246,0.00032104968,4.5643554,0.08742448,8.513345,1.6722987,43.174286,6.747848e-05,12.130886,3.5591521,3.0334353,91.49467,1.8746119,0.020940645,0.0024469781,0.25978795,2.3692572,0.012787617,0.090008296,0.012267977
1.3738542,0.00033839827,3.360469,0.09868634,9.317368,1.2910665,46.523903,6.782329e-05,13.523497,2.2947712,3.6790364,71.157364,1.207808,0.020064067,0.0014944581,0.21986301,1.5257853,0.013570493,0.10519887,0.012284438
1.2199436,0.0003400617,4.3851304,0.07754994,8.12014,1.7398816,40.051746,6.462724e-05,13.090544,3.4965975,3.5175252,88.86342,1.7600955,0.019311922,0.0020058106,0.22441198,2.3137143,0.012728069,0.08933987,0.010720719
1.2385033,0.00033337323,4.7878265,0.08130582,8.577657,1.6071571,41.363106,6.669269e-05,11.63417,3.5037587,3.5999303,95.808716,1.7908466,0.019913333,0.0020699352,0.2032065,2.280965,0.012000216,0.08474913,0.011044199
1.1836005,0.00030716215,4.23111,0.09007872,8.380274,1.472298,41.906364,6.180477e-05,12.48077,3.2653117,3.415753,86.74758,1.6805302,0.020519005,0.002132636,0.20056556,2.2033677,0.013312447,0.08430721,0.011886934
1.1872655,0.00034565278,4.6988807,0.081191696,8.308464,1.7087563,39.85181,6.3032276e-05,11.970923,3.469413,3.4719944,92.462204,1.9009173,0.018112753,0.0018913057,0.20409085,2.3293254,0.011751082,0.08487212,0.0100177135
1.2461518,0.00036895924,5.394255,0.0962763,9.042026,1.5577315,44.221226,7.33135e-05,12.325521,3.4444563,3.178841,107.61629,1.9282981,0.023636552,0.0026154614,0.30130795,2.709594,0.014190291,0.087340795,0.012777942
1.209414,0.0003357557,5.054747,0.084920615,8.303959,1.6673907,39.540596,6.624772e-05,12.525459,3.590461,3.4172926,102.70928,1.7185599,0.019797742,0.002072366,0.19793616,2.2482874,0.013027328,0.08354335,0.011470724
1.2096065,0.00033328764,4.527332,0.0659257,9.040233,1.5791936,44.571507,6.9266905e-05,11.275079,3.4224591,3.1837978,90.46863,1.8778468,0.018982153,0.002451601,0.26276812,2.3951328,0.012710693,0.086724445,0.01171748
1.244194,0.0002762956,3.811838,0.09013205,7.8482966,1.3074603,38.54083,6.299885e-05,10.742813,3.1472704,3.5322642,80.03642,1.5737146,0.022401042,0.0023716656,0.16410859,1.8806498,0.0107114725,0.07936851,0.010736494
1.1576757,0.00030203897,4.6302586,0.07136173,8.845593,1.5240567,43.566406,6.258118e-05,11.307952,3.3761551,3.0349767,91.11036,1.803112,0.018805778,0.0023572529,0.21247303,2.432175,0.010772107,0.07163516,0.011075172
1.2587378,0.0002775916,3.2044187,0.06284119,9.415741,1.471291,50.675484,6.0359405e-05,10.113537,3.0202255,3.1894975,64.81633,1.6377152,0.016145471,0.001986148,0.19384308,1.6748691,0.010533734,0.095200695,0.009795456
1.2796767,0.00022340535,3.2910986,0.06369906,9.093136,1.2744449,49.834763,5.4128726e-05,9.576579,2.372298,3.0818086,68.645905,1.1063973,0.013860803,0.0018127458,0.1425543,1.6770985,0.009451139,0.06705226,0.009855363
1.2572638,0.0004302779,10.722645,0.09556113,7.9426236,2.8042648,31.617863,7.1343355e-05,15.902782,6.0981016,3.0605376,200.1435,3.4567537,0.022590505,0.0036167665,0.18830058,4.379502,0.013098646,0.081366815,0.01200043
1.245401,0.00027151156,4.0953674,0.07019924,7.443924,1.6367071,34.12517,6.3845124e-05,14.354737,3.0718904,2.262613,90.50378,1.6515393,0.01923791,0.0019177501,0.2058255,2.064098,0.013408441,0.08976498,0.011226357
1.2476041,0.00044231326,10.774477,0.09994387,8.574599,2.7758744,36.66121,7.028543e-05,16.784756,5.9796233,3.8341856,199.68912,2.9485068,0.021843078,0.0029362561,0.19047914,3.732366,0.015722845,0.098011985,0.01249955
1.313835,0.00035010357,5.6921153,0.103608474,8.39491,1.68689,33.837826,7.261569e-05,12.543522,3.131758,4.1658654,113.84998,1.7410692,0.024124622,0.0021717781,0.24575984,2.785839,0.014920117,0.095865235,0.012386583
1.2899028,0.00024561866,2.884976,0.11231254,8.543203,1.1327407,40.568325,5.25569e-05,10.9295,2.1932425,3.8253717,61.781258,1.1583111,0.020701485,0.0018886653,0.17742479,1.3999516,0.01362477,0.08943521,0.012295675
1.2645148,0.00034998474,5.262071,0.072251596,8.770809,1.5234104,40.83447,6.454128e-05,11.266308,3.452553,4.7032504,104.16501,1.7678128,0.020082647,0.002424526,0.22027104,2.5508735,0.012273488,0.07166852,0.011437357
1.4024862,0.00026397686,3.0153763,0.06740748,8.764521,1.2680953,36.174408,5.5783414e-05,13.995317,2.5105453,4.596465,61.076572,1.1568006,0.01813904,0.0017170445,0.17679119,1.6631625,0.012217008,0.083983526,0.009765211
1.3484023,0.00034403536,4.356932,0.07253082,9.418853,1.6275322,46.256584,6.839772e-05,12.446118,3.6905339,4.2852645,86.85651,1.8492573,0.018155474,0.0023304957,0.20166522,2.0799847,0.010462695,0.07795299,0.010710611
1.2681935,0.0003437721,4.5481663,0.06847366,9.18359,1.5025827,45.5856,6.364496e-05,12.543026,3.804228,3.4247804,88.95047,1.9476651,0.019032769,0.0024851856,0.19710049,2.3812246,0.0096075935,0.07582751,0.010358299
1.2892425,0.00036692305,4.5687637,0.07044472,9.665458,1.6916025,47.1439,7.2775176e-05,12.420428,3.7618093,4.0876603,97.84648,1.5948179,0.021362187,0.002372562,0.22742288,2.3439927,0.010668911,0.08057531,0.0101593025
1.2606183,0.00034631442,4.3439713,0.06629712,8.897072,1.5703933,43.81355,6.804298e-05,12.2518635,3.6322188,3.755745,89.99117,1.6721624,0.019449359,0.00209272,0.21573517,2.184545,0.010734015,0.079127304,0.0103165945
1.2776849,0.00035954802,4.5615005,0.073184945,9.180528,1.5789293,46.131424,6.68575e-05,12.674214,3.7951112,3.9186988,94.54733,1.847763,0.018117566,0.0022194178,0.20918645,2.1759675,0.010298293,0.084036164,0.0106491055
1.3036503,0.00031727031,3.9110718,0.07482789,9.0085,1.5161657,44.363766,6.561223e-05,14.506613,3.372825,3.8815808,84.16662,1.5336664,0.019846398,0.0021875363,0.22945857,2.246115,0.011757121,0.08598036,0.01038326
1.3280274,0.00065170106,14.244125,0.13867646,10.587694,6.2656493,55.51138,0.00012838074,11.798838,15.289941,3.8427496,274.84018,7.946838,0.027398821,0.006448994,0.38599887,6.273249,0.027564932,0.16881357,0.024586411
1.3812407,0.00025795036,3.9652536,0.09503846,9.947612,1.4539912,60.26639,6.499467e-05,10.900658,2.808441,3.8067575,79.84118,1.4777327,0.018590538,0.0020419527,0.22170837,2.025641,0.011837642,0.10938918,0.012016355
1.2752169,0.00023739711,3.746671,0.06335315,8.7364435,1.1710867,49.472424,5.0395887e-05,9.001163,2.419152,3.219327,76.59212,1.2698373,0.019421754,0.0018911929,0.16255164,1.6624978,0.008994157,0.07661842,0.011463552
1.2340987,0.00026243692,3.9017735,0.089636736,6.9417205,1.3439233,30.645,4.9469385e-05,12.629486,3.1073627,3.0718935,76.71538,1.8402786,0.018502101,0.0017363501,0.18879257,2.4867551,0.013505516,0.10208603,0.009735836
1.2300222,0.00029446546,7.9963365,0.1273568,8.697856,2.9949386,38.821934,6.572773e-05,12.71536,7.2708635,3.4365563,141.43019,3.351832,0.018236449,0.002392037,0.23526728,3.7926643,0.019864148,0.11213359,0.012879408
1.2414434,0.00022093032,3.3194995,0.056685593,8.262063,1.021633,51.889606,4.458531e-05,7.509847,2.4466028,3.53918,63.29744,1.6592747,0.008964357,0.0020595954,0.14205472,1.6240604,0.009699009,0.05274052,0.009065036
1.2932693,0.00022890094,3.3097122,0.07837253,8.087048,1.1777594,40.714294,5.516436e-05,9.6620655,2.6156874,3.0650141,63.35988,1.3633894,0.018383717,0.0021332316,0.14642681,1.7045758,0.0102033755,0.05744428,0.008670729
1.2788471,0.00015454918,1.895947,0.0733459,6.4471307,0.798534,35.0476,3.591592e-05,10.613016,1.2426233,1.071439,49.168648,0.529817,0.012277506,0.00097217807,0.091887705,1.185082,0.007886345,0.07194617,0.00702268
1.1791086,0.00028237054,3.073854,0.1136351,6.9079356,1.2936447,36.78303,5.4378706e-05,14.639893,2.144485,2.295321,68.24603,1.0264972,0.017977001,0.0016384283,0.12037246,1.5406214,0.0109289065,0.092410795,0.009233196
1.189443,0.00025225314,3.2700849,0.057258897,7.757811,1.4347662,32.214294,5.203502e-05,13.407653,2.8517852,3.5396957,74.77929,1.4280401,0.017279917,0.0015643998,0.17139971,1.6531245,0.013143247,0.08437269,0.010627239
1.211934,0.00029194812,3.6644976,0.07957937,7.613698,1.6409571,39.33818,5.663216e-05,13.256794,3.2577,2.6482391,79.26895,1.6872094,0.020983834,0.0020544627,0.20026386,2.032616,0.014508353,0.071955144,0.01191413
1.1679457,0.00028426482,3.65402,0.05649187,7.0638976,1.4916638,32.378826,5.637073e-05,11.402734,3.0785875,3.1814158,77.71733,1.5670145,0.017407509,0.0019033153,0.15918371,1.819805,0.0106612,0.074692234,0.009625437
1.271947,0.00027254524,3.5101826,0.07562051,7.941731,1.4698154,33.896698,5.2881485e-05,12.543857,2.6163032,3.2471285,83.222,1.3437135,0.020204255,0.001761355,0.16342318,1.586617,0.011858267,0.08124644,0.010652152
1.27039,0.00036642503,5.378848,0.08616488,8.654636,1.5662868,45.038548,6.684772e-05,11.915199,3.961016,3.1662421,112.054596,2.072653,0.023224475,0.0022894558,0.24213926,3.0415065,0.013527582,0.07975792,0.011868202
1.2509023,0.00026964856,3.7265553,0.07481024,7.5196624,1.340828,37.406593,5.726725e-05,10.54939,2.8739164,3.0404475,73.103,1.2672778,0.01835277,0.0019108352,0.1554854,1.7062479,0.010774782,0.09195958,0.010899012
1.2884539,0.00025860258,4.034295,0.078608215,7.4609065,1.3014562,35.09426,5.3776912e-05,11.698254,2.9626656,3.291368,79.85975,1.3100814,0.02034106,0.0019496059,0.15635821,1.8785793,0.011825733,0.08773145,0.011803424
1.2268779,0.00022969194,3.0585904,0.08185069,7.380195,1.2925551,33.778927,5.246194e-05,11.765559,2.14098,2.9319751,69.203255,1.174159,0.019659381,0.0014290252,0.16574892,1.3631476,0.012810875,0.096333265,0.011951647
1.2619616,0.00031119568,3.6454186,0.06759026,8.669239,1.5466204,40.990154,6.089587e-05,11.89645,3.1902943,3.0757072,84.05868,1.6749363,0.021286177,0.0022088229,0.21619852,1.9373988,0.012989753,0.08035227,0.011197869
1.3263265,0.0003217499,3.637006,0.11792426,8.926727,1.4099975,42.864952,6.7425586e-05,12.133917,2.8298812,3.8817692,83.72258,1.3655088,0.024167491,0.0020001284,0.19405933,1.9829227,0.014328286,0.100977235,0.010703944
1.3687952,0.00023352468,2.5684447,0.09566252,7.151423,1.2229062,34.070724,4.9692735e-05,14.548774,2.3045077,3.0917175,55.75154,0.99641514,0.016283507,0.0012858071,0.14267336,1.347848,0.014066139,0.092662,0.010393754
1.3955618,0.00031094856,3.7304783,0.07195451,8.533528,1.2394325,39.17675,6.2437844e-05,11.192781,2.5340967,3.7823868,83.83941,1.3225487,0.019634888,0.0017414693,0.21764235,1.9048789,0.011886277,0.08387671,0.0101560075
1.2633842,0.00030252652,3.6117237,0.07628952,8.096498,1.4195493,38.228203,5.86643e-05,11.988599,2.915464,3.1317077,78.44936,1.5102147,0.01908407,0.0022157354,0.20136328,2.0192914,0.011138503,0.06942808,0.009377441
1.3766674,0.0003413768,3.4418705,0.09287245,8.799798,1.329738,46.821896,5.9986523e-05,14.7822075,2.3835604,3.5373545,79.759415,1.4544476,0.019146873,0.0017058158,0.24417372,2.0935926,0.012696498,0.085145414,0.0112709
1.2878597,0.00032751114,3.568284,0.07627662,8.890033,1.5144755,46.38376,6.0653765e-05,13.379304,3.0231614,3.6040926,85.12019,1.5931516,0.018753765,0.001908557,0.20961866,2.0099769,0.0109252455,0.08006543,0.010507027
1.3086439,0.00030836058,4.375156,0.083990894,8.156751,1.6268111,38.474045,6.05856e-05,13.018159,3.2077527,3.0720212,89.30283,1.5917764,0.019567166,0.0023512514,0.18285677,2.2577038,0.010974678,0.07067786,0.0099448385
1.2926029,0.00031448694,3.5612738,0.066653416,9.0354595,1.4927288,41.96189,6.1780425e-05,12.319844,3.1472726,3.4029422,81.669815,1.676993,0.019653155,0.002140665,0.21599077,2.0224926,0.012523205,0.07346037,0.010152818
1.3878838,0.0002877137,3.3719044,0.09303198,8.824011,1.2760888,39.121727,6.164842e-05,10.967315,2.5961025,4.0023823,77.423904,1.2032497,0.022174595,0.0019071995,0.20422454,1.7509785,0.011685805,0.09189473,0.011074264
1.2413505,0.0002468209,2.4187891,0.06203244,8.087878,1.172245,30.029623,4.894936e-05,13.059561,2.1789567,2.8364048,52.411964,1.0891283,0.017813047,0.0013451114,0.18037125,1.3369029,0.012612538,0.09596406,0.010343338
1.2773759,0.00025786328,2.8798933,0.06912627,8.088257,1.3538935,39.635345,5.221328e-05,12.791329,2.3072684,3.4063478,65.141655,1.1919681,0.018187063,0.0016389119,0.15857044,1.4470398,0.011423389,0.07841383,0.009617248
1.4269437,0.0002589186,2.9128242,0.08095222,9.118086,1.303745,44.805626,5.778626e-05,10.482233,2.645231,4.310428,65.10783,1.1988943,0.017691258,0.001835733,0.2068381,1.5105858,0.011256635,0.08728422,0.010232863
1.1839279,0.000247435,2.5280204,0.067093715,7.6351004,1.2538935,34.58821,5.082552e-05,12.662253,2.0589046,4.246292,55.167236,0.9534909,0.016884822,0.0010682859,0.15799287,1.2358341,0.012927558,0.090453945,0.009254459
0.9491104,0.00018846348,2.2844274,0.06312091,6.36006,1.1200482,24.67979,4.395582e-05,12.357877,1.9578623,3.7699785,49.85119,1.0080128,0.013993502,0.0011335291,0.109231666,1.3130332,0.010936682,0.08205231,0.0077653634
1.4670417,0.00029399476,2.8316224,0.08803341,8.791829,1.2876748,41.6914,6.040743e-05,9.726568,2.5279212,5.0120196,61.261242,1.034882,0.019537272,0.0017174074,0.20124035,1.465354,0.010825148,0.09635804,0.010372605
1.2621953,0.00023135051,2.489599,0.0635686,8.296489,1.0303874,41.576015,4.6936362e-05,9.63114,1.8800131,4.2728634,54.349743,1.0512831,0.016961766,0.001328834,0.12582768,1.2313856,0.009250269,0.07321741,0.008097664
1.191108,0.00027502544,3.6420329,0.0774806,8.512332,1.5037869,40.97885,6.251573e-05,12.738424,2.821756,2.658857,82.08161,1.4009242,0.018958185,0.0019335179,0.20088156,1.7616767,0.01135273,0.09045292,0.010664701
1.2873077,0.00029172725,3.4289093,0.077058285,8.892919,1.4029781,43.12956,6.1020088e-05,12.7591095,2.5196989,2.9798954,74.94059,1.3554353,0.01795167,0.0016409073,0.2211222,1.7848619,0.013478813,0.10062532,0.011535363
1.2075872,0.0002695455,3.0196884,0.08343588,7.7428117,1.3782114,39.267857,5.2427466e-05,12.300254,2.4598813,3.1652074,65.02423,1.2242765,0.016911382,0.0016290505,0.16428472,1.5697998,0.011731164,0.09062241,0.009699472
1.3490161,0.00026168517,3.048759,0.069841996,8.554994,1.2970737,42.852703,5.7696223e-05,12.577836,2.6248095,2.8299453,65.846825,1.4083589,0.019682609,0.0018649672,0.21192937,1.6559979,0.012773243,0.07928089,0.0112889055
1.7020037,0.0002532995,2.9516816,0.076283254,10.109979,1.1174446,57.404728,5.756769e-05,13.222254,2.025139,2.8749692,63.996937,1.1558166,0.01702563,0.0016704184,0.18610287,1.7271448,0.013491412,0.08348999,0.011375466
1.611847,0.0002571168,2.7464294,0.07365327,10.425883,1.1512722,55.501038,5.5925208e-05,11.633515,2.170225,3.758258,62.870617,1.0262318,0.014812657,0.0015374956,0.1809692,1.287395,0.011852579,0.08693758,0.011282527
1.2062843,0.00023637655,3.068603,0.072021246,7.2178116,1.4083713,35.51237,4.9462476e-05,15.715404,2.5044956,3.875815,68.43646,1.1740569,0.016551867,0.0015171972,0.13068016,1.5100354,0.012633052,0.09728567,0.009297289
1.3053442,0.00024953255,2.792061,0.068577394,7.584584,1.2404712,34.578762,4.9246013e-05,11.943914,2.3754797,3.1608067,66.189224,1.1958069,0.0196473,0.0017622056,0.14163658,1.4411856,0.010652176,0.07190159,0.009562605
1.2408583,0.00029381845,3.3998578,0.10211079,6.827669,1.573651,34.404106,5.496895e-05,14.320136,3.1267135,3.0453365,71.373405,1.6533962,0.017822554,0.0021197912,0.16737844,1.9690385,0.014536695,0.090036415,0.011094697
1.1872537,0.00022908728,2.710093,0.06744877,7.2959085,1.2306992,33.830437,5.277212e-05,11.42281,2.473984,3.3429773,58.696068,1.1372119,0.015729913,0.0012816931,0.16920094,1.466186,0.012113267,0.08659543,0.0094477385
1.1050711,0.00022415984,2.976798,0.06313192,7.5362215,1.2051575,35.227245,4.5770925e-05,11.43264,2.311231,3.4299557,66.86074,1.0923576,0.015584144,0.0014808218,0.10279387,1.5089341,0.009720365,0.07785641,0.008305751
1.0831382,0.00022108453,2.8673913,0.06541433,6.8150334,1.1500623,31.684792,4.4460587e-05,10.318688,2.1953254,3.643288,63.16145,1.0363972,0.014868094,0.0012665517,0.096610494,1.3612099,0.009996228,0.06449672,0.00846545
1.2012186,0.00027218446,2.9050343,0.06892688,7.539544,1.280237,34.981003,5.2990028e-05,11.066633,2.4312584,3.4764502,62.969734,1.1954381,0.016600132,0.0015883062,0.1572735,1.3855697,0.011124987,0.07963203,0.009208938
1.2129313,0.00026721833,3.1808739,0.059281066,7.9226904,1.2130786,34.740425,5.242656e-05,9.863946,2.5098648,4.2532353,69.325615,1.1519212,0.016960884,0.0017647078,0.16259705,1.527852,0.010557878,0.07483878,0.009588695
1.2313092,0.0002837173,3.0542579,0.09517323,7.4613953,1.4156846,35.44419,5.5650053e-05,12.216883,2.7795734,3.5970387,65.455574,1.36653,0.017796597,0.001694211,0.1634898,1.5358694,0.013591199,0.09165809,0.0105778
1.3179654,0.0003247825,3.9281545,0.10288527,8.10082,1.557423,39.828064,6.0579518e-05,14.478526,3.000031,3.123908,91.23046,1.634075,0.019461775,0.0020717941,0.1795952,2.138243,0.012484935,0.08472479,0.010842867
1.3200314,0.0003283866,4.2720547,0.081072204,8.954043,1.6318667,41.866142,6.36326e-05,13.197007,3.2518222,2.983826,97.36878,1.4984157,0.02014373,0.001960439,0.18564598,2.052652,0.012414555,0.07609468,0.010879896
1.2316425,0.0002873677,4.859915,0.0751894,7.7511516,1.8010045,37.778122,6.16164e-05,11.464726,3.9427989,3.1365905,99.26365,1.9379711,0.021436008,0.0023021633,0.20565182,2.428481,0.013294461,0.08288063,0.010423066
1.326076,0.0003808785,3.777835,0.1217436,9.4200735,1.2211409,45.34263,6.871045e-05,11.635511,2.8092382,3.6898186,75.7721,1.4137927,0.022292208,0.0020236012,0.22722515,1.7961254,0.013090186,0.0925036,0.012458402
1.2080885,0.00030405106,5.4697394,0.09390955,7.9322443,1.6181599,36.65727,6.598826e-05,11.359779,3.5681033,3.4739513,105.69044,1.8644373,0.023877341,0.0025492115,0.19858749,2.884728,0.012917935,0.08285238,0.0114615215
1.192267,0.00032932003,4.323467,0.07144405,7.723052,1.7222679,43.24411,6.345113e-05,12.405744,3.7726235,3.285287,88.33906,1.9794306,0.017973373,0.002101077,0.1911363,2.0125551,0.010662517,0.08303298,0.009845108
1.2124715,0.00019389618,1.6139728,0.059428662,7.6973104,1.0717994,34.773205,3.9811544e-05,13.483511,1.6049048,3.1149762,43.509674,0.5850252,0.010402284,0.0009684521,0.08349584,0.8650822,0.0073522725,0.08433228,0.0068752253
1.28595,0.0001815571,2.0683773,0.06628462,6.7473116,1.0968993,36.281136,3.871712e-05,15.189901,1.8437079,3.1068592,42.026333,0.9146717,0.01261471,0.00094025594,0.11284405,1.23399,0.010385828,0.08502443,0.00800852
1.2512081,0.00019268953,2.154914,0.06436864,8.401391,1.0013077,30.914162,4.1942745e-05,12.094589,1.7175695,3.4042175,47.24807,0.7095461,0.017058885,0.0012607434,0.118977204,1.0131471,0.009335298,0.07654588,0.0090544075
1.3184792,0.00019281283,1.897322,0.06677428,7.9962916,0.87522155,32.93779,3.746164e-05,10.9358835,1.3967266,3.1991045,45.829582,0.5489233,0.015611685,0.001000734,0.09828055,0.8361094,0.007553062,0.07129773,0.0076629
1.477553,0.00015433879,1.8598914,0.062600784,8.462456,0.9691089,40.831898,3.63316e-05,11.730596,1.3377246,3.6308863,37.38889,0.528427,0.016184984,0.001081109,0.11804667,0.7878687,0.010623781,0.09037522,0.009442266
1.2831619,0.0001756929,1.9280239,0.061969448,6.787567,0.84864897,26.57925,3.7044727e-05,12.431976,1.3264991,3.4700205,49.306957,0.6787712,0.012715378,0.0010066795,0.10438866,0.97144854,0.009217633,0.075764894,0.0070422683
1.2827952,0.00016345986,2.0195456,0.054481655,8.073167,0.9952821,30.561779,3.650677e-05,12.401418,1.8009923,3.2879643,47.455147,0.827842,0.0108750975,0.000933295,0.099066034,0.97305554,0.009385332,0.07163422,0.007464856
1.3271817,0.00023388785,2.03929,0.1271416,8.424394,1.109188,46.803307,4.2222542e-05,21.276472,1.7397997,2.9020777,57.882915,0.8731269,0.016453449,0.0014159759,0.13329197,1.3794028,0.0135368565,0.101176456,0.009639809
1.2743214,0.00014635017,1.5889124,0.06203827,7.249905,0.81435096,34.75889,3.6859572e-05,13.5979805,1.1012671,3.1823883,47.003788,0.57444286,0.010274002,0.0010206695,0.10771847,0.96494585,0.008629507,0.074537136,0.008140273
1.239904,0.00015131239,1.6722406,0.05464153,5.1517816,0.7142215,28.090063,3.885012e-05,10.365752,1.059057,3.0724351,48.37264,0.49386907,0.008861497,0.0009607517,0.09411672,0.9946234,0.007430284,0.073429696,0.0062534856
1.1485802,0.00019019691,2.049538,0.07148686,6.954381,1.0722568,29.27187,4.085862e-05,15.044483,1.6603844,3.2158113,54.05365,0.65684664,0.010770667,0.0008589422,0.10476034,0.8644449,0.008782483,0.10458791,0.0076293647
1.2207879,0.00019129175,2.5088632,0.07502509,7.418593,1.0718048,31.25039,4.317247e-05,14.598221,1.9974384,3.8795438,66.34967,0.9732462,0.011574463,0.0014400858,0.1266434,1.410763,0.013556896,0.08718304,0.009336727
1.0513139,0.00017847373,2.0805345,0.0633336,6.6230626,1.1654572,27.845222,4.309932e-05,10.674622,1.9274683,3.112206,49.23259,0.7823146,0.012313746,0.00073955697,0.10563561,0.9844782,0.009884853,0.09885772,0.008289205
1.2228646,0.00015915277,2.074687,0.07059009,6.6235237,0.7821603,30.820908,3.8859052e-05,10.879096,1.3558705,3.557314,48.482754,0.5451618,0.011198925,0.0009877644,0.101560816,1.1004121,0.01109602,0.07624618,0.007859341
1.1238372,0.00017710486,1.6815577,0.07628328,6.4094586,0.9170966,27.292398,3.9166393e-05,10.814609,1.58361,2.7696214,44.378994,0.6114373,0.010854109,0.0009131433,0.078297004,0.958421,0.009204843,0.080190234,0.00704192
1.1775413,0.00016245006,1.8652986,0.056264002,6.9593353,0.94926065,27.208736,3.7591646e-05,12.916129,1.4577202,3.3390226,53.53734,0.6711244,0.009581908,0.0010780272,0.078619756,1.1470406,0.0069208574,0.085971534,0.006916697
1.2528508,0.00018292975,2.2821186,0.05857798,7.171156,0.8495881,34.038456,4.209076e-05,10.882288,1.4572762,3.187581,47.90556,0.6201891,0.014096485,0.0012514993,0.124474116,1.2404226,0.012529912,0.0824563,0.0102511225
1.2492641,0.00014270794,2.0332475,0.032007568,8.612949,1.0012051,42.33718,4.175132e-05,10.79714,1.3905466,2.4837823,48.606453,0.6308984,0.012467261,0.0012300073,0.114938125,0.8948198,0.009490835,0.08137949,0.009071042
1.1454464,0.00016745942,2.1247113,0.06551341,6.50353,0.8527011,27.093533,3.9419323e-05,12.170526,1.2684962,2.4779813,50.58905,0.50924206,0.015535193,0.0010731,0.12331983,1.1008155,0.011255647,0.08675761,0.009906113
1.2581904,0.0002014261,1.8487675,0.06259529,8.778485,1.0457662,33.480827,4.429538e-05,12.077082,1.7333956,3.7145183,48.339058,0.72765,0.014605736,0.0011394551,0.11481143,1.0224181,0.009166499,0.08592062,0.0083286865
1.199127,0.00013671296,1.4312637,0.09203056,6.9624767,0.6722055,34.17604,3.2562024e-05,12.970814,1.0527756,3.5606463,46.39269,0.36280417,0.0110728685,0.00069394417,0.10598133,0.99364537,0.00576148,0.077997886,0.0068427944
1.0561053,0.00017906586,1.9737793,0.083363704,5.4024305,0.91734546,24.7531,3.8683058e-05,14.672502,1.5866185,2.9759724,50.019608,0.66806495,0.01127185,0.0010560441,0.08870072,1.2150902,0.012063045,0.10211781,0.008357502
1.2847075,0.00018035885,1.3905867,0.07331067,8.544641,1.0341461,42.793278,4.7001493e-05,14.133074,1.4074515,2.867818,53.670902,0.49199706,0.0107714115,0.0008480144,0.15754111,1.0199493,0.0092563955,0.10449961,0.009687151
1.2743081,0.0002594745,2.3182998,0.058669444,7.649769,1.3394336,34.80512,5.3677995e-05,17.0005,1.9667535,3.0430074,58.49144,0.7179033,0.012358623,0.0009522256,0.14725658,1.3494028,0.01214698,0.12535848,0.010405825
1.3053423,0.00021316479,2.4305975,0.050755393,7.997252,1.0006278,31.635303,4.7616082e-05,11.822307,1.6267575,3.2899973,53.428425,0.7323548,0.012557703,0.0017375133,0.15224093,1.2151716,0.009388331,0.0794882,0.008494293
1.2705564,0.0001813286,1.8283695,0.080012925,7.0877247,0.8266621,32.76882,4.1859304e-05,14.044764,1.1772542,2.6640646,47.328953,0.5159736,0.015478836,0.0007070395,0.108504884,1.102967,0.010847922,0.096367255,0.007183719
1.1714891,0.0001699572,2.0047135,0.06358092,6.922155,0.7877205,30.869038,4.0224448e-05,10.99607,1.3222965,3.24784,48.348003,0.611368,0.0136321485,0.0012115745,0.09986959,1.0968217,0.0076869912,0.065979235,0.006131163
1.3372033,0.00017452093,1.9790474,0.052241888,6.457164,0.9240749,29.910036,4.353404e-05,11.900764,1.3608717,3.6516066,50.119186,0.38538346,0.013070456,0.0008639,0.14049207,1.0928257,0.010350262,0.08648941,0.008312295
1.3618647,0.0002287457,2.6713867,0.07702246,9.307635,1.21944,41.38268,4.843295e-05,12.481904,2.224758,3.62209,55.173615,0.7974478,0.019163823,0.0017121522,0.15704912,1.2280853,0.012142111,0.10042711,0.010822897
0.97117704,0.00019341832,2.1939888,0.05804007,7.140659,1.0767946,22.685183,4.2579686e-05,13.5574045,1.9121972,3.8379161,44.26702,0.7325573,0.014855071,0.0009274122,0.10695202,0.99345785,0.011574281,0.09186711,0.008636851
0.9841747,0.00018924299,1.9907994,0.05773037,6.4906497,1.0768523,23.781456,3.9127444e-05,12.7890835,1.716374,2.7914226,37.206757,0.7579419,0.011517007,0.00095041905,0.08651709,0.9792281,0.011379263,0.0869787,0.008639976
1.2655755,0.00016247037,1.8505204,0.06041129,7.5095243,0.9552078,31.226725,3.6360474e-05,11.312777,1.4356039,3.126203,44.213238,0.5272784,0.01394019,0.0009185137,0.09266808,0.7443611,0.0082316585,0.083018176,0.0069826613
0.82632023,0.00016978294,2.269172,0.06142195,5.8222795,1.1472071,19.512644,4.0078856e-05,14.768092,2.111381,3.5536535,43.173492,0.97299737,0.009440405,0.0012686681,0.076243676,1.2076678,0.009389307,0.08183941,0.007476726
1.3980155,0.00017230138,1.9646304,0.04754981,8.091439,0.95549107,43.939365,4.1988693e-05,12.054946,1.4734058,2.512319,45.39257,0.64578277,0.014449489,0.0014812007,0.11964219,1.11386,0.011534284,0.091909975,0.010471647
1.3548237,0.00022748744,2.1566164,0.068392284,7.1511073,0.865734,36.811,4.278425e-05,10.678788,1.4664328,2.6686075,46.645767,0.72345287,0.015477912,0.0012308434,0.12746687,1.264799,0.009622935,0.060680885,0.008289827
1.2032893,0.00037015724,6.713963,0.09160082,8.857192,2.2213082,39.856007,7.416479e-05,13.891273,5.409621,3.3014438,139.01974,3.0255206,0.021021046,0.0033615488,0.20176591,3.4556012,0.013498181,0.09266386,0.011765756
1.2289267,0.00041944417,8.031347,0.094148606,9.8845215,2.6756911,43.871178,7.46971e-05,17.484104,6.9499035,3.1719441,161.97224,4.4617867,0.022294695,0.0036886793,0.22091818,3.6472087,0.014089354,0.08659103,0.011858617
1.2476108,0.000364256,6.4747443,0.09856707,8.719516,1.7688948,41.9495,7.041602e-05,14.029792,4.8345757,3.0839636,132.51363,2.894109,0.025939329,0.0031724847,0.19765659,3.4554589,0.01404395,0.08433353,0.011603084
1.2966262,0.000369617,5.3457394,0.08824403,8.874809,1.7098601,44.46178,6.465658e-05,12.757783,4.13692,3.7295837,108.44612,2.33559,0.02193083,0.002740947,0.19426815,2.6602874,0.011115994,0.080509216,0.010356705
1.2029352,0.00029456598,3.8517256,0.09267341,8.167064,1.416771,41.925385,5.6705718e-05,10.283211,3.4613883,3.4313369,78.23655,1.9184852,0.01958733,0.002377048,0.16635236,2.0141442,0.011898186,0.07066168,0.010122635
1.2540455,0.00028903768,3.9057844,0.08603688,8.611601,1.3876427,44.219315,5.971617e-05,10.369538,3.4203258,2.9924197,79.15522,1.9323593,0.019652974,0.0023808812,0.16726464,1.9980478,0.010676525,0.07345566,0.009563394
1.2434,0.00040142168,7.509349,0.088597685,10.003608,2.3284342,43.32064,7.152622e-05,17.541265,6.208792,3.1277647,148.9474,3.8290699,0.023085887,0.0031602164,0.23010261,3.6443095,0.013673412,0.08746275,0.012362945
1.2177993,0.00046023636,8.334155,0.1031651,10.519961,2.7549334,44.52842,8.493548e-05,18.626686,6.6842875,2.8681922,163.08302,3.8540094,0.026971677,0.0035573174,0.24619773,4.132937,0.0140067795,0.10793084,0.013405043
1.2672285,0.00024368825,2.5488012,0.07163565,7.9576435,0.7611081,38.82229,4.8811635e-05,10.25493,1.5102028,3.6497626,55.882328,0.75839454,0.017137099,0.0014907912,0.13842866,1.3579408,0.011004176,0.07898911,0.009672358
1.2764692,0.00023679173,2.371356,0.07300783,8.1901245,0.7717372,39.120323,4.7639835e-05,9.728526,1.5257084,3.7261863,49.969627,0.77719694,0.016288517,0.0014653042,0.13783397,1.2661914,0.010660476,0.0762895,0.00949838
1.2533776,0.00025104123,2.6453886,0.0732693,8.206272,0.87451935,40.408123,5.225924e-05,10.049127,1.7606659,3.282991,56.21025,0.9615267,0.017404836,0.0016377014,0.15893084,1.5475596,0.011510525,0.0738204,0.010252142
1.2582,0.00023916918,2.8109276,0.07011757,7.9462686,0.7593776,38.815163,4.9936443e-05,10.204225,1.5363257,3.3818896,59.378235,0.8655185,0.016246969,0.0014721331,0.14198604,1.6027298,0.010541708,0.06958768,0.009261844
1.2635632,0.00025327477,2.9009693,0.073073246,8.140384,0.88617605,39.652073,5.253317e-05,10.807294,1.8209076,3.4851942,63.43114,0.9952289,0.017455278,0.001608357,0.145072,1.6747942,0.010632569,0.07296607,0.009651271
1.2414712,0.00045761713,7.125559,0.09343482,10.385326,2.5237343,50.819763,8.768056e-05,16.319336,5.8682714,3.0693502,151.12836,3.4402812,0.023281414,0.0033180674,0.24553427,3.5921938,0.01630174,0.11799935,0.013181683
1.2165043,0.00033495182,4.3296595,0.06839499,8.850714,1.3478234,46.38311,6.6677385e-05,12.230486,2.9451354,2.9466176,95.151474,1.6612927,0.018624159,0.0022316165,0.21416529,2.3373725,0.01204957,0.078018874,0.010790773
1.2359473,0.00032207946,3.6086066,0.07622196,8.815831,1.1748844,45.66467,6.585789e-05,11.936472,2.4906487,3.393779,75.71117,1.3708009,0.01941641,0.0021558125,0.21288423,2.0253706,0.01207949,0.08175233,0.010816817
1.2642952,0.00025551798,2.5531738,0.07085412,7.8574905,0.8369027,38.78601,5.0364473e-05,12.317169,1.6243138,3.0952985,58.757908,0.8880808,0.017012453,0.0014019128,0.14780463,1.4372293,0.011124252,0.07427015,0.0094573675
1.2315546,0.00023449502,2.9350665,0.07294376,8.15018,0.9846702,37.95341,5.09798e-05,9.446654,1.9857181,3.435437,61.25631,1.0367961,0.015623834,0.0014023174,0.17528662,1.6440003,0.011168555,0.081610516,0.009157316
1.2799529,0.00033609514,3.6704223,0.079317234,9.15271,1.2203736,46.86049,6.5084576e-05,11.325337,2.4753833,3.3030088,75.382904,1.400885,0.018398058,0.0023759252,0.20971365,1.9699792,0.012291711,0.08418333,0.01117165
1.2701318,0.00033168684,4.4924464,0.09306722,9.058976,1.3231163,45.054264,6.406686e-05,11.232526,3.3902767,3.2572322,90.699326,2.0786731,0.021415563,0.0024087862,0.23904707,2.522036,0.012730132,0.0801727,0.012075003
1.2081269,0.0002483794,3.3005407,0.07376537,7.8336186,1.0603619,38.43847,5.479049e-05,10.286808,2.1715536,2.9471903,71.57123,1.2124591,0.01709419,0.0015214245,0.1849568,1.8911247,0.011714299,0.08442095,0.009299956
1.2634343,0.00030792842,4.1027837,0.094876386,9.043947,1.2040528,44.135418,6.312006e-05,10.576473,3.0431886,3.0135689,83.22677,1.8835975,0.021205539,0.0024887873,0.22952627,2.2581086,0.012670973,0.079271995,0.011827885
1.3021445,0.00036309005,4.4146714,0.089158125,9.757627,1.498616,51.639725,7.021963e-05,11.577017,3.1873782,3.4384475,94.309296,1.8367498,0.019039666,0.0024279058,0.24762852,2.3465188,0.01415053,0.08840906,0.012211998
1.2228998,0.00036916067,5.8993363,0.08222087,9.592171,2.1582754,45.083035,7.16889e-05,12.686765,4.8995924,3.4600296,120.92171,2.8834453,0.020852724,0.0025292186,0.2603262,2.9121604,0.014064991,0.08679804,0.011484738
1.2412215,0.0004410727,7.94496,0.097072095,10.27449,2.910994,46.26008,8.2414605e-05,17.937798,7.3298492,3.2514467,160.75607,4.605512,0.024300318,0.0033726988,0.26440167,4.1649165,0.015890867,0.09817379,0.013017307
1.2492272,0.00028556358,3.345439,0.06990814,8.56109,1.0821496,41.155884,5.7709316e-05,10.432396,2.2118528,3.5880916,74.56705,1.1682062,0.016820827,0.0018496304,0.16954625,1.722785,0.010532112,0.07419513,0.009118689
1.2492763,0.00027536496,3.036166,0.072086126,8.106088,0.9979441,39.342064,5.4490123e-05,9.917201,2.0460408,3.4389648,64.4549,1.1032752,0.017602136,0.0017403872,0.15111528,1.5951514,0.00991521,0.07301927,0.008908545
1.2496797,0.0003539547,6.0432134,0.07724548,8.831971,2.182295,42.29609,6.450432e-05,12.52446,5.3153358,2.8297706,123.09899,3.1538904,0.020510957,0.0026102916,0.20825897,2.5297232,0.011536194,0.09002626,0.010502543
1.218681,0.00037482192,6.802936,0.07515997,8.70342,2.5142875,39.829956,6.351089e-05,14.305728,6.364338,3.0841715,136.58107,3.8137593,0.020670181,0.0028615508,0.21959005,3.031868,0.01045784,0.08184316,0.010914373
1.257975,0.00036495292,5.247077,0.08439256,9.314748,1.9012482,46.257435,6.923458e-05,12.44511,4.1507087,3.3779068,108.388374,2.3248763,0.022823077,0.0027194505,0.21226832,2.6567068,0.012880296,0.09125483,0.011678817
1.2415811,0.0002845902,4.0666337,0.07581545,7.813864,1.3912024,37.35924,5.3980362e-05,11.4507265,3.1681554,3.0851169,84.21973,1.8293331,0.019073214,0.0020497846,0.1775055,2.0500383,0.011269259,0.08113187,0.010832467
1.3239431,0.00029404153,3.727726,0.085748106,8.438235,1.0496964,40.50692,5.6935176e-05,11.9381,2.1882567,3.7454271,93.52108,1.2361069,0.01907686,0.0018458016,0.17431565,1.8959206,0.011456603,0.07619117,0.009569909
1.1928438,0.00030673208,4.7498326,0.06499059,7.762991,1.6404338,38.34957,6.291262e-05,11.925757,3.7761767,3.340255,97.182816,2.230664,0.018062385,0.0022295269,0.18915676,2.4246764,0.010771831,0.07814442,0.0091716265
1.220687,0.00035074152,5.7449455,0.072607465,8.219826,1.9751867,39.124447,6.569928e-05,13.486794,4.8224063,3.1723466,115.69407,2.9205034,0.020076673,0.0026098525,0.20956643,2.7979844,0.010582659,0.07878359,0.010469905
1.2756425,0.00027438754,3.174768,0.07418337,8.08516,0.95940006,40.244846,5.587028e-05,12.513007,2.1698058,3.4224644,66.781204,1.2900679,0.016546918,0.0017067267,0.1659406,1.7856376,0.010269623,0.07020553,0.008417577
1.2278993,0.00024007012,2.8775406,0.06739462,8.191524,0.68162864,42.40315,4.867022e-05,9.557924,1.6955901,3.67048,62.346184,1.0862764,0.01623165,0.0016867097,0.17750126,1.7268162,0.010458378,0.07320352,0.010205212
1.2468727,0.00047683582,7.491976,0.09832332,8.694744,3.072177,41.987015,8.0908045e-05,15.044129,6.735223,3.511941,151.20323,3.9345121,0.023201406,0.0033610205,0.25246006,3.4777398,0.017371457,0.09787745,0.013729823
1.2577405,0.00048721317,9.989223,0.122163676,8.241374,4.3156743,37.676548,8.640394e-05,17.405964,9.172383,2.9814796,206.74284,4.8614116,0.02971475,0.0036408268,0.19954292,4.3206773,0.017519642,0.12111952,0.016401907
1.2628076,0.00028778796,3.4546309,0.065315224,8.270549,1.1733198,40.756447,5.4921944e-05,11.125978,2.5456386,3.1420825,74.114235,1.4224877,0.018461611,0.0018594421,0.17371306,1.8899057,0.010194158,0.07375724,0.009888973
1.2396202,0.00029602225,3.9282022,0.09600667,7.913335,1.1800888,39.34162,5.8128342e-05,12.147886,2.4214993,3.4468787,83.02158,1.1946471,0.022269605,0.001976935,0.15226205,2.1438646,0.010853855,0.08118929,0.008897108
1.3142288,0.00032046976,4.0193844,0.08312745,8.010378,1.3756077,40.639763,6.326735e-05,11.752181,2.887473,3.2265286,83.80929,1.5810566,0.017978027,0.001954898,0.1973458,2.1410263,0.011892936,0.0854036,0.010015226
1.2529349,0.00040973932,7.324567,0.09659784,9.338488,3.065915,45.168167,7.6945726e-05,14.286267,7.430739,3.2999542,150.33522,4.5746393,0.022933727,0.003204456,0.22042882,3.1051106,0.013301524,0.09478724,0.01321326
1.1888552,0.00034220793,5.578744,0.08046904,8.658014,2.1548824,41.25399,7.1822185e-05,14.128563,5.098492,2.8484473,115.30157,2.8927193,0.018748177,0.0026376508,0.2385677,3.244777,0.012625275,0.08711673,0.011121211
1.2595786,0.0002654522,3.030672,0.07636753,7.918296,0.9169568,41.000942,5.500686e-05,10.481824,1.9974494,3.237247,65.570526,1.0372705,0.01841558,0.0018427433,0.14463384,1.639893,0.010149381,0.07433454,0.009346416
1.2382202,0.000441511,9.2782135,0.084804006,9.690005,3.468707,43.727577,8.4233376e-05,16.741413,8.597233,3.2802577,183.98656,4.8991146,0.021967536,0.0035472696,0.2593509,4.103933,0.016518395,0.10360011,0.014278512
1.2301513,0.0002538039,3.6055615,0.0885901,8.345917,0.9180259,37.83371,5.2546675e-05,10.990714,2.0026767,3.2445056,82.696,1.0506564,0.020154947,0.0018766695,0.14554201,1.8224969,0.011881714,0.06936788,0.009776519
1.2352501,0.00034470184,5.7872148,0.08853604,8.629162,1.7946599,40.822212,6.970988e-05,13.469215,4.1802416,3.3467803,121.0029,2.3976762,0.024290644,0.0029930172,0.18532024,2.791708,0.013012227,0.081988245,0.011824684
1.1857911,0.00034850877,5.3423166,0.08649214,8.4544325,1.7460815,40.447926,7.196394e-05,12.886758,3.5215898,3.3555403,111.453224,1.9136996,0.02037771,0.0026912985,0.16937175,2.7091916,0.013051185,0.07982533,0.011188065
1.2632595,0.00020015496,2.2486186,0.06833755,7.949565,0.7842725,36.82229,4.5803015e-05,9.4535675,1.4540832,3.401968,46.322704,0.6507013,0.015910227,0.0013573103,0.10018559,1.0402086,0.0096495375,0.07498035,0.008873608
1.2183133,0.00031659665,3.9747646,0.10050132,8.672595,1.6120151,43.54035,6.4062384e-05,11.255196,3.29424,3.180477,78.56297,2.3647618,0.021335313,0.0026042468,0.20468478,2.1208975,0.011470995,0.07961816,0.010122487
1.23831,0.0004990196,9.629667,0.12546514,8.959643,3.5630996,43.21727,8.935298e-05,19.371584,8.789715,2.4251337,186.1228,5.4573364,0.027191658,0.003429895,0.2672226,4.9879627,0.018407546,0.11855878,0.015960328
1.1891098,0.00042523872,7.818424,0.095153525,9.594005,3.359117,46.991188,8.085944e-05,15.711174,8.583014,2.847045,158.98936,5.14364,0.021559246,0.003249665,0.2401109,3.3518794,0.014640619,0.106337234,0.013860674
1.2364489,0.00020860769,2.2508175,0.062079247,8.507506,0.7365646,38.149044,4.5843524e-05,9.692806,1.3964499,4.1019425,49.834385,0.6821039,0.015630681,0.0014636341,0.11463107,1.2872005,0.008827581,0.066385925,0.007986839
1.2361535,0.00035052194,4.7417126,0.09270506,8.833009,1.4167355,43.207565,6.792425e-05,12.028971,2.927024,3.2898996,99.6157,1.5261402,0.022969954,0.0023423445,0.19380535,2.1918368,0.011712949,0.08647251,0.010758809
1.2708589,0.00033972712,4.5516753,0.088795654,8.67374,1.5019463,43.678112,6.0912345e-05,12.199235,3.2587268,3.6582472,97.07598,1.8415978,0.022503996,0.002121676,0.17993635,2.259681,0.011309738,0.088316746,0.010111486
1.1733769,0.0003559727,6.0571833,0.078809604,9.060395,1.875493,42.07222,6.5398905e-05,14.539686,4.908222,2.9785354,123.83809,2.6665387,0.02214276,0.0027224524,0.21220756,2.9969807,0.011347751,0.08582277,0.011172258
1.1875393,0.0003198911,4.8596363,0.07788032,8.741208,1.5784541,42.300327,6.38355e-05,12.652154,3.5445175,3.1068366,99.39503,1.9682447,0.018681888,0.0022558013,0.18020776,2.197868,0.010592413,0.08685679,0.01069335
1.1566542,0.0002770217,3.3581936,0.07073067,8.068221,1.0722579,37.51851,5.635929e-05,11.147762,2.3125584,3.5050848,69.08967,1.2973703,0.017754395,0.0017070902,0.16398251,1.6910809,0.010031221,0.082096584,0.00968156
1.1788437,0.00025845275,3.5010488,0.06674572,8.204919,1.0216465,40.52901,5.6995625e-05,10.993312,2.3057027,3.1340566,73.003,1.2709239,0.016741008,0.0017040824,0.17476524,2.0030138,0.010197472,0.07308257,0.009543153
1.2644559,0.00028069504,3.1540217,0.07446818,8.867363,0.95460546,44.40141,5.3727214e-05,10.011404,2.136576,3.00119,65.22129,1.172144,0.017963653,0.0017342777,0.159259,1.7628794,0.010656187,0.07350722,0.009580478
1.2028039,0.00025871742,3.116861,0.061716016,8.075063,0.8985329,37.562885,5.0772545e-05,9.824761,2.0306416,3.184787,65.56063,1.1402521,0.016612109,0.0017659892,0.15014918,1.5507272,0.009791926,0.07417451,0.009372562
1.1471896,7.558503e-05,1.1606998,0.06406788,5.5996084,0.680727,20.323082,2.6028558e-05,10.100007,1.258471,0.96552336,38.795296,0.2712037,0.008533157,4.778156e-05,0.078064375,0.7816938,0.0075179264,0.07019507,0.0048896815
1.096285,8.1455095e-05,1.1748307,0.05216719,6.57909,0.6570538,29.764418,2.9874884e-05,10.085001,1.4549978,1.9186472,42.059795,0.4388082,0.006687355,0.0005675727,0.061301205,0.8202356,0.005941402,0.06234424,0.0048722457
1.2120205,0.00013859844,1.3170508,0.084688865,6.5952272,0.8096626,25.006668,3.323558e-05,10.74835,1.4185717,0.96122444,43.108845,0.39669245,0.009281986,0.0003244937,0.057176087,0.7666878,0.010652257,0.093388975,0.0073298
1.2498341,8.9273606e-05,1.2295822,0.05430741,5.6992593,0.6622759,31.603775,3.0796633e-05,13.928846,1.1173716,1.0835904,43.132595,0.2441546,0.0087068,0.00014180793,0.08523839,0.65509635,0.006488463,0.071352325,0.0075828815
1.2007507,7.7432655e-05,1.2246594,0.044789873,6.7017007,0.6957769,27.889587,2.9751523e-05,11.071572,1.2968487,1.7109007,44.227577,0.35202822,0.008379407,0.0004946621,0.058291066,0.6945885,0.0059625404,0.06737258,0.00456593
1.1302625,0.00014154385,1.4575766,0.070587486,6.047215,0.75204444,26.852858,3.602262e-05,13.487708,1.4619457,2.0581543,43.732895,0.39745224,0.0074613695,0.000606615,0.08006882,0.8568338,0.008252121,0.07177253,0.0059248907
1.1154498,9.641256e-05,1.1745174,0.061099406,5.8671565,0.67032284,27.191433,2.968643e-05,9.74513,1.3225291,0.4451427,43.921566,0.38483408,0.008554385,0.0002419044,0.065751985,0.7438441,0.0060949987,0.07127253,0.0063715028
1.114301,0.00017382864,1.864491,0.07656068,7.4065566,0.9069581,34.460987,3.5453413e-05,12.765412,1.751842,1.3170644,46.076748,0.62730074,0.01401869,0.00086988485,0.12568678,1.0650989,0.009460006,0.080810204,0.008143197
1.1814806,6.344502e-05,1.1835102,0.060090873,5.7226877,0.70294255,22.081879,2.6166155e-05,10.274836,1.3381282,0.77962124,36.46464,0.37553963,0.0059962026,0.00028453398,0.06632257,0.78860986,0.0057369163,0.07461749,0.004918999
1.3915119,0.00015021361,1.3249735,0.076968536,7.159287,0.6786987,32.002575,2.8899776e-05,10.822777,1.3345857,2.48508,38.632587,0.39896658,0.0119376145,0.0005021913,0.07649881,0.7361892,0.0068342057,0.07090925,0.007030475
1.2263244,0.00010115728,0.74744946,0.06989083,6.143046,0.6930842,31.291735,2.9174593e-05,11.641874,0.87368596,0.49372342,38.752377,0.25519106,0.0110742785,0.000856085,0.051507242,0.65991384,0.006474201,0.07762807,0.005232777
1.3705399,0.00017963041,1.4007134,0.06598262,8.330037,0.801192,38.24772,3.0080528e-05,15.389616,1.4544632,2.0429354,36.98564,0.49030605,0.010737436,0.000703119,0.09725478,0.97403604,0.009214126,0.07886546,0.008200587
1.3276554,0.000123922,1.1796793,0.0780581,6.77551,0.7349808,28.094704,3.315286e-05,10.851498,1.1076903,0.333532,42.427265,0.4769122,0.011099518,0.0008352014,0.06584809,0.8724182,0.0065434454,0.07117602,0.0057241716
1.3502614,0.0002469808,2.754546,0.074859306,8.602988,1.3776826,35.742172,4.807656e-05,25.20784,2.6621842,3.2658489,48.593243,1.0956739,0.015363392,0.0015711632,0.1536053,1.3652194,0.014111508,0.1093352,0.011921315
1.1952477,0.00012075949,1.6928561,0.054267388,7.3048673,1.0921901,31.630169,3.8945793e-05,12.837577,1.6807241,0.044210915,47.201874,0.7655924,0.011525768,0.00095200824,0.07670233,0.8260425,0.008001798,0.09623961,0.008437165
1.2358869,6.899509e-05,1.3078703,0.05416237,6.6299386,0.619794,29.95321,2.9090197e-05,12.313448,0.9751207,0.38975927,40.791653,0.29603472,0.012967156,0.0008235703,0.07433935,0.7791945,0.005945545,0.0793506,0.006949529
1.2030742,7.331558e-05,1.2324182,0.0462611,6.269276,0.705383,28.00997,2.6962116e-05,12.295995,1.2075877,0.35979795,42.19949,0.2937226,0.009035389,0.00040783704,0.07795805,0.6552724,0.005766171,0.088054076,0.0068234494
1.2517158,0.000110749956,0.7484251,0.059879996,6.472403,0.74747247,31.273312,2.9595805e-05,12.090941,0.9761217,0.27762574,35.362644,0.3408155,0.010848639,0.00072830694,0.04477205,0.620421,0.0056877835,0.08911283,0.005333298
1.2180427,9.611643e-05,1.1710283,0.06371064,6.3321424,0.69278353,28.245409,2.9546443e-05,10.932214,0.9788219,0.27573985,41.130108,0.3462471,0.00970749,0.00059325603,0.055549335,0.8135113,0.0062442124,0.08420981,0.00575632
1.2786069,0.00017148301,1.9805847,0.06529696,7.264111,0.8875756,33.607986,3.8318813e-05,12.153075,1.7607036,4.87272,45.46124,0.7899635,0.013306027,0.0011399379,0.09023215,1.1025543,0.009123234,0.06843886,0.0075162738
1.303624,0.00013766909,1.1976627,0.069818564,6.5529704,0.6172501,27.277548,2.9673072e-05,8.551696,1.1828719,5.7890234,38.88751,0.4046486,0.01193142,0.00040382633,0.067515396,0.7555133,0.0064743417,0.061046626,0.005181554
1.5762364,0.0002628699,2.446332,0.0930548,9.473084,1.0183548,40.966583,4.7910253e-05,13.833552,1.9573544,4.16189,47.219303,0.9413034,0.01828421,0.0012939284,0.16149962,1.3418546,0.012009089,0.085805714,0.009180831
1.276071,0.00014585882,1.3832765,0.05209742,6.435984,0.7537896,33.41215,2.9962186e-05,10.962706,1.4002614,5.000147,42.89168,0.49296597,0.010713051,0.0005131688,0.08097356,0.7351298,0.006927888,0.07122942,0.006544765
1.0387212,0.00013717159,1.4182528,0.07107571,6.969043,0.8282839,26.247902,3.5801622e-05,12.16652,1.4693042,0.8218392,36.41362,0.48153836,0.012074912,0.00067342864,0.07371044,0.79536647,0.008620477,0.0970371,0.007119402
1.2615445,0.00017726832,1.9549291,0.054739144,7.343302,0.9573729,32.232452,3.7311478e-05,11.653121,1.8556895,4.6791797,50.36578,0.7469531,0.013176424,0.00093300076,0.093313314,0.9805221,0.007768737,0.07760315,0.0072316807
1.0924877,0.00015029244,1.4675604,0.07375741,6.4695864,0.87228644,26.02565,3.692042e-05,13.097566,1.4663448,0.59699607,43.71215,0.48453334,0.01381758,0.00075445726,0.08048842,0.95314413,0.008943734,0.08152183,0.006957742
1.1104864,0.00011662578,1.368721,0.06039575,6.603073,0.7969312,27.741184,3.0984684e-05,11.066036,1.3329597,0.88603145,41.65862,0.53534496,0.01147152,0.0010395143,0.06582036,0.7672544,0.007560533,0.07824699,0.007092044
1.1222275,0.00012879689,1.5873259,0.06558979,6.4433823,0.87413853,26.316545,3.755617e-05,13.2191105,1.3646672,0.54123545,45.752853,0.5560363,0.0128250215,0.0008465593,0.09146582,1.050012,0.00934167,0.08417816,0.0076222634
1.3292863,0.00024180318,2.210338,0.109848134,8.011199,1.0762805,34.47879,4.8817004e-05,12.999314,1.9490998,4.7186003,55.05276,0.83394164,0.017422492,0.001482008,0.12510435,1.264801,0.012266758,0.10233869,0.008416811
1.2139153,0.00013867047,1.4219534,0.061153818,7.421935,0.8538459,32.146374,3.159301e-05,13.899921,1.3848809,0.9863918,43.575813,0.51125556,0.010159719,0.00078659196,0.120194994,0.945157,0.009891759,0.095725164,0.009008751
1.4184918,0.0001716889,1.629186,0.0717996,9.251648,0.76622194,36.9037,3.7712278e-05,10.451041,1.5234045,5.323771,41.483208,0.66934973,0.014843288,0.0010692866,0.1012277,0.93762904,0.00925896,0.07521358,0.0073398054
1.1985803,9.368208e-05,0.92301524,0.07106384,6.986483,0.8277735,31.485453,2.7101787e-05,16.141565,1.0084856,0.9367616,40.461777,0.35108468,0.012113792,0.00083782995,0.040598348,0.49919453,0.007105957,0.11388553,0.0072800396
1.1420683,0.0001295606,1.510086,0.08802664,7.6053014,0.93406963,29.843414,3.5489436e-05,13.482956,1.5391825,0.5969034,44.142204,0.5702339,0.013508921,0.0007454909,0.09216141,0.95136243,0.010704694,0.0844225,0.007886766
1.192247,9.1233436e-05,0.873548,0.068821475,6.4837985,0.7808641,27.392546,2.8205228e-05,11.816863,1.0381044,0.8296458,36.732605,0.2850206,0.013158839,0.0008442479,0.034067076,0.543721,0.007109505,0.085389115,0.006811712
1.2249368,0.00015368428,1.6988583,0.050716493,7.7877297,0.8629675,36.78359,3.1573483e-05,12.570086,1.5140433,3.9933467,47.63356,0.62264645,0.012474852,0.00090961054,0.08403437,0.76686966,0.0074483296,0.07384219,0.00712776
1.1787261,0.00011325638,1.4187562,0.06351442,6.5555325,0.7004401,33.005592,3.0306304e-05,15.119923,1.0776161,1.6331279,42.66001,0.38197657,0.014219986,0.0010436672,0.053234786,0.8125565,0.008032651,0.056663793,0.0068132635
1.3100885,0.00016308473,1.4936359,0.07917837,6.0026145,0.7318422,27.734703,3.3017965e-05,9.785874,1.289054,4.936917,38.692165,0.46982375,0.012856385,0.00039500077,0.07991075,0.8065694,0.009623351,0.07427453,0.007102948
1.2316253,0.00017771592,2.0691993,0.06601766,8.431125,1.0635803,38.88278,3.860747e-05,14.792865,2.044531,1.2405403,44.438343,0.8516777,0.011215813,0.0011495132,0.11447774,1.0770481,0.011372201,0.0824463,0.008668102
1.1807165,0.00013087926,1.6071764,0.06506953,7.9831753,0.8595888,38.278057,3.552433e-05,13.182842,1.5862075,5.790015,48.7951,0.5021852,0.011792362,0.00071916776,0.0730266,0.7728582,0.009787466,0.08062932,0.007453839
1.215426,0.00015603918,1.7147653,0.07580134,8.792071,0.9026883,34.91525,3.5823363e-05,11.342509,1.6633378,6.2058396,45.28751,0.6116914,0.014041674,0.00072280207,0.10183935,0.83743674,0.010292275,0.07567981,0.008089843
1.3132361,0.0001606097,1.6173229,0.06861806,10.327371,0.882938,43.85929,3.776242e-05,13.305214,1.5752327,5.927088,51.39881,0.6308656,0.013630086,0.0008013877,0.09506616,0.88050914,0.009765601,0.07754257,0.0083444435
1.3333609,0.00020632216,2.4446247,0.075312264,9.504517,1.082406,37.920105,4.574658e-05,15.014896,2.006799,2.1897697,52.49223,0.9657213,0.01587089,0.0016852294,0.1462172,1.2504659,0.010797694,0.08087613,0.011296498
1.3608512,0.00016890754,1.310036,0.065010786,8.66232,0.86962205,40.00191,3.1331267e-05,12.439912,1.2763165,1.6334678,41.668625,0.5327626,0.012085575,0.0009594981,0.082045145,0.7735567,0.009334146,0.08680553,0.007821493
1.2881541,0.00012348189,1.4578485,0.06608011,7.23214,0.77269006,33.27257,3.0078354e-05,16.217793,1.3556805,2.2138674,35.48497,0.47244462,0.012231461,0.0005801827,0.107791685,0.8306245,0.008653144,0.090040416,0.0091522215
1.2047229,0.00014877989,1.1533407,0.06995721,8.68375,0.78471005,42.135918,3.15506e-05,10.9751835,1.1790752,1.2265396,42.921227,0.38061443,0.011826931,0.0006580424,0.08657738,0.7837131,0.008750346,0.07367424,0.0076417597
1.1647531,0.00018116763,2.315642,0.067010075,7.940217,1.1416218,35.192097,4.1847816e-05,17.527756,2.0362852,1.957778,43.394917,0.80539,0.01381742,0.0013346535,0.11049703,1.1254288,0.010928969,0.10693139,0.009550184
1.300413,0.00013177734,1.8966018,0.07194633,7.6860156,0.8730261,35.63009,3.592852e-05,11.941404,1.4337298,1.8611845,48.32705,0.63097024,0.013033496,0.0010974584,0.1091418,0.9981822,0.011090106,0.08543047,0.009813009
1.2173983,0.00014506176,1.5013629,0.075598724,5.143748,0.59397185,26.688839,3.1273892e-05,8.99101,1.0128925,1.5334325,45.84246,0.28114483,0.0131431855,0.00033176158,0.09242675,0.96033186,0.008775541,0.067314446,0.007286086
1.1925977,0.00015028079,1.8745939,0.08529752,6.7707253,0.8779247,29.105976,4.0639883e-05,13.856984,1.6966736,1.5884787,45.305553,0.4851199,0.016200999,0.00075011334,0.12741573,0.85515666,0.008952276,0.098456144,0.008816484
1.0948842,0.00017913534,2.4548073,0.078580216,8.477222,1.2726845,39.50609,4.8554524e-05,17.697279,2.3883708,1.6692182,52.850582,0.98981017,0.015937885,0.0012288825,0.16092896,1.3007476,0.012429179,0.12092731,0.0110048205
1.4126745,0.00011628994,0.8974233,0.05107349,9.925149,0.7297566,47.963486,2.584177e-05,9.298561,1.133039,2.1708586,37.76847,0.3320137,0.008817061,0.0004330812,0.06771415,0.6214427,0.0075978898,0.08357304,0.008566397
1.1385114,0.00016417906,2.0409641,0.058203142,7.7281456,0.97893006,35.184082,4.447146e-05,11.409515,1.6738466,1.7676167,45.507988,0.57294166,0.014745502,0.00094234396,0.14676552,0.9645468,0.009900167,0.106656864,0.009343024
1.0572284,0.00019162183,2.1631052,0.07001114,7.634699,1.0645062,32.20333,4.167064e-05,17.059212,1.8035313,2.1469996,47.192707,0.66233736,0.014056875,0.0011235878,0.12309039,1.1240891,0.010574713,0.123703234,0.009470557
1.3154553,0.00016467669,1.491826,0.075230956,6.50871,0.7423167,31.699537,3.6000736e-05,10.965148,1.1868981,1.4393163,44.63141,0.46720377,0.011252746,0.0005237079,0.09335477,1.0027328,0.009369065,0.06818347,0.0068302494
1.3049049,0.0001781266,2.3340044,0.07693856,8.853142,1.0949476,37.00117,4.597899e-05,9.47454,1.9169834,3.8829288,46.192627,0.74152005,0.013667546,0.0009715989,0.14537236,1.0753341,0.013051391,0.10135702,0.011461784
1.3125776,0.00020667729,1.8894582,0.06579903,9.660241,1.1367911,40.986954,4.4982145e-05,14.665051,2.2253582,3.805771,38.00835,1.0291069,0.012280076,0.001083113,0.107117124,1.0463697,0.011900159,0.08611589,0.009432528
1.3575494,0.00022957867,2.2208996,0.06170206,8.969671,1.2239171,32.379284,4.8484275e-05,12.293641,2.3226278,2.770277,46.858776,0.9856765,0.01609525,0.0011275255,0.13567609,1.2599171,0.01184864,0.096032605,0.009993865
1.23452,0.00019732314,1.9030756,0.062424608,8.452151,1.0136561,30.726969,3.9093997e-05,14.392802,1.8044448,3.3259015,34.61949,0.70023817,0.010866797,0.001188731,0.106969744,1.043004,0.009186641,0.08594349,0.007536832
1.2727859,0.0001729831,1.5130994,0.08249859,9.121153,1.0430517,44.1108,3.3775308e-05,13.169889,1.5633998,2.0362473,41.95441,0.65187895,0.0145121645,0.0010882771,0.09434772,0.82592833,0.011277682,0.107564785,0.010065373
1.1239717,0.00017465968,1.8034372,0.07514279,8.1580515,1.0746441,38.01283,4.029521e-05,12.864515,1.638005,2.0389822,43.06267,0.75416195,0.015008206,0.0012536572,0.09600197,0.92611915,0.009263649,0.10374673,0.008449852
1.2634678,0.00015882499,2.2581844,0.0635897,8.257078,1.121214,41.300117,4.977862e-05,12.548415,1.8259928,4.2667136,47.43008,0.6305595,0.012986658,0.0008957263,0.16316354,1.0706275,0.014518512,0.12245605,0.011790843
1.2509217,0.0002049614,2.3882027,0.07739451,5.5676084,1.3141538,37.4951,5.0086117e-05,25.660793,2.2922502,4.072069,46.53465,0.9877921,0.014725237,0.0010676936,0.13975601,1.3940657,0.019519454,0.12780215,0.011714418
1.4078242,0.00015049246,0.9411037,0.080003865,10.094588,0.83358073,40.110558,3.371256e-05,12.370967,0.9938535,1.420777,38.51036,0.33334908,0.016346132,0.0007291844,0.051312897,0.5835022,0.0092804,0.098295614,0.008215717
1.3934292,0.00014311996,1.3428868,0.08350322,7.5431705,0.7389727,33.873737,3.7722722e-05,10.948362,1.0602025,1.9877055,44.31682,0.446566,0.019740738,0.0007449008,0.10045672,1.0193537,0.010135965,0.081840284,0.00833036
0.9948227,0.00020977134,2.722229,0.0681662,7.274467,1.1956365,28.080761,4.7012523e-05,12.5245905,2.2858496,3.3806977,50.36466,1.0013262,0.013735642,0.0010997829,0.1172613,1.2949247,0.011342149,0.086401016,0.008517073
1.3688705,0.00014289485,1.8691778,0.084654674,7.958411,0.86120296,34.292995,4.7785998e-05,11.996269,1.3122618,2.4289443,45.683018,0.381174,0.01897029,0.00064325676,0.16149624,1.0677736,0.013770503,0.11841394,0.011447802
1.2022254,0.00020961737,3.197405,0.043877378,5.4660234,0.98748064,25.722477,4.1763407e-05,7.4664793,2.3170424,3.1337392,65.912384,1.0855092,0.012215955,0.0013825627,0.11127599,1.5951633,0.0052095563,0.049440946,0.005274859
1.178124,0.00019728657,3.585208,0.04871258,6.7687483,1.1497364,38.980045,4.2268483e-05,10.43418,2.6651194,3.270967,69.682526,1.9484786,0.010378559,0.0019377345,0.15332103,2.221029,0.008427451,0.04546128,0.0061018616
1.4214591,0.00031947746,4.072972,0.06721469,10.49978,1.493688,58.0036,6.547051e-05,10.495561,2.8454435,3.592101,87.169044,1.2719288,0.0174129,0.0020359792,0.2042494,1.8490455,0.010068197,0.08787893,0.011312245
1.291904,0.00031217042,3.8662179,0.09767656,6.9782944,1.3074902,33.745422,6.517575e-05,11.657144,2.4325159,3.5967195,86.15172,1.3015496,0.02039729,0.0014313768,0.24228401,2.16979,0.014564334,0.10063926,0.011476871
1.24571,0.00022380942,3.2345526,0.0641134,5.8544173,1.1744211,28.017372,4.4615866e-05,8.686044,2.2580378,3.32409,66.211586,1.0138531,0.015498629,0.0011589795,0.13425271,1.6596346,0.00937934,0.07376297,0.008128096
1.3356837,0.00030690248,4.7026706,0.06740019,10.559625,1.8618271,54.648884,6.771117e-05,12.943584,3.7982872,2.6531508,100.00872,1.9209465,0.016569348,0.002348479,0.20615748,2.1846263,0.013678923,0.0818321,0.013403846
1.218729,0.00025598146,3.4590638,0.059103977,6.3930182,1.2576472,28.893309,5.0566654e-05,9.665043,2.1740952,4.318368,73.274765,1.0277224,0.014905927,0.0012427913,0.1443804,1.4230518,0.008259445,0.07046716,0.0074202707
1.2237505,0.00026913435,3.4919767,0.06574725,8.203465,1.4137776,38.97661,6.615047e-05,13.105472,2.331191,3.3740938,76.679924,1.2065862,0.016178707,0.0015862725,0.19760863,1.6625118,0.013029979,0.10203024,0.009564806
1.1829349,0.000280826,4.1178203,0.08773762,7.7600517,1.59183,40.339848,7.4629985e-05,11.661834,2.743916,3.191811,88.91251,1.5437473,0.020087102,0.0020460638,0.21573569,1.8517988,0.01461945,0.07861082,0.009691713
1.3077658,0.00028147746,4.152643,0.056840286,9.49059,1.4542655,51.60337,6.4360145e-05,12.725032,3.1981044,2.670492,79.48612,1.7607232,0.014653444,0.0019230272,0.19612756,2.2720993,0.012392754,0.07546331,0.011733286
1.212575,0.00021567076,2.8195038,0.0961382,6.632814,0.98843396,32.760796,4.8534483e-05,15.096093,2.323847,3.7259705,65.74512,1.2411156,0.012975735,0.0011807448,0.14185038,1.8969942,0.011166825,0.08027672,0.008158114
1.2363911,0.00030277928,5.519821,0.08488613,7.607864,1.6991662,34.983753,7.418901e-05,11.819025,3.6330605,3.935843,103.67734,1.9148574,0.020206012,0.0027257479,0.24322237,3.0700817,0.010373594,0.076024644,0.008979873
1.2409741,0.00040525195,7.2148447,0.09544101,9.086739,2.431406,40.29651,7.849659e-05,14.418099,6.1988187,3.2519479,152.38034,3.480361,0.020911891,0.0035721937,0.21776167,3.5373077,0.014283259,0.09712726,0.012214286
1.2030187,0.00036544327,6.3566337,0.08946377,8.745807,2.1885824,40.311943,7.276943e-05,13.561562,5.201164,3.2225862,128.96657,2.8251293,0.020679848,0.003158346,0.20077515,3.228382,0.013893856,0.091868356,0.01183487
1.2286513,0.00028403546,3.1428683,0.08913226,8.395135,1.0683966,42.929195,5.530852e-05,10.798227,2.5767615,3.5112998,63.24991,1.464344,0.018544702,0.0021645036,0.14925785,1.7426924,0.010331427,0.07494566,0.00858988
1.2214217,0.00029358265,3.2465785,0.08050575,7.9299493,1.1449684,40.459404,5.4360175e-05,11.272092,2.5961545,3.4790308,67.60814,1.4466696,0.01753189,0.0019296843,0.16071483,1.6934831,0.009347856,0.0721075,0.008216977
1.2464144,0.0003772505,6.5624623,0.08996781,8.898478,1.9742771,43.257477,7.097834e-05,12.986032,4.8426185,3.441895,140.82213,2.7836826,0.022924056,0.0031675498,0.20067678,3.3346136,0.012261516,0.08365589,0.011898138
1.253431,0.00043679058,7.730965,0.115760125,9.198719,2.4561553,42.698025,7.850675e-05,16.96364,6.438768,3.174119,161.65707,3.5366023,0.026042651,0.003670501,0.21407372,3.8472748,0.015118684,0.09659043,0.012670524
1.2464981,0.00038417743,5.977405,0.0994354,8.54082,1.9460626,41.6762,6.727908e-05,13.158362,4.2697363,3.450571,136.34325,2.2912316,0.025070995,0.002752064,0.19417918,2.739682,0.0127142845,0.087535605,0.012326213
1.216456,0.00046916815,8.266055,0.101893194,10.399568,2.7174518,44.441017,8.417415e-05,18.434809,6.5974035,2.8591256,160.29015,3.846813,0.026861034,0.0034920163,0.24225685,3.9877145,0.013925536,0.10813656,0.013366714
1.264973,0.00024386372,2.3600278,0.0743228,8.167763,0.79452974,39.337982,4.8325186e-05,9.7693205,1.578037,3.6320686,48.06195,0.80096537,0.016031485,0.0014954375,0.13882406,1.2535266,0.010365592,0.07668918,0.009278237
1.2459363,0.00024861854,2.5982668,0.072763905,8.168398,0.88515574,40.088802,5.1358544e-05,9.932234,1.8019192,3.163339,53.334953,0.96927416,0.017236158,0.0016515171,0.15641198,1.5033714,0.011155155,0.07294383,0.009977448
1.2469147,0.00023027728,2.7525046,0.073282935,8.105471,0.9704525,37.82376,4.9282306e-05,9.32766,1.9768097,3.718142,55.683914,1.0519375,0.015467826,0.0013978084,0.16709702,1.5013219,0.010886843,0.08039739,0.009111033
1.2702153,0.0002235796,2.4559734,0.0715746,8.0216055,0.87758374,38.426178,4.5666806e-05,10.104675,1.7576026,3.567378,50.710777,0.9161319,0.01625932,0.0014150433,0.13795161,1.2010347,0.010077692,0.07355407,0.008941816
1.255436,0.00022404963,2.1053393,0.06162858,8.14761,0.82821435,38.62964,4.637414e-05,10.277073,1.6039865,3.455176,44.281494,0.7918181,0.015584077,0.0013674424,0.13543528,1.1596283,0.00988514,0.07551154,0.008772537
1.2303759,0.00022886871,2.7213612,0.07022311,8.115681,0.9548776,39.595207,5.3012503e-05,9.660701,1.8761724,3.023995,57.31939,1.0458275,0.016571527,0.0015475663,0.17162655,1.5756701,0.011717846,0.08026401,0.009938688
1.2312428,0.00022176237,2.565371,0.06565346,8.145514,0.92522067,37.743217,4.8428556e-05,10.242693,1.7545035,3.1809895,54.581024,0.89227086,0.016073428,0.0013471353,0.15147641,1.3666074,0.010638596,0.074384734,0.00866772
1.2677686,0.00022798768,2.5751507,0.07210173,8.19606,0.8197822,39.155193,4.7603564e-05,9.644114,1.6730597,3.6240273,54.134747,0.86492443,0.016657187,0.0014042926,0.13783252,1.421246,0.010735833,0.072931536,0.009499635
1.2327474,0.00045580408,6.8696556,0.090675,10.094461,2.3503487,48.768223,8.469747e-05,15.746967,5.426737,3.1960196,141.48515,3.173299,0.023289885,0.0032444668,0.24057776,3.4797769,0.015466621,0.11080436,0.012551012
1.2338082,0.0003912312,6.014671,0.088465594,9.242113,2.1070771,45.28944,7.3673415e-05,14.057518,4.9867034,3.311575,121.81249,2.8651056,0.02267894,0.0027021014,0.23816387,2.9177988,0.014288414,0.08948756,0.012396141
1.21442,0.00032543595,4.1629424,0.072230645,8.7445345,1.2926884,45.53232,6.604406e-05,12.238605,2.8083718,3.0640132,90.35854,1.5846356,0.019190777,0.0021916402,0.20948558,2.2988443,0.011881986,0.07620694,0.010865655
1.2663609,0.00026466552,2.703763,0.07946836,8.10467,0.9636665,40.044994,5.288355e-05,10.150861,1.895318,2.9523091,60.008114,1.0509903,0.017420227,0.0017715202,0.16271976,1.5635569,0.011164742,0.07634335,0.009487125
1.195433,0.00026304487,4.0668526,0.06359206,7.8634243,1.5744443,40.05548,6.261222e-05,11.623325,3.4123497,3.3030615,82.15645,1.9341823,0.015334232,0.0020154186,0.1781333,2.002753,0.01237041,0.08388337,0.009587115
1.3031104,0.00035507276,3.8494468,0.09570229,9.70343,1.3481562,50.57854,6.8256835e-05,11.065795,2.9416466,3.3883176,82.1191,1.7210933,0.018302338,0.0023509257,0.23299421,2.1053765,0.013832223,0.087175414,0.011890334
1.2188351,0.00035873297,6.3816442,0.0773905,8.972764,2.442141,43.935165,7.330773e-05,13.190876,5.939798,3.3260038,132.25716,3.4892545,0.01914916,0.0031399634,0.24761178,3.044095,0.011784546,0.08851018,0.010374681
1.273467,0.00033095793,4.1317735,0.097618274,9.000072,1.2723906,44.807888,6.524899e-05,10.802666,3.231805,3.2561085,82.30819,1.9993316,0.021352334,0.0024863083,0.23185226,2.3795702,0.012276579,0.08111971,0.011765372
1.2348473,0.000282098,3.462901,0.081190154,8.688753,1.0899903,41.58511,5.9790553e-05,10.980041,2.1023579,3.3080547,79.413315,1.0796949,0.018800428,0.0016471416,0.19944897,1.8466369,0.011009185,0.07931117,0.01008233
1.265214,0.00029546933,3.8944502,0.08238441,8.851161,1.283006,44.98312,6.322825e-05,10.28543,2.7501926,3.1337206,82.83388,1.7033844,0.01972885,0.0019423295,0.22121093,2.186194,0.012858891,0.08135483,0.011595281
1.2280898,0.00037090163,6.4651446,0.084895305,8.938456,1.983982,43.719467,6.740371e-05,13.676781,4.944565,3.1436436,152.47722,2.7356908,0.022885274,0.0030217466,0.22801901,3.000952,0.012704806,0.08894851,0.010757412
1.2296888,0.00035904226,4.189406,0.079254456,8.611239,1.5135384,41.82176,6.87887e-05,12.183525,3.4278646,2.8817015,70.810875,2.2806354,0.022032335,0.0023850044,0.2449517,2.2509136,0.01253674,0.08602879,0.012030433
1.2544984,0.00032344967,4.4147434,0.09639171,9.012693,1.6110076,45.174995,7.040179e-05,10.6054735,3.673228,3.4671583,76.473076,2.2720885,0.021089906,0.002499955,0.26374683,2.2391672,0.012873556,0.09494326,0.012662966
1.334603,0.0003325914,3.6832435,0.0926273,8.680916,1.1323894,43.607906,5.797869e-05,12.272248,2.4493034,3.0493991,92.761925,1.245521,0.020339413,0.0018632917,0.18027076,1.9127736,0.010528201,0.07155536,0.008744483
1.2618428,0.0002640474,3.196564,0.07078146,7.9931436,0.94533795,39.211887,5.4632084e-05,10.578919,1.9581248,3.369374,76.75382,1.078976,0.018024683,0.0017814214,0.1554562,1.6334448,0.010188791,0.07277706,0.008587292
1.2543893,0.00027654678,3.0845516,0.070410885,8.289204,1.0270132,40.303146,5.4868935e-05,10.075231,2.1500437,3.4512374,65.62264,1.1658901,0.01669454,0.001736919,0.1641495,1.5734777,0.01032036,0.073763095,0.00899058
1.2519706,0.00029414467,3.2907064,0.07257885,8.077353,1.1178908,40.21592,5.5904366e-05,10.561952,2.3370676,3.2599623,63.38524,1.2842352,0.017998604,0.0018214697,0.16929317,1.7445838,0.010448169,0.075775236,0.009219684
1.2413627,0.00025581312,3.2821026,0.077455066,7.939509,1.138813,38.137154,5.2336207e-05,11.195037,2.5206199,3.4816406,66.61,1.315927,0.017336583,0.0017169729,0.16043192,1.7508868,0.010612441,0.080941,0.009397065
1.2005589,0.00030048034,4.1398544,0.06935916,7.743261,1.4318435,38.70662,6.446398e-05,11.352765,3.1611335,3.3327978,85.7332,1.9272953,0.0183687,0.0020281516,0.19586024,2.275189,0.0106179025,0.07791548,0.009077753
1.2799186,0.00026873284,3.5481298,0.08520402,8.264864,1.2584966,42.621094,6.0121958e-05,13.238989,2.5710003,3.269011,70.34875,1.3562403,0.01880231,0.0018608342,0.1824487,1.9038103,0.013186867,0.09222274,0.01117836
1.1704868,0.0004248039,9.922694,0.10069626,8.9556675,3.1411228,39.657543,8.4118736e-05,16.80753,7.877636,3.1502135,213.33798,4.063138,0.024047554,0.0035757963,0.23518449,4.40638,0.0156060355,0.1107807,0.013104634
1.2589452,0.00046486143,9.334572,0.11108284,8.673983,2.9593363,42.358437,8.059161e-05,16.759327,7.1602416,3.1003208,194.05501,4.134445,0.026390241,0.003618389,0.23499772,4.6141853,0.015865471,0.10743813,0.012515153
1.3099235,0.00030638318,3.7014227,0.08176931,8.112724,1.2971195,40.041405,6.013816e-05,11.406703,2.7237809,3.6284173,76.444595,1.4921933,0.019015562,0.002017766,0.18389359,1.9956462,0.011594559,0.08518344,0.00982149
1.1834848,0.00038101178,7.86332,0.09063477,9.075219,2.893641,42.014095,7.714739e-05,14.959653,7.041169,3.0795598,165.51762,4.4149833,0.022068888,0.0032982011,0.22727156,3.6417139,0.0134292785,0.09257485,0.01325299
1.2620115,0.00024701052,2.5595253,0.06060391,7.969175,0.7701615,38.35526,4.7727583e-05,10.610211,1.518283,3.808572,56.298767,0.8171613,0.015891355,0.0013891429,0.13356382,1.4472551,0.010227925,0.065590955,0.009388482
1.2715497,0.00029197842,3.4936218,0.065817334,7.9496546,1.035724,40.790462,5.709821e-05,11.795089,2.1106462,3.7884643,78.78196,1.1263824,0.020277206,0.0019401677,0.15959541,1.8834778,0.01058049,0.07005428,0.010339222
1.191224,0.00034106642,5.3979,0.08240288,8.697426,1.9669429,40.854618,7.0076974e-05,14.32821,4.7647033,3.0086808,111.155464,2.6579432,0.019041806,0.0025718398,0.23169842,3.157766,0.012554299,0.08474884,0.010948123
1.2593904,0.0004302597,7.61095,0.10343847,9.160297,2.8937602,42.195457,7.6470365e-05,16.699223,6.7558613,3.8634162,152.66159,3.9114645,0.023653457,0.0033671497,0.22314669,3.625876,0.015775558,0.100999154,0.01285968
1.2335892,0.00024737604,3.4701288,0.086669266,8.263636,0.88560045,37.647358,5.1651623e-05,10.832928,1.9390904,3.2576344,78.91432,1.0141381,0.01997004,0.0018171669,0.14118877,1.7492095,0.011677554,0.069706656,0.009702576
1.2727907,0.00047579678,8.475715,0.099580936,9.820005,3.461519,46.791466,8.963018e-05,14.798144,8.286667,2.8383427,173.40985,4.654676,0.025345765,0.00443753,0.26391548,4.4294977,0.014558902,0.10841378,0.012713682
1.2317214,0.00044690358,8.585786,0.09835106,9.645718,2.9992208,43.977226,8.712163e-05,16.75254,6.5654187,3.305858,188.29095,3.8679547,0.02491132,0.0038622515,0.23285122,4.207099,0.015018281,0.10353502,0.0132527305
1.2594136,0.00021552207,2.4000885,0.06473729,7.8768525,0.7934157,37.585155,4.755881e-05,9.660978,1.5608983,3.418109,50.750473,0.7585208,0.015783498,0.001428291,0.11357034,1.1579645,0.010192749,0.07323819,0.00909846
1.2158415,0.000504205,9.775735,0.11375406,9.5966015,4.4886274,44.3738,9.205792e-05,18.524513,10.097908,2.8269958,189.80423,5.188982,0.02529924,0.0040093577,0.28801852,4.744104,0.018461393,0.12040367,0.015751544
1.1907945,0.00042451028,7.760957,0.098591305,9.620048,3.2910888,46.5634,8.0210324e-05,15.779111,8.418949,2.9602401,157.9524,5.050027,0.021946128,0.003288394,0.23721504,3.3348277,0.014951594,0.10473801,0.013879109
1.2142272,0.00037233238,5.436101,0.09576899,8.4663105,1.6512436,44.172855,6.802567e-05,13.55946,3.6367612,3.420107,110.66565,1.8922993,0.024792152,0.0023308354,0.18931791,2.6323655,0.012695199,0.088732965,0.010492605
1.1934965,0.0005562625,9.5448265,0.14181204,9.318187,3.7974572,41.568798,9.349402e-05,22.795534,9.474835,2.7402232,195.53622,4.8464627,0.029329313,0.0039839223,0.2831126,5.3211503,0.020972311,0.12087059,0.013152137
1.1885992,0.00029782587,4.762763,0.076707155,8.359969,1.4742298,39.81268,6.215597e-05,12.957767,3.6046834,3.0950735,96.83038,2.0524974,0.018793054,0.0022070932,0.18211082,2.4303875,0.010263942,0.07996933,0.010005595
1.2220495,0.00029310142,4.069601,0.08282525,8.361125,1.2642574,39.69152,6.27725e-05,11.087657,2.66491,3.3253503,90.48121,1.5748361,0.020248072,0.0020087897,0.18381044,2.0965905,0.011287934,0.07276568,0.009614714
1.2394571,0.0002813537,3.504924,0.063367985,8.123982,1.0968397,38.424248,5.4352487e-05,10.771143,2.5629783,3.4713385,69.09286,1.427224,0.016401006,0.0019584063,0.1661501,1.7526351,0.011459352,0.07637192,0.01066572
1.2565913,0.00026898982,3.441016,0.0664377,8.090758,0.99292606,38.20185,5.5597e-05,11.458057,2.2382727,3.3795545,70.97786,1.294122,0.01715673,0.0020135855,0.16254276,1.9460534,0.009731111,0.070041455,0.009303468
1.2269087,0.00025160937,3.3829632,0.064997934,8.168318,1.001951,39.55091,5.4214415e-05,9.971768,2.2866676,3.1929727,69.9034,1.3004345,0.01688127,0.0018589507,0.1652287,1.8599547,0.010241833,0.0704525,0.009547259
1.2105169,0.00038105206,6.73173,0.09710661,8.792089,2.2615416,39.879047,7.040537e-05,14.306437,5.596093,3.1633015,138.91643,3.0583992,0.02136835,0.0029383223,0.19858584,3.0983546,0.013105638,0.08932638,0.012211919
1.2109007,0.00035947608,6.467599,0.0885025,8.723555,1.979199,39.711086,7.1590934e-05,13.350054,4.697284,3.4761097,132.18181,2.5747628,0.022074122,0.0032043862,0.18542868,3.164704,0.0119987475,0.08515288,0.011783013
1.2271338,0.0003866782,6.8270054,0.09344049,8.6133585,2.3168888,41.27863,7.2004805e-05,13.617128,5.721233,3.2651758,139.0571,3.1938422,0.022752954,0.003446166,0.20308913,3.2497947,0.012568308,0.08299862,0.012540476
1.1944294,0.00025109612,2.9882417,0.06604965,8.040857,0.9666224,38.174976,5.269557e-05,10.638959,2.1578817,3.2942245,58.629875,1.2689468,0.016454667,0.0017937793,0.15683182,1.5803245,0.009835205,0.07746098,0.009017576
1.2089559,0.00025358843,2.672478,0.09452756,7.8627906,1.1682668,35.24421,5.1968123e-05,16.348782,1.9830806,2.3561327,61.862724,0.95285577,0.014410418,0.0016375605,0.16078621,1.3723767,0.012047176,0.10753306,0.010740548
1.2651927,0.00028358234,3.042047,0.12474124,8.184925,1.2452762,32.056427,5.5956065e-05,15.158852,2.159291,2.3889942,65.47976,1.016614,0.017576203,0.0016111372,0.16180864,1.564666,0.011690923,0.11673614,0.009478879
1.2332886,0.00023045306,2.7077558,0.08642009,8.882057,1.1545382,38.55559,5.437843e-05,18.545628,1.9950768,2.6759636,59.604958,0.9371461,0.014862089,0.00174963,0.15377365,1.2705616,0.0130879395,0.123597026,0.01103157
1.1077228,0.00019507403,2.3622727,0.086131625,6.810876,0.95581037,27.760529,4.424732e-05,12.038839,1.9612366,2.418106,54.423313,0.96767014,0.011672841,0.00115721,0.11505119,1.320454,0.009133895,0.092817545,0.00786424
1.6556242,0.00027379932,2.9946623,0.08440736,8.352968,1.1827817,28.774134,5.2470717e-05,11.844792,2.2218242,2.3579516,57.287636,0.967081,0.018026566,0.0014118393,0.15192027,1.489024,0.013518999,0.08408156,0.011026749
1.2794894,0.00015691493,1.9856483,0.06929213,6.9090924,0.86021936,35.225174,3.8877013e-05,11.107616,1.7975916,2.2987988,50.70017,0.66111416,0.014858787,0.0012105892,0.10470441,1.0781833,0.008398666,0.0603803,0.0084626395
1.2266076,0.0001853163,2.2414417,0.0822307,7.7275243,0.8869827,36.25223,4.538035e-05,13.394612,1.5657616,2.3749332,52.819393,0.8422057,0.013712985,0.0013951354,0.13529113,1.1200457,0.0111319395,0.10209379,0.010262303
1.1914338,0.00018290538,2.059476,0.070864744,7.150334,0.9531868,34.739803,4.2006817e-05,11.957229,1.7218474,2.3129332,55.579483,0.66933626,0.013045351,0.0008053182,0.10837421,0.9605006,0.00932172,0.10380311,0.008379447
1.2088864,0.00020630486,2.6051424,0.085233964,7.019882,1.0188111,32.85902,4.5802124e-05,13.628247,1.8274208,2.2292356,59.326668,0.78138876,0.018258391,0.0010611615,0.1036071,1.3752744,0.012872613,0.080916874,0.009303772
1.1898353,0.00022623109,2.3576202,0.06753661,7.169517,1.0584034,32.981335,4.8657672e-05,13.22945,1.9935942,2.3973634,51.385662,1.0080692,0.012309291,0.0009457852,0.11476237,1.1039766,0.007824213,0.08221916,0.0069401874
1.2223982,0.00017839333,2.0148196,0.07226911,7.6586156,0.9835448,32.468113,4.003538e-05,12.815046,1.7822363,2.3290539,47.423725,0.8800915,0.0125822425,0.001091892,0.11949402,0.9208214,0.008283616,0.089682885,0.008062899
1.2938637,0.00020281636,2.2390215,0.0748319,7.841441,1.034347,38.166843,4.756897e-05,14.914131,1.9190631,2.2817407,55.205364,0.8961938,0.014688225,0.0010771375,0.12379687,1.0640062,0.011570215,0.08402279,0.0089193275
1.184696,0.00019904798,2.0552685,0.08781791,5.3365808,1.0688599,24.641861,3.840986e-05,14.163796,1.9391897,2.2999172,53.654694,0.66493386,0.0135946395,0.00088931224,0.09474623,1.2661813,0.0099242,0.08721071,0.0077783475
1.3095912,0.0001804972,1.7082185,0.09023049,7.5745645,0.8444657,29.153196,3.7004527e-05,12.902873,1.4491328,2.20184,45.096466,0.5426468,0.013418897,0.0008583237,0.105524026,0.78103024,0.009162238,0.08961389,0.008019788
1.240606,0.00021898281,2.2335613,0.09695469,8.143893,1.0995271,37.361176,4.7936115e-05,15.066205,2.0732446,2.3195767,58.800465,0.741944,0.021177772,0.0012437871,0.1528436,1.2108847,0.012044146,0.112501726,0.009680403
1.1750969,9.571528e-05,1.9117507,0.07081859,6.1667347,0.9269694,32.27708,3.80027e-05,13.511814,1.5318356,2.2859404,52.44071,0.48800555,0.0074788616,0.00088371715,0.10461044,1.1680754,0.009111843,0.08534196,0.00857267
1.2461929,0.0001817643,1.5360429,0.07521515,7.0066357,1.0269469,32.464478,3.8104048e-05,14.065534,1.6921816,2.25438,46.902737,0.57936335,0.010567475,0.00064726674,0.10607163,0.9051349,0.009936941,0.092279576,0.007721631
1.231163,0.00013371829,1.9244502,0.06763483,6.411797,0.9778041,26.2059,3.4341723e-05,13.93146,1.8602507,2.238636,51.50254,0.5552932,0.009956374,0.00073007244,0.08800202,1.0738192,0.008794039,0.08426275,0.0060684416
1.2308431,0.0001440783,1.8719523,0.07936102,6.2855687,0.83459026,21.968477,3.721804e-05,10.489266,1.6923959,2.0733871,46.371456,0.8220208,0.016316453,0.0015936127,0.08753067,1.2285761,0.009300953,0.0737422,0.008108261
1.1777174,0.00023452754,3.106992,0.073593624,8.154704,1.361315,37.287025,5.1272524e-05,13.125754,2.4491441,2.7605546,66.89805,0.9426841,0.017254887,0.0014720992,0.14584394,1.5290475,0.013894542,0.090236254,0.010585109
1.1564308,0.00018073263,2.3181252,0.063431166,6.9542527,1.055865,30.589277,4.2887947e-05,11.074552,1.875994,3.2316704,45.16935,0.7957061,0.012932771,0.0010432528,0.12520109,1.1949042,0.010989094,0.09734829,0.0090268105
1.2326725,0.00018807966,2.1387708,0.06640993,7.6785474,1.0542582,32.77132,4.9232618e-05,12.567493,1.8324276,3.087469,57.601963,0.731152,0.014654498,0.00088593917,0.1253891,1.1411668,0.009632786,0.08998988,0.0070892796
1.2044089,0.0001829012,2.9907289,0.06540089,7.3670645,1.418083,32.29868,5.0243943e-05,12.996148,2.4321446,2.6548994,62.799458,1.1671782,0.01299627,0.0016766265,0.13781963,1.5136056,0.01080609,0.112531036,0.009719173
1.2063836,0.0002450505,3.5068882,0.06494852,7.4746943,1.4924576,33.559513,5.188033e-05,11.715339,2.8073802,3.135991,80.32305,1.4090853,0.015508468,0.0018219552,0.15860792,1.7935394,0.010465826,0.09376821,0.009502602
1.174132,0.0002494029,3.7825758,0.07555318,7.3163238,1.2723573,35.826145,5.053907e-05,14.395774,2.9023998,3.5758495,82.68422,1.3132395,0.014892655,0.0017704023,0.14861184,1.8581182,0.010297346,0.06398159,0.0079599805
1.2092359,0.00029305933,4.514744,0.081438266,7.274915,1.360737,31.693314,5.7172176e-05,14.525173,2.5141358,3.5781922,96.79186,1.213955,0.017755674,0.001783613,0.18014956,2.5802271,0.012537878,0.074823394,0.0094601195
1.2505848,0.00021883153,2.3458028,0.07358363,7.8005414,1.160645,34.39747,5.142329e-05,12.62136,2.0388136,3.2862732,57.24709,1.0368671,0.014639433,0.0012495231,0.13377118,1.3413105,0.010739938,0.09507383,0.0076601366
1.1866437,0.00019077558,2.6634445,0.046476442,7.3196363,1.1115158,32.228283,4.553634e-05,10.193621,2.274628,3.492541,53.63254,1.1937335,0.01360011,0.0012458933,0.11811312,1.2736421,0.010496142,0.070887215,0.0077527277
1.3195771,0.00018309552,1.848842,0.07259169,9.055559,1.0869977,38.751072,4.000537e-05,15.996534,1.5518322,2.295856,54.414562,0.80627435,0.013853004,0.0009082001,0.10567081,0.81031275,0.010613871,0.09191142,0.008689048
1.1402732,0.00020105587,2.3353329,0.08489807,6.3523684,1.1074959,29.331133,4.774014e-05,14.409357,1.7810154,3.0948157,52.15402,0.7579361,0.0127899,0.00082881324,0.101662636,1.176881,0.010845093,0.09810175,0.007966359
1.1984082,0.00023510672,2.478239,0.068829075,7.199861,1.1224638,32.91539,5.0789455e-05,12.500205,2.0049124,3.9228308,60.373146,0.93849254,0.015470773,0.0013518705,0.13031627,1.4261777,0.010746906,0.08807066,0.008283848
1.2031604,0.00023159992,3.2342963,0.08106927,7.755938,1.3513237,36.064854,5.5264136e-05,14.083506,2.5120606,3.3169706,74.89262,1.0365853,0.01879646,0.0016928477,0.15297252,1.732743,0.012452509,0.08435753,0.009945871
1.1745329,0.00026756283,4.370124,0.07094082,8.149708,1.6895449,38.75785,6.263738e-05,15.111977,3.0220249,3.0018985,106.48261,1.3562266,0.017358724,0.0018127386,0.17777604,2.3084214,0.014379884,0.095278494,0.0105937775
1.2904377,0.00031968078,4.1827497,0.08885041,9.567929,1.485449,55.8846,6.164181e-05,12.299003,2.922513,5.166311,80.166435,1.4441218,0.019825026,0.001978741,0.2091494,1.9294153,0.011790229,0.095839165,0.010826495
1.3370166,0.00035819964,4.710632,0.113493964,9.429212,1.5777711,55.943913,6.8206056e-05,12.704281,3.0106769,4.3467755,87.45796,1.4992622,0.021803794,0.0024272942,0.22460672,2.2687852,0.01421965,0.10193257,0.013106881
1.2501515,0.00030370732,3.276658,0.08631115,8.625338,1.351063,48.459087,5.760171e-05,13.265595,2.624434,2.7815862,73.32469,1.2538183,0.019390814,0.0019751994,0.16799898,1.7481849,0.010296498,0.088711984,0.010111758
1.2430737,0.0002923009,3.5105007,0.0838037,8.655321,1.4042677,50.95378,5.786117e-05,12.800981,2.7599442,2.9580927,76.70088,1.3180239,0.019665288,0.0019661454,0.17231193,1.8463448,0.011067213,0.09045085,0.01128916
1.2074488,0.00031167534,3.9820402,0.09417174,8.663763,1.6808254,50.406246,6.264761e-05,17.637094,3.2163293,3.1113777,87.29556,1.6088346,0.022542525,0.0023663316,0.17205115,2.0643694,0.012525992,0.10819441,0.013232428
1.333251,0.0003834676,4.8463855,0.086853124,10.448654,1.708816,61.54958,7.1643066e-05,13.42833,3.209969,3.3291514,93.71552,1.7325561,0.02144599,0.0022381418,0.22364728,2.2395241,0.013108288,0.11197844,0.0134214815
1.3235792,0.00032916755,4.0532193,0.074925184,9.737699,1.4949118,56.364204,6.180723e-05,10.617138,3.0813231,2.7696505,84.30728,1.4518359,0.018954039,0.0018718437,0.19696878,1.9520293,0.011530546,0.087754376,0.0105232615
1.2979131,0.00031048374,4.167696,0.06789449,9.46532,1.4976518,53.066124,6.346461e-05,11.346821,3.0383766,3.80137,80.71911,1.4461571,0.017740147,0.0019914072,0.20131992,1.8694135,0.010938117,0.08720172,0.010685818
1.3423817,0.0003479541,4.19754,0.08744972,10.336427,1.6539742,54.761856,6.7175126e-05,11.681944,3.3954077,6.8291655,88.273415,1.7671072,0.020522665,0.0023555052,0.21104608,2.0779712,0.013369852,0.092564315,0.012578186
1.2781463,0.00032783824,4.0442476,0.08834815,9.559403,1.471667,54.184658,6.123518e-05,11.833161,2.9132879,2.9138727,81.21224,1.5847561,0.018747082,0.0021398866,0.19538309,1.8919408,0.012095488,0.09313328,0.011930158
1.3119259,0.00045298185,8.008096,0.117714554,10.422533,2.9717376,53.26612,8.99454e-05,17.978783,7.4804325,3.9965775,145.73238,3.3007483,0.024894109,0.0033649583,0.29785794,3.59124,0.020469379,0.13767596,0.020280413
1.3185183,0.0003931606,6.7659225,0.111013256,10.084565,2.5162978,52.42436,7.0992704e-05,16.229502,5.8880763,4.0908794,129.32884,3.0313196,0.025401257,0.0029611008,0.25646165,3.1216161,0.017292397,0.116150916,0.01647953
1.3335254,0.00032509046,3.8143733,0.0976338,9.470884,1.3741384,53.060867,6.1114784e-05,12.383915,2.9174595,4.525619,76.853355,1.3301413,0.021919934,0.001870075,0.20528166,1.63322,0.011738729,0.101452805,0.012163992
1.3671579,0.00038644683,4.530734,0.07997201,10.359164,1.7515874,56.782528,6.8704445e-05,11.383189,3.555129,2.6834245,91.420616,1.8485656,0.021164846,0.0022178567,0.20954353,2.3119593,0.011967788,0.08917642,0.011718019
1.3517064,0.0003941427,4.979375,0.094328806,10.710814,1.7958173,57.65225,6.939565e-05,12.171311,3.8289716,3.180345,96.30757,2.0435314,0.022311892,0.002629908,0.22869554,2.5390851,0.01342964,0.09942346,0.012801824
1.3046523,0.0003103166,3.2422554,0.06969308,10.032877,1.3027401,49.6434,5.797483e-05,10.828025,2.6669123,4.6037326,68.49729,1.1889853,0.018337145,0.0017888953,0.17586772,1.4473928,0.0105822245,0.083908476,0.010612897
1.2738836,0.00036955974,3.9587207,0.0862744,9.582896,1.3829311,53.53442,5.9014663e-05,10.999826,3.2715702,4.424943,80.36612,1.5105861,0.020856483,0.0019859478,0.19161297,1.8447195,0.012328973,0.08313418,0.012326861
1.3410112,0.00030015802,3.5531049,0.082058504,8.74153,1.2266352,44.489166,5.769263e-05,11.633127,2.5844173,3.6962383,73.045006,1.3631344,0.019920226,0.002361765,0.1818239,1.884813,0.010923254,0.07798006,0.010580226
1.2965922,0.00036086855,4.9797897,0.08428165,9.941932,1.6555163,51.5549,6.487471e-05,11.8405695,3.5200212,3.886817,94.139656,1.6654819,0.021816665,0.002520892,0.20355728,2.3959706,0.012200953,0.082090914,0.0107408175
1.410702,0.00030545043,4.055158,0.07804074,9.803819,1.3477383,57.138954,5.727447e-05,11.923975,2.590318,3.3751972,78.51755,1.2749949,0.018069036,0.0017482386,0.18796416,1.87441,0.012493671,0.07759243,0.0104800565
1.2591568,0.00039644097,5.1018996,0.10000537,10.487237,2.0381684,57.539337,6.889789e-05,12.4037895,3.9253473,3.495406,98.244026,1.7565398,0.021194385,0.0023037803,0.21401252,2.394393,0.014811349,0.0968712,0.013341383
1.2271264,0.0003421601,4.2621174,0.08303041,10.046679,1.9869423,54.03822,6.58509e-05,14.404331,3.8123174,2.4772792,94.06624,1.8380107,0.021485277,0.002399172,0.19716018,2.1639,0.015567156,0.10414727,0.013503824
1.2749451,0.0003187966,3.9731522,0.0757966,9.913362,1.4318129,50.115017,6.332164e-05,12.6539135,3.1660104,4.4982824,83.16807,1.6493505,0.020218147,0.0024290173,0.18593621,1.8824365,0.011769131,0.087788805,0.01118081
1.3115106,0.00032851298,3.7837934,0.076257534,9.712969,1.4735286,53.378944,6.2162246e-05,11.896873,3.082045,4.695307,80.29847,1.5294288,0.019745726,0.0021213752,0.19158974,1.6915281,0.011839584,0.083710164,0.011068568
1.2402505,4.6297508e-05,0.81313044,0.05759149,6.540891,0.4518142,33.812916,2.0663121e-05,7.7911305,0.81805557,3.6803305,41.06327,0.08662645,0.0052896016,-0.00024145818,0.10183428,0.6023649,0.0042415913,0.06755341,0.0066731237
1.1983427,5.6785182e-05,0.8506258,0.061161585,5.3051777,0.403104,31.757383,2.1503885e-05,8.1186075,0.740065,3.6106555,41.40476,0.10539454,0.0059481384,-0.00015783076,0.08195851,0.6218533,0.0034154016,0.064234145,0.0053030946
1.1902752,8.2206316e-05,1.1799561,0.07643083,7.969371,0.5611803,37.138798,2.3016546e-05,10.858204,1.0811287,1.9080377,35.850574,0.28703275,0.010909299,0.00044473883,0.055423867,0.5871807,0.0066947094,0.07719484,0.0070552113
1.2632898,0.00011496886,1.3276296,0.07502072,6.9035745,0.6388129,34.706367,2.8408102e-05,12.460891,1.1663299,4.3433204,45.83272,0.39446756,0.009365556,0.00040308211,0.10525043,0.8824614,0.00918175,0.079954624,0.007819697
1.0998858,4.857825e-05,1.0471927,0.05900773,5.7531013,0.6065615,26.917082,2.7731277e-05,8.591768,1.0333995,2.1667187,44.038628,0.2665903,0.007924805,0.00012602341,0.08591727,0.6701818,0.005119528,0.08138143,0.0067341253
1.2519138,0.0001103972,1.2389408,0.07149524,6.7879467,0.64734066,34.980316,2.8117973e-05,14.017195,1.1548501,4.0564547,43.143906,0.3756736,0.008383604,0.00051100814,0.08759226,0.75501674,0.0084109185,0.07805839,0.0074418336
1.2082477,7.258146e-05,0.933598,0.09730603,6.422888,0.5476196,36.399963,2.8221739e-05,11.013396,0.91713464,4.2978315,42.887566,0.1924383,0.0075646415,2.9848276e-05,0.09391236,0.59519345,0.006860036,0.08695541,0.0066718417
1.3086314,6.737375e-05,1.0301224,0.07225907,5.5709558,0.5711682,33.33008,2.5419895e-05,8.336013,0.878667,2.2433243,45.186237,0.086276226,0.010842074,-2.5906602e-05,0.07678765,0.7417546,0.005035779,0.06412852,0.0063886913
1.1923233,0.00010099906,1.3889815,0.061505266,6.8030457,0.7472448,24.352694,2.8027795e-05,15.40253,1.2727119,2.642846,47.21583,0.2108857,0.009396463,0.00012227547,0.09423529,0.7432352,0.00745619,0.067067124,0.006563671
1.1391476,0.00024281828,3.8164618,0.062033523,7.5136933,1.6037211,34.417713,4.67348e-05,11.834272,3.242393,2.8353689,79.36285,1.44507,0.012829424,0.0018503005,0.13788283,1.8198103,0.009460453,0.10265038,0.01122565
1.3054069,8.3829014e-05,1.2738068,0.0706391,6.4828734,0.6615761,31.57861,2.6364452e-05,10.793153,1.037259,2.2888374,48.041576,0.11015558,0.011893606,6.763896e-05,0.110315226,0.8968681,0.0064642946,0.067611195,0.008830245
1.132278,0.00010149338,1.1842666,0.06847286,5.268505,0.5333857,25.82641,2.8330795e-05,7.2038903,1.1734393,3.2494042,50.293766,0.32072556,0.010871734,0.00035937995,0.08353577,0.7354789,0.0044086296,0.07561845,0.0063257893
1.2756845,6.2137064e-05,1.1141486,0.049684208,5.687526,0.5621714,29.193636,2.5646877e-05,8.279283,0.9850841,2.6300957,47.512535,0.12082343,0.008757895,-9.895305e-05,0.083564535,0.7949295,0.0050587268,0.06746819,0.0066870144
1.1787398,8.8180714e-05,1.2212874,0.063448116,4.8080974,0.70433664,25.790052,2.6235806e-05,8.633654,1.227579,2.7348294,51.792114,0.1591984,0.009184725,-0.00025216592,0.090917684,0.85275006,0.0050623,0.08967566,0.0060460204
1.3428781,0.00011635732,1.2044666,0.0753361,6.7325025,0.62435097,35.87519,2.7586864e-05,11.25202,1.0757921,3.5809915,46.177094,0.20986716,0.008855007,0.00014022143,0.106136814,0.7506806,0.0068747853,0.07692334,0.0070549212
1.2197763,7.883305e-05,0.99899954,0.060530864,6.9434195,0.6286352,34.710205,2.6800664e-05,9.297758,1.0334206,3.8351302,46.434944,0.20630452,0.006941574,-9.50349e-05,0.13112774,0.59996986,0.00591895,0.09133228,0.008209333
1.2555912,6.802266e-05,0.883295,0.06647136,6.6556807,0.50122786,35.346115,2.5765665e-05,8.734786,0.7846664,4.5966177,43.222874,0.10725463,0.006988733,-0.00011804045,0.105090335,0.61661863,0.0058396584,0.080002174,0.0064363414
1.2871792,0.00014522816,1.6448281,0.076014005,7.2874427,0.74501455,36.05816,3.752028e-05,11.948047,1.4240737,3.7666953,43.718353,0.51253146,0.0129096275,0.0011883088,0.097938046,1.0526298,0.0070380107,0.071561225,0.006806547
1.2171776,0.00014713815,1.4305528,0.09555199,7.487424,0.7303123,33.78218,3.0962754e-05,13.385015,1.3148923,4.7252665,45.19935,0.49380672,0.010753854,0.0005660936,0.09021789,0.89790446,0.009087069,0.09115375,0.0075357435
1.273439,7.493787e-05,1.276117,0.05984683,5.956995,0.6570798,29.604105,2.5744195e-05,10.032558,1.0605688,2.8514347,49.05233,0.13319753,0.0108259795,-4.0515493e-05,0.092522584,0.8673152,0.005365712,0.06592444,0.0064352164
1.1105554,3.4111676e-05,1.0684574,0.072311334,5.580657,0.46403354,26.025518,2.2475979e-05,10.300869,0.7150759,2.3286943,44.75121,0.05538157,0.007916736,-0.00014438452,0.07397281,0.6025402,0.0053411135,0.067862555,0.0054074
1.2075651,0.0001034275,1.3430853,0.06403197,6.9593983,0.62182045,35.721836,3.0351675e-05,10.078788,1.1767383,2.7740648,44.467674,0.22299363,0.010386088,0.00014074602,0.093187094,0.8789682,0.006049249,0.07132195,0.006776765
1.192828,6.318857e-05,1.0927829,0.061851043,5.774063,0.57649976,31.078047,2.6905605e-05,8.8535795,0.91881907,2.6460204,45.56,0.14731598,0.01002374,1.2652945e-05,0.085786246,0.7779808,0.0040624957,0.08486896,0.0056101694
1.1607252,6.110934e-05,1.152445,0.048913967,5.2139654,0.636102,23.972088,2.6318252e-05,8.478599,1.1428026,2.5582511,47.5272,0.1345906,0.008272904,-9.266121e-05,0.07520748,0.7881511,0.0043288204,0.080651596,0.0059233215
1.2979707,7.9471276e-05,1.2919406,0.06027097,6.175893,0.5855643,31.044802,2.6381384e-05,8.325448,1.1772267,2.9914732,50.840076,0.23581293,0.009439091,0.00012535232,0.081337124,0.9256196,0.005245656,0.062149063,0.006595585
1.1897688,0.0001732924,1.7896966,0.054529075,6.5481224,0.86500293,28.562075,4.015509e-05,12.757209,1.2872514,2.743319,46.389782,0.51395416,0.011102325,0.000878815,0.075811565,1.0425768,0.009549994,0.086024426,0.0062497393
1.2619221,0.0001572208,1.5709391,0.0812198,7.532609,0.7078732,35.833035,3.6611775e-05,10.891396,1.3466014,4.5571766,43.305904,0.42839357,0.0119143445,0.00072729646,0.09196974,0.86998326,0.006835284,0.074400686,0.00661836
1.1492106,0.00011665224,1.2323897,0.07711522,6.1596913,0.6271311,43.50041,3.3497545e-05,10.279813,0.8344613,3.4914258,46.36694,0.14658554,0.010002174,-2.7709979e-05,0.119201034,0.80074775,0.00770455,0.10340985,0.007527356
1.3208315,5.3303906e-05,0.9021358,0.056945227,6.704433,0.5020578,31.863062,2.137211e-05,9.801524,0.8934778,3.5007954,41.7212,0.17336833,0.0070210756,5.099744e-05,0.09636492,0.65671736,0.0047876853,0.06625513,0.005764208
1.2550961,5.043554e-05,0.9048201,0.05438277,6.9497294,0.5487699,31.381838,2.2272588e-05,9.204126,0.91028845,3.3556159,42.709282,0.19887069,0.006979009,-6.343359e-05,0.115495354,0.6351363,0.005243493,0.07439189,0.007230848
1.1316785,5.5405297e-05,1.0318072,0.06494027,5.6721935,0.63197994,23.771646,2.4092986e-05,9.142042,1.0158207,2.4113147,45.867752,0.19323155,0.007952075,-5.9824215e-05,0.09810647,0.530623,0.0060919737,0.09498218,0.006868167
1.1164268,5.327888e-05,1.1419929,0.056195155,5.2822294,0.47636086,26.401955,2.6451498e-05,8.448647,0.8913158,2.3661401,48.78846,0.14810473,0.009260939,-6.0718525e-05,0.08482087,0.76980424,0.005874349,0.07323265,0.0063956287
1.1460577,7.8321216e-05,1.1377316,0.056976173,5.142247,0.46245107,23.938267,2.5751708e-05,7.5332036,0.7995173,2.3213134,45.888287,0.099868074,0.009584234,6.556058e-05,0.07723146,0.7175047,0.0037460767,0.058248077,0.0048823785
1.1559974,0.00011273495,1.2484847,0.06928554,6.9867225,0.5800365,30.376398,3.407215e-05,8.80394,1.0240456,5.446735,40.893124,0.24903294,0.010704579,0.00033159385,0.12777069,0.82387775,0.006353597,0.070234194,0.0065618716
1.2160351,7.337565e-05,0.8458947,0.07826254,6.473636,0.44268796,33.425888,2.2824524e-05,7.7063513,0.83855885,3.6446743,39.046738,0.08472248,0.007175955,-0.00019143807,0.09650138,0.51712936,0.0041345917,0.06601512,0.00664617
1.1832043,9.322197e-05,1.2979817,0.08144714,6.2493553,0.6835861,30.560318,2.8045431e-05,9.731003,1.2646595,2.9256022,45.84067,0.22697811,0.010063108,0.00012905488,0.08644075,0.89189196,0.006933657,0.0728773,0.006858424
1.1161078,5.3912936e-05,1.2189419,0.06567759,4.8628097,0.5850082,24.066246,2.8386965e-05,9.652751,1.0457145,2.561311,49.47294,0.20956646,0.008453762,4.4204273e-05,0.088268936,0.8150513,0.0055500073,0.0771069,0.0048271623
1.0906526,8.201425e-05,1.2299203,0.054505486,5.5166297,0.574515,23.646912,2.713631e-05,9.307547,1.054053,2.5767853,47.1996,0.19612283,0.0077011674,-1.0140307e-05,0.09273179,0.8016094,0.0054229503,0.06656568,0.00495882
1.2662367,9.079517e-05,1.0762106,0.07634856,6.3809404,0.5402179,30.469849,2.4021296e-05,10.222479,0.94727206,4.3988795,40.077583,0.27876294,0.009656867,0.00013890304,0.09180558,0.690908,0.0070383544,0.063893676,0.0066368533
1.2710209,6.39003e-05,0.8433476,0.06384631,6.8783746,0.38915184,35.57819,2.0636684e-05,7.518087,0.77632415,3.9406497,41.367485,0.13501391,0.0048202965,-0.00017825005,0.09810746,0.6494949,0.0031798969,0.06103386,0.005673183
1.2404627,9.132758e-05,1.3964145,0.055568226,6.2188015,0.5958608,23.194489,2.4353409e-05,9.873497,1.0479444,2.5047305,41.13739,0.36271283,0.012301113,0.0006967282,0.05981478,0.7955943,0.006688733,0.05502568,0.0054308344
0.96627694,9.191209e-05,1.4747754,0.07238683,4.4559317,0.6375118,18.31416,2.6375435e-05,12.174926,0.94780636,2.7623844,48.31764,0.14520904,0.010219629,-0.00016003755,0.08556612,0.9904023,0.0063639362,0.06093393,0.0059360154
1.0941317,9.52744e-05,2.0213914,0.048312906,7.156636,0.7714217,32.97859,2.974862e-05,10.115306,1.3755498,2.7346177,46.76939,0.5315414,0.012861633,0.00073510216,0.09057843,0.82382673,0.0064348103,0.08794467,0.0076039447
1.2432164,0.000107965614,1.3485024,0.06395348,6.0619874,0.68888795,31.000387,2.8840188e-05,12.742237,1.2778298,3.7246027,44.489384,0.4086828,0.007969169,0.0005018415,0.098160036,0.9212567,0.006910305,0.07396059,0.0066976417
1.1639144,0.00011203732,1.3035021,0.07041797,7.203,0.5943898,33.55681,3.5645167e-05,10.132209,1.0346136,5.6729116,42.73917,0.24837795,0.010781681,0.0004355939,0.11557081,0.87017065,0.0062570823,0.07268069,0.0065675764
1.2747684,9.720982e-05,1.081745,0.07385179,6.7388153,0.53337044,34.92521,2.7796787e-05,10.063024,0.9522804,4.4277973,41.842197,0.2541493,0.008650375,0.00028503936,0.11271891,0.8566551,0.0059971195,0.06486831,0.0057721366
1.281812,7.9363606e-05,1.0650364,0.076200195,6.3383937,0.59150195,31.976538,2.601845e-05,10.919265,0.96302295,2.894338,40.28323,0.2689102,0.0074655823,0.0002700818,0.09858042,0.82970047,0.0078659635,0.06073079,0.0068617375
1.2771003,7.0092545e-05,1.0292125,0.07160698,6.307848,0.60233897,34.059998,2.593202e-05,10.300514,0.98022604,2.7652268,40.1288,0.27588204,0.0072860518,0.00031676958,0.10837882,0.8550855,0.007932893,0.07010547,0.00730333
1.2438375,6.262086e-05,1.1400455,0.066386215,6.3285456,0.602967,28.828539,2.4475901e-05,13.820721,1.0584183,3.1460125,38.774437,0.3300122,0.0077896114,0.00047495397,0.07753559,0.68719167,0.008232557,0.07037668,0.0071230987
1.3318182,6.271562e-05,0.9215416,0.07229095,6.6199903,0.5281361,35.28816,2.3258066e-05,9.261053,0.89535964,2.8202903,37.52518,0.21755525,0.006798276,0.0002797828,0.09907382,0.7453532,0.007289807,0.06000366,0.0068409843
1.2344835,7.563129e-05,1.1417702,0.07576519,5.623266,0.5845738,25.211422,2.3455206e-05,12.884013,1.009926,3.671002,39.37508,0.29756123,0.008479422,0.00018032237,0.07396698,0.6729045,0.0077748634,0.07147122,0.0066324077
1.2596097,6.3431915e-05,0.85607594,0.05777152,6.1669207,0.38505772,30.413664,1.7923156e-05,7.4134502,0.7596684,3.51821,40.2837,0.12867467,0.0052983356,-0.00012025312,0.088592045,0.5762938,0.0038200193,0.056537904,0.0058867815
1.1041609,6.848714e-05,1.0954925,0.05735984,4.928228,0.54166144,24.90554,2.4656709e-05,7.3486104,0.88289505,1.9481821,43.777306,0.114584744,0.008101101,1.2121997e-05,0.070349626,0.69351304,0.0046942392,0.08167527,0.005610114
1.2146916,0.00010497304,1.4529947,0.08729899,6.389399,0.69906694,26.531136,3.3816017e-05,11.281163,0.9447371,1.9226407,52.184364,0.1887435,0.012099745,0.00044934676,0.101107545,0.97279924,0.007590212,0.086332515,0.0069389953
1.2547909,6.650921e-05,0.94324005,0.07776421,6.119681,0.5170774,37.329357,2.3708093e-05,8.010912,0.84315944,2.8183434,42.065907,0.03016923,0.00847316,-8.690207e-05,0.0830541,0.56407714,0.004310103,0.0742158,0.0062958663
1.3624473,0.00031353327,4.329222,0.06880153,10.370397,1.7377969,62.976254,6.483013e-05,12.323942,3.580908,3.4518173,89.40046,1.880785,0.017385699,0.0019670185,0.2033413,2.259637,0.012404719,0.095165,0.011889673
1.2411425,0.00030444883,4.226569,0.07632307,9.05849,1.7024407,49.917824,6.161827e-05,10.501942,3.4470441,4.0416903,88.232185,1.8658367,0.017616598,0.0022131165,0.18910848,1.9188956,0.012321583,0.09794848,0.010668915
1.2935575,0.000406548,5.748171,0.11529062,9.344424,2.1392899,47.19052,7.159383e-05,14.718164,4.557718,4.594997,115.153915,2.100039,0.020918932,0.002144429,0.23501696,2.572244,0.016824141,0.12030583,0.013112077
1.3511451,0.00047663227,6.7727356,0.14573674,10.325542,2.1270661,50.236668,7.783301e-05,14.885778,5.025288,4.4397335,147.76892,3.0617232,0.026064124,0.0034187566,0.23856787,3.894908,0.017755896,0.09980445,0.013003431
1.45024,0.00041118552,5.4418387,0.14946526,10.783118,1.8114731,55.59189,6.8402944e-05,15.377679,3.675612,4.4429903,114.765816,1.9279745,0.025308667,0.0027577493,0.23074289,2.6312187,0.017246595,0.11095301,0.014498044
1.3869349,0.0003880251,5.412357,0.14330615,10.360599,1.6543057,52.16151,6.636391e-05,15.534882,4.240143,4.330448,116.5434,2.1383662,0.025216633,0.0032938651,0.21153145,2.7525065,0.013764877,0.10863821,0.012614182
1.3128515,0.00036637706,4.828101,0.096928306,7.924435,1.5961707,42.26037,5.749772e-05,13.747482,3.2020767,3.4098043,93.9048,1.7426848,0.022534458,0.0020815947,0.2005721,2.1861804,0.013749946,0.08488422,0.011912035
1.2473782,0.00036867475,5.6766424,0.09217463,9.896105,2.1287923,56.55715,6.934978e-05,14.562824,4.24457,3.974915,103.38171,2.1107059,0.022528104,0.0024595063,0.22458005,2.2959301,0.014765025,0.11285658,0.0122390855
1.201767,0.00039463342,5.22019,0.09223819,8.130879,1.9480411,42.944714,5.908611e-05,13.406292,4.357936,3.8403068,100.23451,2.3130245,0.019841447,0.002516716,0.19506742,2.636138,0.013539442,0.09746267,0.009960944
1.0539238,0.00028092312,4.257777,0.06569197,7.6563883,1.7444569,28.61222,5.520792e-05,11.059177,3.6451216,2.0666757,88.69768,1.544077,0.018999089,0.0020503365,0.15940826,1.9074664,0.0129895015,0.077900425,0.011632492
1.3205147,0.0003619973,4.7208643,0.08862463,8.919867,1.4512503,50.89481,6.68344e-05,12.49246,3.1271465,3.9131732,93.53878,1.6454791,0.022156399,0.002322539,0.2011897,2.3629565,0.011570112,0.08268452,0.010095452
1.2454948,0.00026216483,3.515743,0.06998416,7.9027185,1.3090239,36.519466,4.832263e-05,10.902706,2.7866113,3.9418178,68.15926,1.332358,0.017151078,0.0018640875,0.16419911,1.6071619,0.013264345,0.07769601,0.011046828
1.3009827,0.00029013478,4.148365,0.081385225,8.321577,1.6059171,44.12807,5.9179667e-05,11.019917,3.3870802,4.149799,81.179665,1.7537215,0.019160716,0.0020644467,0.19487453,1.9821925,0.012269907,0.08684738,0.01118852
1.0682293,0.00029561398,3.967023,0.0761013,7.392173,1.7131351,30.997879,5.7136313e-05,12.384449,3.4009206,1.0416666,80.220055,1.439759,0.017857235,0.0015558196,0.15430948,2.025788,0.012806243,0.088749945,0.009744402
1.3186069,0.00034992705,4.9499125,0.08714834,9.382812,1.5347707,56.78739,6.450475e-05,12.645727,3.4607656,4.2997117,98.42975,1.7789521,0.019851014,0.0021259522,0.18943946,2.2918563,0.012671737,0.08081163,0.011265424
1.2463019,0.0003135335,3.664324,0.074898094,8.697888,1.4296882,42.048866,6.361843e-05,10.865433,2.6090226,2.8122919,76.1936,1.3334793,0.023011498,0.0018690403,0.18550497,2.0915883,0.011786611,0.08803901,0.011717364
1.2066654,0.00035902244,4.672175,0.10111527,8.052489,1.9212149,38.801975,6.3972846e-05,11.515326,4.3597383,1.9229348,91.3695,2.3083556,0.021550357,0.00271484,0.18165226,2.7628171,0.0132819405,0.08445082,0.011628913
1.2931368,0.00032913592,4.1883335,0.098865286,8.477235,1.6463622,39.769844,5.8309928e-05,15.89744,3.5070393,2.8897965,82.97534,1.611892,0.021133931,0.002243296,0.17615432,2.1181822,0.014383637,0.09155237,0.012526998
1.2050843,0.0002902298,4.211557,0.09026195,8.42089,1.6192914,41.244587,5.7207777e-05,11.493736,3.2557302,4.662445,83.914345,1.6235869,0.019963298,0.0019929267,0.18899174,1.7144246,0.013925777,0.10044607,0.011142375
1.4686501,0.00020316595,0.9838261,0.058099553,11.923014,0.94172657,48.620277,4.0364466e-05,13.876735,1.5234618,3.6626124,46.782288,0.6926654,0.013954577,0.0014402561,0.08467139,0.834611,0.0076505477,0.0695829,0.007533264
1.3828558,0.0002014832,1.1694019,0.05321644,13.409544,1.1300309,48.292103,4.279848e-05,12.653862,1.8032887,4.867542,51.724594,0.81810594,0.0132296765,0.0014169192,0.095340215,0.9077791,0.008769323,0.08020406,0.007891722
1.397104,0.0002030238,1.2687062,0.08016382,14.240203,0.9888427,51.784084,4.253718e-05,13.094706,1.6780881,5.9967127,55.917496,0.7879872,0.015340881,0.0013205241,0.080953054,0.9647094,0.0097008925,0.07944958,0.008571052
1.3854917,0.00021129313,1.3865739,0.075284846,12.253193,1.0479825,47.719105,4.1496536e-05,16.182386,1.8132002,5.6579885,57.79462,0.7689103,0.015696686,0.0013530042,0.08000518,0.89775145,0.010264154,0.08254552,0.008461971
1.4661325,0.00021157051,0.98121476,0.057592686,14.112397,1.0024323,53.48906,4.1701103e-05,16.202969,1.6706592,3.4475756,46.234005,0.7565812,0.012348572,0.0012456501,0.072874725,0.85426575,0.009859561,0.07331304,0.008459343
1.4762294,0.00022111951,1.2236035,0.053163495,15.596634,1.142684,55.979706,4.5302586e-05,13.405434,1.8401787,3.3748345,57.83471,0.95208013,0.01284969,0.0014676417,0.0806295,1.0135733,0.009598628,0.0732818,0.00857831
1.4309781,0.00020847985,1.1180041,0.068288855,17.01879,1.2051429,59.128685,4.587646e-05,14.78359,1.8519992,3.5934455,60.0604,0.8902325,0.015901593,0.0016394815,0.09172819,0.91622055,0.010646792,0.08147099,0.009225754
1.166443,0.0001333815,1.3571318,0.07417276,8.194023,0.8474806,30.316944,3.564076e-05,18.002222,1.5050523,3.5208085,45.370483,0.3935031,0.008565056,0.0006244228,0.10846774,0.9773635,0.008610939,0.08325505,0.0069603985
1.2431026,0.00013806637,1.851399,0.05272226,7.354005,0.98641855,34.377518,3.6954825e-05,10.010865,1.7452682,3.7084918,46.29733,0.5879647,0.008756274,0.0008664998,0.093254566,0.9763217,0.010423506,0.10719933,0.0087536955
1.3201704,0.00015622728,1.7109022,0.07997609,8.436949,0.82758594,30.835302,3.473363e-05,11.305445,1.6741025,5.267181,45.721622,0.56167537,0.013930727,0.0010276499,0.11266072,1.0331602,0.009553225,0.09081332,0.009078988
1.3371321,9.846483e-05,1.3953605,0.06399323,7.604041,0.75139177,31.732895,2.9769863e-05,11.182236,1.3282853,3.9074295,42.769123,0.43083894,0.009836402,0.00074716215,0.07576283,0.93626547,0.009110422,0.06675434,0.007264716
1.2373854,0.0001634004,1.4613204,0.098514065,7.2197723,0.64351624,29.15862,3.907774e-05,11.988292,1.2330264,4.1113462,40.318165,0.42328715,0.010099876,0.0005842021,0.12401868,0.9096142,0.008504632,0.071565695,0.0071743773
1.1548724,0.00018761089,1.43888,0.08414407,7.2581997,0.78375924,31.212076,4.016825e-05,15.045134,1.2485763,3.2089067,43.26643,0.36214188,0.010900641,0.00039470795,0.10917213,0.7777198,0.0076884176,0.10703315,0.006537391
1.3232963,0.00028019436,2.509078,0.09650643,7.7840796,1.0217949,34.31677,5.3178457e-05,20.811483,1.808522,3.6582856,49.844093,0.91474366,0.017562805,0.0015390496,0.15415645,1.5060897,0.012258976,0.094525486,0.008980156
1.3223174,0.00019675892,2.318301,0.07989644,7.6842723,1.0857873,34.409874,3.936091e-05,9.731605,1.8765653,1.4064791,48.39955,0.90168375,0.016394924,0.0012184266,0.10729592,1.1685231,0.007381764,0.07349857,0.007049079
1.2863704,0.00012155168,1.2384593,0.06756172,6.583736,0.56046844,35.81346,3.0924846e-05,9.772499,1.0339237,4.1658382,42.976154,0.27660418,0.008593239,0.0002950529,0.08686627,0.71726114,0.0059690485,0.0701837,0.0057860366
1.1687126,0.00011713657,1.3670212,0.08172549,6.614298,0.84622824,29.242424,3.4910623e-05,13.132392,1.5566044,5.1541123,41.0041,0.4284548,0.0078325905,0.00057590427,0.11280328,0.9449871,0.00910193,0.0910252,0.008102812
1.1719514,0.00029404217,5.6996145,0.077425055,7.4817505,2.1332097,36.48985,5.8099457e-05,12.30833,4.472826,1.0310608,112.09182,2.0706832,0.020543655,0.002367879,0.12085922,2.4815962,0.010927633,0.09049642,0.009842215
1.1117423,0.00031979007,4.9817452,0.0710935,6.3298216,1.8786258,30.337303,5.62453e-05,10.282419,3.4858644,1.3684201,99.515434,1.768533,0.020748049,0.0021905815,0.09695434,2.395277,0.010900217,0.075104326,0.009562918
1.2436296,0.00026752063,5.0550003,0.064346194,7.6246514,1.6786671,36.036957,5.6886875e-05,10.328011,3.3676398,0.95423824,99.101494,1.7278507,0.019969365,0.0021002959,0.11666674,2.3056686,0.0104845455,0.07309669,0.009069997
1.2173694,0.00036195788,6.760752,0.07870785,7.656511,2.2301354,35.64516,6.0898186e-05,13.047014,4.5884013,1.1938387,133.03015,2.350764,0.022688925,0.0028744496,0.12951988,2.7316623,0.010912425,0.07452439,0.009947387
1.2572821,0.0001838282,2.6265714,0.04818455,6.934789,1.1917418,32.178635,3.485794e-05,9.263633,2.1283998,1.7857662,54.87698,0.98651063,0.014033875,0.0012415103,0.074469574,1.0130112,0.008718192,0.07332712,0.0077891788
1.2105113,0.0003561167,6.5408244,0.07798395,7.8832617,2.2706788,36.014904,5.92431e-05,13.731402,4.684623,2.4870422,131.04056,2.3985171,0.024388887,0.0030388162,0.12353831,2.6373422,0.01024118,0.08172767,0.010052377
1.2994977,0.00031971204,5.683742,0.08022862,7.738313,1.9278259,35.20444,5.5898898e-05,12.687479,4.180721,2.3462622,112.06808,2.184065,0.0231633,0.0025814245,0.11159093,2.4609172,0.00990718,0.07115166,0.009108829
1.117992,0.000247318,4.0797505,0.06324072,7.262082,1.6658123,33.254578,4.584547e-05,8.616192,3.4077253,2.7482364,78.14208,1.6623628,0.017671978,0.0022422865,0.07646125,1.7645375,0.008125136,0.071896195,0.008814029
1.1238,0.00026640706,4.2486186,0.06480671,7.2249928,1.654514,33.223343,4.8616585e-05,9.322237,3.4622245,2.4282506,83.98901,1.5673627,0.01896905,0.0019639174,0.07951645,1.8916163,0.009624851,0.08216161,0.008473194
1.1921011,0.00039504288,10.811414,0.10473426,9.058485,3.5955951,43.103657,7.889297e-05,19.747463,8.889865,0.50617963,209.97069,4.4328914,0.02509698,0.0035182869,0.21249902,4.471894,0.016405893,0.11207558,0.014726312
1.1568038,0.00033711235,7.814391,0.08073194,7.9242353,2.7813427,38.33273,6.5393004e-05,14.2874365,6.0212293,0.8474423,154.35852,2.7758663,0.021339694,0.0026434504,0.13772704,3.2434366,0.012758965,0.098436266,0.011582464
1.0144005,0.00027977352,3.7645452,0.065994486,7.2032104,1.9150273,33.62743,4.855558e-05,10.695632,3.450049,2.3754122,78.70081,1.737506,0.017108537,0.0020057475,0.103899054,1.5951567,0.010160531,0.08987071,0.009043528
1.1862874,0.000279892,4.5907493,0.06609116,7.215778,1.8973612,33.786777,5.432264e-05,11.942692,3.4031572,1.1144307,95.602295,1.5864779,0.019232295,0.0017437625,0.10910683,1.7771508,0.010028819,0.08307479,0.00885008
1.0317518,0.00021457348,2.9606113,0.04707702,5.9054484,1.1188234,22.882944,4.2564396e-05,8.27494,2.247821,1.1959548,65.33949,0.93801457,0.014519783,0.0013432956,0.065066695,1.3546467,0.009351282,0.087216906,0.007295524
1.3285344,0.0002683623,4.5536046,0.08606092,7.99693,1.7399892,33.89185,5.6538727e-05,11.360422,3.3902154,2.798055,88.77516,1.6931285,0.022006404,0.0022892007,0.104777075,2.1322162,0.0101162745,0.070184626,0.008718818
1.2331092,0.00019818328,3.355805,0.048712075,7.766049,1.5663161,38.485626,4.6137233e-05,10.0962105,2.9021165,1.3870595,72.745415,1.4311497,0.014974088,0.0014103203,0.1019577,1.3798624,0.010429668,0.08368706,0.010095287
1.3787663,0.00026412573,2.4373462,0.12174984,9.594106,1.2211394,43.01271,5.0029197e-05,27.637615,2.7259395,4.1330214,58.655804,1.3770816,0.0136054875,0.0018650701,0.16655885,1.508326,0.020440817,0.14671485,0.013787471
0.9990578,0.00020746142,3.0787394,0.079799734,5.184868,1.0537785,23.122473,4.7889713e-05,10.573003,1.9527657,1.9917568,65.96403,0.7846988,0.013129683,0.0017491208,0.079186365,1.7766025,0.0106952395,0.09711894,0.007650972
1.1554708,0.00020671244,2.9667451,0.019640427,7.2785697,1.352128,30.072039,4.7564474e-05,11.65896,1.999937,3.04595,57.70409,0.55519307,0.01340335,0.0011171276,0.18226688,1.2237097,0.017376952,0.081126586,0.010955766
1.3533332,0.00026837338,3.5311923,0.052476678,8.80751,1.1964289,42.184727,5.3827705e-05,10.525909,1.8423616,3.1869526,79.34394,0.48339218,0.021248214,0.0014889988,0.1760392,1.7383059,0.015096131,0.041629042,0.010569937
1.3245162,0.0002515071,3.4084392,0.049387526,8.373261,1.3400602,36.579678,5.076961e-05,12.45866,1.9933754,3.2433262,76.708206,0.56312245,0.019600727,0.0013851661,0.17626955,1.4380966,0.016471954,0.06285128,0.010603989
1.2370903,0.0002666291,3.5934014,0.029767327,7.9144034,1.3846551,39.85534,5.737119e-05,11.360389,2.412271,3.539553,79.43461,0.7014831,0.018715879,0.0015180011,0.17993368,1.6824592,0.017391017,0.07930874,0.011881415
1.1947775,0.00025009242,3.5961475,0.05538445,7.5404215,1.4469752,36.681572,5.3848136e-05,12.839225,2.6928024,3.7645,74.082436,0.83943075,0.018662743,0.0015841144,0.17358305,1.5761439,0.019837542,0.108439185,0.013337188
1.2933861,0.00030899604,4.9265447,0.063652426,8.658931,1.4905471,43.556343,6.377694e-05,10.990149,3.2486305,3.602227,102.06915,1.5060692,0.021453943,0.002107951,0.22383125,2.6188304,0.01298576,0.028577007,0.009882877
1.3049335,0.00028610154,4.1352196,0.092032015,8.550417,1.4462639,40.236813,5.9367507e-05,11.0875845,2.6325793,3.2205997,91.893654,1.018607,0.021907547,0.0018087574,0.15951663,2.1820674,0.014713083,0.036109637,0.008997014
1.2462544,0.0003178236,4.2112513,0.086516455,8.5821085,1.5899998,40.42334,6.1228115e-05,12.64096,3.0940197,3.0663946,87.03798,1.22878,0.020911792,0.0018252514,0.18133935,2.0059562,0.014982132,0.096513465,0.011705993
1.2714286,0.00029762287,3.9231498,0.090042114,8.663474,1.3731937,40.47906,5.7851932e-05,12.4942,2.6497865,3.0974145,84.52329,1.2263156,0.019541465,0.0017654073,0.17707539,2.047387,0.016468076,0.06597131,0.01157392
1.3048556,0.00033290646,4.7555647,0.11948593,9.063961,1.4740974,45.43678,6.312091e-05,12.040117,3.5734615,3.1273615,104.805244,1.63728,0.021952098,0.0025019739,0.19854455,2.7641017,0.013277569,0.057513185,0.010370226
1.2586608,0.00030723636,4.496764,0.06264194,9.190706,1.5235084,45.900425,6.123989e-05,11.88437,3.1415887,3.077706,94.38715,1.2667968,0.018793155,0.0018081354,0.21474342,2.1903887,0.01734715,0.075393856,0.012873171
1.2640506,0.00033145165,4.643408,0.09116661,9.479878,1.7522881,49.072685,6.654981e-05,12.043794,4.090888,3.8782885,100.231964,2.111329,0.02043743,0.0023362816,0.23653334,2.6216757,0.0172619,0.0633062,0.012618295
1.0588496,0.00024894008,3.6674075,0.0876246,6.974174,1.3556346,27.359858,5.0197534e-05,13.224897,2.5153856,2.4586332,78.33509,1.088564,0.019533316,0.0015005883,0.101259686,1.7282257,0.014486102,0.083734155,0.0104889665
1.2398034,0.00031374785,4.787334,0.10179962,8.095868,1.5987204,38.949825,5.9711216e-05,12.038887,3.656466,3.0173333,102.72725,1.9221667,0.020305064,0.0023649589,0.18017425,2.8575432,0.013984529,0.045778677,0.009687494
1.2919984,0.00030992832,4.450083,0.10465439,7.709932,1.549921,34.628178,5.600723e-05,11.812948,2.96417,3.3729005,100.06784,1.4284267,0.023779908,0.0018797506,0.13723966,2.181872,0.014863478,0.068622,0.010075268
1.3053765,0.00028543477,3.140048,0.1290877,7.9738355,1.1851599,43.168747,5.158324e-05,10.536655,1.8025177,2.9193356,89.562485,0.68121827,0.024188563,0.0016914756,0.10048149,1.6304357,0.010672967,0.044838965,0.008192755
0.96837586,0.00024808876,3.4516916,0.05301066,5.8589926,1.3775994,20.37822,5.136117e-05,9.862372,2.8600712,3.9386218,66.8502,1.4474266,0.015323664,0.0018234242,0.13063958,1.7642401,0.00975664,0.06966721,0.008199075
1.1233594,0.0002191165,3.2929256,0.06343141,5.4813347,1.2575111,21.592958,4.5525707e-05,8.453377,2.4383292,4.5921135,62.48697,1.285043,0.01663583,0.0018019247,0.12792382,1.528694,0.010395046,0.07443777,0.00945689
1.0969242,0.00027706925,4.481057,0.07017986,6.520548,1.4695865,26.270359,5.744776e-05,9.081569,3.4783561,3.601409,76.7578,2.0605285,0.020081004,0.0027286354,0.15155913,2.3848996,0.010568275,0.0727305,0.010886919
1.1405928,0.0002589176,4.158913,0.07209665,4.6259212,1.6114587,15.177255,4.7780715e-05,7.3553486,3.6225226,2.1183193,79.67481,1.5926517,0.016629416,0.0018762663,0.124194354,1.8876365,0.010618441,0.084643304,0.008665689
1.1805688,0.00018828924,2.539022,0.06509071,6.817165,1.1351241,27.781952,4.783933e-05,10.41736,1.9630257,6.066015,46.37311,0.9258261,0.01432811,0.0013500476,0.13597257,1.2630078,0.011032341,0.08824591,0.0092963055
1.1219121,0.00023140566,3.0616527,0.058225643,5.6039276,1.2764548,22.130184,4.619618e-05,9.700841,2.3742495,4.405241,58.20353,1.1964277,0.01680739,0.0016448749,0.11629744,1.5333102,0.010358273,0.07017838,0.008921363
1.1728171,0.00033987936,3.804861,0.08533803,7.3893685,1.7128168,34.16717,6.298104e-05,17.577196,3.1744764,4.595745,81.75425,1.4703232,0.020772684,0.001970632,0.1601061,1.7129208,0.010958661,0.11725673,0.010420996
1.1531063,0.0002176543,2.6597912,0.063996986,7.1599793,1.0712687,32.184467,4.407655e-05,11.033876,1.934787,3.8845215,55.814236,0.8537674,0.012604783,0.0009772491,0.12987024,1.2208631,0.010058452,0.080396354,0.008235064
1.1822604,0.000223587,3.0802507,0.054113045,7.3937974,1.260094,30.054234,4.621601e-05,10.158537,2.6868217,3.840785,54.198887,1.5154659,0.014541643,0.0019282323,0.15078022,1.706632,0.011221309,0.0742109,0.008902745
1.2246451,0.00021311725,2.874823,0.05358503,8.452992,1.2531108,31.374693,4.921552e-05,9.629601,2.3951728,1.8706471,54.184994,1.2150968,0.015927866,0.0016910771,0.13334483,1.4601265,0.010322862,0.08190662,0.010460399
1.1915926,0.00023891618,3.4040895,0.06166925,7.620491,1.3670807,28.438728,5.1296844e-05,9.088196,2.7055862,1.6432374,66.32345,1.2714713,0.017498486,0.0015120445,0.15007055,1.5911255,0.012345888,0.09539672,0.010978398
1.2346447,0.00033510433,5.0524197,0.07065304,7.576025,1.8824288,31.156101,5.6007197e-05,13.663859,3.907334,2.9454792,102.787125,2.241369,0.018315414,0.00205925,0.15884902,2.321708,0.011160885,0.070308745,0.0101105515
1.2711831,0.0001935835,2.4623907,0.059982024,8.858042,1.0610112,34.847305,4.3910935e-05,10.12771,2.0580528,3.5181255,45.447872,1.0633442,0.01354239,0.0011964343,0.12785016,1.3125635,0.011617142,0.08341065,0.010102388
1.2178255,9.946956e-05,1.5291222,0.075421214,5.999323,0.6521286,29.009201,3.2028882e-05,8.744448,1.1811715,1.1258564,43.839436,0.32623005,0.008153975,0.00028706473,0.08658428,0.8780476,0.008128746,0.07584631,0.006839864
1.2163193,0.00015664811,1.584822,0.07926998,6.3850965,0.81996894,34.790634,3.4118348e-05,13.4404545,1.3280466,0.64727044,47.804996,0.52338314,0.012673969,0.0008799729,0.093994185,0.96991736,0.0076108556,0.09770908,0.006807372
1.2361671,0.00017520128,1.8629545,0.09885716,6.9892445,0.76652855,28.399776,3.681185e-05,13.21178,1.4524833,2.77558,47.279713,0.6728967,0.014797097,0.00082779676,0.09094857,1.028301,0.011145649,0.08783838,0.0077846027
1.3205539,0.0002135543,2.7181911,0.064185195,7.1709275,1.1523764,28.811193,4.5833473e-05,9.36048,2.3421786,6.480686,49.380024,1.0954494,0.016085068,0.0014177196,0.12943706,1.5717485,0.010892934,0.08539028,0.008445887
1.1749823,0.000183166,2.0048316,0.05601729,5.5451827,0.96469235,26.976648,3.7155954e-05,10.952351,1.6907256,1.1051152,50.736496,0.6717819,0.0127084525,0.00070418126,0.0771754,1.0009296,0.0060385778,0.08280476,0.0060368273
1.1942315,0.00021836422,1.8892269,0.093276516,8.057491,1.1352564,26.06966,3.6509577e-05,15.496329,1.947062,1.3589035,50.36821,0.821683,0.014204295,0.0011491181,0.08350094,0.99154556,0.009922876,0.09069354,0.0072671473
1.0133758,0.000114361595,1.3375262,0.10077949,7.788733,0.65469295,36.587215,3.5672147e-05,14.316548,0.9271429,1.5541135,40.835747,0.346052,0.014966224,0.0013222486,0.06796091,0.91683793,0.008243194,0.08300355,0.0077164
1.1636176,0.00017217659,2.033328,0.06529869,6.4792705,1.1785222,25.813816,4.3502267e-05,10.909282,1.8841665,0.9574916,53.57585,0.77822894,0.011942917,0.0011627168,0.10099458,0.9774734,0.00838811,0.08875827,0.0070700925
1.2958478,0.00031870796,4.493593,0.061461825,7.464853,1.5894641,29.92443,5.2255e-05,12.288197,3.6732342,2.7270806,82.83077,1.9482546,0.018191038,0.0021123942,0.16953972,2.2109594,0.01115744,0.08607798,0.010081643
1.2579626,0.00022597564,2.174848,0.04884006,5.5317407,0.8882613,26.305069,3.68124e-05,12.582234,1.6734337,2.2492464,51.033253,0.6665662,0.01328027,0.0010270524,0.10584104,0.9749921,0.007450154,0.09221474,0.008226953
1.1429251,0.00036266114,5.341393,0.07512183,6.659979,1.8794781,28.117413,6.078156e-05,12.804408,4.2145724,3.1519141,97.91413,2.187831,0.022224877,0.0026600081,0.17744732,2.565323,0.0107648345,0.09029538,0.011113514
1.2196038,0.0001269194,1.4084827,0.0697544,6.797742,0.7590246,29.816689,3.1555068e-05,10.825102,1.1275036,0.9341759,44.43132,0.38453218,0.010028217,0.0008435793,0.089300215,0.72061867,0.007270704,0.07906766,0.007384407
1.1798816,0.00024847934,3.1404018,0.076694414,9.125791,1.4953377,27.183315,5.1404255e-05,11.5300255,2.8431547,1.1252303,66.15687,1.4182397,0.014963127,0.0020713597,0.13773532,1.6523135,0.011487295,0.08594418,0.010300547
1.1382695,0.00031146346,4.6226034,0.06679782,6.5192075,1.5677208,26.683208,5.5590917e-05,11.771204,3.4891012,3.2184286,83.54133,1.8906007,0.02073287,0.0023994397,0.16174571,2.2016985,0.010719047,0.082967214,0.010043961
1.2287064,0.0005504547,10.913513,0.114302,7.2138834,4.213841,34.48932,8.2707e-05,18.58246,10.381399,2.5764956,206.34442,5.7785325,0.02732662,0.0046065426,0.26628685,5.567361,0.01700478,0.12678812,0.015527521
1.183567,0.0004284745,9.21602,0.08234996,7.840743,4.1575384,35.110237,7.913722e-05,16.59002,9.2100525,2.5362048,185.63878,4.8661957,0.023847636,0.004094148,0.21792701,4.4633145,0.014787649,0.115744136,0.016711626
1.2278553,0.00018559775,2.5832849,0.048212945,8.166958,1.1219273,36.526882,4.3842876e-05,8.40277,2.2836392,2.0347457,49.03184,1.0151645,0.013064867,0.0011388039,0.12649143,1.2711223,0.0103494255,0.08788409,0.010340966
1.2747568,0.0001904491,2.4111598,0.052356258,9.155043,1.0776888,37.388565,4.3928136e-05,9.256572,2.0768356,3.1313477,44.717747,1.0478476,0.011800638,0.0011445612,0.12983164,1.2914071,0.011705509,0.092259295,0.010403727
1.2626885,0.0002124431,2.4605067,0.06793448,7.9820914,1.0536772,31.352032,4.529559e-05,9.3516,2.1614332,3.7470834,44.74119,0.97064465,0.013226217,0.0011305762,0.1303249,1.2110226,0.009791594,0.103073545,0.009357557
1.2141799,0.00015630784,1.5856404,0.069538504,7.2581916,0.8149191,29.121456,3.8069204e-05,10.591477,1.4129223,0.8784903,46.516453,0.564052,0.0104991235,0.00092163944,0.11336618,0.9628961,0.0075979466,0.08691917,0.0075408053
1.2174666,0.0001360429,1.6825885,0.062967315,6.672591,0.8376722,29.69387,3.769633e-05,12.030163,1.4367557,0.91016245,47.532574,0.57486445,0.011563984,0.0007769858,0.11006539,0.96972275,0.008690009,0.08925869,0.00817971
0.996209,0.0002530781,3.1913304,0.064276166,5.5756035,1.5578926,22.214195,5.0385217e-05,18.962305,2.9259715,3.0485144,62.123047,1.1122599,0.01356537,0.0013484763,0.111617714,1.77692,0.010403656,0.09061053,0.007157474
1.1352062,0.00027622966,3.3080359,0.10008823,4.1398873,1.0489881,22.422539,4.844744e-05,17.587605,2.0759609,1.764419,81.91087,0.6001724,0.021178268,0.001097264,0.11145202,2.2386374,0.010679477,0.06920907,0.00795726
1.4213221,0.00022289729,2.350351,0.06679012,8.680268,1.0222218,33.155586,4.7903006e-05,11.586485,1.8627002,3.2396781,41.22062,0.90307564,0.018256407,0.0013794437,0.12796439,1.3420027,0.011727704,0.08341285,0.008974484
1.1030194,0.00021781083,2.6820529,0.10180489,5.89094,1.1328082,39.171047,4.8755668e-05,15.670787,2.2662122,2.7416077,64.99506,0.9506804,0.013383064,0.0012159122,0.11669595,1.7995996,0.013636963,0.119643725,0.011256675
1.19404,0.00038715042,6.623333,0.090252064,7.633252,1.9767017,38.672623,5.591211e-05,12.626708,4.729683,2.7179518,125.39287,3.0962186,0.020912692,0.0035228815,0.17605491,3.375075,0.0099977795,0.06920993,0.010126341
1.2456567,0.00017772053,2.1732569,0.045161866,8.200977,0.98155934,28.579672,3.6855472e-05,10.662602,1.7732188,2.5870268,39.71186,0.8455238,0.013267463,0.0010866768,0.10374044,1.0427607,0.009937967,0.08218232,0.008245459
1.2268126,0.00037222658,5.615622,0.109694704,8.533464,2.1570678,35.55874,6.5108696e-05,12.818397,5.041191,2.7668939,104.1875,2.5481808,0.018183328,0.0025543824,0.19942382,2.4393027,0.014789927,0.11569063,0.0140756555
1.149458,0.000245537,2.4494069,0.12696855,8.280591,1.1686559,38.13239,4.9091206e-05,25.429398,2.4466836,4.9570127,53.31675,1.043946,0.01405083,0.001483783,0.11069055,1.4530991,0.009650275,0.10178832,0.007820776
0.9987035,0.00017115936,2.6771936,0.06314799,6.8507514,1.074614,30.90757,4.0533785e-05,14.785754,2.1907604,2.3772278,62.769726,0.7455824,0.013133815,0.0011507035,0.11415846,1.1325231,0.008157399,0.076822884,0.008598731
1.1512802,0.00015403736,1.6916547,0.04935028,6.6967587,0.86826605,30.342825,3.6562786e-05,13.019838,1.5482929,0.98818296,45.12831,0.5994965,0.01080398,0.000694971,0.0834125,0.99184555,0.008126063,0.09687847,0.007414856
0.91879076,0.00018926959,2.4910123,0.05154288,6.5860806,1.378472,18.89469,3.9888746e-05,14.058891,2.6345587,3.9540517,53.80049,1.0740976,0.01204697,0.0012741996,0.09486186,1.2886338,0.009431168,0.08179654,0.0073508746
1.106213,0.00018185179,2.719383,0.052914724,7.284065,1.1076027,26.962679,3.8950355e-05,11.175491,2.29626,3.2230475,58.30314,1.045684,0.011602866,0.0014896452,0.11396531,1.3364103,0.008935354,0.07150224,0.008294478
1.1348882,0.00017974946,3.303919,0.051623173,5.710292,0.91573876,25.785631,3.298756e-05,7.094298,1.9472231,3.3642998,63.708637,1.1284701,0.013851992,0.0018044271,0.095622376,1.5278541,0.006913191,0.03259759,0.0067363796
1.2330545,0.0002757006,4.3754883,0.07711258,7.6199017,1.2885401,39.732544,4.552672e-05,7.9421105,3.636129,3.2903676,77.95607,2.508363,0.011973085,0.002183284,0.18334323,2.098972,0.011436282,0.072591245,0.011075823
1.246915,0.0003127506,4.3697176,0.1031229,8.305978,1.7298611,45.274956,5.3169857e-05,10.222724,4.221309,3.784796,82.886665,2.3355696,0.016583972,0.0030218272,0.19160022,2.120096,0.0074774106,0.06629907,0.010310609
1.2639476,0.00025621854,4.8183,0.058824874,9.355073,1.6938525,47.741505,6.029524e-05,9.559028,3.9461024,2.6736164,90.19712,2.3600056,0.019459693,0.0032841715,0.22614,1.8330051,0.015523957,0.073590256,0.019197848
1.1054599,0.00015136154,3.1550145,0.047218937,5.5434823,0.69499695,26.171568,3.1864623e-05,7.37509,1.6335311,3.1683207,59.55369,0.95773953,0.011023006,0.0018573846,0.11237638,1.4636847,0.008355037,0.045964774,0.0083153965
1.087837,0.00038349594,8.460086,0.12475887,7.9101143,2.8166656,40.990356,7.228502e-05,18.910215,6.507024,2.802251,155.70862,2.9068503,0.021883534,0.003744699,0.18672323,4.0740075,0.01604143,0.12092297,0.014736503
1.243026,0.00035634407,12.318464,0.13624994,10.199654,3.9802783,51.10847,7.87569e-05,26.902197,9.546383,2.708895,232.58504,5.361958,0.025256937,0.003714288,0.33970478,5.759822,0.028724903,0.19143325,0.025629604
1.2913367,0.0004333839,5.1876755,0.011398836,10.214643,2.032264,55.027855,0.000100838,11.642572,3.6212966,3.1244311,100.80492,1.7472953,0.012631231,0.002606795,0.29167065,2.2853699,0.010434642,0.1137254,0.012955728
1.30969,0.00035875585,4.3295207,0.116043866,8.6817875,1.7226099,46.960354,6.4771004e-05,10.541545,3.741562,3.3532093,87.98879,1.6974385,0.030853512,0.0035288183,0.23730429,2.0635204,0.011639607,0.0742763,0.013520346
1.2436221,0.00029862474,5.2809687,0.091475345,8.414661,1.827032,44.249756,7.6240794e-05,9.522606,3.7001023,3.3524296,108.92252,2.1072495,0.025238154,0.0031279502,0.20628247,2.9694054,0.007587018,0.049454045,0.0077766716
1.2857493,0.00037506342,4.3426924,0.03669048,9.569439,2.000752,50.33195,6.93575e-05,9.98463,3.7747874,2.7727726,87.80545,1.8424032,0.019777142,0.0031416055,0.21938953,1.6823043,0.008545458,0.08507235,0.010192459
1.2346665,0.0002729817,3.6348069,0.042245507,9.733499,1.2689273,52.938267,5.0306484e-05,9.263662,3.1891997,3.413517,70.24317,1.6084533,0.014423824,0.0018466853,0.16517304,1.4736567,0.006224108,0.058918428,0.008533009
1.3430996,0.0004028045,4.7426043,0.06847979,10.029318,1.8676776,54.76735,8.385231e-05,10.486719,3.2753272,3.3729942,97.853134,1.2452347,0.022918394,0.0012798272,0.2819684,1.6725613,0.016365178,0.16055782,0.016597897
1.279518,0.0003800578,4.5884166,0.07642786,8.339846,1.942968,45.45933,7.288937e-05,11.614208,3.6358426,3.1184134,90.93733,1.8439271,0.024797535,0.00294878,0.24172863,2.148078,0.012230696,0.08156444,0.012785458
1.2811171,0.00036613143,4.4548345,0.026459316,9.683037,1.9322186,51.61316,7.5128664e-05,11.033692,3.5288274,3.4484208,84.95697,1.6723827,0.012911091,0.0016614106,0.24167873,1.769703,0.01095122,0.09998023,0.010876434
1.2456431,0.0004257163,4.171376,0.06997956,8.784023,1.8179941,44.072556,7.207141e-05,9.19762,3.0749712,3.2190392,82.14246,1.0338235,0.022577574,0.0018624672,0.19660527,1.7542346,0.0040914463,0.091199726,0.0055288053
1.2782005,0.00036309735,5.3261437,0.033688862,8.68089,2.1392298,46.525265,8.069328e-05,12.495758,3.9822588,3.0771463,102.30599,1.9675064,0.020072404,0.0024950062,0.25297025,2.3606317,0.011253461,0.08949371,0.012051241
1.2525986,0.0003691404,5.2567267,0.06483715,8.874756,1.753744,47.027786,7.441659e-05,9.613985,3.9984798,3.2242212,104.17049,2.30178,0.019022454,0.0024554865,0.22450566,2.7475476,0.0073465453,0.051311523,0.00844578
1.2186049,0.00030819018,4.129859,0.057481796,9.058786,1.3375992,38.960136,5.5411772e-05,11.490809,3.0758996,3.4261427,78.63902,1.5730275,0.014289261,0.001735936,0.17179006,2.5240014,0.0064436523,0.061810315,0.004732614
1.2783287,0.00028064157,4.303399,0.06673557,9.580919,1.7811611,46.77684,6.427588e-05,9.716083,3.279452,3.3149648,83.62194,1.5566047,0.014707561,0.0017658389,0.19635257,1.6751745,0.01199365,0.079120174,0.010496418
1.2929242,0.00030484737,4.8230042,0.094667606,11.053994,1.6503427,57.45548,7.342701e-05,8.69734,4.8005476,2.8641024,93.67315,2.5348132,0.022208884,0.004514711,0.25710103,2.1478784,0.014182338,0.097213306,0.016565181
1.2665348,0.0003650782,5.243346,0.028168822,10.007406,1.7995505,56.883255,8.70113e-05,8.099679,4.1260524,2.7474196,92.449356,2.4170537,0.01031286,0.002179209,0.26620314,2.6513772,0.009271341,0.07036147,0.010131603
1.4144065,0.0004087934,3.4247808,0.16596663,11.463115,0.76563025,62.080147,5.9535716e-05,13.219189,1.253165,3.4198623,68.75023,0.40722904,0.02944748,0.0008889066,0.16397806,1.6603793,0.005497869,0.05720839,0.00839141
1.1956054,0.00052654225,9.325947,0.08134888,11.208531,3.5884032,46.34107,8.0471276e-05,22.96328,9.203175,3.341053,172.3853,4.805198,0.020919949,0.0025873065,0.31437525,4.275461,0.018070517,0.1149783,0.011280875
1.2587979,0.00042570673,5.9608884,0.03829136,10.157166,2.9107628,52.112164,8.433667e-05,9.635232,5.413301,3.116172,116.76071,2.8349352,0.016706074,0.0039478582,0.22860657,2.642423,0.004888253,0.09705428,0.0084111225
1.2362449,0.0004612924,12.645593,0.0936888,14.151013,4.16778,44.44053,8.836925e-05,35.268227,10.862788,3.0516577,225.15965,5.5441103,0.022696067,0.0038990923,0.28186512,5.756306,0.024153385,0.08761373,0.014887584
1.2287195,0.0003030982,5.02111,0.115293995,7.988052,1.5176492,38.417854,6.791468e-05,7.1472206,3.3301435,3.0033762,97.82083,2.2237728,0.029244691,0.0038891262,0.19594073,2.6151147,0.008797182,0.07867742,0.01328274
1.2664237,0.00041737664,5.1978292,0.066250816,9.65788,2.0160835,47.612965,7.591993e-05,6.744425,4.6345243,2.9879107,96.50377,2.8472564,0.017790722,0.0037720522,0.22234748,2.4789426,0.006848833,0.06226208,0.009310013
1.2343062,0.00054024166,4.712775,0.12618366,7.7849827,1.9288814,40.437595,7.152971e-05,12.475645,3.4882195,3.514753,94.48518,1.2377497,0.028733565,0.0016830558,0.19377361,1.9211336,0.004189554,0.118066825,0.0060287956
1.3267635,0.0004672469,9.895128,0.14091413,13.261812,4.1058784,70.99606,0.0001111788,12.249555,10.354671,3.3424718,193.9763,6.2336707,0.045073908,0.009990283,0.33892632,4.6134567,0.013899633,0.12827621,0.020059295
1.169874,0.00038123535,11.1265,0.062477473,10.396796,4.2569556,43.129974,8.560399e-05,16.767086,10.834987,3.3643625,206.60283,6.3142056,0.022058304,0.006973006,0.21193527,5.3972397,0.0097400425,0.08068302,0.0099005075
1.1175723,0.00035394,7.115992,0.081769355,9.3213005,2.1866026,35.427105,7.208547e-05,17.396368,4.685184,2.637526,140.72208,3.1131632,0.024351178,0.0028747716,0.19427751,2.666913,0.010439574,0.08353029,0.013122272
1.2395881,0.00038341904,17.000025,0.079763114,12.1486435,6.0030723,48.409286,0.00010146399,48.65702,16.679863,2.7553117,295.54077,9.541781,0.026984306,0.009642333,0.2595214,8.101259,0.013911885,0.07363482,0.01820064
1.2366724,0.00035357726,7.585191,0.092208214,10.531195,3.1783025,52.532772,6.93179e-05,11.473469,8.395879,3.1166868,139.98111,5.283729,0.018304212,0.004842042,0.22498214,3.8666568,0.013689642,0.09338283,0.012452522
1.1690733,0.0004098341,14.445608,0.06535635,11.11997,5.711612,45.236374,0.000103256905,28.3829,15.145261,2.7073328,249.67201,7.570467,0.023005147,0.005830709,0.29184395,6.260393,0.014521241,0.11547714,0.015768312
1.3268228,0.00047952484,10.856734,0.12652016,13.300428,5.1148086,68.97691,0.000111823596,15.404628,10.11736,3.3960335,209.96039,5.4461355,0.033238888,0.005511759,0.29240248,4.7853518,0.01572589,0.1439955,0.020700004
1.2479442,0.00052043505,17.412342,0.08975437,13.838539,6.7788615,47.198204,0.000120247256,44.386017,18.066101,2.76591,299.04877,9.961575,0.027707117,0.005690529,0.30985948,7.1402555,0.018501664,0.122724034,0.019035866
1.3365811,0.00027599686,4.722185,0.06298945,10.851806,1.6969744,60.035545,6.764179e-05,9.1354885,4.5405936,4.1041656,88.39491,2.3893764,0.012871608,0.00217121,0.20720957,2.1260824,0.011394036,0.08053027,0.01266825
1.206293,0.0003277484,6.601712,0.08251383,9.578184,2.3237972,47.290783,6.562586e-05,8.20981,6.192365,2.89936,122.75318,3.8820071,0.021785391,0.0050124465,0.18953587,3.5815485,0.0085815815,0.0628419,0.008805939
1.2396383,0.00044002017,8.826676,0.07297463,10.258084,3.131454,49.6617,8.795849e-05,14.548268,7.837271,3.4452088,160.95317,4.587138,0.025960032,0.005691257,0.2581037,4.7569356,0.010127995,0.090704024,0.010776266
1.2407358,0.0004184474,5.0159264,0.16235538,9.398776,1.4996672,50.72016,6.420232e-05,9.850878,3.299579,2.9486713,94.26626,1.7653787,0.033256248,0.002790998,0.1983436,2.4519703,0.012694395,0.088307865,0.011858617
1.2706493,0.0004244241,5.5417185,0.106736585,10.112266,2.0314171,54.504776,7.118986e-05,9.129834,4.9062304,2.9990637,103.05385,2.6885486,0.023205886,0.00357735,0.23230644,2.866482,0.008801493,0.08430339,0.010450073
1.2599446,0.0003586813,11.828195,0.08496414,15.875266,3.0079794,48.91273,7.871385e-05,29.307556,10.857251,3.0399046,210.91882,6.4814134,0.024170892,0.0074312217,0.3023417,5.4250083,0.01904015,0.10845544,0.021861944
1.2028295,0.0005378452,5.962523,0.15861396,7.55686,1.9947067,30.84015,7.746612e-05,12.480961,3.6860852,3.8533533,121.69638,2.0763469,0.045137614,0.001815891,0.15168244,1.400903,0.021464879,0.10392542,0.018006638
1.247926,0.00055607856,6.7528462,0.18051198,7.483238,2.244418,33.368874,8.413275e-05,13.627776,3.7475047,3.2303593,135.85997,1.9688131,0.04680028,0.002321133,0.18623851,2.233089,0.016685301,0.15338022,0.020279026
1.272871,0.0004681328,7.3338447,0.07150706,9.77851,2.3052783,49.70972,7.551855e-05,16.30667,5.122401,2.874301,136.02524,3.2479115,0.032005176,0.0033654016,0.19379358,4.2097387,0.008806367,0.08836913,0.00871787
1.212607,0.00045197055,4.9455566,0.12217348,7.8192124,1.9782158,40.12314,7.5541066e-05,7.615109,3.546438,2.9274168,97.26477,2.3204238,0.026071038,0.0018249103,0.22874077,2.1409502,0.01333071,0.10491822,0.013278818
1.233502,0.00030223446,3.732231,0.052509844,7.6593876,1.1558111,39.66673,5.5514793e-05,7.4389734,2.646055,3.2519207,71.89505,1.6704715,0.015232096,0.00097648264,0.17941904,1.9324056,0.007853068,0.046919215,0.0061880727
1.2155771,0.0004302349,10.616754,0.10057118,9.776185,3.115396,40.45031,7.549471e-05,19.208948,8.396444,2.9463599,189.96907,4.7417994,0.021866763,0.004901917,0.21399684,4.8920116,0.01439791,0.07303427,0.01207126
1.1795517,0.00026823656,4.2239175,0.052649137,6.0475593,1.4194154,29.357422,4.808052e-05,8.415289,2.69456,3.1335611,85.87461,1.352629,0.011206458,0.0017209356,0.15622123,1.825246,0.006318121,0.050927095,0.0051210164
1.1726078,0.00036516433,4.8426995,0.08213044,7.490184,1.3209091,37.552914,6.7768466e-05,8.471861,3.3432229,3.2721994,89.900665,1.8431802,0.018064827,0.0016917648,0.23267077,2.6825368,0.010080366,0.05464857,0.008655384
1.2583541,0.00046714646,11.905115,0.096791744,12.887683,4.998859,46.70078,9.5888856e-05,21.88759,10.466652,3.89524,236.40457,4.9099,0.01840206,0.0043542823,0.30917943,4.6614165,0.024746832,0.16260071,0.0223369
1.2844065,0.0006820927,16.52063,0.1836093,13.515976,5.109904,44.19463,0.0001205486,31.800955,13.811206,3.352167,306.74442,8.102228,0.028387224,0.0060168854,0.4774609,7.7623158,0.03245065,0.124886334,0.026361702
1.2676514,0.0005137494,10.805967,0.10628803,14.290964,3.6161034,39.61235,0.000108347864,24.108788,8.615557,2.9066372,204.87161,4.8410144,0.026548626,0.0045100176,0.3074324,5.66243,0.014698264,0.098472595,0.015059825
1.2498893,0.0005282145,10.774448,0.118096866,12.256284,4.160533,43.01254,9.690788e-05,23.66301,9.129994,2.8538067,205.96509,4.6447997,0.028848361,0.0039624744,0.27921084,6.27739,0.015094482,0.10569941,0.012384361
1.2082947,0.0003791101,11.924948,0.10058893,9.623371,4.811337,41.943142,9.0465204e-05,18.546503,11.783847,3.1206284,230.531,6.2423124,0.0201698,0.004608326,0.32901603,4.7360086,0.024658361,0.13005924,0.02191154
1.260812,0.0005554649,12.271678,0.14971413,11.135866,4.630957,42.87647,9.70256e-05,24.558048,11.265739,2.7300494,225.93951,5.7986126,0.030207962,0.004557054,0.28721914,6.783612,0.017913261,0.11158713,0.015792027
1.2355697,0.00054295856,13.485345,0.10872198,12.318797,5.5622087,44.415104,0.00010306475,26.57976,12.173678,3.5202222,266.76782,5.5676236,0.023832751,0.003998361,0.35248616,5.743498,0.027425919,0.1632744,0.021360593
1.226485,0.0004219009,4.0461674,0.13856792,6.981536,1.5458767,35.934086,5.8490543e-05,9.38765,2.9329264,3.1258922,81.543434,1.3972008,0.027817994,0.0013696477,0.17258115,1.7082893,0.011529298,0.06839202,0.007874807
1.2734503,0.00040476368,3.5082264,0.09245359,8.126071,1.1127821,46.3725,6.123036e-05,8.214748,2.498202,3.2377794,69.521645,1.2765148,0.02172713,0.0007609438,0.19673154,1.6690738,0.008389078,0.070241734,0.006601524
1.2212567,0.00026413912,4.6912656,0.05035123,7.978688,1.3872355,40.744835,6.3361105e-05,9.354116,2.8317754,3.4320316,86.99456,1.4562377,0.0232671,0.0021955748,0.18885788,2.5990002,0.0072442647,0.032629907,0.00762854
1.1952276,0.0003084209,3.2421892,0.09666071,5.3988895,1.4926125,26.01217,4.465073e-05,7.1889205,2.3591778,3.3636637,68.475525,1.0112697,0.016882414,0.0006306431,0.12595104,0.97809076,0.008383645,0.06869918,0.005907317
1.2117012,0.00041881128,5.04988,0.055013064,8.988521,2.1228678,46.916866,7.328635e-05,9.373464,4.1222186,3.8194966,96.97568,2.046224,0.01648865,0.0022307425,0.22585025,2.1788297,0.009387184,0.07793342,0.010218331
1.2760584,0.00025567404,4.33889,0.04669119,8.10252,1.3902342,42.946293,6.327093e-05,9.078949,3.194937,3.1544185,80.056946,1.8173643,0.02410739,0.0036956465,0.19957815,2.5831842,0.0061051087,0.026313566,0.008885518
1.2237883,0.00027986345,4.359499,0.08225296,7.2618747,1.3988546,36.126385,6.825587e-05,9.197713,3.486428,3.2779107,84.541885,1.7788374,0.023824891,0.0030491466,0.2008116,2.3463993,0.009284314,0.05994266,0.0093447175
1.2498626,0.00055465795,8.319685,0.11844421,11.42217,2.5002897,48.428753,8.578592e-05,13.620884,6.0532527,3.4515898,148.79375,3.1502311,0.032083865,0.004037323,0.2879234,3.827396,0.01516928,0.09266228,0.016026588
1.2646756,0.00031346624,3.8527973,0.03996544,8.726822,1.1046509,44.72177,7.011033e-05,9.360301,2.7695243,3.7509315,71.680145,1.2525667,0.01804487,0.0023182253,0.21159546,2.1955974,0.006448586,0.06937036,0.0076332246
1.2665222,0.0003147326,4.2026515,0.057229407,9.407138,1.4334332,53.56739,7.0124e-05,8.621027,3.2363985,3.287872,80.77371,1.9686357,0.014275884,0.0020310602,0.22659016,2.1334958,0.010320512,0.060765103,0.009680462
1.2536649,0.00027245266,4.6474566,0.06838754,7.7427645,1.2969098,40.684128,6.305939e-05,9.369549,2.578949,3.2493808,86.487656,1.296519,0.027073817,0.0028730126,0.1669198,2.70408,0.004637712,0.01942466,0.007243921
1.1803074,0.00033815007,3.3584309,0.10804104,7.585184,1.4501976,37.848064,6.098227e-05,6.956928,2.8961298,3.3518572,70.56821,1.5935245,0.025981696,0.0018140913,0.17658746,1.4659139,0.009597372,0.071986936,0.008906253
1.1866297,0.00035165795,5.7875557,0.0841849,7.8380313,1.7309202,36.29674,5.689867e-05,18.458647,3.5910826,3.183113,113.999504,1.3383948,0.02492628,0.0016821091,0.17531094,2.0811124,0.010422337,0.113247246,0.00929861
1.2216792,0.00028168235,4.042124,0.0997063,8.218061,1.5382546,37.946194,6.8781046e-05,11.480577,2.784172,3.1502135,82.37979,1.2889208,0.022244863,0.002665254,0.1977611,2.308098,0.008543791,0.09215009,0.007841095
1.3492074,0.00059544545,4.391596,0.17862363,8.925383,1.2819197,46.49271,8.5658685e-05,10.78507,1.9914229,3.248271,85.52193,0.8681904,0.037227433,0.0006407176,0.2383778,1.5215132,0.01378196,0.1578579,0.013944134
1.099389,0.00017662554,4.3364005,0.024218973,5.7596736,3.1174805,26.074335,3.9486677e-05,9.968606,5.268507,3.0755615,96.45509,1.4928341,0.006256233,0.0009283816,0.117454,0.96406895,0.0066109393,0.14489442,0.0058635916
1.18888,0.000108423315,3.275276,0.031876877,7.4436855,1.7913544,37.11699,1.7808487e-05,12.358981,1.7781986,2.7856927,71.04921,0.59020525,0.015363889,0.0013034666,0.114982486,1.018314,0.010634648,0.13372691,0.011313046
1.1931565,0.00045206703,4.0479593,0.11500661,7.2129645,1.4759607,26.30018,5.9569018e-05,15.910386,2.2948914,4.2058663,84.52994,0.77329457,0.027206972,0.00038232328,0.16794848,1.3460573,0.009838828,0.13787818,0.008208798
1.2859193,0.00023865122,3.3769386,0.03875068,9.023892,2.0756,48.67742,3.800446e-05,11.85543,3.5529041,3.2431686,73.73017,1.1467941,0.008603187,0.0011669291,0.11446762,0.69210625,0.0028235253,0.12573218,0.0047903946
1.2817928,0.0002484163,3.6813378,0.04392597,8.099941,1.0290488,39.951042,2.2607534e-05,13.350406,0.66481495,2.9088771,73.81763,0.32306963,0.022132188,0.002068387,0.14069873,1.1896868,0.011202523,0.13124652,0.011582864
1.0987463,0.0001730963,4.0502324,0.008779904,6.158602,3.2815034,27.775002,4.223449e-05,7.5339127,5.084908,3.267212,89.09188,1.536269,0.005032767,0.0010968246,0.12416635,0.6570696,0.005797487,0.15225396,0.007766146
1.2617856,0.0003792105,4.405671,0.09611471,8.308616,1.1771296,40.196796,5.7459783e-05,11.166729,1.9675226,2.836186,89.818146,1.0980784,0.029290084,0.0032180834,0.16868459,2.7445672,0.006325664,0.075340234,0.007424457
1.2074281,0.00013230424,3.05327,0.02722473,7.5286584,2.1430888,46.09208,3.4730558e-05,10.228649,3.3355181,2.919915,73.481964,1.1885835,0.009316048,0.00073887524,0.10895217,0.8183654,0.006671728,0.124397084,0.006558124
1.1169187,0.00017663531,3.2858193,0.030840082,6.6613736,2.1826782,30.47301,3.6133086e-05,11.326902,3.6841805,3.368504,71.62954,1.0713929,0.009033175,0.0009972592,0.10450899,0.6435789,0.0071177245,0.12053446,0.007162849
1.4106336,0.0005351449,5.013093,0.16119018,10.280141,2.051514,50.714813,9.0391004e-05,13.753833,3.3007667,3.633818,98.939476,1.2923588,0.028777657,0.0016508816,0.21265216,2.3664918,0.011314124,0.119623356,0.0098056095
1.1111798,0.00020241912,3.767265,0.020987818,7.041188,2.416765,33.363716,3.7081223e-05,10.723114,4.226601,3.3187733,84.44632,1.3461483,0.011285276,0.001172843,0.10592244,0.74887806,0.0070729665,0.13783936,0.0052383114
1.2275579,0.00024273773,4.253341,0.07196477,6.250597,1.2517765,29.666363,5.3174797e-05,8.563098,3.1198976,3.3994758,78.95583,1.6205645,0.020473363,0.0017794148,0.13910952,2.662828,0.007033809,0.05014027,0.005945719
1.0685424,0.0001953102,3.2661111,0.022973785,6.315545,2.057432,28.443363,3.623878e-05,10.529454,3.4192686,3.5711517,73.56807,1.0400183,0.00588608,0.0016182591,0.10971368,0.80794656,0.0049040136,0.098194554,0.005211649
1.2878581,0.00031100257,4.643758,0.085352845,8.775661,2.1511931,46.39936,5.83479e-05,10.183869,5.042776,3.039359,97.59553,2.6306245,0.022001253,0.0039546834,0.2029651,1.7186172,0.01004896,0.087587886,0.012098177
1.1784924,0.0001773783,3.30606,0.019624328,6.634237,1.901777,27.941456,3.458107e-05,9.6267805,3.5073254,3.4803524,69.40963,1.1519704,0.008643749,0.0008863468,0.117258914,0.754429,0.009021353,0.10494286,0.0076359394
1.298737,0.00025403226,4.4545026,0.09849605,7.6726475,1.8775831,35.177364,6.420545e-05,10.465668,4.277317,2.4627314,87.28152,2.532934,0.028114557,0.003697469,0.18612902,2.5023372,0.008013866,0.06990742,0.011263307
1.3462373,0.0003992151,4.726233,0.102476686,11.073353,1.9675231,59.734806,8.459155e-05,9.589635,3.78863,2.8549368,94.26197,1.7747633,0.023872856,0.002356503,0.27342287,1.7151589,0.015952399,0.11844032,0.016237507
1.2875636,0.0003962211,5.397144,0.04152429,9.237338,2.2705207,49.72817,7.599549e-05,11.804747,4.288537,2.7814884,101.61218,2.0555673,0.018690987,0.002516333,0.26859757,2.1494343,0.013561676,0.09757406,0.0140976515
1.3038585,0.00022804046,3.7903216,0.073841795,8.134303,1.9778186,42.92304,6.112654e-05,11.269866,3.7980938,2.8458114,80.7773,1.6001339,0.018759409,0.0027688637,0.19815913,1.8965638,0.007597113,0.075832725,0.008790828
1.247801,0.00042898365,5.096246,0.05207393,10.317147,2.2865953,54.84051,8.270037e-05,10.773747,4.686431,3.3719668,95.80454,2.6402166,0.01166407,0.0025941622,0.24146685,2.5137691,0.0042546797,0.08296852,0.0075682513
1.2659549,0.00044486887,6.7215977,0.09694867,10.371899,1.5096552,48.638107,6.968954e-05,18.14711,2.4181201,3.5410666,128.4053,1.3588657,0.02309761,0.0012696042,0.30212712,2.6606674,0.025043752,0.18803294,0.020575752
1.0959525,0.0002155804,4.298205,0.02645286,7.5837264,2.7057068,32.55301,4.5672845e-05,13.55793,4.149458,3.094279,91.345375,1.4444696,0.010942439,0.0010405455,0.1447935,0.6832253,0.007992557,0.16819815,0.008531598
1.2789541,0.00019387015,3.0181887,0.01853089,8.786342,1.8775029,46.598366,3.6913087e-05,11.587774,3.300007,2.808424,65.750015,1.2639513,0.0087454235,0.0010533483,0.120071545,0.8001279,0.0056599197,0.10372437,0.006565931
1.1158274,0.00015904379,3.6222801,0.012685575,5.8373594,2.5047188,27.438053,3.3225766e-05,7.68528,4.788368,3.2245426,80.83906,1.4613764,0.008590457,0.0007282036,0.10095334,0.72084266,0.008833964,0.11484468,0.0065696207
1.3194565,0.00032884633,3.663399,0.069337994,8.084824,1.0861478,39.92697,2.4484325e-05,16.858244,0.81559175,2.8666224,72.77698,0.40163162,0.02664815,0.0021710536,0.14235516,1.4186538,0.007912561,0.12925574,0.009354799
1.232153,0.0001437676,3.0699198,0.022647012,8.616729,2.0824456,44.595016,3.383744e-05,9.441902,3.5278208,2.8590724,68.75975,1.1957302,0.010683946,0.0010111636,0.120123826,0.6395659,0.0070981444,0.12456835,0.008683242
1.0943326,0.00016422883,4.1379232,0.0127574755,5.6609783,2.9446027,25.945225,3.6406727e-05,10.750784,5.009085,3.4759898,90.318054,1.4760206,0.005736534,0.00095785176,0.108992055,0.80183524,0.006134186,0.12859246,0.005942201
1.1404222,0.00012862387,3.7866576,0.010453212,6.4524326,2.7025917,32.678684,3.247529e-05,10.159712,4.8886204,3.1908443,83.43297,1.5365028,0.009683064,0.0006990403,0.10646398,0.63243574,0.008328018,0.12053469,0.008259292
1.114843,0.00016998911,3.4770577,0.058266856,6.2635827,1.9990393,33.18751,3.6470366e-05,11.63894,3.1362412,2.531932,74.36735,1.0447214,0.015189722,0.00082008285,0.09059281,0.9397599,0.00630277,0.11198294,0.0051012137
1.1647556,0.00011152157,2.3549256,0.03818303,7.5286345,1.0294725,31.023912,3.392183e-05,8.244127,1.7258087,2.549448,47.084457,0.6910079,0.013874209,0.0010096413,0.10977136,0.9342486,0.008006229,0.08414265,0.0080489535
1.0976667,0.00016214547,3.5408719,0.009386641,6.371521,2.3842053,32.71492,3.36561e-05,11.08862,4.225945,3.0934658,78.44174,1.1095335,0.009616248,0.0007987468,0.11233838,0.58537525,0.0066297813,0.12842146,0.006837491
1.0975552,0.00016674922,2.7706847,0.030477757,6.959682,1.5191811,31.009792,3.5058445e-05,10.895488,2.7533293,3.320405,59.40755,0.86559135,0.01212014,0.00093176146,0.09016433,0.64626426,0.0075114593,0.11297195,0.005671382
1.3058363,0.00032076906,5.534644,0.048376597,10.468026,1.7385519,53.633102,7.714258e-05,11.65112,3.2849283,3.1576226,105.20386,1.6986636,0.015200171,0.0017235376,0.2644778,2.1769285,0.014320491,0.09506199,0.012795307
1.2253685,0.00047459526,13.740002,0.11867997,10.259658,4.1032767,37.43036,8.068598e-05,23.6032,11.133013,2.8644547,230.9951,7.157499,0.023249244,0.00632377,0.27453268,6.229422,0.019584129,0.1001981,0.023951996
1.2116238,0.0004418102,15.636575,0.16163443,8.333067,5.991647,36.23662,9.4883726e-05,23.22858,14.753462,2.9178562,287.93488,7.963144,0.03226452,0.005766046,0.32116017,7.390211,0.028677119,0.13010834,0.027559377
1.1740292,0.0004417456,9.348853,0.097981535,9.407556,3.4830618,40.62504,9.260703e-05,18.067717,7.545123,3.0142066,167.24117,3.928758,0.02613667,0.0030420697,0.28872484,3.81245,0.01776601,0.110820815,0.014445645
1.2925242,0.00033752623,6.304299,0.057762668,9.616321,2.4070663,52.913174,7.430389e-05,9.67716,4.794466,3.1473455,117.24774,2.230339,0.014940656,0.0024993317,0.2617471,2.0858355,0.013876819,0.10240552,0.015690424
1.3073568,0.00033771925,5.045908,0.09912577,9.898645,1.5147898,54.82395,6.796533e-05,11.960162,3.5576277,2.8628826,101.04081,1.6865801,0.02662142,0.0022202244,0.20822453,2.8182938,0.010260749,0.06306573,0.011500361
1.3014075,0.0002884302,4.1791897,0.07000881,11.118445,2.0136473,61.61169,7.51e-05,9.68375,4.245544,3.3692188,87.83646,2.0470607,0.018726677,0.0029179521,0.22970438,1.9868976,0.008647365,0.08414204,0.010257871
1.3114625,0.0003243978,3.6122916,0.06457633,8.831164,1.2959949,49.34041,6.4424654e-05,8.283087,2.931169,3.2965999,69.05965,1.4020557,0.013501647,0.0013400095,0.19652016,1.388693,0.007344397,0.09863775,0.008080153
1.3583361,0.00027197535,3.285536,0.05000736,11.13444,1.1180056,62.425167,6.614398e-05,8.092165,2.3549328,3.044135,63.243675,1.0591421,0.0067277993,0.001785718,0.20381536,1.5522035,0.0068410044,0.07596322,0.008808071
1.3278232,0.00030817738,3.450642,0.053327523,11.05998,1.1967648,60.108215,7.0351845e-05,7.8387713,2.418332,3.5280247,66.29294,1.1724305,0.00789253,0.0017974726,0.20938097,1.6478871,0.007303888,0.07883482,0.008535225
1.2969134,0.00023782894,3.876333,0.0670085,10.229634,0.85380197,57.01923,5.8477202e-05,8.448243,3.1896687,3.4226232,67.82149,1.9648515,0.011656369,0.0023770668,0.16630399,2.0665295,0.009493986,0.03789935,0.0099840965
1.2187296,0.0003983332,5.4231324,0.048910618,7.7006907,1.8521262,41.561153,6.684333e-05,12.171627,4.3643713,3.445424,103.214096,2.5125353,0.017059693,0.0018510622,0.21372546,2.9496336,0.006508965,0.07292682,0.00609089
1.2064712,0.00025926746,4.900797,0.10876323,6.993471,2.0318303,35.16082,5.665981e-05,13.686089,3.7024255,2.8340561,99.47319,1.6560379,0.020369248,0.0020075433,0.16257761,1.5452404,0.009954842,0.12161,0.011701099
1.1668961,0.0002143763,4.672146,0.06368997,8.006031,1.5419698,37.228104,5.433999e-05,12.702136,2.8552477,3.1965437,93.93053,1.3734418,0.017768243,0.0017361436,0.14583461,2.0081005,0.009582808,0.07635148,0.00956091
1.2650906,0.0006043264,10.964972,0.19720884,9.590079,3.8379571,46.540455,0.00011556619,20.138254,8.861687,2.8277488,204.20549,5.0866103,0.03103206,0.004376165,0.2825509,5.544353,0.023666538,0.18426791,0.02005916
1.2121108,0.0005082133,8.146885,0.108878545,13.617105,2.8862693,42.255554,8.5717606e-05,22.947796,7.177398,3.0111341,154.96329,3.5504003,0.023911199,0.0030076918,0.25382638,4.341992,0.014984812,0.120094575,0.013470274
1.3687512,0.00048188216,5.2246237,0.1395652,9.49195,1.9230092,45.329792,7.862898e-05,13.308768,3.317864,3.089977,104.18098,1.2460197,0.027796807,0.0022258,0.21437345,2.135039,0.01341775,0.11839418,0.012575743
1.2677364,0.0003966054,4.625991,0.10557193,8.08273,1.732436,39.838135,6.6402245e-05,9.216959,3.965405,3.017854,90.3627,2.1827562,0.031510636,0.0030016366,0.17137206,2.1857338,0.0078117107,0.048083022,0.0073185894
1.294574,0.00027081746,4.6560717,0.04930984,9.136856,1.4868662,47.84888,5.9743987e-05,9.310486,3.3442383,3.1583505,89.60827,1.7871206,0.026361542,0.003722291,0.19180278,2.5430174,0.005481702,0.032570753,0.008362995
1.1789554,0.0003835583,4.2699876,0.04885172,9.576235,1.671843,43.043823,7.241714e-05,9.376836,3.7018614,2.9858294,84.99771,2.1287277,0.008296329,0.0023222133,0.18253024,2.2712321,0.0059300535,0.09131754,0.007424906
1.2465787,0.0003742914,4.109064,0.10457798,8.240505,1.1571068,39.94429,5.808954e-05,9.475858,2.7184963,3.1966493,82.33667,1.363448,0.026377525,0.0018312834,0.16923268,1.6870406,0.010683421,0.06859991,0.010102246
1.1824907,0.0002579065,5.5088353,0.041776348,8.402341,2.2506814,42.74875,6.811345e-05,8.629551,4.990539,3.0306056,102.02094,2.6957195,0.016907262,0.0034034273,0.18816221,2.7724028,0.0070902966,0.07180242,0.008670282
1.1611834,0.00048905576,5.0997453,0.0972725,7.6753116,1.6272751,35.059853,6.159756e-05,18.042868,3.348316,3.226509,100.56195,1.7050784,0.026975963,0.0017519085,0.18368992,2.1592762,0.012872276,0.108074985,0.012970135
1.2238252,0.0002318903,4.9106727,0.06121164,8.788383,1.9381676,45.189125,6.585728e-05,7.152007,4.933729,3.4621358,87.220505,2.6126814,0.014516012,0.0035427096,0.17909522,2.2780597,0.008279133,0.07848281,0.012318583
1.2852005,0.00028484198,4.0709515,0.05897668,9.579684,1.3876399,53.119408,5.539518e-05,9.210663,3.3329809,3.0832627,78.06013,1.5598671,0.013984164,0.0014140005,0.19329378,1.829621,0.011521364,0.0673622,0.008607485
1.2220049,0.00029742575,4.14168,0.082860574,9.340215,1.9720154,45.265858,6.169869e-05,10.101361,4.5596585,2.7123928,79.096855,2.2121663,0.013630587,0.0030376639,0.18162136,1.73446,0.0069943946,0.07195789,0.007819447
1.2531705,0.0003617507,3.5801818,0.09746174,8.529456,1.2901617,41.667828,6.9252885e-05,11.655221,2.2494557,3.0673716,73.11844,1.0909494,0.023094945,0.002046511,0.19376759,1.6872482,0.0049635624,0.078980036,0.0063172495
1.3074063,0.00041701226,3.9615767,0.084058866,9.297067,1.3504831,50.5504,7.72022e-05,7.0188804,2.1889112,3.6929076,80.97279,0.80794644,0.020352237,0.00174624,0.21560635,1.3697885,0.00659223,0.09223709,0.0071917935
1.2652832,0.00023593407,3.5708938,0.11444543,9.156491,1.6591678,46.92156,5.6773948e-05,10.293169,3.79932,3.301577,75.090225,1.8334616,0.019516902,0.003323835,0.18605581,1.9353713,0.010860288,0.070223086,0.009979941
1.2728208,0.00039432684,4.9169135,0.08057549,7.920409,1.4262469,37.58683,5.475941e-05,12.235855,3.6641946,3.0828798,93.85479,2.2820172,0.025941685,0.0024992719,0.17186813,2.4111505,0.0062425584,0.03518672,0.007035237
1.298483,0.00043015194,4.8880467,0.07749246,9.239473,1.9611043,48.850754,6.839095e-05,9.647523,4.117805,3.3369737,95.616356,1.8220708,0.02651574,0.0026855553,0.20463502,1.8889514,0.009118424,0.071307145,0.009446163
1.266247,0.00029809683,3.424771,0.081593364,9.726262,1.1855965,51.12305,5.722912e-05,7.345836,2.8768866,3.0975115,69.28087,1.369438,0.01713761,0.002004814,0.16590318,1.170696,0.007911029,0.08157564,0.008163552
1.1866252,0.00029779153,3.6102343,0.07597111,8.45078,1.4441786,42.52894,5.605599e-05,9.930062,2.8159952,2.4547067,75.520035,1.0705664,0.01609703,0.0014264107,0.17340791,1.529235,0.006543611,0.074728735,0.0053667994
1.2049129,0.00034935196,3.954301,0.0842388,7.7885118,1.5282146,36.29112,5.6273537e-05,11.236703,3.262767,3.4853747,80.14909,1.6583294,0.016653119,0.0013872702,0.16323812,2.358215,0.010456959,0.06446847,0.0054161954
1.2051594,0.00036131078,3.84435,0.078371026,8.1001215,1.5510619,38.659973,5.5534325e-05,10.009068,3.0774732,3.5199,73.03273,1.5501342,0.013767831,0.0015229251,0.18629271,1.8718414,0.01008074,0.06333743,0.0058442187
1.2168734,0.00039613456,4.284821,0.09547006,8.196541,1.6732479,42.735325,5.698152e-05,10.767811,3.4416192,2.7210574,81.82725,1.8056452,0.018870335,0.0015589499,0.16898254,2.1675649,0.010480184,0.074918166,0.0056938776
1.2607193,0.00042614483,12.636751,0.091954425,14.751894,4.5432296,50.20426,9.031193e-05,28.15248,12.627929,3.585572,222.4525,6.7767386,0.02576946,0.0047933725,0.34666598,5.6547856,0.022512672,0.1257791,0.01735423
1.1390165,0.00029248823,3.5059023,0.07894546,6.2734256,1.3046594,26.05249,4.748556e-05,12.9190035,2.8425956,3.6254783,67.913414,1.4441475,0.017753158,0.0018347972,0.123582795,1.8301268,0.008167334,0.06738652,0.005520249
1.1727725,0.00026269586,3.3525186,0.06973833,7.9605203,1.0664768,34.769974,4.23369e-05,9.794176,2.2659984,3.123771,64.976,1.1814476,0.015004167,0.0014293755,0.16771023,1.6541154,0.01157997,0.057869166,0.008423293
1.2445265,0.0002819127,3.4873488,0.08419511,7.831313,1.2441438,37.669846,4.7900106e-05,11.114701,2.7250743,3.0222518,67.754555,1.3752835,0.0152649265,0.0015525435,0.16377993,1.8825428,0.011737477,0.06628746,0.0068779453
1.2782294,0.0003790663,4.145828,0.061302233,9.940481,1.6443475,53.08548,6.24183e-05,9.90252,3.1695938,3.165521,81.46198,1.3824303,0.018662008,0.0018184688,0.19011386,1.8975198,0.008757276,0.0834441,0.0069034128
1.2254467,0.0002982661,2.7871265,0.09602875,7.5470314,1.1887181,37.849716,5.2723997e-05,8.658273,2.2850451,3.115814,57.378487,1.0118304,0.019580038,0.0018212696,0.17149556,1.1579806,0.007194564,0.07187667,0.007622454
1.144641,0.00027801807,3.399513,0.06997093,6.4903264,1.0423626,26.583569,4.1460953e-05,8.151447,2.3890724,3.369194,67.33348,1.2740101,0.023207972,0.0021895436,0.13520283,1.5343884,0.0072195884,0.05409051,0.006562769
1.1359453,0.00028663705,3.295089,0.078136094,6.720632,1.1959817,26.693138,4.498479e-05,8.666696,2.5656283,3.2946892,65.51454,1.3707713,0.022167291,0.0021954624,0.14460412,1.5212783,0.008007403,0.054693203,0.0066792225
1.1971028,0.00022392375,3.4778621,0.050183214,8.114164,1.3726093,40.48757,4.8151895e-05,11.1934805,2.7047346,3.1804965,67.12999,1.4824071,0.014723511,0.0012689901,0.15412413,1.5911399,0.009501992,0.067560844,0.0076866434
1.273617,0.00025276668,4.4733353,0.06778738,9.40079,1.5466094,49.382576,5.9730104e-05,9.739196,3.6757295,3.3369603,84.42068,1.9029616,0.020266324,0.0020455532,0.20538214,2.2272642,0.010876297,0.056165744,0.011931018
1.0804263,0.00034035541,5.3199654,0.09202887,6.183891,1.9333556,28.560509,6.2811174e-05,11.342417,4.055213,1.7775859,102.43905,2.0175366,0.019686352,0.002220883,0.17566442,3.2516503,0.01300605,0.090361014,0.011452419
1.3228343,0.0009934967,18.220835,0.25347117,11.686311,8.454202,55.556896,0.00014381282,42.11772,17.33377,3.6630955,338.27643,8.303743,0.03965035,0.005984254,0.49054027,9.337179,0.046878576,0.26583964,0.031696
1.2427945,0.00066302094,15.061177,0.1973232,9.804211,5.347744,41.432285,0.000107930035,25.542864,12.518904,3.0215096,269.02457,6.233056,0.030811578,0.004445122,0.34381735,8.001475,0.02579241,0.12412146,0.01718316
1.225802,0.0004109395,17.060915,0.14552492,12.19987,6.6781635,46.318073,0.00011906393,15.466196,16.042246,3.1288218,297.43765,8.272953,0.023531763,0.0064628464,0.37638056,6.698223,0.033751823,0.14829719,0.036857974
1.2512133,0.0002850627,4.146794,0.1116399,9.397219,1.4661973,49.112514,6.574052e-05,11.034936,2.4153662,4.023967,77.01335,1.0402087,0.027113093,0.0008582002,0.19498585,1.9321843,0.013573883,0.07427041,0.010980223
1.1900184,0.0001422106,3.6691315,0.046344817,7.1992745,2.319518,33.03552,4.7010995e-05,10.6822605,3.27185,3.5944467,80.81902,1.1770376,0.013995473,0.0005014848,0.15951896,0.7085688,0.011471415,0.14467828,0.012094351
1.2020967,0.00035485163,4.267194,0.10681633,8.239941,1.2607226,39.64805,6.563697e-05,11.344281,2.1339662,2.6328132,87.56017,1.0899042,0.0287149,0.002087238,0.18913975,1.7688543,0.008205407,0.07464385,0.008557224
1.335741,0.00031365978,5.4123154,0.06458904,11.848737,1.9992096,65.36562,8.487618e-05,13.25032,4.0950336,3.2540343,100.54716,2.242985,0.017745169,0.0021420529,0.31585357,2.392029,0.018632025,0.12057007,0.017456742
1.4062479,0.00043682536,4.161361,0.16198282,10.046063,1.0139875,56.789944,7.508134e-05,13.348374,2.2240455,3.3859947,83.66062,0.98666453,0.034267776,0.0024861312,0.21840575,1.6230993,0.012915546,0.08484987,0.015337877
1.4103242,0.00041260422,4.5623436,0.19239327,12.075361,1.6278188,68.07034,9.905616e-05,17.83875,2.831117,3.2161832,93.90144,1.2235401,0.031151906,0.0017451918,0.31414515,1.8292183,0.02219371,0.20059805,0.019007972
1.2932462,0.00047146474,8.229871,0.13828191,11.681729,4.530425,51.607388,7.799379e-05,34.22538,8.577122,4.1161547,175.70015,3.3975575,0.029323583,0.0034714127,0.25604618,2.7625582,0.021551618,0.20165828,0.025999729
1.4448502,0.00027215586,3.1375566,0.08947795,8.8944,1.3091102,44.500435,5.0485483e-05,10.734081,1.7385148,3.9779522,69.47577,0.45243135,0.020767488,0.0015181723,0.15774383,1.2118384,0.009464127,0.082654335,0.01116215
1.2500974,7.172625e-05,1.7237788,0.04506189,11.246664,1.1088854,59.01871,2.8650446e-05,14.252968,1.3462511,2.8865712,41.320038,0.41326523,0.015922278,0.0010091334,0.12625805,0.40740442,0.010313598,0.08506512,0.011679736
1.2279298,0.00029285718,4.2890196,0.11734463,8.167449,1.325719,40.583088,7.452359e-05,12.373239,2.3093233,3.6059124,87.93514,1.173381,0.02151418,0.0019235569,0.21505213,2.326252,0.015976008,0.1174936,0.012199602
1.3433945,0.00023321951,2.9830031,0.13212132,8.680928,1.2131177,44.490543,5.6663393e-05,14.377843,1.2210866,2.552007,68.292656,0.5033953,0.030106448,0.0015624774,0.15996532,1.2182451,0.015008983,0.12077206,0.016375896
1.248418,0.0007507656,17.688156,0.17185973,8.311901,6.2948003,39.953003,0.00010308711,30.17936,14.188963,2.765916,333.8139,7.1442146,0.035872445,0.0049444875,0.38195345,9.029508,0.028222369,0.15841419,0.028718248
1.2496241,0.00031412457,4.9375143,0.07948948,10.32462,1.3077213,57.489174,7.510978e-05,11.557704,2.7659292,3.0474682,98.956795,1.4830728,0.019814506,0.0019789918,0.23722395,2.5560284,0.0137135,0.08334072,0.011109996
1.2515997,0.00070198136,17.75233,0.17682391,8.790772,6.087059,42.226585,0.00010472056,38.989086,14.199234,3.2759533,321.69766,5.956412,0.036613062,0.0041553974,0.40733743,10.140257,0.035235796,0.17238706,0.024048919
1.2420245,0.00018394484,3.2982466,0.05534625,8.214755,1.1294229,38.38289,5.201531e-05,9.807169,1.3443614,3.213573,69.21476,0.67741394,0.016864084,0.0010107863,0.1878475,1.2528584,0.01284732,0.14838992,0.011041752
1.171369,0.0002551293,5.0033693,0.113207564,7.8949313,1.9217263,42.566517,7.2873445e-05,15.213038,2.0546196,2.4819787,106.33672,1.3328581,0.032807093,0.0017918468,0.1971634,2.0079577,0.019323476,0.15011981,0.0151112415
1.2185893,0.00024910225,11.427012,0.09743551,8.865855,3.5734074,56.157898,7.934053e-05,22.932205,8.943591,3.0235748,202.63153,4.300695,0.021056077,0.003394511,0.3077323,5.8738527,0.025771476,0.15780646,0.020610293
1.2239233,0.0004983737,11.98092,0.11673793,9.507599,4.1219177,46.68068,8.6768705e-05,28.311876,9.617429,3.312815,234.06955,4.6759095,0.02420471,0.0035873312,0.26205525,6.5629344,0.024413515,0.117691055,0.013665542
1.2405838,0.00038587555,3.85291,0.09688822,7.995386,1.48782,39.47611,6.0105827e-05,11.346854,2.8760333,2.9561675,78.28296,1.1619307,0.018230274,0.0013004559,0.17298615,2.3208942,0.007646762,0.07397794,0.004817866
1.2867404,0.0003600987,3.5831723,0.07900356,7.9705687,1.198544,40.65336,5.218008e-05,13.017367,2.453042,3.2322965,73.83571,1.4959058,0.019909762,0.0015089768,0.16456598,2.0206218,0.0065081865,0.0592392,0.0050239693
1.3028666,0.00023741265,2.7129385,0.077660844,7.410274,1.0936483,38.235714,5.060622e-05,9.884802,1.8529,3.3936908,56.111614,0.8631505,0.016733272,0.0014153647,0.16582978,1.2095124,0.009895171,0.08743834,0.008845089
1.1733565,0.00039910123,11.35247,0.10467658,7.879479,3.144449,35.172234,6.5998516e-05,19.191248,8.256335,3.47568,204.91177,3.7826862,0.02015511,0.00361876,0.1989678,5.992654,0.015827056,0.08297236,0.009443864
1.1645504,0.0003464396,10.987108,0.10165845,7.187993,3.1079812,32.86633,6.775048e-05,19.940847,8.52846,3.2075748,193.0291,4.615123,0.021799643,0.004359344,0.19579406,7.6684504,0.015441956,0.08721708,0.0103701465
1.2390795,0.0003896008,9.962231,0.11349129,8.291154,2.9625483,36.543724,7.273497e-05,18.75096,7.8059125,3.7139056,183.52809,4.1871743,0.022686373,0.0029361225,0.24098009,5.535798,0.016262198,0.084050365,0.012432485
1.2797565,0.00030770726,4.252369,0.060898297,8.822935,1.29435,44.72741,5.7174e-05,9.247644,2.4392476,3.7231867,81.57942,1.0240088,0.019756684,0.0012482692,0.18439405,2.0061882,0.010371389,0.054451905,0.008638039
1.375796,0.00063672435,13.597665,0.13183466,14.804333,4.3285327,93.31859,9.28798e-05,25.961737,11.488745,2.873069,253.12595,7.013323,0.02970687,0.004238714,0.2992337,7.9522643,0.028424168,0.09679193,0.017568165
1.2266229,0.00016516565,3.1106858,0.021119658,6.337224,1.696949,30.318672,3.2377706e-05,9.066913,3.2139604,3.2782273,64.54064,1.0773766,0.010790266,0.000810247,0.10768704,0.87001187,0.0053900643,0.095779784,0.005543895
1.3684002,0.00036150555,3.644764,0.1114009,9.759439,1.3332531,51.120544,6.0844846e-05,8.747312,3.0710518,3.5783324,74.66618,1.1508843,0.024545716,0.003223614,0.22018676,1.666096,0.009703507,0.076797955,0.011718661
1.2577124,0.00030195483,3.8011296,0.09331318,7.663875,1.4062206,33.702396,5.266639e-05,9.982418,2.589299,2.9005196,73.037186,1.1346059,0.020522647,0.0011859599,0.1737137,1.6162231,0.01173034,0.08615645,0.009256841
1.2984985,0.00020136507,2.936316,0.051842973,7.033903,0.7423851,28.751196,3.8439168e-05,8.848134,1.467839,3.407132,59.76286,0.7958978,0.014329709,0.0012683814,0.13161875,1.4038641,0.009804119,0.06973579,0.008702873
1.2758467,0.00061325304,14.4529505,0.1245629,13.77543,5.4489365,57.21692,0.00010464596,36.576202,13.122465,3.6928298,276.07776,6.5224833,0.022508468,0.00407519,0.39219064,7.8328986,0.034672957,0.15327495,0.018179063
1.232523,0.00048447173,11.938523,0.09002343,10.678861,4.7610893,45.614353,8.606841e-05,28.02063,11.559889,3.6654315,229.45161,6.758553,0.019130081,0.004122529,0.28784516,5.222309,0.024421751,0.12434426,0.016213864
1.1332349,0.00015011964,2.2041953,0.048996016,8.474832,0.8259717,35.074635,4.5418623e-05,10.419097,0.89580715,2.561149,45.531975,0.59717464,0.01835186,0.0011799472,0.15045686,0.86903864,0.011821934,0.117229134,0.011051994
1.2349024,0.00012026134,2.0182955,0.061008573,8.273221,0.7238399,38.508507,3.621097e-05,11.076942,1.2661781,2.3391044,43.475185,0.6050802,0.018625164,0.00092774903,0.110529244,0.70641214,0.00987777,0.09096318,0.011167641
1.2923774,0.0007311887,23.060284,0.19000883,12.474626,7.904435,63.005325,0.00016456562,47.065987,18.543417,2.9742827,430.96036,9.393449,0.029653126,0.004072891,0.71905136,12.175983,0.052495528,0.21180117,0.02747772
1.2490181,0.0007568625,21.481836,0.15843114,10.039321,8.092204,52.484467,0.00016060307,30.059776,19.181238,3.0326033,383.81323,8.584114,0.028294884,0.0038693256,0.717078,9.118855,0.05109457,0.21713442,0.026193175
1.2588254,0.00018530927,2.960244,0.0536512,7.6128306,0.89323646,39.65965,4.2125957e-05,7.8765874,1.543744,2.8850553,64.65804,0.6560479,0.015004138,0.0012960134,0.15257531,1.2791141,0.008504763,0.05576573,0.008776885
1.3308083,0.00047610977,9.370988,0.09100941,12.1976185,3.9192991,58.208553,9.4318704e-05,17.50375,6.888996,3.1500363,181.79216,2.480694,0.027322225,0.0021037117,0.37670678,3.258682,0.024629503,0.13640648,0.024851013
1.2936964,0.0007145614,7.6396766,0.14955306,9.022979,2.3902853,41.688053,7.772305e-05,16.753782,4.7511506,2.9908142,166.11613,1.929243,0.041557845,0.0026243571,0.34365523,2.6627753,0.021945583,0.12435964,0.018769791
1.1555238,0.0009899243,24.505962,0.30026054,8.887536,8.083316,38.01832,0.00016647614,42.993015,18.403772,3.300241,466.21817,8.128331,0.053339135,0.006309641,0.4148203,14.817593,0.03307332,0.30212066,0.03236254
1.1814659,0.00021805346,5.0142784,0.05387921,7.3366795,2.0983531,36.138283,6.9969195e-05,13.064741,3.3029733,2.943241,105.020325,1.3455707,0.027002525,0.0013879365,0.20134386,1.8263253,0.018071152,0.16624595,0.01661143
1.2484372,0.0008774964,15.963478,0.17288055,9.261167,6.173016,48.409035,0.00012620188,39.31877,13.472615,3.3774557,305.91028,5.440681,0.034341488,0.0042225597,0.43261912,5.8879094,0.036195777,0.22119005,0.024926793
1.0927358,0.00019073274,2.8713865,0.03578192,6.841976,1.1998918,34.7401,4.8387643e-05,9.637648,2.2156687,3.1418395,53.863575,1.079285,0.013477625,0.0014315395,0.1503368,1.303255,0.01037825,0.07870699,0.009108561
1.2941424,0.00031672732,5.27593,0.07891146,10.303512,1.3330677,51.711704,6.5743705e-05,11.936074,2.6266065,2.7127328,103.15194,1.49913,0.01957427,0.002346031,0.28766653,2.3565161,0.015798856,0.095196575,0.014788102
1.223301,0.0007850632,13.076771,0.14448927,9.078942,5.2728643,45.30639,0.00011128253,27.936483,13.054192,2.9286294,246.60103,5.64042,0.033719,0.0042746216,0.35685152,4.8567224,0.026850447,0.1966679,0.022476453
1.3070647,0.0008984785,22.16208,0.22283089,12.380111,8.108477,58.452587,0.00015591165,38.264057,17.788923,3.82648,388.1096,7.7081385,0.043065853,0.0055808034,0.5348485,10.251405,0.036231786,0.22810625,0.03138391
1.231969,0.0004469665,7.8828664,0.19030578,7.12205,2.640456,42.77417,9.1753354e-05,21.204105,4.1527653,2.4790878,147.18733,2.9114401,0.04007483,0.003065195,0.26161242,4.4018555,0.021348527,0.12251183,0.0149805
1.2253414,0.00046334372,18.323195,0.17640376,11.596831,7.261674,52.01512,0.00011574415,37.679317,18.695728,3.3243685,333.97275,9.754354,0.034340713,0.005528273,0.48038098,11.032642,0.033206552,0.17812741,0.021389062
1.2775929,0.00064387143,23.705349,0.19141851,11.845449,9.061641,58.545624,0.00012720222,48.809483,22.121845,3.1499398,411.5898,10.488326,0.03086938,0.0045613497,0.5388267,14.146155,0.031669796,0.21409594,0.017134607
1.1855826,0.00074587326,19.227066,0.19771492,5.9966006,6.194552,30.138361,0.00011961175,39.158607,14.212503,3.1168025,364.04202,5.846506,0.047235776,0.0047273575,0.3995233,11.057663,0.034470137,0.21153611,0.02506667
1.1686622,0.00026841476,5.2684684,0.08986939,9.212875,1.7636598,43.92116,7.5721364e-05,13.021064,2.5058322,2.944076,102.90391,1.2273428,0.023973105,0.002407911,0.25178027,2.2810154,0.016254067,0.11990795,0.013510302
1.216604,0.0003390405,6.1415763,0.0897528,7.634985,2.1624599,36.90394,6.455331e-05,11.57057,4.6465516,2.8474207,113.242134,2.4541779,0.022375982,0.003296728,0.1662677,3.544871,0.011450676,0.059961572,0.0071543553
1.2076592,0.0006374637,20.62993,0.22493258,10.22502,6.8570952,40.492393,0.00014082415,28.714128,17.329288,3.2644663,391.76038,8.948639,0.045417763,0.007310239,0.44321647,11.971797,0.027607432,0.18491499,0.029449603
1.2063705,0.00040347042,6.7505198,0.09044518,7.903012,2.10692,37.706886,6.5878914e-05,12.080343,4.445244,2.959146,123.46402,2.4624338,0.02392751,0.0035406826,0.17534557,4.062225,0.011199612,0.07749426,0.008942034
1.1790417,0.00026773094,3.9654963,0.0778071,6.9507885,1.5953263,31.5602,5.2267897e-05,9.67526,3.2668128,2.7959569,79.807915,1.4453825,0.019111106,0.0019826724,0.1353273,2.1014905,0.009727515,0.078010805,0.00655749
1.3185189,0.00033670495,4.7032533,0.10742111,9.740707,1.3537033,53.990753,6.176302e-05,11.591694,3.3006492,2.7304957,90.129944,1.6793859,0.024375672,0.001944849,0.20597795,2.7530775,0.0107679935,0.06821067,0.012098794
1.353824,0.00047174346,7.7140207,0.14320926,12.466846,2.6820347,61.85227,9.307278e-05,16.713116,5.431056,3.4829936,144.36159,3.3442886,0.02840426,0.002750447,0.3329195,3.5489814,0.024723532,0.10182996,0.01833049
1.3145126,0.00025679177,4.2321663,0.114273585,8.783234,1.3264531,46.151028,5.8767004e-05,9.245266,3.2983947,3.4427342,81.18252,1.8239231,0.019654982,0.00238875,0.19099374,2.0065799,0.012654593,0.066806115,0.013149581
1.2040156,0.00071379164,20.587915,0.292806,8.91176,6.720133,38.57892,0.00014028464,31.609167,15.927505,3.0213356,361.25,9.73156,0.05933944,0.009167507,0.30384174,11.398184,0.02753646,0.17782901,0.040942967
1.2269304,0.0005385751,16.710484,0.14974459,10.1041975,6.1169996,42.985767,0.00011993095,32.19465,15.157376,3.0102913,289.12,8.396064,0.02855123,0.0063882787,0.30870977,7.599378,0.023657326,0.13863325,0.024710378
1.2667755,0.00036577487,6.391752,0.08136043,8.095746,2.100204,40.342144,6.95425e-05,11.158913,4.328854,3.3773205,118.74631,2.0101671,0.024222665,0.0023398593,0.21646261,3.0729399,0.014007276,0.07682079,0.011871726
1.2941469,0.00038857575,6.795238,0.084033094,8.164534,2.4063356,39.019653,7.326568e-05,11.477207,5.241618,3.3006234,128.52933,2.2886243,0.024360316,0.0025649157,0.21474423,3.227108,0.015024743,0.07659015,0.011378216
1.240647,0.00048454528,12.381124,0.18275145,11.426444,4.8150363,45.670856,9.865567e-05,23.692642,11.710692,3.2977881,236.73535,6.063789,0.039353337,0.0053016185,0.27905077,6.9062977,0.021374365,0.12866749,0.017910875
