Anth,B,C,Ca,Car,Cel,Chl,Cu,EWT,Fiber,LAI,LMA,Lignin,Mg,Mn,N,NSC,P,K,S
1.063823,0.00014167294,1.7731392,0.030774785,5.8874054,0.9595934,21.968502,3.2085656e-05,9.63402,1.4082826,2.892546,27.374105,0.7207957,0.008928422,0.0010412871,0.054892845,0.8253411,0.007396683,0.062293295,0.005795986
0.9536291,0.00017110367,2.5291975,0.050633863,5.139181,1.1940109,21.187784,3.6236037e-05,12.26208,2.120724,2.09384,46.732235,0.9058816,0.009189693,0.0010613606,0.07442786,1.0624454,0.01023801,0.07839714,0.0068420465
1.088292,0.00012202391,1.4156034,0.019101365,7.158719,0.80142975,20.286562,3.115418e-05,9.829619,1.0498593,3.0905588,20.295832,0.5137625,0.0055644484,0.00064967666,0.07177266,0.6221738,0.0072505404,0.0674713,0.005827069
1.1213683,0.00019119176,2.2273939,0.06363151,5.660495,0.97087646,24.861652,4.0071398e-05,19.969036,1.759241,3.1781359,36.223633,0.937978,0.0057717264,0.0010047489,0.093134515,0.97254425,0.009901815,0.08133185,0.0071339495
1.1533811,0.00018434346,2.412647,0.037337814,5.4608946,1.1137089,29.491978,3.9677743e-05,13.361234,1.6677395,3.0308247,42.91207,0.8137961,0.010106858,0.0008932311,0.09183136,1.0381534,0.012035517,0.07625282,0.007657612
1.228475,0.0001877676,2.8144596,0.060314197,6.7031193,1.2089677,32.06669,4.4410604e-05,14.26342,2.0194569,3.8694406,57.83043,0.8851834,0.013856396,0.001096532,0.12352156,1.2885301,0.013100858,0.08764341,0.01002219
1.3078822,0.00011068174,1.3752085,0.034217946,7.683392,0.7329078,24.440512,3.0303965e-05,10.141922,0.9945182,3.0845108,18.554386,0.5473997,0.009339586,0.0005129383,0.06714895,0.52362,0.007787529,0.07102938,0.007014406
1.2295423,0.00024506633,2.841589,0.09679036,5.639996,1.3120878,27.241798,4.90846e-05,19.96734,1.9905522,2.5266318,53.614784,0.67033255,0.017613122,0.0009843496,0.10128738,1.2781979,0.010241752,0.1038918,0.008031355
1.1153557,7.430958e-05,1.4671749,0.019976912,6.202034,0.6278738,20.017145,2.6380367e-05,10.605145,0.68505895,1.8980345,25.2624,0.29509792,0.0043165265,3.555187e-05,0.050925624,0.4481205,0.006706054,0.06956629,0.0049712285
1.1235716,0.00023413051,2.6255004,0.060093746,7.54433,1.0259155,27.059586,4.7000314e-05,12.136685,1.5205644,2.5905755,45.724068,0.7625735,0.017617855,0.001055099,0.12116604,1.0997183,0.012298825,0.104569264,0.009094599
1.587313,0.00023007166,2.502168,0.077876605,8.250684,1.2868681,41.5589,4.803043e-05,14.153863,2.0028396,4.1901903,53.343273,0.9696755,0.014300589,0.001784276,0.16052838,1.2626476,0.0142927,0.09313102,0.011587039
0.8847714,0.00017773939,2.3033364,0.043151062,6.859506,1.1715319,21.091223,3.911878e-05,14.166452,1.8214114,2.7265525,38.604527,0.91994447,0.009289186,0.0012223142,0.08277466,1.067004,0.008831178,0.07777462,0.0060067535
1.0334173,0.00022576033,3.4450226,0.052979067,4.2314806,1.221766,18.108932,4.121647e-05,18.455662,2.7397594,3.6442292,68.178345,1.2782068,0.0105332825,0.0013444107,0.093257934,1.7079371,0.010116182,0.070869565,0.0070933783
1.3725436,0.00019075755,2.186773,0.08310073,8.146417,0.9054496,39.109524,4.5654335e-05,28.63346,1.4057008,3.0540695,37.86797,0.54437333,0.010264574,0.00096631236,0.10806987,0.8087089,0.009601372,0.116964266,0.009600559
1.4386579,0.00015019996,1.3562322,0.048731674,8.659655,0.76713485,34.04287,3.7204623e-05,16.861439,1.1235523,2.1360264,26.836723,0.428576,0.009632343,0.00070205703,0.09675,0.5883328,0.008033315,0.07667529,0.0076105427
1.3969496,0.00037545507,3.6621516,0.111773804,9.794511,1.4844878,46.3965,6.563853e-05,14.669316,2.4294846,3.667737,78.51897,0.8183324,0.026388798,0.0015994927,0.20666502,1.440197,0.014391186,0.09474394,0.011968002
1.1644522,0.0001688354,2.1308281,0.042323418,8.69693,1.1876581,33.988335,3.889281e-05,12.2387295,1.7741395,4.0573153,36.858753,0.62483877,0.013372213,0.00072696,0.12287144,0.7959698,0.009788628,0.09204835,0.009224224
1.37289,0.00021922548,2.28932,0.08905327,9.669717,1.1033208,37.663677,4.5253946e-05,14.298527,1.8000947,4.0256386,44.346252,0.98949444,0.016812883,0.000935873,0.14345689,1.0448878,0.011346152,0.087583706,0.009726449
1.6020539,0.0002513338,2.3370705,0.092378095,11.830254,1.3130506,62.455513,5.7602127e-05,17.798859,1.570604,1.103264,59.208447,0.7694579,0.02239281,0.0018336123,0.17762394,1.0968704,0.013622257,0.11208579,0.0134242475
1.4720032,0.00017922389,2.1187418,0.06477539,10.852358,1.0518019,41.777256,4.056282e-05,15.297248,1.4515545,4.1794825,37.776794,0.69382894,0.0137192,0.0008695192,0.14229758,0.67183757,0.010594937,0.096986346,0.011425456
1.4993359,0.00013652876,2.2653248,0.06769088,10.38792,1.1613332,39.80369,3.9344155e-05,14.386775,1.6584915,4.3346686,39.12403,0.76648116,0.012702799,0.0010456365,0.1571271,0.72137713,0.011885018,0.11142114,0.01362958
1.653786,0.0002464447,2.3551927,0.089301325,11.331841,1.0288614,45.3185,5.6339777e-05,24.023315,1.7121654,3.3042772,37.441048,0.64712715,0.017789911,0.001155972,0.17196769,1.1118511,0.011102395,0.097495794,0.013225321
0.8031525,0.0001928061,2.2163932,0.05567634,7.644491,1.3115386,24.501253,4.182918e-05,15.683227,2.0905173,1.3607705,32.129787,1.3185078,0.011418098,0.0014059254,0.09770374,0.9542765,0.008884565,0.0776632,0.008287676
0.9057357,0.0002513461,3.9379349,0.06809034,7.939412,1.6127136,28.450315,4.816458e-05,13.344966,3.3326957,3.7024677,71.86362,1.7102985,0.015689112,0.0015064104,0.13647023,1.6177291,0.009304484,0.080258764,0.008985558
1.3857493,0.0002989855,1.9610333,0.110683285,10.555412,1.1589588,44.391388,5.246013e-05,18.158077,2.1378155,4.1726165,58.269474,0.9603768,0.020577619,0.0015922943,0.13282028,1.2136055,0.011143354,0.08030472,0.010175704
1.1070789,0.00020755756,2.4289918,0.05131776,8.0743685,1.1469129,25.79853,4.631747e-05,10.989759,1.8961967,3.5634992,34.228916,0.91723025,0.015247991,0.0011151292,0.1048487,1.156498,0.011304905,0.07636148,0.0089384
1.5029628,0.000173429,2.0939295,0.07274305,9.662449,1.1200501,35.097412,4.1113373e-05,17.98259,1.8415964,4.579318,34.47271,1.0336195,0.013294825,0.0010261359,0.12215857,0.9342466,0.011269366,0.09740273,0.010359183
1.3833925,0.00022192963,2.6197214,0.08260339,8.972154,1.076698,36.96568,4.8729486e-05,19.76984,2.149205,4.001333,45.317654,0.93451816,0.016074352,0.0016293486,0.15219018,1.241745,0.0134820985,0.096125916,0.012916908
0.74324024,0.00018132436,2.3690963,0.058668833,6.0675335,1.3297149,17.517414,4.1887713e-05,15.674315,2.2556944,2.186728,34.571297,1.277513,0.012315881,0.0012231832,0.07821875,1.1127493,0.0094122,0.08018359,0.008530934
1.0713265,0.00014929271,2.1207547,0.034726575,8.142368,1.0231873,24.645617,3.95151e-05,11.751757,1.4528131,3.5441523,36.748707,0.52634054,0.009893846,0.000794339,0.106292754,0.9290227,0.009433282,0.067645915,0.0072035627
1.4782557,0.00014292043,2.2780979,0.05486421,10.76769,1.2024031,38.983128,3.762677e-05,20.096077,1.6223598,4.0679564,41.913395,0.73662,0.012719848,0.0007765127,0.1297462,0.6357281,0.010338165,0.116993256,0.011614679
1.2903508,0.00021307144,2.9424434,0.069869965,8.546553,1.1111445,29.878134,4.938397e-05,11.999085,1.9574237,5.814918,47.22955,0.9581817,0.018020578,0.0013732642,0.1444359,1.3321337,0.013048194,0.101720065,0.011019461
1.2869073,0.00023256578,2.5906177,0.076091655,8.5781145,1.191562,29.891748,4.6805293e-05,12.798631,2.2199032,4.2937684,41.63726,1.1416643,0.015711142,0.0012644186,0.14156044,1.2699851,0.0114058815,0.09231446,0.009451084
1.3047464,0.00015105009,2.1013932,0.05885492,10.400699,1.1991246,35.157024,3.5200414e-05,17.990675,1.7062721,4.8182316,37.476635,0.7824451,0.013097188,0.0010611047,0.13429232,0.75696033,0.0095631685,0.10264697,0.009729435
1.6277792,0.00020025842,2.1071377,0.04941486,10.101136,0.9464448,35.90593,4.3415024e-05,12.244032,1.5234499,4.5584607,32.220287,0.75604135,0.011285245,0.0010088783,0.117791064,0.904092,0.009503626,0.07585786,0.008075516
1.2652999,0.00020727522,3.1176994,0.05180286,10.657268,1.4214244,35.33114,4.536129e-05,16.242277,2.462153,3.5621717,57.949947,1.0246114,0.0129167205,0.0016170244,0.11259527,1.2763032,0.010077397,0.081798345,0.007833655
0.8372564,0.00026636105,4.2356787,0.062100064,7.002258,1.595397,26.583532,4.9850016e-05,10.0863905,3.3414962,4.8470182,75.490555,1.6206465,0.017274296,0.0017174507,0.13896796,1.8409164,0.008191969,0.08766125,0.009017905
1.0930457,0.0002295997,2.942148,0.061863843,8.218442,1.2823571,25.968296,4.8119608e-05,12.736164,2.4634874,5.7002397,43.761936,1.2165619,0.014827184,0.0016450891,0.13070996,1.4210985,0.009627006,0.07775526,0.009382901
1.2612892,0.00020767597,3.1493149,0.055694826,10.767444,1.3401684,33.630558,4.5934197e-05,19.73444,2.3633528,3.5240324,57.036804,0.99694294,0.012624273,0.0015790493,0.11175157,1.3650578,0.011833417,0.081785426,0.008235317
1.2890362,0.00024060902,2.6336548,0.08000998,8.317782,1.1809741,28.759367,4.6770478e-05,13.05072,2.060523,4.422473,46.04099,1.063448,0.013808403,0.0012923738,0.12599102,1.2701993,0.012578674,0.08207044,0.008581042
1.6131619,0.00036492263,3.4590132,0.14008106,10.988429,1.2970327,53.415745,6.598872e-05,14.277035,1.8988978,2.7401478,71.998795,0.70025134,0.02705362,0.0015880634,0.21466151,1.3036215,0.015130777,0.11889104,0.013869186
1.1868451,0.0002030369,3.2416215,0.05347327,10.456522,1.359875,32.319515,4.3692322e-05,18.496275,2.3582888,3.5883956,59.973804,0.9849029,0.012340543,0.0014797428,0.107532606,1.3285196,0.010455885,0.07845975,0.007540947
1.1180782,0.00022798263,2.84682,0.055642173,8.492658,1.3125932,25.23901,4.6464495e-05,12.64424,2.250905,3.6031985,47.79903,1.0655468,0.013237484,0.0012799707,0.12132467,1.3912493,0.012807961,0.068810694,0.008194409
1.0749009,0.00023693388,2.7493525,0.05878741,7.9596553,1.165532,24.193064,4.294544e-05,9.964077,2.359957,5.626005,41.667263,1.1569332,0.015208502,0.0014048367,0.10306905,1.3085407,0.00906095,0.06889642,0.008045811
1.4765292,0.0002468772,2.098465,0.07922859,11.450644,1.0707319,45.17357,5.0165418e-05,16.70607,1.4448271,2.0463977,36.273037,0.563998,0.018874444,0.0009107896,0.140847,0.8301933,0.0085473545,0.105699345,0.008444332
1.9973423,0.0003429828,3.4952328,0.10754705,12.143734,1.621727,65.716774,6.813095e-05,13.222966,2.8654208,6.325055,68.099884,1.3153776,0.021510238,0.0020800743,0.2307648,1.5854322,0.014958479,0.12659296,0.014050798
1.0470787,0.00020843529,2.4769855,0.06297939,8.6506405,0.9269794,27.499962,4.4765522e-05,13.058766,1.871663,3.2986975,35.35212,1.0287273,0.012623034,0.0012403247,0.1273308,1.2020041,0.01127532,0.07033106,0.009441921
1.384161,0.00019853668,2.5359914,0.06099014,8.493585,0.8629415,24.58436,4.4251767e-05,11.903824,1.404109,3.2189257,40.696354,0.81955975,0.014019764,0.0010138907,0.13252723,1.1118609,0.009459091,0.07101607,0.008444172
1.4003192,0.00024887553,2.673686,0.09456883,9.190001,1.1688378,26.413769,5.4962617e-05,15.874838,1.6505454,3.7163851,46.741756,0.8217529,0.018329654,0.0014500328,0.1411044,1.0660837,0.0129914,0.11230072,0.0103350235
1.1645689,0.00013872501,1.6218172,0.032824356,8.299925,0.8373582,29.618465,3.917258e-05,12.510748,1.0773348,2.8217773,24.10619,0.4893821,0.0066019082,0.0006589795,0.10002534,0.62467253,0.007254755,0.063878715,0.00627424
0.8465068,0.00020978074,2.9836679,0.06705941,6.8751564,1.3900934,20.729126,4.8356225e-05,11.973,2.7666938,6.165679,39.07626,1.3112252,0.014890997,0.0015272985,0.11265775,1.5367475,0.009323699,0.08456291,0.009539066
0.89796704,0.00022034957,2.918284,0.057549242,7.8718777,1.1899924,20.168907,4.2502223e-05,9.247255,2.0423703,6.3500977,45.525494,0.86209655,0.01309096,0.0012045699,0.10733493,1.3528454,0.009556923,0.067536905,0.008724092
1.1684463,0.00018347519,2.1714203,0.055171087,8.040021,0.8928728,31.813768,3.7724123e-05,7.906209,1.5321883,6.9498124,31.557787,0.73516273,0.01054684,0.0010099394,0.09836049,0.9934077,0.0074156434,0.072648175,0.007847438
1.4392543,0.00023057779,2.724654,0.0847537,8.723243,0.98699754,27.70941,4.7758258e-05,13.291358,1.6406398,4.0600104,46.10144,0.89824855,0.014546127,0.0013135088,0.1301819,1.1982334,0.009781508,0.07997008,0.008896594
0.94422156,0.00017670562,2.0305169,0.054645985,8.372079,1.0298154,26.47418,4.6149e-05,12.33102,1.6780246,3.8675208,25.725796,1.0116518,0.011393204,0.0013941441,0.12281013,0.9360974,0.00959436,0.08711051,0.010394018
0.79879445,0.0002211247,2.5969582,0.061934903,7.3398585,1.2059588,20.61619,4.379978e-05,8.646565,2.0694337,6.783103,38.971428,0.8315605,0.012577955,0.0010547247,0.10869346,1.327302,0.009181027,0.074728385,0.008336381
0.88823646,0.00020382927,2.4924479,0.07127514,8.002114,1.0783364,25.593313,4.261924e-05,13.948016,2.1081214,2.9856217,36.507595,1.2592803,0.011766447,0.0015403618,0.109534815,1.1708479,0.009909711,0.068981335,0.008286148
0.96257496,0.00030040264,3.6725612,0.14044054,10.183127,1.5438304,34.849335,5.3753174e-05,33.691624,3.1770842,4.8163533,61.267963,2.1717381,0.018500494,0.0020369445,0.16679472,2.0790331,0.0136070745,0.0924519,0.011694258
1.5064611,0.0003810935,3.612975,0.120291084,11.149057,1.2019624,50.390594,5.551663e-05,17.390833,1.878868,2.787954,73.803116,0.6521125,0.025588963,0.0014181563,0.20112827,1.1778328,0.015661862,0.1085868,0.013572241
1.3320037,0.00013946199,1.8694665,0.06867055,8.926681,0.99632806,40.13978,3.7710688e-05,10.30341,1.4783345,4.9806933,37.032055,0.5948518,0.013450002,0.0009573414,0.09749017,0.7284789,0.009649499,0.09341216,0.009672684
1.3613645,0.00013869368,1.9004987,0.060414452,8.350678,0.77851325,30.556366,3.3254684e-05,7.4767685,1.3541977,6.837726,29.495005,0.7361216,0.012654899,0.00082225486,0.11327207,0.8298226,0.008739856,0.07322272,0.0096204
2.1936276,0.00021399799,2.0357888,0.09813067,11.068124,0.89575565,41.91116,4.8757298e-05,14.796313,1.3663901,3.2516227,34.078587,0.7597694,0.013035351,0.0012383477,0.14498647,0.84104437,0.013886682,0.09657732,0.011470488
0.8190211,0.00025448302,4.3103185,0.056574725,7.094719,1.6355937,26.623224,4.8218033e-05,9.566975,3.387113,4.9301276,76.17833,1.6007166,0.01578649,0.0016742317,0.13862255,1.7630259,0.0081134355,0.09239993,0.009034979
0.80743414,0.00019664394,2.507247,0.050376788,7.452034,1.2565211,24.106667,4.13607e-05,8.904062,2.13907,6.860527,38.18183,0.80366516,0.012123578,0.0009466625,0.109562784,1.2530737,0.009039154,0.082155555,0.008821332
1.3082556,0.00019595826,2.4924114,0.06348071,8.16403,1.1009585,28.55318,4.380925e-05,11.769604,2.0013387,5.1975374,37.65498,1.019426,0.0145137645,0.0011307432,0.13816872,1.2906585,0.011109997,0.077922225,0.00942969
1.069017,0.00027911883,3.3715022,0.11850902,10.689537,1.4331173,35.536743,5.1093735e-05,29.077242,2.814513,4.873484,58.830093,1.6664436,0.01781225,0.0018355047,0.16223228,1.8767673,0.012382896,0.08655527,0.010922659
1.5504755,0.00027698753,2.6317878,0.15387014,10.225025,1.1762797,43.690678,4.997959e-05,15.726505,2.4022675,4.512953,48.532845,1.2146815,0.018284723,0.0015563869,0.11851348,1.2888973,0.011465444,0.09185422,0.009979929
1.3490309,0.00013204836,2.0536647,0.055979908,8.449613,0.8647558,32.173607,3.2814813e-05,7.6975045,1.4410653,6.772376,32.985325,0.6506661,0.012771753,0.00075914385,0.11346773,0.86081773,0.009649505,0.08527937,0.010555572
2.240161,0.0002356964,2.1289291,0.123022065,10.704343,0.9643361,42.01863,5.3373366e-05,14.206026,1.3517814,3.134623,36.71772,0.8633436,0.016000856,0.0015809063,0.15170228,0.9347277,0.015214458,0.101593465,0.012376611
0.99503505,0.0002076636,2.7760086,0.049340107,7.812589,1.3225027,27.144415,4.035243e-05,11.974464,2.3325956,6.213148,40.502724,1.014336,0.013131441,0.0012043491,0.109728925,1.281576,0.008872589,0.08162666,0.008297342
2.1773286,0.00033466672,3.3760185,0.10981322,12.191784,1.5880718,65.653175,6.415527e-05,13.570147,2.7702608,6.460533,69.1291,1.3184159,0.022523671,0.0020245318,0.22327283,1.4358175,0.014967084,0.12038491,0.013984028
0.8093917,0.00021282195,2.6060715,0.057853498,7.4021797,1.2752532,22.346727,4.296216e-05,9.189657,2.2291253,6.6856337,39.16065,0.8527169,0.0127962455,0.0010287068,0.11091274,1.2798079,0.009309513,0.07891216,0.00864025
1.2761664,0.00018319303,2.4709213,0.07628417,8.466105,1.0245078,26.638096,4.3311633e-05,10.992272,1.8355037,5.277834,40.04038,0.89513505,0.012478996,0.0010263572,0.104018174,1.1139289,0.009192534,0.077419676,0.009145408
1.2770239,0.00020595537,2.78956,0.09929733,8.484143,1.0414414,25.003277,4.8291662e-05,16.33719,1.8868312,3.481375,50.900074,0.902826,0.015374978,0.0012286978,0.14507417,1.2338233,0.010890089,0.087601215,0.009567435
1.2464066,0.00014376659,2.159181,0.05146203,8.012129,0.99109805,31.889994,3.4138455e-05,7.800937,1.5940789,6.6715617,34.638397,0.64160496,0.011104112,0.0009539936,0.092448786,0.8880954,0.008576622,0.0891036,0.009414919
0.9442827,0.00017386931,1.8594922,0.05123639,6.8745117,0.9555962,18.748281,4.0258103e-05,14.934902,1.6048715,1.600962,26.338898,0.9546819,0.010042302,0.0012001448,0.098546095,0.8370966,0.008293485,0.06416885,0.0073244656
0.8287496,0.0002090791,2.5330691,0.058865514,6.9719977,1.373058,19.225262,4.2626052e-05,14.516146,2.3302112,2.1490314,34.727093,1.153431,0.012850941,0.0014543784,0.091601916,1.1307428,0.010480484,0.08695164,0.0096678715
1.2358532,0.00033039215,2.9680169,0.15462,10.305454,1.4906547,38.13027,5.992862e-05,30.51355,2.8240886,4.662536,49.734154,1.3590279,0.016822783,0.0018583026,0.1621626,1.5579555,0.012897921,0.120744795,0.012558154
1.5520486,0.00026316312,2.971016,0.110145174,8.9004345,0.9696652,39.441483,5.253293e-05,12.3961935,1.4808425,3.791909,54.19069,1.0478084,0.0215228,0.0010219216,0.1693333,1.2330219,0.013127785,0.095149234,0.0111983465
0.9575041,0.00020742245,2.719539,0.056312326,7.660168,1.4244053,26.48882,4.0886334e-05,12.061219,2.4557953,6.500244,39.283474,1.0114881,0.013591354,0.0012359689,0.11441474,1.1882915,0.009711397,0.087134294,0.009413251
1.0788908,0.00016845671,1.8955846,0.060242917,8.781382,1.0979602,29.86474,4.922333e-05,13.93066,1.3829312,3.0189073,26.499535,0.7419709,0.016646082,0.0012318726,0.117792726,0.8507647,0.011652607,0.10081032,0.01147437
1.4608395,0.00022811728,2.2106023,0.06978941,8.974962,0.94664603,29.321966,5.0122e-05,11.77086,1.395119,2.6575947,33.187172,0.78450704,0.016579114,0.0011595781,0.13880469,1.096007,0.009401353,0.08621019,0.010077738
1.116519,0.00022722212,2.5915785,0.07310769,7.483576,1.0984801,24.302496,4.31081e-05,12.901349,2.1554246,3.8932562,46.22335,1.2549628,0.017499235,0.0012082373,0.126596,1.2528588,0.010863784,0.08153893,0.008655308
1.8860464,0.0002476741,2.6234677,0.12201967,9.057097,1.0114673,36.348995,5.318441e-05,14.418176,1.5776429,3.5487828,56.45811,1.0381913,0.016476348,0.001576012,0.16027366,1.1935169,0.015003015,0.09543865,0.011093565
1.5361654,0.00028956297,2.6677682,0.08021406,9.557117,1.0010331,32.176315,5.3523898e-05,11.774893,1.448949,2.1978393,48.8017,0.6720933,0.01957421,0.0015469784,0.17415108,1.1838486,0.010727138,0.097602904,0.010592152
1.1038066,0.00017397135,2.7902474,0.06535673,8.762882,1.243231,35.775455,4.540045e-05,10.0607195,1.9605213,2.1461933,56.050613,0.92560405,0.016601034,0.0012464636,0.11201745,0.89817774,0.010113005,0.09285174,0.0095536215
1.3328562,0.00020200481,2.796613,0.06506544,6.440245,0.9730742,30.153505,4.5243094e-05,13.244803,1.2164747,2.9626517,49.299847,0.5460775,0.01565435,0.00028367733,0.14140737,0.7873099,0.012884128,0.10087243,0.011110792
1.982662,0.00021668023,2.0577948,0.07813766,10.844017,1.0645982,31.837727,5.289777e-05,12.025068,1.4081753,0.74045813,31.779757,0.5646803,0.017980376,0.0012411396,0.19102114,0.89758646,0.010976605,0.084568955,0.010900619
1.8327918,0.00018551288,2.0042262,0.072699,10.185757,1.0557368,29.621418,4.933053e-05,10.955138,1.2448419,0.6242043,34.764355,0.49906844,0.01833593,0.0010124724,0.14548934,0.74302226,0.010178579,0.07930822,0.010120598
1.1736847,0.0001973234,3.0372014,0.0445484,9.715142,1.6816012,38.97117,4.6032605e-05,13.087644,2.89565,1.1992365,65.53166,1.2722627,0.013427453,0.0016356775,0.133849,1.1110344,0.009250076,0.09718966,0.008365679
1.6396387,0.00016136024,1.767921,0.062001966,10.814404,0.8664742,39.876286,4.0937146e-05,18.114723,1.3913074,2.7293031,28.1034,0.62642574,0.010111235,0.00085670623,0.12409858,0.6537661,0.00888579,0.10028388,0.008769126
1.3561873,0.00014397512,2.0559385,0.04944303,8.850819,1.0035233,37.19691,3.750455e-05,11.134318,1.7601961,5.0336833,35.402504,0.9527761,0.010340225,0.001134174,0.10375195,0.81423855,0.009772074,0.08973771,0.008842685
1.6889992,0.00019404673,1.8353451,0.06623034,10.961772,0.7140897,44.001465,4.3101118e-05,12.996586,1.267097,3.795195,30.921642,0.7610237,0.012606965,0.0008360951,0.13349345,0.7735383,0.007961022,0.06953396,0.007977096
1.2375691,0.00023608259,3.538263,0.05366468,12.039214,1.7881365,51.016563,5.423803e-05,14.433564,2.7500055,0.8692011,78.665436,1.3127216,0.016333414,0.0019210092,0.16014077,1.3294897,0.010964169,0.104431294,0.010541704
0.9587406,0.00021496772,2.2959254,0.045694314,8.112861,1.205576,28.408218,3.8401166e-05,14.037289,2.3343525,4.2449837,33.602005,1.1711471,0.011391878,0.00093242247,0.09476534,0.99608743,0.009841119,0.08458063,0.008387698
1.2553567,0.0001482155,1.7418206,0.046385434,10.105176,0.97744614,41.431812,3.1574833e-05,15.800843,1.6880225,4.844774,30.193226,0.78612417,0.011762199,0.0007670855,0.09906723,0.7136223,0.008686336,0.08334937,0.008743736
1.1664153,0.00015994956,1.9805263,0.04025441,9.205564,1.0401859,34.67878,3.7284535e-05,14.601747,1.8157927,5.126068,30.593351,0.7841922,0.0110133365,0.000991745,0.10315552,0.7892356,0.008768214,0.09026347,0.009012538
1.6862751,0.00016070239,1.8777617,0.055173934,10.354567,0.9516079,41.713406,3.741165e-05,16.814783,1.4572817,4.712147,31.03167,0.7566115,0.012577102,0.0010215862,0.10457661,0.7104516,0.00918222,0.08421481,0.008879715
0.8881511,0.0002211536,2.9545908,0.06076124,8.8633375,1.5517151,31.189327,4.780807e-05,14.783915,2.2827823,1.9039491,44.066757,1.1279589,0.012753216,0.0013206928,0.12341502,1.2315091,0.010451564,0.09290538,0.009506073
0.9703335,0.0001423373,1.8567106,0.037174594,8.994275,0.95792156,36.212902,3.5142573e-05,11.5540905,1.8143891,4.902507,23.403946,0.8850216,0.009595016,0.001075703,0.09613187,0.7529798,0.008073204,0.08691929,0.0097450605
1.5663886,0.00015309,1.8695362,0.04670582,9.695699,0.9416356,44.222828,3.5868896e-05,12.533493,1.4893364,5.592019,32.440575,0.7777335,0.011995452,0.0009853045,0.106654264,0.83629715,0.008979346,0.075853564,0.00905725
0.8474284,0.0002396437,2.9862745,0.063644275,9.095206,1.6070325,32.86025,4.653332e-05,19.355375,2.949915,2.037263,48.994297,1.4743595,0.0128316535,0.0013513624,0.12031687,1.2203984,0.010554322,0.10365759,0.008700278
0.836198,0.00020295868,2.3943996,0.066120364,7.135148,1.2154841,24.33437,4.256605e-05,13.458733,2.1937,3.737542,35.281433,1.2375668,0.016316973,0.0013081448,0.10436682,1.0629327,0.01042017,0.09839829,0.010248699
0.8630094,0.00020889852,2.5050101,0.051681504,7.707929,1.4359757,27.140215,4.5953682e-05,17.145048,2.3689215,1.3916913,36.82457,1.2652317,0.011551916,0.0014151811,0.108664945,1.0562208,0.010062379,0.10184829,0.008466127
1.6595792,0.00016947369,1.9884905,0.0579614,10.807715,0.8721254,42.674957,4.1801755e-05,15.836898,1.3597972,2.962656,29.904774,0.7691936,0.012227095,0.001117486,0.13356099,0.8710765,0.010500776,0.08049548,0.009648429
1.4990183,0.00017169333,2.1877084,0.05424052,9.449943,0.94149023,39.83116,4.187238e-05,12.251726,1.5385313,5.2108,37.6801,0.7531858,0.011498886,0.0010503358,0.13062172,1.0646302,0.009704898,0.07835258,0.0090363845
0.81731343,0.0001950278,2.4074974,0.08098106,6.629442,1.2175368,19.144915,4.160252e-05,23.455877,2.083144,1.9959477,44.256912,1.0327798,0.012864751,0.0012607045,0.093714505,1.0738604,0.009218965,0.09532297,0.008023686
0.7379211,0.00021814938,2.3333824,0.06731771,7.250033,1.2042288,24.018747,4.5181077e-05,16.344055,2.0460057,3.560776,31.626642,1.1792283,0.012518518,0.001253404,0.106767565,1.0916113,0.009174726,0.09860646,0.009430963
1.2537482,0.00022854432,2.406151,0.08257552,11.620418,1.3263522,43.90436,4.867878e-05,17.398026,2.2101147,2.3903134,56.914234,1.012782,0.01734519,0.0013611623,0.12127477,1.0573617,0.010238677,0.10096258,0.010021038
1.0686067,0.00014924473,1.7316163,0.05294411,9.407498,0.97213167,35.295063,3.7765025e-05,13.186236,1.5898308,4.6320796,25.111439,0.8149426,0.01036496,0.0011412675,0.09881121,0.852191,0.008886838,0.08193162,0.00877558
1.6261438,0.00024029303,2.3575573,0.08392719,11.035943,0.9883338,48.684723,5.2037376e-05,12.3272085,1.7671216,4.6365976,40.99501,0.8215431,0.018237472,0.0013739509,0.1540987,1.1997925,0.010147049,0.08566363,0.010513726
0.8649172,0.00024515053,3.1781127,0.05969966,9.0278015,1.5648898,35.352093,4.4183722e-05,18.08835,3.050012,2.6827984,52.85722,1.6249852,0.012615289,0.0014593288,0.12228713,1.3309506,0.009901266,0.09828412,0.008312009
0.712483,0.00018183711,2.538753,0.075479016,6.2615023,1.2624385,18.300169,4.1601e-05,26.099916,2.3931873,2.2695897,48.186646,1.2332329,0.013726862,0.0012900004,0.08372153,1.1985333,0.010368393,0.08349405,0.0094165355
1.6358947,0.00020067955,2.0411189,0.06504605,8.985578,0.9316151,37.57168,4.7142294e-05,9.683706,1.5337673,5.551148,31.932703,0.74090344,0.013543123,0.0010795644,0.12751892,0.9404292,0.009091043,0.0841977,0.009316109
0.75633967,0.00019745342,2.9371288,0.06710974,7.3191094,1.3441415,21.22866,4.2373635e-05,24.041319,2.3441074,2.1822608,50.280647,1.2244462,0.012240395,0.001272913,0.0895047,1.2405231,0.009721122,0.07444259,0.007750722
1.1448973,0.0001853691,2.8739347,0.051507257,7.471191,1.0565741,36.607883,3.902636e-05,14.0583725,1.8529272,3.1259787,58.462452,0.831914,0.013551684,0.00071767275,0.13082683,1.1572864,0.011310954,0.08524641,0.008815848
1.424561,0.00021096955,2.4015155,0.07082463,9.166337,1.2150292,41.516182,4.9288374e-05,9.198468,2.0294406,5.670525,40.07141,0.8883458,0.017288165,0.0013246755,0.14724402,0.9959867,0.010422885,0.110941514,0.0116043
0.94820124,0.00022136513,3.0286472,0.059085116,9.108313,1.4273133,33.371353,4.5610475e-05,13.342706,2.8984342,4.7936926,47.006603,1.4545338,0.013198012,0.0013509593,0.12851107,1.3885942,0.010164924,0.09108134,0.009835407
1.3322197,0.00021959704,2.6530538,0.098481454,9.445886,0.94316536,32.667,4.7367175e-05,12.325929,1.6023452,4.791463,43.27468,1.0336603,0.015466626,0.0014003478,0.14881945,1.3568563,0.012738357,0.07977403,0.009312078
1.6068088,0.00019398025,2.298627,0.07361217,10.148808,0.91440153,36.962624,4.1823714e-05,21.661818,1.5630178,5.6790233,42.53917,0.7052167,0.0152130015,0.0010266877,0.12995231,0.9700407,0.012157407,0.09684947,0.010509684
0.8682602,0.00026296216,3.4172754,0.055386882,8.53939,1.4644854,34.14317,4.895549e-05,18.898355,2.9416802,2.914513,53.76939,1.6814204,0.01627851,0.0014782216,0.13471203,1.3040539,0.009945584,0.11163136,0.009554573
1.0377685,0.00018730304,3.0592732,0.05604884,8.135536,1.4005396,27.948545,4.4908935e-05,10.444204,2.4767146,4.870048,46.55851,1.3471866,0.01423649,0.0013578827,0.12426399,1.2649246,0.0116863055,0.091985315,0.011302436
0.9955337,0.00023164085,3.0042312,0.06001098,9.160678,1.3647656,33.582108,4.6974485e-05,12.468849,2.853099,5.025497,54.030373,1.444029,0.015104574,0.0014258063,0.13119943,1.3756323,0.009059335,0.08202411,0.008330954
1.3818719,0.00017974873,1.7826046,0.059858095,9.828631,0.99870837,32.212868,5.0030998e-05,11.573355,1.6163234,2.6370194,22.774166,0.848469,0.013701665,0.0011910597,0.1266455,0.748249,0.01301601,0.08579649,0.011340275
1.1835108,0.00025934182,2.8916428,0.071836695,11.072179,1.2299155,34.693676,4.9322072e-05,20.828337,2.556381,4.7403107,51.95026,1.2625781,0.016901772,0.001502968,0.13901399,1.2531172,0.010038107,0.09102995,0.00909739
0.8753578,0.00024007529,3.3726068,0.054755475,8.217411,1.4381981,30.328499,4.9382168e-05,16.725977,2.9731944,3.2203872,51.917988,1.6257466,0.015242509,0.0015554675,0.13484386,1.3089817,0.009829004,0.09685593,0.010163154
1.4361749,0.0001922698,2.2546873,0.06383755,8.80725,1.0378861,34.22216,4.6238023e-05,9.352678,1.7447858,5.4796653,37.87619,0.8118509,0.013947006,0.001042355,0.122302726,1.0934209,0.009267855,0.07720438,0.009536197
0.93076056,0.0002446019,2.6713603,0.060039062,8.342571,1.1282524,27.86029,4.677882e-05,19.215183,2.1534753,3.4816406,40.178158,1.3762367,0.013049714,0.0014020695,0.11681359,1.3163154,0.011032737,0.07417894,0.009752023
0.86739725,0.00022239848,3.155209,0.050848164,8.500329,1.6171025,27.105932,4.247407e-05,20.306562,3.0519292,3.5934668,62.97012,1.408775,0.01527012,0.0015151333,0.1150181,1.1514878,0.009156493,0.09152132,0.0073292367
1.3768535,0.0002831503,3.1044247,0.11278293,11.442554,2.0656614,45.868736,5.164953e-05,45.32322,3.9285874,4.1670117,80.63932,1.6277694,0.02128081,0.0019998986,0.1520855,1.709288,0.0142246755,0.126449,0.014507444
0.8838528,0.00023668843,3.859097,0.051111054,7.59335,1.5010139,27.537485,4.734162e-05,10.404514,3.3442638,4.2829747,68.41824,1.5794771,0.014674037,0.0015782192,0.133163,1.6247797,0.0095371865,0.08505741,0.008074137
0.9873108,0.0002958743,3.2576485,0.069740154,9.01629,1.5329396,29.073559,5.2352e-05,17.705523,2.8757744,3.2826467,48.191895,1.3718814,0.014800566,0.0015887292,0.14398177,1.4135032,0.011588003,0.092760995,0.010945489
1.2062551,0.00017282112,2.0992823,0.059046924,9.254218,1.0298439,32.664818,3.981524e-05,11.484742,1.8865778,4.3502684,33.662697,1.0075091,0.013057864,0.0013157411,0.10345286,0.9062519,0.00849423,0.08386243,0.008772953
1.1129494,0.0002557296,2.9288738,0.079968676,8.764138,1.207776,22.261057,5.3091688e-05,15.016536,2.3995628,3.7545338,45.830933,1.3818823,0.018648408,0.0014960495,0.13691135,1.3848077,0.013466275,0.08766738,0.009902746
1.0624361,0.000172757,2.2052305,0.04572434,8.646773,1.0658154,28.588957,3.636476e-05,13.889527,1.8397751,3.1558,34.93757,0.7676855,0.011299099,0.0013440609,0.09715273,0.8896716,0.007894925,0.08210171,0.0065003447
1.3576041,0.00029324336,3.4132564,0.11519987,10.013952,2.034605,40.61206,6.0329698e-05,29.675163,3.3951974,3.0448315,71.90488,1.7837676,0.02201431,0.0020936413,0.1764927,1.6481079,0.018176982,0.1467027,0.016114963
1.2686913,0.0001882509,2.2481318,0.06340699,9.982097,0.99065346,34.325985,3.9950333e-05,16.323328,1.8070062,3.905691,38.079483,0.9101692,0.012570641,0.0013663035,0.1111933,0.96284646,0.00947592,0.08512083,0.007576435
0.76780665,0.00028140185,3.6175613,0.08877479,6.6554675,1.3461087,22.394022,5.422538e-05,17.02041,2.9194417,3.5641143,54.187035,1.8539003,0.018810945,0.0019019208,0.1297217,1.7612208,0.011430477,0.08910319,0.01044255
0.93436444,0.00019814436,2.4959612,0.051003512,6.814652,1.2733725,14.952221,4.020102e-05,10.397406,2.0100913,2.489342,36.298004,0.9461571,0.014380414,0.0012410808,0.082057506,1.0976098,0.00908936,0.07856667,0.007492086
0.6714158,0.00023198972,2.8446019,0.078240566,8.613739,1.136821,25.674694,4.868345e-05,16.028294,2.4820929,4.0510035,43.12391,1.6623284,0.015664559,0.0016899902,0.11841646,1.6549512,0.009753805,0.07379589,0.008294973
0.9888019,0.00029258558,3.8783865,0.064065054,8.981632,1.328918,31.234974,4.6590343e-05,21.350359,2.7861884,3.5179124,66.11191,1.5655187,0.018212486,0.0017998385,0.14989068,1.6554035,0.012899386,0.08616259,0.009905233
0.73630106,0.0002398516,3.2272975,0.07049079,6.298959,1.3113774,20.56837,4.9299735e-05,14.501483,2.7163968,3.8545487,45.743874,1.4618088,0.015977088,0.0014899711,0.11501786,1.5366518,0.009472403,0.08284247,0.010034228
0.95030737,0.00022274554,2.8434846,0.06227265,8.659785,1.2083247,23.44873,4.127494e-05,16.11018,2.17679,3.358578,49.453533,1.079461,0.014606799,0.0012811266,0.10839106,1.2744385,0.011241587,0.072091065,0.0075033293
1.4645851,0.0003041439,3.8073776,0.10959944,11.84772,1.4239322,51.41322,6.5780565e-05,17.20692,2.4780629,2.6125023,79.51628,1.190333,0.022643764,0.0014845735,0.22142488,1.6521384,0.014579096,0.11068944,0.013785722
1.336133,0.00026915915,2.5723283,0.12059992,10.086936,1.2999456,36.67497,5.1644533e-05,26.792336,2.3416846,3.6415503,54.327248,1.1290247,0.016929563,0.0015114604,0.14473164,1.42823,0.01291831,0.11081144,0.011878235
0.6604932,0.00021013028,3.0052671,0.08141547,6.7923107,1.2705929,15.847927,4.692576e-05,14.261439,2.7350614,3.8713222,48.13938,1.6153265,0.017033815,0.0014845643,0.12069435,1.6799877,0.009739198,0.071970426,0.010005081
1.3761641,0.00029787456,3.456705,0.1052279,8.807685,1.2627494,35.690002,5.0818602e-05,13.323145,2.4756777,2.8912222,56.290936,1.1723707,0.02264302,0.0017122655,0.14627048,1.6404413,0.0132933175,0.080905735,0.012132066
1.0328871,0.000228513,3.2165394,0.06783259,4.198774,1.4961407,24.48794,4.6426783e-05,16.084023,2.9476995,3.4714293,72.521965,1.2309823,0.012588096,0.0014990049,0.1184673,1.4111295,0.01563287,0.09474627,0.010434085
1.1350025,0.00023072842,3.2521765,0.07773208,5.73856,1.2167958,21.069117,4.5769637e-05,11.0483675,2.5772407,1.9521866,61.721527,1.2604076,0.019434735,0.0016901632,0.122602396,1.3807325,0.012125952,0.07841751,0.009955202
1.3757163,0.00031192758,4.1910925,0.08935166,9.019238,1.4251788,38.823956,5.635928e-05,12.809381,2.9722605,2.2811997,70.61805,1.3502713,0.024460424,0.0017210944,0.16268748,1.8880179,0.013844473,0.0896611,0.012533062
1.2873176,0.00019941045,2.7321434,0.065819845,7.578845,1.0204384,28.76149,4.473294e-05,9.528851,1.7583781,5.672717,50.557335,0.75728124,0.015262307,0.0011716861,0.124566086,1.3322046,0.010185181,0.07435787,0.008667521
1.0703899,0.00021689823,2.3352828,0.064984635,5.017984,1.0938569,33.784832,4.4711163e-05,26.856897,2.012776,3.681978,41.263847,0.9024941,0.012788479,0.0012447484,0.09214264,1.2212168,0.011426867,0.08811343,0.0092898505
1.1318731,0.00020648738,2.5402164,0.062149625,8.338023,1.0619893,29.671955,4.6765035e-05,11.7143545,1.8182745,4.8211174,39.32045,1.0127431,0.0136537645,0.0012760932,0.1259343,1.1544363,0.012116417,0.08040435,0.011116383
0.9851346,0.00032053806,3.1469688,0.10473526,7.6835694,1.5416149,32.821987,5.6871893e-05,16.40014,3.4404852,3.4828968,46.365673,2.0195718,0.020896476,0.0021844946,0.14875506,1.7248075,0.013282354,0.13172781,0.012785461
0.95935696,0.000201799,2.0429258,0.07178316,8.606557,0.97000796,28.906242,4.082613e-05,13.8239155,1.6567398,2.8514652,37.762638,0.820299,0.011999548,0.0010343221,0.10746132,0.9432406,0.008997326,0.0706774,0.008288655
1.4900683,0.00018539272,2.374876,0.090033494,6.9224477,1.0450855,39.458138,4.518562e-05,20.398775,1.7301466,3.8654652,39.75524,0.85654855,0.012320676,0.0010058804,0.13830632,1.1043172,0.01286014,0.08912437,0.010502149
1.3044165,0.00023972879,2.6867795,0.06867382,7.8703947,1.0506848,31.23501,4.6272657e-05,11.65128,1.8675418,4.6966662,44.37455,0.88257146,0.021222426,0.0013535145,0.11159468,1.409197,0.010798102,0.092425756,0.009037735
1.5499111,0.0002007676,2.4269269,0.05138736,7.1308985,1.0945014,25.1413,4.36453e-05,17.877745,1.6213012,2.1368766,40.382263,0.63812745,0.010811699,0.0013396719,0.10231714,1.2541407,0.009737323,0.07572089,0.00686796
1.2092297,0.0001921591,2.752441,0.042781867,4.9638405,1.0732971,20.907213,3.6796995e-05,15.848989,2.0124352,4.0139637,52.86647,0.7950422,0.011102255,0.001109244,0.09387189,1.3234166,0.009487008,0.07059744,0.0063206404
1.034695,0.00024459593,2.9796457,0.054470833,6.7165604,1.2521695,20.344995,4.158862e-05,13.584326,2.1398292,3.47716,51.700855,0.8507138,0.015487401,0.0012810803,0.10415196,1.4460158,0.012176513,0.07271261,0.009209891
1.0117248,0.00022566791,2.858724,0.061133213,6.572089,1.1512659,21.603834,3.976534e-05,12.425074,2.0551062,3.350141,48.726116,0.9791062,0.01531373,0.0013942943,0.090028375,1.3990136,0.010523306,0.06988075,0.008115784
1.1709627,0.0001979495,2.8941839,0.046938825,5.067875,1.1084087,22.040773,4.0440074e-05,14.05618,2.1258068,4.0611296,60.2979,0.9159775,0.013314265,0.0011057497,0.11089812,1.4219872,0.011861991,0.07193613,0.008049414
0.9449628,0.00023987256,3.247049,0.06330399,2.906316,1.4344125,11.090866,4.1442447e-05,19.84916,2.707191,2.9426029,64.484955,1.1228578,0.011113814,0.001319598,0.06482005,1.5362784,0.0105435755,0.08987852,0.007915232
1.1210966,0.0002653496,3.7052,0.053764943,4.8104825,1.2667042,23.968122,4.950506e-05,20.265333,2.8107765,4.303542,67.42446,1.5329674,0.01947002,0.0018239815,0.11647676,2.161446,0.009981859,0.076296255,0.0072127157
1.0792799,0.00019677397,2.9179125,0.061899673,6.394689,1.1325752,25.74322,4.296806e-05,13.488543,2.115881,3.6834586,56.293373,1.0823385,0.011832602,0.0013590408,0.10381361,1.3711897,0.010827679,0.07578593,0.008589132
1.2098825,0.00022716087,2.6005895,0.064734496,5.057049,1.1044078,25.252295,4.6792262e-05,15.340609,1.8908418,3.9649045,55.890156,1.0237844,0.016507378,0.0011530614,0.11590295,1.3603693,0.016265994,0.094378,0.010181755
1.0335696,0.00020224221,2.6873744,0.07346249,7.5548754,1.0652972,25.722702,3.9423045e-05,15.408615,1.9220238,3.148303,51.60481,1.1081908,0.014117171,0.0013513634,0.099357404,1.202542,0.012229022,0.07777981,0.010234521
1.3786217,0.0001863635,2.6334002,0.063901894,9.360655,1.1822237,36.4446,4.5813216e-05,12.715816,2.0439441,4.089199,44.711876,0.9213477,0.013482431,0.0010183039,0.15032937,1.013109,0.012249164,0.10445379,0.012608906
1.7698543,0.00023677287,2.472463,0.08645436,9.698227,1.0159626,41.548702,5.187463e-05,13.269369,1.6779462,3.9707074,45.104057,0.7883911,0.016966222,0.0011911355,0.1580386,1.0529346,0.010393941,0.08659815,0.010055966
1.2556912,0.00025167628,2.607734,0.07500332,6.124595,1.2372514,32.40279,5.1043724e-05,18.959608,2.2355292,3.7097952,50.65275,1.0857303,0.018003691,0.0017178026,0.14598545,1.5428919,0.014958678,0.086997315,0.012358715
1.3790213,0.00025707274,3.2318728,0.073921375,8.754718,1.1894374,37.081665,5.2420244e-05,10.32746,1.9876844,2.1830487,52.888695,1.0239068,0.021282293,0.0016091638,0.13269973,1.4947411,0.011399769,0.086138375,0.010032712
1.3154008,0.0002582914,3.9150336,0.08428558,8.585072,1.3940264,39.23681,5.7748348e-05,10.457864,2.7280912,2.834979,67.17133,1.2003356,0.022067763,0.001749269,0.16243704,1.8800588,0.013492433,0.08959176,0.011322103
0.89883995,0.00019646155,2.1612139,0.06519452,4.7044,1.1042492,25.246683,4.4367498e-05,23.332853,1.8864095,3.537065,36.4127,0.92466336,0.011367739,0.0013047095,0.079494715,1.0625786,0.00992755,0.0839265,0.008479976
1.311085,0.00023115944,2.8926463,0.079233736,8.138269,1.2032064,30.927603,5.0449074e-05,13.593154,2.1615775,4.084605,49.231083,1.2701957,0.014487548,0.0017670417,0.14979108,1.3714978,0.012703852,0.09465305,0.009875324
1.392831,0.00031946393,3.0001643,0.08911739,8.96129,1.3528198,37.013176,6.442457e-05,16.67055,2.256185,3.541555,54.1634,1.3883876,0.018792322,0.0017688951,0.17913274,1.427339,0.014338502,0.123692796,0.010759726
1.4032403,0.00023298422,2.7901452,0.081342,9.018921,1.2100409,31.826202,5.3660926e-05,13.849602,1.8372695,2.861062,51.152817,0.995223,0.019650558,0.00091564626,0.19272648,1.2388036,0.014779061,0.12206708,0.013031572
1.1618197,0.00016013967,2.1033273,0.035300326,7.28195,1.0458934,24.340826,3.5384444e-05,12.118394,1.5926037,3.1076996,33.670643,0.7164643,0.009636135,0.0012068696,0.0914128,0.9148571,0.007381338,0.06858512,0.0055323103
1.0806891,0.00021263731,3.1603694,0.04593963,6.488823,1.3028287,23.098776,4.4941768e-05,14.92548,2.2877696,3.2650857,54.72015,1.0552944,0.011066936,0.0018682858,0.09918725,1.5303859,0.008221656,0.07241007,0.0052980324
0.8851887,0.00018882321,2.7128232,0.05242006,6.2892632,1.265529,22.213709,4.261273e-05,14.918553,2.197115,2.4919217,42.47002,1.1916769,0.012117128,0.0016914422,0.10771227,1.369638,0.008936053,0.076623306,0.0076895165
1.0710559,0.0001495525,1.9311088,0.0502383,6.669192,0.8331829,27.725286,3.004436e-05,11.338307,1.340995,2.8116403,44.459084,0.5351505,0.011094309,0.00070860714,0.07623278,1.0124791,0.007911541,0.06091406,0.006037066
1.1493537,0.00019222863,2.3555496,0.06602892,5.5971003,0.92124313,26.84199,3.664199e-05,12.846229,1.3092258,2.2412891,45.546577,0.46762434,0.016190702,0.000668683,0.09093591,0.93496275,0.0118278125,0.10337319,0.0089147845
1.228484,0.00017606663,2.204301,0.071611024,5.608377,0.98279876,29.99037,3.3668966e-05,14.982481,1.6226913,3.2546809,46.640514,0.5430817,0.012367168,0.0007677287,0.096694484,1.0295317,0.010771998,0.08444925,0.009028843
1.343857,0.00025767533,2.9829903,0.11658728,6.392534,1.106907,33.195755,4.867262e-05,28.117977,1.8348578,3.872359,65.95891,0.848186,0.014951338,0.0009252666,0.15587737,1.1877661,0.015227517,0.11741947,0.012760542
1.4630178,0.00021884828,2.9879518,0.07026592,6.8670397,1.0307244,34.61656,4.9215832e-05,23.011715,1.4447205,3.9487152,64.23997,0.7741181,0.008633756,0.0006418748,0.148357,1.173441,0.012540351,0.09641979,0.009408976
1.3964472,0.00020629635,2.6839955,0.078976385,6.363347,1.1433989,32.73496,4.624131e-05,21.187551,1.861486,3.9766843,46.830498,0.8943301,0.013023009,0.0009645585,0.15164776,1.1507218,0.013390288,0.09728588,0.010720762
1.3791201,9.7265234e-05,1.9143859,0.032677732,7.3520794,0.80817866,29.599155,3.605129e-05,10.7270775,0.74607,1.9333928,35.18039,0.2744524,0.010236402,-1.5136406e-05,0.10806943,0.50714123,0.010807844,0.1027636,0.00821014
1.1638994,0.000101109166,1.6920828,0.030707933,6.4027424,0.75910497,20.266748,3.18386e-05,11.110306,0.82790345,1.7655284,28.528473,0.38987178,0.0073516006,5.5688302e-05,0.06710549,0.50501895,0.009170109,0.08543779,0.0067573404
1.228507,9.667527e-05,1.322384,0.038161293,7.219591,0.6826671,32.827858,3.103624e-05,12.279477,0.7621279,1.9416943,25.931126,0.21767324,0.008728652,0.00026574856,0.061370768,0.44018152,0.0063149217,0.08618001,0.006925236
1.1694607,0.00014696868,1.7786257,0.021819886,6.650308,0.8961269,18.936455,3.233317e-05,8.28317,1.2116069,2.7738175,27.78072,0.596612,0.0076442095,0.00061324803,0.06962466,0.67051995,0.008516806,0.0628633,0.006526646
1.1411064,0.00025449373,3.2908127,0.076559894,4.8731446,1.1803545,22.480724,3.994408e-05,12.100807,2.3015034,3.2310095,63.853676,0.99928594,0.025104363,0.001332042,0.10261893,1.6399494,0.015173824,0.08876807,0.009652143
0.9927923,0.00020765014,2.748663,0.05983965,6.879125,1.0623732,25.212458,3.970863e-05,14.87731,1.8332828,2.9534988,55.021378,0.89566386,0.015296552,0.0013053424,0.10675207,1.3826541,0.010842583,0.08164792,0.008632846
1.051578,0.00021139522,3.340436,0.047987,5.459541,1.2691673,20.069033,4.4354932e-05,17.03496,2.5243912,3.259616,57.500156,1.3119006,0.011347345,0.0015912007,0.107175,1.6279634,0.009345703,0.078214824,0.0059248963
1.167434,0.00023331135,3.6507752,0.051129278,4.5952706,1.2892655,21.034025,4.5293596e-05,17.53723,2.6405816,3.4639165,71.178055,1.2666812,0.017910859,0.0016221243,0.11636604,1.7800719,0.01099257,0.07590698,0.007414921
1.012801,0.00023046014,3.4092731,0.05243075,4.5090604,1.2196476,17.691305,4.171912e-05,17.859314,2.7561882,3.572572,63.840042,1.3690791,0.011329219,0.0013315597,0.09178905,1.7730803,0.010103736,0.07361249,0.007005682
0.93266726,0.00021661384,3.238901,0.055374853,2.960474,1.525451,10.864225,3.6438127e-05,20.62519,2.7315,3.1642308,68.051186,1.030961,0.012489948,0.0010260516,0.061308675,1.4704193,0.010662255,0.06953225,0.0069254832
1.0430843,0.00022686945,2.7523787,0.06838974,6.6934237,1.1377447,25.72903,3.9474693e-05,13.01956,1.9951464,3.5474799,49.01206,1.2091126,0.018179892,0.0013205076,0.108526275,1.2819327,0.012528423,0.089561574,0.011363339
1.1327252,0.00020453932,2.5864162,0.05366924,4.6252155,1.0900487,24.31068,4.2010688e-05,15.844139,1.90675,3.6422126,53.763783,1.0085641,0.014963899,0.0011134315,0.10228752,1.3202904,0.015255817,0.08566487,0.008944121
0.90436953,0.00021538767,3.3481991,0.06590715,4.615609,1.2031469,17.724648,4.4126442e-05,19.699482,2.3697984,3.3436267,63.972336,1.2580934,0.012277087,0.0016106575,0.09737761,1.7263645,0.010697926,0.083307825,0.0076675494
1.4461669,0.00014872379,2.4234226,0.073236965,8.083127,1.0702528,36.07629,4.086956e-05,16.237226,1.6221449,3.317092,47.41608,0.73564994,0.014898317,0.0007644694,0.13632575,0.9233651,0.01286281,0.11525973,0.0120697925
1.4664897,0.00020594882,2.7314658,0.09743999,9.226153,1.1232632,37.037033,4.9221628e-05,16.398258,1.6794564,3.03506,50.961308,0.80003995,0.017386207,0.001062437,0.16533466,1.1074015,0.013977619,0.1228675,0.01388266
1.3469543,0.00014719184,2.473598,0.06419787,8.1143055,0.86464965,32.924274,3.9898794e-05,11.183036,1.1133142,2.8183773,49.73882,0.49588227,0.015463066,0.00053042825,0.13788928,0.87227696,0.010415425,0.09494675,0.009353292
1.2573,0.00015913963,2.5743747,0.060561787,7.784872,0.9323594,31.138124,4.0681636e-05,11.183878,1.3713232,2.6358235,53.245327,0.69959456,0.013226291,0.0006535935,0.12937847,0.9078033,0.011091606,0.08500462,0.009085172
1.3248317,0.00013623179,2.0815032,0.05585232,8.685945,0.91052353,34.120243,3.7563437e-05,10.47213,0.99786675,2.6182714,44.227234,0.49963856,0.0168168,0.0006025077,0.11467824,0.8034881,0.011353672,0.10532949,0.0110743195
1.2431474,0.00016603993,2.2604256,0.049345855,7.90913,1.0158104,28.351381,4.016799e-05,12.099541,1.4727799,3.4803588,43.688065,0.68644977,0.013388178,0.0009261069,0.10819016,0.9944664,0.009648319,0.09650669,0.008228578
1.4391035,0.00031820196,2.8599677,0.25827086,6.661793,1.0644053,30.898508,5.518503e-05,10.974619,2.0472193,4.227885,50.567986,1.1251261,0.023282953,0.0015443616,0.14751099,1.4437991,0.015233005,0.111317985,0.012264822
1.4225386,0.00025618248,2.766361,0.16944657,5.745801,1.0415896,30.92807,5.2405918e-05,16.797577,1.865145,3.8827698,52.524834,0.96323055,0.019556832,0.0012713094,0.13769867,1.3880062,0.017816953,0.0960612,0.010768036
1.915778,0.00021337264,2.3338237,0.09854833,9.2120495,0.977943,41.54187,4.7239835e-05,12.781796,1.4815333,3.0332096,40.545677,0.8631354,0.01805089,0.0010548029,0.15637374,0.9989536,0.013428014,0.09664319,0.012094362
2.0774179,0.00023734714,2.5637412,0.108109616,9.9713545,0.9777758,42.868584,5.4835185e-05,16.378416,1.5039448,3.4904237,44.771435,0.8255056,0.01776413,0.0012638073,0.17314567,1.0817424,0.013465297,0.09767441,0.011504847
1.6003493,0.00019044049,2.5839043,0.06878239,8.156191,1.1093422,36.714966,4.9215872e-05,18.454275,1.697552,4.0764256,40.54284,0.9117785,0.014744728,0.0009845097,0.15970595,1.1159612,0.012230566,0.11037808,0.01025541
1.2094847,0.00015585043,2.211504,0.03991811,8.006708,0.9144006,26.316088,3.8339927e-05,12.638617,1.2835281,2.8680406,35.715088,0.5113382,0.009537826,0.00072826544,0.104723886,0.9446579,0.009928073,0.058257524,0.0067662275
1.3266122,0.00013786134,1.9059697,0.02931912,6.55558,0.79742867,20.025976,3.4538087e-05,8.53135,0.92676234,2.930887,32.906647,0.4641718,0.008207215,0.00030682515,0.082673095,0.6410541,0.008706233,0.064200014,0.0066601126
1.3273,0.00025905596,3.8340209,0.08708014,8.537469,1.3883632,38.978626,5.748763e-05,10.622847,2.7357411,2.8477554,65.7309,1.2174733,0.02222726,0.0017453831,0.1633928,1.8260269,0.013384957,0.089937404,0.011726477
1.3678623,0.00021681651,2.651159,0.08360617,6.6764455,0.949122,32.007076,5.0797655e-05,10.127486,1.3788526,2.0485945,52.266983,0.60843945,0.021084655,0.0011889436,0.1286756,1.3023932,0.011290005,0.09613244,0.009129927
1.39209,0.00018025776,2.2265987,0.05219049,8.120646,0.9850121,28.494883,4.529407e-05,10.962015,1.099423,2.3236976,39.028038,0.48051235,0.017597515,0.00069513876,0.12681903,0.84946233,0.00961405,0.096028484,0.008281778
1.1419,0.0001481655,1.6277289,0.02660385,7.21292,0.84748966,23.851505,3.4156743e-05,12.146291,1.0723625,3.0594425,24.073742,0.59533656,0.004999532,0.00067293755,0.07643762,0.69200844,0.007700033,0.07084301,0.0055590305
0.9906994,0.00018169158,2.3524344,0.06650411,4.407008,1.0066705,26.391981,4.161686e-05,23.524414,1.9634849,3.042269,39.450573,1.0585499,0.0062318733,0.0011544795,0.07831991,1.1776685,0.0098993955,0.085593924,0.0070775384
1.1351676,0.00023752953,2.9164646,0.05956207,7.5497293,1.368815,27.54128,4.8816866e-05,12.925974,2.4851744,3.9676266,44.94159,1.3359557,0.012683906,0.0014850057,0.13453056,1.4689783,0.012029257,0.07331543,0.0086031575
1.2413508,0.0002168134,2.7139983,0.057042573,8.0998745,1.17575,29.447975,4.4734265e-05,12.796668,2.0595586,4.065658,44.242832,1.0605536,0.012544583,0.0014014231,0.13352948,1.2361854,0.013609243,0.083146766,0.009701291
1.3967991,0.00028965826,3.2081332,0.07160827,8.537399,1.3078035,35.049953,6.137355e-05,14.788804,2.2541254,3.784753,56.94675,1.3061717,0.017506704,0.0018165951,0.17190562,1.5228848,0.012657118,0.097537465,0.009153511
1.075817,0.00020914208,3.1643515,0.044965457,6.3512607,1.2984332,22.663336,4.5938676e-05,14.662919,2.3269238,3.1643493,54.434647,1.0740796,0.010905392,0.0018874966,0.101574585,1.5303621,0.008135339,0.07258503,0.0052563357
1.1867638,0.00021060354,2.2058582,0.07485024,7.652305,0.91386646,30.046598,3.9834707e-05,17.062279,1.6414515,2.9192789,43.863697,0.7185591,0.014660752,0.0015305536,0.104003206,1.2600398,0.01185105,0.083315685,0.0096406825
0.94626325,0.00019800587,2.4570403,0.051265895,7.1654396,1.1236023,24.76788,3.8725382e-05,14.973685,1.9319342,3.1038888,46.042698,0.7323612,0.013738062,0.0011739233,0.10012484,1.119803,0.012339427,0.08628544,0.009235098
1.2760967,0.00016521885,1.75686,0.058153313,7.240751,0.9067738,38.670326,3.2681415e-05,12.745128,1.3423725,3.3982456,47.040943,0.45721772,0.011906668,0.0006281533,0.11057215,0.75642276,0.0073734014,0.07335681,0.006935052
1.0518701,0.000154809,1.8651518,0.054998185,6.7710524,0.83349144,27.520163,2.9899855e-05,12.165967,1.360651,2.888337,45.01924,0.5059525,0.0116489185,0.0008213841,0.07352726,1.0204495,0.007740897,0.060950726,0.005823743
1.121784,0.00018383116,2.4422393,0.058732226,5.5648527,1.0115937,26.233757,3.870921e-05,15.510252,1.7518187,2.66729,45.87151,0.7057142,0.011592246,0.0010068221,0.09429381,1.0815065,0.012081059,0.09725496,0.007996095
1.0359892,0.00017176864,1.9741213,0.06488889,6.0019674,1.0123149,24.34092,3.282901e-05,16.44944,1.6479756,2.9085498,49.10626,0.5936129,0.012983165,0.0010939359,0.071792744,1.1789596,0.009596636,0.07284131,0.007042337
1.1531035,0.00017334135,2.2451982,0.050478324,6.8631964,0.9994963,32.723785,3.830567e-05,15.419153,1.6275173,2.9914212,46.096447,0.7226699,0.009983384,0.00090367295,0.11623363,0.9525026,0.010500223,0.0899711,0.0076207244
1.4524556,0.0001822794,2.6200707,0.06615928,8.646361,0.97347385,36.901165,4.3117965e-05,20.81583,1.2526205,4.173683,50.4464,0.7271803,0.012425679,0.00053063926,0.16632849,0.9519597,0.012831613,0.13434541,0.012456448
1.3448099,0.00017768102,2.3146925,0.057474617,7.0210223,1.0350949,34.449932,3.8817827e-05,20.811943,1.8191062,3.352342,39.073673,0.9236549,0.0077779796,0.0011380309,0.106019,1.1646516,0.010564276,0.08055586,0.008385435
1.5021387,0.00016892052,2.3126318,0.07552284,7.6467338,0.8889622,38.264374,4.3435066e-05,20.503994,1.2758193,4.0648327,45.727505,0.7434646,0.010293252,0.0005841215,0.13747604,0.98755485,0.012444094,0.092749715,0.010186716
1.3212423,0.00025670003,2.9728076,0.118215054,6.375896,1.1084901,33.52519,4.900864e-05,29.307827,1.8743595,3.8138413,66.24152,0.86016464,0.015135254,0.0009670342,0.15566322,1.2131788,0.015270498,0.11629625,0.012714559
1.4307764,0.00019758,2.5272546,0.09666053,6.4083786,1.0225605,33.428574,4.530728e-05,22.485281,1.6991538,3.7586744,50.944378,0.81045616,0.013455426,0.0009538059,0.13611463,1.2344978,0.014382327,0.09178447,0.010430735
1.1641226,0.00013151193,1.560647,0.026835648,7.9398375,0.8561684,31.49453,3.5958506e-05,9.361714,1.0586442,2.2761068,23.790174,0.43012565,0.009427674,0.0005494412,0.09266061,0.6619751,0.0065683196,0.06466561,0.006231717
1.1383079,0.00011670082,1.8473232,0.022694549,6.7470264,0.9024479,27.41828,3.4120905e-05,9.4708,1.4702015,2.3297021,29.52451,0.65286314,0.004915266,0.00075998507,0.07835479,0.76084894,0.0065646567,0.07957911,0.0057731806
1.0827328,0.000109314366,1.4991182,0.023837946,7.030326,0.74284375,25.495241,3.215183e-05,10.9442005,0.9887458,1.8495045,22.324467,0.48908237,0.0073698037,0.0004474683,0.07028697,0.5689506,0.0077857254,0.07236544,0.0065072123
1.1851928,9.648274e-05,1.557614,0.040820476,7.4841337,0.8288679,33.45452,3.2898024e-05,11.465103,1.0839654,2.049798,28.81936,0.4432132,0.007874535,0.0008009519,0.076601185,0.6442304,0.0073626647,0.08416815,0.0077836616
0.9580226,0.0002195118,2.927393,0.05584662,5.833568,1.3221861,20.006697,4.1150208e-05,11.161707,2.3563077,3.3061426,48.787373,1.1868571,0.014642085,0.0016464742,0.09018473,1.4523641,0.009072801,0.06588725,0.0073247477
1.0028777,0.00019557297,2.3114655,0.034279972,6.860927,1.2470927,18.8052,3.74157e-05,9.144725,1.9255319,2.7830236,34.442295,0.83340716,0.011018196,0.0012413383,0.070364125,1.0117576,0.008518787,0.06523098,0.0064637796
1.0494729,0.00023012144,2.773083,0.054459456,6.6825175,1.1360393,20.500364,3.8604263e-05,12.409814,1.9790668,3.5289001,44.30373,0.8608344,0.016285231,0.001302221,0.09095892,1.3009007,0.011588697,0.07482432,0.0085339965
1.026342,0.0002185996,3.2674305,0.050693154,6.5471854,1.3679756,20.582901,4.2007057e-05,8.862264,2.4597335,2.7323344,53.03922,1.2372154,0.017422711,0.0018140147,0.084685445,1.393256,0.008426869,0.0594601,0.006746963
0.9795633,0.00019909377,3.3541734,0.050831348,5.8893,1.25543,20.26481,4.321648e-05,10.153073,2.327861,2.5446646,54.82873,1.2052639,0.016242174,0.0018916677,0.092756756,1.5093687,0.00872266,0.06558664,0.0073055984
0.978779,0.00023270395,3.332322,0.07196223,3.022921,1.3752165,11.258179,4.443299e-05,17.827362,2.8176794,3.0219042,66.73855,1.1640321,0.009795217,0.0013730814,0.06573965,1.6843388,0.01095216,0.087762006,0.006869534
1.0130801,0.00024101275,3.2437532,0.05371377,5.684168,1.2709677,21.289776,4.6213387e-05,13.077866,2.5637553,3.5992422,59.08402,1.3704269,0.012895401,0.0015962569,0.1052969,1.7148647,0.009223561,0.0780049,0.006420344
0.99274683,0.00020774342,2.7521377,0.060046963,6.877637,1.0636426,25.205023,3.9708197e-05,14.877106,1.837639,2.9542303,55.13526,0.89843935,0.0152820945,0.0013084821,0.10686747,1.385499,0.010846653,0.08155231,0.008652589
1.1284016,0.0001996825,2.7283137,0.041825395,6.7293324,1.1480433,26.703773,3.9633764e-05,10.91817,2.0009308,3.5130317,52.44524,0.8863477,0.012828074,0.0010320445,0.088731654,1.2600052,0.011026262,0.066740856,0.0071448064
1.1171151,0.00018640605,2.8844438,0.0446498,4.1924963,1.0734607,18.479698,3.6708672e-05,17.57484,2.2139292,4.3416924,59.00733,0.9578439,0.010321486,0.0011155071,0.09795083,1.3979337,0.0095521975,0.06821809,0.007032743
1.2440984,0.00027154377,3.058306,0.06433891,5.0094085,1.2034925,26.577593,5.2650426e-05,20.501062,2.4356637,3.893708,62.86919,1.2200322,0.018655619,0.0015132308,0.13901876,1.8086935,0.011810752,0.08262137,0.0092906095
0.96385133,0.00020834434,3.1929133,0.07079118,3.947733,1.3478987,13.623809,3.8359885e-05,12.652609,2.6441097,2.762059,59.72385,1.151512,0.012540196,0.001310814,0.07523232,1.5419569,0.010514981,0.07187218,0.007073176
1.2205732,0.00023824963,2.5401278,0.070799485,4.6816864,1.1152757,25.178581,4.623219e-05,15.650079,2.1220853,3.6188169,49.18932,0.94725025,0.015354449,0.0012429894,0.10611231,1.4651314,0.015311083,0.0846668,0.008814237
0.95791715,0.00022067712,3.3834677,0.05657985,2.9572883,1.5279849,9.95229,4.0611045e-05,18.999308,2.964038,3.2082012,67.3815,1.1835697,0.0136518255,0.0012353541,0.06321659,1.6925542,0.010737505,0.0691778,0.0068760864
1.2374669,0.00024990522,3.3486624,0.07130334,4.126304,1.2343607,17.933117,4.2901767e-05,19.912048,2.1079025,3.0911207,68.77326,0.8577819,0.018854484,0.0013406421,0.09505137,1.5629257,0.011199984,0.07467199,0.008717644
1.858309,0.0001856378,2.0900786,0.07953829,8.920025,0.78958315,41.70448,4.7693793e-05,17.50089,1.0195094,3.952008,36.106762,0.57577735,0.011411598,0.0005849181,0.15199268,0.79390174,0.012404241,0.09943264,0.00940353
1.2995383,0.0002101101,2.537329,0.07338873,6.221354,0.8858612,26.784418,4.2716252e-05,11.170388,1.5885435,4.5428414,47.538437,0.67542523,0.014109635,0.0011142562,0.11793424,1.2503074,0.011944088,0.08413308,0.009190722
1.2124072,0.00020333136,2.5368907,0.057730693,6.70215,1.0842098,24.891554,4.1489173e-05,11.78103,1.8406552,3.8807056,49.733776,0.8249307,0.01308597,0.0010544397,0.103063345,1.0538255,0.0089663835,0.08481797,0.007056915
1.4120654,0.0002677154,2.6443288,0.16784383,7.230678,1.071221,35.846107,5.250915e-05,11.366906,1.8838376,3.9816742,52.162796,0.9230917,0.019616494,0.0014508648,0.16152729,1.2360085,0.012231321,0.09408329,0.011087429
1.3276694,0.0001774847,2.5305147,0.044627286,7.830218,0.99827045,27.07655,4.1032905e-05,14.078748,1.5503781,3.1719909,40.71837,0.6383726,0.0118891215,0.0009853541,0.10222171,1.116391,0.010190438,0.057561364,0.0071918624
1.4005086,0.00021202693,2.2558498,0.07676261,8.931692,0.8581146,49.013107,3.8503553e-05,14.729864,1.2385031,2.9228327,43.014515,0.44048667,0.01521056,0.00059205433,0.13219981,0.86832994,0.009013064,0.07921881,0.008582283
1.3934387,0.00022800255,2.50057,0.08101355,8.371048,0.9562201,46.6444,4.3547472e-05,11.956899,1.4812013,3.2543166,43.338512,0.52694577,0.016771829,0.00079803524,0.1380329,0.8848453,0.00882249,0.09722966,0.010375739
1.3419572,0.000220085,2.3403358,0.07561068,8.338084,0.8633407,44.30207,4.0279312e-05,13.455694,1.3314813,3.05037,42.985466,0.48398393,0.015584568,0.0007096923,0.13500117,0.8717053,0.008545331,0.08972216,0.009618473
1.2270776,0.00028550258,4.2925243,0.096235506,6.5801187,1.5703458,26.786444,5.7528225e-05,9.85547,3.549539,2.797164,80.145874,1.9551414,0.021756582,0.0027061752,0.14755012,2.300717,0.0096966615,0.072178595,0.008700723
1.3090937,0.00035539776,5.3686466,0.087623045,7.5826893,1.4615266,36.36578,6.322894e-05,13.276788,3.1072621,2.8431342,103.20512,1.4673159,0.021149507,0.001998921,0.21185791,2.3116794,0.010138099,0.079550646,0.009057894
1.2732114,0.00028632564,3.7987926,0.11342035,7.104945,1.3613752,31.077972,5.2303876e-05,10.852239,2.6996536,3.443667,71.96751,1.3420501,0.018272404,0.0017447685,0.15367034,1.9854662,0.012506555,0.09215077,0.012522257
1.2132428,0.00029586753,4.5368705,0.07473425,7.651332,1.4266002,37.72155,5.436088e-05,11.162587,3.3721259,3.361736,90.72124,2.146618,0.016609484,0.0023744933,0.18333493,2.6246307,0.01053383,0.05664411,0.0088753365
1.1531698,0.00025385554,3.9173305,0.082514435,7.4607725,1.3937101,37.890118,5.2079027e-05,8.222854,2.6362877,2.637619,84.43307,1.2613755,0.022882642,0.0013291267,0.13188875,1.553838,0.011226543,0.08602762,0.012183126
1.2060909,0.00028060155,4.473159,0.09959107,7.114045,2.0136578,34.914886,5.6599973e-05,10.0849905,4.3193445,3.1708822,85.93529,2.3805013,0.021452505,0.003327938,0.123513386,2.6838138,0.009226528,0.05582083,0.008575919
1.2525586,0.0003129972,3.6342926,0.112765744,7.211452,1.292801,32.06611,5.490403e-05,10.423669,2.723909,2.9841156,69.4959,1.4826106,0.02265904,0.001943345,0.16200985,2.0805461,0.010853963,0.089540124,0.011577977
1.2838266,0.00025153186,3.2773132,0.11821059,7.6277742,1.1346341,40.507225,5.4534044e-05,11.150936,2.1945524,2.027632,66.68172,1.0009104,0.018478876,0.0012767804,0.14860441,1.4556358,0.012134405,0.09458753,0.012547054
1.2558256,0.00029207778,4.561637,0.07783381,8.407119,1.7857763,40.46948,6.088738e-05,10.403633,3.894437,2.821672,93.019196,1.4582654,0.017716292,0.001986401,0.15570712,2.2261343,0.011308333,0.06901672,0.008513668
1.020207,0.00018523925,2.964999,0.04854827,7.464977,1.4564308,27.464716,4.0942887e-05,9.83122,2.623114,3.4886208,56.217976,1.205325,0.013859794,0.0011928908,0.10833485,1.1804183,0.0077288123,0.08322612,0.008240545
1.1510946,0.00022805516,4.492429,0.04797074,7.559443,1.8753375,34.96304,5.4553162e-05,11.759765,3.6253717,3.076355,85.561264,1.4841548,0.017333595,0.0016383359,0.14448503,1.8074498,0.009131005,0.083756514,0.0086125145
1.2764117,0.00034199737,3.8853242,0.086619966,7.527544,1.3594185,33.239838,6.473443e-05,11.490642,2.6213253,3.1306827,76.182594,1.2070906,0.021121226,0.0018828626,0.15799174,1.9871436,0.010242994,0.09215852,0.010149924
1.4032736,0.00023924599,4.000799,0.08064442,8.044642,1.0733371,41.156204,5.8895203e-05,15.326972,2.6068165,4.020775,77.7098,1.2676561,0.019185185,0.0020569293,0.18053208,2.151088,0.013209718,0.08992574,0.011183618
1.2222924,0.00027267507,3.8833847,0.07790607,9.252791,1.5363638,45.156097,5.1045212e-05,11.320562,3.38317,4.0074463,80.74254,1.6909544,0.01891483,0.0019300266,0.15412608,1.618075,0.009520649,0.065606594,0.010877484
1.3364611,0.0002832354,4.7280445,0.087784275,9.554892,1.7248392,49.39514,6.128062e-05,13.261369,3.7296574,3.469278,97.14886,1.8312607,0.018404864,0.0022501159,0.21136934,2.3032079,0.01687572,0.097897545,0.013771271
1.4042076,0.00025709186,3.6894653,0.076181516,9.069532,1.189084,45.786045,5.6666493e-05,11.186113,2.3134024,3.1897588,84.09233,1.0130972,0.018525189,0.0015385884,0.19530371,1.7079824,0.010190707,0.088276446,0.00916928
1.1458275,0.0002632679,4.3732247,0.07065408,7.429545,1.6248517,38.694736,5.277019e-05,12.16391,3.5791423,3.8083997,84.863075,1.7518319,0.01964366,0.001981936,0.15869175,1.8516,0.011218877,0.089254156,0.011670179
1.1696992,0.00020061713,3.4061475,0.05762132,6.786028,1.4170879,31.67561,4.7253732e-05,10.219454,2.964079,3.3156843,65.51801,1.4510787,0.015369579,0.0013926269,0.12394104,1.6669549,0.008926661,0.07613438,0.008347939
1.221402,0.0003566136,4.888001,0.095409505,8.014403,1.6516502,43.023235,6.024123e-05,10.6585045,3.8321028,3.011818,96.401695,2.3380773,0.019651134,0.0030634233,0.16999975,2.6561713,0.0095803235,0.046986487,0.008192495
1.287557,0.0003443863,4.8278327,0.08644956,9.034756,1.5113994,43.3111,6.261619e-05,11.017081,3.0881276,3.0374663,90.71177,1.9179587,0.02179919,0.0033106725,0.16617946,2.603325,0.0090414835,0.056572963,0.008384133
1.2356561,0.0003571734,4.44767,0.0901553,8.102629,1.4674802,40.11111,6.005572e-05,11.041392,3.140066,2.8098063,87.7893,1.7992742,0.020610435,0.0025045143,0.17122339,2.3362432,0.01046538,0.056729607,0.009657132
1.2805493,0.00031087565,4.152752,0.051023163,7.1943784,1.3922611,38.695015,5.406076e-05,10.580419,2.7208447,3.0215552,79.57506,1.2267579,0.015622999,0.0014173806,0.19810879,1.7335696,0.008911558,0.06877966,0.0090674935
1.2360095,0.00032002397,4.753071,0.0843208,10.383435,1.6803628,43.151512,5.6506273e-05,12.831619,3.642417,2.910842,95.61901,1.9412731,0.020359311,0.0019351366,0.16066322,2.076219,0.014686711,0.06511786,0.011720787
1.2094041,0.00022294233,3.0508487,0.078041025,7.2640986,1.1285214,36.22587,4.5073655e-05,7.2727056,2.0861232,4.0501275,65.532295,1.0569646,0.018123018,0.0013121242,0.122013204,1.2756804,0.009323696,0.08046251,0.009537317
1.241376,0.0002664857,3.6872003,0.08203519,6.69379,1.4061364,29.820053,5.2606894e-05,10.102942,2.895858,4.302587,75.94227,1.2736045,0.018586772,0.001427994,0.119064786,1.6529986,0.010488526,0.08734815,0.008860543
1.2392527,0.0001983302,2.3380904,0.07558165,6.7364335,1.0826129,33.05765,4.374001e-05,14.6512575,1.5478348,2.531229,49.13122,0.6840374,0.014462076,0.00064278697,0.123991445,0.84985125,0.013116585,0.11328053,0.010531713
1.1917942,0.00024377617,3.559808,0.068780266,7.6891785,1.3211964,39.146286,4.800225e-05,11.417193,2.9209146,4.2672815,68.0291,1.3834093,0.018908933,0.0016268997,0.14592794,1.6260751,0.009472847,0.07579995,0.009971631
1.1418003,0.0003006951,4.3646154,0.08278375,7.0101614,1.2709677,30.24126,5.3110183e-05,11.736851,2.7190702,1.876087,79.18915,1.4444895,0.021205533,0.0017707825,0.117534354,2.002234,0.010024542,0.057157632,0.008126416
1.2548089,0.00025905643,3.7253337,0.06384378,7.2594447,1.2404066,44.370094,4.9880273e-05,8.969697,2.7906654,2.7976294,78.82294,1.3788264,0.015246694,0.0020946907,0.17198473,1.8141428,0.010602408,0.06044107,0.01038839
1.2612588,0.00029567498,3.7631743,0.08756664,8.108643,1.2220297,40.620716,5.3469514e-05,10.114202,2.412364,2.7960594,78.05644,1.1940014,0.019759297,0.0018833108,0.14335047,1.6465285,0.011156095,0.077571504,0.010401258
1.2592487,0.00031724176,3.8379896,0.10223659,7.35679,1.3565402,37.558044,5.7564896e-05,13.459958,2.9924374,3.243404,77.25426,1.3675717,0.021502657,0.0018418448,0.14291447,1.6030681,0.011808588,0.10820399,0.011588693
1.3788217,0.000325173,4.336308,0.10516029,11.34269,1.4062483,48.892704,6.026574e-05,13.65087,3.5188534,3.477939,83.94793,1.7082856,0.020179419,0.002120971,0.16770728,2.0059707,0.011231837,0.07766708,0.01098196
1.1998869,0.00024620685,3.444602,0.070847385,7.6857224,1.2026768,38.6057,4.7647474e-05,10.355521,2.737206,3.737145,66.702484,1.3848333,0.017957315,0.0015845611,0.14216146,1.4833456,0.009884892,0.07503804,0.010238864
1.3864664,0.000354544,5.005189,0.11643854,9.693981,1.3831563,51.10421,6.3329986e-05,15.865668,3.0263681,3.552151,102.043655,1.447455,0.023375135,0.001936248,0.21537729,2.0731974,0.013879059,0.09786391,0.012289954
1.1929743,0.00026877547,2.6120546,0.10760014,8.444463,0.9833057,34.914276,4.9859347e-05,14.167883,1.8684373,3.840483,53.064266,1.1983036,0.016709775,0.0013282092,0.12706085,1.3175775,0.011964648,0.086637,0.009453376
1.430578,0.00026113697,4.412801,0.06617069,9.2218685,1.281512,53.66282,6.15657e-05,12.228486,2.435683,3.1803384,89.06962,0.99397135,0.020561716,0.0019295205,0.2165026,2.0266342,0.012820546,0.084966496,0.012401185
1.2702665,0.00030368747,4.4757013,0.07778283,9.184966,1.2801578,43.57578,6.1672625e-05,10.601637,3.1593316,3.51647,90.78275,1.560533,0.019915042,0.0026041132,0.20162058,2.2178645,0.010099037,0.0668971,0.009501211
1.3754717,0.00035757327,4.9455414,0.08146648,8.671656,1.4145575,41.200657,6.6819055e-05,13.452677,2.6664877,2.944296,95.34588,1.4086894,0.018401455,0.0018683274,0.21137133,2.258673,0.010276362,0.08542504,0.008599062
1.2850518,0.00032032063,5.3126073,0.070058376,9.517162,1.7743526,51.568832,5.9826678e-05,11.043389,3.5257804,3.265284,103.96026,1.9811453,0.019094879,0.0019510083,0.2486758,2.0348523,0.015142724,0.08306637,0.012684562
1.3885863,0.0004018785,9.681276,0.0852852,8.832636,1.8114513,43.9704,7.417642e-05,25.344662,3.9112647,2.6597362,181.40236,1.9348191,0.022872608,0.001988129,0.32590845,2.9962945,0.015687605,0.114605956,0.013149883
1.4375376,0.00033573562,4.250592,0.11583245,9.697168,1.2796053,49.750355,5.7289766e-05,14.447753,2.8758366,3.7447836,85.041595,1.4059988,0.02009646,0.0019723314,0.16919284,1.8646969,0.014208293,0.08374939,0.012100969
1.4519678,0.00028055793,3.5282445,0.10876072,9.179068,1.1867446,43.76627,5.17964e-05,10.70292,2.0547228,3.994847,71.75155,0.9137222,0.019703712,0.0014303458,0.12783827,1.3652713,0.011755052,0.08274689,0.010652365
1.2618259,0.0002026884,3.39568,0.06792378,7.09126,1.183433,31.325048,4.741939e-05,10.955127,1.9707997,3.4393358,59.654293,0.7313917,0.01432293,0.0010073287,0.11065504,1.3269144,0.011262643,0.08030212,0.009647351
1.2012652,0.00023284346,3.1609797,0.06227231,7.465532,1.2489576,37.23186,4.785833e-05,9.607411,2.168472,3.311454,63.36211,0.9839387,0.019048244,0.0014018216,0.13472714,1.3260332,0.010382817,0.09739487,0.009450947
1.2068197,0.00019747816,2.9192402,0.06271729,7.892052,1.1805755,31.460312,4.4799745e-05,8.30692,1.8855792,5.406794,54.622887,0.7578077,0.015276027,0.0011386257,0.12477986,1.2200513,0.01125595,0.08043947,0.00964242
1.088344,0.00016334021,3.1088817,0.06713215,7.943332,1.2656528,32.168087,4.158983e-05,8.545149,2.107068,3.4454389,63.685955,0.9548435,0.017471034,0.0013347247,0.1108476,1.1273861,0.009312597,0.08599501,0.0092782155
1.3018267,0.00029390914,3.78098,0.097674616,7.7635183,1.2195773,36.52011,5.588916e-05,12.355981,2.2947063,3.233024,67.14172,1.1024512,0.018620197,0.0015220679,0.13045555,1.5338345,0.011535211,0.0945136,0.010229451
1.2001075,0.00027889287,4.176275,0.08487181,8.049145,1.4499747,36.733425,5.6812056e-05,12.012281,3.1179206,2.18551,76.73597,1.5889487,0.01707709,0.0017911559,0.1502017,1.6570643,0.010897331,0.08856391,0.009467026
1.2180672,0.00029909785,4.3808036,0.08692583,7.963553,1.5241202,34.767143,6.102753e-05,13.505091,3.0723193,1.5320268,83.59985,1.588779,0.019173203,0.0018579626,0.17157997,1.7396458,0.010869551,0.09733334,0.009580431
1.3281621,0.00020763926,3.6487756,0.071024545,7.9488983,1.2523888,32.42295,5.07778e-05,14.523835,2.5302892,3.6056128,69.84789,1.2041179,0.015946206,0.0011009239,0.1768081,1.6762936,0.015815316,0.09970203,0.011617653
1.2769115,0.0002714488,4.5365405,0.08745694,9.360798,1.8844886,39.821217,5.754892e-05,15.904,3.7145805,3.3977058,87.17369,1.7942266,0.02043304,0.0021752228,0.16547795,2.0329068,0.0111003155,0.110230826,0.011590095
1.2684767,0.0002007813,3.4675202,0.047204383,6.775825,1.2940059,31.57675,4.843573e-05,13.172031,2.4451687,3.0511093,60.15174,1.1331463,0.011380369,0.0009914225,0.13553433,1.641856,0.013738794,0.08584083,0.008698985
1.1715634,0.00021369972,3.494522,0.06474239,6.919859,1.4304606,26.5759,4.7343812e-05,10.830924,2.6957994,4.4487357,64.711044,1.1757689,0.014204987,0.0012952043,0.119822755,1.5509646,0.010528276,0.0826677,0.008944189
1.2147936,0.00021284232,3.9556074,0.07618628,6.616859,1.6284127,27.728874,5.1404317e-05,10.610845,3.4946556,3.6902668,76.90853,1.5272443,0.015647871,0.0015793593,0.14999972,1.771026,0.0129923215,0.11614161,0.011538669
1.3331953,0.00022983189,5.0895977,0.0748848,8.703426,2.0753496,42.485172,5.9759655e-05,10.547497,4.4938784,4.13112,95.573044,2.3511827,0.013212663,0.0022103118,0.2013184,2.3158073,0.014582995,0.093365505,0.011397909
1.3101984,0.00026728545,4.4942555,0.0830117,7.8437734,1.7718604,36.715096,5.1185816e-05,11.114016,3.7280388,3.51535,82.47014,1.767369,0.0142752845,0.0017012554,0.16651756,2.2178566,0.012848392,0.0930642,0.011461016
1.2298577,0.00023675288,4.4050083,0.07970377,7.757804,1.7698767,42.33486,5.190165e-05,11.892098,3.9116633,4.475397,88.92897,2.0506985,0.01974053,0.002414223,0.14765087,2.4726982,0.012370301,0.059626505,0.010085689
1.1498497,0.00034573933,6.297394,0.09948761,7.5504556,2.2711449,36.82187,7.291586e-05,15.628018,4.596825,2.1072447,122.58695,2.2203875,0.02472789,0.0031898483,0.17225994,3.1074312,0.015086949,0.104048,0.013714957
1.1348199,0.0001759354,3.2076948,0.058087803,6.9534097,1.4782113,34.34115,4.52068e-05,8.916942,2.2336414,3.46807,68.47124,0.8725927,0.015806144,0.0012083346,0.121251605,1.2689774,0.009397759,0.093774945,0.009112973
1.1633214,0.00014414269,3.312415,0.051744238,6.483844,1.5103079,31.61342,4.248549e-05,9.431762,2.1432102,3.6308029,73.48288,0.7353955,0.014655492,0.001002686,0.12906998,1.2287382,0.010694057,0.10267076,0.00996908
1.3655175,0.00024408304,3.6401744,0.0853277,8.657322,1.2080656,46.51135,5.485819e-05,11.489645,2.3341484,3.2275891,76.9477,1.0554885,0.02097744,0.001713505,0.17572846,1.725968,0.012840359,0.07302929,0.011564548
1.5097767,0.00030281692,3.4827623,0.09850652,7.527507,1.1812134,42.101505,6.108385e-05,14.294749,2.3738468,3.429434,75.73959,1.1261815,0.018575124,0.0013663577,0.20777427,1.6540358,0.015989393,0.09080764,0.011624689
1.3370074,0.00027959718,3.569202,0.10122679,7.53339,1.400876,35.97594,5.363659e-05,11.688225,2.3359537,4.1895094,69.189125,1.0592759,0.022685336,0.0015713334,0.14693093,1.4948316,0.012652938,0.11508126,0.012124001
1.3313111,0.00027227227,3.6859224,0.10546121,7.7742343,1.0911233,36.92694,5.0618193e-05,11.007488,1.8824456,3.8816874,71.053696,0.922347,0.019836055,0.001174682,0.1421006,1.6364158,0.012673833,0.07882339,0.010995671
1.2517269,0.00034090583,4.619767,0.099286385,8.574049,1.5950723,40.14206,5.557702e-05,15.634479,3.1301107,2.7051246,88.28135,1.3775778,0.023377454,0.0016607055,0.16895719,1.9980462,0.01498205,0.08222437,0.014948917
1.1950626,0.00026623602,4.0325894,0.07432114,5.9750047,1.3919837,29.514452,4.5771452e-05,9.95089,3.2336674,4.0279827,79.34142,1.3854359,0.016237607,0.0021006688,0.11966957,2.1629708,0.010803981,0.05547816,0.0077186604
1.1190425,0.0001305151,3.1669767,0.052597076,6.079364,1.260518,23.36925,4.1691008e-05,9.994258,2.1772323,3.6160138,59.06011,0.8475675,0.013813743,0.001055782,0.107381925,1.2789358,0.010383556,0.08292828,0.009111411
1.025798,0.0001737621,3.287707,0.050692756,7.9042945,1.4025555,29.742296,3.8065515e-05,10.118831,2.250886,5.2292047,62.762825,0.8652827,0.014170043,0.00089735334,0.11573578,1.2891381,0.009817264,0.08863386,0.009646152
1.1330812,0.00016194127,3.4295819,0.051908564,7.024536,1.4230871,33.61044,4.43842e-05,7.010752,2.671999,3.2701569,72.59131,1.2610289,0.014466949,0.0012302046,0.11155876,1.4863776,0.008173425,0.07457181,0.008181314
1.1719085,0.00022071431,3.063191,0.056335423,7.5246315,0.8770478,27.546158,4.4431825e-05,9.517205,1.6674776,2.7713253,58.213627,0.87124264,0.016958196,0.0010807648,0.13124698,1.3132647,0.010009336,0.073,0.008324448
1.3471307,0.00022835507,2.9981785,0.07240999,8.678844,1.1919069,31.737188,4.7537487e-05,14.71943,2.0352209,4.2187476,63.251526,0.85830367,0.014622115,0.0010281138,0.1547184,1.1580917,0.01424522,0.09525173,0.011791085
1.0908228,0.00016066148,3.3710184,0.066222966,6.0265603,1.4652443,23.279108,4.4045657e-05,9.846024,2.6309206,4.1986313,63.708805,0.866715,0.015318352,0.0012353805,0.10434551,1.3698407,0.011399784,0.08644838,0.009640088
1.0946999,0.000121941586,3.7658675,0.044535134,6.8676214,1.7883999,28.702461,4.562902e-05,8.473851,3.135965,1.9232676,80.172874,1.17352,0.014861801,0.0011007983,0.1054102,1.456949,0.0088077225,0.0906204,0.008835787
1.3070899,0.0003070611,4.1127567,0.09161894,7.6217794,1.5767388,36.228752,6.0324914e-05,13.546787,3.275404,3.227435,83.60789,1.6936476,0.01670741,0.0015896927,0.18414599,2.033205,0.012304068,0.10301187,0.010950668
1.3365027,0.0003327694,6.072431,0.06749625,8.583144,1.6266508,42.78833,6.302496e-05,12.442513,3.047168,3.143261,118.344444,1.7387165,0.019332452,0.0017889112,0.25794592,2.5753453,0.0128788315,0.070511684,0.011366675
1.2601721,0.0001851143,4.586763,0.057062108,7.451426,1.6293439,34.887833,5.6413857e-05,11.027876,3.4500587,3.9200554,86.99055,1.7487156,0.0110869855,0.0013496066,0.1831785,2.489385,0.014430495,0.09629721,0.009002146
1.1732953,0.00022483905,2.9403121,0.08129971,7.493372,1.3179547,28.602013,4.7467962e-05,14.247396,2.3133419,4.0552015,50.659477,1.2252101,0.014608198,0.0009787587,0.13388567,1.3429103,0.013855025,0.09877525,0.010743191
1.1710888,0.00019196769,2.381333,0.069410555,6.617614,1.1196593,23.23536,3.851435e-05,14.48412,1.7422559,3.2532096,45.886097,0.8323384,0.012890408,0.00096861395,0.12407199,1.0520694,0.011446852,0.09827128,0.008186441
1.587489,0.0003316976,3.8763256,0.0930449,8.752121,1.1407285,28.813717,5.6323046e-05,19.750412,1.8399574,2.961108,72.30266,0.9701995,0.020039842,0.0014129578,0.18087521,1.3478669,0.0123399785,0.10539674,0.012382978
1.4199603,0.00029004397,3.5574627,0.10498619,8.515889,1.1910182,43.523617,5.442046e-05,12.95012,1.999166,3.387251,75.601654,0.9190323,0.024600707,0.0013506925,0.18945149,1.4197469,0.012005319,0.08268995,0.012279066
1.412896,0.00026813644,4.080988,0.077978104,8.26789,1.6300634,43.43651,5.7219506e-05,12.438869,3.0818264,3.8023336,84.215065,1.3409412,0.018439045,0.0016997244,0.19995321,1.6343858,0.016472282,0.097836554,0.013259508
1.425618,0.00027773547,3.5216124,0.09829034,8.11773,1.2383131,44.325523,5.25026e-05,11.4242325,2.0662482,3.1252754,82.47446,0.9141868,0.02085685,0.0011360043,0.18981673,1.4107378,0.01068569,0.07366298,0.009609981
1.4155669,0.00027727123,3.1035538,0.07463991,7.0958467,1.1080623,38.2262,5.064714e-05,10.702266,1.9218029,2.9498682,68.4766,0.90142095,0.01719314,0.0009715382,0.18579674,1.4904723,0.010550566,0.06302464,0.008045211
1.7102137,0.0002716865,3.8273077,0.08683946,7.4457145,1.2789732,31.910906,5.3368858e-05,19.10433,1.9658818,3.96202,70.8284,0.9507719,0.016217524,0.0012371652,0.1718855,1.4739736,0.014722928,0.124259695,0.012706324
1.334643,0.00028906995,3.3795502,0.08584018,6.9403033,1.1109188,41.669968,5.2529605e-05,8.043661,2.1931748,2.6199157,77.49065,1.0576379,0.019113671,0.0013375334,0.12998159,1.413686,0.009562067,0.06729557,0.008165697
1.454956,0.00023084618,3.0765657,0.09501691,7.6194077,1.2664049,36.427486,5.0848346e-05,12.95932,2.1082513,3.8023264,69.50736,0.7358859,0.01564405,0.0010083283,0.15440556,1.1629089,0.012566705,0.1091495,0.010207902
1.3506233,0.00033997995,3.7622526,0.108221374,6.96067,1.3021352,37.37142,5.800671e-05,9.891635,2.6546583,3.968408,79.00916,1.1842473,0.020739127,0.00129295,0.16954559,1.6286633,0.012264461,0.065401256,0.0086685065
1.3971896,0.00032257685,4.0413566,0.11264772,8.2779255,1.2392236,47.0,5.6291763e-05,14.352018,2.4752195,3.117201,88.12503,1.2478926,0.021905849,0.0020754067,0.19868946,1.8322842,0.013293299,0.08175096,0.012502168
1.3815285,0.0002797224,3.415485,0.11914766,8.989438,1.1246175,50.18764,5.505392e-05,11.873523,2.1019692,2.8293662,81.813705,1.1244254,0.019302154,0.0018693736,0.17911355,1.3558844,0.012652361,0.08300807,0.012004362
1.4605845,0.00029358294,4.573441,0.103006616,9.31676,1.3743277,53.246246,5.7704034e-05,14.443372,2.925891,3.3159835,99.11948,1.524147,0.018489497,0.0021855207,0.21950285,2.034063,0.015034742,0.07539237,0.012655338
1.458258,0.00028799608,3.2412364,0.085618086,8.032884,1.1192329,42.78884,5.9449652e-05,12.20829,1.8116587,2.8231966,66.72343,0.86427623,0.019727398,0.0016871397,0.18160231,1.4529558,0.012671905,0.08857362,0.011318444
1.2751213,0.00014474572,1.3427032,0.078169174,8.926608,0.7631476,43.410915,3.689435e-05,13.582205,0.7223919,1.6691029,27.931248,0.24849026,0.015072677,0.00090867875,0.09164326,0.5405738,0.008034748,0.09140017,0.009117344
1.2490333,0.00015577584,1.7084206,0.057947785,8.662529,0.8052237,39.00878,4.243525e-05,10.256766,0.94347197,1.2167382,30.573587,0.4233209,0.015581864,0.0010022615,0.10334355,0.6243047,0.008279397,0.096280865,0.010276242
1.3831035,0.00027945422,4.219418,0.08438265,8.302268,1.2767584,46.442596,6.23539e-05,11.886871,2.5938556,3.5007052,83.2462,1.0927932,0.021270348,0.0019648115,0.20257707,2.271579,0.0117804,0.08676277,0.011814616
1.1843995,0.00038910768,6.9646215,0.100182675,7.001557,1.7612898,33.773037,6.426781e-05,15.609308,3.8298037,3.9290984,130.10324,1.8549067,0.024315601,0.002521626,0.15810916,3.0075839,0.014162174,0.09668417,0.012499052
1.2935994,0.00028999205,3.6516676,0.09919281,7.5802975,1.2669095,39.07045,5.6862682e-05,9.911919,2.7551706,3.066615,73.36165,1.4602928,0.020390455,0.0019208512,0.16933472,1.7535111,0.011243634,0.09514082,0.011972098
1.1576439,0.00041505246,6.6551046,0.09426292,7.964193,1.8781412,36.694866,7.588195e-05,13.766416,4.4623585,3.5704997,137.12704,2.4820106,0.026371978,0.0034132164,0.17797193,3.5681832,0.009416547,0.06773994,0.0091468
1.3518958,0.00027162538,3.928996,0.07847959,9.065509,1.4348317,46.319263,6.8467925e-05,9.802639,2.915812,3.4081042,79.15719,1.5146621,0.021045282,0.0024776356,0.20171252,1.9829332,0.009115101,0.08307971,0.0101618
1.2992766,0.00031563157,4.507804,0.084916055,7.745768,1.3089018,38.973625,5.975031e-05,11.6396475,2.4772832,3.3774471,91.29729,1.1838362,0.01965617,0.0016274281,0.2010122,1.8730329,0.009622535,0.08695224,0.008939503
1.3505367,0.0002990146,4.437415,0.07684297,9.0575285,1.3946341,47.050453,6.372345e-05,11.5878525,2.8382583,3.4690816,88.93185,1.4179503,0.020261563,0.0019944785,0.23062617,1.9705255,0.01053064,0.08393637,0.01083983
1.3361543,0.00027004376,3.4596176,0.07687182,8.014523,1.0644915,41.822292,5.5236866e-05,9.976021,2.4620402,3.1792507,71.82668,1.2534509,0.017003065,0.0018746192,0.18794623,1.6355604,0.010001859,0.07583291,0.0111762155
1.2917956,0.00032453603,3.9453845,0.1000766,8.290121,1.4831719,39.81316,6.015768e-05,11.918572,3.0407946,3.0620403,75.46778,1.5338022,0.020921635,0.0015314828,0.17496774,1.9342334,0.01198818,0.094821095,0.011903774
1.3172764,0.00031068848,4.559791,0.104957804,8.523264,1.1864715,46.10772,5.7952562e-05,10.937988,2.784547,3.670943,95.49385,1.5849199,0.021287993,0.0023063347,0.1804608,1.861568,0.011470101,0.08454932,0.011292484
1.3025999,0.00034626474,4.3101716,0.08994856,8.3629465,1.3222235,45.12785,6.0088678e-05,10.283703,2.5289435,3.5757391,84.31234,1.3442793,0.021758514,0.0022659078,0.18696564,2.0151668,0.010038426,0.075587876,0.009929148
1.0627338,0.00023548116,3.7148707,0.06553583,6.0160213,1.2347708,24.280336,4.516019e-05,10.295452,2.5656614,3.0092528,73.35696,1.3477776,0.013670946,0.0018540502,0.11025435,1.7507725,0.007916895,0.052671332,0.0062658475
1.1666757,0.00042685165,8.399157,0.10228913,8.568548,2.116277,38.201935,7.062471e-05,12.231069,4.569594,3.4071972,164.10011,2.1050236,0.022702018,0.0029759682,0.17831793,3.725684,0.011214522,0.07982439,0.011227663
1.1065097,0.0003689887,6.851764,0.05741818,6.8342915,1.7504197,30.066633,6.387022e-05,12.056445,3.6361144,3.7423446,127.41283,1.482674,0.023839002,0.002726733,0.15797009,2.9034786,0.010255281,0.06499204,0.010083651
1.1824104,0.0003272301,3.4300966,0.113972366,7.876263,1.2806493,38.202667,4.8616057e-05,13.607833,2.6012828,3.7318835,74.10118,1.2459995,0.025341908,0.0015906765,0.13692662,1.9452475,0.0067087626,0.05054954,0.0049909814
1.1948721,0.00033132226,3.725522,0.09156802,8.086256,1.2676395,37.618687,4.5467816e-05,13.986363,2.6551747,3.987106,71.07643,1.1812937,0.022750078,0.001346709,0.13974883,1.9972582,0.007076491,0.051483333,0.004958339
1.1621742,0.00032612414,3.9763749,0.08897855,6.611684,1.535025,29.41041,5.5944805e-05,13.90871,3.198035,3.8284066,80.24022,1.6435326,0.019885669,0.0020345012,0.14959534,2.1933236,0.008929237,0.06325131,0.0064895316
1.4714236,0.0002569135,3.7744117,0.08157544,9.525897,1.2707967,51.511272,6.2616506e-05,12.822216,2.6544728,3.4408526,77.683426,1.2023257,0.01794748,0.0018096658,0.20555906,1.7574831,0.011448439,0.1019724,0.01106693
1.315876,0.0003078498,4.0703797,0.06765383,8.822437,1.3983104,44.660183,5.7344034e-05,9.950688,2.693629,2.9477243,94.5866,1.0683864,0.018020552,0.0016093416,0.22735412,1.9662545,0.011079586,0.081182584,0.008965458
1.3797048,0.00030968763,4.4192343,0.09559618,7.7880526,1.2648056,42.537613,6.4399035e-05,11.532566,2.4719188,3.2407885,95.09912,1.2204802,0.021355994,0.0019824356,0.21210812,1.849254,0.011540004,0.09769041,0.011785704
1.2414473,0.00028263396,4.2789617,0.069278196,8.050663,1.3555806,40.535763,5.8657188e-05,9.583696,3.0101583,3.0369105,93.59375,1.3659302,0.020972446,0.0023179504,0.16624437,2.0432982,0.008823165,0.058827087,0.008266101
1.3405957,0.00023215773,3.7397203,0.10121273,8.744422,0.9894341,41.24594,6.399226e-05,10.300113,2.3421857,4.1239934,73.71968,1.0573413,0.021735929,0.0027296182,0.1637461,2.265756,0.010592093,0.07555022,0.0108021535
1.3632977,0.00039720678,5.034669,0.07698128,10.610649,1.5423151,56.595936,7.1474016e-05,12.051342,3.0207796,3.0918202,103.227425,1.3126448,0.022011792,0.0021404265,0.3077689,1.9827197,0.011149376,0.097498074,0.012338632
1.2669815,0.000337242,4.5435786,0.06824923,8.680889,1.4634247,45.86491,6.358537e-05,10.1957035,3.181289,3.0040224,97.02661,1.4813038,0.020891355,0.0026655467,0.19943035,2.032877,0.009970309,0.06566913,0.009696649
1.3177387,0.00024847855,2.7521143,0.06608899,7.2522326,1.0898994,35.374226,5.0566945e-05,10.381327,2.201313,3.688835,51.366436,1.0974478,0.018725889,0.0019369267,0.14607029,1.6524061,0.010223226,0.08757845,0.009838595
1.6884168,0.00025819347,2.5629172,0.10946182,10.024053,1.0078655,45.79466,5.549657e-05,10.429708,1.8177288,3.9916363,46.672802,0.93165267,0.019894987,0.0014932799,0.1561579,1.1496013,0.011847962,0.092838034,0.011554918
1.3254385,0.0002204579,3.5295947,0.08321448,8.53614,0.9499172,48.079536,4.3561977e-05,6.887119,2.0993323,2.900287,68.42469,1.2334622,0.015227512,0.001345786,0.15393697,1.5078784,0.0117933685,0.07128225,0.010680613
1.1827441,0.00024375555,3.625752,0.060224045,7.070892,1.1827403,32.52028,4.34676e-05,9.088066,2.6369236,3.8194523,65.51131,1.3210567,0.012133328,0.0018848066,0.12971315,1.864191,0.008020909,0.05619542,0.0061443998
1.2336013,0.00046835403,15.692775,0.104118176,11.985135,5.8894954,44.368095,9.198279e-05,35.87627,14.7185545,2.8846452,272.1863,8.022925,0.02604151,0.005839704,0.31536093,6.7410655,0.02228537,0.14056674,0.018593358
1.2107416,0.00023875516,3.5060794,0.044616643,6.402917,1.1317569,31.198112,4.1975345e-05,8.545269,2.1999333,3.3959517,65.833374,1.0650718,0.0116460705,0.0014707712,0.12982419,1.7480304,0.008291451,0.045666646,0.0065833814
1.2365235,0.0002530985,4.3561645,0.08092062,7.7316346,1.6301674,37.030758,5.022799e-05,9.90833,3.7969658,4.2656918,78.23538,1.9241132,0.014662059,0.002298485,0.14853463,2.366156,0.0098241465,0.09590428,0.011084294
1.2030973,0.00030361334,4.208659,0.076051265,6.774999,1.4702927,30.936468,6.168705e-05,10.175476,2.8288693,3.36089,81.91577,1.3786625,0.018549789,0.0022390839,0.16173099,2.1732206,0.0077993204,0.06415134,0.007934065
1.3700508,0.00038515718,9.848048,0.15474759,10.789433,4.267684,58.17589,7.760951e-05,18.638918,9.443656,3.789084,203.19412,4.342085,0.03119656,0.004361074,0.28435445,4.607564,0.023126405,0.13300492,0.019305946
1.195585,0.0003645575,5.3846045,0.08606485,8.923403,1.8388944,42.47073,6.3109765e-05,12.962076,4.1815224,2.7107184,103.13562,2.1030564,0.023620784,0.002512892,0.16027218,2.4382083,0.009119119,0.066312015,0.009009535
1.340278,0.00024484136,3.5573363,0.07967279,8.764133,1.3758401,47.402508,5.4909542e-05,9.40733,2.9937236,3.145442,73.741646,1.6567221,0.017261252,0.0022132767,0.16487244,1.5468715,0.013317709,0.092585765,0.0125962095
1.2133154,0.0003459401,5.6255627,0.10011928,8.050692,1.7425538,39.453735,6.219903e-05,13.337372,3.7022386,3.1746755,111.15254,2.0148249,0.019188909,0.0018553591,0.20678358,2.6389403,0.012612407,0.10109661,0.012648775
1.1772723,0.00033477557,4.652245,0.080466904,7.6805515,1.6062899,35.982697,5.659406e-05,12.189133,3.3407743,3.4697447,88.71596,1.8750296,0.019729394,0.0022650668,0.1719152,2.0206466,0.011198198,0.08854887,0.010837801
1.438624,0.00028844693,3.8407438,0.08872439,9.316062,1.2215586,51.357548,5.4737247e-05,9.167684,2.735862,3.6990023,77.02416,1.6627835,0.017134655,0.002024455,0.18755592,1.8975624,0.01226078,0.06570852,0.011676414
1.2803327,0.00025883902,3.6330235,0.058624398,5.8715796,1.2223146,32.066963,4.673024e-05,10.340046,2.4045978,3.0880938,73.614006,1.0257638,0.017272143,0.0013897524,0.15827386,1.8147895,0.008781925,0.04686847,0.00737566
1.28605,0.00035234485,4.434572,0.08797365,7.889535,1.3018187,40.655106,6.021736e-05,13.519789,2.667426,3.1505234,88.33895,1.3402815,0.020952998,0.0018693625,0.14981686,2.0638936,0.011097795,0.09391397,0.009280791
1.2614399,0.00033705984,4.661466,0.08318803,8.278009,1.3918129,45.058018,6.1008603e-05,12.565766,2.8548927,3.5784307,91.5984,1.4967351,0.021510396,0.0018599463,0.15393458,2.2368233,0.012239534,0.08822863,0.009680465
1.5096675,0.00031499297,3.6475937,0.08411557,9.151884,1.285993,36.701843,5.7671685e-05,16.72808,2.1217747,3.298941,72.669464,1.1720783,0.022248209,0.0015407929,0.157185,1.5867687,0.012506146,0.10650009,0.010708327
1.278886,0.00023357336,2.552102,0.085952565,8.240422,1.0557026,42.01561,4.906868e-05,13.958204,1.6372639,3.1637723,60.189045,0.66020435,0.017228061,0.000809682,0.18048136,0.9573845,0.011341016,0.0946414,0.010363402
1.4663945,0.00025999462,3.574412,0.06772716,8.846793,1.4533607,43.712566,5.4286156e-05,14.485508,2.7396584,3.7613614,76.67447,1.4055619,0.016959481,0.001646404,0.20675166,1.6010674,0.014847322,0.09164128,0.012586123
1.5221001,0.0002907472,3.3606882,0.09385399,9.468109,1.4393947,49.263504,5.9242735e-05,12.494606,2.6696203,3.929886,71.87427,1.4035169,0.017589908,0.0018199113,0.20168103,1.5274141,0.013181313,0.106437154,0.012784184
1.4996667,0.000386123,3.445463,0.122702785,8.09235,1.2320805,38.52571,6.681248e-05,12.238626,2.3007052,2.588353,75.753334,0.94162655,0.022079362,0.0017870861,0.18667264,1.599244,0.0089435885,0.0807777,0.0060628722
1.4789443,0.00028807143,3.9348466,0.076096684,8.560596,1.4468683,43.257603,6.242055e-05,14.246442,2.8306663,3.4801645,89.449684,1.6386807,0.019658858,0.001964916,0.24833646,1.8738549,0.014370143,0.09368926,0.012216593
1.3073518,0.00032264675,3.9890912,0.08959021,8.256586,1.331194,38.51508,6.387534e-05,11.503451,2.5240433,3.3775399,90.48848,1.2677552,0.021915454,0.002053623,0.26187962,2.0650387,0.011459281,0.07493245,0.010680309
1.3155838,0.00030648036,3.258327,0.07900027,8.024522,1.2010845,34.239666,5.9945585e-05,12.363927,2.3183713,3.4218693,75.983765,1.2724625,0.018146109,0.0017810202,0.17362252,1.6486987,0.008334215,0.07332159,0.007278833
1.26523,0.0002160854,2.2176144,0.07127876,6.610659,0.9260749,34.684734,4.4267428e-05,11.7943735,1.615312,2.6462426,51.326332,0.75325626,0.015645357,0.00096975296,0.14164205,0.9705818,0.012468564,0.08929063,0.009505874
1.3560742,0.00026903098,3.1530087,0.08074977,7.668016,1.1471667,37.887096,6.074641e-05,12.539673,2.189988,3.3641362,72.2209,1.2584182,0.017686479,0.002269069,0.17151618,1.816982,0.008559465,0.07331601,0.008041896
1.3061274,0.00018652607,2.72226,0.04882531,6.70887,1.2701633,32.25057,4.2912143e-05,14.448659,2.1548884,3.6461658,49.752983,1.0524801,0.014663693,0.0013496316,0.12773632,1.4133766,0.011501975,0.08581812,0.008057971
1.1241124,0.00021012781,2.538267,0.05775284,5.1117287,1.0088831,24.214066,4.2946474e-05,10.876921,1.8483757,4.286534,53.37932,0.9155473,0.013712075,0.0012516544,0.10608087,1.167421,0.011438272,0.08069636,0.0078977
1.1847556,0.00017273366,2.1452591,0.062466275,6.6269283,0.8622338,29.159113,3.8170005e-05,10.947808,1.4665174,3.3383937,46.40284,0.6884548,0.014270177,0.00080086873,0.121766716,0.8474384,0.012710759,0.08702233,0.010355098
1.3487319,0.00025843803,2.619255,0.07277866,7.72735,1.0310333,37.05076,4.820846e-05,11.48475,1.9516909,3.0329435,56.284904,0.96998954,0.018124342,0.0015057866,0.19033293,1.2470679,0.010111451,0.082646646,0.008283921
1.3473632,0.00023809318,2.4781647,0.07231759,7.997715,0.93969154,37.400494,4.6630343e-05,9.6348715,1.8545185,3.0416577,54.04974,0.9331202,0.016610341,0.001148282,0.1597823,1.1550789,0.009252297,0.07464564,0.007784371
1.3978834,0.00026566547,2.8078732,0.082650654,8.585082,1.1611321,43.02901,5.2074814e-05,10.7164135,1.9652977,3.2423806,60.534695,1.0773605,0.018439401,0.0012804131,0.15004705,1.269793,0.010146795,0.08609224,0.008712325
1.1284525,0.00018608532,2.071179,0.06430416,6.729079,0.9580777,27.141754,3.9818126e-05,13.407355,1.7199167,2.7670395,44.49247,0.932275,0.01344805,0.0011768441,0.096594915,1.0870609,0.012445931,0.07739682,0.008871216
1.1663224,0.00023371015,2.6693587,0.05554008,6.5440083,1.1135575,27.78756,4.4952412e-05,12.122461,1.8425366,3.6964173,52.342373,0.935022,0.018238647,0.0011612967,0.14261848,1.3268241,0.014496431,0.08493492,0.009978341
1.2570345,0.0002315201,3.18582,0.08664408,8.004635,1.1697838,36.660065,5.4101252e-05,12.925775,2.0357406,4.40982,66.93241,1.0343257,0.020732433,0.0011700608,0.17904885,1.3255683,0.011337271,0.095383674,0.009969631
1.477787,0.0002338635,2.5699394,0.07769846,9.16578,1.142066,45.11534,5.4644017e-05,11.229807,1.9106385,3.539227,56.779034,1.0247443,0.018847505,0.0012678269,0.15740606,1.1583022,0.010034488,0.09055299,0.008868921
1.2666788,0.00025780444,3.0179143,0.0857924,8.471997,1.1636341,34.297,5.537031e-05,11.516167,2.2396283,4.655854,63.35947,1.0602553,0.020877102,0.0011260662,0.17230982,1.3863269,0.011538422,0.08755434,0.010337142
1.2550216,0.00021603645,2.6681182,0.060619395,7.750556,1.0408368,30.15957,4.546642e-05,10.09274,1.9159073,4.2503858,55.439156,0.8736936,0.014517434,0.0010357475,0.16331126,1.2750041,0.010062321,0.07667568,0.0082507385
1.2725918,0.00023297261,2.7281895,0.060639806,6.797164,1.0775075,36.03464,4.8536815e-05,10.973593,1.8208222,3.6779835,60.731327,0.8451594,0.017046884,0.0009683552,0.19137464,1.1879851,0.01286104,0.091211334,0.009866327
1.1026891,0.00023420069,2.757857,0.08863948,7.9607034,1.0380524,36.60669,4.5638382e-05,15.365849,2.045631,4.1313133,61.881298,1.1740847,0.01696298,0.0015531242,0.120796405,1.5147134,0.011286232,0.07601482,0.008440804
1.4240717,0.00023565724,3.235804,0.08249521,7.774059,1.2618464,38.247192,5.4878834e-05,13.148958,2.2023437,3.6094809,70.92655,0.9413054,0.019945119,0.0012221124,0.20018005,1.5174376,0.013853701,0.09354377,0.012551181
1.4287986,0.0002474255,2.9215863,0.09788318,8.503116,1.2105263,40.094425,5.0798353e-05,14.047974,1.9116939,3.0543287,69.84204,0.9878004,0.02000953,0.0015389177,0.115434594,1.3265487,0.010984995,0.08896023,0.0101922965
1.3369261,0.0003118988,4.210391,0.07559788,8.323807,1.4529412,43.467747,6.428867e-05,12.129233,3.2918031,3.1316185,85.63044,1.445538,0.019198054,0.0023166453,0.20661472,2.4660723,0.011114975,0.070637085,0.009203835
1.3379719,0.00027147305,3.7848253,0.08161889,10.167209,1.552243,48.983974,6.018499e-05,15.503792,2.6873913,3.3163066,76.304115,1.5047075,0.022699088,0.0015032038,0.19231306,1.61516,0.014091651,0.110292226,0.012541941
1.3708577,0.00028297323,3.1342418,0.089888826,7.288728,1.2571623,32.699142,5.683154e-05,13.151076,2.235716,3.0217977,67.75,1.2872508,0.020205041,0.0017216139,0.16579457,1.5664382,0.013108474,0.087850444,0.009732897
1.4079348,0.00029145283,3.685647,0.091028854,8.453368,1.2825836,35.80727,5.4630276e-05,13.761349,2.331644,2.9071977,74.069664,1.3142413,0.020656174,0.001529544,0.1656616,1.5243942,0.014298147,0.091720484,0.011816328
1.3841555,0.00023651337,3.129123,0.07816908,8.587729,1.2149683,40.138405,4.9173195e-05,12.918146,2.2768848,3.8042493,70.922775,1.1380079,0.018564574,0.0014356305,0.17001702,1.537065,0.012082683,0.09301351,0.0109766675
1.3084177,0.0002382945,3.1012793,0.084022745,8.674933,1.1627144,40.21767,5.143823e-05,13.968504,1.9539143,3.625947,71.00043,1.1080544,0.019875526,0.0013811386,0.15274069,1.4555233,0.011417325,0.09140263,0.010494166
1.3989602,0.00025602384,2.9314487,0.08396904,8.068693,1.1407238,37.19257,5.8545065e-05,11.503281,1.8217847,3.8077724,63.03698,0.9229488,0.022375444,0.0011926059,0.1951055,1.3945907,0.011905237,0.08255361,0.011781409
1.3985918,0.00022038909,2.6257536,0.08010824,8.07439,1.011191,34.19654,5.250011e-05,10.6860485,1.6097645,3.604999,55.71444,0.76576155,0.02329625,0.0010298722,0.17245449,1.0704241,0.011779833,0.097020485,0.010393916
1.2895584,0.00031744293,3.97665,0.093294896,8.245097,1.1219397,37.298462,5.7096862e-05,13.431672,2.377561,3.6738632,91.30994,1.2790468,0.019080406,0.0016603762,0.18842277,1.6961398,0.010599464,0.080001846,0.009843325
1.4045151,0.00031469075,2.9598489,0.10002,7.609449,1.2349658,27.55577,5.1398412e-05,17.36851,1.87821,4.193648,62.453247,0.9486014,0.019765448,0.0015766992,0.16766438,1.2717451,0.012841742,0.10342154,0.0116151925
1.4058137,0.0002457881,4.2949076,0.07470347,10.333861,1.7574596,57.179123,7.672978e-05,10.880543,3.6308706,3.5588589,78.99175,1.6329236,0.01601139,0.0031252059,0.2285634,2.1312482,0.009791034,0.09437292,0.010216036
1.1167222,0.00024734568,3.5950007,0.04948626,5.638061,1.2721416,23.089996,4.3905402e-05,9.00938,2.4660497,4.228078,66.10544,1.17176,0.0150335645,0.0013414082,0.12249873,1.7594513,0.0065915273,0.056139868,0.005278546
1.2988756,0.0002862761,4.8033576,0.08060943,8.649862,1.7685658,45.152336,5.8322545e-05,12.709114,4.1432714,3.6857412,93.542305,1.9963279,0.015685951,0.0019950324,0.20159557,2.2825427,0.016249456,0.0918762,0.011738844
1.1871741,0.00037222233,6.522552,0.072422445,6.8738256,1.6910226,32.200356,5.787023e-05,11.087786,3.240272,3.8170633,121.97623,1.7339722,0.022368204,0.0021835235,0.18649928,2.7423856,0.01011088,0.08306954,0.008720002
1.2621648,0.00033855546,4.161336,0.08403884,7.665276,1.5503047,40.935307,5.90483e-05,11.029327,3.0042598,3.3813941,78.165306,1.6482501,0.02093897,0.002419867,0.18636216,2.3864849,0.010270419,0.068905436,0.009748995
1.6453972,0.00020936741,3.0127344,0.071566015,9.777983,1.1539221,40.540657,4.9277704e-05,18.019512,1.4325128,3.4500966,55.8108,0.8495771,0.017303102,0.0009623131,0.16713761,0.9620652,0.013902962,0.10872666,0.012597169
1.5927165,0.00017858368,2.3381636,0.0700199,8.956135,0.8684544,39.59696,5.094562e-05,17.502834,0.93647635,3.7313285,45.87608,0.5789288,0.014952126,0.00082716043,0.15619183,0.9114614,0.011125252,0.08732124,0.010006069
1.2795866,0.00013880116,1.9266344,0.034608647,8.391542,0.8017879,42.557228,3.8753547e-05,15.110165,0.95048386,3.5983365,39.03367,0.45307225,0.009352639,0.0002426854,0.11296347,0.7638283,0.0071011195,0.06564296,0.0070966645
1.337427,0.00018424519,2.2282238,0.038401976,7.0410237,0.8858981,32.237587,3.8102688e-05,11.161482,0.9082512,1.812259,48.267242,0.27910557,0.01079251,9.751854e-05,0.11483962,0.63391626,0.009150749,0.083720244,0.007571974
1.3209801,0.00016676549,2.1295764,0.05190313,7.5280104,0.85578084,33.484604,4.0048704e-05,11.31785,0.94470316,2.6605446,42.45596,0.4535024,0.012300275,0.00034403292,0.1252904,0.68380857,0.009381964,0.08609747,0.0080787055
1.3135171,0.00016836866,2.0773122,0.047491252,7.9314165,0.9496098,42.864395,4.1183772e-05,13.171971,1.056375,2.3005738,43.660263,0.4249884,0.012961493,0.0001783883,0.14941075,0.64444894,0.010063063,0.08190807,0.009528564
1.4053326,0.00019089968,2.4462006,0.06617583,8.465751,0.9556764,41.096153,4.1421845e-05,11.76901,1.3088878,4.860518,46.492443,0.47377753,0.016186267,0.00061693805,0.13096583,0.9736331,0.010553224,0.09850336,0.010021101
1.2817475,0.0001818078,2.3926096,0.06810042,8.676625,0.8327235,45.269463,4.484459e-05,13.300296,1.0255351,3.1765232,44.73344,0.5739693,0.016126454,0.00068986695,0.15457734,0.8562915,0.009964492,0.0732683,0.009622266
1.3051181,0.00022221815,2.6447752,0.07811479,6.305276,0.85593754,42.44502,4.3815835e-05,13.844633,1.1244357,3.281014,55.054485,0.62329626,0.01642741,0.0005981118,0.13833578,0.95559865,0.010935407,0.097337104,0.010859215
1.2958502,0.00016221157,2.4742203,0.066653736,8.493467,0.9025815,44.906017,4.0405288e-05,15.162534,0.9126525,3.3515046,51.57454,0.32690042,0.011670372,0.00023197301,0.13462475,0.6652801,0.009262797,0.08057397,0.008958793
1.3304743,0.00018556138,2.3469307,0.07067887,8.1693945,0.9784808,41.3248,3.8943304e-05,16.41214,1.1996528,3.5102448,55.954075,0.66316295,0.01733154,0.0005574028,0.1298268,0.7705409,0.011866823,0.08701196,0.010965463
1.5222282,0.00024725415,2.5154316,0.09624107,7.962917,1.0109333,44.56728,4.3756958e-05,24.834291,1.146421,3.5740757,60.113625,0.62178797,0.017987132,0.00058362266,0.14029408,0.89437383,0.011836765,0.11118205,0.010906053
1.302415,0.00013237167,2.1406498,0.049112715,8.022953,0.91047734,42.577843,3.1715503e-05,11.099459,0.98741585,3.7444756,52.352024,0.5005304,0.011006486,0.00034853516,0.105779186,0.57473683,0.008606769,0.07982074,0.008040788
1.4960401,0.00020079457,3.0068398,0.057126645,8.9316025,1.069012,42.401524,4.7577414e-05,17.229507,1.0992026,3.4957788,60.253258,0.51089096,0.014465739,0.0004672913,0.16590446,0.95888734,0.011694802,0.092517056,0.009810554
1.4744635,0.00019341522,2.0577023,0.06015607,8.562755,0.76698124,39.212753,4.3131364e-05,12.28528,1.162989,4.4041753,37.127213,0.60829747,0.015257132,0.00086352177,0.14687753,0.92030185,0.011046648,0.08463605,0.009442522
1.3608661,0.00016424531,2.159959,0.06052652,8.255576,0.7637202,44.016716,4.113743e-05,13.658814,1.0926964,3.464649,45.024975,0.73638445,0.01636204,0.0009851356,0.1288493,1.1314666,0.010461704,0.0661396,0.010291909
1.5177853,0.0001866561,2.6353292,0.060863372,8.333445,0.9811497,41.72276,4.4661007e-05,16.229563,1.0979018,4.161172,55.288647,0.62618816,0.013515894,0.00055289303,0.16337761,0.93914455,0.011300321,0.077748924,0.009192474
1.1822484,0.00014965734,2.210496,0.037007526,6.637939,0.9801975,32.58469,3.884174e-05,15.512204,1.1551777,3.3881698,43.550026,0.41130427,0.010278701,0.0003623689,0.11336263,0.84882593,0.010294155,0.07395176,0.007053742
1.2561162,0.00019415637,2.601982,0.044180557,7.5579286,1.0305374,33.803864,4.5508245e-05,14.405851,1.3138744,3.3645053,45.55703,0.52581185,0.01334468,0.0005350365,0.14382102,0.92322767,0.010246338,0.08568711,0.007703408
1.3317592,0.00018512891,2.5284152,0.04371467,7.0692387,0.901362,36.462852,4.1564384e-05,10.093439,1.393933,3.698605,47.345116,0.65953374,0.011895276,0.0007199438,0.14097126,1.0483199,0.009486534,0.06983747,0.008158372
1.2865666,0.00015239397,2.623386,0.05159951,8.23746,0.7569911,41.371746,4.179134e-05,14.993899,0.9338782,3.050098,48.71467,0.4701518,0.011897738,0.0005771826,0.12982339,1.047225,0.0094912825,0.06658828,0.00808545
1.561471,0.00017650695,2.3435817,0.059591405,9.104207,0.80935615,45.093998,4.397891e-05,14.286626,0.93122864,3.858543,46.008606,0.52416515,0.013930079,0.00052741676,0.14032589,0.90678823,0.0103229955,0.069954075,0.00914674
1.3539073,0.00027685813,3.9298658,0.088796616,8.669472,1.300916,44.57338,5.0120696e-05,16.693493,2.204035,3.3444607,82.434204,1.0519549,0.019853586,0.0012260858,0.16555719,1.3476236,0.015227723,0.12476435,0.014146164
1.5021735,0.00018118758,2.3179045,0.059472594,7.8751674,0.95144945,42.940758,4.2112035e-05,13.78079,1.3868126,3.757504,43.00734,0.80484825,0.011933033,0.0007366367,0.13514802,0.9240784,0.011180784,0.08079174,0.008980777
1.4380243,0.0002144686,2.5449688,0.07210653,7.613175,0.91563046,34.384384,4.2308933e-05,14.348461,1.4914584,4.594747,42.893703,0.78366065,0.014934353,0.0008598828,0.15041947,1.1892102,0.010618285,0.07666325,0.008788769
1.3402505,0.00017481192,2.0149317,0.072836526,6.706816,0.7613448,40.194363,4.3807155e-05,14.800726,1.0512081,3.6663775,41.319424,0.5578635,0.01506383,0.0005981638,0.1231184,0.96196496,0.012054974,0.08128817,0.011231555
1.3433102,0.00017942495,2.0438063,0.07124397,6.788969,0.7474465,42.423695,4.2957825e-05,15.169245,0.98447084,4.1284256,44.84157,0.51192284,0.016243724,0.0005074232,0.116511896,0.8848541,0.013589776,0.08527157,0.011898095
1.3627275,0.00021746536,2.4591174,0.051510923,6.3771005,0.93936116,39.54267,3.981107e-05,13.612404,1.1141198,2.711143,44.652092,0.4920146,0.012202596,0.00011783307,0.14993343,0.6855163,0.011392265,0.07284144,0.008980573
1.304888,0.00020361843,2.642742,0.060975514,7.6926475,1.0586722,33.92853,4.5015815e-05,13.241066,1.7138649,3.5867293,53.918667,0.77155805,0.01543463,0.00089981663,0.13706261,1.0601836,0.01024268,0.06899316,0.008882664
1.2285515,0.00022201758,2.6955845,0.06641548,6.285923,1.0029924,35.30423,4.6098805e-05,16.046503,1.4152017,3.295032,54.062798,0.6228834,0.01500336,0.0005148868,0.14775048,1.000198,0.012459545,0.09712442,0.010687876
1.2082349,0.0001657255,1.91593,0.039838295,6.8362284,0.8202986,35.555573,3.6484e-05,11.999385,0.8578827,3.115002,42.393223,0.3428326,0.009569756,0.00016049892,0.09925145,0.5813833,0.009336951,0.05843747,0.0065126517
1.4616293,0.00020148933,2.267429,0.06254918,7.757472,0.78628874,36.845444,4.47847e-05,12.662083,1.1361268,3.4095838,46.79906,0.48963785,0.015237789,0.00049909897,0.1424002,0.91733557,0.010002155,0.06820147,0.008497689
1.2449602,0.0001855099,2.2647305,0.049162265,7.1360283,0.96126866,39.086586,3.7268743e-05,13.775568,1.2198167,2.9546554,46.752182,0.45654824,0.008101413,0.00026849855,0.10306388,0.71170413,0.007371217,0.051729202,0.0067808935
1.2688915,0.00015674476,1.9369854,0.051649425,8.254231,0.8241891,38.6531,3.7121772e-05,11.333921,0.89246625,3.0167177,38.352802,0.38993114,0.011554819,0.000502415,0.12032948,0.71560746,0.008161625,0.08150977,0.0077831056
1.1983294,0.00038896006,6.196306,0.09630492,8.846134,2.199742,41.55061,6.972136e-05,12.745299,4.995699,3.6164472,131.14377,2.6268933,0.022631029,0.0027193483,0.18223163,2.9026337,0.011367421,0.08246565,0.009789782
1.3349426,0.00027241374,3.0467129,0.09037584,8.729995,1.067658,43.630783,5.7470672e-05,11.950169,2.5492601,3.3909726,65.25543,1.4823365,0.020000413,0.0019090243,0.1369916,1.4780625,0.009772453,0.07536563,0.009854326
1.3065085,0.00024490923,2.6407828,0.0688692,8.112632,0.8977423,37.399563,4.7222216e-05,10.910365,1.9899778,4.1700296,53.798584,1.1272088,0.017182434,0.0012829493,0.13447647,1.3836097,0.011182791,0.070116036,0.008988799
1.2290992,0.00032060972,4.3136024,0.07930108,8.253277,1.4292722,37.01998,5.6533634e-05,13.993702,3.334032,3.7517595,93.54462,1.9770651,0.02041669,0.0023987745,0.16113082,2.0453951,0.011489045,0.087055005,0.0106981
1.1953636,0.00040886537,7.4670243,0.11864907,8.523043,3.671746,38.372334,7.4846634e-05,16.379917,7.9797726,3.328735,150.34729,3.8602228,0.025661936,0.0035978996,0.13827181,3.4266312,0.012818885,0.079364136,0.012195176
1.2696521,0.00029048132,3.8174827,0.092021726,8.22116,1.4253265,40.06011,5.9403337e-05,12.160776,3.5043178,3.623225,76.30994,2.0094683,0.020598255,0.0020116935,0.15887901,2.137511,0.011296436,0.07591807,0.009609124
1.223838,0.00041656394,6.926636,0.1165821,8.954221,2.8167455,42.0793,7.9063306e-05,15.470578,6.3864846,3.6767602,144.56857,3.4604661,0.026276145,0.0032193004,0.16853832,3.155869,0.012551515,0.0922925,0.01189172
1.2368301,0.00040529738,7.4446645,0.095200576,9.355259,2.288424,44.134365,7.647921e-05,14.047888,6.579077,3.5469582,144.91422,3.8560529,0.02379402,0.003707293,0.21950759,3.594392,0.012303124,0.07495327,0.011382602
1.3553337,0.00019994055,2.5327017,0.06731789,7.8648667,0.7871045,37.6328,4.6338922e-05,10.071246,1.4964763,3.7336342,55.98604,0.72089076,0.016897792,0.0012557819,0.1367707,1.2397023,0.010352334,0.060037673,0.008787469
1.4815166,0.00023333714,1.9446026,0.07297691,9.069,0.80872035,47.856045,4.8186957e-05,12.038616,1.6097212,3.4406874,42.87113,0.7688015,0.015914226,0.0011215236,0.1338493,1.0062555,0.010150398,0.084057964,0.008377245
1.3111025,0.00024042693,3.2193856,0.071888626,8.698763,1.0551918,40.53105,5.1563726e-05,11.785348,2.2422047,3.6347458,68.37927,1.2469554,0.0156317,0.0014493472,0.17494565,1.5209248,0.011376862,0.0833116,0.009527341
1.4362035,0.00021496842,2.625423,0.07303258,8.81967,0.8788706,42.910374,5.085966e-05,10.21807,1.6658381,3.4670458,55.81238,0.9904905,0.01564623,0.001250092,0.16431817,1.2008166,0.011235007,0.08052617,0.010115387
1.2629095,0.00032060005,5.7438383,0.059939306,8.998108,1.787981,44.59119,6.404691e-05,12.869199,4.316569,3.0795224,114.98078,2.71589,0.019217433,0.0017989696,0.24810855,2.1281319,0.013834203,0.102389745,0.011911075
1.3513424,0.00023111158,2.558672,0.06576613,9.000884,0.9220426,49.42618,4.9470193e-05,10.821895,1.8683637,4.0594974,54.358505,1.0181493,0.016263433,0.0013697218,0.16502272,1.3466048,0.010664396,0.083972566,0.009253472
1.3705122,0.000211863,2.726584,0.06517497,8.75431,0.9199538,43.26911,4.776261e-05,9.510575,1.8511286,3.858425,56.12507,0.98913145,0.014534209,0.0012973463,0.15880309,1.1935451,0.009865708,0.07177794,0.009435796
1.3298298,0.0002784489,3.597425,0.08297831,8.916397,1.0964993,44.400375,5.86615e-05,9.905677,2.689437,3.8918788,72.17642,1.5625808,0.018965743,0.002092587,0.21155545,1.6768678,0.01041513,0.08316445,0.010642036
1.3127551,0.0002618376,3.0568407,0.06976756,8.129056,1.0923767,40.641056,5.2330208e-05,9.656699,2.269131,4.083129,61.123188,1.2589121,0.0187916,0.001374391,0.18815392,1.5004491,0.0103553105,0.0763925,0.010270742
1.3666651,0.00024743337,2.7986917,0.075746045,9.194067,0.96298057,50.001083,5.3591615e-05,10.336235,1.9779404,4.1898575,57.747704,1.0885367,0.017106742,0.0015498818,0.17334317,1.5123242,0.010974357,0.08225705,0.009833889
1.3941613,0.00023005092,2.9262574,0.0597318,9.3174095,0.9846925,47.24345,5.132346e-05,9.452716,2.0024645,3.9043465,59.643463,1.1219375,0.014892433,0.0015048236,0.17646801,1.3369534,0.009766417,0.07440156,0.010256722
1.3613169,0.00029276955,3.5811799,0.07110341,9.472199,1.2733425,50.355564,6.174649e-05,10.941973,2.5773323,4.1219997,76.30081,1.4803151,0.016633486,0.0017961344,0.206324,1.69036,0.011945918,0.08762392,0.011179068
1.2141238,0.00046119216,8.051902,0.10408307,9.564634,3.154582,42.700203,7.860356e-05,19.360537,7.5446296,3.199825,164.81999,4.370191,0.025657654,0.0033874814,0.28210574,3.7108657,0.01639104,0.1111238,0.014003658
1.2244753,0.00041361168,7.485825,0.1044234,9.384722,2.6892529,45.061764,7.684744e-05,15.261062,6.814893,3.3894145,148.25139,4.006956,0.02124632,0.00334471,0.2615161,3.439214,0.013432943,0.08799527,0.010800504
1.1983184,0.00045516912,7.589627,0.10762132,9.663686,2.9093544,44.203693,7.922163e-05,15.534531,6.490139,3.4216423,145.18158,3.791824,0.0273583,0.0033919166,0.24670492,3.4487982,0.01288115,0.10269949,0.013747057
1.2262657,0.00043986455,6.587937,0.11807596,9.080374,2.3359303,44.14346,7.936444e-05,14.45825,5.770836,3.1787405,131.64189,3.4257948,0.023256851,0.0029179838,0.25801122,3.0990105,0.014336554,0.09316119,0.011243379
1.2901695,0.00031216806,4.4121313,0.0860953,8.601396,1.2350237,43.180054,6.179689e-05,10.991492,3.2968452,3.55845,87.977104,2.01724,0.021084903,0.002671219,0.22499102,2.149801,0.010487691,0.07636035,0.01033876
1.3805159,0.0002852884,3.5755458,0.07963133,9.042372,1.0858207,43.27989,5.901822e-05,10.672752,2.3518922,3.727944,73.89374,1.2820196,0.01963238,0.0018532639,0.20004216,1.7683066,0.011474028,0.08961807,0.011067605
1.2066901,0.00038100727,7.081226,0.096006595,9.814461,2.504649,40.4364,7.4386866e-05,16.498877,6.4827433,3.2275012,142.9133,3.4846346,0.021576734,0.0037344554,0.25744563,3.3084857,0.01269994,0.08892013,0.011060675
1.3376487,0.00032374333,4.0579247,0.07265678,8.335967,1.3988222,42.857563,6.243996e-05,11.369411,2.8928967,3.7410808,91.97163,1.6725382,0.01921571,0.002204394,0.24180222,1.9311337,0.010749402,0.087349236,0.011065373
1.3274024,0.00029293855,3.9420753,0.074372455,8.592152,1.2040406,43.481236,6.0842653e-05,10.112807,2.6762722,4.0432234,82.10764,1.5089353,0.01846822,0.0020649803,0.21799746,1.8583589,0.011298096,0.084488705,0.011679888
1.312495,0.00032170268,4.5930552,0.073421575,8.930826,1.4596875,46.18719,6.692126e-05,10.523881,3.301983,3.6769278,94.84121,2.0224726,0.017961076,0.0022436855,0.2555246,1.9882225,0.011199288,0.09411381,0.012424822
1.3149844,0.0002989195,3.8265269,0.079985976,8.9687195,1.1480976,45.03092,6.616272e-05,11.140812,2.4948769,3.0795848,75.241486,1.4321593,0.0212328,0.002138272,0.19831368,1.943636,0.011650373,0.07755818,0.010522191
1.3482182,0.00031213198,3.9512653,0.06918574,9.781919,1.297493,49.82212,6.2326275e-05,11.614876,2.818627,3.7530308,86.30545,1.7557946,0.015934667,0.0017653414,0.23402639,1.7706852,0.012323,0.0880955,0.011743188
1.3388654,0.00028923774,3.993138,0.07916415,9.232784,1.1912311,45.38079,6.258423e-05,12.998589,2.8396413,3.982496,81.84511,1.710854,0.018065391,0.0017973,0.22901434,1.969715,0.013934279,0.093427,0.012250492
1.3034396,0.0002693956,3.292029,0.07566075,8.776329,1.0840541,43.38443,5.5014014e-05,10.784133,2.3793604,3.60133,69.9424,1.3447903,0.019246802,0.0019105054,0.16189718,1.6034954,0.0109124435,0.07343625,0.0105014425
1.3580623,0.0002949448,3.982151,0.06488859,8.689237,1.3881172,45.31478,5.8591733e-05,12.183024,3.04535,3.5246327,80.85339,1.7660486,0.018216839,0.002023207,0.17787085,1.744018,0.010518581,0.07934226,0.011268214
1.2860022,0.00026811188,3.3101885,0.07199852,8.2465515,1.2142377,39.47143,5.5132215e-05,11.465623,2.6697917,3.070637,77.05633,1.5775588,0.01744994,0.0016982226,0.19080281,1.4905964,0.010803684,0.07358246,0.008875469
1.2502972,0.0003275144,4.8271604,0.08606018,8.377232,1.5571809,39.9766,6.065871e-05,13.639328,3.5802915,3.4894135,110.73532,2.2498124,0.022009792,0.0020919372,0.19188787,2.1103964,0.011391817,0.09028975,0.009487853
1.2817975,0.00024964815,2.8447244,0.08129188,9.124164,0.99453455,44.98497,5.2273448e-05,10.973094,2.0790646,3.5332873,65.3308,1.1763376,0.018642008,0.0014614539,0.1641948,1.3307885,0.011781953,0.09000162,0.010548129
1.3491459,0.00022750492,2.4869766,0.06573993,8.58338,0.94753855,45.395695,4.9059192e-05,10.678829,1.9251311,3.6196163,51.350624,1.0717007,0.016457193,0.001498886,0.13380356,1.2233069,0.010073177,0.078881785,0.008885735
1.2865055,0.00024135126,2.5271616,0.07230037,8.74608,0.9050982,43.052185,4.498093e-05,10.531719,1.9920356,3.6500218,54.348164,1.1074147,0.017253645,0.00145439,0.1451148,1.2099555,0.00977898,0.080632634,0.009059867
1.390215,0.00032547704,3.354945,0.077659376,9.304312,1.1533486,48.47119,6.556151e-05,11.604828,2.4189634,3.17103,72.460045,1.2250998,0.020936584,0.0016549113,0.17753626,1.4021989,0.011735388,0.104180366,0.011398297
1.349758,0.00027575702,3.1097429,0.0893167,8.997048,0.9520971,44.951355,6.098331e-05,12.137393,2.2069254,3.6662645,70.6991,1.2356087,0.018285794,0.0016789569,0.19088325,1.5578158,0.010232862,0.082230456,0.011175954
1.245019,0.00039981893,6.4041853,0.095985934,9.029572,1.9941269,43.185417,7.4821975e-05,14.198689,5.3233385,3.2836761,130.04341,3.3004987,0.02439994,0.0032784226,0.23076977,3.103043,0.012279216,0.08568867,0.012422731
1.2113935,0.00037955964,6.7089815,0.10007259,9.19888,2.2791805,39.735268,7.58944e-05,14.601165,6.420688,3.3389506,146.9962,3.3837433,0.02140878,0.0034361817,0.24181548,3.088498,0.011683054,0.08943414,0.010737454
1.2926835,0.00039279455,5.5980997,0.12018077,10.176095,2.0331376,45.603184,7.353068e-05,23.06151,5.283866,3.7681177,111.01074,2.8722544,0.025592128,0.0030584137,0.21508896,2.7524242,0.019613277,0.12945735,0.016436642
1.2702888,0.0003586558,4.755311,0.10458249,8.28735,1.4800739,41.572807,6.519317e-05,12.696925,3.8616986,3.2914104,101.29004,2.451017,0.022295026,0.0030357635,0.22044545,2.400828,0.011592071,0.07725704,0.010217132
1.4181689,0.00029145868,3.256806,0.124163926,8.263809,0.90337825,38.430206,5.8604895e-05,11.297861,2.212386,3.2732322,73.59312,1.2141849,0.02300136,0.0022993449,0.1756687,1.8492205,0.010594335,0.07458761,0.011197885
1.2651625,0.00040409344,5.277069,0.100797854,8.846454,1.6360424,41.373005,7.230385e-05,12.47508,3.707951,3.5585687,120.91618,2.1339889,0.025613317,0.002633239,0.18105784,2.7687113,0.010388446,0.06635866,0.00853208
1.2289957,0.00050276244,10.490198,0.13050854,10.04955,4.468716,42.497204,9.496815e-05,20.351082,10.0645,3.692878,201.49806,5.188016,0.027324514,0.0045994804,0.2509151,5.1179667,0.020073943,0.117103264,0.015345763
1.1893909,0.00045047316,9.204856,0.10382524,9.637155,4.035634,42.08451,8.658039e-05,19.335827,9.779266,3.2303307,176.70409,5.4035354,0.027784592,0.0035873053,0.26404417,4.1952114,0.015886594,0.10879801,0.01398674
1.1956449,0.00036771817,7.157218,0.08586379,9.146897,2.525117,42.022945,7.02376e-05,13.745978,6.093894,3.0881715,157.19942,3.5597174,0.021686725,0.002604467,0.21240287,2.629562,0.012339264,0.10670644,0.011285596
1.2510595,0.00027895684,2.9067562,0.07595724,7.623289,0.9376839,35.350536,4.6994257e-05,13.610475,1.7208538,3.912436,66.35447,0.9971727,0.019585902,0.0015217442,0.12706204,1.4172897,0.010447684,0.07440456,0.008758833
1.229819,0.00059113314,10.71775,0.14321402,10.877041,4.9136744,42.655926,0.00010811355,24.847385,10.590077,2.7248025,217.34248,5.741572,0.034030598,0.004098153,0.28485915,4.5460286,0.019286871,0.12475916,0.015419721
1.2823201,0.0003136554,2.9563866,0.086303994,8.279486,0.97172385,44.15122,5.5506447e-05,12.420029,1.9452703,2.9593976,72.869225,1.1466535,0.019919915,0.0014461754,0.15532546,1.5449536,0.011124033,0.08055332,0.00877945
1.3252821,0.00029406793,2.8795676,0.09300196,9.015833,0.91083544,46.471138,5.434064e-05,11.792717,2.0112321,3.694739,61.01452,1.1699854,0.019479346,0.0016701292,0.15619212,1.4864075,0.010394663,0.0749308,0.010342633
1.3965613,0.0002494086,3.3863962,0.06836513,9.112987,1.0741669,45.529335,5.4497992e-05,11.333635,2.434449,3.6483142,71.62377,1.3910614,0.016166158,0.001740394,0.1625575,1.5172087,0.010161147,0.08267295,0.009959707
1.2380071,0.00028839803,3.636408,0.10282819,8.291468,1.1374238,43.68799,5.3972086e-05,13.213476,2.5511096,3.9911163,85.12078,1.5531458,0.021455357,0.0018003156,0.17087333,1.7749374,0.011565699,0.088381566,0.009473736
1.2514257,0.00030670522,3.1419222,0.08047017,8.360601,0.96033734,38.64898,5.5143882e-05,11.692575,2.239706,2.9757347,64.574036,1.2454987,0.019734621,0.0018108624,0.16635467,1.6369282,0.010439726,0.08106926,0.009569858
1.2297803,0.00032227868,3.2161155,0.08384347,8.73452,0.9423524,38.46025,5.3455482e-05,11.730346,2.1550748,3.1335812,66.52619,1.2313383,0.018461406,0.0016604632,0.16509989,1.7356122,0.013026123,0.08656028,0.009385609
1.1978775,0.0003951895,6.4132977,0.103432074,9.09817,2.4689555,40.84527,7.655714e-05,15.308269,6.4031,3.5670004,128.6401,4.0386276,0.023205722,0.003301392,0.18978944,3.4566154,0.013386687,0.077683546,0.011335343
1.2422982,0.00021595777,2.947285,0.06287382,8.228275,0.8731641,38.9114,4.5979916e-05,11.671117,1.9677404,3.7721846,63.62255,1.1086336,0.019271532,0.0017015045,0.14104004,1.5413781,0.009731058,0.07051496,0.00913469
1.4007638,8.6647655e-05,0.98395634,0.04006746,8.207847,0.6000815,40.91086,2.8755412e-05,10.4969,0.6148005,0.53213036,21.95787,0.075299054,0.011412773,0.00012610662,0.07075415,0.2747892,0.0072437823,0.094522364,0.0071759266
1.2201607,0.00017115338,2.021495,0.050332323,6.31034,0.80906326,28.599003,2.9133464e-05,12.524108,1.2176129,1.4486458,38.087276,0.3948461,0.010540514,0.00068630365,0.06422386,0.8865812,0.01045129,0.07101643,0.0067972154
1.3539549,9.609713e-05,1.0653437,0.049405828,7.5786605,0.58268785,38.817394,2.9321754e-05,11.4764385,0.5995833,0.57751715,22.004501,0.07855616,0.010365576,0.00014909361,0.06545821,0.33301806,0.0077775335,0.088048704,0.007137891
1.3480633,0.00011747535,1.3222775,0.05949055,7.2745895,0.6469413,36.6469,2.9575558e-05,12.141814,0.81166214,0.8252727,25.733828,0.16672738,0.010972834,8.391509e-05,0.077477254,0.40189198,0.009441187,0.08007888,0.008269087
1.3809314,0.00011554298,1.3987386,0.048486814,6.7321258,0.640151,30.281633,3.066782e-05,11.104928,0.6394996,0.63788533,26.673374,0.14382634,0.009773509,0.0001535507,0.06920107,0.4594425,0.008820249,0.08570448,0.0076384447
1.0635034,0.00013308211,1.8443786,0.05152638,8.2470255,1.1154004,32.254974,3.9180628e-05,13.805094,1.5829612,1.4697942,39.01512,0.5855204,0.0097758295,0.0005338105,0.10620659,0.6712848,0.010997328,0.09590805,0.008338863
1.2736883,0.0001264522,0.9652874,0.061430972,12.035209,0.9713793,46.704193,3.452896e-05,13.436596,1.0661217,2.0164273,44.204887,0.4546969,0.013591428,0.00075596984,0.062489603,0.5125493,0.008365817,0.0932576,0.007200836
1.2799243,0.00014545277,1.4609834,0.057574604,8.340901,0.92084265,36.664803,3.8150465e-05,14.460367,1.0669044,1.3364654,40.373444,0.39631397,0.014682113,0.00014990056,0.10123305,0.48543513,0.011462071,0.103673644,0.008822403
1.333459,7.164668e-05,0.8913393,0.040985256,7.665819,0.49603567,41.988613,2.550245e-05,9.925365,0.47178593,0.49298626,22.60908,0.010363718,0.010014496,7.743446e-05,0.058706455,0.29930508,0.006343418,0.0831654,0.00596264
1.3323486,0.0001406137,1.3564808,0.05229299,8.5298195,0.6945141,43.33716,3.4824392e-05,11.357665,0.84624064,0.5106313,25.497456,0.1573752,0.0118959835,0.00032508417,0.09341871,0.3972048,0.008161309,0.08390242,0.008124116
1.1679454,0.0001656667,1.8671746,0.05463526,10.054241,1.3610251,41.338997,3.805237e-05,16.15182,2.325133,2.3507721,55.075912,1.0218303,0.011593313,0.00088782836,0.09146071,0.852279,0.0064407177,0.083767906,0.005804075
1.3889486,0.00011158703,1.2213721,0.05327802,7.1442404,0.562007,34.383823,2.7981865e-05,12.057977,0.55026716,0.76412416,24.08958,0.10709675,0.011111255,0.0001051031,0.07544666,0.3740363,0.009051881,0.093927376,0.0080763865
1.4482919,0.00011574202,1.5605925,0.049219523,8.855074,0.81281036,38.575493,3.2355576e-05,12.43525,0.9616293,0.5069763,37.94457,0.2811128,0.0126006985,0.00041713714,0.07984371,0.49522144,0.00904218,0.087790936,0.008684556
1.5106183,6.590244e-05,1.0186282,0.043379564,7.1964464,0.5059203,32.268913,2.5250027e-05,10.799752,0.3141851,0.101951554,22.848625,0.022961827,0.010160542,-0.00018969801,0.066031925,0.20897119,0.00819621,0.08827192,0.007953611
1.4180084,0.00021321443,1.744324,0.09568004,11.698574,0.93838346,48.9704,4.602811e-05,20.139025,1.4579357,3.1450744,46.766006,0.73183256,0.019466655,0.0012327041,0.13607739,1.037441,0.011251096,0.08685874,0.011727505
1.3832676,0.000107630025,1.0309063,0.046318367,8.410717,0.59137106,39.985077,2.8046632e-05,10.140861,0.6319836,0.11014038,22.585653,0.068080716,0.010619011,0.00013537929,0.07538932,0.25174078,0.0079048,0.08881604,0.007957842
1.3858049,3.9809867e-05,0.74260056,0.033565156,7.4087243,0.4428393,31.14581,1.8680119e-05,10.731658,0.28631935,0.40141347,20.87154,-0.011166311,0.009072307,-0.00018616264,0.03848771,0.16898493,0.007980188,0.0852757,0.0062635127
1.5176306,0.0002248654,2.1799598,0.094058625,11.206304,0.9712505,48.06625,5.010655e-05,22.220907,1.44585,3.2793508,44.153454,0.6854141,0.01736086,0.0011591945,0.15265876,1.1027956,0.010522117,0.09143464,0.012018997
1.3465986,0.00023303385,2.3645887,0.093595,10.93163,0.98356986,47.54482,4.59865e-05,18.92306,1.6050078,4.210807,54.301937,0.7890013,0.019086313,0.0010157052,0.15201429,1.1035793,0.0115297185,0.09801113,0.012176005
1.4709715,8.918342e-05,1.0820024,0.050799947,7.6284914,0.5874189,34.845184,2.6535983e-05,11.613954,0.46194166,0.25071916,25.103632,0.08353724,0.011006696,2.8982324e-05,0.0690362,0.2847434,0.009008411,0.0909096,0.008336177
1.485466,0.00022963368,1.727138,0.08656585,11.150817,0.9046195,46.906914,4.753454e-05,14.832106,1.3164698,4.890915,44.153175,0.5954802,0.018630328,0.0009794324,0.14003699,0.9386691,0.012182675,0.09775404,0.010579255
1.4531915,0.00014446277,1.7874088,0.0606868,8.925473,0.8142724,44.939014,4.0630777e-05,13.414114,1.1772712,6.454497,43.97818,0.68471634,0.012654437,0.0007725149,0.12478078,0.8862022,0.012031993,0.114384696,0.010948281
1.4114417,8.038107e-05,1.3383627,0.04283571,9.45651,0.7556762,40.282223,2.9413406e-05,10.881292,0.84075165,0.6838907,39.328545,0.2099827,0.010003071,0.00017682763,0.062486853,0.40816075,0.008122559,0.078852534,0.006974628
1.283409,0.00027375945,3.013934,0.08630741,10.485429,1.122395,40.72922,5.2869418e-05,18.786064,2.3398845,2.6604166,51.063206,1.2131478,0.01975,0.0017025647,0.2000288,1.5958966,0.012175204,0.074474,0.012798975
1.3156041,0.00011012786,1.4774694,0.037966553,8.902673,0.8166677,35.683994,3.4841963e-05,14.4152975,0.8785878,1.3972638,37.562916,0.3070851,0.011921424,0.0002347638,0.10079729,0.4077089,0.008341841,0.10102566,0.007626199
1.3700156,0.00020370721,1.8801874,0.07720767,10.048881,0.9435494,50.873993,4.1712003e-05,17.372423,1.3481708,5.1867223,53.26491,0.5332695,0.015857464,0.00061960606,0.119607404,0.99018407,0.010487537,0.08680317,0.0094014825
1.2762336,9.970269e-05,1.5016415,0.061777472,7.92105,0.65820616,38.06854,2.655014e-05,12.813397,0.6990221,1.5663317,29.717264,0.100944355,0.011152184,0.00032879313,0.06653598,0.5385159,0.0089978855,0.07283221,0.00765898
1.3153557,8.646827e-05,1.1514704,0.051808905,8.5254755,0.6078508,38.025013,3.0180992e-05,13.434623,0.56330675,1.1714802,30.915297,0.16323523,0.013184328,0.000117982374,0.077908315,0.39322028,0.0071052965,0.0796586,0.0067293
1.5079497,0.00021898327,1.9177723,0.0779623,9.815526,0.9279959,47.77071,4.8931375e-05,15.899218,1.2647215,4.790664,46.755474,0.53765404,0.016392022,0.0006756334,0.14386015,0.96878725,0.01357372,0.111887276,0.011018937
1.3364152,0.00023192953,2.4932842,0.09301835,9.442682,1.0311915,45.563774,4.6174504e-05,16.562824,1.6036167,4.843076,55.167652,0.7009588,0.01993455,0.0010597429,0.14756458,1.2663891,0.012299918,0.08699188,0.011040776
1.4115727,0.00019297222,1.5983413,0.058573775,12.260396,0.9227632,48.60818,4.24934e-05,14.829089,1.3839163,4.652449,49.18018,0.68696135,0.014071889,0.00086568063,0.11496561,0.7756273,0.008681216,0.08120002,0.007856444
1.3112618,9.075377e-05,1.4789698,0.045146514,7.6881976,0.73179305,32.246593,2.9290552e-05,11.395112,0.7139148,0.81814224,31.480093,0.16172199,0.010506231,0.0002402264,0.064951256,0.50527424,0.008204014,0.07339206,0.0065388856
1.3764164,0.0002296537,1.7518033,0.066749886,10.973613,1.0039264,46.848568,4.3401356e-05,17.886997,1.5162375,4.014118,51.832813,0.6864132,0.016564192,0.0008872268,0.12435007,0.8141096,0.009947884,0.07899553,0.00918041
1.4091494,0.00014455857,2.057241,0.060575664,6.8593845,0.923529,39.797646,4.192413e-05,16.922127,1.303697,5.1776648,43.71211,0.6477706,0.0136288125,0.00076918665,0.13505161,1.003988,0.014818868,0.11371012,0.011507966
1.295684,0.00010818955,1.5223117,0.05639465,8.085983,0.7302541,38.740158,2.998656e-05,12.516013,0.8173828,0.7883314,35.35101,0.19076064,0.010287226,0.00024835425,0.073794074,0.5452398,0.008747694,0.07357276,0.0067662382
1.380528,0.00015443325,2.0929334,0.0653357,8.374768,0.97275054,45.136105,4.158303e-05,14.270646,1.3610291,4.151165,49.621605,0.65002996,0.014018632,0.00048230603,0.1345155,0.8553902,0.011418414,0.101081304,0.010434655
1.2757869,0.0001351991,1.5592368,0.042395372,8.816857,0.8338324,36.018112,3.5742698e-05,14.67229,1.0018766,1.2364446,39.424446,0.3598105,0.013534317,0.0002964989,0.10534597,0.4721047,0.00931166,0.10128096,0.007910643
1.3081803,0.00019147078,1.7715769,0.06626495,10.585352,0.96510726,39.39011,4.498284e-05,17.99009,1.5488157,2.1042843,35.925472,0.64613897,0.013130646,0.00087065395,0.12056882,0.755917,0.010139988,0.105035536,0.0077989134
1.2240808,9.581626e-05,1.2354374,0.051350564,10.670383,0.8557421,43.071754,3.4591787e-05,12.558755,0.9619903,1.5785521,33.469006,0.36702514,0.011244094,0.0004825819,0.085243896,0.5290492,0.008199647,0.10176707,0.007386427
1.1264182,0.00013545042,1.6844274,0.04621184,7.980382,0.95122916,34.665855,3.7904534e-05,13.199408,1.1766049,1.3072716,34.96028,0.47347325,0.014569519,0.0005976417,0.110696904,0.5774523,0.009317956,0.093258195,0.008495682
1.20468,0.00013454069,1.7370367,0.049592137,8.820708,1.031013,34.08783,4.1015093e-05,13.747222,1.3313583,1.1537923,31.704733,0.46356374,0.010552359,0.0004259619,0.12106249,0.5442152,0.009000063,0.10051743,0.008668447
1.6346807,0.00021296141,1.6900619,0.091374055,12.2157545,0.8807771,48.77991,4.5008317e-05,20.742273,1.1661462,1.7690009,32.709824,0.47221726,0.017500617,0.0009898967,0.1330823,0.8341169,0.00976455,0.09091608,0.009713614
1.389092,0.00013364232,1.943261,0.052156832,9.168613,0.95649564,43.62578,3.5076235e-05,15.435248,1.3521441,6.6553235,39.859463,0.606003,0.011768215,0.00077914924,0.12994584,0.87495166,0.011733144,0.11753504,0.010769411
1.3763506,0.00013895042,1.4331553,0.053319372,12.305588,0.8335302,52.67234,3.788409e-05,12.649627,1.1011125,4.7452855,55.533672,0.6534521,0.0116976965,0.0005975908,0.10154745,0.67440385,0.008940739,0.09593843,0.008780315
1.484957,0.00013640951,1.7917322,0.051810008,10.6331835,0.8710632,45.623356,3.8559952e-05,12.584595,1.1358455,5.496181,47.865356,0.6297793,0.012312631,0.0005460886,0.11831554,0.79376805,0.0114629045,0.11169934,0.010018058
1.5020578,0.00013855915,1.6032612,0.05406981,12.582035,0.8612798,50.77507,3.7685277e-05,11.884749,1.1939832,5.6114335,51.07198,0.66089725,0.012536732,0.0007148063,0.10268441,0.7466,0.010065341,0.10752725,0.009642717
1.384394,0.00016031237,1.8944913,0.05524198,11.197505,0.8513334,50.510647,3.9020015e-05,15.020893,1.1770229,6.0571413,52.03697,0.5527244,0.012546719,0.0006388921,0.11352652,0.856114,0.009640609,0.0946161,0.008689647
1.2124029,9.1100665e-05,1.0453547,0.04733514,8.449395,0.69536877,37.239346,3.121222e-05,11.250772,0.694999,1.2944242,32.10578,0.226259,0.012743684,0.00030479004,0.064639956,0.434035,0.007571907,0.08152159,0.00668605
1.4003171,0.000145411,1.7946388,0.07687299,10.271128,0.9302499,46.58996,3.991324e-05,16.349672,1.0049374,1.9457256,41.889347,0.39408487,0.015825018,0.0007953421,0.11267606,0.7426216,0.010025481,0.10511685,0.009891032
1.4192351,0.00015894548,1.7221907,0.05625619,12.21041,0.9055997,50.611427,4.0259813e-05,13.166542,1.2416846,5.888249,54.10595,0.66022146,0.013074265,0.0007419056,0.10746495,0.81339526,0.010440081,0.10411128,0.009652547
1.4468986,0.0001370696,1.7888242,0.057372276,10.42931,0.9831155,45.550312,3.5862613e-05,12.330133,1.3786044,5.270127,39.406696,0.6321233,0.013654989,0.0006567338,0.10660695,0.7671205,0.010362748,0.10903074,0.010361962
1.2813665,8.891112e-05,1.1870285,0.042272836,8.912307,0.6345041,40.781425,2.7912505e-05,11.463269,0.61336344,1.4490653,44.25631,0.19353576,0.013161907,-0.00012597826,0.064006254,0.3898146,0.008472221,0.07162033,0.00596637
1.2457836,0.0001523948,1.9150169,0.052860267,7.107164,0.71283126,34.28367,2.7541768e-05,11.950599,0.92173684,1.0950317,40.53792,0.23966438,0.009011518,0.00023972592,0.05656318,0.611613,0.00946736,0.07089629,0.0067264973
1.0725124,0.0001480803,1.8211148,0.043652583,7.792362,1.0248916,32.36377,4.0447147e-05,13.510173,1.419559,1.4502314,38.63966,0.53535986,0.013791061,0.0006756388,0.10827074,0.6143844,0.010575528,0.102027126,0.008415216
1.3947476,0.00029151,2.8875785,0.08758907,10.799992,1.0781641,45.071484,5.514131e-05,19.153423,1.920422,2.2588062,58.963295,0.9324698,0.020436432,0.0013090618,0.17333926,1.1724936,0.01240523,0.09681766,0.011711398
0.9279582,0.00022589177,2.9647257,0.07149115,8.219018,1.3076491,30.812874,5.0385977e-05,13.397146,2.4046378,3.1071115,47.179966,1.1597629,0.014375158,0.001552114,0.1418746,1.2707666,0.0136441775,0.093689986,0.010111741
1.2698989,0.00016935157,1.7304943,0.06736822,8.52191,0.9036225,40.976303,3.7140995e-05,13.090549,1.1615666,1.555369,50.20997,0.38388807,0.013146097,0.0003120882,0.09981624,0.57848966,0.010181594,0.089706294,0.00850515
1.1903441,0.0001412437,2.2007751,0.04996357,8.079125,1.0431545,30.505621,3.996175e-05,13.322184,1.7449751,2.9015982,41.032505,0.86984915,0.011609252,0.0009934556,0.119204074,0.86897445,0.010801448,0.08564076,0.010586893
1.0616995,0.00012630157,2.434564,0.06030126,7.763923,1.1470783,32.856583,4.0453426e-05,10.205427,1.9815584,3.692181,42.6318,0.9068497,0.014541144,0.0011722808,0.096215375,0.9252644,0.010563739,0.09808468,0.0112001905
1.3829615,0.00012392392,1.6880112,0.054720767,10.724867,1.0358394,44.323555,3.2439377e-05,12.626167,1.4458821,4.9008656,48.195793,0.7519001,0.012085248,0.00088835513,0.099680744,0.6612706,0.008415151,0.09365753,0.008650648
1.1065378,0.00024241494,2.7585285,0.104947165,7.9639654,1.0680193,31.906279,4.7926504e-05,14.764691,1.8202696,2.746863,45.136868,1.0217016,0.01846596,0.0014438026,0.122624286,1.1730362,0.013570168,0.10525688,0.010881101
1.232557,0.00012529251,1.3934075,0.043163743,10.181079,1.1239814,39.733147,3.26159e-05,14.100611,1.7391893,3.200155,42.24147,0.78691584,0.011081212,0.000785656,0.08816128,0.518555,0.009040082,0.10624341,0.00923498
1.1509473,0.00019587956,2.166455,0.04918905,7.9434686,1.2273989,28.607672,4.4344997e-05,12.987797,1.9734954,3.8718872,33.584286,0.9592629,0.010510317,0.0010430113,0.12597966,0.8587369,0.010865222,0.09028937,0.010559289
1.1202422,0.0001736872,2.436104,0.047633342,8.3223095,1.1562216,36.379787,4.275862e-05,12.106554,1.9708474,1.8324975,52.5844,0.89162546,0.01543875,0.00095177785,0.12686484,0.9469328,0.012469053,0.095070444,0.009316348
1.3169605,0.00013807061,2.8505967,0.051404614,8.774149,1.7456144,39.55586,3.859828e-05,12.68192,3.0490692,4.161984,59.179935,1.0566943,0.013614729,0.0010518839,0.15482613,0.6972705,0.0111359805,0.13125297,0.014999071
1.208183,0.00016968958,2.5985246,0.060759902,9.630891,1.2856472,39.00216,3.5641377e-05,12.961807,2.215281,5.2785597,51.819046,1.0464945,0.014558977,0.001075162,0.11710568,1.057176,0.010561313,0.11430968,0.011165993
1.2771851,0.00018893986,2.9928317,0.038838666,6.6076555,1.0149323,43.682888,4.0391562e-05,6.8552985,2.4702144,2.818086,56.74678,1.4053437,0.007859704,0.0016975836,0.13841462,1.5417609,0.008503375,0.047810793,0.007296733
1.2603627,0.00024956503,3.517041,0.05939503,7.290203,1.2155508,45.654877,4.702204e-05,8.835489,3.0063202,3.3120155,66.922424,1.638835,0.0114143295,0.0018151151,0.16080862,1.799658,0.01044136,0.04798398,0.008820888
1.276291,0.00033095208,4.4534783,0.06881426,8.5006275,1.5388528,50.00327,5.5553952e-05,10.957609,3.3381195,3.2984443,85.152695,2.1173635,0.017095743,0.0013400114,0.20684597,2.0944095,0.015107863,0.088587396,0.01079287
1.2667191,0.00023584178,3.46098,0.06012416,7.173065,1.2001708,44.56373,4.7827303e-05,8.650924,2.7777002,3.228545,67.72441,1.5521568,0.011300604,0.0018005952,0.15836737,1.7253424,0.009566617,0.052953042,0.008702822
1.2880248,0.00037818548,4.8258166,0.06406518,9.372391,1.9047338,50.775913,7.5119424e-05,10.654762,4.0620694,3.3666005,91.121,2.040711,0.016755069,0.0018147262,0.23717819,1.9685367,0.012810095,0.08920723,0.011637769
1.2915118,0.0003110885,4.306342,0.06236521,8.263957,1.2947721,47.41298,5.5146473e-05,7.8690233,2.710194,3.2580502,81.387146,1.5427976,0.017282888,0.0013964712,0.18340191,1.9196715,0.009456096,0.057468187,0.007918636
1.2812614,0.00029337144,3.7428315,0.0458813,8.348296,1.173111,46.061348,5.567537e-05,8.245414,2.2622108,2.8399775,77.85092,1.1346197,0.022401914,0.0021468406,0.17011838,2.0315573,0.005204081,0.041652594,0.006340968
1.2745152,0.00042211602,4.758572,0.059243284,8.780902,1.8088261,49.792103,7.949021e-05,9.284043,3.793543,3.414695,103.18678,2.0699856,0.015132958,0.002151351,0.24514829,1.8753918,0.010252041,0.08979839,0.010047853
1.3532106,0.00038999028,3.6311948,0.11810747,8.852162,1.4089382,49.394005,6.307684e-05,10.291793,2.258494,2.8217256,83.44378,0.7751313,0.030351778,0.0010754933,0.18782814,1.20721,0.0086879,0.09270648,0.009044039
1.3519918,0.0003615974,4.5693135,0.071698196,8.834586,1.7833886,49.012608,7.10406e-05,9.276528,3.7817407,3.2108436,104.00117,2.0084608,0.015901843,0.0028185209,0.24241015,1.9121523,0.010623596,0.083157115,0.010889971
1.3062974,0.00042083728,4.833774,0.05717392,8.957796,1.9074638,51.457245,8.2982064e-05,9.616416,4.038693,3.6066632,101.90757,2.3449757,0.014574364,0.0027374718,0.25827122,2.007985,0.009722059,0.084168434,0.0103279045
1.2207822,0.0002197432,3.2071915,0.03170396,7.33027,0.99616677,37.068165,3.5309546e-05,7.474944,1.8847792,3.372202,65.69938,0.82730174,0.011273838,0.0009617347,0.11829763,1.366622,0.006130703,0.037583772,0.006050492
1.1987747,0.00039030015,6.1144757,0.09736698,8.842151,2.1736922,41.649014,6.966469e-05,12.689539,4.9385505,3.6612358,128.42708,2.603688,0.022749702,0.0027332208,0.18329808,2.8430507,0.011401892,0.08364383,0.009889921
1.2204676,0.00039201532,6.5565634,0.1023717,8.876551,2.2232697,41.697723,7.212227e-05,13.334829,5.701548,3.8400564,133.58366,3.0768409,0.022365404,0.0033068836,0.18292229,3.2465892,0.011695559,0.08121316,0.010352294
1.3416032,0.00026887906,2.9870298,0.08955616,8.689269,1.0448197,42.741116,5.775731e-05,11.721666,2.5164535,3.5211716,62.89149,1.4719949,0.019756,0.0019315914,0.13758264,1.4658507,0.009828721,0.076071925,0.009847716
1.3270127,0.00025441518,3.5047743,0.087632105,8.407757,1.2763413,41.19967,5.5787033e-05,12.561091,3.0958333,3.4312706,72.70418,1.8325965,0.019468997,0.0019364295,0.15532713,1.5153697,0.010488311,0.08522416,0.009915501
1.226894,0.00031911256,4.2610564,0.07840658,8.194979,1.417601,36.585167,5.6035773e-05,13.887167,3.303566,3.7558103,91.58046,1.9661009,0.020328581,0.002388375,0.16111982,2.0089767,0.011334813,0.08718901,0.0106951
1.3348448,0.0002942944,4.0541854,0.07950936,8.590292,1.4277956,40.679333,6.026671e-05,11.183326,3.3697975,3.636692,81.321236,1.9715033,0.019941097,0.0021561736,0.17209363,1.8702041,0.010394089,0.07665957,0.009779205
1.3177607,0.0002474923,3.4540727,0.09257157,8.588962,1.1776214,41.51328,5.395543e-05,10.927378,3.0515337,3.3047426,75.409,1.7414752,0.020348933,0.0022862933,0.15600294,1.6240083,0.009690916,0.07946161,0.0098785125
1.3294758,0.00019662664,2.5874026,0.06774945,8.509845,0.91314095,40.466587,4.5481953e-05,10.913498,1.7852954,3.8519223,56.218037,0.8986778,0.015145024,0.0010689388,0.14406827,1.1303664,0.010648017,0.074182756,0.009220833
1.4516673,0.00023877433,2.3550336,0.08707922,8.4795,0.7950006,42.79834,4.9044975e-05,11.980574,1.6330643,3.282308,53.224686,0.8269852,0.019326694,0.0013867503,0.14927992,1.296758,0.011192714,0.07276123,0.008864345
1.3335525,0.00020745737,2.7638514,0.07176548,7.962544,0.79400957,37.73232,4.5496745e-05,10.979258,1.5740163,3.7244434,61.66331,0.81326056,0.0175097,0.0012186151,0.13386358,1.3020114,0.011198087,0.065756075,0.00957035
1.3398653,0.00032679024,4.29565,0.076389834,8.593866,1.2359232,42.55086,6.526446e-05,12.270634,2.5601382,3.0815468,94.16177,1.4554849,0.021851735,0.0016765746,0.22062825,1.9789544,0.013999686,0.09591971,0.011364457
1.325714,0.00031703612,4.616172,0.070068076,8.3607235,1.3210195,42.49858,6.174095e-05,12.84217,2.835425,3.0632467,101.6886,1.5920695,0.02110291,0.001659113,0.22064696,2.0308821,0.014063194,0.098066255,0.011448768
1.3482037,0.0003031537,4.4040275,0.0695586,8.176822,1.2840061,42.50909,6.143715e-05,12.505331,2.7254007,3.016871,97.75726,1.5052264,0.02040719,0.0017505685,0.21944648,2.0426636,0.013981572,0.098200366,0.011530465
1.3472575,0.00020959156,2.3907123,0.07264613,8.578122,0.8535906,43.845287,4.6334964e-05,12.473117,1.6262094,3.7083309,54.256435,0.92277193,0.015530043,0.00095149997,0.14396414,1.051089,0.011083223,0.08961917,0.009598279
1.3154231,0.00021935142,2.752705,0.06244923,8.377069,0.9209438,38.333523,4.639744e-05,9.393426,1.7907794,3.9924943,57.79051,0.9019312,0.015090021,0.0014287375,0.1499308,1.4113714,0.00856939,0.06256148,0.008673804
1.324128,0.00031368082,4.276364,0.07412963,8.921307,1.2761251,44.725567,6.248663e-05,10.370565,3.3408816,3.576412,85.78974,2.1180007,0.019202173,0.0026082764,0.23453861,2.0460634,0.010789086,0.0815741,0.010199061
1.3192693,0.00030513955,4.2892127,0.07809421,8.96204,1.2968152,45.268852,6.220284e-05,10.861983,3.294172,3.5878258,89.472244,1.990722,0.01986959,0.002014059,0.23268977,1.9893143,0.0121148685,0.08313606,0.011205926
1.361758,0.00028711624,3.5301697,0.0709269,9.4155445,1.2680937,49.83749,6.148956e-05,11.011683,2.564697,4.151285,74.59409,1.4787788,0.016568642,0.0017751417,0.20621988,1.6656562,0.011881724,0.0883073,0.01116178
1.2474847,0.00039347465,6.263245,0.0972806,9.826981,2.0374033,45.168552,7.294156e-05,13.437854,5.2072277,3.1114316,124.10614,2.8548598,0.025031576,0.0032405248,0.2512012,3.0174663,0.012711277,0.0855315,0.01133019
1.3087234,0.00030170978,4.0081105,0.08820046,8.796072,1.2535738,40.883244,6.0345916e-05,11.333381,3.255747,3.6803477,80.39422,1.8535331,0.018914739,0.0021860779,0.22335172,2.022137,0.010212851,0.07963878,0.0094974935
1.3344879,0.00027737327,3.799441,0.06853578,9.04643,1.0911261,46.279877,5.9075093e-05,9.557548,2.462787,4.445381,76.34005,1.4322045,0.016241413,0.0018707467,0.20744477,1.6858543,0.011309528,0.08408142,0.011610575
1.1756147,0.0004214624,8.166428,0.10402923,9.004558,3.003535,41.89254,7.596121e-05,14.96789,8.554459,3.625031,160.36693,6.0221353,0.022693159,0.003185384,0.2715783,3.5159101,0.015066413,0.10448663,0.014820506
1.3602163,0.000320328,3.8535032,0.073233,8.568248,1.3638288,44.20584,6.1050254e-05,11.546406,2.8339887,3.8391623,86.92312,1.5877162,0.017881453,0.002017223,0.23480687,1.7788981,0.010835099,0.08922511,0.011244572
1.3311533,0.00029234154,3.956051,0.07434701,8.628928,1.1964549,43.803192,6.110727e-05,10.1628475,2.6925693,4.1315384,80.629585,1.5247914,0.018234137,0.0020600576,0.2214718,1.8425269,0.011272586,0.08654572,0.01175962
1.3532223,0.00031080798,3.9901588,0.06994923,9.778105,1.2893767,49.712177,6.292122e-05,11.603143,2.851016,3.761989,85.473015,1.7947204,0.015801316,0.0017803834,0.23774293,1.7758653,0.012425312,0.08980358,0.011852903
1.3048999,0.00026649004,3.2564902,0.075151496,8.725224,1.0751218,42.809853,5.4639186e-05,10.758485,2.3731306,3.6517768,68.11793,1.3459902,0.019218737,0.001901809,0.16246471,1.5859653,0.010817229,0.073512636,0.010541091
1.208467,0.000440637,6.764137,0.11269664,9.099343,2.3523185,41.205135,7.119101e-05,16.810562,6.227698,3.398226,149.82613,3.6514657,0.023950733,0.0031938597,0.21587986,3.4117534,0.013918907,0.08863643,0.011213946
1.3156459,0.00032704943,3.6766837,0.08622634,8.213319,1.3156091,39.17597,6.0170074e-05,11.581736,2.71003,3.0940182,78.44663,1.5632497,0.01954701,0.0018755551,0.20100632,1.672273,0.010616433,0.081731334,0.009806687
1.222006,0.000381043,5.640934,0.10315492,9.307056,1.9354845,42.435364,6.946781e-05,14.316021,4.758592,3.2173455,121.379745,2.7810555,0.023029378,0.0025553992,0.19036292,2.415402,0.01297851,0.08289135,0.012111223
1.2866205,0.00027012778,3.3040702,0.07186975,8.273555,1.2156523,39.609253,5.569771e-05,11.542068,2.667291,3.096942,76.40955,1.5682672,0.017577996,0.0017117371,0.19276014,1.4960785,0.010802206,0.07411572,0.008985294
1.3031173,0.00029517978,4.1328855,0.081030995,8.754705,1.4641035,40.53146,5.9078393e-05,11.818142,3.2071185,3.740612,88.251495,1.83821,0.019399606,0.0022523054,0.19180597,1.9006639,0.01124114,0.08983363,0.010470563
1.2480217,0.0003211386,4.7146797,0.08439598,8.280629,1.552951,39.38604,6.0017635e-05,13.573826,3.6009994,3.4614344,106.39077,2.2417393,0.02188562,0.002098343,0.19025728,2.0781448,0.0113092745,0.091258526,0.009453297
1.3210343,0.00027095844,3.4308481,0.076692514,8.912037,1.1611402,45.403526,5.574506e-05,10.441643,2.602995,3.661597,78.28664,1.4733459,0.018199803,0.0018476691,0.17769215,1.544214,0.011918397,0.09060614,0.011055428
1.2751843,0.00024301294,2.7982771,0.07769559,9.068527,0.9993296,44.3572,5.1206025e-05,10.997946,2.1170833,3.590442,63.448864,1.2030545,0.018222043,0.0014438734,0.16285796,1.323343,0.0116425175,0.08990869,0.010486519
1.2085327,0.00047823746,6.930097,0.12789147,9.412298,2.5414896,43.78955,7.7315206e-05,17.061663,6.139521,3.253364,150.91145,3.7238536,0.027094258,0.0031433138,0.20250107,3.1254537,0.013977483,0.10322257,0.012817965
1.1735115,0.0003886394,9.921775,0.10287203,8.208065,2.242771,42.166885,8.3484585e-05,14.916458,6.1005173,3.066482,306.4609,2.946414,0.027858289,0.0033456045,0.20977265,3.9012465,0.014872977,0.10190762,0.012215808
1.3974868,0.0003114231,3.1230683,0.07720288,9.270081,1.0984536,47.542774,6.375958e-05,11.56073,2.304866,3.2858813,66.8915,1.1780288,0.020669008,0.0016402489,0.1692917,1.3363794,0.01148804,0.10331858,0.011378783
1.1986982,0.00045043894,9.667682,0.09910795,9.07017,3.5944822,42.191605,8.775835e-05,16.412905,9.183727,3.484099,182.74107,4.9730716,0.023403155,0.0034861374,0.25460616,4.1284103,0.0144497305,0.09809997,0.013034218
1.3919209,0.00020492647,2.7245278,0.064194836,8.184326,0.8496968,40.4055,4.8734535e-05,10.064453,1.6569542,3.513469,64.17229,0.772722,0.018200736,0.0013661261,0.14634229,1.4089471,0.010688046,0.05950888,0.008565173
1.3400542,0.00019951058,3.1305645,0.06182017,8.252684,0.9045276,39.60877,4.8620866e-05,9.901529,1.9304017,3.65559,68.33214,0.93439585,0.018496878,0.001683239,0.1583056,1.5428959,0.0093099745,0.06685142,0.009371421
1.1821314,0.00045685307,9.20507,0.10235374,9.386193,3.213327,41.681698,8.380342e-05,15.549807,7.718304,3.6865551,180.1193,4.24388,0.024505194,0.0036409395,0.25943986,4.0878496,0.014107786,0.098033,0.013004048
1.1953788,0.00040888082,7.378062,0.09904975,9.9155,2.9104874,40.269066,7.795349e-05,19.506115,7.138742,3.5335953,140.712,4.009328,0.02348009,0.0036080065,0.20385404,3.650325,0.015687639,0.11670044,0.013945844
1.3328409,0.00024153065,2.7660837,0.07709877,7.3600116,0.8073778,33.416553,4.3784818e-05,13.242591,1.7578516,3.487046,57.672565,0.7885839,0.014820638,0.0012933627,0.12198438,1.2873877,0.010127426,0.07749521,0.009125306
1.3441671,0.0002991651,3.0475833,0.079454854,9.090864,0.9723214,46.170883,5.391529e-05,13.515186,2.0988665,3.141682,70.60433,1.2536871,0.018727386,0.001353989,0.16768935,1.5149479,0.011414795,0.07874469,0.010266895
1.2866311,0.00029987635,3.1683173,0.09799415,8.2342,0.9429374,43.584297,5.26726e-05,12.548765,2.1515021,3.484584,75.35504,1.2047107,0.02007288,0.0012935619,0.16650732,1.5321462,0.013390954,0.08769589,0.010404023
1.2109128,0.00046481233,8.908565,0.09962864,9.200456,3.761378,41.33834,8.33777e-05,16.913027,8.95226,3.176962,177.25623,5.325361,0.02517505,0.0032886018,0.2595005,3.634534,0.01492136,0.11040698,0.013293547
1.1958476,0.00037323675,7.234255,0.08760085,9.113585,2.5637248,41.980316,7.098265e-05,13.785491,6.2077665,3.091193,158.05449,3.5931256,0.021841768,0.0026046631,0.21445067,2.632606,0.012429014,0.10744122,0.011324338
1.3353558,0.00026043865,2.191661,0.08161013,8.237716,0.7472459,37.957916,4.5038916e-05,12.707022,1.3800646,4.016977,51.037468,0.7240298,0.018170804,0.0012789237,0.101202935,1.1780722,0.01020989,0.071920216,0.007668804
1.2531493,0.0002778704,2.8820868,0.075812794,7.678513,0.93413,35.110104,4.6768873e-05,13.641221,1.7081048,3.92821,65.816154,0.99182177,0.01951257,0.0015080312,0.12684588,1.4010623,0.010370487,0.07436846,0.008681024
1.2512587,0.00034445568,5.4971814,0.09123527,8.717728,1.5898558,43.085003,7.036851e-05,12.131045,3.8476727,3.8080523,116.77395,2.2871819,0.019354723,0.0027367366,0.1911386,2.5803945,0.011048339,0.07335441,0.009648244
1.2283007,0.00058751745,10.697585,0.14189997,11.005296,4.9310665,42.646065,0.00010811243,25.316748,10.720181,2.739294,215.55994,5.808976,0.033677544,0.004123115,0.2852006,4.5332117,0.01929945,0.12548085,0.015391281
1.2852976,0.00030347097,2.8588111,0.08665895,8.142153,0.9345477,43.102318,5.382873e-05,12.530239,1.8781312,3.0588975,69.98803,1.1108783,0.01967974,0.0014479713,0.15203288,1.4892576,0.010917861,0.07805195,0.0087140715
1.1714618,0.00025238268,3.7451596,0.08414629,8.500077,1.0143898,40.118484,4.947123e-05,15.687095,2.4172602,3.4477212,92.13434,1.3475745,0.02202476,0.0020569835,0.14656849,1.8196524,0.011199001,0.087635376,0.010391615
1.1696088,0.00033914196,4.2097406,0.0919317,8.820166,1.3111495,40.087048,5.784138e-05,13.223242,3.0149791,3.6059706,91.07673,1.6901293,0.020352775,0.001893771,0.17211111,1.9279301,0.010292803,0.07931219,0.008463201
1.2977352,0.00026420451,3.0392947,0.09059066,8.044053,1.0323956,38.539387,4.9940034e-05,11.637637,2.2481763,3.6747065,63.5662,1.3088852,0.01928629,0.0017501597,0.15701686,1.5844017,0.010643013,0.07700225,0.00956761
1.2446095,0.00031334814,3.352074,0.08649905,8.203267,1.0078658,37.805164,5.333025e-05,11.54937,2.310275,3.2140198,71.179825,1.3059747,0.019631617,0.0016752991,0.16519704,1.720058,0.013111132,0.087882236,0.0094901575
1.3187934,0.00022507708,3.2571602,0.06907989,8.469219,0.97313756,41.54759,5.0968043e-05,12.435361,2.2844362,3.9797451,67.50992,1.3443617,0.01828181,0.0016462378,0.15636289,1.5033673,0.0109220715,0.08185861,0.0104171885
1.2361461,0.00028013933,3.5916433,0.10294919,8.150645,1.1206373,42.764477,5.3279382e-05,13.267614,2.5283682,4.089567,82.54738,1.5222495,0.02140385,0.0017469485,0.16986102,1.7293875,0.011618512,0.08851666,0.00953803
1.2871387,0.00029524515,3.0348973,0.08141895,8.5592575,0.91901445,41.31355,5.4730324e-05,12.096125,2.008033,3.560792,63.508778,1.1317809,0.01851674,0.0017248729,0.15505691,1.656913,0.011294732,0.07604133,0.008681183
1.2767025,0.0002551166,3.0848103,0.07718276,8.332886,1.1028078,40.819057,5.0916984e-05,10.993029,2.4940546,3.514941,63.590656,1.354337,0.018719273,0.0018008767,0.13432981,1.4193876,0.009757674,0.071253315,0.00924218
1.2798624,0.00025235256,3.0861173,0.08385205,8.526127,1.1016511,40.60327,5.3004864e-05,11.888432,2.605975,3.3539429,65.31823,1.441471,0.01926849,0.0018205247,0.1336905,1.395928,0.010024616,0.074056126,0.009484325
1.2324482,0.0004281149,6.0845838,0.100664236,8.5781555,2.329939,32.715626,7.332843e-05,18.883934,5.500118,2.8431168,122.17675,2.873505,0.022509817,0.0028346744,0.18419181,2.9531891,0.013858102,0.0902414,0.010869803
1.029564,0.00031225925,4.044912,0.08183976,8.279366,1.7381219,31.60639,5.54861e-05,22.218811,4.03843,2.844461,76.498726,1.9196607,0.020432964,0.0017597456,0.15861371,1.9359354,0.016597552,0.08874237,0.010343692
1.2746564,0.00042870082,5.149945,0.0895262,8.563324,1.9935827,33.62004,6.627647e-05,17.745907,3.9809563,2.9018762,93.9161,2.048777,0.022221047,0.0023065319,0.17075236,2.1489213,0.014763415,0.09106414,0.010905076
1.1851534,0.0003061212,3.7133474,0.117034994,9.1493,1.4078599,31.804478,5.8869584e-05,18.55223,2.8726234,2.3246014,69.79629,1.4743476,0.018895088,0.0016677664,0.16101536,1.5181532,0.012074834,0.09776939,0.0125448685
1.3851826,0.00024584561,3.49847,0.092781276,8.434944,1.3226604,30.075653,5.2362077e-05,14.857262,2.3377295,2.7582474,60.74193,1.2179489,0.018813333,0.0017122469,0.16354015,1.4971066,0.012710295,0.09544028,0.011718054
1.0613657,0.00032253278,3.689014,0.08047382,9.169643,1.7108998,33.73743,5.7464145e-05,21.662424,3.8386636,3.9216435,65.972206,2.0859191,0.019517489,0.0020513728,0.15460093,2.1082644,0.016861973,0.07949621,0.01114894
0.9312779,0.00030729006,3.6963809,0.08956305,9.127581,1.6359177,29.853409,6.0789454e-05,25.157352,3.2752469,2.4406724,61.760597,2.0483797,0.019479966,0.0018868229,0.17088512,1.9290222,0.0144164385,0.08348413,0.011848797
1.2963198,0.00022664387,2.5597658,0.08676109,7.5352015,1.0369905,37.556717,4.389523e-05,13.116039,1.7711917,2.381998,61.306427,0.86775917,0.015311097,0.0008312081,0.12252362,0.9540732,0.008730516,0.07949879,0.008125183
1.2044901,0.00022158597,3.6047153,0.083420016,9.712523,1.8021088,44.16718,4.4502784e-05,22.523596,3.735631,2.5671108,70.62547,1.3025705,0.0189487,0.0011564392,0.14104673,1.3330232,0.014146228,0.12905881,0.016344665
1.2300776,0.00017398561,2.1963973,0.100886114,9.197737,1.2119126,44.32962,4.694646e-05,16.767708,1.9050965,2.1160038,44.24529,0.8897334,0.014985911,0.0009980343,0.13388807,1.0144374,0.009997881,0.07912385,0.00998353
1.3848952,0.00023077885,2.7566118,0.07128032,8.853421,1.1838112,42.554813,4.477091e-05,17.049023,1.6985214,2.260303,66.250656,0.61373365,0.01759048,0.00056923315,0.14451748,1.0715461,0.010656361,0.08363144,0.010131277
1.3074615,0.00013096427,2.2042942,0.061187427,8.17614,0.94834554,38.08206,4.2114316e-05,12.435906,1.5084605,2.3169336,43.90253,0.5861299,0.01290854,0.00070193823,0.12445082,0.88349015,0.009882035,0.09163534,0.008664638
1.361662,0.00016545037,2.4840508,0.060199525,8.921619,0.9082552,39.89843,4.2387404e-05,15.101425,1.5961635,2.1942081,53.856735,0.6576833,0.01605009,0.00078917685,0.13822708,1.1042945,0.009745984,0.0810896,0.008628936
1.3422611,0.00014986195,2.3014004,0.06893659,7.8862,0.8519069,30.658886,3.6357986e-05,12.069101,1.4831244,2.1858401,49.55698,0.5943658,0.015417819,0.0006987204,0.104634285,0.9352255,0.008729914,0.081399165,0.0076683806
0.7875714,0.00021537524,2.4449525,0.05632062,7.000552,1.2676152,22.855482,4.302357e-05,13.409421,2.4246852,2.2955794,48.7599,1.1300972,0.013110508,0.0013450887,0.098250456,1.1240067,0.009779321,0.07704269,0.008632441
1.3037193,0.0003723954,3.3238075,0.088879265,7.2299232,1.5631776,32.379124,5.4374406e-05,4.3859944,2.736277,1.926429,79.03289,1.1638504,0.024778292,0.0019176323,0.12497336,1.4995186,0.0101850405,0.07781924,0.00974307
1.4001155,0.00019763754,2.5670307,0.09743224,9.153507,1.1213229,42.28336,4.76455e-05,14.577807,2.0903137,2.3014662,48.894665,0.74483,0.01576827,0.000942394,0.14566302,1.0116627,0.011148562,0.096053556,0.010030931
1.3324406,0.00024060316,2.4745905,0.08032744,9.182336,1.2224851,42.666363,5.00251e-05,15.976483,2.0322895,2.263672,56.02166,0.8877851,0.0183513,0.0008897658,0.17452215,1.058402,0.011852575,0.10613924,0.011508866
1.3988833,0.0002044059,2.6459217,0.06045371,8.879978,1.1645745,43.548893,5.6915243e-05,13.497099,1.7219688,3.106755,53.005672,0.77442306,0.017484738,0.0010431416,0.22041112,1.0040728,0.013935057,0.14019726,0.01314701
1.0519727,0.00022865956,3.2218604,0.05583672,8.107633,1.3367263,32.49927,4.739157e-05,11.728341,2.6569805,3.8509896,57.12378,1.2998484,0.015256425,0.0013564266,0.16169234,1.4987801,0.012555571,0.077751875,0.010190029
1.3682275,0.00023965065,3.3647137,0.08276616,10.16583,1.2977529,49.685074,5.5739252e-05,13.611562,1.9257003,3.156283,88.00081,0.89758134,0.01656232,0.0011013502,0.1893407,1.1766955,0.011199417,0.10248669,0.011757885
1.320791,0.00022821131,2.506624,0.07848957,7.2215443,1.0119587,35.85572,4.8801183e-05,10.716958,1.4666767,3.1250162,49.840794,0.86289996,0.01672236,0.00092131755,0.1543361,1.0622642,0.010806689,0.09038433,0.010718163
1.3727807,0.00027861787,3.7733762,0.069585465,8.994374,0.9920726,38.210514,5.7148536e-05,14.1781845,1.824835,2.6871843,80.010445,1.0731211,0.01766283,0.0013452474,0.13708626,1.6729095,0.009905409,0.07293425,0.008671785
1.3027248,0.00018302098,3.361745,0.060589463,7.5372195,1.2979751,40.87231,4.6597695e-05,11.133037,1.9859618,2.6763654,72.432,0.89315426,0.014855388,0.0009863329,0.13587658,1.0416981,0.011653619,0.10143115,0.011016948
1.115303,0.0002207949,3.0997193,0.057218343,7.916474,1.1925372,37.72223,4.046888e-05,12.042379,2.3482533,2.9885824,67.83867,0.9815172,0.015664063,0.001186068,0.12267164,1.1323516,0.013206956,0.09637577,0.009758998
1.3221577,0.00018562861,2.499057,0.039660838,7.440385,0.82248235,30.724556,3.9751645e-05,12.464968,1.5323073,3.7427597,47.46106,0.7913118,0.012789512,0.0008486231,0.1079026,1.1342446,0.009731803,0.06846604,0.00672455
1.2322152,0.00018804485,2.622449,0.05754466,9.326514,1.0246726,44.993362,5.1494117e-05,13.076089,1.5030092,3.6419725,61.417393,0.89723754,0.014621158,0.0008189726,0.16052447,1.0245656,0.010797421,0.10316387,0.010395051
1.3684814,0.00020971653,2.659547,0.04705984,7.790496,0.90481544,38.22139,5.0192404e-05,12.445738,1.583353,3.4949563,63.56635,0.76172185,0.014062117,0.00092235144,0.14679894,1.16791,0.009159263,0.06945671,0.007784207
1.2135478,0.00022177292,2.8223503,0.058934167,8.625641,1.0366774,39.464294,5.2350824e-05,13.714669,1.435564,2.6130667,56.969505,0.7600234,0.016032154,0.0007031644,0.17036143,0.9489459,0.0118473405,0.11105223,0.01104029
1.1103898,0.0001998041,2.2581651,0.05550235,8.909795,1.1005087,40.54768,4.497557e-05,10.990177,1.6905042,3.1338694,46.31554,0.9343006,0.015145076,0.0012046698,0.15158427,1.0358641,0.010974606,0.08737486,0.010485912
1.2615304,0.00026440562,3.252595,0.0837543,7.707457,1.0939003,39.861794,4.8678216e-05,10.443866,2.1633642,3.186531,70.44511,0.99220234,0.019487306,0.0014716155,0.13728327,1.6140618,0.010773975,0.06872663,0.00959955
1.1647953,0.00019529971,2.2513263,0.044302996,6.996997,1.0784926,37.95581,4.053904e-05,13.78365,1.3789082,3.137552,50.487957,0.5894568,0.010994921,0.00053616834,0.12937152,0.99420404,0.008206588,0.084632546,0.006294291
1.330203,0.00015034061,2.3898885,0.04534088,8.612173,0.9241881,48.983803,3.776423e-05,12.352369,1.2333618,3.2550225,66.138824,0.50170416,0.01465654,0.0004448135,0.13136733,0.7091043,0.010651569,0.08991558,0.0087765055
1.5558798,0.00022506357,2.284916,0.075578645,11.002464,1.0983707,61.74208,5.179159e-05,11.949904,1.8353086,4.689574,56.64563,0.81263864,0.017352752,0.0012873417,0.15790115,1.0606122,0.010507551,0.10692815,0.010774376
1.3207887,0.00023411389,2.8736315,0.078233965,9.739516,1.2393775,46.805023,5.3378102e-05,14.718306,2.0160656,2.8481624,68.87786,0.9295961,0.018165432,0.001362786,0.16046615,1.2417539,0.010791561,0.09315781,0.010776436
1.2429689,0.00021980658,2.5400937,0.09296457,9.48908,1.0904359,43.498463,5.035323e-05,13.266472,1.719487,3.777912,56.80826,0.7776359,0.018690975,0.0013144148,0.1372517,1.1754258,0.0091823675,0.08333134,0.009063828
1.1964873,0.00022298796,2.5759792,0.082074694,9.467816,1.0729862,40.915604,4.844147e-05,12.391877,1.746698,4.1683393,55.77821,0.8021871,0.018146135,0.0011683102,0.14259927,1.2420449,0.009111751,0.08288898,0.008805083
1.3255055,0.00028783557,2.488067,0.062516525,10.855584,1.1998574,58.465557,5.469855e-05,12.172033,2.1967354,4.0786204,65.23465,0.83478105,0.013768649,0.0012747127,0.14116208,1.2126112,0.00732815,0.075303875,0.0076385182
1.4313717,0.00029617612,3.1881845,0.08740346,10.584473,1.1845907,63.748615,6.132647e-05,13.023555,2.3637033,3.763575,69.39446,1.1583215,0.019355431,0.0016713063,0.17893262,1.4257374,0.010411089,0.088704385,0.010729696
1.4774412,0.0002424623,2.7666962,0.08689512,10.226661,1.0531272,56.79048,5.2005416e-05,11.831917,1.6765242,2.9641833,61.274517,0.93726414,0.016678648,0.0009119859,0.1545957,1.1205263,0.013319951,0.08414194,0.011854307
1.2975444,0.00019845893,2.5177057,0.09029064,9.761741,1.0651293,51.93914,4.8292644e-05,15.1721,2.0480232,4.7537932,56.69627,1.0587832,0.017918287,0.0011260042,0.14810184,1.2427949,0.011884162,0.09396998,0.009449842
1.3477641,0.00020688616,2.6248548,0.066916645,9.393343,1.0259631,50.654476,4.8473106e-05,11.234626,1.7459973,3.9341428,56.876213,0.75663775,0.016201464,0.0010389914,0.1433821,1.1044037,0.00949054,0.0763285,0.0092664985
1.3401849,0.00018558645,2.2137,0.07715444,10.162576,0.91351455,57.74321,4.8734913e-05,13.041863,1.6667714,4.4907823,49.08808,0.9070633,0.016753616,0.0011861044,0.14205095,1.0091511,0.009140052,0.0861059,0.009573518
1.3421667,0.0002672634,3.3650846,0.05982263,9.259594,1.5562977,54.725754,5.9292e-05,15.030123,2.8224454,3.2973835,76.25889,1.0882943,0.019017795,0.0012521637,0.1953153,1.24393,0.0130906105,0.101900846,0.01339693
1.3578775,0.00016896501,2.2932572,0.055928387,9.427461,0.89215887,57.904083,4.691982e-05,10.770334,1.5070773,3.3622499,51.30765,0.70327383,0.015512305,0.0007539777,0.14700752,0.8744563,0.00893303,0.081463225,0.00872279
1.3422457,0.000275445,2.852551,0.089284055,10.046238,1.2091877,56.824074,5.7524532e-05,16.52791,2.5572827,3.7439053,63.622932,1.1877755,0.019646702,0.0014425771,0.1694648,1.3983288,0.010848592,0.09181906,0.00993936
1.328419,0.0002172242,2.4911568,0.07343363,9.673773,0.95740193,45.535835,4.967473e-05,12.813614,1.76034,3.8570988,54.39132,0.84525585,0.016052945,0.0010094662,0.14164239,1.128337,0.009703302,0.07584655,0.009415403
1.3880665,0.00018913831,2.5990496,0.05958593,9.529857,1.3068258,53.456196,5.013263e-05,11.701312,2.339787,3.560872,56.273357,1.089834,0.014501821,0.0011999933,0.16121843,1.0627362,0.011289957,0.10597878,0.011659927
1.4247345,0.00019245262,2.8172774,0.057676166,9.540279,1.1744319,57.667847,4.853962e-05,12.724213,1.9063402,2.8726888,56.76112,0.7046794,0.01419707,0.00091009017,0.13431887,1.1190412,0.011088021,0.085095026,0.009347349
1.2745434,0.0002354689,2.7033358,0.06903088,9.139416,1.2852606,50.63089,4.892101e-05,14.249143,1.9254899,3.0509017,63.225292,0.9817905,0.015466344,0.0009287107,0.14560889,1.1150801,0.009666132,0.082024224,0.008527037
1.3627521,0.00019658459,2.7450616,0.06293064,9.425165,1.2815745,59.001575,5.2739102e-05,11.695289,2.2254288,3.5949109,64.560585,0.99214077,0.01659554,0.0010392357,0.17417885,1.0686007,0.010703577,0.09951422,0.011352521
1.3674847,0.000228073,2.4627693,0.09300408,10.12766,1.0581155,59.243237,4.6451794e-05,13.743792,1.9285926,3.7072873,58.49212,0.96086776,0.022553423,0.0010888646,0.17011349,1.0743134,0.011154258,0.09278914,0.011470759
1.3808144,0.00021252813,2.5549073,0.09627212,9.532175,1.0118836,53.088814,4.9058952e-05,12.68083,1.6757817,3.6801155,58.230892,0.8423201,0.02038533,0.0010086595,0.15848126,1.0374914,0.0114291245,0.08737656,0.0106754135
1.5036876,0.0002255252,2.5939698,0.06254183,10.071585,1.201455,59.180992,5.509873e-05,15.267576,1.8422914,3.2188916,50.880264,0.7132914,0.014292307,0.0008788095,0.15966128,1.0352815,0.012569105,0.100558355,0.010520803
1.3585199,0.00020285539,2.2806816,0.079258084,9.4920225,1.0132816,53.166534,4.493178e-05,13.4464245,1.8594049,4.431706,50.989967,0.99238676,0.017513674,0.001106606,0.1458715,1.0897477,0.011113964,0.09594309,0.009831889
1.3991041,0.00016922067,2.309551,0.06781335,9.751668,0.9884099,55.137886,4.7025354e-05,11.946979,1.5120213,5.0101886,49.16907,0.7018264,0.018300278,0.0011060536,0.14643009,1.0516529,0.010461055,0.09540444,0.010624989
1.3949666,0.00019742874,2.5227084,0.067083284,9.545543,1.020918,57.24436,5.0985404e-05,11.023598,1.6247375,4.3621044,53.46563,0.6819489,0.018518718,0.00091504375,0.15894404,1.092106,0.010315919,0.09578015,0.010717718
1.1855079,0.00018519716,2.3432646,0.04401147,9.026397,1.2489965,55.31479,3.8986753e-05,10.076189,1.9731475,2.4834247,54.615868,0.8667865,0.013321994,0.00073338655,0.12882018,0.812969,0.008146511,0.09211485,0.0077674664
1.5349559,0.0002843631,3.2209754,0.08472112,8.621909,1.1632152,38.716064,6.3308835e-05,17.102549,1.6978924,3.4470315,69.52121,0.7813387,0.021843677,0.001081135,0.22177388,1.1287149,0.013618187,0.13297218,0.013409908
1.3251936,0.00020194196,3.0052707,0.057809565,8.753412,1.0742052,47.125328,4.177475e-05,19.250511,1.374691,3.932745,56.88259,0.6963491,0.011929518,0.0007988175,0.16363247,1.0589905,0.009796126,0.06491945,0.009889322
1.3555117,0.0001911653,2.6303358,0.060259797,8.641876,0.8854286,47.322754,4.1364696e-05,16.04485,1.1408114,3.8553085,53.079254,0.62811464,0.010532455,0.00054180494,0.15980639,0.94110024,0.009204774,0.06639325,0.008640999
1.5413202,0.00017630578,2.9505956,0.06320201,7.9647117,1.0439662,33.56073,4.818181e-05,14.897055,1.2158358,3.7214262,59.95891,0.5180359,0.018386474,0.00077597774,0.15108828,1.0056156,0.011094839,0.08677202,0.00999696
1.3387668,0.00013211167,1.4453677,0.063656315,8.025956,0.8135032,42.45179,3.477213e-05,11.462924,0.97372395,2.544985,30.70543,0.20925179,0.013421404,0.00034514433,0.08773092,0.5210802,0.008508734,0.09025512,0.008476185
1.2719684,0.00014897651,1.972715,0.058694914,7.8015256,0.94219214,42.11252,3.6195845e-05,11.277466,1.3281869,2.850595,42.415302,0.46672127,0.011071799,0.0005049393,0.098109625,0.75884575,0.008135759,0.07935597,0.0082609905
1.3705171,0.0002562536,2.9093497,0.07616077,8.101058,0.99807847,37.71734,4.904736e-05,16.438313,1.3536465,4.3632965,56.729267,0.8704188,0.015286158,0.0011243051,0.16579673,1.364609,0.011526497,0.08365887,0.01024262
1.3587264,0.00020290184,2.7108676,0.08067698,7.744505,1.1192286,41.283905,4.364091e-05,15.470412,1.6144888,3.282852,55.847538,0.6112445,0.013704645,0.00080409663,0.12847169,1.0265938,0.010827902,0.08890727,0.009282578
1.2912688,0.00017022657,1.8763651,0.07689059,9.793055,1.0271045,42.617126,3.6806137e-05,14.365175,1.2504103,1.7530202,39.757244,0.5244367,0.015032111,0.0008205697,0.097705215,0.71926445,0.010555233,0.10432339,0.011503563
1.3188897,0.00016231225,2.3616257,0.060103912,7.9088817,1.0666742,42.764107,3.825156e-05,14.666062,1.3040282,3.3197224,55.774723,0.7039145,0.012843008,0.0004812634,0.12537932,0.7311859,0.009836061,0.08517762,0.00906234
1.2926348,0.00016639513,2.4249651,0.06425978,7.2358904,1.0012486,41.505733,3.5623303e-05,15.629517,1.25287,3.5534313,57.954018,0.6504289,0.013009924,0.00046717402,0.11887451,0.7950613,0.010096643,0.07401252,0.008626065
1.5530766,0.00021909496,2.8590631,0.08634017,7.897162,1.2688355,31.790323,5.3628955e-05,16.38933,1.5928751,4.094087,59.41485,0.6972871,0.019621635,0.000894881,0.15307826,1.1172268,0.012473855,0.113724984,0.010428209
1.3783392,0.00023517814,3.1735249,0.084456936,8.400065,1.2547315,42.961914,4.5115987e-05,18.07143,1.7097207,3.528282,61.2012,0.88709074,0.016338998,0.0010472939,0.1613735,1.1205945,0.012949861,0.09218934,0.013168215
1.3642772,0.00016632628,2.4989874,0.057834134,9.049873,0.7798129,39.348755,4.110767e-05,17.975487,1.1856827,4.01708,47.365826,0.6828248,0.011691643,0.00075497874,0.14190286,0.9703362,0.009556608,0.060938034,0.0094392225
1.2660992,0.00015616283,2.2800298,0.05808904,7.0905023,0.9457102,41.95123,3.4670054e-05,13.916251,1.1633683,3.7057998,55.828434,0.5831738,0.011846417,0.00034809706,0.11390608,0.76621747,0.00924372,0.0716046,0.008252328
1.3644036,0.0002187361,2.252606,0.08493373,8.07527,0.82403755,42.459988,4.4572942e-05,16.174099,1.2741333,4.2255416,50.36906,0.65239,0.012904452,0.0008879461,0.14791125,1.0731691,0.009111146,0.051271923,0.008518396
1.3647166,0.00015708568,2.3425674,0.06556082,8.518597,0.98597026,42.785046,3.858748e-05,15.496558,1.1228719,2.7951217,55.876816,0.6189768,0.0126535455,0.0005865549,0.124025024,0.7130589,0.009887042,0.10186758,0.009491226
1.3264483,0.00019429345,2.534057,0.0526945,7.260836,0.97946113,46.06454,4.014856e-05,11.483942,1.3079165,3.2750537,52.957325,0.5672504,0.012250941,0.00073083356,0.128006,0.9219046,0.009180448,0.07193033,0.009067899
1.3542058,0.00020911952,2.6477478,0.06440036,7.9343467,1.0392467,44.5833,4.2135278e-05,14.476531,1.4070464,2.9162152,53.295937,0.6526826,0.012178685,0.00076752715,0.13743277,0.9342717,0.010880048,0.08624932,0.010324774
1.4171566,0.0002380876,2.7859015,0.089732595,9.720193,1.1979201,45.831993,4.689228e-05,19.672014,1.6480327,3.8927116,57.476982,0.8735256,0.016501691,0.001205762,0.15500322,1.0914336,0.010387931,0.09265813,0.010645522
1.2956675,0.00019882093,3.0114348,0.064154275,8.807198,1.025131,44.001747,4.677568e-05,17.549734,1.3215173,3.1988232,55.418858,0.71346194,0.01338882,0.00071448955,0.16616978,1.0167726,0.010145214,0.07420611,0.010693225
1.3215287,0.00022722583,2.541157,0.07715207,9.89474,1.0476702,41.39806,4.630355e-05,19.704716,1.8084608,5.02941,55.110687,0.9267535,0.017535029,0.0013661449,0.14857817,1.2090015,0.010923783,0.07868813,0.010407083
1.24395,0.0001755826,2.425964,0.05787375,7.21143,1.0004469,37.0899,4.1377567e-05,11.698195,1.5404906,3.2549703,49.58188,0.6730427,0.010283531,0.00041581315,0.13744855,0.85102177,0.00935323,0.08094048,0.008604554
1.294638,0.00014750796,2.2110562,0.054060414,7.54003,0.9622512,43.911808,3.431617e-05,14.534615,1.1221645,3.5698683,55.344357,0.59108526,0.011589547,0.0003672656,0.116897054,0.73716736,0.009138493,0.07428348,0.008187307
1.3553091,0.0002063636,2.2738194,0.06713615,8.824768,0.8765716,47.086487,4.4754317e-05,13.758605,1.2800651,4.789885,54.946293,0.6714452,0.013852436,0.0006149553,0.1372742,0.9186219,0.008764876,0.07899979,0.008476001
1.303772,0.00019668661,2.7260394,0.065444276,8.307775,0.8683547,44.052628,4.172405e-05,17.479567,1.2288237,3.5053992,56.17527,0.77888066,0.012527827,0.0006467774,0.1557777,1.0991931,0.0118261315,0.069479875,0.011165154
1.274045,0.00021170017,2.8268485,0.06795574,8.378365,0.92824954,42.045258,4.602642e-05,15.537286,1.2808629,3.6469572,55.0044,0.75249577,0.0126439845,0.0007200211,0.15643534,1.0947462,0.009314646,0.06674061,0.009410957
1.337425,0.00017053164,2.4867313,0.053716864,8.685405,0.78264874,40.826187,3.8764505e-05,16.469116,1.1689955,3.8145046,49.972084,0.6718414,0.01089859,0.00065187394,0.14044876,1.0013961,0.0090044085,0.05597922,0.008785784
1.3868443,0.00020623878,2.7682226,0.086417355,9.0403805,1.1869496,46.14798,4.4496184e-05,18.128876,1.4757036,3.9042282,56.476284,0.76091814,0.015126407,0.0010022662,0.1613617,0.95348114,0.011031328,0.09813282,0.0121654635
1.4408102,0.000212785,2.8646336,0.08043408,8.545803,0.89961445,31.825981,5.575456e-05,15.62523,1.1566937,3.2660177,51.32486,0.61228746,0.018005257,0.0008519291,0.16700105,1.0108763,0.014066756,0.12861772,0.01083761
1.3750647,0.0002289134,2.6615617,0.074575014,8.099673,1.1306912,38.94125,4.576805e-05,16.552174,1.8036692,2.4816346,52.04158,0.7156215,0.011540003,0.00069232547,0.17136152,1.1195257,0.0097738635,0.080852196,0.008985611
1.3958535,0.00020386929,2.6686928,0.07325547,8.100256,1.2223701,41.981754,4.4947818e-05,16.696768,1.6893352,3.2613113,57.814056,0.7782686,0.01179208,0.00059991993,0.16596879,0.87882406,0.010430239,0.100825794,0.0101248175
1.2328433,0.0002145013,2.3533158,0.06810724,9.530918,1.0256497,38.96909,4.556196e-05,19.044687,1.7872031,4.7083936,47.518234,0.8754208,0.01707828,0.0014046748,0.13261478,1.0483233,0.009216022,0.069921896,0.009103077
1.2915801,0.0001995503,2.3567474,0.05721182,7.573246,0.8240516,38.8849,3.8953112e-05,11.017057,1.1525711,3.4135306,46.83275,0.45893148,0.017533896,0.0005045773,0.13593255,0.9225398,0.011326811,0.06732446,0.007835777
1.2153715,0.0001983884,2.4403477,0.058950294,8.009382,0.96165323,30.398672,4.4119934e-05,15.497835,1.3553544,2.9297535,47.804943,0.585155,0.012721332,0.00060945575,0.1202105,1.0468204,0.011418735,0.07060363,0.007205562
1.3857869,0.00018972278,2.2302282,0.08065276,9.023517,0.811854,46.82558,5.0766255e-05,20.44929,0.9359279,5.336544,49.652985,0.48003736,0.013624123,0.00077638944,0.16014495,0.94479734,0.009633724,0.0905339,0.009611027
1.4233516,0.0002425749,2.4692168,0.10166594,9.030606,1.0973821,39.24897,4.3915734e-05,20.339046,1.9025693,2.0393467,45.95266,0.724856,0.014270407,0.0008934469,0.16400377,1.1349827,0.012140948,0.095111504,0.010097074
1.3603792,0.00019899632,2.5261374,0.08520137,8.235949,1.0593618,40.8077,4.161813e-05,14.289841,1.4750773,2.035907,57.161175,0.6408707,0.015659481,0.0010925366,0.10284065,1.0869148,0.009785993,0.08543289,0.009491
1.411297,0.00021918029,2.8981376,0.07715715,8.054383,1.225901,42.77133,4.6612968e-05,19.577757,1.6769274,2.9886549,61.584793,0.7416457,0.014478265,0.00069106015,0.17077772,0.92662,0.012325392,0.09477206,0.0099896295
1.3136184,0.00015547028,2.1012821,0.06471864,8.666149,0.8222882,42.399605,3.400447e-05,13.058033,1.1790997,2.878618,46.591812,0.46339363,0.011783113,0.0005780624,0.09182632,0.73249245,0.009013933,0.080620065,0.00770455
1.3026544,0.00016635473,2.1855729,0.0583632,8.216969,0.9833832,42.852104,3.7192764e-05,13.885057,1.374905,3.3564448,51.683308,0.54115206,0.010988951,0.0007557021,0.10021207,0.8852287,0.007085001,0.071299024,0.0065272287
1.3344997,0.00017263442,2.2970953,0.07393128,7.923108,1.0361881,40.86627,3.9473725e-05,15.1674385,1.290086,2.4332001,47.95684,0.4156241,0.012739465,0.0005421833,0.119498946,0.7113199,0.010881399,0.09304225,0.010568785
1.2470436,0.00020349289,2.395034,0.050835352,6.613368,0.9442095,38.06886,3.6327896e-05,12.5015,1.2933066,3.0053515,51.818356,0.55961394,0.012450028,0.00067749846,0.105475895,0.9677348,0.008123564,0.060628355,0.00725971
1.3033261,0.00020910215,2.8402948,0.05722655,6.595892,0.9590891,40.19582,4.3000782e-05,12.09884,1.2757027,2.8812966,56.572044,0.55152017,0.013809228,0.0006748146,0.14132383,0.97754323,0.010176708,0.082525544,0.0094191255
1.2756871,0.00018805644,2.642124,0.061820313,7.164922,1.0886183,38.70146,4.0491166e-05,14.014689,1.5395714,3.2300162,54.470654,0.7662437,0.012843201,0.0005973279,0.12511781,0.8978359,0.009937008,0.081321895,0.009230725
1.3364062,0.00022073937,2.5607762,0.05732324,9.00713,0.9208283,45.0994,4.8699247e-05,14.612207,1.0923839,3.5708334,51.799034,0.63535726,0.012345259,0.0007135371,0.16366498,1.0136527,0.0074840956,0.070737325,0.007336255
1.3719712,0.00014958237,2.5295875,0.04879288,7.5965776,0.94187653,30.163607,4.356985e-05,10.451026,1.0540997,2.7763462,51.70217,0.5803531,0.019681552,0.0006158718,0.15968041,0.9196095,0.013456417,0.12818776,0.011595185
1.222359,0.00022129316,3.232814,0.09208109,6.581528,1.0433798,40.642418,5.116497e-05,14.835367,1.684745,2.7589538,60.60948,0.7607847,0.017830841,0.0009296345,0.14185466,1.3570225,0.013707646,0.08771273,0.012300831
1.3029653,0.000211913,2.5618935,0.06944313,9.009286,0.9199494,44.180264,4.9634717e-05,15.356828,1.3308095,4.8478136,56.817554,0.7210661,0.015345007,0.0009088271,0.15452723,1.1142813,0.008975928,0.08501529,0.008327056
1.2776612,0.00022767799,2.6157005,0.07595504,9.290708,0.9370215,43.136547,4.564213e-05,14.957639,1.597835,4.386165,53.011173,0.8381919,0.01841078,0.0009995619,0.13567497,1.1257508,0.009069303,0.06852542,0.008196581
1.3503554,0.00020813741,2.1914625,0.07794878,10.079458,0.9054433,43.578754,4.4367127e-05,18.643896,1.4660438,5.21138,52.256657,0.77426887,0.016709674,0.0011195972,0.13806117,1.0158114,0.009295433,0.07736215,0.009276801
1.2036961,0.00021712207,2.7667725,0.100529686,6.4587007,0.9764141,40.088615,4.861404e-05,16.369469,1.4135792,2.9144151,55.59464,0.67370147,0.016002074,0.0007236381,0.13886574,1.1288418,0.013761165,0.08862605,0.012853435
1.1891072,0.00020543026,2.8298404,0.0940842,6.381961,1.0053304,39.08177,4.872263e-05,16.125624,1.4960892,2.8783023,56.958614,0.77772886,0.015775658,0.000886333,0.13795584,1.2038624,0.0144149065,0.08842061,0.012958492
1.2810758,0.00017411618,2.1681542,0.061437856,7.869476,0.974449,39.47398,3.424955e-05,13.0025215,1.2460269,2.2063124,47.251457,0.49962127,0.01292745,0.00059793,0.09276025,0.77538604,0.009145022,0.076734364,0.0088840285
1.3783234,0.00017498675,2.0024235,0.05034916,11.672669,1.0600227,66.05598,4.655345e-05,13.7001705,1.5457393,3.5156808,54.85053,0.67583925,0.013107286,0.0006348731,0.14636244,0.8000537,0.0096811205,0.099082656,0.009446845
1.3677801,0.00017682996,1.9963576,0.050183356,11.735388,1.0338912,65.32541,4.642194e-05,12.742289,1.5475255,3.511998,54.30487,0.70664066,0.013150664,0.0006076981,0.14762966,0.82693833,0.010042492,0.098802,0.009735642
1.4083576,0.00014430471,1.842093,0.05181028,12.375834,1.0084658,59.328716,4.4939075e-05,12.810356,1.4504915,3.8863428,53.44134,0.61439705,0.011406774,0.00074224017,0.12669778,0.8019862,0.009904177,0.09433001,0.009215364
1.1803442,0.00015821499,2.1235225,0.043806594,7.4940677,0.9986343,30.000956,3.7300553e-05,12.982803,1.4939399,1.3094215,40.183403,0.603142,0.0115909465,0.0008231287,0.07493345,0.78420883,0.009228861,0.08269661,0.00724428
1.3198644,0.00024382352,2.5670846,0.072042,9.749323,1.0688343,52.268646,4.8161673e-05,14.294438,2.1358366,4.352463,59.151783,0.938322,0.017468696,0.0013818715,0.14491977,1.1564482,0.009475092,0.081477456,0.010475076
1.1970912,0.00019185549,2.18378,0.04358652,9.773389,1.1189549,47.932766,4.1035095e-05,11.708634,1.7912632,4.471848,46.29845,0.8324632,0.012341231,0.00094603153,0.122567244,0.8588399,0.007856112,0.07935074,0.008096164
1.2555476,0.000217314,2.3132472,0.07019758,9.929229,1.224569,52.255283,4.8414557e-05,14.0661955,1.9009513,4.175321,54.61944,0.8653877,0.01521497,0.0010849765,0.1408641,0.9166005,0.009303135,0.103172086,0.009682409
1.3170195,0.00017973618,2.37751,0.07101556,10.060804,0.9087055,47.606815,4.4028508e-05,13.816609,1.6246154,4.739946,52.234154,0.73544514,0.015958397,0.0012908988,0.1280349,1.0210739,0.00897031,0.0813446,0.010039532
1.2874459,0.00025609793,2.335023,0.07378334,10.487967,1.2771384,47.200108,5.233417e-05,17.3513,2.2765548,3.8856294,64.5197,1.0034399,0.016534798,0.0013514304,0.14866425,1.1445822,0.0099027315,0.09485622,0.009604853
1.3248171,0.00022243967,2.2113721,0.06976933,9.37309,1.0519252,47.92503,4.589935e-05,12.472518,1.8939236,4.5605803,56.251873,0.7779754,0.016201267,0.001067788,0.13119595,1.0443132,0.009219483,0.099132515,0.00890429
1.3591032,0.0002691624,3.038338,0.08236986,8.90644,1.2252575,53.187527,5.3368552e-05,16.279606,1.9664009,3.683746,61.868233,0.7685671,0.019505197,0.0010627541,0.16615678,1.1576492,0.011801071,0.10398794,0.0114963865
1.3813736,0.00022603993,3.0297348,0.06574869,9.22839,1.0983462,53.71908,5.1823245e-05,13.936512,2.057182,4.301448,58.300625,0.9353933,0.01820554,0.0011670676,0.15696011,1.2401581,0.011294146,0.08856316,0.011247001
1.4146726,0.00018543354,2.3634267,0.069141306,7.7500076,0.97710294,36.81542,4.1231182e-05,14.010166,1.487063,4.1363587,43.589893,0.75413924,0.015709506,0.0008564189,0.12861453,1.0369076,0.010284008,0.08510012,0.009632606
1.4325315,0.00020159115,2.4477103,0.07665934,7.3028135,0.9469423,38.319115,4.355245e-05,14.256055,1.5416876,3.8728063,45.828747,0.8259235,0.016504413,0.00085845403,0.12986626,1.0926603,0.010873915,0.09261942,0.009925768
1.4336249,0.00020440471,2.5207167,0.07046973,7.7380877,0.9574054,36.004955,4.3295047e-05,13.176033,1.5472884,4.7663503,46.732533,0.813306,0.01630842,0.00091697654,0.14162493,1.1591296,0.009892758,0.084751725,0.0095704105
1.4115919,0.00018337491,1.8098422,0.06123241,10.385533,0.9103746,53.216602,4.2664484e-05,12.754042,1.371183,4.536409,53.76909,0.55501103,0.014712247,0.00061582116,0.13305198,0.83259857,0.010650279,0.09776341,0.009558731
1.4096711,0.00018775073,2.5493798,0.07330314,9.269003,1.249078,52.47182,5.085011e-05,13.05172,2.1714318,4.088879,58.98312,0.84086794,0.012916881,0.00113249,0.16491766,1.0146556,0.013586766,0.110468276,0.011972327
1.1505812,0.00020785944,2.3993723,0.08678772,6.5143375,1.0538658,30.49556,4.211873e-05,14.649075,1.7433692,2.1452854,44.774826,0.65183896,0.015147328,0.0011403996,0.08212845,1.007688,0.008758305,0.09439036,0.007976947
1.1505812,0.00020785944,2.3993723,0.08678772,6.5143375,1.0538658,30.49556,4.211873e-05,14.649075,1.7433692,2.1452854,44.774826,0.65183896,0.015147328,0.0011403996,0.08212845,1.007688,0.008758305,0.09439036,0.007976947
1.4647233,0.0001371444,1.2434157,0.09573627,9.538774,0.81997657,42.64847,3.8338174e-05,17.925283,0.6247508,1.2867323,36.023422,0.22814669,0.021617666,0.0006895693,0.106867485,0.40581185,0.015109343,0.14231218,0.0142839225
1.440222,0.00015915214,1.1574214,0.054137025,15.125129,0.9113702,55.151955,4.154253e-05,13.322917,1.2695884,5.0408535,54.87718,0.67523587,0.01254383,0.0009544626,0.09216554,0.72597915,0.009964348,0.09095793,0.009268423
1.4050828,0.00016389514,1.240881,0.056912318,15.7267065,0.93944037,57.29895,4.3835214e-05,11.726876,1.392986,5.519365,50.32433,0.74350476,0.01165571,0.0011599397,0.09544256,0.77171683,0.010020294,0.09843516,0.009707778
0.9037067,0.00016050856,1.1819937,0.074253805,3.6909251,0.89694965,16.787956,2.9849294e-05,13.805867,1.4318243,3.479454,52.870594,0.5568668,0.013462092,0.0006280474,0.042923033,0.69973487,0.010165283,0.071831815,0.006962667
1.298336,6.182116e-05,0.4521595,0.05653741,8.975981,0.5990511,42.789997,2.3428664e-05,10.383252,0.5701738,0.9294221,26.65211,0.11662342,0.013458458,0.00027960978,0.03328579,0.2242383,0.008568049,0.088802956,0.0070749978
1.1956203,9.1221154e-05,0.84471554,0.0445568,13.815943,0.9907911,52.06567,2.8094939e-05,13.383177,1.2812208,3.0810401,42.390556,0.56796056,0.011624903,0.0006807448,0.042695556,0.4746469,0.006421038,0.08244017,0.006082108
1.4538504,0.00015131866,1.2499182,0.044420473,14.890726,1.0007647,58.104713,4.1119452e-05,12.554365,1.4013377,4.2885137,50.58397,0.6431906,0.012402022,0.00080951344,0.08560077,0.6561522,0.009230309,0.1018374,0.0086553255
1.388507,0.0001905542,2.4865236,0.07643114,7.8041077,0.8807046,41.31084,3.8273127e-05,11.495757,1.6009022,4.6254516,54.177895,0.9080734,0.012898448,0.0007844501,0.13211678,1.0602249,0.010520679,0.08425186,0.007859401
1.4716865,0.00022872414,2.63307,0.08459864,10.381597,1.0070398,54.24797,5.197387e-05,13.745146,1.9182227,3.8373103,50.02153,1.1177362,0.014436957,0.0012827505,0.16451827,1.111376,0.013521127,0.10604012,0.0121839
1.2584989,0.00029065416,3.1314855,0.08343833,9.016052,1.1987159,39.603256,5.050642e-05,14.594692,2.3150678,3.156713,60.083115,1.1536838,0.019785626,0.0014896734,0.17635125,1.595055,0.012179495,0.083134964,0.009669838
1.3231462,0.00023793119,2.657541,0.054732755,8.953642,1.282627,49.144997,4.7894835e-05,12.976743,2.0423546,4.213502,60.2698,0.884017,0.013530917,0.0009110126,0.15550297,1.0422934,0.009918218,0.08027374,0.00903487
1.4090593,0.00018330649,2.257726,0.07257529,10.425872,0.90559334,51.590748,4.627504e-05,14.440414,1.3592712,5.1235766,51.948994,0.72072744,0.0142433755,0.000638105,0.14530647,0.86066586,0.009853417,0.07971177,0.009283802
1.452412,0.00021885282,2.2040875,0.085989416,10.431785,1.1590093,52.21328,4.1709416e-05,13.94591,1.7697726,2.7740204,56.929283,0.90918213,0.018922193,0.0014551359,0.12675197,0.9219684,0.0121104,0.08783039,0.012080112
1.2463957,0.00034267528,4.4086075,0.09042541,8.510964,1.6734612,39.49915,6.0547663e-05,9.7231245,3.806468,2.3628333,81.98876,1.6273395,0.02386281,0.0022342864,0.13724506,2.0233638,0.0119079985,0.08233279,0.011135388
1.2717364,0.00018658361,2.292964,0.061570156,8.309703,0.753574,36.135082,4.4577566e-05,11.264932,1.514658,4.6106443,49.213,0.879085,0.01500324,0.0008174714,0.14005071,0.99345344,0.008978147,0.07114372,0.007740463
1.4165347,0.00023719175,2.3388598,0.09748841,9.333056,0.98162377,54.47964,4.8245143e-05,11.937143,1.5698123,3.668497,56.281246,0.8315094,0.015811794,0.00084277237,0.15833324,0.93413836,0.011918228,0.10126467,0.010034886
1.429387,0.00022654307,2.4594715,0.064567074,10.21268,1.2081177,53.38374,4.8830167e-05,12.66701,1.859453,4.716654,58.181934,0.9020426,0.012801899,0.0007787406,0.15389507,1.0161605,0.010702817,0.086650856,0.00890314
1.2071943,0.00024203704,4.0706363,0.079379596,7.5673356,1.5732865,38.09422,4.6780242e-05,8.830975,3.4611113,2.4066148,79.264366,1.4790971,0.018369654,0.0019167785,0.07447565,1.5861263,0.009521111,0.06672974,0.008623066
1.1740592,0.00024853242,4.475536,0.06990692,7.2386794,1.6431141,35.135735,4.7925492e-05,8.983651,3.2664597,1.3334957,86.7267,1.4680865,0.0176765,0.0021647061,0.08388679,1.7305714,0.008756427,0.06776775,0.008122439
1.1589515,0.00024489078,5.324418,0.08940073,6.9662457,1.6318388,31.814726,5.1657917e-05,10.771892,3.6510715,1.5876387,100.51373,1.6418965,0.021554643,0.0020669545,0.09867987,2.0342727,0.009741684,0.07062809,0.009843796
1.1936021,0.00029004583,5.6679797,0.07212444,6.8129153,1.7101884,30.934921,5.203945e-05,10.544704,3.5529785,1.7096409,109.186066,1.5957155,0.020516062,0.001986107,0.10044424,2.1678026,0.01042379,0.06912515,0.0085367095
1.1834495,0.0002705632,4.657063,0.077804774,6.9328275,1.54874,31.114958,5.048364e-05,9.237036,3.0019226,2.1935928,90.992584,1.4186158,0.019974612,0.0017871973,0.090089634,1.8942124,0.009447361,0.06457883,0.008007776
1.1867553,0.0002686673,6.3856792,0.07381762,7.634982,1.9467772,35.538082,5.4998192e-05,12.28776,3.9155962,1.5030426,125.28338,1.7127838,0.019034684,0.0023473254,0.118215136,2.3482943,0.012147929,0.08072548,0.010058554
1.2010752,0.0003132175,9.2093525,0.09008,7.724384,2.1820776,33.108227,6.793903e-05,16.724463,4.3126736,1.1542476,169.56583,1.9519764,0.024397206,0.0027553525,0.15782191,2.542195,0.012935213,0.10645268,0.013323278
1.1833702,0.00044555514,9.217606,0.12473867,9.214727,3.345568,43.054707,8.961404e-05,27.053434,7.5760365,1.3602277,194.45366,3.7708185,0.028658226,0.0034421575,0.2499023,4.2701206,0.019935047,0.13939431,0.018629046
1.1649656,0.00027373838,5.4616556,0.07510647,7.5982347,1.8363609,35.83464,5.1760304e-05,10.347665,3.9277184,1.8607695,106.250656,1.6389716,0.018125843,0.0024713378,0.09894128,2.2076645,0.010209408,0.068304285,0.0089473585
1.1245551,0.00025807894,3.7455797,0.07473122,6.9227843,1.2183584,31.543629,4.6413075e-05,9.031358,2.0184958,0.85605675,76.003265,0.93944275,0.022046296,0.0017086901,0.0815715,1.4097725,0.0082558,0.07694848,0.008473663
1.102103,0.00016656275,3.2694502,0.059467796,7.5463357,1.5362114,32.479843,4.4110668e-05,14.760802,2.5329711,1.656005,67.54534,1.0276356,0.015397131,0.0015666578,0.089801624,1.1946777,0.010594399,0.09697591,0.0097692385
1.1384841,0.0003220589,6.1229906,0.07785517,8.006455,1.7467047,40.953903,6.328435e-05,13.634275,4.061853,3.0023265,121.22727,1.9539827,0.022725966,0.0025714226,0.15249173,2.83841,0.011693678,0.0878614,0.011112369
1.1553961,0.00034711027,5.316386,0.08076538,7.7934947,1.7192912,38.375298,5.98263e-05,14.012943,3.867324,3.066404,105.39474,1.7099866,0.020992966,0.0019709477,0.12939546,2.4547424,0.010823211,0.06603096,0.008855834
1.1499853,0.00031138523,5.526155,0.074920446,8.214837,1.7563334,37.438667,6.000182e-05,13.303167,4.02394,2.9515746,105.93302,1.9029324,0.019423863,0.002384422,0.11642416,2.309021,0.010754774,0.07546669,0.009892409
1.2333272,0.00017233593,3.749632,0.05605522,7.8676133,1.5554693,36.218117,4.2572658e-05,10.458691,2.9950945,2.9524698,70.96814,1.1934475,0.016075129,0.0015052326,0.094075516,1.4757545,0.010655903,0.10562018,0.009289615
1.1558526,0.0002507034,4.8918896,0.076228775,7.4963193,1.5806022,35.117306,5.056763e-05,15.529864,3.4493704,3.6297188,97.613304,1.4001455,0.019082315,0.0015328496,0.10454199,2.0030074,0.011936285,0.09980194,0.009768759
1.2356496,0.00030090252,7.487088,0.07494865,7.685301,1.9883252,32.80875,5.6120836e-05,13.785576,3.6039531,1.3235275,142.92958,1.6774168,0.021622175,0.0024494992,0.14253582,2.4582474,0.010940047,0.07717787,0.009973577
1.1127791,0.00025048904,3.7473755,0.079305984,6.531529,1.2706008,29.023394,4.6349553e-05,7.686152,2.2236407,1.0726458,75.6191,1.0248412,0.019678574,0.0017018812,0.072837934,1.5061998,0.008782131,0.07525302,0.007615748
1.1666417,0.00021325638,3.0917797,0.017356755,6.745037,1.1990585,30.471725,4.5872173e-05,11.825832,1.6502596,3.4604628,62.523876,0.33421686,0.012739461,0.0010749804,0.16608597,1.4051894,0.013692779,0.05626693,0.008685553
1.2190992,0.0002266575,2.9389915,0.028495142,6.8375883,1.2102454,31.807985,4.7525602e-05,12.342625,1.595498,3.7065425,59.503326,0.36415938,0.013617849,0.0009688243,0.17686597,1.3504786,0.016800107,0.072318636,0.009668312
1.2018104,0.0002530861,3.0265152,0.037525814,8.132168,1.3106824,38.230583,5.4773358e-05,13.592489,1.7282308,3.7010834,57.3736,0.4994169,0.015141912,0.0011112054,0.22717692,1.3616258,0.020991607,0.1078837,0.011583868
1.208897,0.00022959535,2.9547174,0.02658619,7.411061,1.262059,34.576218,4.897695e-05,12.516349,1.656102,3.7734404,60.542202,0.38506737,0.013556763,0.0010639781,0.19580421,1.3354625,0.017201977,0.077158816,0.010166569
1.3472005,0.00028265658,4.0260205,0.03701616,8.740956,1.5323266,45.32488,6.0206916e-05,11.915944,2.757663,3.7434042,97.119156,0.9579718,0.018696709,0.0017352042,0.22117013,1.8064413,0.021193016,0.10121066,0.011321444
1.38712,0.00034604606,4.092095,0.073031984,10.057614,1.3657372,57.876884,7.168909e-05,11.747348,2.6397,3.551781,90.81144,1.1707442,0.018647686,0.0017496676,0.22802927,1.8465093,0.016728854,0.10141612,0.012167656
1.3063802,0.00037273578,4.351508,0.0780244,8.282784,1.6626933,40.18976,6.634927e-05,12.672845,2.797477,3.3846664,95.84376,1.1023871,0.02107043,0.0018103836,0.22906949,1.6457578,0.008148507,0.10482227,0.008876981
1.3040673,0.00030177436,5.0888686,0.052396238,9.384348,1.4790457,49.46798,6.526326e-05,12.413313,3.0954106,3.3511252,103.89376,1.617077,0.018987099,0.0022271278,0.24817611,2.4984896,0.014172868,0.053467978,0.010875308
1.3810734,0.00030248682,4.0798664,0.09165125,9.241145,1.2576629,51.92098,6.8149166e-05,12.143915,2.6172655,3.5800414,87.517685,1.2145422,0.019074386,0.0019276607,0.23610201,2.280105,0.016575372,0.06425648,0.011523796
1.3244395,0.00031243198,4.71745,0.045131505,9.702737,1.4470373,52.636955,6.662934e-05,11.555623,3.1287854,3.587749,96.833694,1.6071863,0.015818778,0.002102094,0.25159758,2.2816885,0.014688658,0.0675182,0.011915987
1.2663432,0.00031325102,4.819718,0.066422455,8.990969,1.5181646,43.066715,5.7672838e-05,13.68796,3.28313,3.2437005,94.72696,1.4856707,0.020633215,0.001935555,0.20040783,2.559839,0.0140596535,0.035332207,0.009927083
1.3083061,0.00031605808,3.9470325,0.16292322,8.493017,1.3574835,43.748257,5.652884e-05,14.657609,2.687652,3.3374548,83.9705,1.1692241,0.024091454,0.0019787657,0.15060972,1.8451678,0.016400049,0.06543357,0.0117568355
1.3388976,0.0003555427,3.9502523,0.18795744,8.588871,1.4104825,44.415806,5.8773283e-05,12.103091,2.4977458,3.4250722,89.047195,1.0606222,0.026228085,0.00208133,0.17543367,1.6711618,0.016588634,0.0793759,0.012016052
1.3033248,0.00034056537,4.391854,0.116879895,8.793778,1.4795551,45.65616,6.157366e-05,11.913912,2.9366724,3.0981982,97.060326,1.2722126,0.023064889,0.0022215364,0.20795102,2.0596383,0.016521258,0.06036363,0.011152986
1.0917422,0.0002643528,4.1051087,0.10458018,7.559939,1.562896,32.57817,4.292305e-05,12.561606,3.3844993,2.5566118,87.29854,1.0658523,0.018320378,0.0015315964,0.087432995,1.823926,0.01046212,0.044822726,0.008742141
1.2929038,0.00036322867,6.1590586,0.08211939,9.099088,1.9660656,48.879368,7.0336304e-05,13.351623,4.527546,3.3110704,146.69667,2.616924,0.0223446,0.0025478057,0.3095821,3.0034473,0.022180641,0.06943233,0.012940222
1.1128743,0.00025777114,3.534554,0.075508825,6.9332533,1.2022243,25.95218,4.4666253e-05,11.255486,2.564986,3.9887698,66.61995,1.4956232,0.015724871,0.0018189319,0.13220875,1.8417552,0.009186492,0.066010185,0.007800706
1.1086394,0.00022684551,3.031058,0.05918862,6.19236,1.170465,25.264265,3.98199e-05,11.095137,2.292351,4.2118077,59.11686,1.1601765,0.01444175,0.0013971225,0.12613264,1.5229398,0.009693555,0.05538504,0.0067621907
1.062795,0.00021509184,3.1628597,0.06524463,6.4898233,1.32214,21.240677,4.096362e-05,8.666376,2.500169,3.6259263,53.55105,1.1796876,0.01792291,0.0013041338,0.11193726,1.3093183,0.009785763,0.073317364,0.009509238
1.398315,0.00020529324,2.4286048,0.059766803,7.388326,1.1096023,31.042627,4.1764546e-05,10.596834,1.8452113,4.695968,43.150845,0.81144834,0.013492708,0.0012783589,0.106158815,0.9794679,0.010816011,0.08210906,0.009021062
1.0660352,0.00018992793,2.5538585,0.055055737,5.932148,1.1705365,20.773678,4.315936e-05,11.29423,2.0324032,3.9893196,45.497063,0.9130859,0.01111779,0.0011098696,0.108999774,1.1326405,0.008911338,0.08129237,0.007375015
1.0992205,0.00025047164,3.645988,0.069813155,5.172618,1.529534,18.44391,4.512518e-05,6.9103837,3.3831491,4.48525,70.79113,1.6019725,0.013085351,0.0017945386,0.12337638,1.5366414,0.009507433,0.07834484,0.007908831
1.1405721,0.0002639065,3.3375037,0.076224536,6.3205657,1.2136455,24.25799,4.609245e-05,8.140417,2.7526255,5.223982,65.804726,1.3640062,0.01566877,0.0019460602,0.13200776,1.5970293,0.008692837,0.07360692,0.008235096
1.1669489,0.00017950237,2.3119876,0.07086425,8.106747,1.0485201,25.010395,4.176911e-05,10.7465105,1.6402725,4.524427,40.371418,0.74707514,0.014932189,0.0011809313,0.10598753,0.9398077,0.010644735,0.098672464,0.009633085
1.0418208,0.00014455033,2.303054,0.047028936,6.7997255,1.106795,24.822624,3.768487e-05,10.509033,1.7711766,3.7196393,35.88723,0.7836397,0.012371438,0.0009768823,0.09854846,0.8947799,0.0102309035,0.099156424,0.009231085
1.2540491,0.00028401034,4.3394427,0.09285905,6.932565,1.3874406,27.641695,5.484238e-05,14.145752,2.8905523,3.5923393,80.40986,1.5799176,0.019973123,0.0015540431,0.14798985,2.2130704,0.014027369,0.077544965,0.011448709
1.0624176,0.00020494549,2.9778137,0.061243664,7.2353253,1.3404161,25.228342,4.4812776e-05,8.435236,2.3491316,2.2009203,56.418957,1.0741851,0.01553241,0.0013456738,0.11594299,1.176735,0.00935048,0.08581008,0.008160219
1.1802033,0.0001504788,2.2331,0.049040623,7.1960006,1.0177718,28.791473,4.0524686e-05,9.07678,1.7161791,5.1505966,44.186996,0.7488855,0.011450254,0.0011415709,0.11184221,0.8214664,0.009865204,0.092770144,0.009404582
1.2136453,0.00023373734,3.1277678,0.06937168,7.5868735,1.0631278,36.161182,4.192294e-05,8.297731,1.9527177,3.5250852,62.11793,0.8345003,0.018908605,0.0010776699,0.11369716,1.1393149,0.009481084,0.08078883,0.008942515
1.3330848,0.00022492577,2.2679672,0.08486769,9.384812,1.1755284,36.41017,5.116038e-05,15.6507845,1.8049189,0.902539,48.987495,0.6021049,0.018179448,0.0014229409,0.119211115,1.0261941,0.012824691,0.10152262,0.0124731185
1.1489494,0.00024125953,3.4949517,0.05124987,6.6593256,1.3473228,27.066523,4.667582e-05,8.134643,2.333694,2.2167222,64.54659,1.1169243,0.01757651,0.0013457873,0.1147902,1.4135818,0.008970863,0.0746672,0.007608048
1.3516252,0.00016913531,2.235488,0.065568015,7.987764,1.1339252,39.356598,4.563937e-05,12.551946,1.6394216,0.5955832,44.66044,0.51331896,0.014908913,0.00089256477,0.12238657,0.7958231,0.012070844,0.10595899,0.011310131
1.3563887,0.00019309646,2.1030865,0.06975672,7.636787,1.0779048,37.546875,4.6955403e-05,13.301638,1.320749,0.331051,42.97202,0.43120566,0.017022582,0.00088268897,0.116679266,0.80694115,0.01247093,0.11178567,0.010358076
1.3141503,0.00018934847,2.506647,0.06699906,8.373599,1.076713,33.922344,4.261147e-05,11.968738,1.6989391,0.9664023,50.60379,0.6161641,0.017505933,0.0012650747,0.12179163,0.9713419,0.011690109,0.08633599,0.010996108
1.1787757,0.000286264,2.9374776,0.109988965,8.898063,1.1560171,33.158314,5.437574e-05,15.266106,2.2866805,2.5761607,60.215828,1.5298806,0.016767215,0.001802386,0.13864219,1.5276757,0.012424613,0.09296229,0.010090405
1.3291793,0.00030424318,3.393979,0.11562968,11.003238,1.2824051,39.537617,6.325011e-05,17.757088,2.9084594,3.9719915,69.21793,1.6266186,0.020991372,0.002271615,0.1772748,1.8189086,0.01432006,0.09014385,0.012318596
1.2467811,0.00022386729,3.2105243,0.06344608,6.7353864,1.2002444,35.62543,4.2108015e-05,8.090967,2.2489622,2.5017715,62.3561,0.9768351,0.017024064,0.0010410218,0.121575326,1.273318,0.010121796,0.07800949,0.0090525495
0.9895985,0.0001934134,2.396613,0.06019404,6.6313467,1.2119207,21.546824,3.9807506e-05,13.824978,2.2960281,3.7408118,45.386787,1.3116444,0.011257946,0.0013450705,0.08929291,1.2811532,0.009802574,0.07357235,0.00722537
1.4395572,0.00022401671,2.0351663,0.09000415,9.15232,1.0221117,42.21203,4.5390512e-05,12.553181,1.246758,0.5982421,43.67346,0.4287599,0.018768618,0.0008244522,0.12775676,0.7309183,0.01272803,0.107437976,0.012240688
1.3202609,0.0003175919,5.131849,0.10207262,10.343062,2.2001138,39.60648,7.468483e-05,22.572594,4.507427,2.5604148,85.935974,1.915876,0.01764486,0.0023943332,0.2192218,2.4920537,0.015784677,0.12985608,0.01621853
1.3207266,0.00017134639,2.1101377,0.06897621,8.565337,1.0282041,36.805237,4.0912044e-05,11.995962,1.4503905,0.91303223,45.448624,0.5282633,0.016041901,0.0008755004,0.11498188,0.8014993,0.011472323,0.09261123,0.011345075
1.3625008,0.00027262347,2.430085,0.08890533,7.5391445,1.1489754,32.83012,4.788288e-05,13.643626,1.9956795,1.4062458,47.60105,0.73938584,0.015404127,0.0009516297,0.14618719,0.99364763,0.010820596,0.09665669,0.012144701
1.3692656,0.00019248879,1.9635601,0.06897167,8.185359,1.1260043,41.63056,3.985494e-05,11.902972,1.5851353,0.8293182,44.77553,0.4460777,0.016793188,0.00078120275,0.117981166,0.7450733,0.010173806,0.09581135,0.010060401
1.2243521,0.0005640889,8.299997,0.15036899,6.6982117,2.2744799,33.688026,8.4042214e-05,18.465582,6.2580385,3.885033,156.75227,3.0888648,0.039497323,0.0040684594,0.22775757,5.167087,0.015247705,0.12947237,0.01634102
1.1678188,0.00023241837,2.8103592,0.06735988,7.21348,1.2206302,32.52289,4.5245964e-05,10.501205,2.2729826,2.5289845,53.298798,1.0397216,0.0138201,0.0011095388,0.107762314,1.1787521,0.008925699,0.07706318,0.008307616
1.3897668,0.00017680826,2.248798,0.07251502,8.220484,0.9859419,38.81691,4.0586594e-05,11.606007,1.3910968,1.0535511,45.90157,0.48697472,0.016446866,0.00064650114,0.11858636,0.85417706,0.011046711,0.08925787,0.011716385
1.2098873,0.00036467586,4.104916,0.1413243,7.2895045,1.6335332,31.60464,6.869242e-05,17.388245,3.087759,1.2103215,82.49584,1.4196889,0.027383434,0.0023141985,0.17722507,2.10115,0.015268153,0.11866759,0.012880691
1.066866,0.00033041905,4.641974,0.10347568,6.218039,1.6805722,22.993631,5.5125653e-05,10.815189,3.5073204,1.8644428,85.75807,1.9049435,0.020273939,0.0019612275,0.1465976,2.014304,0.011075186,0.07125118,0.010877489
1.1918758,0.0002640552,3.2414794,0.101672485,6.9506207,1.4198885,29.959558,5.423853e-05,16.529133,2.9294908,2.7128973,63.32956,1.3936626,0.016309325,0.0018391002,0.13079126,1.5599751,0.012528233,0.07458279,0.010009549
1.3479476,0.0001600528,2.651294,0.08089479,7.913237,1.009919,35.760674,3.786658e-05,13.1475315,1.7769886,3.9715257,50.014534,0.874608,0.015334251,0.0009646082,0.11851755,0.9973293,0.012349872,0.09855788,0.0120513085
1.3464851,0.00033946242,4.089271,0.116023764,8.560369,1.5784963,35.122185,6.356925e-05,18.155504,2.87577,2.9470005,74.009186,1.559657,0.021140542,0.0022241694,0.17826496,1.8696486,0.012287908,0.12416292,0.012421823
1.2648158,0.00022086296,4.094421,0.068559885,10.112983,1.8373833,40.08501,5.615254e-05,16.744816,3.6898332,3.0138333,77.01924,1.524621,0.019572001,0.0015530677,0.16010657,1.5394862,0.016237369,0.12622298,0.014873914
1.3059117,0.00034950464,4.1165414,0.10266051,7.436066,1.4769187,35.126366,6.725317e-05,10.522202,2.0407379,1.8749901,83.21068,1.1213784,0.029085943,0.0017324492,0.16289824,1.6113495,0.01591283,0.13328035,0.013396458
1.3641009,0.00025886786,3.9033713,0.09944827,7.9450827,1.6296692,37.745483,5.1598567e-05,9.911908,3.7968662,5.526117,66.4417,1.7601892,0.016335096,0.0023085056,0.14159164,1.951215,0.011116677,0.12990746,0.012737932
1.2046072,0.00029579637,5.944939,0.07361227,9.222833,2.5596025,44.26936,7.0695336e-05,15.473571,5.9433994,3.5382967,117.33768,2.4469798,0.024037879,0.0030936687,0.18862268,2.7423413,0.0142653035,0.10180875,0.013397669
1.3282924,0.00017641186,3.4369445,0.063072704,7.672032,1.3950503,31.256094,5.32217e-05,11.169946,2.604781,3.379674,67.17966,1.3540181,0.013245176,0.0013766033,0.16190198,1.5376083,0.014334899,0.10841861,0.011108373
1.2368834,0.00021666849,3.4512184,0.074756704,7.756191,1.3821464,37.376984,5.2459316e-05,9.388588,2.221913,1.1774851,66.07375,1.0793703,0.02492086,0.0020256497,0.11462637,1.3134803,0.011045959,0.09494068,0.010721595
1.5215076,0.00024586925,3.829919,0.07996573,9.141221,1.7991166,46.35761,5.8150465e-05,13.610354,3.1149986,4.0758705,72.56021,1.6092131,0.014905519,0.001962548,0.18641144,1.7487457,0.014927952,0.10716122,0.012713709
1.3744223,0.00035359748,4.229548,0.11437806,8.422975,1.8133539,36.170364,6.746419e-05,16.341845,3.8409367,2.8011549,79.4191,1.6897885,0.03168127,0.0022381854,0.21990085,2.294429,0.020847991,0.14919485,0.018051099
1.1198838,0.00039321373,3.2859561,0.10606463,8.981689,1.6251689,30.496534,6.166684e-05,14.39236,3.7698154,2.3229558,75.937546,1.8826591,0.018702565,0.0026224423,0.15220772,1.830953,0.009756244,0.08532768,0.010283396
1.1492535,0.00036152868,6.1611986,0.10406136,8.588181,2.6143823,30.976568,7.687237e-05,23.102808,5.916284,3.0056357,112.18351,2.8926277,0.023773137,0.0037625988,0.1735818,3.8414378,0.016683634,0.10894852,0.014623256
1.277616,0.00024105792,3.0508971,0.055890936,6.7481933,0.9905387,38.997265,4.278789e-05,8.245974,1.7396803,1.8554064,54.88344,0.74043447,0.014513406,0.0014351571,0.11094763,1.2610872,0.008600764,0.05885721,0.008774628
1.2511374,0.00021463839,3.6946435,0.07832819,7.0263176,1.1710576,34.633556,4.088771e-05,7.44903,3.3509538,3.7000587,69.985695,2.1171813,0.013435544,0.0023024057,0.15634818,1.7478869,0.012743532,0.065295875,0.012172083
1.2460703,0.0002320394,5.04124,0.0659135,7.4716973,1.6607873,33.49475,5.8991252e-05,15.165844,3.9314241,2.9704247,94.357056,2.049732,0.02096036,0.0032654472,0.14816228,2.27092,0.008962231,0.09812206,0.010261142
1.2747581,0.00026040283,4.054507,0.09907017,8.454718,1.3334392,43.915905,4.7536516e-05,8.68609,4.268591,3.614128,75.411194,3.165965,0.016681762,0.0029562374,0.18928172,1.9719796,0.011281219,0.057314638,0.012856713
1.2407331,0.00047183916,9.019804,0.1377405,8.642685,2.6529434,39.44594,7.6241355e-05,20.494246,7.5882235,3.122751,149.96977,4.914232,0.024185976,0.0045894277,0.26650685,4.262629,0.01844997,0.110792495,0.018131547
1.2696255,0.00026172854,3.8290844,0.09960323,8.068927,1.2003765,41.518116,4.5750836e-05,8.0898075,3.131735,3.5734699,75.384735,1.8140225,0.01633339,0.0020692616,0.15211749,1.5203702,0.011721247,0.08175083,0.011942822
1.2272984,0.00053674984,10.28472,0.15680295,9.81452,3.4394853,40.69449,8.360434e-05,25.522676,9.658291,3.0284631,189.08813,5.3687057,0.02566848,0.004827022,0.28684542,4.8405266,0.01683972,0.12744537,0.015847892
1.1613214,0.00031277206,4.7729144,0.10193245,7.9208884,0.9383512,37.636044,5.7097233e-05,12.080511,2.0816383,3.1174133,86.38752,1.3471045,0.029285768,0.0021572094,0.112619326,3.0157979,0.00829883,0.02751052,0.0059577893
1.2584018,0.00022512517,5.313631,0.03943995,8.554501,1.507698,45.743286,5.8317102e-05,9.231286,3.5933146,3.435251,98.18787,1.9735322,0.017550606,0.0032832124,0.2131934,2.7059336,0.012531285,0.069610015,0.011589791
1.2789187,0.00039052413,5.2943206,0.021920454,10.250755,2.3480692,56.45998,7.907789e-05,9.433888,4.719832,3.4943817,99.93073,2.352305,0.015944863,0.0022688902,0.27262914,2.1114495,0.010923203,0.118692845,0.012712927
1.3628024,0.00036562516,4.9643803,0.05043969,11.035194,1.8344514,63.395283,7.319812e-05,12.137232,3.684793,3.1590166,89.51498,1.7728517,0.015470848,0.0016485052,0.25536838,2.0701766,0.013705105,0.1110383,0.013287175
1.3317668,0.00026497382,5.006202,0.090460196,10.6228075,1.1547912,53.18215,7.021244e-05,9.521122,2.6069205,3.2983983,95.21069,1.3377775,0.034955893,0.004131319,0.23840871,3.190785,0.008986088,0.027956368,0.009945879
1.2612526,0.00038489283,4.410304,0.12612669,7.687345,1.7987776,38.908363,6.9781825e-05,10.390666,4.141448,3.2558808,83.246635,2.221234,0.022964988,0.002821181,0.18506129,2.2316346,0.0053778286,0.07620352,0.0076239263
1.2647766,0.00034971803,4.8310885,0.018738845,9.40406,1.8712939,49.45453,6.8433495e-05,8.89892,3.4613895,3.5447352,91.63155,1.88413,0.017223282,0.0025398314,0.19661105,2.172775,0.0082997,0.07117841,0.008986354
1.3063074,0.0003949448,3.7254994,0.13985486,9.192346,1.4298213,50.070625,6.1067054e-05,12.4191475,3.19574,3.609343,76.848305,1.5378542,0.021676898,0.0020150868,0.16822219,1.7503979,0.004470539,0.0738969,0.0075517865
1.2501624,0.0003129413,6.552054,0.016734328,9.658646,2.27368,51.751488,6.889484e-05,10.726982,4.991199,3.3153708,121.131676,2.9742262,0.018119609,0.0035329536,0.22970423,2.993861,0.011013909,0.08771702,0.012201448
1.2907686,0.00039324048,4.828306,0.055822298,9.905588,2.0319698,55.085957,7.409876e-05,10.670493,4.08858,3.264825,90.72259,2.2219417,0.013090046,0.0015412297,0.23541765,1.7211313,0.012466267,0.10258505,0.010747638
1.3112602,0.00038211883,4.769256,0.042140372,9.133424,1.5282843,47.27902,7.9968166e-05,9.21412,2.9701889,3.4159617,89.699615,1.2209009,0.019485906,0.0025228718,0.24177678,2.3565218,0.009086038,0.0723226,0.010551601
1.2558249,0.00030856006,5.095337,0.030888787,9.953356,1.8601003,52.351482,6.6497414e-05,10.104607,3.936517,3.374035,95.401054,2.1838374,0.017177178,0.0029631911,0.23088625,2.158516,0.010314545,0.075801805,0.012283947
1.2943918,0.00030653385,3.3408346,0.09496524,9.630247,1.2110113,51.611565,5.6132856e-05,9.363795,3.0950503,3.4189296,63.82147,1.5862672,0.020426054,0.00211245,0.18757735,1.4399039,0.008708773,0.07443464,0.009940675
1.3343004,0.0002943821,3.789287,0.11940181,9.604789,0.81632245,51.666492,5.6759298e-05,11.852288,1.6818877,3.2225773,69.41059,0.65669113,0.0212033,0.0014840295,0.16437724,1.7838899,0.005617254,0.049895626,0.01019172
1.3337525,0.0003886064,5.015715,0.03952753,10.991759,2.2764738,58.878014,8.063874e-05,9.440852,4.6036935,3.5519078,96.92369,2.2177942,0.015932161,0.0020448107,0.28155807,1.8965056,0.01387887,0.10944718,0.0124640325
1.2663729,0.00035345802,5.364987,0.047301438,9.107885,1.8381953,47.038506,6.032658e-05,11.075336,4.0339284,3.624117,108.12469,2.2550168,0.019831417,0.00293291,0.21356706,2.338135,0.011973354,0.075316675,0.011907549
1.3642017,0.0003428705,4.104083,0.10773795,10.181151,1.6145393,51.45178,6.923311e-05,12.608391,3.670622,3.8628306,74.13058,1.5948601,0.017627053,0.002190017,0.20262253,1.9550434,0.011511796,0.08470919,0.012282145
1.3299087,0.0003636038,4.246017,0.08444892,10.577403,1.7621131,56.44277,7.229889e-05,9.560481,4.017488,3.5959582,78.86974,1.8572854,0.021883903,0.0029649122,0.22561084,1.9550098,0.008480122,0.097222924,0.010945514
1.1756061,0.00041749026,6.290918,0.06507034,9.217881,1.7870687,46.52099,6.7721885e-05,12.169022,4.782931,2.9247596,113.93616,3.1514976,0.027291384,0.0048444094,0.17990296,3.9291892,0.0060826833,0.06881171,0.00803375
1.1854903,0.00048482933,15.790624,0.11155187,15.7343645,6.6329265,43.752968,0.00011019674,40.92414,16.908016,3.248356,289.79788,9.082659,0.021328758,0.0051145586,0.27787083,6.078281,0.018230628,0.112779915,0.015172054
1.2541288,0.00066642516,13.370735,0.10876259,14.508548,5.438249,46.443268,9.372749e-05,35.14343,13.2934675,3.6335664,239.78868,6.701028,0.03798671,0.0047828243,0.2783607,6.0584207,0.015882157,0.13266669,0.009270966
1.3238437,0.00034331373,4.328671,0.10937459,8.490923,1.2618455,45.430595,6.6726614e-05,8.629946,3.011517,3.4870923,87.00274,1.3916342,0.020139938,0.0021593343,0.17258324,1.7432623,0.010070235,0.10452705,0.012748807
1.1679856,0.00044142688,10.121083,0.0834801,9.964781,4.602497,48.0321,7.780852e-05,13.3110695,11.099947,3.2364655,185.12029,5.9764385,0.021592043,0.0054551885,0.22510004,5.010292,0.011979645,0.0879284,0.013932068
1.2348622,0.0005064459,5.7666636,0.23753498,8.518618,2.1134572,37.944897,7.923812e-05,15.70041,4.087874,3.0229926,121.716736,3.1470187,0.04499972,0.0028124994,0.20548898,1.9582926,0.01805483,0.1836246,0.021909086
1.2698958,0.0005144222,12.854386,0.110452995,13.725245,5.2019534,48.405846,0.00010612091,29.338667,12.459026,3.3446565,248.21971,6.905564,0.032373764,0.0058241207,0.3340242,6.012562,0.018062016,0.1302397,0.015084471
1.2934707,0.00063396624,9.771101,0.03509013,12.472371,4.5733347,69.36603,0.00012586865,14.338286,9.10213,3.534433,183.68509,4.8612514,0.030767035,0.004529599,0.32442418,4.219533,0.008294977,0.15327835,0.012304954
1.1823727,0.00047303105,7.980893,0.04645299,9.819616,3.0026233,49.86583,9.190605e-05,9.900472,7.8975234,3.157425,150.82553,4.880931,0.02230414,0.0055219214,0.2540873,4.2972627,0.003289984,0.080850355,0.0089016
1.2790601,0.000535277,7.2736,0.15463299,7.0256,2.0833876,31.098995,9.005374e-05,14.555568,2.5575027,3.1998444,142.5317,2.4539788,0.05712196,0.0028549803,0.22406097,1.7521403,0.016703293,0.1865795,0.023542779
1.3892337,0.0006119437,12.955415,0.14782079,15.148212,5.011368,63.813015,0.00011259324,22.071136,11.705371,3.5008721,225.66083,6.047105,0.03761103,0.0047487724,0.31514204,4.9100924,0.025425773,0.17892592,0.027018586
1.2372953,0.00033809544,5.462826,0.07351189,8.309667,1.6586627,42.066456,6.3019965e-05,7.483309,3.6994874,3.0682063,100.19833,2.0711339,0.024178004,0.0039762957,0.20754187,2.7670815,0.007824491,0.04785922,0.010560354
1.1466669,0.00039227025,7.4309664,0.0700443,8.579209,2.4799476,36.416542,7.2585404e-05,9.798384,5.7832303,3.01274,133.25621,3.666453,0.022893423,0.0053825337,0.18827099,3.5576847,0.005281891,0.058344886,0.009345594
1.2465553,0.0003729123,5.7431526,0.10412322,8.861817,1.648711,40.70266,5.008278e-05,5.8058558,4.0110683,3.4811704,109.78826,2.3926313,0.022159522,0.0054307696,0.16739635,2.3875587,0.009649291,0.049112566,0.013782265
1.1382436,0.00019793099,4.917817,0.054554913,6.702631,2.112314,30.060194,5.3613578e-05,9.71699,4.2710547,3.0074427,93.46707,1.9933515,0.018004809,0.002355098,0.1374112,2.2017777,0.010433283,0.08717258,0.010683167
1.3611702,0.00045443914,4.5466924,0.124283195,8.496449,1.4509455,45.04396,6.882011e-05,13.138445,2.8376176,3.07954,93.54859,1.5088714,0.029143946,0.0023424176,0.19037507,2.5639372,0.010239675,0.08752321,0.007173385
1.2499458,0.00031140298,5.7382,0.105804734,8.812697,1.6015178,43.229916,6.5174645e-05,12.982559,4.984501,3.5178638,112.9913,3.5402215,0.023167511,0.004031123,0.22255953,3.185246,0.00974718,0.07893085,0.010515648
1.2048811,0.0004791357,13.555468,0.11823252,9.446547,4.433686,37.948303,8.713436e-05,23.943321,11.567772,3.2666066,213.89674,5.166037,0.026393896,0.004831949,0.2839618,5.677954,0.020707972,0.13285948,0.017984632
1.2102311,0.0005114744,6.622848,0.2226354,6.8130555,1.958283,28.413996,8.334148e-05,16.061266,2.868903,3.0073698,133.9615,2.9592824,0.053864475,0.0020899475,0.2036501,1.6417888,0.020393543,0.17877614,0.026864672
1.227982,0.00030020485,4.771803,0.16157563,6.8553834,1.4771671,30.720198,6.2255705e-05,14.18151,2.1179242,3.1534567,99.70174,1.8666141,0.037637237,0.0016611915,0.17863639,1.5753992,0.018326297,0.14876106,0.02182145
1.2272588,0.00068894064,7.8724566,0.35953876,7.6819377,2.5793564,32.455307,0.00010375017,14.279057,5.004892,3.1948566,154.60945,2.9840963,0.046561465,0.0019492903,0.20272355,2.2951522,0.025126318,0.14840381,0.026158202
1.1963947,0.00038653304,7.266747,0.08614324,8.5970335,2.4115622,42.968292,7.707967e-05,10.744892,5.806379,3.2311335,129.15036,4.1711645,0.022596093,0.0052303,0.21389559,4.0303698,0.0079649845,0.06995002,0.011280501
1.2344509,0.00044342043,6.651638,0.129814,7.8590803,1.9974009,36.412144,7.9863166e-05,11.005319,3.2424664,3.1829066,128.88365,2.9131622,0.038746905,0.0048182183,0.22123022,2.901205,0.011598674,0.102783486,0.014771851
1.258704,0.00035636927,4.758474,0.08949803,6.8404126,1.4616758,34.929047,6.332208e-05,9.650082,3.1552615,3.2603924,85.438225,1.8984134,0.024351774,0.0017353726,0.18583956,2.4155653,0.008464412,0.05052,0.0063377162
1.2538999,0.00046620597,9.212131,0.076324284,8.583308,2.6268733,35.90999,8.584123e-05,20.018967,5.412811,2.695966,164.20047,3.3150444,0.024651263,0.0039545638,0.28107148,4.5814548,0.01612309,0.10288117,0.009411473
1.2028018,0.00043401457,5.3493276,0.104878955,7.672073,1.5148638,37.255836,7.0573624e-05,9.62603,3.9972866,3.056147,102.48594,2.3679006,0.023455981,0.0027801492,0.19859031,3.0834398,0.0075192964,0.033832446,0.006610003
1.1767272,0.00047611236,10.702706,0.05335301,11.438563,2.5568304,33.02096,9.169764e-05,27.05763,5.6167054,3.1444237,186.2078,3.106151,0.023899803,0.003730878,0.28935674,4.7092957,0.010635158,0.08635881,0.0079999175
1.2072469,0.00039584108,14.911494,0.14333683,13.701776,5.6571145,39.464996,0.00011592122,32.599804,13.490434,3.1308177,268.92288,6.9728923,0.021258295,0.006401586,0.36763996,7.4420896,0.021141175,0.112413265,0.023969611
1.3469166,0.0003677476,3.346179,0.108079515,7.8083086,1.4691269,45.449657,5.2106578e-05,8.872742,2.465846,2.8862085,72.319176,0.9328227,0.02779547,0.00107607,0.15546243,1.227903,0.009040439,0.07269662,0.0073109427
1.207712,0.00035556234,4.880175,0.10520481,6.8724546,1.5008237,34.726135,6.376231e-05,9.370636,3.8067868,3.450871,87.917114,2.2171657,0.025123576,0.002319942,0.19652271,2.7631567,0.00750433,0.02948308,0.0072931335
1.3036869,0.00040240664,4.833992,0.07233621,9.132668,1.8734437,51.013733,8.1657934e-05,9.194967,4.067646,3.7006521,100.871994,2.4417667,0.014707704,0.0027491557,0.2424932,2.099279,0.00892819,0.07749365,0.009542169
1.2458067,0.0005531197,13.673167,0.11717959,15.092896,4.9877806,44.974613,0.00012156202,28.912354,11.966486,3.285295,246.51035,7.266179,0.021982847,0.004913467,0.3955287,5.934152,0.01844527,0.12478268,0.021566171
1.2714785,0.00053168676,15.808331,0.14873095,16.013033,5.9595294,40.190483,0.0001450724,29.720474,13.725789,3.110706,299.77222,7.304393,0.027145896,0.0068246345,0.4278148,7.8891997,0.027562236,0.1380356,0.023538137
1.2713572,0.00048056463,14.646331,0.12726851,13.617764,5.4379497,53.420296,9.854161e-05,32.53533,13.904879,3.3287706,267.22678,6.9729724,0.021335617,0.0056639723,0.32910296,5.628474,0.03224411,0.19365218,0.028499143
1.2617295,0.00045265708,4.768853,0.025877068,8.827657,2.070119,50.777515,8.0252714e-05,8.805143,4.234047,3.4730442,88.03703,2.4036753,0.013685791,0.0019303021,0.2800849,1.8799087,0.01304213,0.09747472,0.011553494
1.3044207,0.00023441357,3.4645476,0.047610234,8.853295,1.0046021,48.070446,4.5394045e-05,8.3266735,2.0455663,2.9771166,66.86562,1.061175,0.017390722,0.0017144093,0.15611538,1.6406074,0.0061499286,0.032258634,0.0074132695
1.277451,0.00029151345,4.112268,0.08921438,7.5380487,1.2133703,36.760834,5.6482062e-05,10.741092,2.3840485,3.1201913,79.854866,1.3777846,0.021125438,0.0015569454,0.18413237,1.760503,0.011569486,0.07959408,0.009022475
1.2771006,0.00025440616,2.9251323,0.09051047,7.188528,1.1198128,37.73327,4.2626543e-05,8.063336,2.1709192,3.3924165,57.325886,0.979207,0.018918306,0.0011749293,0.12112007,1.3135525,0.0069194194,0.04657314,0.005480318
1.2121499,0.0003698608,5.031036,0.033195276,7.427823,1.7248158,35.692013,6.907144e-05,9.489907,3.2943954,3.4561603,94.16837,1.8335639,0.022056742,0.0019405334,0.22093514,2.4291751,0.0076530227,0.06652012,0.0069825035
1.3083833,0.00032697894,4.854779,0.06448958,9.153448,1.4606905,50.84924,7.526238e-05,9.316743,3.6008508,3.542789,89.35867,2.089385,0.015696432,0.0017171084,0.24378851,2.4755745,0.013317442,0.07268289,0.011354709
1.2832028,0.0004119482,3.8503983,0.11691461,7.3507957,1.2383171,33.1612,6.0341947e-05,9.653415,2.5020833,2.7828467,78.681335,1.05757,0.02553093,0.0013919986,0.15496792,1.7813003,0.007867126,0.06818053,0.0041407677
1.2105913,0.00030516234,3.6220062,0.037401777,6.060922,1.305762,29.222775,5.3239182e-05,6.946794,2.2412107,3.4159145,68.23425,0.97157633,0.016914751,0.0015511655,0.15699208,1.7750211,0.005689533,0.044642977,0.0052883956
1.265019,0.0001856708,3.325472,0.024422182,6.4625654,0.9625616,30.870283,3.4852997e-05,6.755266,2.0509355,2.915064,65.34707,1.0178,0.01165621,0.0012960833,0.116996996,1.4486194,0.005421305,0.037395213,0.005880986
1.293971,0.00030049245,3.6027684,0.045508422,8.52629,1.1481901,48.144684,5.6265268e-05,8.412133,2.322871,3.4643548,67.65984,1.1033589,0.019014446,0.0011307676,0.17436302,1.8310738,0.007396855,0.04850704,0.0067188125
1.3828493,0.00035454566,3.376572,0.1559094,7.249316,1.708419,35.633327,5.7672052e-05,9.053809,2.611759,3.2154932,77.08871,1.0172392,0.030638414,0.0013188735,0.15972601,1.0028982,0.01114006,0.08101413,0.0093178535
1.2813325,0.00035012278,4.3234572,0.07694652,7.601212,1.5915923,41.933994,6.0258935e-05,9.766456,3.2504919,3.126435,83.21516,1.6649907,0.021701775,0.0016462519,0.1873867,1.9669014,0.007444263,0.06325776,0.0057493
1.2454802,0.0007255261,18.590755,0.21757388,9.76708,6.1858582,44.892357,0.00014441324,35.77976,14.321846,3.2158675,330.39813,7.806864,0.049612176,0.005465784,0.33811927,10.115609,0.028795525,0.16980769,0.024236377
1.1794792,0.00022392665,3.9779127,0.06023781,6.973727,1.9311955,31.658916,5.151799e-05,11.30726,3.2938223,2.838333,88.803085,1.3954066,0.021639828,0.0008004545,0.13654956,1.1113288,0.011345127,0.13217779,0.009600914
1.1715057,3.1051615e-05,4.047255,0.07294273,5.8118105,2.362515,26.520628,2.944682e-05,10.928433,5.3466573,3.2181976,86.11563,1.9923482,0.019219805,0.0004421417,0.08713199,1.0869926,0.009247102,0.112291135,0.009552756
1.3306875,0.00039922356,4.4915786,0.104115486,8.56491,1.2694606,46.232674,7.160591e-05,12.320315,3.305569,3.3160086,82.951584,1.8414028,0.02252736,0.0012857796,0.21319868,2.1219964,0.013813904,0.102975495,0.012103414
1.1296409,0.00012418165,3.2351308,0.008024417,6.353981,2.0218494,26.603409,3.7719852e-05,6.895443,3.3344429,3.5088236,69.98561,1.1204181,0.007150542,0.0008881681,0.11136901,0.7297096,0.0069725844,0.12240311,0.007138326
1.166248,0.00018014526,3.2483246,0.02873696,6.125338,2.2412238,29.73641,2.7640413e-05,10.357648,3.8981402,3.0913382,70.885445,1.2930157,0.008730021,0.0006067602,0.070359975,0.70281035,0.0021740557,0.08790533,0.0018033232
1.2839558,0.00033858613,4.134677,0.09520014,8.151647,1.4766752,42.30591,6.2909465e-05,10.903028,2.8034902,3.3160307,78.947296,1.3041328,0.019452043,0.0019450114,0.18258783,1.8836572,0.00769053,0.073163986,0.006865658
1.0908263,0.000113301954,3.1333253,0.030695116,5.2957044,2.222368,20.691849,2.3909719e-05,10.188446,3.998502,2.7651567,65.64455,1.160324,0.004364674,0.0005180617,0.06410757,0.6958586,0.004664537,0.09394225,0.0030446465
1.2678392,0.0004012727,4.0500693,0.12823798,7.6733813,0.99928105,37.55327,4.8217295e-05,9.465017,2.065827,3.7271159,78.99298,1.097441,0.019014498,0.0012292955,0.20157896,1.8429403,0.013825952,0.0966016,0.011188603
1.1951189,0.00020082013,2.9502664,0.06286947,5.8907104,1.1293006,24.467236,3.887585e-05,10.549495,1.7012153,3.1790862,61.430977,0.7359573,0.01608032,0.00063426816,0.111792676,1.1467762,0.008943962,0.09202895,0.007911334
1.0987059,0.00011145765,3.012807,0.020164689,6.663207,2.3298523,29.83175,2.304564e-05,11.413774,4.288858,2.8286283,66.83814,1.3849945,0.0076323235,0.00053414557,0.06355658,0.54875535,0.004391629,0.08911068,0.0032405774
1.1951052,0.0003287337,4.4709105,0.07583457,7.3008595,1.6151386,33.701557,5.119817e-05,12.63194,3.1330888,3.1032448,85.94522,1.4389243,0.023508599,0.0012098328,0.13583654,1.6775036,0.0043360675,0.08377355,0.004663223
1.0239347,0.00022330078,3.7141,0.012806194,6.653248,2.3567753,29.967913,4.165795e-05,6.927108,4.5198503,2.8599262,80.226395,1.4494008,0.010554852,0.0010815447,0.1269157,0.7675974,0.009523972,0.13275602,0.00727828
1.1875128,0.00014391287,3.06218,0.031563953,6.942409,1.997923,32.48909,2.339762e-05,12.137818,4.090115,3.2743678,65.51643,1.3972194,0.009213159,0.00037900434,0.075723864,0.7695098,0.0067815324,0.0959356,0.0065100724
1.2621922,0.0003409973,4.038762,0.09439678,9.201833,1.4271059,48.031143,6.2324776e-05,11.48741,2.7914548,3.4564643,78.141335,1.448624,0.023821503,0.0019502176,0.2134372,1.7897118,0.017151216,0.09111542,0.014663849
1.2585615,0.00025702178,4.098852,0.062391993,6.928656,1.2487202,33.626617,4.5416036e-05,10.6383095,2.787773,3.0395637,77.42375,1.6304561,0.016746404,0.001436944,0.15600069,1.5618745,0.0105214445,0.06744953,0.009421956
1.1875389,0.00036457955,4.910171,0.041164722,8.601755,1.7924156,42.1093,6.6911736e-05,9.852626,4.161381,3.4413648,91.905754,2.2706702,0.016497966,0.0025101285,0.19892327,2.4635348,0.0060704765,0.067990035,0.00694431
1.2324125,0.0002570509,3.5039911,0.067539684,6.985196,1.0247269,33.533768,4.0534793e-05,9.453403,2.2861867,3.3762474,68.009674,1.1843158,0.01726634,0.0015009207,0.124287374,1.531393,0.007820775,0.05629998,0.0073410897
1.1837139,9.063908e-05,2.6354387,0.011770746,7.698934,1.7938883,39.5299,2.5237954e-05,10.9182205,3.3556116,3.5617766,56.59854,1.0568324,0.0064247237,0.0004867956,0.08694198,0.5328563,0.0056424397,0.108573936,0.006580851
1.2951125,0.00036869687,4.439852,0.09372053,8.482694,1.484147,44.89685,6.2429965e-05,13.165526,3.212738,3.2119377,84.38827,1.4728421,0.017076897,0.0018427611,0.20631747,1.5331507,0.0133611765,0.10380917,0.0102700675
1.2526301,0.00035566115,3.817621,0.097851224,8.016728,1.0666643,40.423325,5.1997533e-05,14.727608,2.0107715,3.4642675,78.889244,0.75478935,0.023978507,0.0012785482,0.18120168,1.5107075,0.011676182,0.10533138,0.010176418
1.1283107,0.00015199736,2.936317,0.014822206,7.296648,1.8479993,34.20899,3.2029286e-05,10.793103,3.6484628,2.9482512,63.55545,1.2029467,0.0088478485,0.0010672782,0.10759543,0.6704583,0.008718653,0.116720155,0.006589213
1.3928899,0.00021537702,3.5579557,0.048865937,10.702984,2.1039226,51.51084,4.4993416e-05,19.804008,3.227877,2.8568034,69.75761,0.81623185,0.015718427,0.0010579334,0.11725801,0.9056801,0.006501096,0.1419345,0.007613753
1.4382054,0.00013818665,2.445915,0.052483276,9.66982,1.4270133,48.225994,3.6878566e-05,11.24268,2.5061283,4.383481,45.92406,0.89060426,0.011831343,0.0007350274,0.13789889,0.7504425,0.009527032,0.12823403,0.012089826
1.1304475,0.00011224207,3.022168,-0.0003792535,6.2403097,2.0116496,26.878248,3.3780227e-05,7.013846,3.3901277,3.9528577,64.87124,1.0751405,0.005665472,0.00076286116,0.10320454,0.62475616,0.0067277304,0.11679918,0.006949447
1.1330256,0.00018787372,3.588356,0.025099562,6.8306265,2.1708956,31.054667,3.6812417e-05,13.850107,4.213601,3.273612,72.37307,1.4227791,0.009970696,0.00065281196,0.10841275,1.0080594,0.009016758,0.11791811,0.0076770806
1.4303674,0.00023788534,4.3531327,0.087100394,8.596039,2.545291,42.330135,6.207258e-05,17.150537,3.6932814,3.774361,90.67686,1.103499,0.018936591,0.001278192,0.20894255,1.1541821,0.013393815,0.19986479,0.015004631
1.1799512,0.00033202244,3.7765698,0.0919257,6.714619,2.0221262,29.870142,5.6362136e-05,12.95089,3.0638611,3.0262184,78.4666,0.942073,0.020943705,0.00081682234,0.109975934,1.048755,0.0092315,0.13265868,0.006890687
1.1894481,0.00028327547,4.0649266,0.064457245,6.71024,2.3069832,29.984245,4.770445e-05,12.18288,3.890952,3.018439,88.25813,1.326235,0.014938245,0.0008531122,0.11547366,1.2144291,0.008111383,0.11911265,0.005381169
1.1787738,0.00022363146,3.7070565,0.05029482,7.0083404,2.1419952,30.755493,4.602185e-05,11.78574,3.6686049,2.996856,76.49473,1.0428963,0.016960852,0.0010635155,0.113236755,0.83054656,0.008428914,0.13845962,0.0074505094
1.2604959,0.00027601846,3.8073099,0.106607996,7.692594,1.7382677,35.788765,5.56765e-05,13.663351,2.5272608,3.3054192,77.84434,0.773677,0.028114075,0.0010591879,0.11857474,1.2118449,0.010600103,0.12659651,0.009125346
1.2290605,0.00017806918,3.246791,0.0569206,7.330374,1.3642926,34.680443,4.286069e-05,11.39763,2.468742,3.4047213,68.04379,0.9616417,0.0160173,0.00081591046,0.12147021,1.3530498,0.011247486,0.10247448,0.008631599
1.0610362,0.00020045027,3.3776627,0.044043627,6.538903,2.0114021,29.590534,3.4959554e-05,12.899788,3.5213585,3.0930672,73.826225,1.0872604,0.015137848,0.0010127597,0.10083284,0.8383288,0.007471182,0.11306739,0.005898265
1.2166247,0.00021854197,3.543534,0.08091002,7.642563,1.6565179,36.211655,5.0214545e-05,14.569603,2.8903341,3.2837431,71.737,0.93183947,0.022422764,0.0010523208,0.112457864,1.1559017,0.011554375,0.13720743,0.009097881
1.245686,0.00019010951,3.2142417,0.044915743,6.9352493,1.2475832,27.008404,4.601141e-05,11.176293,1.6509386,2.8442228,67.72631,0.6936799,0.017592674,0.0009663425,0.13522767,1.2471303,0.010151181,0.092274286,0.0076501453
1.1494752,0.00031565866,11.295736,0.08835486,12.292022,3.4339516,27.82876,9.271112e-05,27.943365,9.296746,3.20667,199.0197,5.102997,0.02407781,0.0032509419,0.27701947,5.685159,0.017552627,0.0809353,0.011435677
1.1799088,0.0004527202,8.769385,0.07522381,9.608342,3.0949845,40.700542,7.953565e-05,20.179567,7.745541,3.3790677,163.60814,3.3869212,0.01980025,0.0024950036,0.2422346,4.3332286,0.019322041,0.09497153,0.012404957
1.3164254,0.00033750682,4.8375425,0.061004642,12.212664,1.8313655,70.05658,8.5094616e-05,12.376615,3.9969707,3.5745916,88.768814,2.0246997,0.013873884,0.002301105,0.2707062,2.2709813,0.015339426,0.09781825,0.014409188
1.3110229,0.00032860864,4.3714147,0.041959003,10.174917,1.5983974,57.64747,7.1748516e-05,11.04356,3.1193542,3.3945668,81.78264,1.4238437,0.01763838,0.0018446818,0.22163592,2.106224,0.009547231,0.05631148,0.010602038
1.3165839,0.0004807671,5.0736885,0.1436261,11.748592,2.0633452,66.831505,8.1728445e-05,13.087811,4.676096,3.1559064,99.662285,2.0080118,0.03556708,0.0037630037,0.20640205,2.1064937,0.007394114,0.0883231,0.009777524
1.3177329,0.00039115627,5.0661206,0.05582205,11.641555,1.9110289,67.00074,8.645072e-05,11.20512,4.085343,3.4863107,93.55756,2.0056183,0.013788157,0.002054917,0.2773393,2.0252514,0.01281837,0.08799915,0.013521336
1.3514276,0.00020832186,2.9311721,0.0442851,11.710563,0.94983345,64.8173,5.6662928e-05,11.048498,1.9175888,3.7261686,53.730877,0.8911132,0.0070526116,0.0013862347,0.17497225,1.3995296,0.007919521,0.07218313,0.008018874
1.3703874,0.00023233892,3.0395212,0.05043051,11.924161,1.0338873,64.61653,5.7909223e-05,10.601867,2.105848,3.7256796,57.4368,0.892725,0.008776934,0.0015017075,0.1738161,1.3809847,0.006704249,0.067079596,0.0077602826
1.3477985,0.00035029664,4.1630526,0.031581677,11.328708,1.5798806,64.6401,7.2821545e-05,11.714709,2.9731052,3.4852548,78.122375,1.4966068,0.011585117,0.001384043,0.23094778,1.6749964,0.010822937,0.07735904,0.010182403
1.3077766,0.000278263,4.7430854,0.046219464,12.097641,1.3858505,65.952736,8.169822e-05,11.45185,3.0407767,3.4824708,89.17788,1.5271713,0.019426301,0.0017590804,0.29843467,2.2881198,0.014384858,0.085320555,0.015024013
1.3726938,0.00036157796,4.0915937,0.074833944,11.347211,1.742549,62.43752,7.554563e-05,9.796556,3.8860245,3.7687232,79.34879,1.710491,0.019326597,0.0019172961,0.22867094,1.8848191,0.009778242,0.09208497,0.009961433
1.2226192,0.0005014899,16.450233,0.10001275,9.805577,6.695693,43.429325,0.00012364512,35.591827,16.347492,3.523563,290.81656,8.391894,0.021394864,0.005759259,0.33626324,7.6687965,0.028786277,0.16930634,0.017800959
1.244195,0.00049971824,7.8956094,0.11260693,10.0865345,2.4847608,37.860516,7.391059e-05,19.647356,6.7704935,3.6560805,156.5495,2.9123533,0.03239465,0.002331275,0.24092676,3.878916,0.018084848,0.14669262,0.012927185
1.2664704,0.00034946192,6.1847305,0.043220505,9.331962,2.3533552,46.631176,7.7210796e-05,9.520123,4.565592,3.3932831,112.24191,2.278402,0.028358398,0.0032121083,0.23032679,3.079607,0.009214916,0.06031063,0.009715357
1.1965417,0.0004839559,12.45836,0.117369,11.290735,4.870033,40.27293,0.00010453155,32.085297,12.372781,2.804008,236.1854,6.0873694,0.026621241,0.003586717,0.28298596,5.440567,0.017847631,0.1267047,0.013353067
1.1977643,0.00030509158,5.039543,0.032659568,7.8705397,1.5265293,40.010105,6.0173716e-05,9.831524,3.4873168,3.2885578,91.96286,1.9362733,0.020184843,0.0024588369,0.17539375,2.6462603,0.009177688,0.06533991,0.009156753
1.2219203,0.0004063851,6.53067,0.03155867,8.90212,2.7764323,46.27007,8.1481434e-05,9.4252615,5.227889,3.2734303,123.54076,2.769973,0.022609347,0.0028125232,0.22684051,3.017293,0.008711018,0.07436425,0.008101794
1.2377677,0.0002463604,3.5751686,0.07131737,7.033969,1.4194826,33.56868,4.924819e-05,11.619334,2.4982948,3.6235986,72.33957,0.9434648,0.022367463,0.0015141412,0.11342334,1.2613769,0.008413463,0.079961,0.0075646713
1.2349437,0.0002756381,4.6419883,0.040270448,9.434995,2.708761,51.763428,7.506408e-05,10.026417,5.8744855,3.4018471,91.590675,3.2856364,0.019029785,0.0028879,0.2018643,2.4589427,0.0049734996,0.06245482,0.0053990576
1.2936141,0.00030861163,4.4079294,0.06438371,8.206629,1.6992044,44.552223,6.571815e-05,8.516224,3.7250657,3.276139,89.33941,2.2883382,0.026476348,0.0035860094,0.19898054,2.9116554,0.0076800114,0.026213156,0.0068439683
1.3150605,0.00040253525,4.2266326,0.10565289,9.710882,1.9030168,52.894073,7.5206575e-05,10.668026,3.2626965,3.5592184,78.49939,1.4506443,0.023721958,0.0030378108,0.22929816,1.7324866,0.008899605,0.0909434,0.009974841
1.2338866,0.00027685362,4.9329796,0.040863443,8.98579,1.6425424,45.225525,6.14273e-05,9.481252,3.8692915,3.103955,86.89738,2.1559792,0.018460093,0.002919967,0.19801663,2.411018,0.010480633,0.068611205,0.010441546
1.2756296,0.0004390966,5.783606,0.047175393,9.304648,2.4611318,52.667545,7.216072e-05,11.142719,5.2780457,3.6208427,102.82044,2.8041673,0.025741057,0.0027518205,0.23043895,2.1561723,0.012051629,0.10827539,0.012878465
1.2762529,0.00036444867,3.3998237,0.09180619,7.7817802,1.2355216,36.454712,4.901393e-05,10.283239,2.7804246,3.62885,65.92,1.3539759,0.018247552,0.0022473803,0.15924247,1.745245,0.007951134,0.0519581,0.007958112
1.2373595,0.00027964544,4.117133,0.08241858,8.3386,1.0966561,37.72146,5.345424e-05,7.4797587,2.8366756,3.5767605,75.83318,1.4578431,0.01628392,0.002474016,0.14243473,2.2172108,0.0060145794,0.050464865,0.0070917546
1.3036323,0.00037466656,3.9135468,0.13155164,8.279724,1.2075938,39.084156,6.033222e-05,11.934365,2.2577205,3.3602774,79.631424,1.4979573,0.025383832,0.0017551575,0.2093833,1.6250066,0.013574568,0.092636086,0.015160637
1.2588212,0.00038374923,4.291739,0.071169555,9.178767,1.4095167,47.30543,6.587602e-05,13.029335,3.1221094,3.0707707,80.706055,1.7121637,0.02083023,0.002235812,0.18809605,2.447518,0.006158821,0.08571898,0.0054768356
1.306906,0.0003124541,3.3852448,0.10955753,10.302914,1.3658552,53.40356,6.248251e-05,9.038278,2.7027512,3.5671732,70.264496,1.1243925,0.029653711,0.0025632984,0.22312903,1.6807817,0.009075133,0.072647214,0.010605387
1.2841191,0.0003331153,3.6338813,0.11209557,9.33313,1.6636673,51.149757,6.248941e-05,8.759353,3.3452895,3.4070125,72.45371,1.5786586,0.029580325,0.0034663873,0.2036975,1.675522,0.0078026606,0.063785546,0.009464338
1.3790741,0.00039155709,5.0670505,0.06393181,10.180618,1.6209732,53.667583,7.1533344e-05,13.542333,3.2713625,3.5554245,101.88191,1.4759625,0.022884553,0.0019665912,0.25894526,1.8268226,0.0132224625,0.10990656,0.012526443
1.2224116,0.0003118124,4.2872615,0.07311392,6.8469415,1.3816328,35.00472,5.3692784e-05,11.8322115,2.4582946,3.0104523,78.74373,1.1400745,0.019841457,0.0012931054,0.14510506,1.8515756,0.007691174,0.07680607,0.006292373
1.1609885,0.00024066489,2.7683392,0.05382674,7.161135,1.2762846,29.229645,4.195789e-05,9.972781,2.345472,3.1096022,57.37834,0.9640745,0.0147533575,0.0011544834,0.12751058,1.1257693,0.010835016,0.07899272,0.0074675772
1.239134,0.00030491652,4.147467,0.05334819,7.1796093,1.6930332,34.376873,4.78081e-05,9.448834,3.6845212,3.2611852,78.80488,1.7893393,0.014739959,0.0014025422,0.16357516,2.0735092,0.010125707,0.055576287,0.0068997736
1.2568178,0.00026889157,3.781964,0.06733187,8.133116,1.544422,38.69264,4.8345908e-05,11.075698,3.4188976,2.845903,71.808624,1.6451297,0.013463273,0.0014542945,0.17211469,1.6848575,0.01189243,0.066573955,0.0078532435
1.2530274,0.000633702,14.212078,0.11502758,14.579201,6.151859,51.411873,0.000115258714,30.633905,14.495854,3.2841327,263.44016,7.635513,0.02308309,0.0060659167,0.3682177,6.332784,0.02086877,0.12027245,0.018989224
1.2459544,0.0007526641,15.469477,0.16309942,13.149399,5.685013,55.91341,0.00011503048,33.06984,14.554219,3.4230454,283.70477,7.2265973,0.027278787,0.006168298,0.42119235,7.1719885,0.023486456,0.122329414,0.020034788
1.211061,0.0002829072,4.2248187,0.05958852,8.088235,1.6665608,32.92952,5.198383e-05,11.527657,3.3340504,3.6905997,79.61126,1.4148023,0.013102675,0.001287376,0.16883674,1.9501103,0.011527241,0.07005849,0.007419146
1.2584307,0.00037599544,5.8945494,0.046339408,9.124727,2.478315,47.145294,7.487254e-05,9.878175,4.892829,2.9048097,110.296455,2.5396385,0.021376496,0.0028377075,0.22955634,2.5512755,0.011057316,0.067857735,0.009640342
1.2006055,0.00051571644,12.665349,0.10420282,9.567379,5.7872014,44.07375,0.00010632065,25.393724,13.062962,3.5875092,227.63031,7.4527817,0.018542664,0.00470486,0.30739802,5.5454407,0.02640739,0.13988435,0.015938975
1.218897,0.00029873606,6.004997,0.023022547,8.402983,1.8620104,42.78957,6.747871e-05,9.951953,4.5021973,3.5155292,111.69361,2.4379623,0.018898513,0.0033011462,0.20057827,3.086716,0.009178014,0.06686635,0.009367312
1.2022754,0.00045904267,15.158906,0.09314175,12.881978,5.6187644,45.93117,0.00010958506,36.76263,12.428831,2.9353034,283.36783,6.320561,0.024309548,0.00529947,0.32005987,6.1479945,0.021376949,0.18847552,0.020913173
1.2527083,0.00042252074,8.817442,0.10202701,10.183407,3.4953365,45.846344,8.9298424e-05,23.733181,7.4016914,3.652128,171.70137,2.9612958,0.025907364,0.0027566405,0.2606882,4.434147,0.018358516,0.10399806,0.0171574
1.2046561,0.00023718529,3.3640509,0.06620785,8.25562,1.1630275,36.640373,3.8057493e-05,10.503445,2.276365,3.3444748,64.00778,0.9579003,0.012333004,0.00095754035,0.14585586,1.5302422,0.009132085,0.067290455,0.006636594
1.2220011,0.0003585005,4.1094484,0.07509359,9.213948,1.3573978,47.174187,5.2204825e-05,17.132769,3.3404505,3.6289911,74.79317,1.4583671,0.020802438,0.0011626624,0.21926253,2.07403,0.01428163,0.060395237,0.007915589
1.0799598,0.00025972017,3.5814037,0.08359176,7.734633,1.4936686,30.378607,5.684342e-05,12.233687,3.9452937,3.5581415,66.64246,3.650289,0.015324709,0.004004173,0.19977835,2.5334556,0.012130012,0.06476132,0.011717142
1.2214131,0.00030013424,4.620499,0.07238589,9.024706,1.2442096,38.767696,5.6264005e-05,14.148279,3.6085813,3.3248234,89.61031,1.7663115,0.015330562,0.0017969507,0.18563828,2.2075822,0.01094016,0.0657356,0.007407204
1.2804211,0.00025936714,2.880469,0.06613523,8.260688,1.2468714,43.653072,4.514414e-05,8.187735,2.4558206,3.3311071,56.857475,0.8944832,0.018371923,0.0015586646,0.16624382,1.1796858,0.008440412,0.07395198,0.008375988
1.2332623,0.00032789976,3.8113341,0.09222019,7.8020215,1.176016,40.901203,5.758114e-05,8.7297535,2.690213,3.3753974,74.37904,1.5522468,0.01891252,0.0013847721,0.17252205,1.892164,0.008181446,0.0408575,0.006573057
1.1790895,0.00016265795,3.2000206,0.036057048,5.9136686,1.5903109,28.494562,3.458967e-05,9.538691,2.899606,3.4802132,67.33612,1.0831288,0.010110307,0.0005899948,0.102114394,1.0084251,0.0051975516,0.08145919,0.004588203
1.2962626,0.0003316279,4.94261,0.052831754,10.542123,2.0560145,55.56957,6.91186e-05,15.626054,3.8334708,3.0439296,99.323524,1.6190274,0.021533905,0.0012850856,0.24232191,1.8757265,0.017581524,0.11743817,0.014419808
1.2490785,0.00032255356,4.1881766,0.07886198,7.472439,1.1843668,39.83674,5.3627027e-05,12.118895,2.9058511,3.7561522,81.551704,1.4879,0.017933775,0.0017299226,0.18591604,2.216953,0.009015292,0.075908005,0.006557117
1.3368702,0.00034840684,3.7607136,0.13539472,8.444966,1.1387558,44.5874,5.3749904e-05,11.827538,1.7839154,3.7054462,81.821396,0.6615434,0.022939084,0.0012087349,0.18095656,1.2754289,0.0120034395,0.11871509,0.01007302
1.3935779,0.00029287534,3.760492,0.08723098,9.773824,1.3339691,44.91407,6.242287e-05,12.078054,2.0051954,3.3974426,74.78353,0.951028,0.02268788,0.0011529875,0.20276792,1.5776603,0.012029234,0.1267254,0.012252689
1.2909505,0.00024672656,4.8175235,0.10114383,10.053687,2.9460917,48.694782,5.0980747e-05,26.141403,5.12019,3.1638305,102.76412,1.8016081,0.02379207,0.0018492002,0.17870316,1.6603396,0.014214086,0.16744275,0.018637696
1.4384961,0.00033043066,4.36477,0.14568758,11.1575575,1.902389,56.097576,5.9769893e-05,26.005138,3.568925,4.4795713,80.61577,1.5085812,0.025225373,0.0020793083,0.21005644,1.842755,0.018696107,0.17021406,0.02111626
1.4484296,0.0003144559,5.752888,0.09430811,12.110115,2.1953344,62.070667,7.3892785e-05,14.999477,4.7103815,3.366632,107.36225,2.2419853,0.025151663,0.0023517618,0.3129581,2.627838,0.020404434,0.106806345,0.019246362
1.5301269,0.00014415596,2.717846,0.0801679,9.675194,1.2416084,51.27796,4.7234385e-05,12.453824,1.4862591,3.522093,56.841606,0.70180833,0.018471478,0.0012979343,0.18312836,1.1402234,0.01523358,0.12577082,0.015091362
1.6372015,0.00035274855,2.307293,0.23179619,12.441828,1.1828259,63.86317,7.394135e-05,25.97441,1.0691446,2.1032493,56.764496,0.3929413,0.06183992,0.001750939,0.32792443,0.692447,0.019793559,0.15633543,0.026549453
1.2014185,0.00034007351,5.670902,0.10762497,7.7563133,2.0827098,37.3166,7.119077e-05,12.915354,4.5610695,3.5686135,106.28425,2.115556,0.0219488,0.0022069844,0.19817027,3.2175174,0.010756096,0.050332814,0.0073260427
1.2642809,0.0003438177,7.009462,0.13480993,8.168652,2.564608,38.545067,9.108394e-05,18.702747,3.5749664,2.6972876,145.88655,2.1300173,0.038783286,0.0028890385,0.21572858,3.092055,0.020444741,0.16797814,0.018891908
1.3202081,0.00014156086,3.1642873,0.050929233,8.629254,1.3504994,42.140366,4.9955634e-05,10.32613,1.2450386,3.3456037,65.23653,0.6912942,0.027225334,0.0009588428,0.16034472,1.1050627,0.014428878,0.17115903,0.014840552
1.2827433,0.00040538269,4.086551,0.12586004,6.4885345,1.2327366,30.864952,5.8663773e-05,10.911473,2.222764,3.6829872,85.62578,0.71888775,0.024904348,0.0010231184,0.15940826,1.7750432,0.008243519,0.09390716,0.0064318394
1.2809924,0.0008371862,24.788385,0.32467267,7.483863,6.383994,42.78215,0.0001550422,43.040245,14.945752,3.1116266,435.46915,7.1526,0.05778739,0.005664831,0.40364477,13.174055,0.03343403,0.18737367,0.02647915
1.1759758,0.0008668557,18.650572,0.21802919,3.7596247,5.1364713,21.348257,0.0001169964,34.53905,12.601395,3.1499193,358.13852,4.350388,0.04869811,0.0040270737,0.34732816,9.089432,0.030000456,0.19753231,0.028073292
1.2773696,0.00066271296,18.012957,0.1886386,10.232757,6.9917736,46.084885,0.00010970839,32.46203,15.755875,3.3684084,334.6607,6.318335,0.03682083,0.0042639403,0.4495254,9.991803,0.03476265,0.19431514,0.023681259
1.249111,0.0009820092,18.268469,0.2200333,10.975345,6.4381833,46.205498,0.00012403193,32.81942,13.785066,3.825963,316.03702,6.357558,0.051256355,0.0053954283,0.41894698,8.14711,0.032358207,0.18033777,0.030613324
1.2009027,0.00027777138,5.3378196,0.0590047,7.9763775,1.8625132,35.249275,5.5923727e-05,11.787921,3.7623913,2.952307,94.33837,1.7493972,0.015669722,0.0015970456,0.17171027,2.8185406,0.011767251,0.06481947,0.007429654
1.201829,0.00034083286,5.0846343,0.09040777,7.477051,1.5410197,31.608337,4.51229e-05,11.821526,4.065274,2.9190512,94.09595,1.7289344,0.019012332,0.0013881819,0.17823544,3.0051432,0.016880184,0.056980964,0.009099965
1.2835342,0.00042058722,12.230406,0.12980466,11.511985,4.956546,61.786457,8.872455e-05,25.561272,11.596907,3.675526,202.66573,5.660289,0.020127961,0.004342437,0.28804818,5.1097975,0.03137626,0.17658517,0.02296789
1.166245,0.00035846554,6.478216,0.0917493,7.9934435,2.329849,32.656693,5.5738332e-05,14.968803,5.7590036,3.393683,123.84589,2.4636698,0.020372879,0.001816242,0.19263102,4.3916163,0.019063488,0.067092724,0.007953567
1.2263801,0.00049714994,12.357183,0.16594581,10.305737,4.3326015,51.282146,8.740813e-05,25.931952,10.218512,3.413671,233.92929,5.556512,0.030701416,0.004054855,0.27753994,6.030251,0.026527295,0.13819386,0.017267834
1.1929922,0.00037236157,10.23286,0.104047954,7.7733226,2.912835,35.864605,6.941667e-05,23.507578,7.4032884,3.1136363,193.32133,3.1574814,0.021677213,0.0033388902,0.18599811,5.133414,0.017353801,0.09788164,0.011058275
1.1866003,0.00021676485,3.7895293,0.04911006,7.0814157,1.4760185,35.179207,4.3917207e-05,11.275138,3.1909094,3.3169394,77.020325,1.4397314,0.0121239,0.0008029603,0.16400965,1.6751825,0.012250986,0.08038148,0.0073244497
1.3845704,0.00024088049,2.8964117,0.055735,8.0733385,1.0236945,42.69935,5.4828317e-05,11.294989,1.7626023,3.001834,50.93513,0.71305627,0.018635206,0.0015650404,0.15583393,1.2703741,0.008971144,0.0794894,0.00891373
1.2236004,0.00038546545,4.612673,0.08941894,6.64255,1.3252764,31.262373,5.6409037e-05,11.53366,2.6251047,3.5556889,95.166176,0.931413,0.0210834,0.0014963784,0.16907384,2.3101904,0.010326033,0.095046565,0.0073983357
1.1520257,0.00035008226,5.9053097,0.083079256,7.531324,2.03688,34.455677,5.822543e-05,15.383429,4.3972363,3.8576066,116.11612,2.277493,0.020146774,0.0022003055,0.21005476,3.7617452,0.01734719,0.08612273,0.011425345
1.2625322,0.0004875481,10.20277,0.09540908,8.868732,2.9148088,35.5598,8.295248e-05,18.614433,6.31763,3.3822494,196.43468,3.6123686,0.024904583,0.003808999,0.18507093,5.5601106,0.015510594,0.085872896,0.012127513
1.1726922,0.00031200054,3.922184,0.07649922,6.4780645,1.394954,29.45784,4.6751622e-05,11.404293,3.0683775,3.5168161,74.76408,1.4698173,0.017501468,0.0014956691,0.1315337,2.2282662,0.008272686,0.05303526,0.0060426975
1.2065717,0.0004888948,8.563431,0.13254721,7.810372,3.0493999,47.53057,7.2116476e-05,21.761032,7.538204,3.356904,153.71068,3.6742072,0.026882716,0.0027307416,0.28110102,4.888226,0.020852556,0.10909829,0.013640169
1.2603884,0.00030831477,4.0183144,0.11854254,8.071192,1.311844,38.655945,5.536846e-05,11.851667,2.62217,3.140526,75.68147,1.1322963,0.021467444,0.0016228382,0.1730716,1.9196453,0.01167696,0.06552216,0.009411372
1.3176138,0.0003551687,3.7711375,0.12785561,7.800197,1.1007342,38.76557,6.140404e-05,11.965959,1.9020505,3.61743,78.887825,1.0442791,0.024764705,0.0011366224,0.1893717,1.7949512,0.011014025,0.10710546,0.009608235
1.2214499,0.0002912131,6.7944174,0.06520157,9.030813,2.2810133,56.955997,5.8790953e-05,16.668083,4.7765007,3.4459226,141.31033,2.4773276,0.016011499,0.0017292749,0.21143259,3.5468469,0.01709674,0.08616107,0.010609377
1.2451652,0.00058663636,9.578304,0.18626525,7.181563,2.6077151,35.839214,8.403074e-05,18.459724,6.4888062,2.5653956,189.96808,3.4641662,0.041357994,0.0037378573,0.27310374,4.7692976,0.017095981,0.12619403,0.015635064
1.2600596,0.00028395915,3.60433,0.122991584,8.5591135,0.90052617,40.164722,5.3476153e-05,12.150918,1.4481877,3.1169815,69.48283,0.99590826,0.019909937,0.0011541193,0.16396011,1.5953689,0.012799879,0.0861237,0.009040206
1.3086075,0.0007558518,22.245785,0.16938384,10.364444,8.343746,55.909103,0.0001626425,47.864017,18.207792,3.221935,424.45944,8.484977,0.02561346,0.0039905873,0.833266,10.766548,0.049106084,0.19179167,0.034614857
1.2369249,0.00048530346,7.517461,0.096600346,11.692415,2.7853148,54.324455,8.49962e-05,15.643847,5.4881945,3.4954708,137.40962,2.3756256,0.027608838,0.0024425546,0.30373016,2.999654,0.016786814,0.10555515,0.017197546
1.1921544,0.0003592507,6.0269747,0.06651166,9.405792,2.1437082,43.83999,6.551865e-05,14.6420765,4.2723217,2.8000567,110.30321,1.9675653,0.025100552,0.0018555074,0.2444977,2.9016612,0.01838365,0.11777464,0.015895536
1.1192701,0.00013185959,2.8004289,0.031705745,6.5993047,1.4236212,29.389515,3.4400065e-05,10.710786,2.570472,3.2712793,59.985138,0.8758526,0.014966302,0.0008111057,0.09804871,0.8675477,0.009476007,0.09911545,0.008151518
1.2849815,0.000114366,1.7558866,0.047193043,7.7795825,0.65051836,36.05985,3.732223e-05,10.188685,0.6704693,2.8977885,37.384605,0.46866485,0.017702915,0.0006690415,0.10419844,0.54117936,0.00961271,0.101450324,0.0097741
1.3296663,0.00056661764,13.520278,0.1325037,11.996411,5.350581,60.434174,0.00011080372,26.722588,12.019522,3.3706975,237.77379,5.602256,0.029837143,0.0041484204,0.38580182,6.871681,0.025330102,0.13021123,0.024710912
1.1757954,0.00038401445,6.287111,0.064615235,8.477256,1.890598,35.851326,6.077704e-05,13.614938,4.437087,3.136028,117.480156,2.1297374,0.02003304,0.0023256398,0.19900568,2.7928126,0.012398759,0.06766103,0.008763211
1.243747,0.00066240167,10.98189,0.11185627,8.675342,3.5237777,35.54139,7.755104e-05,18.122023,7.920542,3.3930085,201.41724,3.7885554,0.038283933,0.0034846435,0.26871037,4.399765,0.020540541,0.1114877,0.018322818
1.2677768,0.0007155383,17.29451,0.25091118,10.103658,5.8543496,52.720383,0.00012839572,33.858284,14.4980755,3.7211032,327.84268,7.1189857,0.038760733,0.0050495327,0.38149485,12.350322,0.026138999,0.18715802,0.022234354
1.2398924,0.00060819666,11.97224,0.12584119,9.434636,4.3727765,34.789352,9.3028146e-05,26.715706,10.756871,3.0599208,220.36928,5.221126,0.033788215,0.004824835,0.30141547,4.8429484,0.018604193,0.1125577,0.017882101
1.2184051,0.00049060496,16.167646,0.21409367,8.0769825,6.7724953,34.234524,0.00010693543,45.748707,15.620095,2.8864717,303.93265,7.5587053,0.047679044,0.004427341,0.39612597,6.268646,0.034234755,0.2277754,0.017440995
1.3139265,0.00029081447,3.8963194,0.06127751,7.417778,1.3650377,36.692524,5.0878665e-05,7.2217293,2.5762408,2.0544105,83.123314,1.4081246,0.019824918,0.0014152199,0.15540284,1.8200238,0.011373144,0.083995625,0.008856579
1.2720178,0.0010464311,19.532288,0.27950475,10.462057,7.707404,57.67026,0.0001410137,42.62894,18.929394,3.3480465,369.9052,9.019843,0.04952293,0.0051123174,0.4550717,10.750125,0.033107072,0.24455619,0.020402106
1.2013512,0.00086179614,15.910793,0.28903714,6.2663026,3.3484635,35.445305,0.000103510596,18.767752,9.142143,3.9257634,270.78943,4.6234913,0.06927851,0.0048806453,0.26949,11.013391,0.019490026,0.12894686,0.019736344
1.2419294,0.00069107744,17.831284,0.26594353,9.032138,6.185381,47.53705,0.000120182405,28.867685,15.008937,3.3299625,324.8494,7.4498854,0.04586445,0.0067644888,0.25066552,10.224057,0.019899745,0.16020817,0.0266698
1.326334,0.00091124274,23.173841,0.26882708,13.625364,8.287272,55.28906,0.00016676451,48.01266,18.438068,4.059041,419.93716,8.262064,0.051931847,0.0060696546,0.62911355,14.035559,0.054808315,0.2640908,0.04453624
1.1814703,0.0010085142,19.745445,0.33313927,6.915849,7.760633,29.717207,0.00012809338,41.22275,18.561407,3.4712596,345.61392,8.912661,0.057015143,0.007706855,0.36705354,9.966866,0.029756397,0.26104617,0.044123795
1.1658821,0.0006059833,16.068956,0.220883,6.3796434,6.5616155,32.14525,0.000107262604,19.616158,13.935616,3.6883175,277.12982,6.903526,0.045837544,0.0062229857,0.23701811,9.10572,0.0160971,0.12043365,0.021304414
1.3887824,0.0003656684,3.7755075,0.106010824,9.574196,1.0545918,46.850998,6.257213e-05,10.581405,1.5495932,3.264806,76.10534,1.1506991,0.024238376,0.0017400711,0.18376528,2.1714635,0.012661417,0.08296841,0.00917826
1.2906703,0.00031459177,4.1759305,0.074727155,7.2565703,1.3012878,35.502407,5.970735e-05,8.641787,2.8559313,3.8264391,82.12664,1.6029584,0.013941366,0.0015720977,0.2044627,2.3162422,0.009967127,0.069861345,0.007283073
1.2591428,0.00033159927,4.3856144,0.09898951,7.159022,1.315243,38.18912,5.9091613e-05,9.895811,2.916696,3.1068192,78.66939,1.698293,0.021906454,0.0025161281,0.19253542,2.618603,0.008030707,0.04462958,0.0072115557
1.2063727,0.00028968597,5.2866454,0.06613498,8.293912,2.0637567,38.83386,6.1431434e-05,11.23805,4.0606585,3.4578571,97.89878,2.03502,0.019307384,0.0027308764,0.17707632,2.590549,0.011283704,0.072689615,0.009466005
1.2850579,0.00033431925,4.777704,0.106473096,8.412859,1.718295,32.96511,6.121649e-05,11.65032,3.8135142,3.1521583,85.23214,1.9873065,0.019823292,0.0022871525,0.17339085,2.7977061,0.010428206,0.0643303,0.009325278
1.2277983,0.00025662448,3.5081463,0.073631376,7.754574,1.318108,27.158045,5.694237e-05,8.61956,2.6605525,2.3090096,64.06031,1.3481792,0.018918334,0.0020667447,0.1506679,1.702448,0.008844446,0.07820417,0.008950472
1.2356279,0.00032606002,5.0020056,0.07799342,8.371058,2.3620317,40.10686,6.440661e-05,10.401553,4.2882323,3.212357,95.83222,1.7083566,0.01949551,0.002178652,0.15133889,2.4601698,0.009568682,0.06507353,0.0074101686
1.4440837,0.00031324563,3.4531355,0.14154106,11.277806,1.0362706,57.877758,6.52045e-05,13.53773,1.8883004,3.1718376,65.90123,1.2859097,0.022741303,0.0015976386,0.22103062,1.7173315,0.01560154,0.08599358,0.013895687
1.2549695,0.0012809011,22.78478,0.30033007,10.495023,7.5494895,42.42243,0.00015319989,45.692135,18.177095,3.6413112,395.9424,9.308723,0.061654266,0.0055173268,0.59302276,9.809916,0.054710574,0.26359883,0.056173157
1.2338719,0.0003100983,3.9100175,0.11217229,8.047537,1.1607275,37.389267,5.6947232e-05,9.229416,2.563964,3.329807,78.039024,1.7836248,0.023869822,0.0017904902,0.18995792,1.903383,0.012011916,0.0699086,0.009949619
1.2734374,0.0002951151,4.6151075,0.09326329,7.3716445,1.2533945,36.33467,5.761987e-05,10.405446,2.7483141,3.5375361,83.27508,1.5698419,0.022739822,0.002318012,0.19267087,2.4334915,0.010435334,0.05221216,0.009946305
1.336623,0.00022595306,4.020094,0.046892107,8.761319,0.8927886,45.918186,6.0954088e-05,9.578169,2.5444899,2.9507103,75.65652,1.2245553,0.020723447,0.0016110915,0.22888424,2.230545,0.012023347,0.09098687,0.011882765
