Anth,B,C,Ca,Car,Cel,Chl,Cu,EWT,Fiber,LAI,LMA,Lignin,Mg,Mn,N,NSC,P,K,S
1.1517417,0.00039109925,3.1789422,0.16605152,8.438759,1.1867747,34.14563,5.7612622e-05,19.146559,1.8604742,3.9037752,56.404545,0.63578886,0.0230981,0.0019657977,0.123911634,1.7162049,0.007465208,0.08273171,0.010224313
1.3734486,0.00017471449,1.765148,0.059693214,7.3846045,0.9786246,35.43477,4.4365308e-05,20.0438,1.528572,3.7324293,38.622154,0.5974148,0.008581753,0.0004899728,0.11277069,0.68154025,0.011945425,0.1490159,0.0077849207
1.0237027,0.00017163897,1.434341,0.04592199,6.610525,0.61186147,31.744537,3.751078e-05,17.374432,1.398444,5.6717396,33.685127,0.919864,0.008755708,0.0008558705,0.08191297,1.1858503,0.010517966,0.062355835,0.0060845283
1.3957845,0.00014328331,1.6619747,0.036715474,8.677258,0.62847686,29.605286,4.1036623e-05,8.4593115,1.1521295,4.5793686,33.262222,0.37966943,0.018134736,0.0006182848,0.09870985,0.8139771,0.00886469,0.07638703,0.0070156795
0.90326965,7.1556846e-05,0.64720225,0.015135218,6.138806,1.1733178,17.433783,2.1988844e-05,9.451781,2.1407588,0.5780542,22.919619,0.85534716,0.0036603669,0.0010836236,0.03055219,0.19010216,0.0069757495,0.10191064,0.0049509476
2.1175246,0.00019541522,1.7632464,0.11394824,8.389766,0.81281257,37.8714,4.7937825e-05,16.003178,0.8724472,3.8842607,36.993374,0.35080138,0.015677052,0.00018527822,0.14826606,0.6508221,0.013950481,0.16832714,0.012795152
1.9515342,0.00026732628,1.8033175,0.17024176,6.4319215,0.9135006,30.354696,4.874057e-05,17.345188,0.92557526,4.548995,34.545826,0.27953616,0.018381704,0.0001650836,0.13408725,0.6001394,0.01326618,0.14716205,0.012937557
1.4889284,0.00019188314,2.379932,0.04366275,9.367204,1.0397032,41.70468,4.9415536e-05,21.386597,1.4714203,3.468504,55.29937,0.54133976,0.012570332,0.0006168812,0.15509744,1.2193761,0.016423438,0.13199152,0.01058547
1.0239869,0.0001977803,1.7652657,0.0316909,5.470334,0.7146746,23.938524,4.500826e-05,9.736941,1.4168514,5.8549633,34.36305,0.6374766,0.007561474,0.0009506754,0.08880832,1.0950998,0.010092627,0.07285547,0.0063106334
1.106702,0.0001538896,1.6559675,0.057084225,6.136992,1.1647308,35.27964,4.1995005e-05,18.27926,2.778948,3.5357957,32.31679,1.2730964,0.0044884365,0.000931059,0.08637321,0.88392264,0.011216912,0.096633054,0.004283545
0.89132214,0.0002882325,2.8349843,0.09203512,4.6590343,1.0013162,27.61847,4.818007e-05,19.424002,1.9210583,3.2529361,54.525997,1.1815556,0.021295566,0.002325205,0.09634772,2.0037336,0.019289449,0.05765617,0.009627097
0.9161828,0.0002431237,2.4846742,0.07648376,5.3938336,0.86291516,30.014225,5.179733e-05,13.463565,1.7003841,4.3680925,49.414932,0.95753974,0.017618293,0.0015677797,0.12054116,1.5585715,0.0138732325,0.072288886,0.00744943
1.0591761,0.00034596847,2.945666,0.18404791,2.8423078,1.4853184,12.655858,3.942366e-05,21.85091,2.6554182,4.410406,63.862232,1.3520848,0.016619805,0.0015625522,0.060735803,1.8989255,0.010109399,0.10902365,0.0062599494
1.2871348,0.00017314195,1.5753949,0.04291821,6.2252235,0.87328255,36.96702,3.5420653e-05,20.337612,1.4797984,4.9113493,37.42913,0.5919551,0.006322718,0.00035406675,0.08687152,0.7041456,0.011033357,0.1104191,0.0068716193
1.5119476,0.00029853912,2.473593,0.18061996,5.973106,0.88409,31.22643,5.3209806e-05,11.942423,1.6577741,5.093509,48.990612,0.85596466,0.016539743,0.0009845874,0.12320582,1.1962543,0.014018023,0.109901294,0.010843263
1.2718782,0.00018049267,2.2323027,0.054549016,10.399022,1.5329882,42.266758,4.6147456e-05,17.388582,2.5200796,3.7084844,50.453423,1.0415328,0.009677294,0.0014732559,0.1357987,1.207596,0.016503215,0.08618322,0.014400715
1.9288754,0.00019941089,2.0807776,0.21027385,10.175685,0.7922697,44.489338,5.4146276e-05,18.483746,0.7421607,3.7830007,45.2208,0.6217318,0.022109933,0.0013156352,0.14272581,1.5002254,0.013949008,0.08460899,0.013967217
1.38851,0.00011863459,0.9498583,0.07979659,10.176385,0.41134402,39.46124,2.9438303e-05,13.750796,0.21912146,3.8223655,21.274961,0.11612845,0.012426677,0.00048637768,0.07280795,0.62658405,0.010130342,0.054230895,0.008475434
1.5850021,0.00023130645,1.16933,0.14370823,10.4690895,0.46270692,39.661995,4.0965395e-05,17.781239,0.21563993,4.3967214,23.93157,0.09663122,0.020597482,0.00036211556,0.10550104,0.8502826,0.011420822,0.0516967,0.009000725
1.0774282,0.00037711402,2.123919,0.13160415,10.632577,1.141564,38.00791,5.244343e-05,18.927446,2.194423,2.271518,46.091167,1.0492983,0.02660238,0.0013069782,0.123445876,1.4056339,0.008414881,0.071004175,0.008926413
1.243152,0.00019121144,1.4611076,0.09146417,11.07035,1.3739723,35.07062,3.200694e-05,29.627928,2.1217294,4.2376523,52.06177,0.7443876,0.033376895,0.00034376638,0.099297404,0.52635276,0.008180722,0.08580742,0.010485517
1.179412,0.0001684992,1.778704,0.04070045,9.713139,1.2601202,30.992014,4.0661147e-05,14.7733965,2.8727684,5.6504393,43.77323,1.2946528,0.013429147,0.0003810531,0.109309524,0.7675926,0.009201699,0.08970224,0.011377228
1.2241089,5.41317e-05,1.1299684,0.030550495,11.850683,0.88525784,46.253136,2.6526008e-05,12.734917,2.0308125,5.850628,37.298946,0.76270145,0.008480323,0.0003378359,0.06837856,0.58855903,0.008063495,0.065122634,0.008436164
1.9017316,0.00019866765,1.3545256,0.09891251,12.316304,0.67509717,42.934444,4.515094e-05,12.812554,0.7935244,4.194768,31.47274,0.47468597,0.019026933,0.0007382611,0.13542908,0.75992465,0.008212413,0.061858628,0.010343711
1.3325565,0.00021508368,2.711141,0.053066667,8.828355,1.7396011,41.435337,4.2017604e-05,13.13992,3.2625482,4.0904355,59.870804,1.0241892,0.015747173,0.00050390273,0.13581532,0.37046617,0.0079085985,0.12031233,0.013108674
1.6740167,0.00022621949,3.2746186,0.06236949,11.283541,1.4522722,55.849144,5.862493e-05,12.463949,1.9690692,3.2394557,69.631195,0.58184457,0.02507724,0.0008455183,0.21186778,1.1671429,0.01402424,0.10965258,0.014042056
1.0853788,0.00010300472,1.1668824,0.086332075,9.485553,0.8784106,34.26481,2.818813e-05,17.820787,1.8078301,3.3660114,26.856195,0.69346994,0.00844783,0.00088913704,0.08331766,0.5954134,0.011936335,0.059605785,0.012795731
1.4401847,0.00017569875,1.5466483,0.11010961,10.668007,0.63577664,37.426884,4.186564e-05,17.197174,0.76605195,1.8745316,32.673748,0.24824414,0.0223017,0.0010378284,0.14678623,1.0981133,0.0126540335,0.056034468,0.011393939
0.96101296,0.0001727084,2.1967306,0.034474287,7.496173,1.0677171,25.596966,4.865831e-05,12.044194,2.4219184,4.110215,52.83335,0.97394425,0.011612921,0.0015017801,0.11008476,1.3353156,0.010705373,0.09412339,0.007433121
1.3685496,0.00038602165,3.3266733,0.09653994,8.969212,1.9496231,43.420353,4.8960235e-05,11.306057,3.5239027,4.055668,80.80576,1.2516838,0.02430709,0.0017257389,0.10851729,0.97818327,0.0071794167,0.11351459,0.009489723
1.3205918,0.0003038315,2.3579252,0.117447786,10.996065,1.3809638,41.480705,4.288028e-05,28.306627,1.777025,4.9821486,65.534744,0.36493847,0.03952238,0.00033071003,0.13630626,0.88539284,0.010305364,0.100669764,0.010822877
2.2783115,0.00026105673,1.5567497,0.14864163,11.693584,1.013058,46.2868,5.570861e-05,17.32519,1.0524517,3.9394403,34.506214,0.33502644,0.025776489,0.00032392333,0.16732936,0.56414986,0.010823275,0.12851624,0.013928591
1.5278212,0.00025960393,3.1718786,0.060814653,11.703797,2.1433096,62.02239,5.543692e-05,18.366127,3.703355,4.2678905,69.696884,1.6660235,0.013786745,0.0014028387,0.15153886,1.194914,0.014536625,0.10417532,0.013638614
1.1506588,0.00022412173,1.5511922,0.07037248,9.313562,1.1545752,36.11835,3.5370587e-05,18.543638,2.143336,3.842312,36.450245,0.94949365,0.01339413,0.0009904149,0.096173935,0.70938456,0.011606575,0.07635361,0.0113159595
1.6091434,0.00026065388,2.658749,0.07341231,9.50841,1.2648256,39.26736,5.0731276e-05,15.583636,2.3333535,4.214694,55.825687,0.8111819,0.016444173,0.0009989218,0.15366222,1.3676091,0.014904037,0.09776718,0.010632853
1.6229854,0.00015083775,2.040717,0.07522957,11.377079,0.99447984,52.36155,3.998879e-05,11.183543,1.5248103,2.064021,43.23197,0.6135963,0.016768664,0.0009982279,0.14065535,0.8207853,0.013437802,0.09270129,0.014499911
1.3280085,8.57368e-05,1.8660879,0.05269579,7.6222,0.81831545,26.943514,2.7825587e-05,6.936067,1.4855235,4.0293174,36.77073,0.2703156,0.011492869,0.00039979714,0.118083134,0.82704276,0.011391616,0.091333605,0.010455194
1.5776833,0.00020324462,2.017566,0.08003888,9.462081,0.66197824,33.54913,4.5382858e-05,13.365575,0.9797443,5.0330725,42.27501,0.22367935,0.016418517,-0.00023101548,0.14282964,1.1625388,0.013188811,0.06984578,0.008380531
2.0231814,0.00013673246,1.7208767,0.103462584,9.87239,0.736543,40.76475,4.2770942e-05,18.317902,0.7467786,4.292178,40.35701,0.5699026,0.014558319,0.00070332387,0.12555061,1.0044358,0.01279459,0.11751795,0.012448714
1.0401124,0.00013554266,2.0028293,0.03368281,8.556637,1.1174325,26.372402,4.2578045e-05,15.035764,2.7219265,4.8166547,48.03658,0.9481055,0.008508093,0.0007814335,0.10693111,1.2003461,0.010836893,0.09081107,0.007401583
1.2778019,0.0003265189,3.2756772,0.045232415,10.997314,2.5009966,44.730827,5.5420503e-05,21.428398,4.2788305,4.0562353,71.29406,2.0460997,0.013548348,0.0018950602,0.14126347,1.4278022,0.013675481,0.1184975,0.011443305
1.1540703,0.00027381888,2.7984776,0.079747066,9.506314,1.7432231,39.93331,5.2461935e-05,21.665054,3.647647,3.659478,60.169556,1.8945253,0.01756957,0.0012888964,0.18423249,1.2526135,0.018088367,0.09960896,0.017581638
1.2852511,0.00013691204,1.9882197,0.05638974,8.983781,1.0095944,31.206783,4.306733e-05,11.909597,1.9988194,5.215496,41.48586,0.61612254,0.01188887,0.00021347209,0.118950285,1.079559,0.010864012,0.10831364,0.008784431
1.4841303,0.00023296796,2.5107348,0.098548226,8.598131,1.3992742,23.9688,4.893404e-05,19.955002,2.402671,3.240157,60.165237,0.83086854,0.01919516,0.0006322186,0.12485122,1.4576651,0.010755149,0.09684481,0.008460359
1.1078498,0.00015645329,2.1715765,0.044329632,8.38796,0.85485506,26.186153,4.4100216e-05,12.291197,2.166102,6.000868,47.872944,0.92740536,0.010512648,0.00081179495,0.10594497,1.4719194,0.011212372,0.08294993,0.0067876466
1.1554233,0.00014863703,2.186577,0.04072521,7.284268,1.0135046,24.023233,3.797537e-05,7.4858756,1.949904,5.113241,42.468185,0.58303064,0.011730851,0.00079108885,0.10994786,1.2066264,0.008413473,0.07830741,0.008144144
1.0961267,0.00011976917,1.8558023,0.03910823,8.177719,0.99164504,28.586304,4.4044868e-05,14.486012,2.1548476,3.4283364,47.24193,0.814039,0.011455516,0.0011023987,0.10395066,0.8743376,0.012325309,0.116218634,0.009113768
1.0963367,0.00018151602,2.4494982,0.00931696,7.48041,1.6630656,29.520748,4.3099095e-05,11.767977,3.2144277,4.1428366,55.4439,1.1816136,0.005007704,0.0005984438,0.1374155,1.2912976,0.0075793113,0.081771314,0.006250067
1.2523721,0.00017544541,2.4270394,0.012990613,8.029829,1.16059,22.46093,4.046717e-05,10.4916,2.512247,5.80825,46.394943,0.91411334,0.009760944,-0.00010473468,0.09670554,1.1848329,0.009113044,0.08609215,0.007212762
0.9767859,0.00024006625,2.6384099,0.093218885,8.916251,1.4160072,27.258041,4.8963826e-05,19.46182,3.4592502,3.1600318,59.060295,1.4556202,0.015404789,0.0018569796,0.124871366,1.509829,0.010130732,0.09056622,0.008942818
0.9185709,0.0002721376,2.4433162,0.08603242,10.183382,2.1970184,42.006947,5.3848067e-05,26.896187,4.2342687,3.1277323,59.566383,1.8802146,0.018543132,0.0015958027,0.16863027,1.100374,0.017528428,0.10484142,0.018981965
1.8620385,0.0002242128,2.1159663,0.085626744,9.940888,0.9483433,26.964725,4.894638e-05,9.106609,1.5747261,3.0665402,44.925053,0.51134247,0.028770102,0.00031098956,0.1403178,0.99239355,0.009825362,0.08871345,0.010267386
1.3318831,0.00015015327,2.1794903,0.023054272,10.047356,1.1423446,32.295864,4.4531476e-05,11.158686,2.1517973,4.5624433,46.328,0.78594214,0.01336506,0.00016555797,0.11548274,0.9353462,0.009463535,0.11250177,0.009067874
1.3825438,0.00019646095,3.0184898,0.067121975,10.39737,0.89582944,33.116913,6.778936e-05,12.601326,1.2521486,3.34983,54.31882,0.6657389,0.02002048,0.0007723854,0.20815428,1.9567875,0.013731787,0.07151468,0.008857233
1.3237298,4.4874112e-05,1.063805,0.04655226,9.498448,1.1562637,39.436665,1.4810352e-05,22.575132,1.8170522,3.4281693,35.84812,0.67576057,0.014676232,4.8520436e-05,0.0460776,0.5021135,0.008718575,0.077502795,0.006824269
1.0082694,0.00038571368,9.208794,0.13880925,8.106288,3.3131282,29.835016,0.00010113515,39.851772,7.410749,2.9146378,196.08199,3.4695637,0.023291584,0.0034095594,0.25234964,5.441453,0.028085371,0.1577547,0.013718272
1.3381984,0.00021136689,1.6534669,0.06596889,9.582534,0.85947925,39.43915,6.757084e-05,8.619903,2.40271,6.3570647,35.170246,1.5458362,0.008196568,0.00091186824,0.1548091,2.3088796,0.02018249,0.06140095,0.011248497
1.1579459,0.00016932587,1.9747206,0.050010435,9.439522,1.3088099,30.042881,4.8375357e-05,13.439001,2.986657,3.9100595,44.53121,0.88374907,0.013571771,0.00075055234,0.15824568,1.2202202,0.014875782,0.122225575,0.009635377
1.1251986,0.00014761568,2.207199,0.011978672,8.753784,1.2064307,29.193146,3.83302e-05,9.720412,2.243769,5.07429,49.43764,0.8336177,0.0091930395,0.00026687887,0.091692746,0.88419414,0.006253722,0.09820924,0.0062169717
1.2828555,0.00020732885,1.9178778,0.06416087,8.897041,1.0980268,25.876657,5.0766208e-05,11.799223,2.2188668,3.6405547,44.29253,0.85555834,0.013595246,0.0009542231,0.11125515,1.1248009,0.010407729,0.09391927,0.007841279
1.0945421,0.00043648566,1.7423235,0.11612798,8.997109,1.0131717,26.189657,5.76246e-05,12.595198,1.2343576,3.6733816,34.534733,0.3441238,0.025512543,0.0013720313,0.14077626,1.348492,0.010733953,0.083878696,0.0090525495
1.0842144,0.0002609703,2.106404,0.08273072,8.921404,1.4317492,29.829964,4.9702954e-05,18.971422,2.3261518,4.135759,47.50295,0.88185567,0.014155406,0.0014423903,0.15081698,1.1633883,0.013154423,0.11934597,0.012646038
0.82506555,0.00020972986,2.6851933,0.032544944,7.1181655,1.4681661,25.51062,4.2236563e-05,12.290286,3.1404138,4.604053,57.545708,1.1661954,0.011331623,0.001080441,0.082880184,1.4710416,0.00677332,0.07080018,0.0033057972
1.3607382,9.314048e-05,2.3911939,0.020539613,8.408745,1.6396863,31.217537,3.9903138e-05,11.971911,2.6925073,2.8092818,48.46085,0.83783567,0.00806364,-0.00024344772,0.12393294,0.9476263,0.012118347,0.11552146,0.010561666
0.976444,0.000107824926,0.75911033,0.047887053,5.465267,1.0001433,13.52247,2.8253044e-05,11.772939,1.8284485,2.7988977,20.585396,0.64280236,0.0076242737,0.00013458294,0.03921407,0.39786232,0.009135106,0.08382063,0.006100137
1.1799105,0.0002155302,2.2373097,0.053305462,9.925244,1.0654303,28.519054,6.441943e-05,11.536522,1.8236145,3.9407191,43.857998,0.8881851,0.015187405,0.0010657927,0.116533205,1.434051,0.007967535,0.06663986,0.005370885
1.212109,0.00023221735,1.4020648,0.11870657,10.427254,0.963949,36.850796,4.072466e-05,19.42411,1.230414,2.904099,36.43015,0.42727226,0.02932753,0.0006850027,0.14342932,0.64435995,0.010462461,0.07896114,0.013751807
0.89086264,0.00019155329,3.4271657,0.047084905,6.563693,1.6310476,23.896841,4.4920074e-05,13.892612,3.2145445,4.4773126,76.90067,1.0186728,0.014665155,0.0012954798,0.09809647,1.5125273,0.010349993,0.1131149,0.0061808205
1.2167956,0.00020491017,2.1282105,0.041197024,9.797689,1.0261292,28.970425,4.8992813e-05,12.38476,2.3850172,5.7618494,45.899105,0.78470373,0.015959036,0.00042508644,0.13230029,1.3712447,0.013466683,0.09227211,0.007916246
1.2213961,0.00026817602,2.0087879,0.08740277,12.910244,1.423706,40.96146,5.4117358e-05,29.240337,2.6964712,3.1261806,48.887867,1.2805418,0.01636166,0.0014723864,0.13426924,1.19424,0.011892761,0.14432475,0.010777568
1.1535447,0.00015305504,1.9578879,0.06154729,7.645949,0.76278067,23.75372,3.6938094e-05,14.182733,1.0881974,1.9984431,41.59197,0.35731146,0.013530934,6.907567e-05,0.107340276,0.76484543,0.0096365055,0.11286066,0.007175574
1.1622528,0.00022594174,2.1417978,0.08026094,9.67609,1.1865586,38.583588,4.196807e-05,15.81467,1.670097,2.7261245,55.173225,0.55533767,0.023853626,0.00083827047,0.13859737,0.8280588,0.00783543,0.08294034,0.00879919
0.7614963,0.00028972502,2.2297504,0.05184497,6.177042,1.1898938,20.147755,4.9757735e-05,11.581963,2.6730516,5.4004235,37.91164,1.0561957,0.01569458,0.0014015085,0.10088353,1.5762945,0.0078467,0.070404075,0.002938193
0.92438895,0.00012301207,1.2119032,0.0039741476,9.009573,1.007797,31.202473,3.9894512e-05,11.612474,1.4952406,5.4116344,35.7319,0.62000823,0.0034413983,0.0005567424,0.08079748,0.8369662,0.0073231305,0.08826519,0.004777204
0.9510327,0.0004454347,3.0937903,0.10944819,9.478728,1.8658872,38.35097,6.762471e-05,26.339342,3.9453504,4.788818,56.369553,2.107075,0.018126115,0.0023642345,0.162972,1.9195575,0.011626687,0.084991254,0.012311667
1.3455168,0.0001085518,1.9959226,0.05681228,9.72498,1.0077401,38.569065,4.9295497e-05,14.66041,2.2134926,4.4304805,45.828697,0.99957335,0.009536028,0.0007484285,0.13829044,1.2044216,0.01791575,0.1330269,0.012508069
1.6997553,0.00013620367,1.8856674,0.07708061,10.614447,0.80240005,41.34296,3.838093e-05,14.979526,0.9059178,3.5643625,44.822433,0.70523906,0.015045866,0.0010304629,0.1329385,1.2052749,0.010502572,0.07904186,0.009717766
1.3537275,0.0001015413,1.5270239,0.054769717,9.265407,0.64834505,37.13089,4.4376156e-05,14.1943445,0.99775225,2.6357665,36.370758,0.58903694,0.012161443,0.001153398,0.1150419,0.98736423,0.011300353,0.09128888,0.008160874
1.1181473,0.00010858556,1.8076158,0.06861056,7.742158,0.89324397,28.8776,3.045286e-05,13.0888,1.9689482,4.009657,39.790848,0.9719108,0.012666111,0.0009578265,0.08644231,1.1081256,0.015495652,0.08993285,0.012441427
1.0503387,0.00018093229,2.0308251,0.061326873,9.4010515,1.0561442,34.45193,5.1116294e-05,16.188955,2.2667289,4.2413063,48.653393,0.9551968,0.011276859,0.0008165129,0.15340939,1.7229401,0.016725976,0.077149644,0.01257705
1.7348015,0.0001378113,2.5988843,0.0900431,10.264136,0.9060726,38.10135,4.741862e-05,13.968383,1.365282,3.069558,57.108845,0.679446,0.020928206,0.0011066215,0.16472954,1.5460542,0.01502899,0.09497355,0.013700369
1.0240377,0.00027199436,8.01025,0.0631747,7.7770777,4.004789,36.380913,6.0113474e-05,63.610588,9.951285,2.5991654,154.49377,5.848579,0.011343549,0.0031266208,0.23896831,4.303934,0.02058279,0.120997034,0.010371909
1.2360172,0.00013880395,1.943594,0.049724042,8.726978,1.0996008,31.323505,5.2587544e-05,14.025542,2.0777273,3.9048283,44.32662,0.71705335,0.011249732,0.0005304052,0.13621542,0.9785191,0.016031845,0.14663558,0.011235321
0.97216237,0.00019026193,2.4962904,0.061952863,8.585697,1.2788125,29.84628,4.4949396e-05,17.342552,2.741334,4.1608787,55.35278,0.84315246,0.016238492,0.0010075244,0.12756005,1.4550401,0.013281283,0.1116859,0.007499482
1.7197243,0.00023423725,2.9162555,0.13242956,10.9245825,1.2476293,53.156643,4.9472637e-05,13.597127,2.467135,5.841921,66.29351,1.2993708,0.018781776,0.0008996664,0.14027892,1.7562412,0.013033864,0.08074686,0.009840914
1.8027349,0.00038514365,2.9789865,0.17405894,10.369133,1.22587,58.5025,4.5006596e-05,9.280308,1.1742538,1.4165374,58.412598,0.20669998,0.052759796,0.002774903,0.11636808,0.84169024,0.0106589105,0.108338654,0.011891304
1.2685349,6.753386e-05,1.3422004,0.06347973,9.844361,1.1296537,47.14847,4.3042917e-05,14.136039,0.6333104,1.4657904,46.682556,0.18872714,0.018507212,0.0018934683,0.10968338,0.4546205,0.016060567,0.17206778,0.015866749
1.0167861,9.127498e-05,1.2132906,0.038880274,8.466263,1.340173,39.601055,3.756046e-05,11.055682,0.8403149,0.83032995,42.032825,0.36977106,0.013738991,0.0018699784,0.085344106,0.41418654,0.009834863,0.15046786,0.009436726
1.3361881,0.0003322671,4.285229,0.11909543,7.4462533,1.5458905,27.24304,5.4745153e-05,17.374542,2.769933,2.4986844,82.22494,1.5176629,0.024054343,0.002329375,0.13192283,2.8448455,0.009623184,0.04978519,0.00693984
1.0648634,0.00039442946,3.6313891,0.13309482,7.769972,1.3909814,34.323685,6.43455e-05,17.755924,3.3768587,2.3955352,76.33699,1.5845101,0.024384124,0.00217944,0.17591575,2.3787582,0.0135477865,0.09868713,0.0087144235
1.570738,0.00010707451,1.671277,0.05634097,10.29701,0.71292466,34.948185,3.9397182e-05,8.67896,0.7972073,1.2661718,34.49718,0.3233578,0.017517855,0.00075091945,0.105424576,0.6430824,0.009133204,0.08091672,0.009929368
1.4885572,9.1709066e-05,0.87803143,0.050511792,12.164639,0.6339497,45.360542,2.4945273e-05,24.066494,0.4881367,4.1059628,26.206642,0.36639675,0.010818402,0.00037756193,0.08393224,0.74192595,0.009698243,0.057534914,0.008612435
2.405557,0.00026838217,1.7425532,0.20263954,10.921356,0.98529035,44.172184,6.162665e-05,20.793259,0.8050794,4.5922275,37.49903,0.36868447,0.025201209,0.00033823136,0.16044565,0.94319654,0.013454935,0.11284823,0.01343777
1.7514867,0.0001338834,1.3069407,0.038252097,9.540454,0.8654329,42.366634,3.6354035e-05,16.929674,0.9598565,4.150483,27.849285,0.48438498,0.008077402,0.00016273673,0.10822762,0.6099253,0.0109987585,0.10766675,0.0076357475
1.6979579,9.107261e-05,1.8328574,0.033330716,9.695925,0.9630657,30.4257,3.415637e-05,10.258545,1.0583037,1.0117173,39.28438,0.39481747,0.015260167,0.00030704238,0.12333848,0.38677162,0.006512466,0.103220016,0.009211412
1.1039324,0.00013530851,1.6853219,0.047007944,11.663855,1.263789,48.97306,5.0974482e-05,9.839396,1.7169825,-0.21843722,50.05615,1.1319234,0.016039139,0.0031161238,0.12918255,1.3945135,0.00784844,0.076713234,0.008356712
0.7877393,0.0002244872,1.0455049,0.053466797,5.8282223,1.0578487,20.643097,4.078243e-05,14.168835,1.3444334,2.0705593,29.819193,0.45713976,0.012316663,0.0009587449,0.064988025,0.76033336,0.007718776,0.108043,0.0038518175
1.3030667,6.458236e-05,0.9660756,0.029983435,11.231437,0.9794003,43.01865,2.4531104e-05,13.540463,1.996628,5.350247,30.612675,0.80738044,0.009465371,0.00023063728,0.07613448,0.3751655,0.008049919,0.063055515,0.009559845
1.4618945,8.8994806e-05,1.2986432,0.05994304,8.83227,0.31190762,34.60563,3.7721762e-05,10.998949,0.60057896,3.3629954,26.82709,0.39444843,0.01467647,0.0011564174,0.101884134,0.943085,0.0124183195,0.07741669,0.009659945
1.3980983,0.00030390595,1.6578497,0.10790502,10.707158,1.3143152,41.18061,5.0281953e-05,29.583906,1.4628521,2.4777484,48.45398,0.5589631,0.03082884,0.0008408042,0.17311144,0.6389702,0.011563423,0.122370414,0.01545101
1.6172899,0.00021709863,1.3263352,0.0679724,10.827806,0.73994,47.17824,3.9942683e-05,10.99558,1.0774591,5.2557573,34.228806,0.2917018,0.0120379105,0.0002862901,0.116989166,0.46292496,0.007684777,0.07162834,0.008319075
1.5706245,0.00012003117,1.4498422,0.052154254,10.037469,0.8151332,35.71113,3.6804668e-05,14.193378,0.95693,3.4471622,32.953075,0.3502062,0.012783482,0.00021592678,0.1285491,0.601981,0.010203269,0.095522545,0.009710172
1.4156095,0.00044164565,3.078097,0.16208667,11.4411335,1.7109054,52.778893,5.6685913e-05,32.771954,1.8329448,4.2770395,71.68303,0.3914244,0.04374538,0.0010448387,0.17618003,1.3888268,0.010207121,0.09968691,0.011023495
1.5669618,0.00015834706,1.2329829,0.10281414,10.159975,0.56579125,37.19407,4.0355917e-05,11.782157,0.59413904,4.49555,30.004448,0.34096915,0.01646986,0.0010395232,0.1081947,0.9156904,0.008310544,0.06335173,0.010082026
1.3457701,0.00017413606,1.7589805,0.11236072,10.08787,0.7521762,38.875572,5.0616127e-05,14.439744,1.2423455,3.8665178,38.784958,0.39170223,0.018308815,0.0002580042,0.14677133,0.9863383,0.016124211,0.12189929,0.012135753
1.5478292,0.00029249457,1.3730614,0.1733462,10.268089,0.7521656,40.9852,4.2355532e-05,16.146093,0.79781336,2.919735,32.957634,0.10073181,0.021665264,0.00043056204,0.12495969,0.6148301,0.009857522,0.10010817,0.009423181
1.618636,0.0003033625,1.7791692,0.13588357,10.17013,1.4593776,39.21189,4.7073103e-05,40.93578,1.6072599,3.0049343,46.99088,0.58008325,0.03667427,0.0004554024,0.15505314,0.5880172,0.012483277,0.12723528,0.017799413
0.9765713,0.00017792486,2.949732,0.11012337,8.352281,0.90385294,29.030922,5.17303e-05,17.07426,2.4574075,2.2423499,49.795105,1.375368,0.010550064,0.0023159906,0.12721436,1.6824859,0.012349635,0.11757671,0.0104911355
1.4357902,0.00010509364,1.1221495,0.046533294,12.020802,0.7570236,50.76806,2.5773234e-05,14.872632,1.0928696,3.5037124,38.22957,0.2942238,0.010007882,0.00024213316,0.093801335,0.38137513,0.008818391,0.07620271,0.009220455
0.8053975,0.0002681997,1.6087611,0.09701812,8.249594,1.3882359,25.346611,4.87165e-05,15.25678,3.5125864,2.8903768,36.538937,1.8116437,0.014999166,0.0017784378,0.09411863,1.4166868,0.009319014,0.06299901,0.0074539124
0.91550887,0.00013791904,0.9233049,0.057274155,5.718035,1.1512827,16.252262,3.0376648e-05,13.428377,1.8411828,2.195862,29.46845,0.5906051,0.011188925,0.00043110678,0.03715245,0.5896482,0.007958202,0.08599996,0.0050614015
1.4552505,0.00039349453,1.7335988,0.24522652,11.267979,1.2847899,45.349365,4.9435686e-05,33.77219,1.3817885,4.1251764,47.726456,0.3104942,0.055519156,0.00068945816,0.15774697,0.6292457,0.009369954,0.09795445,0.0138331875
0.76320106,0.00025067065,1.4942365,0.11082096,7.034726,1.2031169,18.316656,4.488789e-05,16.188396,3.0005941,3.079959,33.54638,1.390075,0.012282228,0.0019040033,0.09423824,1.2842228,0.009655702,0.07568861,0.00700291
1.3581684,0.00039248593,3.2739663,0.20500417,11.203291,2.2228923,48.054058,4.5727837e-05,52.559982,2.5588932,3.9992015,81.70985,0.6505826,0.040838804,0.0010996213,0.15922026,1.1938744,0.0101855425,0.12825811,0.013457231
1.5724347,0.00018209155,2.6605864,0.06797014,10.220101,1.1365836,33.889297,5.9442144e-05,10.129614,1.4197164,2.5882814,53.993526,0.62341607,0.020393925,0.00050013897,0.17615534,1.1371477,0.012908895,0.10366353,0.012271117
0.78423625,0.00031569603,2.1222482,0.098109014,8.042596,1.3010528,25.437437,5.6048608e-05,17.209543,2.557084,3.728724,40.595844,1.0121621,0.015748665,0.0022809992,0.13140166,1.6151375,0.011125375,0.084172376,0.010775217
1.0495515,0.00031562938,2.3098252,0.067531176,9.004079,1.261052,28.550459,4.9612812e-05,12.583493,2.2923205,3.9706397,40.055084,0.8362743,0.016497105,0.001639772,0.12416827,1.3786637,0.007522096,0.073131755,0.0088095255
0.82149094,0.00041960058,1.497533,0.16641247,7.9781213,0.8296353,30.183859,5.8239923e-05,12.595957,1.562919,3.9524693,30.330711,0.77239466,0.020310208,0.0019761582,0.1102773,1.3803456,0.009574229,0.045102667,0.0083231805
1.0651484,0.00025374492,1.9794234,0.10449507,8.298842,0.9897798,21.527552,4.4318494e-05,15.481138,2.4749372,4.508855,37.24134,1.1706841,0.009518302,0.0015898293,0.109675005,1.4602996,0.012364362,0.08057943,0.009203341
1.2641126,0.00037191424,2.3567154,0.16132271,10.846944,1.50683,45.703465,5.022851e-05,32.572887,1.8861799,4.4838476,57.871246,0.38401088,0.04475984,0.0008235336,0.15330884,0.9070214,0.008402464,0.10970575,0.011252946
1.2488022,0.00020686933,2.7289736,0.11166034,9.761432,1.2953628,46.034695,6.988267e-05,10.626221,2.0070143,2.7495768,72.94007,1.3575397,0.020139875,0.0027189846,0.16551945,2.4201884,0.008675044,0.043916956,0.010051227
0.957696,0.00027487305,2.6456397,0.0999816,11.107797,1.6219463,46.48204,5.6347973e-05,24.519613,3.8036034,3.351175,68.85559,2.1589842,0.022392703,0.0018305184,0.18938869,1.4284551,0.021877598,0.11302312,0.02283829
0.9845676,0.0002263576,2.3993566,0.058436606,7.6672535,1.2979172,20.34806,3.7747886e-05,9.906474,2.9961364,4.5077605,45.28006,1.1067755,0.019744165,0.0015908625,0.07830634,1.0115695,0.0063257692,0.060246423,0.0049571907
1.08965,0.0002986648,2.56937,0.114906184,10.73664,1.0764507,37.80316,4.8069785e-05,19.06273,1.928421,2.9163074,44.477318,0.64078325,0.021826105,0.0014194183,0.12703784,1.6225002,0.010220604,0.09560166,0.011190602
1.1797043,0.00015987504,2.3428512,0.061021175,10.305105,1.3756945,48.08022,5.7847374e-05,9.519386,2.0285025,0.91757584,69.02202,1.4908448,0.02034309,0.0036643601,0.15502746,1.8567148,0.007450198,0.0597195,0.0104044955
1.2304292,7.895994e-05,2.149774,0.0345052,9.756451,0.8821482,43.11546,2.9125367e-05,18.727034,1.1784992,3.0107965,61.609722,0.37041152,0.0150096705,0.00045321826,0.11292427,1.1770333,0.0096769435,0.0731371,0.008548375
0.81791925,0.00019516911,2.1279075,0.07628432,8.021912,1.184456,29.215136,4.901656e-05,18.390558,2.5258446,3.355565,44.91459,1.0926929,0.014114954,0.002251984,0.14207096,1.7530346,0.012286752,0.07800424,0.009113645
1.1362998,0.00017700047,1.982743,0.057841476,8.129019,1.1718578,26.061789,3.5500758e-05,15.374055,2.4544837,3.2056427,46.08077,0.72722006,0.015038065,0.0006649032,0.098958045,1.16303,0.009930832,0.105196565,0.0064550964
0.985621,0.0002435104,2.3458638,0.045901466,7.4939346,1.3649353,20.517145,3.8958486e-05,9.233503,3.0016375,5.1200657,43.777573,1.083077,0.017557777,0.0015173241,0.07681347,0.973924,0.0062895603,0.060799435,0.0050016767
1.0153117,7.965947e-05,1.3926462,0.009559762,7.9860435,0.76338637,27.230516,4.275776e-05,9.373411,1.6139469,4.1151977,35.730038,0.7053775,0.004267796,0.0012811463,0.07847182,0.91712356,0.009208249,0.08408585,0.0068055624
1.302897,0.00018824139,2.029522,0.071615405,7.8347044,1.0505297,22.907272,4.766475e-05,10.837482,1.813235,2.8967752,40.830917,0.7722532,0.017891148,0.0013592183,0.087561324,1.265748,0.007768388,0.06276361,0.006003906
1.1091399,0.000188196,2.5792952,0.09202116,7.889342,0.97019273,22.335165,3.795629e-05,12.624801,3.2242506,3.6815822,43.110607,1.6788608,0.009339916,0.0020958225,0.09239714,1.7119476,0.011239319,0.07047164,0.010517568
1.0620713,0.00024316984,2.0977557,0.07537681,9.876781,1.3234919,33.76458,5.2492403e-05,22.033802,1.7178096,3.0942087,66.6817,0.6682806,0.01789995,0.00086195726,0.17100395,0.98388886,0.011588512,0.14906609,0.011018282
1.2060066,0.00016898579,2.0804527,0.07371411,8.864437,0.9560666,33.467815,3.9789124e-05,16.22945,1.838263,3.267889,43.78806,0.49192953,0.015094524,0.00089621556,0.15718281,1.6325537,0.016882636,0.09554244,0.01161112
1.0939145,0.00020872064,1.7618388,0.08771499,12.207764,1.3736233,44.535175,4.0579187e-05,37.546345,1.7058059,3.8588703,64.65685,0.6123797,0.023037251,0.0011871401,0.12066849,0.9923784,0.012446856,0.10942766,0.01754456
0.7201658,0.00020565689,1.4159,0.110481724,6.596939,1.3033539,13.373629,5.1236733e-05,15.914561,3.107751,2.4295719,30.864182,1.6019075,0.010577551,0.0026687493,0.10926798,1.294419,0.010638151,0.08335918,0.007766958
1.0034041,0.00030107645,1.4702246,0.1215916,7.419611,0.9941783,15.837382,4.8422753e-05,15.04338,1.736116,3.8481584,35.7309,1.0363587,0.014568853,0.0016576035,0.13258864,1.1959368,0.013517633,0.07814567,0.010222303
0.81111497,0.00037752342,2.3209703,0.21067819,7.0536776,1.041968,22.801195,6.244282e-05,16.298492,2.0740256,4.050748,37.828655,1.041052,0.028194001,0.002440801,0.12839729,1.8292284,0.0128062805,0.082608216,0.011318836
0.8216797,0.00021425371,2.6126719,0.057361774,6.8820167,1.4360512,22.027746,5.0940886e-05,14.791077,3.2676785,1.8079606,61.11069,1.358582,0.014970073,0.0025137255,0.12629233,1.520859,0.009497835,0.09773062,0.006629571
1.182809,0.00019354977,2.4582539,0.03354282,8.093068,1.0362582,24.105717,3.9588984e-05,10.93996,2.1000218,5.4648767,49.40495,0.61828583,0.015717646,0.00044164885,0.08655049,1.4027094,0.007878666,0.08018401,0.0046301824
0.8839517,5.53421e-05,0.75708324,0.057676733,5.220863,0.7738368,6.5268326,2.6084685e-05,13.406676,1.4765972,0.42667285,18.155645,0.6123296,0.009180598,0.001032669,0.03344188,0.31926748,0.008578477,0.10237399,0.005490549
0.8688461,0.00023911634,1.3674169,0.0549015,7.150792,1.0311927,26.634287,4.3868527e-05,19.795458,1.1281667,0.8012778,33.45364,0.4534705,0.012552491,0.0010548166,0.098865554,0.6689194,0.007942279,0.13866478,0.0047691567
1.1294873,0.00023184929,2.3062048,0.034228988,8.354452,1.0363692,27.446133,4.3642816e-05,10.199957,2.1308632,5.683208,48.594887,0.7658064,0.015836677,0.00063112774,0.08462713,1.0711312,0.0067235157,0.08567131,0.0050719334
0.97051656,0.00017660116,1.9725596,0.041007783,8.53232,1.1971209,25.126238,4.267204e-05,13.577239,2.756526,3.138344,47.644318,0.91928214,0.013103019,0.0014584474,0.12058776,1.2052995,0.010832568,0.08424934,0.008189406
1.0817237,0.00017189504,1.687006,0.03672209,10.049142,1.4832962,37.57777,4.5715024e-05,13.576679,2.9469857,3.3736503,38.19669,1.2423195,0.008668405,0.0014049392,0.1279431,1.0553362,0.01258093,0.10857518,0.010416932
1.728421,0.0004005032,2.254812,0.13832076,9.896023,0.8715217,27.274794,4.3834105e-05,23.221224,1.6557169,3.4511034,44.564426,0.67506486,0.02269315,0.0004466645,0.15215851,1.4501377,0.010011236,0.0846139,0.0049811495
1.7600054,6.38872e-05,1.2709994,0.08979278,7.7346,0.50539005,6.4843173,2.764008e-05,11.702502,0.9429164,2.1638656,29.178108,0.39262292,0.020487638,0.00021746993,0.070594095,0.34052676,0.009496626,0.07363988,0.010298302
1.0440913,0.0002721508,4.5483117,0.06901408,4.7897396,2.0373852,20.75812,4.5611705e-05,13.888239,4.7984657,2.7759492,83.96391,2.3770695,0.015047849,0.0025687963,0.123819776,2.963072,0.011617304,0.050503634,0.0071217483
1.6535611,0.00023128923,4.77951,0.053775102,9.804417,2.2648656,49.647854,5.754732e-05,15.738811,3.2458725,1.9389261,103.41698,1.1856016,0.025143616,0.000773746,0.26848024,1.5783464,0.0149695035,0.1201738,0.018928405
1.5726999,0.0002545551,3.9304304,0.064784765,10.468459,2.0075126,47.15031,6.0049704e-05,14.225357,2.7163591,2.7004597,78.177734,0.8902241,0.025342112,0.00091665616,0.211055,1.3789021,0.013556274,0.09849273,0.014351336
1.069766,0.00019867877,3.50415,0.047883585,4.9451666,1.5532949,24.940369,3.9982555e-05,15.494136,3.3111773,2.4843752,63.344753,1.6523507,0.010081913,0.0017873789,0.12139334,2.0172832,0.016663305,0.04284678,0.008558343
1.189009,0.0002030172,2.4093747,0.06023266,7.6577325,0.61429137,30.149628,4.7791502e-05,12.299073,1.6912946,5.3804736,52.751045,1.0596476,0.01127953,0.0011768767,0.0913437,1.7103846,0.013332639,0.06140354,0.008320947
1.1244121,0.00014256046,1.9938961,0.04377277,6.832444,0.63042414,24.258614,4.4522938e-05,11.649453,1.6333941,5.2040706,48.92465,0.901306,0.007896921,0.00078282633,0.083844006,1.2556672,0.011112513,0.06956286,0.0078696655
1.1672366,0.00018218228,2.2975845,0.05498955,8.1501,0.94892526,30.656923,4.0569907e-05,11.105436,1.67629,5.0622745,46.838257,0.5325454,0.012512109,0.0005501033,0.11744471,1.0633515,0.014593051,0.09854163,0.008956171
1.1195731,0.00021769751,1.8721867,0.05574508,6.6175537,0.6724036,31.940744,4.746842e-05,12.876733,1.3925446,5.1486297,42.588726,0.8449193,0.01507761,0.0010609473,0.11399586,1.3100499,0.008733489,0.06742886,0.0056432663
1.249859,0.00015342936,1.6423458,0.055454098,6.8296647,0.7931278,25.905794,4.4092845e-05,11.515503,1.3429979,4.29608,36.87278,0.59749323,0.011413295,0.0004996115,0.11318065,0.6811627,0.011827157,0.10509583,0.009449356
1.227871,0.00028095642,2.6371627,0.105993345,8.556884,1.663435,36.141495,5.47944e-05,23.875242,3.1689346,3.639874,67.62759,1.4311802,0.020405665,0.0011052412,0.184136,0.91318625,0.013445604,0.091388516,0.013968885
2.312516,0.00027784926,2.35957,0.21018426,9.125407,0.92703503,40.588066,5.2491658e-05,16.702179,1.0466067,3.5365872,44.586586,0.42704654,0.021009684,0.0004000741,0.17221133,0.9943425,0.015521667,0.13534443,0.0142744165
1.7487509,0.00021856584,2.1769216,0.056598578,7.6085243,1.7160832,37.18278,5.2033145e-05,19.252712,2.4024696,4.445709,41.643192,1.1147245,0.014685633,0.0004354221,0.1471847,0.58100957,0.010294118,0.1497946,0.010856647
2.157643,0.0002547882,1.8689454,0.15553576,8.871922,0.9523095,42.927692,5.168448e-05,18.979128,1.0657942,3.3024826,38.04074,0.52693725,0.017479805,0.00051144144,0.16724665,0.6812249,0.012715735,0.15209934,0.014181607
1.2578207,0.00029076682,2.0400074,0.08181558,7.9578714,0.9446366,25.20105,5.8193364e-05,10.312764,1.3508673,5.045469,39.588436,0.5196211,0.016284766,0.0005418207,0.10887836,1.0877879,0.0070667462,0.079239175,0.0055185733
1.4030515,0.00021597288,1.8725117,0.067095526,7.2829466,1.4834902,30.515762,5.16463e-05,29.281271,1.8136264,3.9437935,41.530396,0.787763,0.013839978,0.00015902548,0.17721312,0.572999,0.015210317,0.17396046,0.016010335
2.1061704,0.00024537006,1.9551607,0.17601186,7.1097097,0.8886078,35.826088,5.3051433e-05,18.56118,0.9211068,5.27468,38.846176,0.45875934,0.01698741,0.00032763203,0.13579887,0.9647253,0.015650844,0.13598172,0.013413643
1.5437378,0.00020628855,2.2223985,0.0823237,6.9720697,1.294499,29.728676,5.6704335e-05,18.40733,2.0255709,4.3764772,45.80987,0.85546285,0.013045895,0.0003183664,0.16317198,0.7252844,0.014358392,0.18484414,0.011891242
1.7739465,0.00015748618,1.8918048,0.06964157,8.455371,1.190507,32.6113,4.8948245e-05,15.557056,1.6238016,4.3935847,38.331833,0.72803044,0.013712389,0.00020081825,0.14432476,0.600574,0.012146032,0.13640542,0.0124615915
0.9565893,0.00029005922,3.00918,0.052207295,5.1005116,1.3519052,25.016205,4.9654675e-05,17.917048,2.1048713,4.094165,60.22567,0.8813677,0.013847837,0.0014169852,0.100062475,2.0757096,0.020850245,0.054796826,0.00813229
1.0883276,0.00026699394,2.3586695,0.086656325,4.6879344,0.95593274,17.142508,4.517255e-05,16.207811,1.6827382,5.211125,49.002632,0.9937692,0.01100277,0.0018068649,0.062217757,1.4457728,0.008163385,0.07591793,0.0047653187
1.0885674,0.00021820495,2.4496682,0.039947454,5.0989304,0.8531789,24.911543,4.1650568e-05,11.814381,1.128799,3.0875778,47.87158,0.40902627,0.01886129,0.0010898032,0.1044327,1.2185185,0.016161287,0.07183559,0.009419864
0.99348205,0.00020506502,2.2351544,0.06129616,5.8775525,0.9486471,26.451262,5.2257667e-05,12.865582,1.7416158,4.220507,48.916126,0.78138566,0.013338864,0.0011722497,0.1257602,1.0850186,0.01313491,0.10960338,0.007643849
0.99605733,0.00025727612,2.1354282,0.0675705,4.3349905,0.9518697,18.662416,4.9723476e-05,13.676454,1.5566392,4.2814445,48.896484,0.85498655,0.012118999,0.0017027421,0.07848953,1.3363984,0.009727283,0.08827571,0.0054535866
0.8676856,0.00024522442,3.3933508,0.07052452,4.197802,1.2265753,14.651522,4.0479223e-05,14.117362,2.684461,3.069066,78.32842,1.1812454,0.020262813,0.0024949892,0.08897136,1.6421539,0.0052207406,0.068184845,0.002948774
1.7711158,0.00019682199,1.759351,0.089406535,10.2126255,1.0361944,41.11458,5.4295848e-05,14.74176,1.4625328,5.190659,51.224045,0.6718555,0.018969886,0.00010252047,0.15147793,0.72417384,0.012230627,0.13017046,0.014236956
2.1243916,0.00021874548,1.3974721,0.0961465,10.474034,0.70250064,47.151012,5.9543527e-05,16.31397,0.94443804,5.4117093,36.291393,0.42037764,0.018064965,-2.8696872e-05,0.1374912,0.6629502,0.010920527,0.11874295,0.0129847005
1.809928,0.00024974224,2.1177192,0.12673959,9.890087,0.58258086,49.2653,5.2586092e-05,10.944529,0.9497401,4.571824,43.572006,0.34171662,0.016530227,0.0005396551,0.1329759,0.9570431,0.008518267,0.09191498,0.0099424105
1.3360864,0.00025667917,2.8191786,0.08453951,6.2684455,0.8726708,33.68915,4.790699e-05,9.560905,1.4998468,4.0854425,56.384613,0.48682514,0.019143088,0.0006142129,0.1442302,1.106065,0.015816366,0.118536115,0.011655154
1.1802682,0.00020784886,2.7726824,0.04790143,6.1517324,0.9732793,26.58123,4.3642078e-05,11.9480295,1.5164436,3.5353358,53.065186,0.54984903,0.014214319,0.0008742423,0.11794851,1.1437516,0.011453804,0.09270851,0.0066876574
1.3806334,0.00022735598,3.796471,0.056236435,10.297605,1.6909697,48.568016,6.0834827e-05,11.164263,2.6377807,3.4215934,72.348656,1.187858,0.020330135,0.0010459387,0.17517056,1.8076108,0.015689839,0.09371146,0.011699262
1.2236581,0.00032944573,5.007863,0.04827075,8.889735,1.8007338,44.219913,6.914622e-05,13.448357,2.5702817,4.5161567,99.33278,1.074481,0.023806347,0.00049315096,0.1905884,2.388439,0.021795811,0.104355045,0.010763391
1.6284533,0.00023701094,4.596585,0.066457376,10.792424,2.467065,53.46067,7.2198345e-05,15.586027,3.748913,2.804855,89.45767,1.2613399,0.026577326,0.0010326388,0.28634658,1.6311724,0.016692031,0.11554039,0.016879676
1.3102659,0.00017503445,3.0149598,0.0667385,9.437222,1.3056493,45.905968,6.3435116e-05,14.438849,1.3097508,2.356643,64.52359,0.6602156,0.022294426,0.0017014781,0.19553676,1.3926691,0.022160372,0.11795478,0.015211664
1.0315186,0.00024155724,2.4644542,0.0930663,6.3468437,1.0136657,27.56144,4.988441e-05,16.784761,0.7813251,0.86880755,59.163418,0.32338443,0.025200149,0.0015321341,0.10562524,0.72730666,0.011595434,0.16985844,0.008583387
1.3165557,0.00034114573,3.0974336,0.13691755,6.557361,0.8636721,27.210333,5.361099e-05,8.549583,1.4520149,4.8946533,63.15768,0.33876222,0.022188948,0.0004435581,0.1488027,1.4836639,0.0097051645,0.084110804,0.006504659
1.3916024,0.00025079833,2.6296215,0.08733913,7.3871284,0.90860033,30.040499,5.0109742e-05,12.573868,1.6418376,4.9392653,58.031033,0.4250425,0.01872962,0.00024944745,0.1342559,1.3151063,0.016569592,0.10048637,0.009042677
1.5220604,0.00030492002,1.9986221,0.112697154,5.455808,0.93817043,21.99987,5.210365e-05,15.190929,1.6162984,4.1369615,42.55319,0.6930128,0.009338108,0.000757163,0.13738054,0.8992497,0.009370882,0.12973742,0.0065309657
1.1443139,0.00019322314,2.136121,0.058622383,7.809417,0.97958255,30.340117,5.1630872e-05,15.450163,1.7351918,3.740173,51.421654,0.8034003,0.010568264,0.0012060686,0.11386289,1.1786084,0.010884228,0.12837243,0.0065023606
1.6847911,0.00023968685,2.7613423,0.06766972,7.257567,1.3606455,30.76459,5.4408272e-05,15.702036,2.3154173,3.1914477,54.520683,0.8427348,0.009832319,0.00057568186,0.1452204,0.9364392,0.008967164,0.10561234,0.0065613333
1.2495289,0.00025762245,2.4640548,0.070021465,5.258843,1.3834126,22.624128,4.607526e-05,14.75334,2.7030594,3.8115578,51.044674,1.1121043,0.007676631,0.0011054887,0.10527323,0.97765225,0.008964921,0.101771146,0.0050329734
1.0258765,0.00022011154,1.9631445,0.074955925,5.1902695,1.721043,22.771317,3.5303354e-05,14.121633,2.7570899,2.4604547,58.562256,0.95638514,0.017390091,0.0008365406,0.063739814,1.3545008,0.010639173,0.078725316,0.006055826
0.93149966,0.00014826334,1.6504536,0.020629466,7.242915,1.5597827,27.690624,3.7583643e-05,11.528845,2.3280003,2.975849,43.131565,0.8897504,0.012298202,0.00069589616,0.039506525,1.3469738,0.008028439,0.07268357,0.0032144752
0.9965517,0.00014885576,1.1983535,0.048081223,5.8449335,1.5755713,29.79192,3.5546796e-05,13.7985935,2.3533163,2.2104564,41.01243,0.878056,0.010811393,0.00084268255,0.040144876,0.95065325,0.009003095,0.05503897,0.0056728898
2.400282,0.0002602875,2.3833134,0.16635697,7.9213777,0.7099001,35.770214,5.200205e-05,12.837191,0.68193793,3.6904902,39.821827,0.23844157,0.017827414,2.4447407e-05,0.17298552,1.0189514,0.01612234,0.10994951,0.011571053
1.0819994,0.00030338342,1.7248336,0.04842345,8.528324,0.82081693,32.365177,5.1881583e-05,13.58907,0.9411816,2.4100468,40.12566,0.2537497,0.01787156,0.00087680103,0.11842975,0.73931545,0.009981605,0.1471703,0.007219827
1.2955593,0.00016367064,3.174864,0.049657326,8.632884,1.6230851,47.21156,4.4017914e-05,10.161705,1.9200296,1.1271298,68.29788,0.6216788,0.021662194,0.0018166166,0.13413273,0.99493784,0.012202754,0.11538538,0.010653109
0.93651354,0.00017580553,1.7150053,0.03205133,7.043038,1.2355433,26.039797,3.775646e-05,15.514948,1.5016598,1.9413351,46.215763,0.6595365,0.0113457795,0.0010548609,0.0784796,0.5153373,0.006751723,0.15242189,0.0043672216
1.2478516,0.000116520016,1.9875542,0.03343353,6.5029163,1.2795385,31.006308,3.3825967e-05,17.553791,2.3884854,1.6443111,38.27719,1.1940442,0.0067234226,0.00091157533,0.088247664,0.9371723,0.011875662,0.097834,0.0053965203
0.82911825,0.00029236817,3.833179,0.065422334,6.0493865,1.7295043,22.195168,4.8157213e-05,11.795766,3.3648164,3.539968,76.663536,0.95713943,0.023278486,0.0021193977,0.10277296,1.9495776,0.008242358,0.108707055,0.00373797
1.1993743,0.0003243238,3.002422,0.10683185,5.5001435,1.1569686,22.044811,5.860465e-05,15.791169,2.3303065,3.2135038,61.89975,1.057937,0.024268633,0.0016822475,0.11873924,1.9313325,0.018474262,0.076673545,0.009449348
0.9787204,0.00035182442,3.4653711,0.07808663,4.5476537,1.4950596,14.375394,4.8012746e-05,14.3423195,2.5840547,2.961784,77.193275,0.8876916,0.025393253,0.001720867,0.10292237,1.5072435,0.010235981,0.111765355,0.005498009
0.8494399,0.00011412661,0.6356259,0.027407909,7.026472,0.8411806,17.010176,3.150276e-05,8.950196,1.2888894,1.2793422,18.25305,0.42397842,0.00861705,0.00063180825,0.05081273,0.277337,0.0074402625,0.09823732,0.006277421
0.9222638,0.00021536279,2.7835112,0.05618816,5.2198973,1.5483062,20.073383,4.0903633e-05,14.091357,3.4346013,1.7935172,58.20194,1.4014021,0.014174615,0.0021268805,0.09671856,1.2378023,0.008722994,0.083536334,0.0051133186
1.0326065,0.0003091871,2.7639546,0.08287328,4.463308,1.0857329,17.77432,5.6518078e-05,13.471275,1.8437688,3.900356,61.905746,1.1249619,0.012895552,0.0021936977,0.11674477,1.4664158,0.00979278,0.11980214,0.0060363673
1.0110407,0.0004864275,5.7363176,0.09520966,3.0382075,2.8980472,6.8976483,5.868504e-05,19.303835,4.862713,3.1238139,119.24152,1.9042698,0.020876156,0.0009309341,0.112586126,2.4825242,0.014390459,0.09218801,0.0061464747
0.94219315,0.00035547974,4.8257623,0.10814853,3.825843,1.602075,11.03779,4.4819964e-05,16.62539,3.1492596,2.8624017,106.51293,1.2399011,0.029558022,0.0018337176,0.108570136,2.0844102,0.008082869,0.08656587,0.0046181926
1.0910835,0.00032285522,2.712778,0.046704456,6.010871,1.4779556,22.27694,5.2644293e-05,16.721424,2.197427,4.520035,55.410267,0.81477576,0.014160057,0.0014285425,0.096054964,1.465378,0.016380655,0.09416401,0.008399478
0.82688004,0.0002577629,2.9521163,0.06886835,5.38988,1.2524503,27.724373,4.9563707e-05,22.540222,2.4200647,3.3699744,59.49799,1.2638891,0.015664192,0.0020027175,0.10078837,2.5487158,0.017287735,0.04986602,0.006911222
0.8173686,0.00023423582,1.8772503,0.08752824,3.7056494,1.8178394,13.159133,3.7359743e-05,14.9257765,3.0941856,2.6394577,56.454296,1.2877303,0.01907567,0.0017247966,0.05591346,1.3455832,0.010257451,0.07694067,0.0069101746
1.0337611,0.00027281317,2.2411892,0.075002074,6.1703525,0.65525794,31.654089,5.0723975e-05,12.964072,1.3939539,5.284249,46.634968,0.95127416,0.021504266,0.0011010679,0.121160105,1.5713075,0.012427865,0.059081737,0.0076564807
1.0117168,0.0003156083,2.8258188,0.06656011,3.4584272,1.614267,14.176006,4.5380963e-05,18.701899,2.3251748,4.028965,65.84573,0.99196273,0.009680772,0.0015001465,0.062759474,1.4022092,0.010304282,0.10178786,0.0049159676
1.1192058,0.00041691412,3.411198,0.10574807,6.2503166,0.94601685,33.47666,6.8424044e-05,12.477267,2.574089,5.224106,72.64787,1.6651058,0.025659854,0.0011244111,0.18801627,2.3409977,0.012324949,0.08379585,0.007959804
0.82722193,0.0003200615,2.9261563,0.11745708,3.4235904,1.8477788,12.046344,4.4164794e-05,16.280127,2.7216542,3.1053596,64.98158,1.0940319,0.014503155,0.0021659334,0.07137461,1.3249868,0.010586768,0.13828193,0.006667884
1.0006572,0.00036395848,2.3944845,0.0751369,3.415049,1.2641023,16.029854,5.103782e-05,16.466885,1.9078132,4.433904,56.29133,1.0202819,0.006986493,0.0014240978,0.07879468,1.4693916,0.014646339,0.097347304,0.006131371
1.0945908,0.00037698552,2.8080835,0.12592095,4.5792465,0.9904397,20.987919,5.4379172e-05,9.901088,1.9097099,4.1825886,53.391743,0.89630157,0.018632561,0.0024484287,0.1404581,1.2515297,0.011634536,0.06508224,0.011716248
0.9972799,0.00011784668,1.2664404,0.021262145,6.566816,1.164936,14.991536,3.0387713e-05,7.9025407,2.125626,1.6096576,26.846046,0.8001532,0.008481755,0.00048549692,0.07097402,0.47371984,0.008983599,0.08520039,0.006304872
0.8844792,0.00022094851,1.6781076,0.0477621,8.08093,1.1125499,32.858116,4.944848e-05,17.066896,1.0023338,1.7382754,47.126213,0.47094032,0.01715635,0.0012830946,0.10376538,0.57788813,0.009234187,0.17501612,0.0072407546
1.3142884,0.00032487497,3.6326094,0.105667956,7.2137303,0.9788156,40.479237,5.3598756e-05,14.10841,2.2051897,4.4249325,77.393074,1.3444226,0.018172704,0.00095589145,0.18704554,1.9069622,0.01684439,0.09568537,0.010841695
1.8311791,0.0002348119,2.4694998,0.14166847,6.8778105,0.82790256,34.016796,4.9161037e-05,17.477201,1.1595948,5.0676007,50.803764,0.6745675,0.015965855,0.0003891589,0.13696018,1.205729,0.015589699,0.11866059,0.0117317205
1.5751967,0.0002240666,2.9220078,0.15192698,6.613702,0.9747226,32.2107,6.2011655e-05,12.83582,1.7275258,4.1935964,61.36728,1.2324606,0.019949874,0.0016201797,0.17073327,1.8970116,0.015717234,0.09491898,0.013574744
1.1954997,0.00038368424,2.5446343,0.141302,8.120888,0.8606149,27.445217,5.2754127e-05,11.948095,1.1115851,3.646635,46.33837,0.21906443,0.027360499,0.0013080473,0.13488641,1.3829644,0.007934512,0.07353789,0.008681884
1.092952,0.0001907954,2.8226848,0.0149708465,5.4892583,2.0796187,21.403904,4.8678467e-05,9.059171,3.3024352,4.054742,58.017323,1.1277574,0.007490766,0.0010174505,0.103669316,1.034983,0.01064368,0.0805472,0.007164555
1.3163561,0.00023961638,4.2059174,0.05142413,9.6168995,1.6416776,46.70145,5.8832487e-05,11.706114,2.482919,3.86844,81.78764,1.086535,0.020613557,0.0007252891,0.16574472,2.0446405,0.017539987,0.0969879,0.010906643
0.8434215,0.00022146814,2.325384,0.04786136,5.4921584,0.82934904,23.496607,4.9832222e-05,12.978547,2.1355426,3.9907882,54.094936,1.1762196,0.013988949,0.0019430364,0.101290524,1.6338602,0.010142547,0.066148825,0.0050991736
1.4689143,0.00011056581,1.3910222,0.06628071,6.86757,0.70899826,25.994646,3.764066e-05,19.05978,0.7020337,3.4864192,29.33408,0.3454566,0.01155413,0.0005124057,0.09730956,0.6824481,0.012335183,0.11360072,0.009510288
0.9834145,0.0002062485,2.114305,0.15648754,7.514993,0.81709665,31.535866,5.3267657e-05,19.209671,1.7034707,2.5613341,42.810017,1.0625855,0.0103433,0.002187953,0.1144256,1.2604134,0.012151769,0.15422675,0.009658738
0.96056736,0.0002167331,1.3338338,0.08541675,4.2168794,1.956059,21.773743,3.4583554e-05,17.524067,2.9218984,1.9928681,54.11353,1.0718552,0.014529436,0.0010351922,0.04552888,0.92832947,0.010021753,0.08072896,0.006862824
1.0083051,0.00011166767,1.053409,0.033904865,6.145252,1.4110934,29.824778,2.9555787e-05,11.748377,2.1901772,2.172949,35.233612,0.8164138,0.009125937,0.00064047426,0.027316092,0.90990216,0.0074361833,0.04602753,0.0041271923
1.226219,0.00032754557,2.1163423,0.072324865,7.368334,1.0506669,21.598373,6.150259e-05,11.986061,1.3325464,3.9571905,45.901794,0.52351063,0.019184167,0.0007489395,0.13680063,1.074497,0.008510874,0.10608642,0.007918255
1.8798379,0.0003277967,2.1513913,0.14764509,8.916207,0.97438735,44.125126,4.566671e-05,12.674946,1.3929433,3.1123185,43.629505,0.45069122,0.022073139,0.001346491,0.095130116,0.7259387,0.0063160523,0.09890274,0.00921296
1.0454725,0.00018137679,1.9672633,0.035348803,5.682621,1.5533352,15.691334,3.8653987e-05,10.053868,3.3856246,1.2791865,34.39209,1.2579751,0.009377861,0.0010052554,0.10149662,0.8964468,0.01318155,0.10301197,0.0063437372
0.89932156,0.00014235073,1.6229199,0.036672313,7.8734984,1.2230562,27.634312,3.4480494e-05,14.522283,2.2236228,1.38673,34.7448,0.9459896,0.009071097,0.0012568517,0.08793167,0.60507214,0.008137433,0.09993174,0.005605532
1.1801807,0.00020440674,3.0574598,0.039077826,5.6320186,1.8347617,27.761875,3.9360944e-05,11.887257,4.182036,1.6607312,57.32253,1.5056683,0.00910563,0.001221627,0.105240546,1.1993964,0.0128062945,0.11639779,0.005221613
1.1651183,0.00011714136,1.7723864,0.030220414,6.1039376,1.1713742,28.992517,3.4098022e-05,16.711065,2.2459056,1.7504469,37.5498,1.0571747,0.0057415133,0.0010332859,0.08915415,0.7227214,0.010913511,0.10462735,0.0060284156
0.8203154,0.00024042992,2.8301227,0.04118334,6.19824,1.5919104,20.887352,4.5595436e-05,9.37792,3.5685651,4.8247237,58.59481,1.12345,0.014976433,0.0010877113,0.083100036,1.7412266,0.0070704245,0.07144999,0.003283154
1.3261404,0.00031910682,3.1337373,0.06475753,6.678183,1.5545114,24.72059,5.910036e-05,11.254773,3.1466227,3.1140134,65.628815,1.3093992,0.025535146,0.0016203673,0.13948222,1.622311,0.016442109,0.0984698,0.010504122
0.92269766,0.00020759611,2.337263,0.06275318,5.497999,0.8924242,27.565374,5.3380823e-05,12.430128,1.7951213,4.44266,48.642307,0.908328,0.014039795,0.0014255643,0.12425142,1.2960652,0.012738235,0.087465085,0.006899704
1.0408254,0.00030546132,3.179991,0.12304967,3.4876997,1.4744067,9.009286,4.029744e-05,17.05697,2.7288995,2.8620033,71.20357,1.2442737,0.02007374,0.0014345973,0.07292612,1.5249165,0.008142367,0.09250317,0.0057343645
0.8808043,0.00026895662,2.9896562,0.08363065,4.035744,1.2634015,19.052698,4.7522793e-05,14.500838,2.8244798,3.9099545,63.113873,1.3464278,0.014759621,0.0021713276,0.096839614,1.5855173,0.0070128976,0.07928908,0.0028467665
0.9232536,0.00024599175,2.6679897,0.06417843,4.4847655,1.0175424,19.5532,5.3058302e-05,11.979134,1.8904065,3.8115199,61.47952,1.0779144,0.014982789,0.002071439,0.11128549,1.4250777,0.010083562,0.10143953,0.0055731917
1.0119158,0.0004857385,5.9110904,0.09391818,3.0856433,2.9211988,7.3945627,5.8477963e-05,19.139965,4.9978204,3.1921937,122.63981,2.0017734,0.020221021,0.0009353117,0.112539984,2.5333784,0.014087252,0.08897098,0.0059388997
0.9817328,0.00021832086,2.3096006,0.06730259,5.0547094,0.9938248,21.890284,5.301025e-05,13.546447,1.883185,4.02375,53.460068,1.0195389,0.012092553,0.0017988902,0.107889004,1.2191981,0.010951949,0.11578943,0.0061306227
1.0179068,0.00042665945,3.2937405,0.092335835,5.340141,1.1068816,24.583609,6.907619e-05,14.352309,2.3437142,5.4514394,62.90577,2.3092005,0.023138603,0.0040273084,0.11032475,3.2354486,0.005220362,0.0422911,0.004670492
0.8937626,0.00021527782,2.3468752,0.060563616,5.331788,0.8768538,29.035719,5.0317693e-05,12.718489,1.7414109,4.400488,46.711075,0.8949559,0.014195443,0.0014680009,0.117201224,1.3792058,0.013652299,0.07567451,0.0073125595
0.894681,0.00030318368,2.838083,0.050815437,4.223087,1.3143234,22.576685,4.5662557e-05,12.381642,2.5372899,3.9332883,61.005444,1.0800889,0.009748535,0.0016219139,0.07956094,2.1053767,0.011676404,0.044305503,0.0040853615
1.0365322,0.00023858628,2.4415877,0.0793828,5.559681,0.9514769,27.108921,6.1446844e-05,16.671974,1.6767062,3.9569294,54.938324,1.0684501,0.01566313,0.0018893392,0.1319834,1.4160151,0.012727616,0.13906628,0.0075767054
1.1353868,0.00041226466,4.64711,0.11153758,3.7507803,2.0726857,11.531202,4.604547e-05,16.381058,3.8525271,2.707878,99.50628,1.8437417,0.019615494,0.0011369172,0.08744971,2.1157932,0.010953702,0.07566486,0.0063636974
0.9396093,0.0002390579,2.3904266,0.06963543,5.6514797,0.80225396,28.976099,4.9435122e-05,12.112542,1.5915035,4.352153,46.905323,0.99993867,0.019328484,0.001451873,0.11846372,1.5437033,0.011044854,0.06566094,0.0069863666
1.0161548,0.0003604087,2.2339396,0.076262645,3.1976736,1.1123403,15.06352,4.8727827e-05,14.752971,1.7216797,4.4785085,51.571476,0.9647881,0.00810165,0.0013181329,0.07520579,1.3353288,0.013072399,0.09052959,0.0056493427
0.9852768,0.00024117717,2.8993497,0.07975732,4.7657294,1.1583469,17.257483,4.757159e-05,14.687775,2.1738894,3.2690604,69.5411,1.1177526,0.01573681,0.0020295638,0.1008363,1.1545699,0.007441169,0.13457273,0.0051585105
1.0732185,0.00026476796,2.0196795,0.041399896,9.264021,1.2930193,34.10639,5.3266383e-05,15.339202,1.2042451,1.772571,52.522446,0.34986413,0.017653326,0.00074639893,0.14157489,0.50706923,0.00951844,0.18087696,0.0091495225
1.5401045,0.00012525739,3.0598164,0.05009731,10.049358,1.0062605,36.598625,5.909664e-05,14.474425,1.5455804,2.323971,50.1646,0.6400658,0.0151137225,0.0006352058,0.1602322,1.1373138,0.016161334,0.106016375,0.011725822
1.8355355,0.0004407742,2.9650483,0.4076418,5.856346,1.0098158,33.317394,6.487927e-05,11.612784,1.6784586,5.544051,60.390934,0.8348634,0.021836111,0.0005296654,0.1368073,1.2209207,0.017030753,0.14244129,0.011893083
1.2791402,0.0003325322,3.5751207,0.106627375,6.8414984,0.94815034,39.166,5.4462926e-05,12.976483,2.196007,4.351341,75.60824,1.3326343,0.018674448,0.00096449273,0.18768193,1.834438,0.0167244,0.099622376,0.011074548
1.0668223,0.00017329743,2.4476929,0.06679306,5.5019784,1.0347444,25.4881,3.5591373e-05,8.632453,2.1009765,2.8155541,54.91371,0.9377878,0.012897338,0.0009907595,0.109246254,1.1509649,0.007962342,0.060922887,0.006388228
1.7342567,0.00031706385,2.8975978,0.2723479,7.528494,0.95679957,39.366405,7.063564e-05,12.6732435,1.82338,4.314872,62.50942,1.3431245,0.022187851,0.001450994,0.19259222,1.6617057,0.014967854,0.090692416,0.0138973985
1.3284874,0.0002064249,2.4265232,0.06446958,6.6393642,0.78406304,33.545513,4.562752e-05,11.366092,1.2666996,5.2033095,50.61861,0.47012588,0.014292023,0.00035546836,0.13160294,1.0305684,0.012581549,0.103778854,0.009523495
1.2393229,0.00035206453,2.5201173,0.1392474,8.253887,0.8776947,28.494108,5.042504e-05,11.581331,1.1223888,3.5492241,45.73874,0.19399188,0.026538689,0.0011604521,0.1308414,1.2072705,0.00805524,0.079324976,0.008957875
0.9198914,0.000108059256,1.3990158,0.017150812,6.7264705,1.1458501,19.892725,3.18524e-05,8.549477,2.3852875,1.2554284,27.089735,1.094224,0.0056621693,0.0016348682,0.08563912,0.72992307,0.010880437,0.07310003,0.006368349
1.6292014,0.00034245657,3.342644,0.095189,11.185692,1.8609865,63.42637,4.2646876e-05,9.171703,1.4871972,1.7809882,68.23827,0.22494121,0.037135676,0.0031593486,0.14358701,0.7548261,0.009239737,0.095424175,0.01254995
1.5033766,0.00018292417,2.203798,0.036574945,6.5556016,0.59084207,36.269726,3.183696e-05,7.42536,0.7984993,2.2676888,42.838165,0.18730813,0.020533768,0.001389539,0.11007184,0.59455645,0.008580566,0.05300058,0.009973794
2.2739072,0.0003331185,2.994112,0.14572152,10.002125,1.0012674,56.608448,3.6933838e-05,9.701213,0.89774597,1.1746778,53.436012,-0.028193124,0.03526855,0.0017474364,0.15163058,0.5434731,0.0112016,0.08643229,0.013357818
1.4573219,0.0001514239,2.1623907,0.03146712,6.3062134,0.5076952,36.144592,3.0868156e-05,7.1467557,0.76594055,2.1778088,42.264103,0.23334958,0.018821234,0.0014067773,0.09678728,0.6834014,0.008260539,0.058687966,0.009097424
1.1442226,0.0003924876,6.688894,0.07126139,8.844483,2.0756283,39.45241,5.9024325e-05,13.79845,5.103273,3.7234287,122.81864,2.9294353,0.019704912,0.004095009,0.18117173,4.300018,0.0117829805,0.03661772,0.007573544
1.3103616,0.00020525084,3.9966598,0.089358024,7.188187,1.3048128,45.123615,4.5574536e-05,8.898589,3.1495194,3.4222653,71.04091,1.6418971,0.013970476,0.0025911515,0.13089314,1.5338051,0.011518561,0.05959063,0.009591118
1.1320128,0.00032353922,5.0543113,0.09063757,7.591298,1.5408261,41.069035,5.8930622e-05,9.858627,3.609834,3.75322,86.78982,2.1610548,0.019788316,0.0036539058,0.16347507,2.862889,0.011004554,0.03561601,0.006510401
1.1735703,0.00034304464,6.3087783,0.10130726,8.706197,2.8127937,39.21962,7.178848e-05,11.970753,5.4168,2.8137739,116.222084,2.655259,0.024704583,0.0035426535,0.1565446,3.4531403,0.010320017,0.057605434,0.006258037
1.0367639,8.666464e-05,2.4786134,0.027607635,5.441738,2.376173,24.28882,4.1116782e-05,12.620426,3.381179,2.784702,47.32231,1.0191531,0.00672231,0.0005536046,0.13987659,0.8854194,0.012674419,0.10294027,0.0079022935
1.0779353,0.00025538652,4.2668133,0.05258577,6.8313236,1.0466688,30.915583,4.859522e-05,9.221393,2.9205313,4.9306374,75.87205,1.5499601,0.014775959,0.0024456435,0.11871742,2.955858,0.009186233,0.03525656,0.0053463783
1.1032518,0.00027132165,5.3148804,0.082437746,7.269136,1.3107269,38.763123,4.084114e-05,11.367618,4.4480414,3.584702,93.81565,3.0151343,0.014797127,0.00293007,0.17568,3.8728547,0.013954187,0.0390437,0.007195372
1.1765379,0.0002112856,4.4082003,0.06732093,6.857366,1.0063225,36.0956,5.0720362e-05,10.382555,2.3434684,1.9102972,81.91831,1.388636,0.024854869,0.0029333835,0.17119545,2.8794808,0.013890362,0.05405346,0.011028231
1.1045471,0.00023359433,3.9619474,0.055073794,7.569512,0.9938292,36.766964,4.5620774e-05,8.978454,2.9955382,4.846811,69.19744,1.6479492,0.01229824,0.0029150469,0.13641499,2.5269296,0.0104953665,0.034042247,0.006489851
1.0579623,0.0001535328,3.0203378,0.0347744,6.4029055,1.1705239,27.084953,4.114888e-05,12.010588,1.9026514,1.6570562,65.21088,0.8476011,0.016428642,0.0017429572,0.12733561,1.7202698,0.01298772,0.07479221,0.0096375905
1.1175698,0.0003853188,5.3789234,0.0750623,8.302056,1.7514435,40.566,6.15152e-05,11.401467,4.128774,4.3794794,97.045135,2.5038974,0.020945434,0.00394996,0.18494633,3.4214458,0.011083405,0.0345419,0.006456139
1.2655901,0.00034194282,4.270844,0.076567516,10.275598,2.0039806,47.2184,5.7985744e-05,15.304126,4.230949,3.60264,94.72913,1.8558563,0.028377496,0.002435524,0.16461083,1.7001045,0.009708782,0.086056456,0.011928117
1.0817598,0.0012093545,11.78106,0.051382363,5.813204,7.7067533,33.096054,9.3627634e-05,19.987097,13.375168,5.1598873,211.06854,6.649426,0.010317729,0.0017714477,0.20204905,4.2090993,0.019910889,0.098369494,0.00787776
1.1817952,0.0001544973,3.0337882,0.024555538,7.690337,2.1602595,31.127066,4.8553273e-05,13.828248,4.257667,3.5874467,64.7754,1.5888561,0.008524197,0.00049765635,0.14470875,1.3680071,0.009328828,0.070755586,0.0061076395
1.2147207,0.00023714859,4.1841063,0.077095926,6.875474,1.1790551,39.7141,4.870539e-05,9.706162,2.887102,3.644776,75.88087,1.6189779,0.015537625,0.0029145032,0.14219302,2.2273,0.010389652,0.044854928,0.007805077
1.1304544,0.00021268625,3.6966202,0.044775393,5.639806,1.0978888,32.6503,5.0219136e-05,10.836179,2.1392627,2.6249366,68.555466,1.2232937,0.016448049,0.00240892,0.13046779,2.4251187,0.012733899,0.046044737,0.008880047
1.2504658,0.00013289246,3.4540088,0.027564365,6.8150377,1.7399627,25.119267,3.9230614e-05,10.295161,2.9476902,3.2961862,67.87008,1.0720643,0.011258726,0.0005061561,0.12614241,1.3192307,0.007829244,0.068864,0.005868401
1.1139293,0.0001178134,3.4721463,0.054576498,4.1493607,1.975652,19.318195,3.701944e-05,12.172821,3.7458456,1.4607034,68.55501,1.6495092,0.00865635,0.0015184837,0.13819024,2.1256628,0.009610172,0.0625839,0.008187215
1.3303574,0.00033116966,3.610765,0.094877064,7.9950438,0.8891112,43.856842,6.9931324e-05,9.294914,2.353235,2.5482125,72.36284,1.3540937,0.021470502,0.0026309155,0.20439592,1.9574568,0.010944947,0.07418665,0.009792256
1.1101359,0.00018371528,2.871622,0.06430075,7.2912407,0.92823714,29.808935,5.0398143e-05,11.559522,2.5041668,3.2765062,52.487316,1.39531,0.014500361,0.003223536,0.13592604,2.4110665,0.012983316,0.048531912,0.008845608
1.3416655,8.426449e-05,1.7931098,0.024105374,7.9155774,1.2663237,32.383915,2.5282032e-05,11.4475975,2.2542574,3.0781937,37.77038,0.7726881,0.008435934,0.00038141827,0.07690946,0.34755766,0.004217828,0.082574725,0.004084211
1.1485302,0.0003179784,4.714557,0.0732977,8.809329,1.3343837,39.694496,5.7667454e-05,15.2001095,3.5711205,3.4504929,84.54553,2.4909172,0.021708518,0.0042128866,0.1746581,3.299521,0.0140795475,0.03438416,0.008940145
1.1545963,0.000106137064,4.1843143,0.025658822,7.661218,2.5407057,31.321167,5.4023763e-05,15.999353,4.767633,2.0870771,85.45874,1.7659984,0.0100543685,0.0017431608,0.18461512,1.8129947,0.015606257,0.09320926,0.01086083
1.1088601,0.00018168797,5.0572886,0.03944563,7.8812423,1.6994269,30.260412,5.5366858e-05,15.075517,3.439632,3.9155369,92.51702,1.4445665,0.015515837,0.0019894554,0.16741951,2.944372,0.011698425,0.058955584,0.008851768
1.1864986,0.0002785181,3.6131518,0.09271636,7.4110346,0.8222283,42.167233,5.0304883e-05,9.557986,2.3853364,3.4495142,64.17797,1.4226266,0.020761082,0.0026543257,0.15984018,2.3458161,0.012056987,0.046198808,0.0071196277
1.2761542,0.00028428299,3.8900123,0.09749589,7.963663,1.2746468,45.37152,6.288185e-05,18.573061,2.2473085,2.856183,83.49619,0.9744346,0.026247239,0.0023619216,0.21088779,2.9550552,0.018007116,0.07856556,0.013184522
1.2666888,0.0004276337,5.200171,0.072966404,6.8180656,1.4127368,39.144753,8.585219e-05,9.547068,2.8885603,3.478454,102.31661,1.6100775,0.030797534,0.0020924662,0.23781727,3.2470894,0.0071021947,0.05862177,0.005554341
1.2846203,0.0004284546,5.0198183,0.09051415,5.9253216,1.2120255,30.084858,6.799945e-05,10.440674,2.2913034,3.0957217,95.74874,1.1470698,0.036098637,0.001917062,0.19938216,2.9017644,0.013508724,0.06570769,0.008650307
1.3544233,0.00041381238,7.0613346,0.10218987,9.059461,1.5453244,51.186146,7.745238e-05,16.690617,4.0726786,2.5681446,139.22968,2.6228182,0.02780922,0.002674089,0.34448507,3.4694257,0.01536289,0.083611794,0.012274722
1.1338053,0.00040578924,9.165802,0.10390314,8.9164715,2.2996185,44.536037,5.7010155e-05,18.76756,6.7009745,3.3651543,185.1887,4.5690503,0.021237528,0.0045451126,0.29325566,7.5153413,0.01957872,0.042625647,0.0125228055
1.1462528,0.00031765283,2.7171855,0.056031086,6.763239,1.0407344,37.28378,4.220145e-05,9.039587,1.7766184,5.6263084,58.461346,0.74725825,0.020864911,0.0010093526,0.09307031,1.1913894,0.010687222,0.065403976,0.007666009
1.2962762,0.00015930708,1.6901336,0.034214497,7.7543564,1.4752102,25.44644,3.289873e-05,8.364232,2.8878427,4.6703553,33.51511,0.87711054,0.009428132,0.0002725219,0.0906431,0.3728099,0.0047262497,0.06326237,0.004226456
1.1428865,0.0002567123,2.2343116,0.035965126,8.238396,1.1626332,31.021046,4.4996283e-05,8.946508,2.7685406,7.084707,38.10218,1.0932074,0.010363732,0.0002546677,0.11902355,1.1892548,0.010542671,0.051064998,0.005292891
1.2018926,0.00031188093,4.673277,0.1163471,8.472144,1.56823,37.343597,6.500283e-05,11.516252,4.3406744,4.482026,97.26327,2.0428567,0.01844744,0.0021887792,0.24283524,3.374839,0.020149598,0.07295029,0.012682839
1.164268,0.0003011216,6.250087,0.044710804,6.8943577,1.8597366,31.770002,5.4626144e-05,10.002417,4.5380335,4.8078966,109.401245,2.2431083,0.015241938,0.0024942814,0.15020138,3.9017527,0.009921785,0.04476369,0.0068364106
1.1248215,0.00025436768,2.9687045,0.07948822,8.139264,0.99427235,39.837746,5.035631e-05,12.228711,2.3590903,3.3330991,62.948437,1.4031479,0.01562369,0.003542519,0.10763344,2.4604893,0.010868998,0.044171866,0.009180208
1.1684293,0.0002034842,2.8659058,0.08785543,8.393388,1.0628283,38.445904,5.4370514e-05,9.686749,2.6770966,3.2377427,59.78663,1.5169201,0.016107922,0.0027536156,0.11780568,2.6687999,0.012128721,0.053970516,0.0101076085
1.3267592,7.506334e-05,2.7694318,0.01764302,7.9316554,1.4311069,28.32327,3.0059955e-05,8.27263,2.7678154,3.4093657,58.505516,0.96148187,0.010509665,0.0004952369,0.093221255,0.73577243,0.005174285,0.08649561,0.007066814
1.2527068,0.00012794753,4.87593,0.06727312,7.8152976,2.8914776,23.614496,4.3723107e-05,18.925383,7.1140223,1.7464626,118.30505,2.2949262,0.013611804,0.0009264184,0.15391107,1.6357926,0.010800336,0.079088084,0.009249691
1.2549337,0.00014172535,1.7546319,0.037551835,8.9403105,0.9380221,31.475163,4.492024e-05,10.162955,1.7882503,3.4320045,36.83514,0.5323232,0.01356156,0.000452874,0.14805125,1.1610502,0.014768287,0.07762321,0.009553051
1.1585509,0.00020060591,3.4011302,0.038909897,5.296567,0.94200474,18.134485,4.3889828e-05,10.123723,1.8402458,3.2575758,62.33755,0.85684013,0.015288396,0.0012591458,0.09949623,1.7570907,0.009133719,0.04417018,0.006196836
1.6400505,8.298589e-05,1.0064791,0.058710195,9.536684,0.42631325,38.006298,2.686889e-05,12.643378,0.5740596,1.7081102,23.120895,0.16793019,0.018624324,0.00029684402,0.07871661,0.15525098,0.007043453,0.09046208,0.009471996
1.7661152,0.00012999609,1.2630516,0.07510186,14.846511,0.83847576,62.94042,3.206029e-05,11.412845,0.92092,3.7284904,46.791798,0.50715935,0.015583378,0.0011619775,0.087282315,0.83911973,0.0077369646,0.08529485,0.011845527
1.1939504,0.00013308736,1.7596725,0.058227707,9.679636,1.2579526,44.07442,3.8181566e-05,10.464657,2.1929765,4.874977,37.67073,0.6970781,0.01070631,0.0005552985,0.10596457,0.81782377,0.0105111655,0.08900844,0.011801167
1.143931,0.00022905134,3.4539742,0.052750535,7.556678,0.778143,36.227676,4.893712e-05,12.5056095,1.9408311,3.2887526,61.047127,1.2046071,0.020310678,0.0031600895,0.14457798,2.7288573,0.012509444,0.03786481,0.007837475
1.2267987,0.00040295586,4.743062,0.071774505,7.538068,1.635222,38.50388,5.6797813e-05,16.244627,3.5544116,4.767598,91.10136,1.704662,0.02126644,0.0023495818,0.14443642,2.9036403,0.011734476,0.044833176,0.006199706
1.247349,0.00021294407,2.2913444,0.09537282,8.616269,1.3262647,29.26436,6.4035754e-05,12.593909,2.907184,4.3796597,50.002823,0.91419554,0.019686157,0.0012214935,0.16376665,2.0591192,0.0167848,0.09097744,0.010376137
1.4077674,0.00017873252,2.1382797,0.07340385,9.136958,1.1270682,43.57831,4.3749336e-05,7.846399,2.220135,5.2494936,37.191322,0.5939888,0.0075168354,0.000551111,0.13464923,0.9362685,0.015532465,0.106100574,0.012417314
1.2657547,0.00010506654,2.3677356,0.043769192,7.7545485,1.1997935,34.993046,4.2808875e-05,9.150888,2.2028644,4.330479,47.933895,0.50574476,0.008151015,0.000492609,0.14963537,1.2391236,0.02148668,0.08371315,0.013049777
1.0412073,0.00015356884,2.0855834,0.04631536,7.7172956,1.0952603,27.923475,4.1204006e-05,8.869266,2.1206298,5.139052,41.18651,0.625396,0.010784145,0.0010329322,0.13559671,1.4759291,0.01089205,0.05831242,0.008432798
1.2315598,0.0002538819,2.7056282,0.10704393,8.097161,0.877116,30.566946,5.0340925e-05,9.197157,1.8467501,4.600549,52.707916,0.6119578,0.019643,0.0014587922,0.15078974,2.033152,0.011792452,0.059931755,0.008965248
1.284207,0.0001756522,3.5158143,0.07030938,8.583178,1.6406957,38.227703,4.1884763e-05,12.55249,3.613496,1.812944,68.787254,1.1604933,0.016220529,0.0014542413,0.12804392,1.48144,0.009764864,0.102073714,0.0109842485
1.2885212,0.00028117863,5.880356,0.04817761,7.1894035,1.7047422,35.171753,7.399982e-05,14.52232,2.6773672,2.7493699,115.5069,1.3389052,0.022669202,0.0024205814,0.24127813,3.332131,0.015273767,0.07407155,0.011744812
1.4127672,0.000260191,4.945384,0.08014398,6.8919415,1.4315937,37.79947,6.646275e-05,12.330486,2.1324024,2.321164,98.16208,0.7446039,0.027254295,0.0017363655,0.22756957,2.6196527,0.019290112,0.079988584,0.01396802
1.1603899,0.000221579,2.9176457,0.054690752,5.5973787,0.9247961,26.468468,4.540724e-05,10.590768,1.312094,1.9259926,59.591606,0.49831706,0.023428151,0.0014373803,0.14155477,1.5202596,0.013559622,0.070690714,0.0092187
1.3707838,0.00029278072,4.730776,0.1307908,9.49602,1.639063,52.773075,6.001675e-05,12.639086,4.1448083,3.5657005,97.194786,2.8032625,0.017265674,0.0035377264,0.18557957,2.7076833,0.01247679,0.050403927,0.009752897
1.2013112,0.00034377005,4.482645,0.13439949,6.7677307,1.5171236,35.391045,5.8282694e-05,11.808563,3.1265755,2.14713,77.36913,1.281049,0.025378693,0.0029117437,0.16279815,2.598035,0.016563121,0.083168864,0.012652934
1.3948634,0.00021571881,2.9951978,0.068797484,9.175724,1.1631736,48.49931,5.090848e-05,11.460213,2.750594,3.2829566,59.74023,1.2243493,0.012997019,0.001576516,0.17191602,1.8041984,0.009691722,0.06502401,0.010814798
1.2043461,0.0003839287,3.9137683,0.12757011,7.3882737,1.2884523,34.546,7.204385e-05,11.214107,2.5969245,3.012223,75.1853,1.1554462,0.02218199,0.0030222333,0.19813605,2.6103706,0.014879171,0.08469155,0.011499028
1.5750737,0.0001709652,3.2622254,0.05041421,8.600343,1.0578663,47.083313,5.02728e-05,8.908117,2.0043573,2.8413203,65.10678,0.7013246,0.015509971,0.0011383422,0.19236289,1.8523259,0.01258483,0.06968776,0.011992746
1.1673449,0.0002775274,2.9159658,0.10152437,7.6197534,1.1620878,27.06372,6.1889805e-05,10.3834915,2.2871861,3.7347622,58.88966,0.78824985,0.02106043,0.0021272178,0.1651874,2.1718671,0.012688174,0.06610893,0.011108777
1.1516395,0.00014846759,1.7820277,0.03268911,8.77098,0.8896732,33.122143,3.7363705e-05,8.655169,1.940689,5.7962456,34.50378,0.7516605,0.010662008,0.0005107639,0.107172355,0.7335473,0.0066258702,0.054850727,0.004994541
1.1424469,0.00011375413,2.3615222,0.020936958,8.331639,1.3189881,33.165985,3.502279e-05,8.941612,2.2396214,3.872555,48.892544,0.8260223,0.010729494,0.0006824005,0.11206808,0.97358763,0.0070063705,0.060984857,0.005956887
1.427977,0.00015594943,1.7033685,0.034725517,7.942417,1.4486035,25.507229,2.9867217e-05,8.5861845,2.5059793,3.125495,33.08603,0.7041933,0.011214636,0.00037077113,0.089663714,0.32407767,0.0044383844,0.06415399,0.0047986787
1.2892427,0.00026359886,5.780967,0.047480743,9.973426,1.3959605,49.78228,6.44895e-05,14.465218,3.4056487,3.0978272,111.47395,2.3237464,0.019523753,0.0023875607,0.227083,3.383227,0.016203279,0.06397941,0.011847382
1.2255982,0.00020648481,3.947556,0.0478002,7.7288494,1.4880917,30.948244,5.327809e-05,12.033615,3.1465,4.1319394,74.66472,1.260042,0.015124715,0.0012970692,0.1358745,2.7032683,0.013689887,0.058252413,0.008915793
1.3394234,0.00043303645,5.3608127,0.05858508,7.2154875,1.4843835,35.834255,8.29216e-05,11.000714,3.1197224,4.695549,109.755936,1.6257896,0.022062507,0.0014254594,0.25493157,3.1943417,0.014080316,0.071058445,0.008747364
1.0633807,0.00011379194,2.5812922,0.04074615,6.9082856,1.4232112,29.627724,3.5672612e-05,17.433762,2.6945777,1.9175078,67.83034,0.98200786,0.007860704,0.000889874,0.11852505,1.3754815,0.009728466,0.06953741,0.0071620434
1.0122973,0.00015446712,2.6256094,0.03691037,5.62986,1.5782752,25.406057,3.5749956e-05,8.920632,3.5931811,5.2766876,54.553493,1.454036,0.0073263547,0.0009639385,0.104554534,1.3957617,0.01022691,0.051624354,0.007926352
0.9912162,0.00032147477,3.6656122,0.16719109,7.778428,1.6742723,32.978046,5.7207304e-05,18.012613,4.014194,3.8898547,80.01119,3.5401306,0.028417995,0.0037544547,0.094664425,2.191374,0.0159144,0.0645562,0.015873674
1.148978,0.00028743455,6.930351,0.07439175,7.689191,1.5942101,42.645035,6.907093e-05,20.872463,4.802065,2.9881244,152.49959,2.839658,0.018744888,0.003242795,0.31772146,6.418055,0.017237177,0.03947539,0.010477921
1.0726924,0.00030413532,4.84889,0.10090261,7.296325,2.0527513,42.902363,6.55779e-05,21.776102,3.7038527,3.1014397,100.646355,1.8174665,0.019488612,0.0027666148,0.21456067,3.6042268,0.018800898,0.067578904,0.014545159
1.516285,0.00043026195,4.044459,0.25424987,12.037244,1.5487117,49.872364,6.176424e-05,20.606215,4.7724338,5.436895,95.27724,2.7762704,0.021654656,0.0022816095,0.15274943,1.464326,0.01509424,0.11425544,0.019610506
1.0407614,0.0003275309,5.8399,0.085995205,6.770122,2.7814806,39.153282,7.078001e-05,22.950281,5.13521,3.1883636,119.758354,2.7427418,0.017649798,0.0033886216,0.24346834,4.313677,0.016862996,0.07388623,0.013444877
1.0917263,0.00043224238,3.9653652,0.12272205,9.118752,1.6371781,47.01066,6.591467e-05,15.63015,3.7138433,4.734488,89.20202,2.7100532,0.020477908,0.0031135606,0.18216793,2.1858845,0.017708087,0.11429586,0.020692877
1.0724841,0.00033135258,5.553735,0.09144154,7.325468,2.5140646,42.61009,6.658225e-05,20.101677,4.910915,3.8482616,114.215065,2.4792328,0.018802578,0.0029060778,0.21373485,3.4896436,0.015479183,0.06999012,0.013469764
1.1232482,0.00038525712,6.735781,0.10758054,7.3918595,3.0148618,46.323887,6.632345e-05,22.344517,5.1751084,3.7112463,138.24248,3.2258277,0.020985004,0.0036713122,0.23023166,4.3446836,0.015524957,0.0589322,0.014956024
1.0875363,0.00022116448,5.3975005,0.06046807,5.4184537,2.1287847,22.248365,4.0199695e-05,16.623693,4.7663083,2.1982305,114.97133,1.8899261,0.016107177,0.0024231577,0.10933692,2.5786219,0.011947925,0.07398626,0.00947081
1.1911646,0.00035734457,3.4039173,0.10075164,6.07542,1.5254229,32.872704,7.1158734e-05,17.504194,2.716086,3.192663,67.27163,1.1901382,0.019443493,0.0019441589,0.18558744,3.0425463,0.02237051,0.086936824,0.012839773
1.119741,0.00029125216,3.4349985,0.07479452,9.01046,1.3059003,44.396336,6.746182e-05,14.271792,2.7628622,3.1766994,75.40599,1.5988718,0.016645886,0.0040631923,0.16473122,3.290439,0.012865118,0.055810142,0.010996385
1.2861428,0.00032676567,5.4821877,0.10623218,9.926118,1.756549,53.428574,6.865124e-05,21.59971,4.3660145,5.2841005,124.89844,2.0075128,0.017851662,0.0017503673,0.25006497,4.2189655,0.020712946,0.05248498,0.012127934
1.2470603,0.00033595404,3.6049392,0.09183971,9.502058,1.4216254,49.294838,6.8450085e-05,16.97102,2.9002066,5.194185,76.439125,1.3885341,0.017533716,0.0019716802,0.17055349,2.7129388,0.014684295,0.054033164,0.01218521
1.2083495,0.00029710258,3.6277304,0.10920741,6.2761173,1.741293,27.884619,6.896269e-05,18.13417,2.9508586,2.4920025,75.503075,1.496778,0.018798819,0.0021630565,0.15243348,3.2136097,0.014414896,0.06557591,0.008769216
1.2089558,0.0003912188,4.0858502,0.07811846,7.9543633,1.8584563,43.184002,6.249007e-05,21.195585,3.9972425,3.895582,85.19189,2.654881,0.021142483,0.0026325567,0.18161537,2.3855553,0.0125203505,0.11041982,0.011607525
1.279822,0.00028535706,6.301848,0.07463459,7.421925,2.9928567,34.282013,6.582483e-05,22.144104,4.6956367,3.0136898,135.62672,2.9888847,0.019182514,0.002310311,0.18719919,3.0969782,0.0153236715,0.115869544,0.014206254
1.2966514,0.00035684134,4.7699747,0.11850112,7.143142,2.490646,30.363264,8.4212894e-05,23.589607,3.6043236,2.0553794,93.847466,2.035002,0.024735449,0.002537,0.20320466,3.6904166,0.022460971,0.102115,0.014503724
1.168141,0.0005173098,7.466029,0.12181358,9.136228,3.2344174,46.203182,7.066527e-05,19.94797,5.9604983,2.738843,145.05397,3.391037,0.018736182,0.004496652,0.210198,3.5069532,0.017592434,0.08395252,0.013234111
1.2361989,0.0003492267,5.5884733,0.07824555,8.331284,2.3024795,50.331627,6.97872e-05,11.923347,4.9834323,4.365956,111.5659,2.4278069,0.018798152,0.0027508156,0.20910436,3.8034775,0.013710153,0.062338375,0.010540115
1.2519963,0.00045507768,5.684455,0.11133354,7.0157437,1.6622564,41.744507,6.59908e-05,13.500098,3.1705337,3.3312614,111.718834,1.3346952,0.025865424,0.0024938688,0.17048272,3.2803206,0.017534612,0.06718885,0.010797167
1.1773942,0.00033226074,5.2000184,0.07494499,6.828507,1.8603097,37.87477,6.826151e-05,21.637407,2.5656815,2.9638197,104.237526,1.5083914,0.019257724,0.0033793764,0.19548301,3.9737499,0.017042724,0.036691327,0.0106936395
1.1602752,0.0006708655,7.2551093,0.09828787,12.7890215,3.4379473,45.402462,8.739247e-05,20.817537,8.580041,5.0798173,137.12123,5.117432,0.01999597,0.0032237016,0.30994695,2.2206664,0.020807056,0.13307253,0.030895866
1.8304888,0.00014702172,3.4351509,0.07195346,8.880558,0.65245086,45.770386,3.2431915e-05,9.55438,0.97027206,1.3968619,68.06099,0.46981803,0.020856472,0.0012401415,0.13542242,1.4465991,0.01017642,0.08146011,0.011166165
1.858855,0.00014705914,3.0916932,0.071469046,8.615472,0.6183208,44.832924,3.1414413e-05,8.910473,0.87380177,1.5090201,61.15454,0.40019628,0.020297762,0.0011256122,0.12988117,1.2620642,0.009545492,0.08019397,0.010617378
1.429895,0.0002593402,4.032361,0.095858835,9.121551,1.4024384,48.239494,7.515507e-05,10.269331,2.847146,2.2522721,79.98427,1.3163735,0.020978287,0.0024877859,0.2407195,2.1357894,0.015281136,0.102837,0.0121847
1.4831084,0.00040307062,4.4421177,0.105561964,6.89549,1.2894458,36.477837,7.9130376e-05,10.2671385,2.1315498,2.3254902,86.45236,0.9276007,0.033452928,0.0020875558,0.25983965,2.24616,0.014017794,0.08438342,0.011898573
1.3800062,0.00035486775,4.825549,0.09993505,6.8347893,1.1842415,41.067146,6.5352586e-05,8.979306,2.4375272,2.4684584,89.005684,1.264391,0.0273688,0.0023474626,0.21364541,2.692346,0.017737055,0.0655614,0.0115005
1.3904027,0.0003690014,3.551197,0.16611381,7.0084147,0.9443788,34.887688,6.504184e-05,8.591538,1.8967104,2.2107053,73.959885,0.88694453,0.032973655,0.0022684676,0.1931115,1.5773615,0.0140637625,0.09000192,0.01321748
1.2769811,0.0003422192,5.601427,0.049900055,8.638963,1.5340246,46.437847,8.732046e-05,9.182251,3.5630145,3.8865883,108.466125,1.8713058,0.022866925,0.002175712,0.2739608,3.5400157,0.014384833,0.06975049,0.010778066
1.2960393,0.0003289437,4.654077,0.083263725,9.402337,1.3330634,49.620537,8.48132e-05,8.486165,2.973212,2.3302073,92.88479,1.6068264,0.028873108,0.003646081,0.24532053,2.8070192,0.011721397,0.06467085,0.009981634
1.3272254,0.00044624304,6.0875554,0.13252625,7.861592,1.5744874,34.526752,6.217084e-05,9.025913,3.6159923,3.019933,108.569695,2.0514581,0.029448647,0.0025966712,0.1485355,2.32289,0.014270921,0.080077216,0.012618944
1.4260361,0.00041705495,3.8816853,0.14980173,6.155073,1.0590668,33.156036,6.78106e-05,9.437167,1.7134428,2.2433562,80.67369,0.6894589,0.03577147,0.0016970381,0.20195648,1.7455277,0.01602203,0.08746117,0.01274689
1.261341,0.0002927326,5.367488,0.05634761,8.092654,1.4809562,41.442513,7.605499e-05,8.018452,3.6529527,3.5398571,100.88125,1.8184735,0.022209946,0.0023207448,0.2362429,3.4535646,0.012084668,0.064007565,0.010174384
1.1692506,0.0002379717,4.357675,0.05877193,5.4815054,1.4328787,26.959234,5.4458724e-05,9.300527,4.2344074,3.4452376,79.26203,3.5375342,0.013589955,0.003343802,0.15432534,2.5629528,0.0078090727,0.04797858,0.00815796
1.2838082,0.0002313995,4.775459,0.04968385,8.632284,1.1804218,53.511604,4.6788482e-05,8.102235,3.1719124,3.0132668,90.69351,2.4705582,0.015929187,0.002849604,0.1921697,2.3562136,0.011685979,0.042615023,0.010465792
1.3348097,0.00025798942,5.0926747,0.08534005,8.474495,1.4113352,55.55535,4.4917168e-05,8.29353,3.9071927,2.9276798,95.466965,2.399074,0.018945811,0.0025865566,0.18125261,3.2840939,0.015491131,0.04771962,0.010484136
1.3330659,0.00033871146,4.053663,0.13376032,7.744333,0.88932335,40.34735,5.7517285e-05,8.759057,1.8409199,1.4887438,86.98279,1.0829654,0.030395998,0.003401382,0.2118251,1.8998275,0.011469686,0.06790389,0.012783735
1.3410796,0.0002633984,4.8120127,0.08135044,9.228386,1.2577752,56.39765,5.1007002e-05,8.734325,3.4692104,2.6737647,89.08317,2.4104152,0.018313788,0.0025610279,0.21264657,3.0616808,0.016923424,0.05558346,0.010322632
1.3360828,0.00028891215,4.9915495,0.08711794,7.5661783,1.1836056,42.57331,5.8952184e-05,8.248444,3.0082324,2.708533,100.82471,1.9620855,0.025031138,0.0033519778,0.21782404,2.4526415,0.01224229,0.062200967,0.012432651
1.3024628,0.00034832864,3.7328439,0.21949345,7.6433992,1.1333194,45.260883,5.9941565e-05,10.437667,2.3439171,2.034227,80.47935,1.1704339,0.02745753,0.0022603024,0.18243897,1.57144,0.014402579,0.09475085,0.013335238
1.3431907,0.00026304804,4.4725447,0.051575184,9.146152,1.3965259,45.229305,7.1162285e-05,9.731994,2.8434787,2.8404624,89.241844,1.3664386,0.01773259,0.0020101795,0.22656679,2.4404068,0.012587101,0.090967715,0.009557759
1.1614534,0.00058881997,10.765922,0.036679834,8.453703,4.9497476,38.832012,8.698127e-05,23.43509,9.314106,4.7787485,196.83284,4.524712,0.015838189,0.0027195537,0.23122045,4.14964,0.014450063,0.07361939,0.009379632
1.4191874,0.00037446406,4.589681,0.12282383,7.2079906,1.3110268,40.721096,6.515132e-05,9.354278,2.5087717,2.7249553,91.90247,1.2821378,0.030234508,0.0018669787,0.21338418,2.2663696,0.017446766,0.096904054,0.0134705575
1.1420765,0.00028831395,6.0598106,0.05182697,8.248524,2.4195297,47.99393,6.251078e-05,8.558019,5.709144,2.9873426,108.394745,3.0260127,0.016576946,0.0036739274,0.17144367,3.2440486,0.0075470074,0.0529235,0.008485036
1.4146864,0.00031583398,5.1716614,0.12096329,7.967804,1.161184,46.88538,5.9966795e-05,10.283083,2.8055272,2.1146007,99.02311,1.6339387,0.024102723,0.0025993625,0.23906972,2.4201822,0.017534088,0.07802,0.013084538
1.2806219,0.00033417618,3.9755661,0.07570781,7.05922,1.1670196,42.674545,5.7274814e-05,11.233408,2.52491,3.8129234,81.92035,1.575636,0.021246167,0.0023332688,0.15016478,2.4053955,0.0035821877,0.019514913,0.005075115
1.1490103,0.00015987016,3.0264127,0.04169255,5.984939,0.8327423,28.103971,4.1623854e-05,10.41079,1.7167815,3.7920728,56.548153,0.7716066,0.01882666,0.0013211655,0.13239613,1.7072158,0.012369926,0.07089532,0.008792074
1.4238293,0.00022635398,3.3926213,0.07236236,6.345667,1.0096703,29.29403,5.525932e-05,7.3420796,1.6778331,2.5966172,68.69796,0.64251816,0.02420229,0.0010690825,0.17516123,1.5371859,0.012929566,0.08503222,0.010849658
1.3607583,0.00039616082,5.3398256,0.05199235,10.38003,2.603134,54.58024,7.8503144e-05,15.692608,4.5004654,3.0637083,116.039604,2.2802544,0.024495903,0.0021120294,0.26744297,1.9286833,0.013332829,0.12014277,0.014007626
1.200772,0.00042686186,4.713333,0.07890596,9.227633,1.5304457,53.48027,8.8665e-05,9.079986,3.332293,3.9592426,96.088715,1.8402855,0.03196105,0.0034383715,0.21744417,2.7894692,0.009073934,0.05540555,0.007918966
1.334491,0.00030567922,4.9211316,0.14272107,9.7119875,1.6683644,54.217915,6.814219e-05,9.366724,3.5199785,3.7154999,86.74215,2.223872,0.019264014,0.00271724,0.18924005,2.1800816,0.012791589,0.07213051,0.008641043
1.8149034,0.00034230927,4.03961,0.10652612,10.764464,1.8722348,57.086533,5.1211526e-05,12.015954,3.2407548,3.9585934,88.88597,1.0022227,0.025232967,0.0004527636,0.16854961,1.1972225,0.011296556,0.08449108,0.00939972
1.1745046,0.00041202578,16.131908,0.11184718,11.904854,5.9710474,48.96347,0.00010685777,27.787378,14.475673,3.6476588,283.18182,6.6449947,0.019097153,0.0050728344,0.32486293,6.023152,0.040134136,0.22762221,0.027759787
1.0899184,0.0003467699,6.10255,0.07457269,7.978257,1.3619964,41.770916,5.134931e-05,8.533361,4.6342435,3.488779,106.163414,3.5530598,0.019541109,0.004792667,0.22862348,4.276544,0.013840803,0.038834814,0.0080060065
1.2447113,0.00055916,12.954971,0.09918223,18.673758,5.004699,49.313396,0.00010128581,33.139748,12.4536085,2.9189837,233.52869,6.794696,0.029595653,0.006349701,0.34523788,4.847067,0.024682708,0.12848623,0.024755972
1.2439259,0.00028369305,5.195917,0.044173773,8.056951,1.4957318,36.211388,6.336155e-05,13.721799,2.8783634,3.3474636,102.30111,1.5007112,0.02074567,0.0019329028,0.23719144,2.947554,0.016116144,0.06997089,0.01299918
1.1613951,0.0001718031,2.80764,0.04069656,7.1219497,0.39068103,37.042816,3.5166704e-05,7.898414,0.9624007,4.0147667,58.73171,0.6555047,0.015171693,0.0013696286,0.09640515,2.0744112,0.008890229,0.02596226,0.0063249
1.1235231,0.00045190056,10.886067,0.11143863,7.483059,3.8037775,34.259842,7.5826865e-05,14.04245,9.285726,3.0636752,197.23933,5.2469325,0.025670556,0.0051159607,0.16757557,6.6384764,0.013275671,0.08017934,0.008170035
1.2388467,0.00039593055,6.1860223,0.08908758,12.396321,2.149826,52.091568,7.302251e-05,13.767485,4.85795,4.031259,118.7385,2.9030588,0.023402475,0.004123741,0.18056235,3.678372,0.010532678,0.039022475,0.007151533
1.2471253,0.00041265017,6.31247,0.110442355,7.513487,2.8884158,42.981285,5.706201e-05,22.412617,4.460742,3.346523,117.84758,2.0576618,0.01956626,0.0022970245,0.19650587,3.133145,0.014912869,0.06395476,0.009188542
1.4170368,0.00025596286,3.7109551,0.07831693,10.295044,1.2869052,47.481297,5.3903997e-05,21.673615,2.9206042,2.7448525,71.21507,1.1706643,0.019059166,0.0016478274,0.16896354,2.273324,0.014243615,0.066139735,0.010227808
1.4608998,0.00025414184,3.7936165,0.13699466,8.821547,1.0628438,50.012665,5.847859e-05,14.10586,2.6034198,2.4255326,79.12842,1.7086151,0.023296364,0.0027117974,0.20152086,2.8423934,0.014901453,0.055917118,0.011925262
1.2893689,0.00025176263,4.210615,0.07055551,7.5677915,1.3031499,36.584938,5.348846e-05,8.269803,2.3198345,1.7180628,92.696266,0.81936884,0.02807523,0.001631028,0.16096061,2.265966,0.014647093,0.07691914,0.009967046
1.2031664,0.00055248773,5.3635025,0.15960084,11.848168,2.415208,63.621513,7.9746125e-05,23.835405,4.58497,3.7216928,111.46985,3.129194,0.026435263,0.0033775885,0.2586764,2.1884718,0.026258208,0.13255642,0.037290167
1.3211051,0.00029536855,3.4926493,0.10987215,11.604171,1.8835115,60.29465,6.374839e-05,19.25777,3.5040724,4.492384,73.813354,2.2178867,0.017502772,0.0018741313,0.15641756,1.7366112,0.01779696,0.10266688,0.018822217
1.8786557,0.00034061453,3.3932052,0.1314768,10.973395,1.4492027,45.45907,6.6528e-05,14.742276,2.1505318,2.0780797,77.74738,1.0678132,0.028252013,0.0019112951,0.23036425,1.7148833,0.015439479,0.096309684,0.015746228
1.5284768,0.0003497192,3.3996246,0.08853661,9.610949,1.9516845,37.99124,5.700018e-05,19.312689,2.9250133,3.5669014,74.32323,1.0128212,0.025173366,0.001012469,0.17820053,1.3314525,0.012434757,0.10863655,0.0125461705
1.8891671,0.00032752447,3.390691,0.13107252,11.64506,1.531172,50.46687,6.7464185e-05,15.816557,2.28806,2.3088257,80.02481,1.142265,0.027733706,0.0019697475,0.23467346,1.6534845,0.016153503,0.103153735,0.017108386
1.3406764,0.00038507325,3.3517842,0.08237886,6.7476826,1.3933058,28.68454,5.521001e-05,22.737116,2.6303322,5.7766075,66.5162,1.222454,0.019783901,0.0007216062,0.16687484,2.2127242,0.015254528,0.0926714,0.0073519554
1.7015737,0.0003524079,3.5590506,0.10733531,10.417136,1.4689746,42.958023,6.521176e-05,15.161714,2.369414,2.5590894,80.4005,1.2036029,0.026374782,0.0020266317,0.22552739,1.8250462,0.014336032,0.08995376,0.015415801
1.3820058,0.00013957957,2.902955,0.05045992,8.314398,0.90940404,37.777714,4.631036e-05,9.581771,1.5026321,2.064353,60.51936,0.65446573,0.0148442825,0.00045838288,0.16544802,1.3615792,0.017207734,0.09352516,0.0128306635
1.8477021,0.0003268579,3.2728858,0.11301962,11.36222,1.4490094,40.248478,6.697392e-05,15.791438,2.194425,3.0133023,73.2328,0.97796136,0.027428553,0.0013491265,0.20367715,1.6907045,0.014078005,0.10476827,0.014629631
1.8898599,0.0003049111,3.253923,0.118937366,11.483957,1.3005303,48.568954,6.417318e-05,13.6067095,1.5841839,1.7747416,76.50209,0.7474259,0.028264057,0.0017773658,0.2357002,1.6671154,0.013459126,0.09769785,0.014862509
1.5572091,0.00018027484,3.4244156,0.06841818,8.545356,1.4091289,26.232042,5.374499e-05,17.284609,2.5838182,3.129993,77.70423,0.84090066,0.020773508,0.0008212874,0.20356686,1.9658722,0.017956495,0.105853975,0.014250887
1.5691323,0.0002778276,3.5672038,0.06250132,10.378286,1.7337025,36.532936,6.256228e-05,15.77357,2.816633,4.5493727,79.706436,1.0849065,0.021942478,0.0004979728,0.1879823,1.3453602,0.012509959,0.12261181,0.013739782
1.9793274,0.00034847538,2.743887,0.14899081,11.148903,1.3759135,49.209904,5.83135e-05,12.8301525,1.509335,1.816424,65.67601,0.5021323,0.033995125,0.0011625864,0.21939586,1.1460141,0.014178065,0.14445569,0.014932832
1.4113702,0.00013499567,2.928739,0.054670963,7.194985,1.1309947,21.847473,3.9873164e-05,8.848883,2.1901884,4.082349,60.4304,0.48691538,0.013715819,0.00044644027,0.15717463,1.3057721,0.01430332,0.09187784,0.011951496
1.003517,0.00014429845,2.408611,0.034326587,7.5066648,1.4665318,23.447063,4.646208e-05,10.06586,2.8988562,4.9072227,50.837852,0.6953687,0.010911643,0.0007751068,0.13721843,1.6423794,0.011892071,0.071257226,0.008741597
1.2152035,0.00017122614,2.1220183,0.05713807,7.7812533,0.7535581,24.561218,4.38859e-05,9.277993,1.5539954,4.5219307,46.9645,0.5264624,0.0139662875,0.0008386719,0.13269886,1.3120853,0.009048737,0.060542323,0.008725936
1.0908084,0.00013994583,2.1834116,0.021075781,7.31418,0.9589339,22.335001,4.714523e-05,9.281969,1.9605664,4.6638265,47.36393,0.64427733,0.009135987,0.0008497037,0.12861703,1.4032068,0.010106067,0.06243174,0.008249161
1.1692365,0.0001565133,1.9797239,0.04212655,8.58485,0.86057425,24.948586,5.308059e-05,10.171874,1.9664046,5.951135,43.45991,0.6756227,0.012849315,0.0006139361,0.1351287,1.4925785,0.013882671,0.07795122,0.009552861
1.5600922,0.00019405213,3.3230717,0.091461666,9.850887,1.5763739,42.798412,5.5736746e-05,13.815253,2.6867545,3.5838265,69.298256,0.72528905,0.015233168,0.0006572369,0.19351822,1.3952672,0.022255866,0.14733322,0.019599617
1.3250653,0.00025905395,3.2483194,0.06295422,8.909914,1.5528069,38.656937,6.488142e-05,17.688566,2.2924366,2.4817271,67.86475,0.9435738,0.017579654,0.0016952557,0.2115897,1.6909419,0.02211348,0.104398265,0.019307997
1.2155629,0.00019878012,2.330451,0.051034503,8.20439,1.6599605,22.595417,6.2163024e-05,13.049268,3.4768252,4.4070487,52.04737,0.8604558,0.013704744,0.00048159418,0.18991125,1.8816015,0.01716476,0.09498519,0.011160555
1.7227439,0.00017280826,2.7353346,0.089140356,11.510368,1.1433891,61.072346,5.5143366e-05,14.728328,2.0085132,2.7546952,55.430904,0.7104244,0.014525935,0.0008947608,0.23441295,1.226899,0.01714287,0.13913141,0.01753119
1.5595814,0.00023814502,2.9213457,0.071197525,9.968923,1.6455412,49.08777,4.7532987e-05,12.325991,2.728868,2.9114838,64.84146,1.2392782,0.01932821,0.0015228296,0.1288252,0.96865034,0.012998722,0.10741237,0.014171881
1.496528,0.00023357118,2.8223634,0.07518483,9.336329,1.6733849,46.278667,3.761719e-05,12.301193,3.1848226,3.015945,64.36374,1.5140309,0.018367952,0.0014641574,0.093839385,0.96430045,0.010355187,0.10130988,0.01229201
1.5011959,0.00022732007,2.9631746,0.06899431,9.251894,1.748451,47.227047,3.8581435e-05,12.660485,3.3997583,2.957987,66.47138,1.6061168,0.018158333,0.0014483524,0.098592415,1.0203704,0.0107871555,0.101008065,0.0125311995
1.038742,0.00022567727,2.9230165,0.101112425,8.552031,1.635833,34.77174,5.475191e-05,13.791461,3.723251,3.6749527,63.544262,1.5294255,0.01324662,0.0018472684,0.16068557,2.2560163,0.014221083,0.08002475,0.012237906
1.666663,0.00023865611,2.9025037,0.071625255,8.975332,1.6329814,42.64174,4.6945144e-05,13.929101,2.5175502,2.7991881,65.2094,1.1065918,0.019254662,0.0011875769,0.1336086,0.9534236,0.01216872,0.10908093,0.01345252
1.9442306,0.0003298421,2.8743777,0.104135625,9.038097,1.2186811,43.618565,5.0889623e-05,15.557816,2.0780566,2.9208648,65.17116,1.0105879,0.023419121,0.0012566386,0.17521617,1.1798213,0.013694637,0.102767356,0.013943171
1.9824768,0.00030810182,2.7922285,0.12515765,9.974926,1.021337,46.42938,5.201036e-05,16.877386,1.772568,2.0408356,64.05293,1.0032182,0.023713555,0.001632422,0.20840432,1.3894457,0.015234176,0.10835852,0.01601603
1.5983726,0.00019182959,3.0328548,0.05124309,7.841802,1.2274008,24.662104,4.916402e-05,12.082733,2.1849763,4.2694483,61.75468,0.45215982,0.015366704,0.00040120477,0.15837446,1.6215767,0.016066661,0.08935969,0.010090459
1.3749063,0.00020847995,2.8994565,0.06857331,7.915802,1.2007735,22.322504,5.3916618e-05,11.346428,2.5161936,4.6479993,59.939384,0.62901014,0.018217554,0.0005997651,0.18238303,1.9790604,0.013547645,0.09041488,0.009125478
1.6344146,0.00022271069,3.3945074,0.092335925,9.73656,1.5387099,41.551826,5.814168e-05,15.273069,2.486543,3.669683,70.86982,0.6714945,0.017087279,0.0006686553,0.16912933,1.3451917,0.020613294,0.14661965,0.017061474
1.4241554,0.00027130457,2.747871,0.07611919,9.98632,1.6475084,50.976788,3.9469007e-05,11.295331,2.9625564,3.6418746,64.419914,1.1784539,0.016317252,0.0014076078,0.084474295,1.0058151,0.0071622455,0.09059008,0.009501618
1.4236237,0.00030976508,3.0451877,0.07760229,9.431624,1.6878936,48.20591,3.897366e-05,11.280688,3.1942246,3.8386562,70.28906,1.2792506,0.018662557,0.0014506499,0.08557348,1.0347644,0.0070615797,0.09432997,0.009496397
1.937946,0.00029996524,4.290435,0.07810448,11.589063,2.0614367,60.64256,6.080681e-05,21.170353,3.5020857,2.7438302,93.895546,1.5457377,0.018794924,0.0015237277,0.22093245,1.7883902,0.021132845,0.12684946,0.015680075
1.386634,0.00026524276,2.7318678,0.095115535,6.2017956,1.6355155,18.109507,5.7474444e-05,17.015905,3.05707,3.6027062,61.693935,0.97474194,0.018099273,0.0005991803,0.13820642,1.808755,0.017701497,0.11601635,0.009939773
1.4796506,0.0002572085,3.5168047,0.07224902,10.872663,1.8223324,52.324306,5.8137102e-05,13.430526,2.7151873,2.9463458,77.87118,0.89210874,0.019080736,0.0016462799,0.1683273,1.2844281,0.010614098,0.13054359,0.0112255635
1.427717,0.00028692483,4.283779,0.07544099,10.230038,2.3045788,45.24704,6.72574e-05,15.502679,3.318659,2.9860237,97.98071,1.116508,0.021598343,0.0015062371,0.19265132,1.4499712,0.012647401,0.15979037,0.012380923
1.3396711,0.00028805534,5.3475614,0.055980377,8.771905,1.3649822,48.060814,8.10412e-05,10.409146,3.1983824,3.7400663,99.677155,1.5096638,0.02033904,0.0018625329,0.25440502,3.7571516,0.01528548,0.066323616,0.00982942
1.3420812,0.0003083292,4.791489,0.041820366,8.822283,1.2515101,50.63103,6.40405e-05,9.748462,2.7698507,3.187488,91.698906,1.8055078,0.01963661,0.002276756,0.23244293,2.7966986,0.013048195,0.04408573,0.009751713
1.4539938,0.00027516615,4.012462,0.050974187,9.020301,1.127823,51.64821,6.644746e-05,7.5743914,2.4265213,2.912999,73.08945,1.4010993,0.015146315,0.002039339,0.19522879,2.1441402,0.013679772,0.070196845,0.0103212455
1.2454951,0.00030461128,4.5093994,0.042650666,8.417055,1.5543239,49.547768,6.7524714e-05,7.9231215,3.3602836,2.9518683,82.19657,1.9162384,0.016988263,0.0024836776,0.19172692,2.392334,0.012337064,0.07280908,0.00920465
1.0557566,0.0004208545,3.2821372,0.16029868,8.814184,1.3474416,35.221817,6.0723738e-05,23.794308,2.151451,3.9974227,62.415813,0.800305,0.030656531,0.002074541,0.15838112,2.0443242,0.009478921,0.08355592,0.009222527
1.0108457,0.00020705634,1.9954479,0.102426164,7.830163,1.0745943,33.118855,4.7648507e-05,19.762342,1.8863304,2.37138,40.82498,0.7950834,0.025266932,0.0021296523,0.07417474,0.61344945,0.0066314377,0.12231619,0.012116555
1.1493589,0.00019710707,1.9919984,0.109097935,9.228406,0.8444269,42.952293,4.2480566e-05,17.646818,1.167957,2.7683146,44.01758,0.4364517,0.024433045,0.001190936,0.093870066,0.6777718,0.0103612095,0.115321256,0.012592498
1.1393813,0.00020822276,1.8050079,0.116665885,9.06944,0.69528776,41.46863,4.5367276e-05,13.417089,1.0928351,4.1850243,37.62691,0.5694451,0.017764067,0.0009744902,0.10988719,1.0368959,0.011177061,0.07775515,0.010015998
1.0075095,0.00024349027,2.1344104,0.12252789,9.488204,1.1235509,42.791122,5.0329552e-05,17.746708,1.8162303,2.6165602,47.89742,0.7927296,0.026932716,0.0020382595,0.096091434,0.7144482,0.007982232,0.10869791,0.010889553
1.0120146,0.00014619173,1.9353632,0.060416102,7.112822,0.8896168,28.162102,4.3811255e-05,18.530346,1.8332462,1.816064,40.23209,0.8481408,0.018981764,0.0016527496,0.08479716,0.5725129,0.00794273,0.12720016,0.010656911
1.2410583,0.00022660694,2.4167025,0.09246364,9.238039,0.9292431,39.34405,5.666377e-05,14.422177,1.6213298,4.770297,50.590664,0.48841357,0.020475177,0.00042313477,0.14910659,1.1490085,0.01791423,0.117765926,0.012807411
1.509536,0.00023329046,2.195443,0.08589233,9.801158,1.2299671,39.262367,4.5255973e-05,19.973263,1.9495335,3.6070814,46.744545,0.6547094,0.02940846,0.0011196356,0.13890044,0.7641468,0.008603746,0.10173797,0.014474681
1.1446714,0.00026586183,2.367295,0.104514845,11.25023,1.2935209,47.04503,4.7768757e-05,19.437145,2.5604842,3.275996,48.628906,1.0420543,0.02482037,0.0020815567,0.104880586,0.8217497,0.008419775,0.09571246,0.0107572405
1.2071334,0.0002807426,2.4493284,0.09882255,10.527346,1.5221438,40.51661,5.201351e-05,21.921268,2.7872078,2.974524,52.815895,1.0909063,0.024781236,0.0015652226,0.124871366,0.7605533,0.007916764,0.12810798,0.013283451
1.0303782,0.00014940927,2.093112,0.057791114,7.3356433,0.62562186,31.77428,3.8858096e-05,15.000737,1.2808598,2.6089857,47.969627,0.7489659,0.013996208,0.0015336575,0.07618433,0.7701079,0.0073878453,0.10718393,0.008338087
1.115122,0.00025775214,3.4754667,0.05447466,10.165658,2.4474092,41.15544,4.9117774e-05,18.361277,4.3586454,3.2939396,72.39634,1.625992,0.021124415,0.0020802787,0.1036535,0.88352835,0.007897337,0.12010383,0.013520249
1.0545928,0.00032063195,2.7778578,0.117399566,10.013689,1.5525519,40.205536,5.378031e-05,19.89959,3.1364493,3.6735249,59.387466,1.4809021,0.026884427,0.0021571983,0.09390392,0.84825295,0.007731755,0.13126427,0.011864575
1.4013834,0.00030191967,3.0995545,0.06394165,9.966791,1.3817837,35.882717,5.276888e-05,17.712627,2.7190902,3.6464713,60.652798,0.92577916,0.023465788,0.0010765307,0.17917515,1.3614432,0.012057452,0.105100274,0.013822381
1.1887714,0.00030410354,3.2193809,0.060122516,11.070726,2.4157157,41.924892,4.8139198e-05,30.808043,4.1028266,3.739367,70.9216,1.4519368,0.02811485,0.0017512704,0.15435383,1.0334518,0.010281717,0.1335669,0.01586627
1.5401715,0.00031793606,2.9117067,0.10493447,10.361629,1.4305185,43.409546,5.9549937e-05,16.284979,2.0167854,3.2850487,57.220047,0.6293273,0.02492115,0.0009373767,0.1776968,0.9159029,0.009585011,0.12136954,0.013910904
1.4273508,0.00032563708,3.1419163,0.06749795,8.303546,1.2381073,27.737837,5.160489e-05,22.16027,2.5063875,4.6920795,65.01083,0.847472,0.020399207,0.00080587756,0.16381253,1.6898966,0.017442932,0.116553634,0.011787808
1.1034518,0.0003982571,4.296434,0.09333964,7.110281,1.6611834,36.12173,6.937378e-05,14.768262,4.108937,2.2889915,84.69609,1.9450936,0.024706922,0.0027585856,0.1859289,3.4377925,0.0144896265,0.08397487,0.011094053
0.9032671,0.00026096776,2.2571514,0.13350064,7.050725,1.3681647,32.13825,5.9295035e-05,22.814262,2.2595375,2.6256862,49.89477,0.91928554,0.027509699,0.0030080078,0.0857558,0.818736,0.0071382653,0.12604274,0.0124647375
1.07335,0.0003448926,2.9147863,0.08731449,9.845611,1.2684484,39.266884,5.939797e-05,23.543798,2.2684078,3.8328862,57.238358,0.8311352,0.02346279,0.0018068433,0.13332301,1.6022012,0.012912482,0.1154588,0.010447309
1.0393815,0.000109626766,0.9032389,0.048940543,9.934449,0.91290385,45.942787,2.4405612e-05,14.5573435,1.3070797,0.24963887,47.309708,0.603968,0.008472181,0.0015204145,0.04647236,0.51558954,0.008356699,0.10429192,0.010078253
1.6325765,0.00025579138,3.3852496,0.04697606,8.916112,1.231692,33.335327,5.2380386e-05,16.639738,2.3575299,4.093447,68.187256,0.5690015,0.020939067,0.00042473458,0.18215157,1.5482543,0.02085536,0.120140664,0.014016871
1.2912525,0.00032361737,3.576309,0.119318224,4.866241,1.5135297,18.193096,4.0046874e-05,16.24544,3.7265334,4.7664537,68.190895,1.9903841,0.014957104,0.0011332384,0.09989331,2.1158268,0.008969171,0.094454594,0.0050674113
1.4225184,0.00028317538,2.4172122,0.074959554,10.05541,1.1736457,32.066467,5.4798926e-05,27.620247,2.3045156,4.130338,53.636734,0.8367537,0.018133622,0.0007046315,0.12811403,1.5483782,0.017125232,0.13710909,0.009306903
1.144348,0.00018707033,2.1331465,0.06896248,9.426137,1.2547947,37.01544,5.9433194e-05,14.897587,2.3829389,3.1063416,41.803192,0.9203374,0.015220283,0.0010761473,0.1616057,1.2205839,0.016976034,0.12630399,0.013146604
1.500437,0.00022512049,2.086046,0.0986177,7.801799,0.93483305,37.519714,4.502961e-05,16.991137,1.1058706,3.6441805,42.998184,0.28066158,0.021345526,0.00057031977,0.12084121,0.8775141,0.013458784,0.12190664,0.012779514
1.2509043,0.00041483407,4.4151173,0.074778624,6.6833324,1.342481,39.088196,6.264431e-05,13.222369,2.6681335,5.6274276,92.6363,1.3177562,0.021499783,0.001205905,0.19363737,2.3875668,0.01492542,0.08269635,0.009966121
1.2385628,0.00048629605,3.173281,0.11224432,8.60247,1.1649393,26.450195,6.5439905e-05,13.752659,2.102624,4.7511754,65.61207,0.8107251,0.02526506,0.0011953627,0.14901772,1.8653541,0.010146777,0.08672334,0.008474081
1.1390617,0.00029323535,5.6194444,0.086398624,5.5876,2.0923958,35.78386,6.467796e-05,12.249025,3.7936792,3.5502098,107.756325,1.8834475,0.022697214,0.002378906,0.15562625,2.5779176,0.011698169,0.099205405,0.011280804
1.920878,0.00030979427,2.0904558,0.12540129,11.608062,0.755168,48.958256,7.223885e-05,16.57651,0.85038453,3.3555098,50.390003,0.4818325,0.02198672,0.00036545863,0.22704016,0.9326201,0.013864111,0.12180059,0.01596078
1.0341983,6.834346e-05,0.9784475,0.03261367,7.372138,0.56223375,26.885807,2.4376608e-05,9.157061,0.90273666,2.1026433,30.740555,0.50020695,0.0068008234,0.00091488945,0.027225193,0.55931395,0.00875318,0.07021244,0.008597512
1.1945437,0.00012816906,1.475672,0.05706495,10.402815,0.85553116,31.845303,3.8849023e-05,12.950846,1.5704749,3.0690827,34.39579,0.6244562,0.014060442,0.00079686433,0.083974555,0.5218891,0.008543174,0.12962937,0.009531494
0.7911592,0.00018409922,1.0576022,0.05496137,7.0047874,1.2464461,26.450272,3.5319594e-05,15.337585,2.5543926,2.6884546,31.956835,1.2275863,0.009607153,0.001396719,0.046818275,0.40991306,0.005830676,0.08360469,0.007425347
0.9787512,0.0001110311,1.3610836,0.03812445,6.4274907,1.3871591,28.564348,2.9592644e-05,13.125578,1.8351569,0.21272767,48.893177,0.5740724,0.010392347,0.0012723797,0.065124884,0.80714464,0.011023357,0.09670745,0.0086073335
1.1637648,0.00025172945,1.9174614,0.082724266,11.421765,1.1214855,38.50106,4.734146e-05,16.430676,2.1387517,3.1994553,41.383205,1.0162839,0.020236457,0.00167681,0.09080081,0.560898,0.007432623,0.13737482,0.012359885
1.2364315,0.0003720211,6.84526,0.07870307,10.163448,2.7561169,53.12285,7.1979826e-05,14.16692,6.4301376,3.280877,138.58029,3.405976,0.027935736,0.0024800461,0.19723298,2.9483683,0.016973613,0.12566344,0.012345582
1.2158413,0.00029101266,6.762034,0.0738451,7.954236,1.7803509,38.2949,5.3848766e-05,15.72767,4.8886185,2.8942146,128.02992,2.849953,0.02326169,0.00223723,0.19675818,3.2547662,0.014665151,0.0927682,0.012109886
1.2961203,0.00029193048,2.6729019,0.08519503,9.21615,0.84994006,46.72445,5.0850656e-05,9.957382,1.8103783,4.3455477,59.201385,0.9928996,0.02028062,0.0017466282,0.13358864,1.2838635,0.0107651185,0.061918575,0.010628601
1.1771015,0.00026873633,2.981555,0.06109791,8.10032,1.0652772,38.70916,4.8847993e-05,9.952056,2.5114222,4.345789,61.65896,1.5061957,0.017455475,0.0015251151,0.13480778,1.5645261,0.01012247,0.07202921,0.008728416
1.2076117,0.00031222287,7.5778246,0.059993926,8.30308,3.4700227,38.244328,5.3303895e-05,15.272351,7.6349897,2.891048,148.97957,3.758698,0.019071285,0.0022430448,0.14543192,3.0233061,0.0117415525,0.111321256,0.010849882
1.2543648,0.0002775296,4.0390534,0.0457099,9.06662,1.2280495,48.519627,5.6183588e-05,11.832307,3.1476228,3.6138752,80.35481,1.802597,0.0153769,0.0028328726,0.18393636,2.1748295,0.00958565,0.056159433,0.008985248
1.2669231,0.00030141708,3.8632832,0.051306065,8.541944,1.2278898,45.292435,6.3362066e-05,12.297263,3.029953,3.827368,80.98001,1.8610471,0.016339792,0.0014563111,0.18715246,1.9955119,0.015723074,0.110272355,0.011423949
1.2332902,0.00028868596,2.9542646,0.06929548,9.167703,1.174073,51.288223,6.0467664e-05,9.320185,2.616149,3.2196636,63.521935,1.474158,0.01984691,0.0022898403,0.16168055,1.5246195,0.008292304,0.056445677,0.009761126
1.3742801,0.00028683688,3.3014524,0.05956684,10.549697,1.0692937,52.284733,5.493694e-05,9.913994,2.5083635,2.9119117,71.75572,1.4979067,0.017295633,0.0014067915,0.17589067,1.3870497,0.014077481,0.10031143,0.0132117625
1.4498583,0.000322216,4.404495,0.049335856,12.074293,1.3502586,62.93112,6.457442e-05,12.45365,3.144246,3.3676212,95.93624,1.7311376,0.014074925,0.0015265443,0.22444719,1.997802,0.015216015,0.08768643,0.013438529
1.3021386,0.00022780415,2.3557022,0.06096412,10.215769,0.77104914,52.72337,5.49105e-05,8.081671,1.5591197,3.2685897,53.63752,0.80156904,0.018686498,0.0014692551,0.15006098,1.1204304,0.0149617735,0.0896601,0.0143974405
1.4496942,0.00020287419,2.2517965,0.06483653,10.052356,0.73510116,43.34414,5.1751536e-05,11.07694,1.4365156,4.7603536,50.38449,0.7742948,0.014817435,0.0011377474,0.11036323,1.3884568,0.009294961,0.073683485,0.008851163
1.4376004,0.00040891455,5.6001654,0.098789185,10.502359,1.7121977,53.430355,6.361154e-05,15.457821,4.365416,3.0494165,112.22607,2.6651137,0.024798198,0.0017712922,0.2185792,2.4592302,0.015981188,0.100416385,0.013582123
1.430753,0.0002990066,4.9808307,0.082971625,11.394536,1.6586809,61.46845,7.653426e-05,12.951079,3.8143024,3.217811,104.73465,2.1612942,0.020727545,0.0020723403,0.25113538,2.6060817,0.013844873,0.07308583,0.013278441
1.40934,0.00033043043,5.9408216,0.102028474,10.292063,1.8772409,44.29655,6.8380716e-05,28.862766,4.5793633,2.3693898,121.5337,2.9363573,0.024643607,0.002772245,0.206419,2.8992243,0.024508083,0.13226219,0.01905075
1.478038,0.00024012486,2.2261956,0.08363185,12.959914,0.77416295,64.625175,5.663208e-05,13.442089,1.6324148,4.412935,47.978077,0.88416857,0.012459558,0.0012243921,0.13786344,1.2028167,0.011289993,0.07132104,0.01124841
1.4538946,0.00023798444,2.244992,0.085749574,13.333667,0.8175899,65.31643,5.931128e-05,14.212439,1.6010089,4.3350024,50.019825,0.8247689,0.012630345,0.001328028,0.14409257,1.2706316,0.011395211,0.06892771,0.011481026
1.2021831,0.00029683457,3.5873177,0.05547572,9.24705,1.1180693,46.571545,6.222957e-05,9.0577755,2.3726501,4.1453514,83.03076,1.2696472,0.019861141,0.0020683266,0.17838809,1.8007098,0.012177061,0.08103734,0.012193791
1.1598428,0.00039697107,4.687696,0.0397756,8.595651,1.3481957,50.584816,8.286175e-05,9.88844,3.4596717,3.922849,87.092735,2.4782355,0.012477335,0.0025919015,0.23882829,2.401437,0.008694748,0.045731083,0.009979488
1.2156923,0.00036253943,3.867465,0.10664514,11.157959,1.0574653,62.20326,7.9258505e-05,14.686502,2.5409842,3.6701965,78.81485,1.3526834,0.016064785,0.002252899,0.20425172,2.1108184,0.011049957,0.067624696,0.011643738
1.2984048,0.00026989993,3.1134393,0.056415867,6.9895186,1.0348215,40.153236,4.9725862e-05,9.153937,2.101055,3.2978473,64.16074,0.9443844,0.01371242,0.0008675073,0.17668383,1.1697787,0.009500585,0.07459618,0.010577361
1.2453994,0.0003098829,2.8530455,0.08137746,8.776631,0.86746216,43.703125,6.362831e-05,10.515713,1.7894602,4.1652017,60.977715,1.0701442,0.017976172,0.0011711693,0.18705909,1.4018563,0.014267293,0.08777894,0.013314377
1.2113771,0.000326486,3.123974,0.110595465,11.090342,0.9467452,61.24606,6.995263e-05,11.330482,2.0581825,3.1331255,64.748695,1.0006242,0.018081563,0.002454018,0.17680702,1.7156521,0.008100795,0.062864,0.009993853
1.1575518,0.0003570172,4.022705,0.05939257,9.104271,1.2533956,47.451096,7.440646e-05,11.797144,2.6070642,4.286751,88.41595,1.597941,0.020665739,0.0021436454,0.2318532,2.2281785,0.014397676,0.090081714,0.013489536
1.2005526,0.0003669502,3.9245834,0.1433975,12.410575,1.682637,54.342087,7.303152e-05,23.317778,4.5579,3.2898018,85.236626,2.6268928,0.02918871,0.002831619,0.24964768,2.0510309,0.012059975,0.09910527,0.018218504
1.2030787,0.00036804966,3.2345932,0.11695915,9.087896,0.9735213,46.120003,6.592676e-05,11.544632,2.073533,3.8980439,70.69185,1.1793096,0.0266718,0.002091759,0.1606464,2.098394,0.0106468415,0.066700354,0.01104603
1.2960445,0.00035613857,3.0584614,0.14105831,8.910661,0.99667966,45.91421,5.671054e-05,14.113757,2.2040532,3.0267527,65.6898,1.209977,0.026899433,0.0014113381,0.1513376,1.6094186,0.010108039,0.06470366,0.009439936
1.3102719,0.00033860843,2.7209225,0.1331115,9.069194,0.8775887,45.675972,5.2731128e-05,12.811187,2.0002332,2.9100454,59.187965,1.1248161,0.026790401,0.0012384924,0.14619187,1.3431225,0.009666003,0.06572906,0.009233631
1.3428476,0.00039501025,3.6225038,0.12213001,9.246724,1.1552608,46.86002,7.285267e-05,14.416297,2.340476,3.2401502,77.713974,1.3064703,0.024154875,0.0016077048,0.20170048,1.8128524,0.01678091,0.05404628,0.01336017
1.2853792,0.00045093134,2.9873354,0.1604502,10.468541,0.9548752,47.763847,7.2210685e-05,15.83764,1.9771708,2.9998438,64.54202,1.0990454,0.033872288,0.0021450447,0.16266583,1.7759645,0.014562886,0.06041446,0.011428582
1.3502961,0.0002401999,3.5879931,0.09542835,11.206669,0.98837036,55.64626,5.8783746e-05,18.46773,1.964388,2.2047904,71.427734,1.3498312,0.019356575,0.0017343337,0.17181045,1.7717761,0.018316863,0.123287335,0.014098877
1.211852,0.0002832396,2.865139,0.06967831,7.67502,0.95094883,38.7863,5.4520406e-05,8.874296,1.9896848,3.7140043,59.402817,1.1030403,0.020242177,0.001989621,0.16324651,1.4068485,0.010051521,0.066905655,0.011394336
1.2536991,0.0003967089,8.695139,0.10162289,9.53335,3.1635897,38.990997,8.653829e-05,23.143904,7.51496,3.6066506,163.90697,4.3474846,0.021508208,0.0028845298,0.2541624,3.951698,0.016400449,0.13097318,0.012769962
1.2298337,0.00037362427,11.160115,0.06555923,8.865112,4.6389685,44.73437,7.6386386e-05,26.590265,10.695313,3.6071959,227.94629,6.1976066,0.017216729,0.0026907076,0.24865106,4.027768,0.020066699,0.14991522,0.017636124
1.1337692,0.00037074042,9.981636,0.20506649,6.0265183,4.0526342,31.185936,0.000100989826,29.553581,8.877176,3.6304514,199.05273,4.782972,0.028727872,0.003526815,0.19363764,4.6401772,0.022247873,0.26176405,0.019017527
1.3960743,0.00041675748,3.1225965,0.08161549,10.0801325,1.2849659,50.94997,6.0359307e-05,9.525719,2.2166648,4.5225334,64.60401,0.9103078,0.017749794,0.0016798112,0.16092789,1.09559,0.006243546,0.09127043,0.009000257
1.4058685,0.0004377505,9.531818,0.08336581,9.893437,3.6803916,45.896244,7.605501e-05,24.422304,8.843753,3.268494,186.7462,5.553238,0.023258444,0.0026504563,0.26470035,3.773236,0.020665193,0.11858502,0.01558782
1.4737203,0.00036525607,2.576615,0.09340099,9.986172,1.0356352,43.49505,6.285025e-05,14.159422,1.6886538,3.5744991,64.38709,0.91023076,0.018913783,0.0014427202,0.18154067,1.1917737,0.007939809,0.106395096,0.011002638
1.4056535,0.00022480924,6.241822,0.10038554,11.439245,2.5601559,53.3509,6.441737e-05,30.260511,7.3991766,2.3831596,137.19116,3.8269048,0.02661829,0.0022691935,0.2193453,2.772474,0.020422693,0.12669268,0.01655003
1.4231462,0.00033067534,3.2936301,0.09640076,8.259015,0.9501515,39.205,5.3301414e-05,8.932696,2.0610924,3.4763727,65.83385,1.0904952,0.02162162,0.0016893382,0.15320541,1.3936268,0.008786464,0.09232465,0.009018449
1.2052991,0.0005336756,8.800044,0.096567154,11.790365,3.4438353,46.570087,8.623239e-05,39.5393,8.960684,3.892944,182.20934,4.923561,0.020024996,0.0042037424,0.29145792,3.7621932,0.032059796,0.19299492,0.021145165
1.3040333,0.0004321978,7.291203,0.1173204,11.085134,2.2451537,48.675594,8.9550005e-05,18.680897,6.4324946,3.5520515,143.25835,4.177004,0.024969887,0.0031621912,0.26568922,3.4762785,0.01728185,0.10949781,0.022331132
1.1769009,0.00041041392,9.403978,0.10913849,11.584667,3.7588522,45.501167,0.000101820304,20.699442,9.164112,3.190014,190.91348,5.2344737,0.025543852,0.004177148,0.23508686,5.627732,0.014728516,0.13545038,0.014569201
1.4096177,0.00026095283,3.9910836,0.047505528,8.701748,1.0848262,32.266663,4.6074314e-05,12.249214,2.5242279,4.7119684,80.10049,1.2982628,0.017724158,0.00087214954,0.16514449,2.3226056,0.012835227,0.063815944,0.01009941
1.3734752,0.00034529765,2.2182074,0.1163124,9.283299,0.7350345,44.25535,5.705023e-05,12.595151,1.4448817,3.1530762,48.00438,0.73637676,0.025809607,0.0013068793,0.12358482,1.197676,0.013006084,0.07879054,0.009951313
1.2285146,0.00057667843,11.381493,0.1112281,11.341609,4.1565537,45.228504,7.486449e-05,25.037626,11.130033,3.0594594,216.59012,6.262241,0.030924369,0.0041514765,0.27363726,5.447989,0.020756045,0.105432525,0.017087167
1.2223862,0.00025244383,1.9925365,0.081586584,8.333442,0.63117164,35.23745,4.385601e-05,8.453723,1.2326199,4.0018353,43.948055,0.63722694,0.024120938,0.0012081327,0.10522767,0.89751834,0.008960421,0.07724499,0.01013375
1.1444725,0.0003845835,9.590341,0.21632098,10.673856,3.6733174,28.92172,0.00011085069,49.499153,8.125227,2.92398,200.20007,4.391502,0.04000467,0.0066885976,0.22350398,6.463466,0.021288611,0.13371538,0.018989176
1.2501303,0.0004153796,10.458234,0.17301641,9.92111,4.285959,39.75898,8.1505175e-05,25.30707,11.398099,2.7518482,210.95605,5.901644,0.033599626,0.004716132,0.198317,6.0484967,0.016336938,0.14901632,0.01567317
1.2040964,0.00047200115,4.3416123,0.12176051,8.466717,1.4116061,44.63826,7.099293e-05,17.465216,3.2102258,3.1815076,87.52171,1.8421285,0.029761927,0.0019599597,0.1819852,2.1779423,0.011405781,0.084990814,0.009348509
1.3469443,0.00038953064,2.825215,0.09865678,8.929785,0.9415322,43.014572,6.212846e-05,13.170029,2.0076203,2.9400597,59.198677,1.1567913,0.022523042,0.0014608438,0.16480877,1.3135685,0.011608939,0.088024884,0.010081907
1.1707568,0.00038875584,5.6846857,0.085695386,8.381017,1.6456186,42.29963,6.580181e-05,19.192892,4.1835637,3.2767205,113.82912,2.5025516,0.025457265,0.0020167825,0.19908865,3.05384,0.013680356,0.08889185,0.00902909
1.2879558,0.0003185005,3.3357913,0.06871276,8.359891,1.0130479,40.810688,5.5038712e-05,8.047851,2.2366416,3.2339647,67.19563,1.3439102,0.023867175,0.0016450083,0.1672541,1.7045107,0.012099475,0.07486944,0.011216719
1.3792129,0.00028762256,3.9947007,0.073536605,13.004318,1.325787,57.050323,7.2856186e-05,19.08266,2.8220124,3.224301,78.70705,1.6593906,0.021747384,0.001900958,0.19721225,2.1342444,0.017758735,0.0829726,0.014784251
1.5302668,0.00025487118,3.0828831,0.0921372,13.152849,0.97881186,56.401836,6.252729e-05,22.206423,2.18512,3.5773504,62.50996,1.1190948,0.023759216,0.0015212646,0.1509493,1.9247371,0.017629938,0.09933477,0.013405989
1.2397994,0.0004117531,8.370053,0.12774892,10.364676,2.2449124,62.69546,8.4605126e-05,17.509136,6.664512,2.6082926,167.20277,3.7653875,0.03247901,0.0038652974,0.27555802,4.1191697,0.011957766,0.111771464,0.016243614
1.1452495,0.00038881495,3.2511294,0.16372028,9.584932,1.0799869,48.791164,6.129821e-05,14.309496,2.4794924,3.7462773,72.203606,1.3451387,0.040843774,0.0019587062,0.17204715,1.9160597,0.010123189,0.07808242,0.01274574
1.2137426,0.00028152924,3.142977,0.06149296,8.9809885,0.9731681,39.844814,5.0642095e-05,9.83342,2.0713494,3.8897457,67.39767,1.2046374,0.023242438,0.0015729772,0.14988923,1.282968,0.009510579,0.08032027,0.01160232
1.1762573,0.0005272939,5.199397,0.1550966,9.74533,1.5146433,33.678154,8.218429e-05,22.526728,3.6634748,3.6391451,104.43609,2.1881254,0.03610816,0.0025833775,0.19711092,3.1908267,0.012895588,0.061907317,0.009027544
1.1719382,0.0004890173,5.6901784,0.11744093,9.902111,1.8449312,40.661766,8.411071e-05,18.264286,4.59307,3.4341214,108.57204,2.5216324,0.028608248,0.002848145,0.2049396,3.0900054,0.011278634,0.08161949,0.0100011155
1.2217927,0.00046328607,3.0545406,0.16029464,9.188162,0.89924324,41.14273,6.3865424e-05,16.956654,1.9049293,2.7595253,63.76178,1.1209491,0.033755045,0.0023877933,0.15286426,1.904131,0.009914026,0.048850633,0.008657567
1.2946274,0.0001375147,3.3305478,0.047828596,8.632258,0.91846627,46.645218,2.6967515e-05,10.414084,1.8653365,0.4617978,67.95155,0.8657189,0.025044074,0.0025163442,0.0788455,1.2581598,0.0052954354,0.08677395,0.007646459
1.3271488,0.00022099796,3.5858564,0.07491561,9.670187,1.1772448,52.9336,4.403896e-05,11.73271,1.7444332,0.17419404,76.37658,0.85582954,0.03202989,0.0028194645,0.12437008,1.1500031,0.011125833,0.1512391,0.01389612
1.2299287,0.00017436004,3.2628703,0.04724959,9.59003,1.3207691,49.951744,4.1080457e-05,11.1039,1.9796352,0.21175267,68.99993,0.9377164,0.02479786,0.0023570904,0.100121126,0.8982608,0.00945285,0.14519127,0.011560718
1.2520294,0.00013388906,3.2394052,0.042439602,8.740936,0.99215525,46.727528,2.7648093e-05,10.574444,2.0823894,0.5517442,67.57879,0.97612745,0.023510719,0.0024849444,0.07337631,1.2077544,0.0052072015,0.088902704,0.0074117626
1.1930932,0.00021821373,1.7131156,0.086365245,11.974151,1.0456626,44.80878,3.999661e-05,20.367872,1.0177894,2.826648,51.345295,0.25708053,0.03167007,0.00094837556,0.1346342,0.9191187,0.0075762775,0.07407055,0.008061179
1.2283889,0.00018934054,5.5551987,0.058936115,5.493574,0.97926426,36.136467,3.065855e-05,8.968536,1.9170319,0.10523259,90.87681,0.8523387,0.033589147,0.0034853113,0.102783374,2.5470443,0.0064500947,0.0765953,0.0067196824
0.9463123,0.00012619341,1.5687966,0.078864336,5.111144,1.1660345,23.07845,3.5259447e-05,10.651751,1.9329216,1.1153872,54.807045,0.7215347,0.016163873,0.0012360312,0.07609647,0.9482978,0.011900309,0.11609122,0.009139171
1.2338789,0.0002099945,4.5758224,0.06447359,7.6730814,1.2079943,47.904408,3.977405e-05,8.123681,2.206329,0.30540836,86.22674,1.0344764,0.031825993,0.0035814852,0.093731314,1.8800808,0.008371777,0.10296388,0.009322437
1.7903814,0.00018577589,1.0483935,0.10070549,13.480512,1.0204132,45.77807,3.3848806e-05,35.886433,1.2407825,4.031438,45.45488,0.35404092,0.030145442,0.00018690365,0.1129966,0.4336816,0.009064134,0.08842556,0.01342542
1.3350463,0.00032802444,4.4402747,0.07937214,8.977104,1.6346923,47.2571,6.563608e-05,13.234054,1.8567712,1.145122,91.65858,0.7309919,0.030201646,0.0023080832,0.17327805,1.1727011,0.015747946,0.29314378,0.016681455
1.221334,8.0653794e-05,1.7326087,0.03159175,9.2967,1.3336128,36.778446,2.8007535e-05,19.38544,2.6816447,4.128537,51.10305,0.8194293,0.012106035,9.918711e-05,0.08671819,0.6882252,0.009391612,0.106030636,0.008507326
1.2377048,0.00014890128,2.4114,0.0642157,8.333807,1.5751264,29.607452,3.2872613e-05,21.687,2.3406236,3.404783,66.94617,0.6248683,0.021148201,0.00022839535,0.10849127,0.61427355,0.013296936,0.15101588,0.015125205
1.1213195,0.00021891054,1.5117188,0.09315655,11.094153,1.0637428,31.95801,4.6202076e-05,22.808157,1.3740115,2.9273682,42.88561,0.52355456,0.026267601,0.00068588054,0.15186533,0.768658,0.011677742,0.121346064,0.0129781645
1.6506573,0.00028626254,1.2816508,0.2234071,12.528433,1.0414839,46.16932,4.0716113e-05,46.947945,1.3769609,4.628803,50.987576,0.48306608,0.043341253,0.00043036474,0.116988696,0.688578,0.009852192,0.08424277,0.014705972
1.2343845,7.752237e-05,1.4468629,0.03376104,9.472334,1.227638,35.798866,2.8561755e-05,18.900778,2.257632,4.692824,43.67789,0.7433495,0.013463855,0.00010031609,0.07519526,0.6157592,0.0080409385,0.10057468,0.007846416
1.3083003,0.00020045828,3.754721,0.06209058,8.409208,1.062478,48.962704,3.151996e-05,8.134528,1.8561363,0.3080984,74.70526,0.81669396,0.034398247,0.0030193743,0.07802881,1.2985821,0.006597405,0.09038445,0.008669842
1.1384763,0.00026760498,2.0841107,0.10470955,10.044318,1.8369037,39.383236,4.1873576e-05,21.872059,2.513226,3.3137069,59.60258,0.6359507,0.027356066,0.0006250278,0.11463151,0.6172033,0.012558672,0.16172436,0.014137166
1.2019892,0.00018413043,5.046176,0.056508765,5.9060125,1.0420462,38.05769,3.0971078e-05,8.477616,2.0201516,0.28784075,87.118706,0.86811715,0.032709796,0.003318866,0.091393664,2.220693,0.0062637976,0.08049356,0.0069123073
1.3781888,0.00025733744,3.924946,0.06838096,8.954891,1.2995716,53.0705,4.482714e-05,9.243641,1.7217345,0.30521005,80.552574,0.7031611,0.036745004,0.00274031,0.10213947,1.1105767,0.010205601,0.12079265,0.011522951
2.0007,0.00021243794,1.3544612,0.12587588,11.924996,0.94498384,44.495213,4.678834e-05,26.180437,1.0570346,4.6108947,46.112686,0.30098176,0.032838553,8.338858e-05,0.13766393,0.5702244,0.011899575,0.12906446,0.01646331
1.2840129,0.0002639385,3.6890001,0.07990223,8.7880945,1.601951,42.293697,5.897171e-05,12.476543,1.5491152,0.1108697,78.56249,0.6245038,0.028112529,0.0024440007,0.1532793,1.0114214,0.013480047,0.17396833,0.014706602
1.7893312,0.00017924995,1.3401837,0.10136381,12.011272,0.9401192,43.26227,4.1555926e-05,21.325592,1.3494269,5.706809,48.33139,0.52590615,0.026165938,7.281137e-05,0.11368848,0.72063214,0.010889434,0.095677696,0.01299084
1.0386966,0.000104528626,1.7448903,0.030281257,7.2606773,1.1709806,30.094585,3.6645913e-05,10.724319,1.2900465,0.13191146,45.232258,0.42678106,0.013379724,0.0013515027,0.0957433,1.0100724,0.011853979,0.089336686,0.009148368
0.89191955,0.00012307397,1.2546109,0.03574757,6.747103,0.8540294,23.131323,3.813981e-05,19.208574,1.5007753,0.69935185,23.37828,0.6689135,0.010547245,0.0010072489,0.09138374,0.43497574,0.009320047,0.12443993,0.007228986
1.6103824,0.00014506855,1.2489319,0.093745515,10.728011,0.93240803,42.255215,3.4656645e-05,25.44697,1.4360939,5.5421257,45.481926,0.5496867,0.024280338,0.0001015778,0.08929964,0.6292578,0.009249225,0.08993135,0.012104976
1.4268955,9.253434e-05,1.2948284,0.045205023,10.888043,0.82313263,43.509327,3.2397547e-05,19.499228,1.4860175,5.038682,44.834972,0.54416126,0.0149699105,0.00015532148,0.0784134,0.75803524,0.00839972,0.08826928,0.00870833
1.4014775,0.00020979074,1.7355589,0.112547785,11.543784,0.9945722,43.257805,4.5577937e-05,18.475039,1.8886971,6.440199,56.95374,0.9756426,0.02389084,0.00055565074,0.106535114,1.1469046,0.009994161,0.07386764,0.010832628
1.5147616,0.00013762608,1.913299,0.079917125,10.078944,1.1192349,37.14187,3.8811075e-05,20.852093,1.7114853,4.5654244,57.379883,0.6286282,0.024413139,0.00027316425,0.112017326,0.791573,0.011729708,0.11568253,0.013816152
1.609382,0.00013890247,1.1686635,0.08679385,11.355502,0.8594272,45.568584,3.3913435e-05,25.52756,1.3893442,5.518709,44.864803,0.5695281,0.021579182,0.00013043014,0.08597752,0.6623219,0.008834933,0.084431164,0.011114521
1.6589972,0.0002491129,1.6349671,0.13655029,12.044809,0.88844013,46.408497,5.6799785e-05,15.775765,1.3542734,5.6910725,52.230907,0.6637263,0.025691792,0.00048564674,0.14137064,0.9597708,0.011214635,0.10200491,0.0122853285
1.6687995,0.00024777735,2.142001,0.14025076,11.881861,0.9463843,47.530243,5.8230275e-05,18.006634,1.4900064,5.018991,61.827698,0.722845,0.02933568,0.0006374519,0.15627113,1.1370441,0.012552257,0.10748145,0.014084062
1.1107329,0.00016895664,1.714309,0.06855768,7.2026677,1.4754423,26.272512,4.077313e-05,17.934145,3.5169947,1.845228,35.4223,1.65561,0.0058923606,0.0012224399,0.091827296,0.7496627,0.009872525,0.10527985,0.006314001
1.109441,9.20736e-05,1.7326453,0.04695183,6.7684793,1.2432175,26.752619,3.6458194e-05,9.54856,1.8948382,0.7655861,47.115273,0.57558,0.014940047,0.00070433295,0.106495,0.6645,0.011252934,0.11397853,0.010806579
1.270909,0.000107579894,1.8404404,0.02760201,11.445408,1.1401982,49.925735,3.0945088e-05,12.325662,3.1902547,6.042304,51.119175,1.1212485,0.009110838,0.00050508295,0.09911158,0.8934829,0.008137305,0.07429507,0.008118401
1.1858194,0.0002164161,3.0031724,0.07436319,11.113718,1.2793565,49.643547,5.193219e-05,10.653942,3.015587,5.113446,70.24655,1.3381455,0.013938714,0.0016881407,0.1397759,1.3329885,0.010085761,0.07488798,0.010420299
1.2513334,9.636877e-05,1.7364944,0.06793026,9.098802,0.7208373,23.060972,2.9180803e-05,14.86247,0.91324085,1.1507019,39.87585,0.43934703,0.01977083,0.0006872855,0.085945226,0.76113576,0.0066510825,0.098818436,0.006314276
0.9589658,0.000105173545,1.5417489,0.045764342,5.3512926,1.0846959,12.325086,3.3192147e-05,12.9968,1.6950393,0.39390537,32.886806,0.64733934,0.011968741,0.00080081,0.070352376,0.56788903,0.008953459,0.11942434,0.0056720925
1.0665873,0.000117942924,1.7041367,0.04163206,7.848273,1.1651976,32.53624,3.5907084e-05,14.099827,1.4531152,-0.207015,49.694218,0.5027669,0.01415482,0.0015348385,0.114685014,0.9523573,0.012832672,0.1033821,0.010820872
1.2842698,9.4129995e-05,1.609253,0.03165765,12.736519,1.1141113,53.49408,3.0317611e-05,12.341023,2.882151,5.957299,50.581326,0.97919196,0.010440896,0.000496795,0.09177389,0.8391916,0.007935188,0.072838135,0.007938048
1.2328557,9.8989374e-05,1.4562868,0.05154543,9.063495,0.7270244,26.424236,2.7622746e-05,13.869873,0.79547274,1.2274784,35.060665,0.30462566,0.016331516,0.0004700822,0.08875616,0.44651744,0.0075921593,0.10064624,0.0072802147
1.3719122,0.00021523575,1.5932698,0.08463149,12.422667,0.86961436,57.325466,3.6205933e-05,16.010931,1.8668585,5.2268996,49.76171,0.8414269,0.012557072,0.00068947504,0.11003749,0.8230326,0.007589215,0.055243053,0.008682483
1.4101441,0.00016437903,1.4458365,0.051063173,11.802196,0.7196946,48.58519,4.210706e-05,14.872756,1.6423343,6.6493144,42.66872,0.7780706,0.013431754,0.00034375562,0.102183245,1.0585047,0.0096622035,0.07214083,0.008681455
1.2703437,0.0002484594,2.0123885,0.12451757,11.069979,0.64760476,48.356014,4.1660474e-05,20.042091,0.53367525,1.3288848,47.961636,0.20993096,0.029898968,0.0016359288,0.15501866,1.8622026,0.009129172,0.045967374,0.007543947
1.3463715,0.00020473689,1.8948375,0.05785553,11.535587,0.8672419,50.311104,4.609234e-05,10.219087,2.354169,6.94427,43.950924,0.931736,0.0162218,0.00060359517,0.13302872,1.104191,0.009270964,0.066051595,0.009321616
1.2664448,0.00017635929,2.7511601,0.039903194,10.937032,1.1113889,55.075832,3.457754e-05,11.554677,3.1412787,5.624291,60.28761,1.181667,0.0057714097,0.0006721502,0.13344976,1.1570934,0.011728315,0.08144093,0.008147924
1.2096823,0.00016154973,2.2976716,0.100361414,8.806333,1.2882441,34.00762,4.992285e-05,16.379932,2.5677087,2.430538,52.06033,0.9376974,0.016426856,0.0009650066,0.1420272,1.0521059,0.01229603,0.14269939,0.0112913605
1.6430622,0.00011170966,2.0240252,0.05143581,12.376764,0.8818151,44.010582,3.9683666e-05,18.77553,1.2356008,1.1725823,43.92845,0.7458022,0.012320169,0.00093138264,0.11011147,0.97871083,0.009266213,0.07893999,0.008226874
1.3095596,0.00012116698,1.5328938,0.062363733,13.510971,1.21994,54.01361,3.1929147e-05,25.000298,1.7085732,1.6231078,49.974884,0.5942296,0.014237306,0.0009177644,0.09892688,0.7717064,0.010959703,0.11320992,0.009342364
1.059285,0.00017518604,2.6903613,0.0735822,7.576914,1.5250993,33.583347,4.4017455e-05,18.828915,2.3865855,1.4459372,71.40121,0.7140785,0.020206578,0.0007924715,0.089846306,1.5143031,0.01193239,0.13033572,0.009551291
1.6553009,0.00019034985,1.8160068,0.07819645,8.239608,0.82031125,39.41742,3.5941965e-05,15.252768,0.9862449,4.564689,41.47024,0.26479828,0.01378288,2.0357531e-05,0.1217291,0.6050063,0.011863577,0.11424588,0.01079877
1.2659084,0.00016413206,2.0082657,0.070381634,9.875626,1.1200252,28.015879,4.3882927e-05,19.662968,2.4844098,2.427483,49.92444,0.89926255,0.013872287,0.0008064927,0.13801064,1.2112296,0.012665605,0.10640424,0.009522668
1.0736482,0.00017253723,2.1630995,0.07186911,7.3461356,1.0640475,26.407381,4.635177e-05,12.596252,1.9796698,1.6079327,43.76796,0.85450566,0.01424746,0.0007928266,0.14111564,0.9659728,0.01253838,0.12156307,0.010089183
0.94876117,0.00012250809,1.9390736,0.061236545,7.3200955,1.0944204,34.523693,3.893682e-05,19.496944,2.0663004,0.84812844,48.45517,0.9293954,0.013723346,0.0012217151,0.09674055,1.4163744,0.013107298,0.11865822,0.011745963
1.0339572,0.00011516332,1.2009157,0.09475242,7.119095,1.0637295,35.926117,4.0580086e-05,9.974233,1.9163612,1.8400013,46.53645,0.81940097,0.017841162,0.0005869288,0.101331964,0.88518035,0.014316789,0.16515476,0.013438046
0.9983215,0.00012715968,1.4483076,0.04923498,8.051073,0.534741,29.188478,3.9884868e-05,15.498329,0.6620623,1.5404075,29.845728,0.23893613,0.012828046,0.0004012021,0.13484639,0.54637057,0.013563838,0.12005478,0.01057549
0.940691,0.000106028594,1.3615375,0.04636112,7.6355534,0.5421169,31.765518,4.2782587e-05,12.461433,0.842655,1.3617154,31.048449,0.37189206,0.009916311,0.0005903905,0.1393304,0.7496444,0.017017094,0.10903609,0.01316005
1.0736418,0.00012081886,1.7435358,0.046200976,8.060736,0.64048,33.984657,4.058605e-05,15.113712,1.0150515,2.3582819,40.607098,0.4251279,0.012588356,0.00062467204,0.1036684,0.87048906,0.013955114,0.10681115,0.011236599
1.1956367,0.00016002065,1.6593008,0.06500482,8.360158,0.7547463,31.18066,3.5642355e-05,12.527128,0.8995975,2.0315425,42.765335,0.30520028,0.01603077,0.00033420348,0.104573004,0.42159352,0.008995149,0.123188674,0.009002934
1.1294764,0.00014014984,2.058526,0.05728679,7.3273964,0.60275674,28.476297,3.922372e-05,13.412452,0.8964478,2.085393,40.702797,0.33859512,0.012186107,0.0003405467,0.12622952,0.9137941,0.014326559,0.11206005,0.01055937
1.1636742,0.00036188267,1.713304,0.18323956,9.61013,0.6351058,36.882477,5.2796317e-05,15.963769,0.6924269,3.9550455,34.5251,0.22662003,0.028612401,0.0009970753,0.1476319,1.1353393,0.010106362,0.052064892,0.009705788
1.1844109,0.00029203,4.5345893,0.05023141,7.310834,1.7439132,34.51887,6.0684088e-05,7.398449,2.051977,2.2608027,80.54052,0.75854564,0.022872685,0.0016937295,0.10533176,1.2997016,0.012289289,0.16069703,0.010695816
0.9620797,0.00023517624,1.1180943,0.07057622,6.7163253,1.4703531,32.295532,4.1250103e-05,13.52737,1.6799744,1.6848333,52.577736,0.5228433,0.014500111,0.0013503262,0.06977713,0.8125957,0.014651437,0.13697043,0.011423295
0.84410185,0.00014592154,0.19243656,0.07167824,6.875182,0.8152304,34.46972,2.5263429e-05,10.7066345,0.8929498,1.4536258,25.789478,0.29331604,0.010109382,0.0015399947,0.008873076,0.259723,0.010380144,0.09780634,0.010550605
0.9592605,0.00016925727,2.2943616,0.039290354,10.812339,1.5344543,41.265163,4.0537503e-05,16.684698,4.4987817,4.548405,60.979034,1.8691465,0.011377276,0.0006752806,0.1368374,0.80917454,0.011869898,0.090056196,0.012792142
1.1191493,0.00014317092,2.3277924,0.017517785,7.5642385,1.401611,35.13213,4.457478e-05,9.580804,1.4184291,1.4429296,50.43041,0.44869322,0.01396082,0.0011487368,0.08699836,1.3768737,0.012268902,0.089547515,0.008032723
1.0907328,0.0002682792,5.0745177,0.10820899,7.583019,2.4561586,33.67557,5.9978724e-05,21.906559,5.734414,2.1130035,99.12171,3.53991,0.030646337,0.0037056622,0.14006229,3.2010798,0.012003534,0.09882228,0.011258893
1.3243288,0.0003497879,4.854509,0.12297767,8.647373,1.3695134,53.157284,5.2420342e-05,11.952476,3.615268,2.5510721,96.8428,2.322049,0.02020234,0.0019907726,0.20004039,2.2087476,0.013842251,0.0756661,0.010231821
1.2742615,0.000317826,4.428577,0.06807563,8.082724,0.9960134,41.168655,6.52781e-05,8.515872,2.9170043,3.605651,75.8416,2.2223315,0.013529391,0.002069869,0.22105677,2.6687143,0.0110481335,0.043468554,0.009564096
1.3126612,0.00036251347,6.2975125,0.0740291,10.138638,1.4391137,51.253002,6.810651e-05,11.118845,3.635845,3.2748904,112.06437,2.4621322,0.027332885,0.0032230725,0.20066077,3.6364596,0.010867845,0.053714294,0.009314364
1.1261734,0.00042610188,4.202756,0.082182415,6.14524,1.2796938,31.65015,7.754066e-05,8.75371,3.0026226,4.03888,82.150505,1.6953197,0.024306377,0.0016276825,0.17384575,2.2431197,0.004608688,0.08651023,0.0033284358
1.2779453,0.0003438499,5.769369,0.09063506,9.195795,1.5859389,45.994503,6.6439716e-05,9.45362,3.9928927,3.6156096,101.463,2.5596666,0.017410422,0.0028466526,0.18462987,3.3313262,0.010076181,0.03603213,0.009685532
1.3644884,0.00038520855,5.70733,0.04441843,9.184431,1.960364,47.87953,7.420458e-05,10.118741,3.8657887,3.5269103,103.2127,2.1802433,0.022968978,0.001995737,0.20734645,2.406307,0.011096216,0.07195922,0.009116275
1.3461444,0.00040446274,6.3015203,0.10224788,12.150583,2.2354982,65.44154,9.4724775e-05,12.685114,5.073642,3.2988367,123.05988,3.1791675,0.02252282,0.0026874254,0.31781837,2.6168454,0.018370364,0.0877386,0.020209586
1.3359015,0.00027084645,4.354013,0.035806235,9.222925,1.1109047,44.85904,5.9171878e-05,8.691484,2.1641421,3.1541498,80.53368,1.2566153,0.022618469,0.0023127757,0.17645818,2.5363028,0.008442599,0.03493234,0.0075321896
1.2566073,0.00040544473,9.20202,0.11409197,12.736572,2.4966393,42.836536,7.971987e-05,18.223904,7.2530303,3.3426416,156.92368,4.323846,0.023153948,0.0043595503,0.21817248,4.909232,0.016884858,0.054860696,0.013191033
1.352423,0.00041282843,4.8182635,0.06266517,8.551331,1.6557988,47.143993,7.5783886e-05,8.551393,3.0930545,3.3372257,87.39512,1.5499551,0.022375492,0.0015184936,0.19785666,1.8929558,0.009458237,0.0775261,0.008464893
1.2968715,0.00029376236,4.7866893,0.03718871,6.7576275,1.303657,30.564535,5.108498e-05,6.8597717,2.7522476,3.2249112,88.379166,1.3551002,0.014484283,0.0016163699,0.15750249,2.2529035,0.009290763,0.062099062,0.007519801
1.2382706,0.00034198206,2.8381999,0.08542605,10.23985,0.8575217,48.04169,4.556376e-05,11.944686,1.9369421,4.8914304,65.8613,1.13054,0.022884207,0.001667368,0.11335342,1.6339536,0.010400974,0.0702947,0.009509481
1.3147429,0.00027970425,5.5390496,0.07280553,10.0486,1.4768883,35.204952,6.141832e-05,15.703015,3.7525065,4.1329494,109.49461,2.1565464,0.021591198,0.0019496656,0.21578562,3.8562982,0.01749398,0.07086436,0.014561022
1.3316419,0.00028014128,3.38253,0.05830146,9.667667,1.0875838,49.975224,5.9446305e-05,8.635876,2.2460768,3.2304814,78.04664,1.1667081,0.020340767,0.0015518441,0.16533972,1.4690552,0.013041656,0.093967475,0.012133697
1.2955052,0.00029275683,2.675492,0.08565243,9.229598,0.8498516,46.753338,5.0930445e-05,9.970827,1.809383,4.3562813,59.336483,0.9934524,0.02032688,0.0017454941,0.13377976,1.2851557,0.010813947,0.062072236,0.010682391
1.1949867,0.00035206298,3.2123985,0.07850468,9.347153,0.9927484,46.24755,4.9176146e-05,12.035977,2.2490919,4.917721,73.755424,1.3371171,0.021535737,0.0018034353,0.12184817,2.0725753,0.010519063,0.065903805,0.008838604
1.2702006,0.00031850504,7.7793345,0.066212825,10.316902,2.8242548,34.61722,6.020478e-05,18.253572,6.30697,3.3680935,149.79152,3.4041433,0.023797112,0.0025220672,0.20854269,3.4877608,0.014901768,0.09652443,0.014417968
1.2007099,0.00029317394,3.756698,0.04323638,9.096282,1.2145933,40.837162,6.1212515e-05,10.548805,2.9191496,4.216089,80.893486,1.648118,0.01653161,0.0019433668,0.15857829,2.0745738,0.013749863,0.089966446,0.011146678
1.4632213,0.0004064299,5.976483,0.05805718,9.835379,2.0555365,44.514072,6.1264014e-05,15.005315,4.783693,4.291463,131.81427,2.4737651,0.02017945,0.0014304046,0.21149546,2.8393097,0.014872039,0.08311868,0.009238645
1.3740466,0.00028608408,3.277506,0.05950954,10.591496,1.0652672,52.466663,5.4841756e-05,9.87133,2.4966295,2.9059854,71.250206,1.4911333,0.017293511,0.0014030208,0.1746998,1.3698488,0.014053587,0.10091139,0.013258158
1.4516066,0.00032097305,4.356645,0.04939198,12.115347,1.3410975,63.19435,6.4415035e-05,12.468357,3.1212804,3.3627732,94.95299,1.719893,0.013970388,0.0015209015,0.2227825,1.966736,0.015238746,0.08840542,0.013490867
1.278382,0.0002520894,3.0493917,0.074950114,10.890464,1.0722282,61.59744,6.9430076e-05,10.057565,2.164274,3.0321152,65.95092,1.1314234,0.015548495,0.0020390854,0.18066272,1.5075766,0.011246142,0.083731815,0.012463309
1.4036217,0.0001917524,2.91092,0.0914772,10.8755045,1.00662,56.025505,6.3457985e-05,11.281521,1.9810823,1.8478293,61.70147,1.0594488,0.018612597,0.0025310281,0.17022647,1.4350622,0.015231678,0.110905744,0.016227838
1.6396666,0.00046119746,3.781968,0.13354819,9.939805,1.1757456,47.23067,6.241078e-05,11.27576,2.3163617,3.8835516,82.45354,1.1055776,0.024741197,0.0013706844,0.17664957,2.0784616,0.0109989755,0.07362199,0.007858733
1.3231596,0.00018310381,3.2406487,0.068378426,11.885988,0.9484358,50.74638,5.2882704e-05,19.767954,2.0162327,2.5727146,65.49488,1.2321924,0.018348778,0.0016255034,0.14984371,1.8290515,0.018018788,0.088907726,0.013405306
1.4302621,0.00022918824,4.1756997,0.07883633,13.581319,1.4452603,64.388954,7.504919e-05,13.793073,3.1546688,1.9621522,90.812965,1.7706399,0.019411221,0.002581732,0.2429211,1.8832774,0.02087558,0.12084798,0.022806687
1.4593089,0.00024395368,2.3509464,0.06731627,12.555909,0.7782441,59.9406,6.114761e-05,14.817428,1.636517,5.049228,51.62153,0.8371184,0.012922909,0.00112366,0.13063955,1.29365,0.010820948,0.08001491,0.010213967
1.2290416,0.00022525548,2.6410055,0.047063574,9.812732,0.85180134,49.50958,5.703766e-05,8.105962,1.7358931,3.5709853,59.89258,0.86230975,0.016557667,0.0017273775,0.16118447,1.2335424,0.0142684365,0.09422558,0.01378635
1.3501185,0.00027129147,3.1140137,0.06680217,11.045209,1.0936034,64.14468,6.390664e-05,7.914577,2.2873,3.0255415,67.54066,1.2127705,0.016853781,0.0022051802,0.18154795,1.4590464,0.011639448,0.07677779,0.013505173
1.2929124,0.0002409154,3.006383,0.07456419,11.35296,1.1639179,63.555817,7.0339906e-05,8.240474,2.4593256,2.8125827,66.81779,1.2918973,0.018028429,0.0026711775,0.19065972,1.354347,0.012952756,0.093441315,0.01554399
1.2792062,0.00050611637,8.211953,0.12460156,8.799174,3.0380032,34.77758,9.041782e-05,26.511053,7.5322967,4.131838,158.09651,4.7785892,0.023046268,0.0023611109,0.28933635,3.8477082,0.021760695,0.15286967,0.013860375
1.352692,0.00040528385,7.349065,0.11860509,10.42169,3.6705823,38.040558,8.511659e-05,25.465153,8.29521,4.1864295,140.21666,4.478158,0.019929148,0.0021558865,0.2644134,3.1494792,0.02054861,0.16527502,0.013564023
1.2448316,0.0003190867,4.235891,0.06750577,8.916901,1.2716625,54.524097,7.6470926e-05,9.398379,2.9218583,3.8089519,82.24171,1.6677963,0.016605841,0.0018936901,0.23026593,2.1877935,0.010132569,0.06581645,0.009963928
1.1871841,0.00034539634,5.9162745,0.053961247,8.593253,1.8950387,48.992702,6.420587e-05,13.495073,5.091762,2.8792975,122.651695,3.0185704,0.019249132,0.002208078,0.22791733,2.335559,0.012437199,0.12266077,0.010929817
1.2223065,0.0003193874,3.2334816,0.057882976,9.813189,0.9311466,53.88418,6.9478425e-05,12.044098,2.3744075,4.162461,66.34823,1.528516,0.012537404,0.0016332186,0.20362481,1.5680172,0.011503936,0.06688111,0.012216789
1.407883,0.00028262133,4.002604,0.05623874,11.843599,1.2148118,62.545547,6.856769e-05,12.178789,2.895113,3.1074212,90.706635,1.7772756,0.015117988,0.0014923048,0.24161804,1.8319644,0.018102396,0.1009771,0.016302006
1.2452266,0.00032728253,3.641101,0.056427777,10.123281,1.0556674,52.518764,6.888699e-05,12.426595,2.4507098,4.481789,78.24326,1.4788918,0.017418066,0.0017079893,0.20748158,1.7370594,0.014452266,0.07266933,0.013039003
1.2000769,0.00036662814,3.916203,0.14330073,12.412788,1.6812645,54.34131,7.2974864e-05,23.324007,4.5505853,3.2906308,85.09691,2.6212099,0.029184463,0.0028292337,0.24945574,2.04741,0.012044415,0.09909756,0.01821055
1.2795526,0.00033778703,3.3955753,0.11902507,8.747967,1.0111903,45.015125,6.266784e-05,13.766467,2.278841,3.5736685,71.553154,1.2705427,0.025289187,0.001468036,0.15464222,1.8570445,0.009800752,0.066866696,0.009155659
1.2981062,0.00041454693,3.838038,0.115688995,9.086407,1.2859982,46.0368,7.3303556e-05,14.541719,2.6861265,3.3624523,82.41874,1.504003,0.022856468,0.0016427904,0.21132281,1.9567319,0.016419224,0.053628426,0.012830102
1.1338868,0.0003866931,2.8693516,0.12612121,9.56976,0.8628306,47.150288,5.4477012e-05,13.788974,1.9090866,4.336393,66.15598,1.00417,0.036045857,0.0023919027,0.13242917,1.9853551,0.011465243,0.06916765,0.013032969
1.2218387,0.0004922664,3.267847,0.17198935,9.730699,1.0644691,35.967598,7.540915e-05,19.078945,2.3750584,3.0485191,73.05142,1.3749012,0.030151876,0.0024344374,0.16675457,2.0895386,0.01171642,0.0453148,0.00921278
1.2777609,0.0003294317,3.060647,0.09983683,8.974916,1.0512263,48.519627,4.388982e-05,12.059232,2.2974346,2.6854205,65.81722,1.4804825,0.021740437,0.0007680316,0.15209548,1.191282,0.0107518025,0.09388932,0.009546998
1.2842739,0.00028085144,4.201349,0.06681024,11.735938,1.3875957,58.5715,6.390124e-05,17.314344,2.9900446,2.206212,88.86798,1.6793363,0.017744474,0.0021954589,0.19043973,1.786327,0.012963482,0.11951608,0.010331429
1.4401193,0.0004140281,6.87808,0.15470253,12.057839,1.973465,51.673447,9.094534e-05,20.917797,4.9249353,3.1736317,141.9444,3.2671695,0.029954689,0.0029998613,0.28820378,3.3980331,0.01997837,0.12008934,0.018004388
1.2556571,0.0003971222,8.561267,0.10168747,9.486885,3.1143053,38.945587,8.609588e-05,22.645535,7.361309,3.596508,161.32445,4.2532253,0.021490078,0.002861221,0.2514678,3.871979,0.016314534,0.1311023,0.012750542
1.3959938,0.000416048,3.1094844,0.08152686,10.089844,1.2810705,50.952393,6.0301085e-05,9.520251,2.2097976,4.5392303,64.44988,0.9074568,0.017695734,0.0016746548,0.16065522,1.0946747,0.006220257,0.09119815,0.008990978
1.5316845,0.00041981044,2.8833077,0.09736719,10.384372,1.1913537,47.880287,6.714326e-05,15.521369,1.9547856,3.2840583,74.03306,0.99981576,0.01970225,0.00166222,0.2044119,1.3112209,0.007786353,0.11392917,0.01137428
1.2964898,0.00041108014,3.6209524,0.12470188,9.79088,1.1468555,52.607063,5.4569464e-05,9.434414,2.8711753,3.8039222,74.49914,1.3752892,0.024907405,0.0024551938,0.14185587,1.6391406,0.004361605,0.076876596,0.0066761165
1.6405009,0.0004771959,3.9703255,0.14757206,8.410099,1.2722446,39.05442,7.039373e-05,11.475866,2.5212994,5.2370467,81.83485,1.0902376,0.026435964,0.0007089338,0.19503923,2.324029,0.013875695,0.077852696,0.008118028
1.6042279,0.00033692078,2.9814389,0.19489153,9.076476,0.90152323,39.557247,6.2751766e-05,10.751598,1.4199059,4.095218,61.77146,0.6278283,0.025812075,0.0013007736,0.15020631,1.5663953,0.010239361,0.08634408,0.010338472
1.3217239,0.00047929303,5.1152744,0.12711765,10.262162,1.5712249,52.41444,8.193418e-05,14.264149,2.8724408,3.289207,102.44326,1.757071,0.024638334,0.0025745584,0.23412299,2.4495995,0.016090909,0.053346887,0.015257682
1.6030517,0.00044087452,3.157492,0.10482369,9.863522,0.89354366,52.89287,6.1297746e-05,14.684095,1.8629203,3.813706,69.13372,0.8811389,0.020932304,0.0007617162,0.18398774,1.4626474,0.007379378,0.07184964,0.00783053
1.1902461,0.00027221043,6.284661,0.11912235,11.323653,1.8647093,31.055782,7.027932e-05,19.367907,5.025212,2.5575836,116.59049,3.122173,0.02384809,0.004358483,0.18584476,3.3150823,0.011054311,0.08430693,0.018234622
1.1870434,0.00028250503,6.0078135,0.0639277,9.910972,2.0199997,26.148218,6.68579e-05,15.582084,4.3759537,3.1096084,118.790924,2.571437,0.023683354,0.002657297,0.19260304,3.1170268,0.0116611235,0.08559821,0.01485067
1.3114941,0.0005180751,7.1255584,0.13963448,10.552532,2.5223596,53.1671,7.4396994e-05,11.2466755,6.8767047,4.0255547,137.65854,3.9990327,0.030539481,0.002624791,0.24368873,2.787011,0.014450748,0.08598566,0.012537793
1.0905817,0.00032069208,2.902433,0.10314651,11.321568,1.1261028,57.313034,6.318992e-05,17.082273,2.819648,3.3627753,61.487644,1.642195,0.032964557,0.0033260798,0.17574278,2.4282532,0.01342759,0.071171544,0.018368991
1.1788381,0.00043177675,4.7149377,0.1135034,9.758421,1.6953578,34.652756,7.70657e-05,19.325045,3.9722161,3.1982136,95.602715,2.1653526,0.030973721,0.0023776651,0.1680814,2.803981,0.01078769,0.08099169,0.007109318
1.2726567,0.0003056996,5.1642623,0.14211494,11.917018,1.632516,39.79254,7.337178e-05,17.215496,4.14485,2.3909595,100.245155,2.459394,0.025313454,0.0040112645,0.193797,3.0100138,0.0096509205,0.07943471,0.014894254
1.2484041,0.00041606394,10.432655,0.17372414,9.890239,4.258029,39.590076,8.13462e-05,25.187092,11.330431,2.743656,210.3229,5.885255,0.034018535,0.004752779,0.1962614,6.037647,0.016341345,0.14902389,0.01569907
1.1582637,0.0005015217,3.9098907,0.14987402,9.439559,1.168502,39.778137,7.2309944e-05,17.452549,2.7043717,3.0529459,78.35207,1.6082225,0.032501694,0.0029567645,0.1755904,2.4368672,0.009508344,0.054466613,0.008727354
1.3380895,0.0005626091,4.24381,0.18669234,10.666746,1.2570574,63.290104,8.676844e-05,13.332083,2.8828166,3.1764839,87.4816,1.6518524,0.034712892,0.0027674236,0.19998603,2.7746196,0.01010259,0.08062785,0.013051391
1.2384433,0.00031004057,3.103949,0.085040756,8.84064,1.116878,43.665985,5.761661e-05,11.6747675,2.3314626,3.7445204,65.85255,1.3066349,0.020532023,0.0012309796,0.176763,1.4950705,0.01181957,0.08352623,0.010930876
1.324737,0.00028394343,4.0250216,0.0607641,9.4987,1.1716808,40.716232,5.947631e-05,13.711342,2.2112248,2.732967,79.978355,1.188142,0.016311627,0.0017290938,0.22903572,1.8707457,0.011500371,0.094403416,0.009168485
1.4532677,0.00026960412,3.4913106,0.08866716,12.57509,1.0214139,57.979053,6.6679124e-05,17.346786,2.1855316,3.5449896,68.44133,1.2107807,0.023427015,0.001724155,0.17820871,2.2079654,0.017461563,0.07350984,0.013365283
1.2397234,0.00041232057,8.364028,0.12770395,10.37238,2.2440813,62.71592,8.4569234e-05,17.517685,6.6663404,2.6110344,167.1736,3.7669718,0.03253028,0.00385989,0.27567846,4.1147118,0.011958023,0.111844465,0.016238807
1.0685391,0.00039216547,3.1256704,0.13802075,9.620132,0.9932969,46.361427,6.437597e-05,14.097852,2.1907601,4.1496987,72.800606,1.1930618,0.04167687,0.002522553,0.15824425,2.2339065,0.01296157,0.07046696,0.015720924
1.2118533,0.00041987427,4.5335,0.09973317,7.6191688,1.5168594,40.540802,6.940178e-05,16.80368,3.4412014,3.5923178,90.02133,1.8925692,0.026284188,0.0015348492,0.17686215,2.1383722,0.012064813,0.08753095,0.0095579475
1.1753428,0.0005272426,5.1801405,0.15488842,9.743873,1.5058973,33.825287,8.2025304e-05,22.441875,3.640369,3.6332211,103.99512,2.1747131,0.036146615,0.0025859214,0.19659969,3.1844833,0.012876624,0.06224856,0.009036005
1.1714338,0.00048931886,5.6934834,0.117189005,9.897871,1.8451183,40.726387,8.406494e-05,18.271852,4.595656,3.431538,108.67908,2.5228946,0.028620576,0.0028496466,0.20498158,3.0889337,0.011286506,0.08194838,0.010031802
1.1874652,0.00051277044,5.5583735,0.10249596,9.115141,1.6561998,45.356865,7.9567064e-05,17.473097,3.7954123,3.5620863,112.0054,2.1690836,0.032880865,0.0022128928,0.1998697,3.1714203,0.013955003,0.096942574,0.0089206975
1.1448464,0.00029262633,2.883973,0.08894097,9.590368,0.8766568,46.713528,5.5385302e-05,10.853273,2.049892,4.24241,63.698387,1.2618194,0.027308652,0.002032987,0.13948528,1.7767751,0.0112270275,0.067137964,0.012724302
1.322582,0.00027879162,5.0301485,0.027683606,11.479146,3.0245357,44.37174,6.9515794e-05,33.149387,4.462653,2.4162467,108.731064,1.9937274,0.01777858,0.0025223198,0.2069277,2.4782836,0.027021963,0.11701234,0.015815165
1.3090658,0.0001248128,1.9099411,0.03063941,9.655465,1.4918197,43.153908,3.5746732e-05,21.099785,2.4321642,2.0821128,42.090492,1.0320654,0.008448609,0.0011356708,0.11989793,0.83727163,0.018199984,0.09073407,0.016756203
1.1447715,0.0002345539,1.8257592,0.06527464,9.294999,1.3576815,35.286907,4.3170327e-05,15.56578,2.0941932,2.9565265,40.750328,0.6289774,0.015631994,0.0007985289,0.11174327,0.80118626,0.014285269,0.08633501,0.013059571
1.6518079,0.00032830064,2.3420382,0.11211141,10.952324,1.281194,45.192776,4.7136928e-05,26.744017,1.830187,3.3994539,50.413376,0.62127197,0.024824569,0.00060624833,0.14221293,0.8786435,0.016548658,0.106946826,0.010660185
1.1580806,0.00016750391,1.8395346,0.035825323,8.903107,1.3502423,34.751083,3.555826e-05,15.247398,2.1822977,2.5392768,42.303757,0.74054635,0.01068128,0.0005482174,0.106344044,0.7849682,0.016022364,0.08784605,0.013465546
1.3890533,0.00039405105,4.544437,0.09895425,9.700684,2.3893015,41.76898,6.754389e-05,33.060627,3.8959544,2.4161704,99.93363,1.9300264,0.0252538,0.0022385735,0.13816743,2.6983402,0.018249512,0.1306943,0.0061385394
1.2548023,0.00024194398,2.2416575,0.09821634,8.629015,1.3625767,39.212044,4.019709e-05,13.644139,1.6884087,2.1298838,50.368168,0.32913953,0.020462692,0.000899833,0.12058392,0.72407436,0.0127307745,0.096490346,0.013196827
1.2476369,0.00023320554,1.9739388,0.05023347,9.902723,1.5099094,46.592743,5.104627e-05,18.467478,2.0496814,3.6648948,43.635944,0.69748706,0.0131837055,0.0007491629,0.1411365,0.89090633,0.018496843,0.11455384,0.017968912
1.4289846,0.00029118184,2.4827576,0.043509286,12.75424,1.7662199,47.814568,5.6911627e-05,32.550762,2.5968783,2.2324777,55.953964,1.1576,0.018119548,0.002168669,0.15535216,1.4173431,0.017414521,0.13452913,0.011760187
0.9119296,0.0003803386,2.7350874,0.08512248,6.5336266,2.1675146,32.4501,6.5701344e-05,18.267101,3.7239602,2.5614903,60.737442,1.5877637,0.009716269,0.0022453375,0.16872594,2.2712266,0.015823197,0.07984121,0.00843624
1.1040213,0.00035448067,3.8122444,0.1332975,7.8267746,1.7468714,26.42207,7.5170756e-05,13.274058,5.478474,2.360039,78.85599,2.8475163,0.020353887,0.0016669696,0.20897523,2.8583453,0.019401053,0.07690158,0.012183854
0.7540118,8.3143575e-05,0.42798176,0.048258327,6.807712,0.49562758,23.890287,3.0032119e-05,7.88293,0.62180257,2.4304788,20.094149,0.27915087,0.008921933,0.0016373927,0.028639458,0.5056796,0.0125560295,0.06361395,0.011260051
1.0492789,0.0003666979,2.8014936,0.07148891,9.622893,2.111941,39.41553,7.198608e-05,31.600912,3.3632662,2.5873575,63.431053,1.8048601,0.014445123,0.0030919628,0.19090629,2.2314656,0.019733464,0.12030505,0.010732308
0.72647774,0.00027903906,1.556172,0.09765462,6.969715,1.4141033,29.03984,6.618864e-05,10.48548,3.3837547,3.1025088,37.36287,1.7731836,0.009758358,0.0022435263,0.13991171,1.6351925,0.013288675,0.07198084,0.008735829
1.1979951,0.00029260168,2.4259183,0.049219307,10.513547,1.7613991,44.689053,5.2574207e-05,24.482483,2.747795,2.84996,52.018982,1.1527094,0.01636324,0.0019553734,0.14818136,1.2978674,0.014711208,0.1047045,0.010983483
0.7445079,0.00038294337,2.183398,0.17063841,6.5463705,1.7569315,26.718954,8.394086e-05,12.921662,3.7179942,2.168328,47.289837,1.8688293,0.015666045,0.0029883897,0.19754805,2.4243891,0.016254019,0.07865951,0.00955659
0.6375614,0.00017029703,0.42312995,0.07684391,5.0277233,0.7855973,28.068636,4.0671926e-05,10.99638,1.1845658,3.1513293,21.845547,0.6912101,0.0060465727,0.0021115087,0.04025532,0.50843716,0.014338798,0.08766564,0.012114902
0.8143691,0.00018804311,0.83141226,0.10706829,6.006086,0.72441924,27.87925,5.305785e-05,10.478557,1.3059033,2.38379,23.047197,0.75886285,0.008328575,0.0020521928,0.1321913,0.7569406,0.02222765,0.092116944,0.016733285
0.7653916,0.00039072207,2.1114218,0.16856134,7.7733893,1.7604578,29.790026,8.30692e-05,16.604704,3.1496558,2.271098,47.807865,1.9663309,0.01964007,0.0036444073,0.17642586,1.9135213,0.013584615,0.084719054,0.010772416
1.3008926,0.0003234539,4.4352245,0.07577151,10.158029,1.5318705,54.24758,4.8638383e-05,13.036563,2.9212022,2.7003076,96.70421,1.964408,0.025054522,0.004654448,0.1538439,2.7402837,0.0060330774,0.07106252,0.007118439
1.3647883,0.00018480378,2.874743,0.023928363,7.997707,2.0427194,26.93742,5.5072745e-05,11.914375,3.5852995,3.2635994,59.348076,1.2101592,0.014431827,0.0006944256,0.17016314,1.1354947,0.014488594,0.10956612,0.010356276
1.1996468,0.00040551167,3.8779323,0.05758121,5.129912,1.3384706,28.706938,6.2995e-05,13.481806,2.0943925,4.2158704,76.362625,0.80691713,0.019643847,0.0013057695,0.14455624,1.8233019,0.021720342,0.08961022,0.010784676
1.2493492,0.0002934274,3.9207776,0.07243019,8.276243,0.89739436,51.224106,6.182e-05,12.65969,2.2562435,4.2703404,81.02519,1.266337,0.014943125,0.0019108008,0.1899837,2.3151886,0.016018152,0.070508555,0.0097088665
1.0661992,0.00025547532,2.423627,0.03815422,5.508497,1.2985581,24.522865,5.5279306e-05,16.634718,1.83194,3.2974985,50.53357,0.6506755,0.014428668,0.0015734397,0.10701147,1.3325348,0.020763818,0.11543011,0.010091335
1.1321713,0.00028203585,2.8626192,0.06360776,5.394015,1.6636609,21.3394,6.0012175e-05,14.345897,2.9990196,2.7815886,59.09598,1.3694788,0.01951261,0.0022590419,0.13049713,1.3746295,0.019502977,0.12915328,0.011835743
1.2884057,0.00025190663,3.2361732,0.08594708,7.5394616,1.3395071,29.498043,6.527361e-05,14.777351,2.7189925,2.9183216,63.08142,1.3734881,0.021374686,0.002226829,0.16136588,1.9724802,0.019742252,0.084002085,0.01256567
1.2124705,0.00016229296,2.7743874,0.057586767,6.8724003,0.9340107,35.622536,4.77428e-05,10.3521,2.1114004,3.6938279,53.95536,0.9575081,0.017690143,0.0015164118,0.11079551,1.4555166,0.012988308,0.059706848,0.008602917
1.7571166,0.00017948131,2.4454734,0.05223853,10.793819,1.055589,33.766487,4.3777065e-05,11.307658,1.9115858,2.7831664,56.577682,0.56834394,0.022690518,0.0006738979,0.13795882,1.1525466,0.01053245,0.06322778,0.009527826
1.1264837,0.00029018594,3.3142061,0.09921936,8.667276,1.302488,49.751354,6.03038e-05,11.874915,3.3224149,2.8439682,65.98827,2.434281,0.018035391,0.00418872,0.23066238,1.8446343,0.0127070965,0.103113525,0.016188096
1.2491369,0.0004121705,2.84661,0.077504,5.9259443,1.1357489,35.154633,6.21836e-05,12.985024,1.8333101,5.915172,56.11932,0.69432557,0.019173434,0.0007167464,0.121378005,1.5941991,0.01671978,0.10266617,0.008013615
1.2246059,0.00028267028,3.4925325,0.043877076,5.28981,1.4298633,23.687544,4.8186277e-05,13.916701,2.209114,4.2652364,62.735184,0.7428389,0.01429596,0.0009886052,0.10309934,1.568452,0.019158004,0.089551285,0.009020339
1.3961358,0.00020406995,3.9926357,0.044707216,8.33965,1.6634974,27.343878,4.8545407e-05,13.3976755,3.4054396,3.0591125,86.35007,1.2144293,0.016349517,0.0006456998,0.1649957,1.7235615,0.011610807,0.0779598,0.007601645
1.6377913,0.00028117484,3.9725971,0.07818269,8.025285,1.3509151,23.863226,5.8497695e-05,13.411589,2.3208158,2.2313247,80.12376,0.8188023,0.031094836,0.0012586165,0.19560991,2.2397804,0.017217565,0.082547456,0.011314207
1.1490071,0.00031954583,2.56462,0.114299074,11.160192,1.5732144,54.198936,4.9918683e-05,25.043875,2.0431194,3.334949,67.44989,0.63328475,0.03591997,0.0013029403,0.14721456,1.1052543,0.0125630135,0.08116147,0.015654167
0.9482478,0.0003368936,2.967969,0.11211315,10.675392,2.4985056,47.684036,7.058155e-05,21.928793,4.004443,3.8296561,68.32839,1.5929432,0.022009904,0.002582825,0.17575805,1.7408335,0.012687092,0.10759066,0.014912297
1.1520826,0.0003383322,2.7507756,0.14531247,10.248836,1.6610595,50.025917,5.1601928e-05,27.277178,2.2929676,3.6455457,72.58393,0.68703645,0.04027205,0.0012410195,0.14831643,1.1315413,0.011369755,0.09662025,0.015170261
1.0913374,0.00030877048,2.48785,0.15865631,10.723045,1.4950625,49.108,4.8309128e-05,27.603569,2.2847812,3.4373171,66.747536,0.7903291,0.03767711,0.0013202401,0.1492792,1.1123232,0.013296558,0.09078052,0.017123597
0.9787111,0.0002647802,2.6615198,0.08597771,11.813052,2.2651596,53.00459,6.0607013e-05,30.831482,4.2450666,2.779031,65.44761,1.8642296,0.01772987,0.0024930474,0.16625318,1.4025326,0.017214796,0.11101988,0.018697096
1.5326922,0.00027507026,3.2419987,0.08991937,12.461722,1.7164316,63.308308,6.278477e-05,14.235735,3.0732012,4.2135067,71.48559,1.154378,0.017733533,0.0017000013,0.18242551,1.0769471,0.014220631,0.106511526,0.018034745
1.3971546,0.00011277739,2.1713438,0.056600295,15.427571,1.5673782,62.597866,4.0153634e-05,19.28124,3.1434097,4.0541143,74.31508,1.0716575,0.0149459075,0.0011836988,0.115193695,1.0728362,0.0101867365,0.08716011,0.013389451
1.552534,0.0002572048,3.3506646,0.12198498,11.710252,1.4018946,55.12026,7.08733e-05,16.903631,2.5773337,2.152823,77.22941,1.7075766,0.024559718,0.0027086171,0.24254997,1.6057211,0.02068565,0.1637498,0.027881041
1.4552159,0.00026655535,3.9924672,0.065858185,12.964153,1.802313,57.996395,5.568194e-05,14.836185,3.8365407,3.5941226,92.69101,1.6306169,0.018012134,0.0015181632,0.17657311,1.5317366,0.011831424,0.116648436,0.011404351
1.2255166,0.00029692118,4.597714,0.06330031,9.390752,2.1138866,49.190907,5.868902e-05,10.471531,3.9396164,3.7777524,91.237526,1.4602071,0.016432647,0.0018500952,0.16153868,1.4168197,0.008372572,0.13569617,0.00974628
1.3222814,0.0001997641,1.5420885,0.044427507,13.333216,1.0494351,52.097908,4.535797e-05,10.692561,2.0747495,6.6220775,50.79452,0.74433833,0.0073265713,0.000871347,0.12459511,0.95423466,0.00847177,0.08482726,0.010411216
1.2023726,0.00018365316,2.9571462,0.048828628,11.021418,1.9342879,48.350624,4.5981793e-05,11.459714,3.4606018,3.7441318,73.278786,1.3296022,0.014638427,0.0014300409,0.15341198,0.9446568,0.008824633,0.10999572,0.012871338
1.4757087,0.00031791464,2.8303409,0.13599381,11.8467455,1.3703352,58.516685,6.440483e-05,14.342141,2.5593226,4.329973,66.29711,1.0540951,0.022509003,0.0015902148,0.16848418,1.2027099,0.011249028,0.11141303,0.01406389
1.5256991,0.00036761255,4.2898955,0.14147948,11.809355,1.8399316,56.88766,7.191885e-05,15.824569,3.9206297,3.5621517,95.8405,1.874896,0.029440744,0.0021454364,0.18697765,2.0349212,0.012619971,0.114422254,0.013621134
0.92400384,0.00032085975,3.643208,0.046706203,7.387772,1.9454752,46.561707,5.8071626e-05,17.254827,4.4793897,4.950622,65.59379,2.4972005,0.009984894,0.0019379815,0.13763642,3.0245132,0.012509327,0.04182772,0.0062009473
1.5666837,0.00035062875,3.4464056,0.15309636,11.980956,1.665034,58.707554,5.0852363e-05,29.029661,3.481932,3.21279,75.03956,1.5560095,0.02412736,0.0017387934,0.18439363,1.3775408,0.0126523385,0.10639615,0.0118871
1.3405087,0.00032039537,3.1164749,0.115122065,11.630328,1.5091466,56.745903,5.940434e-05,12.661621,3.1135948,4.0136504,70.25766,1.2909595,0.02169817,0.0016616826,0.16168572,1.1948447,0.00983138,0.10873932,0.012654634
1.4638072,0.00023359014,2.8650641,0.06695381,8.929092,1.0276661,52.344116,6.1880244e-05,10.011,1.5412676,2.9768562,63.435898,0.56651944,0.015821213,0.0010778618,0.16987838,1.1935284,0.009754747,0.11064015,0.01110221
1.4582673,0.0003360911,3.2012668,0.12352874,12.035344,1.4635515,60.29172,6.705852e-05,15.36418,3.1574664,3.9473243,67.7747,1.3872535,0.02141851,0.0021302318,0.19889997,1.4124198,0.0131145725,0.10976179,0.016043788
1.5545316,0.00022103194,2.8264134,0.11605204,11.460822,1.287295,55.840355,4.574972e-05,14.158657,2.0363817,2.5175836,60.386375,0.80397785,0.022144847,0.0010706234,0.1608582,0.9049719,0.013702878,0.10518533,0.017266156
1.2205614,0.00026707596,3.4223444,0.059280805,11.000304,1.6500403,52.541714,5.1650397e-05,10.610757,3.7964804,4.364002,72.30361,1.6593503,0.015387873,0.001604572,0.15409662,1.0979186,0.008711104,0.109901056,0.010618987
1.1905049,0.00021115791,3.2088547,0.03870112,11.452582,1.6444415,53.742493,4.310121e-05,10.93359,4.228279,4.9164944,72.448746,1.811676,0.0103956,0.0013205879,0.13956997,1.152108,0.0091948025,0.097060926,0.009446729
1.5220335,0.00027295572,3.4700017,0.08263062,12.224917,1.7185321,57.755203,5.351416e-05,15.5884075,3.3786812,3.700374,83.82543,1.3055828,0.020248076,0.0012792883,0.15704578,1.2410934,0.010759978,0.11552247,0.01233374
1.5146488,0.000438892,4.4893208,0.12976877,11.618839,2.1480236,53.347923,7.112654e-05,16.907684,4.5734262,4.621353,96.10684,2.1478157,0.030915482,0.0014912903,0.19374803,1.8939375,0.013649455,0.097777136,0.01282206
1.5420406,0.00034833077,4.4312835,0.088317506,12.260465,2.0191202,56.4998,6.0014732e-05,15.519284,4.394684,3.4248946,99.574295,1.9602419,0.024209859,0.0015071818,0.18610875,1.627811,0.013234746,0.12041799,0.01318071
1.3063797,0.00027243185,2.1207802,0.07565057,8.976168,0.98097736,25.651627,5.2925814e-05,12.033498,1.7125924,3.8681142,39.60519,0.6928858,0.016671434,0.0010551965,0.122241415,1.1831266,0.0066154622,0.06301404,0.0054476634
1.1597068,0.0003627338,2.1662872,0.16051866,7.0630007,1.1129944,20.952833,5.796954e-05,21.263508,1.6266712,4.819907,47.524128,0.79618526,0.024041923,0.00080998463,0.14051582,1.3140641,0.012721125,0.102314055,0.010154363
1.1794813,0.0003628423,2.040394,0.12064135,8.437743,0.9882958,25.49586,6.243343e-05,15.709934,1.4403775,5.4291806,47.967247,0.7371112,0.020552699,0.0007735109,0.1736186,1.5119503,0.018543573,0.12253541,0.014031132
1.1356633,0.0001790734,4.007908,0.050963454,7.455558,1.7750926,31.054173,5.617039e-05,11.438931,1.8697956,1.1795925,75.25708,0.6958003,0.02199015,0.0014121605,0.124434344,0.9825908,0.012969896,0.18158567,0.012005061
1.1726375,0.00018049663,5.09068,0.029831883,7.4108663,1.735998,31.388102,6.0315833e-05,14.449883,2.0302238,1.5395974,79.02148,0.69400287,0.019605082,0.0011503139,0.17987362,1.6687614,0.015490516,0.13858262,0.011621783
1.2743064,0.0003725519,5.1092315,0.07083745,8.379838,2.0571706,43.788826,6.820063e-05,8.794743,2.1747322,2.452543,96.92773,0.8046716,0.02756551,0.002053449,0.12517272,1.4193625,0.01551583,0.26100776,0.014140088
0.8617752,4.8067457e-05,0.833799,0.03787412,6.2215257,1.0777662,18.365818,3.297111e-05,9.996515,1.8788489,1.651755,26.119446,0.699534,0.0086344965,0.00087776186,0.06398776,0.36362633,0.011214394,0.13391413,0.01010089
1.4794068,0.0004518498,5.378613,0.09899664,8.505488,1.8028666,51.998684,7.774564e-05,9.128767,1.8754816,2.7815464,102.79243,0.6052887,0.03588987,0.0022818882,0.12730819,1.6895257,0.016542692,0.20093513,0.011742027
1.4242351,0.00036948652,4.790661,0.08857637,8.554027,1.5876452,51.73519,6.826622e-05,9.828223,1.7063409,1.7635638,94.94543,0.60762143,0.03492223,0.002358922,0.13688424,1.3889055,0.015705695,0.2093429,0.013421789
1.4002585,0.00043255914,5.912932,0.08898518,8.135537,2.173314,45.87109,7.6888275e-05,11.460601,2.0949254,2.512146,117.03729,0.6981729,0.031662896,0.0021982086,0.13324985,1.7757354,0.016269788,0.22944355,0.011783424
2.043166,0.00034739607,3.2523673,0.15323943,9.050303,1.4006954,35.97093,6.0056234e-05,13.870031,2.2513947,4.807439,65.31111,0.93640184,0.020920858,0.00026058912,0.17604303,1.2275995,0.013546755,0.12472175,0.010693525
1.6650152,0.0003878439,3.2922978,0.103430666,8.702512,1.3641219,35.731335,5.8266727e-05,16.649242,1.7777656,3.1462626,76.481926,0.6142544,0.026030375,0.0007745486,0.19496913,1.118551,0.012601104,0.14234066,0.014080836
1.995602,0.00032250892,2.9831855,0.15632707,8.85664,1.0124232,40.21659,6.394335e-05,11.788191,1.4031628,4.4433575,52.30161,0.6007877,0.020818202,0.0003783332,0.19302593,1.4536672,0.015823117,0.12505285,0.011353164
1.343613,0.00043167543,5.958821,0.07937733,8.334143,2.3092859,47.90608,8.040827e-05,9.862249,2.3443942,2.998736,112.238014,0.8485114,0.02953717,0.0022107689,0.1320291,1.7849505,0.01628119,0.24206525,0.012228774
1.3495474,0.00044905217,6.234142,0.08473963,8.0926695,2.3178403,46.756,7.871437e-05,10.625595,2.325475,2.8491375,116.44561,0.83557,0.030670136,0.0022603266,0.13701716,1.906296,0.016599441,0.22602804,0.012135636
1.0715517,0.0003698607,2.227652,0.08479612,9.387033,1.1528684,29.875648,6.696023e-05,13.274021,2.0950155,5.304258,50.50046,1.0855886,0.02072963,0.0009865186,0.1829868,1.6087354,0.019406786,0.11048528,0.01445696
1.2310721,0.00018352373,5.0514736,0.058881972,6.3072066,1.0861683,40.972485,3.116956e-05,8.074822,2.1179593,0.29174453,88.464066,0.91508615,0.032062292,0.003277431,0.09309718,2.1639147,0.006737496,0.0856268,0.0074381228
1.427395,0.00024253537,2.7976506,0.08901076,8.564665,1.1812423,33.190937,4.8505804e-05,18.4088,2.0515106,3.7186308,59.765587,0.89769566,0.01871383,0.0004386485,0.19767515,1.0268089,0.016395643,0.14101706,0.013624024
1.439804,0.00040811542,2.696368,0.14366913,12.7237,1.4884635,42.771557,5.9457197e-05,26.75411,2.0942466,4.461847,47.534027,0.5340237,0.026505813,0.00065368874,0.17094032,1.4399222,0.014307875,0.12559804,0.010283402
1.2512437,0.00032010133,4.8236823,0.07088418,7.466917,1.9085526,35.987843,6.2597e-05,7.9943104,2.0341034,2.3372533,90.342514,0.75858146,0.024900151,0.0018440059,0.10383875,1.3361565,0.013872288,0.19794546,0.01223739
1.2152674,0.00034915787,3.0914357,0.07989883,8.341886,1.1741223,28.342371,8.149086e-05,10.580894,1.7468129,5.298312,58.618435,0.73580015,0.021490684,0.0005513262,0.1443731,1.9372239,0.010429672,0.069246836,0.006093226
1.8045377,0.00035647588,2.9664505,0.11091331,8.893466,1.2398832,37.49157,5.4913566e-05,16.212963,1.5644053,2.952157,67.05859,0.54923177,0.024552343,0.0007323756,0.19108091,1.0070564,0.0128771,0.14107025,0.014418277
1.1249894,0.00030383174,2.2892008,0.10926203,7.109058,1.1337395,18.057417,5.231408e-05,16.519043,1.6775855,4.2668915,48.67634,0.7549507,0.023498407,0.0010312484,0.12822501,1.3289142,0.012970979,0.09773648,0.010465966
1.3091605,0.00039340384,5.5952573,0.07468668,8.23363,2.2390711,45.040928,7.269516e-05,9.852386,2.2947838,2.5061753,107.70036,0.8325534,0.02879807,0.0021837829,0.12661403,1.5695206,0.015244937,0.25584713,0.012987052
1.3060169,0.00040480963,5.979019,0.07909908,8.02318,2.2863567,44.3945,7.284193e-05,10.279658,2.3047442,2.373136,113.70335,0.84866214,0.030003257,0.0022903967,0.13105695,1.7306116,0.015968716,0.24147253,0.013038871
1.1247089,0.00041299596,2.1161003,0.14641023,8.708145,1.0682714,24.83224,6.931688e-05,20.950438,1.4628586,3.9658668,51.344086,0.79901356,0.02202043,0.0008393766,0.20837691,1.4375709,0.021347076,0.15226166,0.016380005
1.2967186,0.00044363417,3.3554134,0.16170786,7.926896,1.5495358,30.400158,6.834101e-05,26.624794,2.2163548,4.2299385,68.20231,0.7675045,0.036480743,0.0013805549,0.14817946,1.8101249,0.010049084,0.11272661,0.008483968
1.240448,0.00039900234,4.385064,0.121423185,7.7906733,2.122365,32.429512,6.277219e-05,24.49088,3.2582812,5.029222,88.6713,0.8647284,0.02998506,0.00072032807,0.13819675,1.7853882,0.013111686,0.12740959,0.008288913
2.069051,0.00036322317,3.111527,0.18917495,9.591264,1.1849643,40.317795,6.622809e-05,12.685605,1.8108113,4.7858405,58.82782,0.8077009,0.024002632,0.0003784814,0.17447034,1.5175653,0.014279559,0.12756851,0.011055604
1.2901762,0.00032303802,5.1912947,0.082447864,7.938601,1.7156702,54.652737,5.925408e-05,6.2251916,2.1346898,1.702362,99.862625,0.8069532,0.0344355,0.003095286,0.08213204,1.8376521,0.012244708,0.1301096,0.0096579585
1.1782986,0.00019515323,3.0415645,0.0543822,8.568978,1.5410904,37.801517,5.2099702e-05,10.673798,1.5822661,1.1573322,60.33055,0.54712945,0.021617427,0.0014353385,0.11207941,0.65376395,0.0132229645,0.2446562,0.013545646
1.2820411,0.00035877374,2.2955806,0.0872707,9.320381,1.3581313,26.203857,6.2540705e-05,14.022357,2.1674662,5.0187607,48.703514,0.8262745,0.025668502,0.00072573725,0.1716496,1.0655676,0.015151537,0.10491725,0.015184173
1.3601242,0.0005301387,5.0746117,0.12824647,6.571328,1.5594991,22.707764,5.6719935e-05,12.327738,3.8220303,3.7179315,100.47905,2.279558,0.032560755,0.0024599081,0.14961326,2.142931,0.012667326,0.07183663,0.009787821
1.2020016,0.00036690285,5.21325,0.054359704,10.110351,2.4283905,40.271954,7.106217e-05,25.024595,4.6785936,3.4941328,98.953636,2.1770272,0.02344857,0.0020483192,0.20630248,3.0258737,0.02030412,0.1063499,0.012567343
1.0426211,0.00023721719,2.8186934,0.089998715,8.076699,1.3311331,22.604698,4.69827e-05,17.049648,2.9877331,2.456014,62.12206,1.0311674,0.02128844,0.0012762476,0.12913223,1.7121607,0.012029261,0.091800585,0.006910354
1.21629,0.0003981771,2.3134258,0.15632015,7.4989667,1.15597,23.01639,6.140335e-05,21.174017,1.5362605,4.957699,50.222595,0.6717238,0.0282724,0.00088367064,0.14960356,1.378067,0.013010128,0.114412874,0.011044226
1.1546503,0.00015020453,3.0547395,0.046285257,8.183611,1.4182684,33.799084,4.752875e-05,10.687697,1.5792325,1.0475407,58.482697,0.58014137,0.01858791,0.0011962435,0.10401815,0.7273246,0.012283206,0.16765128,0.011130488
1.1498153,0.00018249947,5.0615516,0.031721454,7.8377,1.8357222,33.494984,6.1306484e-05,13.494654,2.0651002,1.2072861,81.34048,0.7113112,0.0206973,0.0012637777,0.17557155,1.5202029,0.015271599,0.14642206,0.012144008
1.2445307,0.00033288824,5.1079288,0.069748424,7.660353,2.030583,39.61115,6.2271014e-05,8.422521,2.1347086,2.092069,97.52186,0.7895836,0.026714722,0.0020641892,0.10449179,1.4331483,0.013729903,0.1956603,0.012193791
1.2639024,0.00034584908,5.552254,0.071393386,7.777276,2.162766,41.253098,6.584801e-05,9.882812,2.2229073,1.8148147,108.992004,0.8140262,0.029446106,0.0023471094,0.11281272,1.5694207,0.013945601,0.21579127,0.0121587375
2.1625934,0.00035997655,2.7704742,0.1499477,9.338844,0.94417244,36.03923,6.168188e-05,12.921148,1.2593445,4.953395,51.74541,0.43551868,0.022068001,4.0654195e-06,0.18490568,1.3069785,0.014750457,0.12688746,0.009618522
2.1546998,0.00033042752,2.8399122,0.13259476,9.864383,0.9531775,36.847797,6.001214e-05,14.431167,1.2298157,4.5864778,55.06899,0.42170596,0.02210557,-1.8685718e-05,0.21609995,1.1721609,0.016653256,0.14471313,0.01253779
0.8462102,0.00010066002,1.4853551,0.031850155,6.4701633,0.99354535,16.52555,3.8507318e-05,12.597576,1.7672955,0.80904055,29.236729,0.62129843,0.01203493,0.0009857945,0.098277934,0.55808043,0.010787008,0.12082117,0.009768567
1.3317577,0.00023611782,4.25926,0.07989248,7.461715,1.2062149,37.503914,5.247686e-05,10.646779,2.5364175,3.5162964,83.41228,1.0394467,0.018825363,0.0015147649,0.16757506,2.335348,0.012869093,0.08189049,0.010241363
1.4849184,0.00042207,6.922066,0.13357067,8.78815,2.6319835,48.840954,7.906494e-05,24.861345,4.8002553,3.1016138,123.82666,2.1824589,0.03664711,0.0025496872,0.23875412,2.5453093,0.016601784,0.09600523,0.012462396
1.1260974,0.00030245597,5.9547863,0.038965084,7.019482,1.9431919,28.63268,7.1162685e-05,9.242249,2.357637,2.6401088,95.89126,0.86646926,0.02346531,0.0015822441,0.14509384,1.912607,0.0131460205,0.16185987,0.010292208
1.6993592,0.00029358963,3.093036,0.069221884,8.252756,1.6248603,27.324074,4.5393168e-05,17.189735,2.8311338,4.411752,60.801395,1.0492256,0.01495592,0.00017893076,0.16000856,1.097999,0.013510061,0.098049134,0.009436415
1.3532604,0.00030892057,4.6992445,0.08252893,8.423336,1.5619055,54.42314,5.858607e-05,7.9981713,1.7796531,0.97675383,93.12606,0.668812,0.034679335,0.0028089131,0.107975096,1.4595087,0.013421319,0.15382223,0.011826981
2.2333088,0.00025068494,2.896518,0.20398133,9.108573,0.87658495,44.189667,5.379197e-05,13.890977,1.2147521,3.3710165,56.222336,0.7389809,0.019312287,0.0005293412,0.19920468,1.4416275,0.01803866,0.115614936,0.014195214
1.1750205,0.00029726166,5.988348,0.0673729,6.1773877,2.1633017,30.363176,6.550919e-05,8.369092,2.3876302,2.6555502,106.23076,0.99638087,0.02674168,0.0021182573,0.08860304,2.0653353,0.011675795,0.1371843,0.009000321
1.213229,0.0004178293,3.4931295,0.13346933,7.4992337,1.7566919,29.850506,6.493886e-05,23.107773,2.7717264,4.225541,67.79008,0.9930354,0.033469778,0.0015755021,0.13316171,1.809106,0.009241047,0.10538245,0.0075449515
1.1514137,0.00037640598,2.2370324,0.08548259,9.436547,1.3906904,26.653206,6.453123e-05,13.790001,2.485243,5.174196,50.749905,1.0690894,0.023683816,0.000833105,0.17782597,1.2506233,0.016466185,0.1090799,0.014524197
1.0500824,0.00045190527,2.7020276,0.21287593,7.635466,1.1777751,23.293863,7.075767e-05,23.98184,2.2882817,3.6054974,53.272682,1.4123315,0.023955021,0.0022340238,0.16480805,2.4063585,0.013701685,0.08088446,0.010002915
1.0477823,0.00055587624,3.639135,0.19490169,9.95774,1.139161,35.59025,9.021069e-05,20.869444,2.1341987,3.7733028,74.30805,1.3322359,0.025637332,0.0023295002,0.2511199,3.0149524,0.018785482,0.121247396,0.0129284235
1.2709242,0.0003369062,5.5351253,0.0778878,7.5554676,2.1737869,39.839813,6.286302e-05,9.077238,2.188599,1.9329474,106.63526,0.8030616,0.028618203,0.002226194,0.10146228,1.5881469,0.01423074,0.19886003,0.011894886
1.162619,0.00028835094,2.5249324,0.11479292,11.417254,1.6669629,66.177246,6.500194e-05,15.711134,3.0641928,3.5845873,56.98858,1.371083,0.012506216,0.0019571348,0.23915783,1.7643298,0.022216504,0.06420248,0.022202022
1.1241595,0.00028413162,2.2102768,0.11399247,10.353611,1.8559607,59.85105,6.60942e-05,14.96974,3.4543245,3.5853055,50.511692,1.4769994,0.008623119,0.0018277076,0.23387313,1.6276312,0.020892097,0.084233366,0.020273015
0.933438,0.00018961997,0.5687186,0.10543425,7.603553,0.870876,35.473133,2.9481853e-05,17.295315,1.1550174,0.74764824,36.629276,0.4036188,0.020954246,0.0016506513,0.03805677,0.3985102,0.007620069,0.096057594,0.008901285
1.3135388,0.00033480834,3.3655171,0.09199861,11.500876,1.9889258,51.4108,8.5746775e-05,15.149393,3.8364182,4.8184376,69.363,2.0103006,0.016616786,0.0017491087,0.23439783,2.3164504,0.030555388,0.09877631,0.023282874
1.2400436,0.0004947314,5.4976983,0.13335544,8.609866,2.7061007,52.818787,0.00011432056,18.50172,5.468203,4.3203993,106.94198,2.4615467,0.02286394,0.002742978,0.3108231,3.9735336,0.02753759,0.15320006,0.022034436
1.2905209,0.0004376752,3.7283704,0.09591078,10.218545,2.0977106,49.74194,8.57233e-05,15.501117,3.8834999,5.1998315,72.21108,1.906776,0.01544482,0.0020090647,0.22893535,2.6463153,0.026640844,0.09323981,0.016969426
1.2804389,0.0003387176,2.6790307,0.112826906,10.556776,1.6114837,53.137074,8.551139e-05,13.88277,2.6975257,4.494453,57.6924,1.3589733,0.019757275,0.0017358537,0.20431462,1.7837688,0.024284413,0.09762738,0.022830727
1.1440376,0.00031849666,2.7335413,0.15731575,8.79463,1.8280836,45.948,0.000102969345,22.668219,2.6241572,3.5849147,59.644615,1.4541897,0.028504955,0.0030980804,0.19293989,2.044902,0.01923076,0.1639787,0.029272992
1.1808509,0.00017588097,2.3955681,0.058376458,7.441459,2.414996,28.752151,4.20947e-05,24.952988,3.7208483,2.6192136,54.386528,1.2483552,0.019741464,0.0010625791,0.1118346,0.7030878,0.012967023,0.13137637,0.015083512
1.0479916,0.00030974625,1.9586484,0.13188942,9.4627285,1.4383589,46.141827,6.769484e-05,23.99798,2.3360229,3.9545963,43.343685,1.5229659,0.018237837,0.0030492663,0.13101912,1.3003501,0.017877035,0.1588256,0.019750986
1.2632246,0.0003841273,3.6714337,0.15209858,10.136303,2.0861366,48.91753,8.9445544e-05,15.357257,4.0811005,4.184943,75.137535,2.184211,0.022974072,0.002245335,0.21977788,2.233096,0.024570622,0.18275727,0.026949411
1.2724336,0.00046569065,4.696926,0.13833302,10.421591,2.5119736,55.38993,0.00010432415,19.029806,5.210689,4.1739144,94.02926,2.7362313,0.021918004,0.0026730986,0.28621992,2.9778023,0.026663728,0.18399227,0.024883907
1.3417392,0.0004172152,3.7427273,0.107539855,11.291369,2.216177,56.4041,9.606706e-05,17.334826,3.8582542,4.060081,75.14198,1.8245578,0.020966373,0.0021283187,0.2611115,2.337018,0.034745827,0.13083978,0.027546026
1.3215852,0.00045817715,3.8009589,0.11461666,10.330024,2.1435094,55.61188,9.24099e-05,16.589344,4.063642,4.8971314,72.78599,2.0325553,0.018406136,0.0021342924,0.25012675,2.4911735,0.029310197,0.11127261,0.02029031
0.93864465,0.00011243263,0.56181294,0.06049625,6.8689985,0.76899976,30.114174,2.417922e-05,12.046422,1.2290213,1.0943209,27.608423,0.47545925,0.013082521,0.0010331931,0.03378551,0.2712119,0.0072489516,0.082694024,0.0073452955
0.9480713,0.00010231336,0.576876,0.05835172,6.9958515,0.7624113,29.610264,2.381027e-05,11.9422,1.2663018,0.95608366,27.179728,0.5108746,0.012436704,0.0010143347,0.03483932,0.27257428,0.0074196705,0.08279601,0.007283857
0.91614926,0.00033468005,2.9424095,0.12158343,6.175215,2.5296998,20.652044,7.498191e-05,28.871096,4.0717235,2.3762286,57.258095,1.4682535,0.03080753,0.0023540088,0.13182549,1.2512248,0.015609559,0.15873797,0.014944429
1.1301686,0.00030252675,2.1383731,0.10299082,10.140719,1.6041894,55.02654,8.337116e-05,19.802984,2.4362319,3.308668,47.49831,1.389515,0.019626927,0.0025875305,0.18636487,1.5164229,0.026181467,0.12929824,0.026499236
1.3337404,0.000355388,3.546701,0.103553966,10.963831,2.0554857,50.945465,8.614259e-05,14.972872,3.5281196,4.7880607,71.220566,1.6740518,0.018502286,0.0017886566,0.23135224,2.35029,0.027900953,0.09684365,0.0219606
1.4500268,0.00041616743,4.2005343,0.10820498,14.1014385,2.1804938,59.56538,6.95136e-05,28.050238,4.2821198,5.8733096,108.11126,1.7945167,0.01869305,0.0012948139,0.24075978,2.5332904,0.023958063,0.09289469,0.017358882
1.2123474,0.00017660594,1.6847329,0.043120842,16.31098,1.3464677,59.70112,4.4832173e-05,19.20453,2.692715,6.0179873,68.51817,1.2008107,0.011494552,0.0008564886,0.11788954,1.6259979,0.012573213,0.06365477,0.008976965
0.9061796,0.0004730728,2.837717,0.17436294,3.8123133,2.3943782,19.414183,6.9718924e-05,20.33401,3.5316687,4.009825,88.964584,1.2272205,0.028594071,0.0018266198,0.09997793,2.3745975,0.018377155,0.118828915,0.010575853
0.9475057,8.252766e-05,1.4369818,0.036371976,10.543179,1.2781584,38.50365,2.8665607e-05,23.413307,2.5514288,3.313578,56.39494,0.96504587,0.009827668,0.0008263135,0.07018274,1.2226158,0.008657951,0.07464439,0.00664355
1.1389245,5.5132325e-05,0.71908104,0.015967181,10.32834,0.6804168,38.341988,2.5820402e-05,12.270882,1.1003784,3.0355272,26.8731,0.48435375,0.00768549,0.0005459746,0.06137865,0.42558634,0.008700421,0.10875072,0.0060440246
1.6572613,9.846921e-05,0.8499824,0.05832036,14.702545,0.74484485,52.19002,2.61739e-05,21.32203,1.0150784,3.9015644,45.647373,0.24657175,0.017047597,0.00017716819,0.07831434,0.5076593,0.0076208343,0.074417174,0.009567057
1.2819144,0.0003290066,3.066667,0.09184048,9.225492,1.2473283,46.557343,5.6464007e-05,18.522526,2.790442,3.36994,73.07546,1.4378102,0.020295655,0.0019306208,0.16832241,2.39824,0.01118987,0.076541305,0.009649993
1.2577938,0.00029993895,3.3628933,0.08725943,8.569169,1.3107072,44.364685,5.9478003e-05,20.902298,3.0255532,2.3243937,76.93529,1.8971425,0.02422949,0.0024007,0.22016965,2.6674519,0.014216236,0.086660035,0.013247878
1.2407949,0.00034289787,5.52698,0.090246946,7.2178106,1.666278,39.100533,5.8491398e-05,15.230956,4.7758327,2.22777,108.101204,3.8161569,0.022000263,0.0033653749,0.26327428,3.411141,0.015550293,0.097902596,0.016621232
1.2817742,0.0003148314,3.8935652,0.07798105,9.085375,1.4941652,46.761387,5.4334883e-05,17.065393,3.533644,2.7050498,87.9491,2.0549033,0.020217706,0.0023330308,0.16839434,2.4542627,0.0109652,0.076733574,0.010387736
1.3333895,0.00035458978,4.0750313,0.09404139,10.150256,1.4583932,46.481274,8.317868e-05,21.098377,3.2259443,3.8190966,91.79462,1.880752,0.025334595,0.0028902108,0.22350104,2.9261143,0.018793153,0.09146502,0.017128719
1.3475709,0.0003465087,3.9902954,0.08771154,10.604102,1.333257,48.871914,8.793086e-05,18.677452,2.723043,3.673004,88.58385,1.3186307,0.024786795,0.0027252927,0.20796405,3.182958,0.018002115,0.074999936,0.013397252
1.3275661,0.00035103134,3.3262572,0.09840806,7.7863083,1.098627,50.70106,5.693134e-05,9.918316,2.6134205,4.7306805,72.18745,1.4949614,0.020110767,0.0020404777,0.1431158,2.1987138,0.010724644,0.048171055,0.008683365
1.42963,0.00032158082,5.0407767,0.11490275,10.342009,1.6207055,50.16042,6.4140884e-05,19.537409,5.0391016,3.014216,97.68081,3.2672212,0.021544315,0.0024837228,0.26969314,3.092793,0.016231384,0.115807705,0.014799919
1.2393265,0.0002975717,5.787322,0.110894725,7.8944955,2.0224144,42.80499,7.321677e-05,18.35289,6.731455,3.1539958,112.63933,5.4645967,0.02128504,0.003280031,0.30038142,3.8672795,0.016752418,0.10633289,0.017187677
1.291711,0.00063473964,5.4565644,0.17794771,11.182694,1.6346539,56.641167,8.248692e-05,17.621407,4.4756513,4.8387966,119.932755,2.8885314,0.022029387,0.003300264,0.20238379,3.1727672,0.014097287,0.0631133,0.015389825
0.9811452,0.0002702802,3.8362813,0.08294303,6.3489013,2.0712204,34.39014,6.5255466e-05,10.426004,4.197337,2.6393275,80.21309,1.7251626,0.01825351,0.0024211886,0.0810355,2.4738276,0.0074769426,0.070086084,0.004345449
1.2306368,0.00030394262,4.9977717,0.05395457,9.860528,2.1771383,47.201675,5.6338937e-05,10.259047,4.899124,4.1439347,101.53145,2.255184,0.018378338,0.0010278157,0.13439152,1.6588507,0.010761381,0.10170064,0.010106423
1.0961506,0.00023546997,3.666028,0.104000814,10.906479,1.6080033,51.23089,5.8844504e-05,5.6553297,3.7042572,2.6983957,64.8399,2.3999598,0.024055846,0.0032747986,0.09951888,1.8347964,0.0088993795,0.10245482,0.009514603
1.0189447,0.00020837769,2.738789,0.065121345,7.750512,1.5371064,44.852753,5.0445433e-05,5.6684127,3.1640506,2.4573565,55.597164,1.5955658,0.01314476,0.00255626,0.05764379,1.5025604,0.0070671355,0.07321133,0.0047649383
1.546043,0.00015859415,4.139299,0.048925728,10.108509,1.0743755,44.889515,3.608487e-05,8.22571,1.5106916,1.6882284,83.49717,0.77845055,0.020587865,0.001635841,0.08252922,1.4567976,0.011870687,0.07737315,0.010616951
1.068364,0.00021508188,3.6405265,0.059198488,6.2290826,2.0479953,39.262672,4.8059355e-05,7.075916,3.9885972,2.1948411,69.69554,1.4333335,0.012690807,0.0023663763,0.062035035,1.7154847,0.008589935,0.07848793,0.0051671416
1.2023773,0.00027824976,9.499819,0.06879668,7.568674,2.9290926,47.389,5.8177833e-05,17.926865,5.417851,1.6376234,184.19064,2.1835961,0.029134657,0.002438521,0.16737589,2.579927,0.016920885,0.105886325,0.0144729195
1.0908712,0.00024187978,7.6834593,0.074665226,7.1932507,2.9950166,43.423145,6.188893e-05,18.134989,5.036862,1.3587663,149.35738,2.256195,0.023717325,0.0024811397,0.15377986,2.2754922,0.018652929,0.12551959,0.014374972
1.2404349,0.00027074214,7.4011884,0.10434842,6.4673805,1.6622922,30.06634,6.345659e-05,15.729549,3.0015452,2.2622201,136.9165,1.6015848,0.025510227,0.0024073815,0.13809818,3.8540785,0.011559161,0.06346153,0.008431443
1.3250313,0.00025152566,6.384285,0.083753794,8.383189,1.4628133,46.689716,4.5746336e-05,4.761136,2.3883526,0.60181475,117.7441,1.1167458,0.03646635,0.0032088966,0.09707277,2.1453614,0.013033968,0.090274185,0.013408917
1.4037356,0.00017323022,4.2972937,0.0725782,10.445476,1.2066352,43.76327,4.7801033e-05,10.580982,1.5165439,1.2012423,86.542496,1.0331749,0.021369932,0.002388254,0.08849185,1.727933,0.012937065,0.10569695,0.013999321
1.1711104,0.00020346655,3.5999868,0.063940346,8.658299,1.5955881,41.65084,5.281018e-05,6.557564,1.8042067,1.3484726,74.218605,0.7207457,0.027173351,0.0022481254,0.06306534,1.1725657,0.010840552,0.14357734,0.010459508
1.1480025,0.00020958793,5.467494,0.07490935,8.797992,2.3264668,35.10554,5.905854e-05,14.219613,5.63822,1.9109609,124.92663,2.4163601,0.022992317,0.0012538703,0.16217504,1.9460636,0.013061077,0.11359578,0.011524531
1.0907685,0.00037122951,6.2901864,0.0869029,9.31716,2.4607143,46.559246,6.985945e-05,11.048569,5.853675,3.6547773,128.59251,2.8661478,0.02295823,0.002625039,0.14880341,2.623733,0.010459969,0.08665628,0.008079832
1.2801079,0.0003092969,8.639993,0.042050872,7.243951,1.7647092,44.104473,5.2481755e-05,14.729898,3.4682322,1.3441248,173.67448,1.5194371,0.03532099,0.002247281,0.15854087,3.8543143,0.012127637,0.06890342,0.008891133
1.215777,0.00021699797,2.6975658,0.12029905,7.61897,1.4766924,40.983166,4.975558e-05,10.600055,2.8264346,2.635749,53.817734,1.5257232,0.017337704,0.0018773812,0.079003856,1.0961843,0.01331417,0.12689713,0.013283381
1.0579461,0.00026201145,7.394431,0.054018155,9.646447,1.724602,49.91298,6.0921135e-05,26.048725,4.7199144,0.3628688,159.98018,2.7305405,0.023789072,0.0017446617,0.30202234,4.6539936,0.018575719,0.09747338,0.011237427
1.4730089,0.00016596643,3.0333557,0.05711326,9.798068,0.98503315,47.568523,3.7403308e-05,6.065171,1.1809425,1.4258856,58.72953,0.5453826,0.022829093,0.002207398,0.07641177,1.3828491,0.010025975,0.06594341,0.010444395
1.5528007,0.00027009335,3.8439956,0.028461248,10.950172,1.4753084,52.398014,6.31764e-05,13.544862,2.1583657,3.2642465,82.80575,0.66509265,0.018005842,0.0014650384,0.22269191,2.0332327,0.017164012,0.09053191,0.010168457
1.3982608,0.00025195457,3.737985,0.016100474,10.105743,1.398277,44.54431,5.6245917e-05,13.391366,2.1373641,3.3768578,76.91293,0.7634321,0.015298535,0.0018076053,0.19346946,2.1321504,0.014859757,0.06799216,0.009523628
1.3060222,0.00026737957,3.3669975,0.05005071,6.8618336,0.9609415,31.204056,5.4377204e-05,9.777446,1.7564027,3.7008708,64.294815,0.57999957,0.023207603,0.0019800132,0.13896048,2.372409,0.008641758,0.0291824,0.0072915866
1.3354487,0.00030080738,5.547713,0.051511627,11.667254,1.9023073,52.440166,7.51219e-05,13.61483,3.657126,3.6567461,114.398674,1.5126439,0.018181898,0.0027035254,0.27009612,3.3206515,0.019738274,0.092266634,0.012250161
1.2957706,0.00026995628,4.9860706,0.034633867,11.174577,1.8999908,54.66859,7.71606e-05,12.865886,3.1105258,3.120614,107.56,1.1259276,0.024006493,0.0024299794,0.2507887,2.5835152,0.02263183,0.1010036,0.016192487
1.2681664,0.00029450122,5.232416,0.0549175,8.718775,1.5928242,48.667202,7.0704125e-05,9.138858,3.6631625,2.9910438,104.05133,1.6995289,0.021791091,0.0032732415,0.22700064,3.1494775,0.015204812,0.060700543,0.0104099335
1.3383658,0.0002321735,4.773705,0.001301878,11.146462,1.6547685,50.961002,6.2154715e-05,11.8929,2.9161825,3.2565606,103.67354,1.1405431,0.020791087,0.0023383184,0.2459284,2.6189954,0.01866171,0.06636335,0.01387463
1.4896799,0.00030470433,4.240752,0.10106786,10.914249,1.4500961,56.151398,7.134195e-05,11.767773,2.6096005,3.1681173,94.521126,0.9360857,0.022423066,0.0015763327,0.24870601,2.306868,0.021458477,0.10192052,0.013264532
1.2941209,0.00026674537,4.61072,0.064238675,10.409517,1.4914031,55.429745,6.966933e-05,10.000826,3.7403355,3.8406253,97.53804,1.6988087,0.017242014,0.0027746568,0.2320278,3.0713158,0.011671525,0.038332272,0.009082336
1.4243938,0.0002242665,4.979541,0.015909564,9.805984,1.7628578,51.44326,6.9759386e-05,10.169311,3.5096245,3.139586,104.52797,1.4815041,0.017925622,0.0020369065,0.24809955,2.8177986,0.016374318,0.06350871,0.013652589
1.2402636,0.0002663842,4.2163277,0.12974714,6.896195,1.2772242,38.04877,6.22911e-05,10.0850725,2.3304262,1.8157203,82.57971,0.9516798,0.028818373,0.0028104142,0.17572758,2.139592,0.017038137,0.08815341,0.013287891
1.3314648,0.00026172862,4.342836,0.06281921,10.494927,1.7931883,57.065887,7.342282e-05,9.333583,3.974854,3.3652966,93.141556,1.7034754,0.015994722,0.0026975814,0.23825984,2.7798316,0.013524636,0.058996364,0.013141522
1.1142818,0.00032301815,5.1423416,0.08509229,8.232807,1.9282795,41.146564,6.4727465e-05,12.15293,4.2287793,3.985741,109.152794,2.07285,0.01992671,0.0036704608,0.21453828,4.2834973,0.015188999,0.0375663,0.011789059
1.4234091,0.00015369087,3.3568091,0.07684956,6.8612394,0.95349836,33.854942,3.462721e-05,9.733963,1.9470481,3.5982704,72.747444,0.5905229,0.023550078,0.001655651,0.06048696,2.205856,0.0068246904,0.049031664,0.008350504
1.1862072,0.00020944989,3.398398,0.1261097,5.3425236,0.85969675,22.994354,4.2186024e-05,14.810531,1.9595175,2.7283847,71.32027,0.98427737,0.023710398,0.0010410337,0.084816635,1.7816175,0.0116654355,0.036801476,0.0071378215
1.6448408,0.0002715166,3.2377005,0.15078805,6.732635,0.8943029,15.07288,5.1849987e-05,11.561832,1.6376605,2.6959734,68.56578,0.59315366,0.03779112,0.00070167694,0.15436435,1.7302914,0.014322371,0.06888759,0.011098598
1.0197362,0.00014198324,2.1458428,0.043022014,5.0856576,1.0168724,18.469185,3.728675e-05,6.424313,2.1470234,4.259759,39.489285,0.9523236,0.008410878,0.0013491492,0.08817555,1.3093826,0.008625178,0.04992102,0.006144447
0.997947,6.1706196e-05,2.1200187,0.045747645,3.7124012,2.3343554,15.075285,2.5281475e-05,10.279861,3.6053643,1.1317446,44.50222,1.3344464,0.003736531,0.001260228,0.102912776,1.1489288,0.012417653,0.09736169,0.009591442
0.9599769,0.0001571041,2.2928896,0.020871034,5.9005246,1.00084,26.281172,4.5749028e-05,12.180119,1.5869961,3.5672016,50.759804,0.5807384,0.010947845,0.0010669151,0.10305902,1.1886896,0.015611576,0.08676325,0.008343557
1.1731851,0.00016635489,1.9142431,0.050663203,6.5600824,0.93500483,29.526957,3.233408e-05,8.964968,1.4624734,4.3083196,45.247852,0.46192104,0.011356658,0.00059711665,0.100702584,0.73395926,0.009571734,0.06834864,0.009391115
1.0120288,0.0001417071,2.3687224,0.042512827,6.7317295,1.48018,26.506964,4.6120807e-05,16.10949,2.7458107,3.099316,57.772312,1.380398,0.008375789,0.0015919985,0.10800908,1.2986323,0.015944498,0.10200128,0.010140081
1.0944942,0.00018081717,2.0325048,0.051731,5.8743443,0.77799946,21.336946,4.0489944e-05,6.546851,1.611385,4.9347363,36.96189,0.7938156,0.008864856,0.0015146051,0.10094331,1.4934816,0.009248729,0.0473772,0.007101515
1.0130304,3.4540757e-05,2.1623282,0.006305742,6.552055,1.7450899,22.221964,2.9610526e-05,8.413458,2.6113815,3.0530624,42.023712,0.90269285,0.0021349296,0.00039169576,0.10703716,0.6110972,0.009507993,0.11825681,0.00895178
1.0153563,9.7231445e-05,2.289995,0.02284723,5.8860836,1.5893694,23.533262,3.241902e-05,7.65741,2.9830356,2.0103028,50.70261,1.1362348,0.00870516,0.0007786585,0.094113596,0.9636191,0.006926335,0.09923481,0.0076397294
0.9773098,0.00011056369,1.8694144,0.002545998,6.96359,1.9243205,27.99763,3.3951004e-05,8.364721,3.0760734,2.6937997,45.232624,1.0732789,0.0027999252,0.0007683236,0.11962819,0.7973929,0.007995357,0.09817179,0.0071527865
1.0241605,0.00024749633,2.9152422,0.033278614,5.335112,1.7478346,21.164454,4.466952e-05,11.5016365,3.1524563,4.0977116,69.16264,1.2520249,0.0062852846,0.0011390648,0.08470519,1.415842,0.008670652,0.078449115,0.0042750943
1.135488,0.00022657437,2.6560838,0.05911646,8.8583975,1.2936677,38.733078,5.232467e-05,12.300581,2.6490688,0.9117377,53.658276,1.3740156,0.015671454,0.00053593604,0.18548867,1.2899566,0.015412651,0.118034005,0.010768874
0.9137117,1.6604881e-05,1.2019534,0.009155329,5.317435,1.5622857,21.848257,2.6160104e-05,7.6103334,2.176526,2.9327137,27.807182,0.7134668,-0.0015162145,0.00044750582,0.08693377,0.4432857,0.011861054,0.104788296,0.00905109
1.5221416,0.00017795512,3.3672783,0.079741664,8.840388,0.97354174,44.980503,4.110417e-05,9.028165,1.5306354,0.9410426,69.796326,0.5643956,0.019877192,0.00060424826,0.19721739,1.2314926,0.013257007,0.09411163,0.015077772
0.9443814,0.000225482,2.8785481,0.060309045,6.7340965,2.672463,27.339922,5.1736453e-05,16.412712,4.5110993,0.63565826,85.685745,2.1413023,0.011857458,0.0020881605,0.18110052,1.5030742,0.016080938,0.095207766,0.013203702
1.5723469,0.00018306798,4.054585,0.06537816,9.609379,1.1129017,44.06277,3.8584538e-05,12.9947,2.1053596,1.3394617,77.57697,1.0043315,0.019038472,0.0004917831,0.17145106,1.9220374,0.014964091,0.08224325,0.009817935
1.4689763,0.00023365287,4.625612,0.095170744,9.991495,1.9475852,32.725815,6.3761916e-05,30.385424,4.088001,2.3913546,95.618576,1.8735698,0.023202227,0.0012859227,0.21834241,1.8416163,0.015046266,0.12789473,0.01047009
1.2862973,0.00018801085,4.279899,0.13305649,8.260624,1.738092,44.934296,6.349985e-05,15.2579365,1.7258481,0.47397766,85.826935,0.8832679,0.024032734,0.0022874456,0.15522099,1.327953,0.017376406,0.1668985,0.014570003
1.171764,5.35033e-05,1.0847613,0.040202994,12.95983,0.49440905,49.353462,2.6718937e-05,10.97846,0.60409397,1.5195867,27.342596,0.28396633,0.012593879,0.0006704573,0.037082586,0.14254788,0.00727011,0.08664015,0.01018825
1.2121063,0.00023197308,3.8101401,0.12874097,9.851317,1.5298076,53.156887,5.0456983e-05,20.72271,2.777947,0.45075166,84.53458,1.6052861,0.025991213,0.0026582305,0.14216205,1.3764495,0.01673315,0.15936865,0.0155356005
1.231424,0.00023434003,3.8253593,0.1410203,9.75363,1.3456062,53.63248,5.1348008e-05,23.375023,2.4539554,1.5213437,81.68113,1.2543092,0.024375597,0.0020807432,0.14883022,1.4218155,0.018970067,0.16396265,0.016968796
1.7321067,0.000109735054,1.8639958,0.07767705,11.882175,0.55358505,53.809338,3.062429e-05,6.0848875,0.5566314,1.6484,40.07827,0.23442404,0.015649652,0.00080984004,0.08541919,0.7341336,0.009575634,0.065093346,0.010019212
1.6942608,0.00012447362,2.7789419,0.072364405,10.509625,0.77241206,49.053585,3.0275432e-05,5.285684,0.98307234,0.8510316,55.864597,0.44234648,0.017895713,0.0015716424,0.095753536,1.3293437,0.0125611015,0.058711164,0.010848907
1.3608373,0.00028040676,4.44675,0.066750094,5.938308,1.7991577,16.51165,4.250098e-05,17.077831,3.725109,3.5258837,79.253075,1.7383089,0.017327895,0.0014737269,0.123736255,2.1908884,0.011107646,0.050841726,0.007193061
1.1623448,0.0002713378,2.870822,0.032319285,9.345478,1.8301436,39.69191,4.8105187e-05,11.988295,3.9311395,4.2221727,57.126743,1.6912912,0.0090174675,0.0014260503,0.14425437,1.6603911,0.011909843,0.095950395,0.008659811
1.6824042,0.00010513769,2.7260752,0.059959777,9.486428,0.94615066,40.632988,4.052202e-05,8.231922,1.2967669,1.1115081,55.969597,0.49518242,0.020123534,0.0002825317,0.19109944,0.7935463,0.0133575415,0.09473844,0.01448613
1.4854344,0.00012743166,3.3020015,0.05454113,8.499901,1.1210908,40.963703,3.2595537e-05,11.4634695,2.4427083,0.6679577,72.453156,0.92042094,0.019185573,0.0007372496,0.13691516,0.8026428,0.009086002,0.110131405,0.010951902
1.7757986,9.0077665e-05,2.7226396,0.081047684,6.581407,1.611625,32.900883,2.8577939e-05,15.881167,2.454603,0.5195577,52.725773,0.9217704,0.017319974,-0.00044470286,0.1428967,0.8640331,0.011520375,0.17051725,0.014126668
1.051878,0.0004245154,3.0835836,0.12977287,4.98323,1.0941685,20.739092,5.2576746e-05,13.358761,2.5302894,3.957622,65.56955,1.2106918,0.031657055,0.0016101664,0.09761756,2.0006073,0.012594706,0.091301166,0.005730415
1.6157491,0.00010778346,2.3838508,0.06795023,9.872752,0.7221723,51.628365,2.6196514e-05,6.148667,0.9773549,1.0326992,46.041252,0.35946754,0.0178052,0.0011987168,0.097884245,1.2271652,0.0119160125,0.060990013,0.010817521
1.6635376,0.00014947534,3.0763106,0.07416045,9.127239,0.83464336,48.377586,2.9319775e-05,5.4829297,1.1922438,0.96398026,59.51035,0.456336,0.020803107,0.0013647252,0.09047205,1.5561464,0.012743179,0.06508569,0.010482133
0.9557476,0.00025715106,4.69418,0.016100055,7.579925,1.8924899,40.361736,5.931607e-05,14.918322,3.656903,2.9750485,99.53413,1.5258198,0.013334272,0.0012329925,0.14109379,2.5465772,0.008176105,0.06499086,0.002624668
1.4206554,0.00014623722,4.672476,0.069414616,5.580729,2.5694394,25.473726,4.8125363e-05,14.167677,4.39553,1.8777877,91.072586,1.7562342,0.014014235,0.000753495,0.12730733,2.3249,0.008179355,0.08869042,0.007091906
1.3148009,7.236542e-05,1.975727,0.053665455,11.207386,0.79233474,57.16414,2.4916908e-05,12.82506,1.3215872,1.0805568,40.35917,0.5970286,0.012580938,0.0010595518,0.11699415,1.0119948,0.010422665,0.07077424,0.011591832
1.4506266,0.0003849001,9.654528,0.05354193,8.03562,2.244459,22.455603,7.891546e-05,23.264803,3.6052966,4.7131925,167.08876,1.4867288,0.02620891,0.0014212545,0.20919147,4.472032,0.015506888,0.064639166,0.008913008
1.2064568,0.00014654548,2.6464498,0.039646864,7.8674593,1.7490859,33.61822,4.776303e-05,10.345003,3.3338604,2.781342,51.773544,1.2402686,0.010376346,0.0005425325,0.15670104,1.3325534,0.011809101,0.100282475,0.009759736
1.6077129,0.00018814843,2.4046364,0.088563696,9.837384,0.69377077,39.61377,3.6882386e-05,10.082835,1.1847302,2.6579447,44.68785,0.6221419,0.019095961,0.0006079858,0.1268168,1.1079787,0.012127278,0.06919607,0.010654386
1.2893027,0.00025424483,2.5558548,0.07135761,5.6811514,1.4275184,22.39207,3.4941233e-05,20.15838,2.7132456,3.172523,56.37557,1.1505529,0.016940176,0.0008016594,0.086785145,1.4742835,0.008355881,0.10532946,0.0053102225
1.1990288,0.0001477769,3.240868,0.063474074,7.573758,2.1028001,41.90342,5.2190615e-05,14.053264,3.8016818,1.6609205,68.3841,1.7975596,0.020701256,0.0017555724,0.18676098,1.8154826,0.009662347,0.107104406,0.008953284
1.7468326,0.00020690028,4.5290885,0.06555805,6.866852,0.9727755,42.712723,4.0278766e-05,9.752256,1.3601537,1.5597415,83.03437,0.56902844,0.023178918,0.0016597612,0.13917878,2.074901,0.0107870875,0.07982799,0.010331987
1.4276956,0.0007768261,8.285571,0.12906142,9.469166,2.8452008,43.749256,8.096556e-05,0.42060447,5.647151,3.214117,171.36183,2.2164214,0.043340076,0.0028734836,0.32857525,3.5714898,0.01903988,0.069344506,0.014205235
1.722422,9.69859e-05,1.7610949,0.05078779,11.096535,0.49556604,48.301483,2.6366954e-05,10.398562,0.75209576,2.12119,38.28734,0.4062393,0.016185671,0.0007925548,0.08573515,0.50896925,0.0069467644,0.099197246,0.009859752
1.1993139,0.00047975147,3.9623606,0.14080144,6.0982966,1.2148471,31.456694,7.4237956e-05,13.399991,2.0398219,3.786562,79.559586,0.9784867,0.023684694,0.0018847984,0.21769446,2.1095617,0.009049521,0.054964177,0.008395215
1.2382575,0.00026440306,2.0136628,0.15796871,7.0846643,0.68318987,32.4033,4.2013544e-05,17.391169,1.042344,2.5325887,47.786564,0.72748446,0.017603952,0.0006492088,0.11437736,1.0750716,0.009712426,0.10777544,0.0070486977
1.2994603,0.00048329902,9.136256,0.09015634,8.694748,3.372955,35.53531,8.053263e-05,26.106989,7.6532893,2.8752801,200.10649,3.6018574,0.025871223,0.0022182649,0.43149582,2.820609,0.030876964,0.1871982,0.023374485
1.413762,0.00025255402,5.170354,0.09416031,9.903929,1.3190634,46.52509,5.160851e-05,12.877305,1.7594386,1.089822,99.49163,1.3572763,0.028802406,0.0026132457,0.13637407,2.4714792,0.017149473,0.113427065,0.016760219
1.5529672,8.810649e-05,1.9706322,0.071718216,10.148641,0.65116245,55.59493,2.2882821e-05,6.029265,0.90137315,1.247025,38.9835,0.31506258,0.016270794,0.0011683782,0.08759849,1.0226383,0.011054675,0.058228385,0.010559519
0.96383333,0.00032215533,2.6785498,0.10562799,7.661871,1.511983,43.156113,4.6978348e-05,28.80892,3.2113125,5.022118,61.02329,1.629679,0.013185582,0.0018351133,0.10855724,1.884352,0.0064385836,0.048443787,0.005653189
1.264396,0.00024380654,4.2191114,0.07699337,8.90108,1.1548692,44.65418,4.241972e-05,10.396975,3.7288494,3.2763124,80.59392,2.1846426,0.018250993,0.0026130732,0.17114563,2.30934,0.008488507,0.042079866,0.008364998
1.2621772,0.0002615222,5.0061245,0.041412193,9.020605,1.3576323,44.94134,4.82791e-05,10.680551,3.358566,3.229116,92.7362,2.0865076,0.018878002,0.0031232955,0.1802882,2.4628983,0.010230111,0.043493737,0.010099916
1.2080327,0.0004414374,12.152711,0.12734324,10.314583,3.6021714,48.20641,7.7388184e-05,28.437658,9.779928,2.9651594,213.16118,5.3802714,0.024179412,0.0049028983,0.27308354,6.133417,0.022102814,0.1299344,0.019427948
1.3737383,0.0002299893,4.697826,0.06723905,10.806678,1.6257398,58.922607,4.814676e-05,9.999237,4.0520124,4.8937144,91.460495,1.8492942,0.015759991,0.0014376859,0.19774815,2.626308,0.012919048,0.06790137,0.009629586
1.1528707,0.00037971346,11.464639,0.08601579,9.696258,3.6864066,52.058643,8.1059756e-05,22.8732,8.301657,3.5340598,196.04105,4.4960923,0.017404942,0.005669099,0.26207164,6.113047,0.027327184,0.11082631,0.015128823
1.2648124,0.00023526921,3.9229827,0.06309193,7.9937835,1.3582898,43.806664,4.271813e-05,8.003437,3.667568,3.3439116,76.57707,1.873063,0.0096699605,0.0019668296,0.1583416,1.5317943,0.0129339155,0.07514613,0.01150807
1.2976726,0.00044128345,4.472948,0.052511733,7.7275577,1.3588849,40.192352,6.190498e-05,9.797342,2.9768097,4.533097,84.98047,1.4669218,0.01664645,0.0009723101,0.20409463,1.995469,0.009626832,0.07663126,0.00741386
1.3896474,0.000362534,4.2459326,0.07969266,10.141342,1.3039055,55.054165,6.762823e-05,9.083682,2.5920122,4.158904,77.7302,1.019875,0.027366174,0.0025310935,0.21165943,2.390022,0.005012762,0.04115234,0.007566011
1.2723442,0.00043706872,5.154135,0.062096547,8.304536,2.38305,45.54772,7.4935175e-05,10.163102,4.8547807,3.661514,96.14172,2.7146673,0.022454021,0.0018203894,0.24663338,1.9922405,0.0075492873,0.09914037,0.010096176
1.2705499,0.00022076655,3.2259037,0.039831813,9.443117,0.9790459,46.303577,4.5036766e-05,9.761372,1.8155046,2.6731226,61.929924,0.895736,0.01974989,0.0021542965,0.15056357,1.5713509,0.0057927384,0.047843944,0.007101276
1.3224902,0.0005831824,6.407956,0.02568601,13.549261,2.41902,60.883812,0.00011036877,13.69204,4.882702,3.9730325,112.32944,2.590266,0.01218566,0.002676112,0.31445685,2.9303195,0.008710034,0.1180089,0.01050115
1.290731,0.0005213188,6.4335356,0.093626395,9.710831,3.017475,53.210724,7.779741e-05,12.282568,6.3300633,3.2249913,118.04897,3.3327353,0.024372663,0.00220577,0.26865014,2.3034136,0.011123427,0.10920857,0.011343472
1.2266082,0.00039612936,4.3354597,0.0697411,9.687679,1.5077521,54.13694,8.612248e-05,5.9872007,2.7438176,4.418339,83.65615,0.8381771,0.032051466,0.002743078,0.24521536,2.7128725,0.0033916284,0.05551291,0.009789083
1.3550731,0.00045792706,4.824095,0.06630712,7.541325,1.8253441,36.126072,7.6018114e-05,9.451532,2.7164764,4.2982116,95.661865,0.856362,0.016960058,0.00062033755,0.21862088,1.3853801,0.010283053,0.15143403,0.008760437
1.4449439,0.0002916848,3.559796,0.09491005,11.557369,0.93539417,66.01035,5.74513e-05,8.8342495,2.6477795,3.8333893,66.87053,1.1864686,0.019646734,0.001971129,0.21179758,1.75572,0.010660328,0.07071996,0.011151457
1.2072531,0.0003780669,4.6790123,0.06092409,8.210056,1.466788,40.992874,6.5507e-05,9.483727,3.0905597,3.8043017,84.715546,1.7102816,0.020811124,0.0022413235,0.20920192,2.1604075,0.010444113,0.06589665,0.010966185
1.483228,0.0003098977,3.2603061,0.11128548,7.8540683,0.9121584,45.76385,4.847278e-05,13.108621,1.5029395,3.6638057,71.93585,0.43814346,0.021708041,0.0006536038,0.14534596,1.1139005,0.009639621,0.0849023,0.010453717
1.2329572,0.00033906757,5.1081786,0.025092354,9.339933,2.0053725,47.993095,5.72828e-05,10.462257,4.040369,2.9412997,94.21007,2.1691804,0.02506104,0.0028871354,0.17959982,2.203355,0.008591011,0.05511858,0.010058851
1.6089672,0.0003993976,3.901615,0.09703279,10.386375,1.1496624,52.64374,4.6280114e-05,11.660955,2.6484704,4.3545384,72.460724,1.196809,0.017538669,0.0010008116,0.19789164,1.5060009,0.011854061,0.042967692,0.011427257
1.2839081,0.00030335053,4.2428217,0.052331116,9.296032,1.3831841,51.084232,6.154616e-05,8.806576,3.0532162,4.115946,77.06524,1.6767764,0.01100708,0.002141282,0.17383146,1.8456285,0.0077169104,0.05467388,0.008358189
1.2548534,0.00035584942,4.4482327,0.08950485,10.227586,1.1367254,55.502712,5.4326767e-05,11.264276,3.318667,3.1236284,87.27233,1.8702055,0.023028098,0.0027469967,0.15206489,2.3499749,0.0038564787,0.058316275,0.006635624
1.3393714,0.0002744126,3.7710526,0.1310087,7.5097723,1.1787232,38.974407,6.150018e-05,11.422921,3.0927868,3.424716,70.812904,1.7304496,0.018836228,0.0022916694,0.15480085,1.8572183,0.0058425204,0.06544927,0.008634359
1.3085968,0.00031355993,3.5676684,0.089280844,10.962578,1.0355849,60.43528,5.8964055e-05,8.269409,2.4699786,3.5989301,67.87038,1.1317254,0.020737462,0.0017690836,0.18948504,1.5421102,0.009047958,0.083641596,0.009867414
1.2011507,0.00048116472,5.927772,0.08365487,8.23842,2.0085468,40.59967,8.526309e-05,6.7282343,4.1797414,4.3542013,107.53555,2.3380935,0.025791842,0.0030772148,0.22787991,2.3099332,0.005068027,0.062047873,0.009215076
1.1731089,0.000524186,14.985937,0.12770489,11.520623,6.53176,48.15545,9.011189e-05,40.58907,16.8437,3.3922997,266.16794,9.175954,0.033796646,0.004266138,0.25978446,6.220742,0.023389006,0.09884993,0.012163591
1.2191463,0.00034342153,13.088975,0.07870413,14.684082,3.324953,54.22059,8.5731364e-05,34.774586,9.888666,2.826129,231.75381,5.7975197,0.026583958,0.007319199,0.33125505,6.6899776,0.025328627,0.12963717,0.02424521
1.306326,0.00048785133,11.824502,0.1283842,15.282892,4.17579,50.122166,7.638324e-05,49.96889,10.571213,3.2922628,224.97325,5.1407237,0.022870796,0.00283083,0.3319782,4.7151985,0.031797912,0.16635257,0.017277468
1.1719881,0.00049866724,13.014427,0.06858835,13.414056,6.081173,41.397934,0.00011316524,23.730705,11.766249,3.7140644,246.12665,6.2567096,0.022825114,0.0052361633,0.30662856,5.147168,0.02108492,0.15176015,0.022390852
1.2173065,0.00027218374,5.924804,0.085498616,11.377393,1.9532923,58.378086,6.825943e-05,11.460867,5.8153563,2.0181527,109.45576,3.696053,0.02797937,0.0066238707,0.24328105,2.693619,0.013016669,0.09268541,0.016631117
1.2999064,0.00038089202,4.947547,0.050783493,11.086168,1.786822,64.57294,8.304601e-05,9.987833,3.7884555,3.908603,95.14971,2.1165552,0.01256597,0.0025302886,0.27263892,2.534869,0.01381033,0.1059274,0.015012262
1.2721708,0.00030546173,4.729411,0.07811684,11.042206,1.4550568,56.424694,7.148073e-05,10.971006,2.9240344,4.072805,87.06143,1.3053689,0.03367463,0.0035408793,0.23457699,3.101378,0.0030880722,0.011459527,0.0054371664
1.2022004,0.0003228107,7.4546566,0.09674597,8.456222,2.445741,39.357567,6.3841566e-05,9.628503,7.1787863,2.5492935,126.58964,4.708556,0.02037823,0.0060104225,0.22662647,3.8988392,0.006243539,0.08454881,0.013609102
1.2111207,0.0004749211,6.889251,0.047708064,8.176858,2.144045,43.100246,9.251246e-05,9.578853,4.584201,4.346035,126.28851,2.8920338,0.031665105,0.0033182902,0.24762653,3.652712,0.0059063537,0.053279098,0.0074317656
1.1948977,0.00036674103,6.3481936,0.03967793,7.8510942,1.9320594,38.63626,7.412246e-05,9.021147,4.444475,3.8101428,114.748436,2.9325006,0.02542511,0.0030350038,0.19348979,3.2959273,0.007458141,0.047202356,0.0080498615
1.0854872,0.0003545592,6.268635,0.039388627,8.013386,2.518605,34.669376,7.052224e-05,9.500162,4.808428,3.1160562,112.78076,2.8283708,0.02229607,0.004705722,0.20025949,2.9248083,0.0043916777,0.04904091,0.008525871
1.1525676,0.0006471693,11.992111,0.05869134,7.7547736,7.1592364,33.10169,0.00011926776,25.92051,15.958037,4.936847,223.8394,7.011636,0.007925102,0.0019973796,0.2961812,4.492968,0.02280503,0.11650914,0.013272086
1.2231219,0.00043395217,7.1136284,0.08179047,8.984035,2.8357933,42.54337,7.975874e-05,11.79006,5.3052645,2.5518196,131.91159,2.9626517,0.019973278,0.0035385897,0.2437745,3.0627513,0.010172774,0.14305851,0.013122569
1.1368587,0.00037381027,6.61924,0.0942883,7.4074163,1.7855346,30.58681,7.5585354e-05,11.672134,4.8328724,3.1639974,122.49637,3.2945726,0.035667334,0.0040799812,0.1947188,4.006469,0.009893383,0.061596192,0.008352029
1.1542864,0.00035077758,5.4045267,0.050103437,6.5473814,2.3255222,20.299868,6.275394e-05,8.939263,5.934099,5.0860105,97.10642,2.8902948,0.009627907,0.0012297124,0.12032236,1.8861672,0.007982848,0.07852622,0.0077627692
1.181651,0.00014957383,3.1643093,0.031499624,5.6000896,1.1738147,26.295403,4.3115153e-05,6.3799415,1.9402068,3.6562955,62.915314,0.7471029,0.007413357,0.0005627195,0.14682876,0.9372524,0.0074409326,0.06684475,0.0075589507
1.2164053,0.00035183577,8.478987,0.12338752,8.245366,2.8684433,40.302162,6.299578e-05,10.99663,9.468713,2.4123237,144.10571,6.1675224,0.02104463,0.0055800276,0.22318912,4.737874,0.00808094,0.08523563,0.013651859
1.1982867,0.00048933923,7.1610603,0.106860414,8.037538,2.9061518,41.14726,5.897047e-05,14.178692,6.4451227,3.2945678,130.73427,3.8908825,0.025519539,0.0032112738,0.20688765,3.9577558,0.016378444,0.06579636,0.010451387
1.241686,0.00041276406,6.240147,0.109166175,9.727036,1.6549231,44.551506,6.715505e-05,21.109722,3.3165214,4.018676,107.800064,2.562277,0.024730256,0.003806566,0.15947472,4.314015,0.00838469,0.050180916,0.0065537062
1.2227224,0.00034747718,6.385573,0.05955797,10.846353,2.272238,34.002674,7.5985845e-05,13.668537,4.2707176,3.0887015,121.004776,2.493184,0.028148105,0.0024384314,0.23330069,2.4925416,0.01308177,0.1006049,0.01245567
1.3265705,0.00052814593,10.790005,0.1894629,17.89999,3.4288955,47.748867,9.0681824e-05,31.278856,7.826591,2.8583255,203.96606,5.234996,0.037945844,0.0038850596,0.29223058,4.4214635,0.018161291,0.13458428,0.019721689
1.2282623,0.00060492236,6.5248227,0.14275943,8.32827,2.0334327,41.684628,7.448238e-05,11.979525,5.3867893,3.8031154,124.514305,3.6017995,0.032694988,0.0022105654,0.19006927,2.7961667,0.007488704,0.13644509,0.0070152665
1.1932707,0.00041648658,5.468953,0.19092605,7.2365756,1.6349239,33.150692,7.7298355e-05,13.391623,2.787986,2.6610758,103.1369,2.5491774,0.04655843,0.0023439338,0.18015483,2.2957575,0.014577768,0.1409077,0.01362536
1.1467727,0.00037034517,17.17143,0.09025475,7.2411165,4.507397,34.17164,0.00011788525,32.853733,9.59688,3.425597,314.8079,5.467934,0.021783607,0.00471279,0.3804417,8.570071,0.023320725,0.12535562,0.014169714
1.4449092,0.00032894601,4.1932983,0.10309883,7.601846,1.2623967,42.38576,6.592652e-05,7.998115,2.8428404,3.422214,81.106316,1.5558757,0.02186829,0.0018661476,0.22675747,2.1490839,0.010668963,0.061541237,0.010088867
1.3839521,0.00041256324,4.4213185,0.07710373,6.5967383,1.3595551,29.115255,6.245842e-05,10.334169,2.1746674,3.5880148,87.693016,0.89498365,0.021364601,0.0011237728,0.15779112,1.6797698,0.008211349,0.05838429,0.007531606
1.2196747,0.00034518127,5.080649,0.088414475,9.270551,1.2318298,57.069492,6.7741756e-05,8.909648,3.537667,3.2286024,108.93514,2.4646354,0.013704532,0.0026875054,0.25475088,2.9383855,0.011560325,0.051604815,0.010333927
1.2534534,0.0003030865,4.436943,0.036817335,11.740762,1.4676682,47.8462,7.743492e-05,9.375136,3.1297789,3.647162,82.902054,1.90018,0.01577394,0.0016759714,0.29421824,2.3373008,0.016277598,0.06488542,0.013292218
1.1340209,0.00027046457,4.086808,0.02895477,7.650754,1.5810001,26.62266,6.7718145e-05,12.054766,3.0398917,3.4128897,87.98385,1.5546634,0.011905524,0.0016985544,0.17240109,2.143947,0.006729772,0.08219351,0.005434987
1.3629562,0.00033004608,5.1242995,0.05374567,7.6928773,1.287216,39.672413,5.8305042e-05,9.43892,3.004557,3.3511276,100.48085,1.5522298,0.02047956,0.0023733699,0.20925094,2.7450843,0.009535341,0.039084315,0.008321472
1.31347,0.0003812265,4.2440567,0.042100694,7.3718767,1.2993401,41.3267,6.354632e-05,9.0087185,2.1353743,3.1363182,84.46484,0.9274336,0.025611823,0.0017164907,0.17742829,2.4016552,0.0046644313,0.042444192,0.0055447374
1.321657,0.00048744958,5.9691286,0.093653016,10.710719,1.7847979,49.09472,9.634764e-05,17.247826,2.966932,3.2956538,112.052444,2.0641987,0.028169427,0.0020768505,0.29018828,2.405518,0.014552444,0.103323475,0.01418878
1.42809,0.0002666338,3.4454303,0.12193151,7.2473216,1.0898727,39.5309,4.9509996e-05,8.014183,2.5639386,3.3595474,66.129005,1.3453717,0.017754044,0.0011557771,0.1700595,1.5305178,0.012118942,0.06976195,0.009897246
1.3523475,0.0003623589,3.9811938,0.115138195,8.862567,0.9970027,46.851326,6.429495e-05,10.136487,1.6521238,3.5293999,76.235146,0.8790287,0.023325833,0.0010434788,0.22000073,2.017972,0.011512572,0.10375571,0.00856538
1.1734947,0.00043048942,5.512577,0.06245894,10.649014,2.0292509,46.90663,8.382554e-05,12.033148,4.755364,3.382715,106.67445,3.515397,0.014640781,0.0032501416,0.32196912,2.2599447,0.01373068,0.07525171,0.015358534
1.3727005,0.00029374767,3.9371092,0.050923385,6.7429013,1.0791075,39.817005,4.8728358e-05,6.646877,2.050759,3.1277075,75.04024,1.0595338,0.01858201,0.0019715978,0.16319458,2.1735926,0.004776544,0.0269045,0.005083591
1.3289572,0.0003507729,4.3528447,0.08399571,8.439639,1.4387282,46.95406,7.170706e-05,8.101151,2.884638,3.4232101,83.204994,1.5279937,0.019922344,0.0020980819,0.24238956,1.9211688,0.012763429,0.07882489,0.012688884
1.3516202,0.00025434824,4.4006896,0.08382435,8.051845,1.0989727,39.090797,5.9224978e-05,8.706805,2.769285,2.839193,82.70304,1.5320889,0.019142684,0.0023376292,0.21730551,2.549579,0.012978602,0.065245606,0.010799242
1.3164197,0.00027128222,2.9647796,0.13925423,7.1081243,1.5102937,36.94823,4.583374e-05,9.654689,2.6007576,2.355288,68.60525,1.1101378,0.019215142,0.0015579165,0.1253698,0.9979344,0.007086608,0.08290489,0.008573875
1.9848549,0.00033281403,2.4434702,0.11261424,10.175174,0.5216994,55.26224,5.2276686e-05,10.811343,1.1182663,4.2772956,51.42638,0.50576204,0.016799964,0.00026562548,0.15341082,1.0679622,0.0077406527,0.059063017,0.007919953
1.4483345,0.0003606669,3.3260753,0.08462411,9.27502,0.84428495,54.357605,5.980602e-05,10.806907,1.833266,3.6469455,67.240166,0.86081463,0.016092155,0.001022325,0.17977865,1.6575928,0.0067925416,0.056439422,0.007294926
1.2717794,0.0004326119,5.4071703,0.08912277,11.518791,2.1171618,64.15467,7.425454e-05,11.045681,5.630103,3.5921288,108.032906,3.0408175,0.0144520225,0.002573591,0.27235648,2.276449,0.013055946,0.074876025,0.012503863
1.3366725,0.00020306939,3.7865703,0.046229746,10.504981,1.2275993,58.191517,6.394089e-05,14.062565,2.890714,3.4143116,79.32717,1.1802642,0.012336028,0.0019588792,0.17931575,1.8918289,0.007900197,0.09394074,0.008000416
1.569463,0.0003066279,2.9343781,0.17716725,8.158331,0.7989132,34.47211,6.209957e-05,9.659342,1.6137421,3.2759328,60.164806,0.9287836,0.023879755,0.0014080295,0.19468614,1.571816,0.012212782,0.088825636,0.011926152
1.5072813,0.00036659298,3.204691,0.15247498,6.346235,1.3288193,30.964405,5.4528617e-05,9.3696995,1.8562818,2.9227347,65.86909,0.60598814,0.026824104,0.0009184606,0.15581161,1.3071411,0.009584883,0.08977145,0.00804571
1.161929,0.00045716058,11.225976,0.09154156,11.207198,3.7388616,40.423756,9.1970025e-05,23.221106,8.694071,3.4680307,203.26433,4.304099,0.023077738,0.003957067,0.2239609,6.0374284,0.016781665,0.080290675,0.012328438
1.3543648,0.0002365402,4.2390475,0.04133412,6.534578,2.435503,28.942764,4.4334687e-05,8.284967,4.258413,3.1476114,94.11278,1.284971,0.013946178,0.00045116994,0.09862299,0.9706013,0.008266186,0.16497418,0.006298331
1.2038512,0.00010663176,3.0659285,0.044948738,6.050207,1.7933097,27.70182,2.6116732e-05,10.639463,3.676765,3.8008125,66.7949,1.1546346,0.015816621,0.00024239584,0.06827662,0.7432023,0.0061903545,0.07165346,0.0052531343
1.1940084,0.00021342469,4.1005883,0.014155389,6.4847984,2.8174381,30.701817,3.82348e-05,9.036905,4.379381,2.3128953,94.265114,1.5494983,0.011136552,0.0013140079,0.10155717,0.9305431,0.0062787915,0.10406109,0.0047802674
1.2695727,0.00015101288,3.44673,0.006723164,6.217187,2.4869053,29.86452,3.32031e-05,11.597266,4.8236785,3.7971141,78.28169,1.4297236,0.0060412185,0.00038059513,0.09269215,0.8218596,0.005267155,0.11022052,0.0040762783
1.2496984,0.00024684664,3.0533996,0.03594082,8.831412,1.4704374,40.491966,3.8702547e-05,11.277461,2.3699832,3.25646,61.30913,0.95220846,0.014032985,0.0008903127,0.12617841,0.8831332,0.0051992643,0.09249945,0.006283555
1.2317364,0.00024161767,3.3549798,0.033390786,8.360451,1.8437068,40.44521,4.9316302e-05,13.564063,2.9904962,3.391547,86.22038,0.90012085,0.016136536,0.0008260106,0.12515195,0.895443,0.007703961,0.13337441,0.006620633
1.4768845,0.00035612483,3.9247794,0.063459896,7.8289833,1.8566071,33.705524,6.5856344e-05,10.098822,2.7678401,3.578066,86.008606,0.85397327,0.02201227,0.00019059412,0.16850244,0.949311,0.011188608,0.14007378,0.010242044
1.2036558,0.00021578404,3.4513612,0.02161947,7.377274,2.1915236,34.69777,4.4027365e-05,11.484761,3.7947934,3.2042062,75.348495,1.3239828,0.0097682765,0.0009027431,0.13885212,0.6900495,0.006757336,0.12882087,0.0074960277
1.4967343,0.0005442762,4.723759,0.13539474,7.476696,1.4605364,33.138702,7.2304385e-05,15.320206,1.7697638,3.4441109,87.04548,0.28656226,0.04015298,0.0006053768,0.1619822,1.2657822,0.0093122125,0.112505846,0.012744742
1.5263621,0.0004146222,4.058927,0.12680493,6.8384395,1.060529,34.249504,4.478e-05,12.927079,1.740929,3.3161945,80.26621,0.4787411,0.029812595,0.00066609035,0.12652068,1.5383246,0.009027703,0.06056569,0.009096174
1.3126065,0.00011964055,3.6079564,0.0061640535,5.344559,2.6577063,23.816383,3.379412e-05,9.149853,4.571465,4.2634563,79.31394,1.4175206,0.004635665,0.00038994357,0.10865214,0.83651257,0.0073537845,0.12223925,0.0061076437
1.2840972,0.00024769577,3.8143864,0.0204766,7.1136293,2.1576598,32.14909,4.558773e-05,11.497952,3.298398,2.5788352,82.60138,0.8624632,0.013845922,0.0007171397,0.118147455,0.98702526,0.009526434,0.12902059,0.0061281547
1.5678036,0.000496325,3.786465,0.21502039,7.1333003,1.2222569,43.63638,7.085579e-05,7.4544,2.1143332,3.9893734,76.432144,0.6193472,0.02643645,0.0006347492,0.2004063,1.5289962,0.012478768,0.09694332,0.009108823
1.3405561,0.00017401656,3.4000366,-0.0032413804,7.2482142,2.558815,31.731255,3.849743e-05,9.832503,4.3142347,4.0515103,66.190025,1.3713835,0.005104225,0.00041964764,0.11518103,0.46313053,0.006014481,0.14244902,0.007879253
1.3111968,0.00042414814,4.9542713,0.1265463,9.205949,1.4103664,46.46776,7.353048e-05,14.774654,2.6208553,3.454958,98.765945,1.2425959,0.029457113,0.0014854124,0.26953614,2.2259579,0.013423799,0.07870476,0.009167776
1.8207521,0.000405537,4.469177,0.15258747,8.793421,0.80160874,46.271214,8.3805426e-05,10.054438,0.8061986,4.0609117,85.17929,0.2285876,0.02675462,0.00013126606,0.26960462,1.770703,0.017172735,0.1486418,0.014322969
1.3140435,0.00015409492,3.0029612,0.034644958,6.962706,1.6043761,31.652878,3.416445e-05,9.55649,2.7463756,4.2220345,61.618134,0.96676356,0.011555434,0.00022208123,0.10242591,0.70683736,0.006905822,0.07659407,0.00682577
1.2421983,0.0003810209,4.4219437,0.06995581,9.146568,1.7696203,50.01215,7.68889e-05,8.595946,3.769239,3.705003,83.45338,1.9157125,0.016072504,0.0022529266,0.23951828,1.7630228,0.013196403,0.08625189,0.01348499
1.5217286,0.00038296578,4.0345855,0.06969653,7.676087,1.9842458,37.525284,6.1798535e-05,12.507326,2.662746,3.6542752,83.08422,0.7146872,0.020556718,0.00037492992,0.1930885,0.8631058,0.009708868,0.12671617,0.010047773
1.2402388,0.00027880902,3.2298906,0.028121084,7.251763,2.2433693,32.153595,5.018779e-05,15.384672,3.20585,2.6931024,66.6899,0.81370276,0.013706854,0.0010016975,0.12242524,0.5767198,0.007635552,0.12648481,0.008614755
1.4820621,0.0004777493,6.809559,0.138811,7.8824153,2.0944963,47.87432,7.15999e-05,22.453587,3.2588933,4.0134835,118.56446,1.1321446,0.02258911,0.0011651351,0.19379795,2.3311665,0.01688233,0.17232013,0.012130416
1.3442994,0.00019607431,3.9351962,0.047636528,6.0023317,2.2268806,27.78398,4.2540625e-05,13.711437,3.1510556,1.8555999,82.06712,0.78637236,0.016472982,0.0003317641,0.12516116,0.7225553,0.009488279,0.14990413,0.009947133
1.3374563,0.00013338549,4.0158057,0.012383767,6.1800537,2.5783925,27.765429,3.819098e-05,9.577911,3.9415178,2.5804904,89.28113,1.3002928,0.011832196,0.0007931235,0.11417047,0.9605649,0.0076982463,0.13658918,0.0076686074
1.2876695,0.00014176474,3.26684,0.008102932,6.3692226,2.2182667,29.195383,3.1631662e-05,9.766967,4.46197,3.0730596,72.144424,1.3349086,0.008121302,0.0004502069,0.09481624,0.75017846,0.006654069,0.11699116,0.0052727913
1.2913967,0.00013311945,3.2595441,0.043327652,7.6917267,1.4684248,36.39509,3.682365e-05,14.006168,2.0091805,3.6681883,76.3105,0.76714057,0.010023631,-3.212228e-05,0.10664875,0.802207,0.009409006,0.11500414,0.008273027
1.1919209,0.00015832852,2.8492599,0.017912667,7.4008055,1.9506899,35.621147,2.4551191e-05,11.8166895,3.8372774,3.643886,65.734344,1.1923867,0.009699539,0.00033143646,0.07307385,0.7192626,0.0045902217,0.092044465,0.0038110407
1.2555133,0.00047858089,4.381137,0.14569975,10.1074705,1.8438,52.630856,6.988076e-05,10.707677,3.5082827,3.1969051,89.65198,1.4136375,0.031001987,0.0025710098,0.23155285,1.6577102,0.011247004,0.08352125,0.011644078
1.286247,0.00017040702,4.7976017,0.037714027,9.498956,2.0371392,46.186764,5.2048465e-05,9.628604,3.3323796,2.1462495,89.42169,1.2009994,0.01610771,0.0013328866,0.19370887,1.516777,0.012991675,0.13806237,0.013020543
1.4878635,0.00037515996,4.165077,0.11996853,8.205491,1.1576698,38.700394,5.5423356e-05,14.441687,1.8280348,3.024051,84.10892,0.31245175,0.021069448,0.0010312017,0.166746,1.2199581,0.008586358,0.095329344,0.0101738535
1.1852628,0.0004211838,5.406435,0.06367851,7.323108,1.8891858,34.476803,6.758387e-05,10.203845,4.4992733,4.0307755,103.79282,2.18657,0.019079946,0.001916797,0.19416185,2.3764884,0.007862088,0.06654826,0.007726233
1.2991331,0.00017797224,3.4907897,0.05178664,7.2905498,1.4050225,28.048632,4.487665e-05,17.429934,1.7481229,3.0035453,76.47022,0.5404624,0.02518286,0.0005314446,0.1297289,1.2781682,0.011667413,0.14507669,0.008617215
1.2810503,0.00020928807,3.3170729,0.014320085,7.5143085,1.8206073,36.53879,3.6033205e-05,15.642739,3.2608285,2.7124064,70.021774,1.2298249,0.009109425,0.0010616367,0.105361626,0.7669748,0.004981516,0.095513135,0.006030012
1.1665136,0.00024244933,3.6255581,0.09131835,6.070552,1.9608334,23.20172,4.8762347e-05,14.841497,3.0179913,2.8715296,77.2622,0.92512625,0.02801271,0.0009964039,0.0875177,1.1953496,0.00838792,0.13254544,0.0065663536
1.2392833,0.0003236597,4.1082397,0.047535293,8.088557,1.8248793,41.301754,5.1478262e-05,9.827588,3.7777941,3.4593184,80.93455,1.7868809,0.020316867,0.0021001562,0.16328067,1.7603056,0.0070000184,0.060366835,0.0068022753
1.4315742,0.00011784325,2.7671118,0.06936837,8.854755,0.9854538,41.94321,3.6958852e-05,11.530108,1.5144016,1.8118876,56.22492,0.4111082,0.023950733,0.0005549984,0.1022007,1.1927775,0.010563706,0.07359925,0.011128919
1.3105123,0.00030195958,4.497558,0.017815834,9.409944,1.6267862,45.239952,5.8784517e-05,10.469778,2.800183,3.824188,87.71015,1.2382199,0.015210353,0.0022401402,0.19268616,2.0645506,0.0085255,0.050853606,0.008586537
1.2810419,0.0003427946,3.8624344,0.06016917,8.121847,0.9850948,49.14644,7.217724e-05,8.463377,2.475321,4.0434055,74.25172,1.4883103,0.0142559,0.0010961411,0.22739042,2.1928425,0.010238551,0.043947976,0.009399412
1.4251051,0.0003576519,3.6477036,0.08906548,8.965311,1.2145886,45.89215,6.864153e-05,10.515588,2.141003,3.7905715,75.71353,0.9219345,0.024627792,0.0015571199,0.24954762,1.9486777,0.012366502,0.07222961,0.00940289
1.3045483,0.0003042725,3.623109,0.06650802,10.1967125,0.98616505,58.60519,6.591681e-05,9.006126,2.1340394,4.0194807,65.558876,0.92776746,0.016046014,0.0017738566,0.2119783,1.8818163,0.0087261805,0.06247407,0.010257035
1.2789491,0.00028453761,4.037889,0.07722426,10.461261,1.1921879,55.117226,6.283051e-05,9.541486,3.3316247,3.573572,73.490234,1.6578435,0.0132411355,0.0025077742,0.16277598,1.9694169,0.0073158164,0.057870734,0.009304809
1.3411654,0.00043833253,5.9090476,0.041910954,11.184393,1.9082875,62.779827,8.860656e-05,12.773078,4.4880433,3.9749072,114.03979,2.3565776,0.019801192,0.0018806749,0.2583945,2.8285809,0.010024018,0.06656445,0.011814425
1.327629,0.0003894269,3.925877,0.0513207,9.92466,1.2772585,57.75645,6.7476605e-05,11.776786,2.633115,3.9415655,78.07765,1.2945452,0.01817948,0.0015471554,0.19437705,1.949324,0.006713426,0.0532996,0.007028762
1.263504,0.00028813185,3.329178,0.061850283,8.236248,1.2635151,45.797794,6.026751e-05,9.896036,2.3567572,3.3190746,63.71332,1.1454622,0.01665668,0.0019805017,0.16588375,1.9892403,0.0047261687,0.046307027,0.0048658457
1.4179555,0.00038189368,4.2715693,0.09604922,11.154836,1.3040495,57.24026,6.499148e-05,13.309762,2.8998163,3.7394385,82.67074,1.2196163,0.019615492,0.0019761752,0.17374991,2.0671794,0.0074928487,0.07204797,0.008307186
1.2421579,0.0002940462,3.3617883,0.076866046,10.989718,1.132749,63.906776,6.4299704e-05,7.8861423,2.578404,2.9089098,66.36257,1.2092034,0.017677533,0.0026153948,0.23155116,1.510273,0.0071281646,0.06862727,0.010260624
1.1677762,0.0004500725,7.1044755,0.07246705,7.822962,2.3444505,39.759182,5.7458215e-05,10.642754,4.3855634,3.6225739,125.822754,2.5305045,0.02283974,0.00370633,0.20538177,3.445763,0.010506462,0.033270463,0.010670791
1.0931708,0.0003316644,6.03628,0.02310044,7.811265,2.8627574,38.834507,7.492181e-05,9.783878,6.373063,3.8428068,112.473305,3.616913,0.01915906,0.0030900082,0.19439445,3.0553503,0.008193791,0.08821303,0.007925582
1.1743715,0.0003997822,17.939161,0.14339547,12.737728,6.559156,51.136715,0.00011690134,51.523796,17.0725,2.0891337,325.79263,6.318746,0.033569325,0.0054549244,0.3092054,8.99839,0.02856054,0.2019255,0.019186007
1.2791481,0.00038994866,4.8103943,0.05247855,9.491006,1.8233943,48.785934,7.366046e-05,11.018672,3.534296,4.246117,92.04271,2.0261476,0.0148789175,0.001814579,0.18354031,2.2720466,0.005067624,0.052176595,0.0057358765
1.1628926,0.0002266332,4.04223,0.05397469,7.98052,1.4813261,41.70205,5.678735e-05,8.126755,3.4399393,3.6145885,76.6237,1.7961711,0.012756641,0.0023998406,0.17730723,2.0032785,0.009288461,0.0745293,0.007582021
1.2304966,0.0006531564,15.111354,0.10726126,15.8426485,8.482968,47.788666,0.0001246642,23.160189,16.282396,3.8190885,272.77948,7.0290065,0.025443796,0.005185953,0.31697482,5.6712904,0.015708912,0.1271604,0.019289525
1.2511239,0.00035997978,5.4032636,0.06307199,10.193025,1.0574527,35.908325,6.085277e-05,14.231807,2.5024488,3.5249238,93.843254,1.9071337,0.025913978,0.0029389977,0.17925465,3.022589,0.009531775,0.068330124,0.007819364
1.1928071,0.00026515734,4.8289976,0.02259255,9.085258,2.3724937,51.328915,6.749408e-05,7.381104,5.3928103,3.086522,90.22412,2.5631008,0.009467885,0.002889617,0.20570971,2.1863818,0.00984757,0.0963896,0.00983802
1.42187,0.0004652443,5.0061374,0.0978852,8.014621,1.5203365,35.076534,7.469672e-05,10.494268,2.5073655,3.7718093,100.40518,1.0130793,0.015382044,0.0009193382,0.18873398,1.7246537,0.0066320053,0.11080612,0.0058863712
1.133919,0.00021431147,3.9489484,0.10691294,8.178165,1.0356349,42.76033,5.6772682e-05,8.120308,2.67022,1.9172462,78.387024,1.8034353,0.029409532,0.007270989,0.19016981,2.2366555,0.006732956,0.036870472,0.0112652285
0.9285289,0.00031146157,5.316743,0.014801156,6.380482,1.3960993,30.209633,5.7137608e-05,8.907452,2.0909913,3.6835747,99.63848,0.8385512,0.026502844,0.0030957537,0.12903434,2.7649672,0.0011149109,0.029327454,0.0022080785
1.2828313,0.0002839085,4.5987163,0.08169852,9.279804,1.1398449,46.51567,6.1497536e-05,11.649404,2.2336059,3.5610456,86.64276,1.043932,0.029264562,0.0023881448,0.15968852,2.2505174,0.0055037914,0.04569323,0.0065519903
1.301463,0.00040165416,4.8899403,0.08750585,8.643936,2.5988464,41.28249,7.4044015e-05,23.485016,5.5579906,3.409571,107.392784,3.0096598,0.022203224,0.0027963985,0.20309474,2.4476047,0.012222689,0.18780482,0.009760864
1.2958013,0.00039956818,4.981208,0.03342777,9.480367,2.2018707,52.70301,7.7959085e-05,13.4625635,4.429904,3.2234006,100.84775,2.0095508,0.014948213,0.0013737292,0.20613655,1.5091509,0.009148779,0.13664673,0.008861261
1.1779616,0.0005024144,6.9302373,0.1185731,8.45155,2.524719,29.337748,8.995957e-05,18.546026,4.497017,3.5361712,142.4898,2.0792813,0.03176752,0.0020579926,0.17770086,1.6689634,0.0065380735,0.17889068,0.009786456
1.2307929,0.0002624193,4.2853775,0.037074964,8.04614,0.7910718,43.28493,5.450015e-05,9.236308,2.264007,3.5799458,76.04983,1.419429,0.021757858,0.0022745898,0.21296729,3.2676296,0.008215539,0.025208611,0.007054023
1.1649861,0.00019466868,3.537233,0.10542271,9.01987,1.359514,47.13329,5.5399174e-05,9.675387,2.7125766,2.8683841,72.583496,1.2520891,0.021638367,0.0020409592,0.15084887,1.6983744,0.0074612107,0.07940395,0.009192376
1.3651756,0.00044267773,2.8771036,0.2633592,8.043857,0.8643119,39.048233,5.953179e-05,9.262547,1.0984433,2.145877,62.90659,0.26619437,0.035520535,0.0013193695,0.1903955,0.89770633,0.009658788,0.113082595,0.0118948575
1.2423972,0.00024111252,3.5390496,0.10854183,10.335907,1.1839349,58.08189,6.110821e-05,8.661213,3.2533486,3.509814,69.569405,1.601195,0.026095677,0.0039423006,0.20157766,1.7287045,0.008568219,0.053092122,0.010619304
1.1657184,0.00032865608,4.3832445,0.12985764,8.327794,1.5377245,42.672718,7.237717e-05,9.151956,3.481746,2.152687,90.02654,1.9524822,0.040222064,0.0050234883,0.21225663,1.94544,0.007485557,0.07179873,0.011200088
1.0680795,0.00018624154,3.3525414,0.10810178,8.354841,1.4134057,42.871986,5.075336e-05,11.027091,4.3952045,3.4758036,69.142654,3.398138,0.019184995,0.0046999943,0.18949836,2.6470356,0.008057127,0.014320809,0.00896109
1.2581128,0.00048388282,5.7665668,0.047029257,8.7438755,2.7507095,41.821095,8.2945604e-05,12.872941,5.0685863,4.5167704,110.690216,2.4806585,0.01711941,0.0015618732,0.19882537,2.8856318,0.0044778516,0.07430505,0.0039465046
1.1739534,0.0005268336,4.2905846,0.117267504,8.078707,1.4324406,40.371372,7.482608e-05,10.917562,3.8739705,4.1502733,85.8494,1.8683116,0.020420238,0.0018703272,0.13829218,1.9125922,0.0023385815,0.09500382,0.0025164552
1.1769304,0.0001653851,3.888904,0.07756758,8.781943,1.3355296,43.678925,5.2819436e-05,8.921864,3.247634,2.4979377,74.91057,1.893439,0.01742401,0.0029280512,0.18023075,2.2547793,0.008328323,0.06304719,0.009340991
1.350553,0.0003324912,5.0825276,0.054589067,8.436415,1.5168178,47.302696,5.4811157e-05,11.45899,3.394271,5.048242,94.800934,1.3759339,0.01859359,0.0013650799,0.17960396,1.671126,0.012189173,0.085596085,0.0077481405
1.0818858,0.00030578335,4.580226,0.032143384,5.716051,0.8606394,25.276731,3.8512448e-05,13.178666,3.4001129,4.2394867,83.30862,2.6816108,0.015985906,0.004494643,0.12561776,2.8631103,0.005291833,0.038899917,0.004180099
1.4276975,0.00024651608,3.5741816,0.049376417,6.3620305,1.1644344,30.99217,4.3234042e-05,7.7329564,2.0439873,3.1801329,74.59748,0.8414527,0.014653641,0.0007923194,0.12972508,1.8519936,0.005486353,0.04232171,0.0041978224
1.5816829,0.00027532803,4.518069,0.118166186,10.777514,1.2653399,45.911915,6.0233237e-05,12.967518,2.2962809,2.8958495,85.165565,1.8701442,0.018865066,0.0029643667,0.17333645,2.766721,0.01322435,0.084094934,0.014397399
1.2094291,0.0005651141,2.8782,0.1565607,7.6506267,1.4546629,38.83017,6.322595e-05,15.970179,2.6937058,3.1131666,65.635895,0.8367211,0.032337,0.001372835,0.1879278,0.93132347,0.009952683,0.09477905,0.008219566
1.2439345,0.00030506117,5.4654274,0.053730413,6.2042756,1.0979517,27.447384,6.229565e-05,11.804754,2.1414838,4.317679,93.27573,1.0888349,0.029677352,0.0015602154,0.14274782,3.1147437,0.008738977,0.04252061,0.004159016
1.2715572,0.00034551704,2.9996805,0.09365211,8.508474,1.0019364,39.54538,5.3440843e-05,13.294494,2.0389473,4.117222,64.36834,0.7232954,0.023581501,0.00043732786,0.15941632,1.0216775,0.00932263,0.09007349,0.0074703856
1.086567,0.00042625933,4.891691,0.06799201,6.1541677,1.0892123,25.701426,5.4097225e-05,14.14433,2.6153681,5.527471,90.134026,2.069255,0.02525714,0.0028319224,0.10049624,3.7426877,0.004892469,0.04484691,0.002313367
1.0985622,0.00023447823,3.1509795,0.053550318,7.6786423,1.1921147,30.29959,4.3810713e-05,9.792984,2.6783075,3.471159,64.769295,1.5554825,0.014900828,0.0012783378,0.1523526,1.4533086,0.012407783,0.05900997,0.009274808
1.2482457,0.00029411883,3.44921,0.08044967,8.822347,1.0289575,42.344128,5.20602e-05,11.470531,2.033943,3.8838146,68.984566,0.9118789,0.025981555,0.0018584118,0.1473212,1.8548326,0.0041939057,0.035220027,0.003392793
1.1171329,0.00020501784,2.91547,0.04849228,6.5733776,1.0078164,28.057863,4.0142775e-05,7.0935864,1.5812374,2.8469083,58.998863,0.67469466,0.014839169,0.0012554368,0.14501229,0.8495015,0.009953206,0.05925567,0.011680633
1.2486173,0.00023839933,2.8747182,0.08449913,7.2535567,1.00234,34.187397,4.0543524e-05,6.6543875,1.9964582,4.510034,57.03909,0.7489185,0.01272265,0.000819005,0.12286575,1.1533127,0.010744054,0.08696012,0.007506702
1.1801188,0.0002877284,3.9321384,0.05055666,7.113472,0.7834456,34.973747,3.8570346e-05,12.414112,2.8844864,3.585709,71.603836,2.0626695,0.016971506,0.0031571165,0.14752309,2.573506,0.0034997046,0.059416246,0.0029707584
1.2772888,0.00019030573,4.2599773,0.034237247,8.361416,1.5961806,26.727743,6.869759e-05,16.230448,3.0819645,3.5225651,89.58431,1.541024,0.013337623,0.0010020828,0.21696219,2.276489,0.012310116,0.100802764,0.008964121
1.3245281,0.0005222784,4.654803,0.09449018,8.154972,2.1823285,37.663563,6.4643136e-05,18.2626,4.2744045,3.7983038,92.890205,1.8293282,0.022349369,0.0020252122,0.20279358,2.3090632,0.010475532,0.097939245,0.007432021
1.2591095,0.00034994198,3.0014606,0.074459,7.696493,1.0943896,35.307343,5.0153332e-05,8.596181,2.3004608,4.078064,66.39929,1.066289,0.01781318,0.0011426136,0.17010714,1.5108695,0.009078075,0.06145006,0.0076909214
1.3523108,0.00032266296,5.9207706,0.10833169,8.245485,1.7396778,47.211246,5.7136647e-05,15.364195,3.7080355,3.5167384,108.24084,1.9070926,0.026029525,0.001579926,0.1854699,4.436894,0.011046566,0.09205647,0.007379686
1.5131049,0.00030694582,5.7578073,0.06914683,10.789084,2.5066803,51.463722,7.073274e-05,18.267735,4.935491,3.0588543,112.28668,1.7757474,0.026737826,0.0020138628,0.24362803,2.0390065,0.013843398,0.13909544,0.0134870345
1.2839413,0.00031632962,4.556245,0.055229068,9.889713,1.6428745,56.196182,7.438894e-05,8.667428,3.9581807,3.912808,89.936554,2.2168481,0.017120553,0.0023734733,0.26039344,1.8556418,0.017444715,0.062344827,0.015798572
1.3279229,0.0003196844,4.428395,0.083886616,7.8907714,1.0949125,43.989716,6.1761944e-05,7.031579,2.8510892,4.2371716,82.61113,1.8658142,0.014429444,0.0016217548,0.2184665,2.6655345,0.010669055,0.06566038,0.0067972504
1.3870713,0.000278069,1.9645084,0.15769227,9.738047,1.0961615,43.12477,4.7488273e-05,9.789893,2.1172967,3.080607,43.055893,1.0533285,0.019132208,0.0023430937,0.1030837,1.2436013,0.011208288,0.12238066,0.010206573
1.2823032,0.00026412294,3.9628565,0.098117955,9.153494,1.1569384,50.11834,6.8059686e-05,9.162958,2.9988496,3.8469493,78.283554,1.675111,0.020722546,0.002636754,0.195735,2.0345314,0.011257883,0.056490473,0.010435859
1.3506303,0.00021570723,2.4952362,0.05372449,11.126607,0.70312375,50.920902,5.6741075e-05,12.873449,1.6041437,6.289155,51.165462,0.672438,0.014729428,0.0007190206,0.1379415,1.5179125,0.010260836,0.07559818,0.008535531
1.4840655,0.00027666904,3.3548484,0.07241302,13.350734,1.9788961,59.76244,7.557091e-05,16.048744,2.4173567,3.1264067,74.340034,1.0297433,0.02683047,0.0010492165,0.23908225,1.0987829,0.019089473,0.090592496,0.018290877
1.3321915,0.00027139107,6.840809,0.12126745,7.9512906,1.5974941,35.853848,6.504261e-05,12.285968,3.070494,2.434435,125.26698,1.6285908,0.026094975,0.0021988468,0.22295646,3.8127928,0.022581242,0.116994075,0.014557973
1.174894,0.00082876004,22.682005,0.36292374,8.8861,7.862619,45.395325,0.0001296069,32.8241,17.605465,2.9940572,408.96384,8.635887,0.063666165,0.0072830496,0.2928205,13.437396,0.0275552,0.21316902,0.033713855
1.525395,0.00039314147,3.3435762,0.10157117,8.215818,0.92472315,38.274166,6.0848044e-05,8.76098,0.8884715,4.311781,61.861362,0.24766937,0.022410028,0.00046257582,0.1630042,1.516278,0.009012116,0.082083635,0.005394287
1.2161278,0.00048122837,7.1748137,0.11752631,9.20792,2.9815757,41.907776,8.853433e-05,15.975701,7.325873,3.8226507,153.31026,3.9698849,0.030143103,0.0024836133,0.23375753,3.8330336,0.010028307,0.08065578,0.006932383
1.4906749,0.00019974317,3.3979735,0.10340209,11.802443,1.3727963,57.854134,5.4604734e-05,14.813555,2.1746497,3.2422922,71.563446,0.78627944,0.02160294,0.00082071946,0.19878829,1.0918143,0.01620295,0.13532107,0.018653056
1.6378024,0.0002590014,3.547121,0.066949025,11.0031395,2.16973,53.98094,5.0247465e-05,12.510386,3.345578,3.9573982,87.89793,0.9526502,0.024636488,0.0007825774,0.15422995,0.86570024,0.010527401,0.09608846,0.01251658
1.3672689,0.00014469225,3.3293085,0.0554759,7.006013,1.5976762,28.14846,4.4431847e-05,12.8152895,2.1916723,2.3906493,73.75932,0.87687975,0.016323043,2.647908e-05,0.15853961,0.81316274,0.010479258,0.14493255,0.011456235
1.1769545,0.0010847423,21.075794,0.20439366,8.451024,7.104328,43.084312,0.00015308282,48.108376,18.174902,3.6297143,386.91507,6.6491823,0.050726954,0.0049504233,0.51619774,8.253168,0.037597463,0.19343427,0.02556156
1.4574699,0.00053741195,6.0196033,0.13801284,9.082537,1.8121402,47.333065,7.524776e-05,13.998776,4.109982,4.1117992,111.26101,2.0321782,0.027190413,0.0013108512,0.2624913,2.8724697,0.013137242,0.111344524,0.011265864
1.1609278,0.0003781564,11.895775,0.10334083,7.5945787,3.505929,43.006634,6.0856328e-05,28.139877,8.9323845,2.6118338,210.4101,4.6861677,0.021740172,0.003759002,0.24022767,6.018498,0.025603341,0.12954994,0.017526934
1.2685615,0.00024519657,2.792332,0.051152565,6.75669,0.70063794,28.895096,4.2765252e-05,8.357465,1.6283735,4.1294293,58.5071,0.73088914,0.015745288,0.0006260153,0.13507083,1.572466,0.0074878056,0.05330855,0.005941624
1.2869672,0.00038843093,13.616437,0.10948733,11.84525,3.6232655,62.99429,7.974883e-05,25.56575,8.536885,2.6724932,236.13812,3.7119668,0.028182514,0.0037230544,0.22303198,7.5941463,0.02297542,0.117434785,0.018384956
1.1118512,0.00040642644,11.414607,0.11152221,7.6517496,3.5358405,39.134995,7.090783e-05,20.107222,9.559198,3.4927194,200.78125,5.2775784,0.024519622,0.0039693094,0.20995058,7.5458374,0.019305356,0.07931381,0.010847917
1.3662848,0.00051248923,6.2393847,0.09175972,8.04211,1.7904563,37.653538,6.736733e-05,12.098493,3.3717399,4.0999494,116.71513,1.635587,0.0232286,0.0016385741,0.22438148,3.5667713,0.0138918655,0.069366656,0.009186352
1.3561541,0.00034649542,5.5943947,0.07905719,8.654449,1.2809421,45.86376,7.844661e-05,11.243284,2.323307,3.5031958,101.93084,1.1423047,0.022333955,0.0017025232,0.28098455,3.1515992,0.013412669,0.12063459,0.009955171
1.1567935,0.0004492793,12.561981,0.11082203,9.532577,3.5260687,44.051895,7.615853e-05,21.61558,9.572377,3.3614895,210.35748,5.5089765,0.018908279,0.00486315,0.31029275,7.726743,0.023620704,0.1348869,0.015169759
1.3504639,0.000119840406,2.1397324,0.038590886,8.145515,1.2402661,41.173855,3.8137052e-05,8.495266,1.672231,2.242636,41.205124,0.60159016,0.01231451,0.0005456026,0.12622394,0.47006002,0.008813478,0.08668087,0.010589991
1.1187034,0.0004551028,12.171324,0.108459085,7.620193,3.7657704,41.14573,7.66708e-05,25.035048,10.521573,3.279867,209.9382,6.25576,0.020609569,0.0050949133,0.26432014,7.792254,0.021820467,0.13345236,0.01307225
1.1311532,0.0005650353,13.792149,0.08291337,13.724793,4.0942693,51.352356,9.952445e-05,31.489578,13.270845,3.7018151,241.37177,8.785628,0.012615019,0.009096874,0.32610708,5.85891,0.023333829,0.16633013,0.022661744
1.4343398,0.00033111594,6.409855,0.12626034,10.021157,1.850323,63.457214,6.5136985e-05,14.200953,3.7712677,2.8795152,114.2726,2.118207,0.03052755,0.0023533008,0.24163455,3.9345088,0.012238386,0.09043152,0.011354367
1.2308818,0.00033994784,4.638177,0.046314944,8.420866,1.2281866,38.853798,5.789955e-05,8.10147,2.7153447,4.025776,85.31049,1.34556,0.018443568,0.0022860894,0.19920109,2.7284245,0.009275656,0.051942483,0.009472218
1.1933265,0.00039253887,12.277578,0.13115337,10.140891,3.972044,45.14339,8.945819e-05,29.767494,10.534657,2.9238472,221.67436,5.249507,0.025844675,0.004494245,0.3288217,5.5040607,0.03194303,0.197873,0.027149564
1.2544026,0.00024984594,3.6569502,0.09654786,7.6163898,1.402262,36.115887,6.0813934e-05,12.447711,2.5416455,2.5807822,69.57225,1.3011634,0.021322206,0.0015325621,0.15968028,1.3602962,0.011484475,0.089232184,0.012938067
1.5243382,0.0001443452,2.04091,0.05025324,8.906149,0.98015034,33.15478,3.7852034e-05,11.752174,1.478876,2.670414,48.381725,0.6022891,0.016048212,0.00034875135,0.11392981,0.48645732,0.005105779,0.108164765,0.0068516927
1.2397581,0.00017800249,3.8194106,0.0718702,6.9077735,1.2859206,28.977125,4.163125e-05,11.462659,2.2155406,2.5759127,81.46761,1.0482725,0.016673371,0.0006745405,0.17293432,1.5554734,0.013219519,0.09169249,0.009542019
1.4728942,0.00010441278,3.7663784,0.04218275,9.460144,1.9312986,50.982613,4.0568753e-05,11.470267,2.5646334,2.3691754,82.32921,0.8939143,0.014994966,0.00079107354,0.18206242,1.0050547,0.013687181,0.11677429,0.016373713
1.2776076,0.00071795686,17.931938,0.13460073,15.3925,5.350844,67.675896,0.00016139529,44.85033,13.142861,3.5905614,367.624,6.257964,0.028343625,0.0033646503,0.7292314,8.9738245,0.05335812,0.20762779,0.031979654
1.4180375,0.000105687905,2.522248,0.051871452,6.9320135,0.8891714,28.063799,3.5348887e-05,9.437435,1.2037832,2.3392422,55.56592,0.48110527,0.014230547,0.0002646209,0.11990298,0.93736374,0.010850276,0.082949564,0.009133063
1.2991196,0.0006265679,14.615239,0.1296024,16.73502,4.384721,77.49003,0.00014816543,33.405342,11.126889,3.4451032,296.95566,5.2470627,0.02879814,0.0032019059,0.59490013,7.04825,0.040969133,0.1714951,0.03232813
1.2708375,0.0006519718,12.522217,0.1304101,10.997936,5.283715,53.468555,0.00011390698,35.299786,11.301865,3.5355988,237.76395,5.1906056,0.025843747,0.0036681308,0.38674012,4.511051,0.026936103,0.2095375,0.024356298
1.2851235,0.0005370076,8.851473,0.3174716,8.095281,2.6219997,48.023846,9.973521e-05,10.862362,4.974415,3.1162994,164.3378,2.8863661,0.051366862,0.0038580126,0.3467055,5.641399,0.025918152,0.09087835,0.013684844
1.3878579,0.00030890453,6.1918263,0.07296902,10.960795,2.3141117,52.951775,6.81482e-05,14.465346,5.030464,2.781252,117.351814,2.418584,0.022329397,0.0022068545,0.2585875,2.613019,0.018182574,0.09616364,0.01586025
1.1641755,0.00038017382,10.974496,0.1581954,9.661881,4.344852,38.758083,9.900561e-05,26.010628,9.656076,3.536464,199.36565,5.272456,0.026550217,0.0042424686,0.2836131,4.877277,0.018898405,0.12808363,0.017778594
1.3369142,0.00056836713,14.257782,0.23354112,13.721238,5.430778,50.938076,0.00012153006,30.125692,11.856045,2.8512495,271.51984,5.6445193,0.041473445,0.004419582,0.2592241,7.3615985,0.019979294,0.19568236,0.020887073
1.1111728,0.0006659668,13.639167,0.11452853,3.411251,5.780634,22.44565,7.693796e-05,45.043945,13.769067,4.2491207,254.79924,6.336194,0.039710175,0.0028287652,0.35399377,6.354423,0.033022534,0.21049395,0.017191432
1.2221876,0.0008463665,17.121101,0.25627333,8.884201,6.4809756,47.8416,0.00014368731,37.109276,13.752075,3.6314974,334.7425,6.5243096,0.053908356,0.005086392,0.3236066,10.469719,0.027557714,0.1905026,0.025323836
1.1935422,0.0012318105,15.011119,,7.958278,4.678873,42.259544,0.00013797256,30.749247,10.714396,3.8764377,279.1442,4.3458896,0.07702603,0.0040347646,0.2529285,7.557708,0.03146208,0.16185476,0.016793674
1.3866011,0.00014181332,1.8576435,0.032838177,11.202177,1.489617,50.922207,4.294841e-05,9.090759,1.2288007,1.8814796,56.706062,0.5440737,0.014708541,0.0009635189,0.1478646,0.59976965,0.010151045,0.15536107,0.013128454
1.0672219,0.0001150842,1.2753559,0.06551483,8.521491,0.94527966,44.460354,3.396049e-05,13.622034,0.95483965,2.6385171,41.101845,0.47321582,0.01336622,0.0013383202,0.07571263,0.5015226,0.0081460755,0.086565115,0.0073951245
1.4028772,0.000261931,3.3147743,0.089858636,7.854785,1.0195519,33.50343,5.3688615e-05,9.28768,1.5375459,4.2026687,64.63918,0.6155235,0.019200336,0.00094285095,0.15793999,1.8441979,0.01335152,0.07318819,0.009599899
1.3237222,0.00081696303,21.176838,0.2758433,13.8050165,8.055654,63.263317,0.00013373734,41.713337,20.70274,3.3849094,369.55856,10.0541115,0.040449124,0.004578081,0.40048292,9.832014,0.025592504,0.13967067,0.0151005145
1.2828445,0.00041880464,6.1037755,0.2911993,8.518306,2.2703202,28.622278,8.339954e-05,42.25136,5.6890945,3.3384318,133.87193,3.3678093,0.036291793,0.0030679253,0.24037045,4.3204455,0.016275093,0.107152425,0.008825901
1.274629,0.0007769508,18.14455,0.25678355,10.283519,5.825878,42.612442,0.00012200985,28.24608,13.211475,2.7356036,322.01547,6.333221,0.052419648,0.0063396674,0.37150705,8.782752,0.027040722,0.30555642,0.0813675
1.2067318,0.0007728252,19.728384,0.40987924,11.059885,6.500197,46.22162,0.00012620752,32.014477,14.712388,2.8704038,334.28006,8.128262,0.06000613,0.0065768543,0.283966,9.731343,0.026625842,0.21493602,0.04190916
1.1232629,0.00031898328,6.1197963,0.07593615,8.220231,1.6224072,35.271217,6.07653e-05,10.806484,3.364579,3.282832,107.656586,2.3070068,0.024101838,0.0032541144,0.21282004,3.7602782,0.010993095,0.035770584,0.010477799
1.263559,0.00055703154,16.147568,0.16865014,12.906606,5.6811795,43.252834,0.00011241061,35.63896,12.949917,3.2893775,283.84253,7.005795,0.035912655,0.00493358,0.32113218,6.5595365,0.022816341,0.13511695,0.030611077
1.367288,0.0003994521,3.8787308,0.059471864,9.879545,2.4383636,61.199776,6.8045745e-05,11.335019,3.1232383,3.3887792,85.33414,1.2675982,0.01445084,0.0014268602,0.2561211,0.7722993,0.013559773,0.14677535,0.017836254
1.2072772,0.00037489104,10.321331,0.24761693,9.82262,3.4811218,43.987247,0.00010530123,22.976704,9.837975,2.8901618,187.19049,8.4306755,0.031847008,0.0066934656,0.44258863,5.7823615,0.018920403,0.119136974,0.027678534
1.201485,0.0005639799,15.941065,0.26114398,12.363081,5.819235,54.510593,0.00012848583,29.426971,13.34879,2.813848,280.37778,7.451286,0.05224556,0.007331276,0.29616573,7.859845,0.018638412,0.09769693,0.026617918
1.1987128,0.00029634763,5.936581,0.07296552,9.113078,2.150798,46.902973,5.818354e-05,10.517135,3.9017801,3.815853,111.10532,2.4504972,0.018316751,0.0043915617,0.20954299,3.6199226,0.011626196,0.0511137,0.010495428
1.1349939,0.00048130713,13.359441,0.13272926,11.075198,4.9548173,46.29602,9.6275944e-05,16.899214,11.430794,3.1750824,233.54994,6.110721,0.036835212,0.008038091,0.20521937,7.532912,0.010876595,0.074803784,0.012337144
1.2479377,0.00097637484,21.873566,0.25929958,11.600007,7.797735,70.503845,0.00017963175,42.614254,18.463068,3.4775016,384.3043,8.979694,0.048014395,0.006412561,0.6004854,11.475014,0.0454246,0.2524,0.032529727
1.2721586,0.0005434093,14.25255,0.14302368,11.353441,6.20734,48.31408,9.858947e-05,29.812286,12.770356,2.9508786,258.67407,6.3443713,0.030468034,0.0043038237,0.35768175,6.09222,0.021792963,0.11398758,0.022207849
1.220293,0.00018461481,4.72537,0.016918367,6.272173,2.209225,24.848999,5.4608754e-05,13.456064,4.054776,4.40588,93.67158,1.8698359,0.010820197,0.0007419744,0.20103875,2.1300359,0.012951269,0.108819075,0.008248091
1.0936664,0.0007265018,19.97714,0.12703922,6.832218,4.6171474,30.717134,0.000107397274,26.868494,11.407406,3.095632,362.0412,4.436611,0.06951763,0.0070144944,0.32812622,11.250276,0.02408881,0.16441941,0.02397477
