Anth,B,C,Ca,Car,Cel,Chl,Cu,EWT,Fiber,LAI,LMA,Lignin,Mg,Mn,N,NSC,P,K,S
1.1651511,0.00016644117,1.6881553,0.022543099,6.3131027,0.971018,18.735014,3.490154e-05,7.9084997,1.7332352,3.1250565,22.741993,0.77969056,0.008861909,0.0011318235,0.055728827,0.86076784,0.006718529,0.05959044,0.005706442
1.0353342,0.00020460167,3.1418917,0.052884273,5.644763,1.2561667,23.883884,4.251761e-05,14.096591,2.314505,3.008576,63.349525,1.010389,0.013097877,0.001321274,0.10166895,1.4683125,0.011974716,0.08066702,0.0078014433
1.229473,0.0001317841,1.5620304,0.018142475,7.517369,0.8969144,22.329266,3.3480082e-05,10.1867285,1.5895656,3.5029087,21.519531,0.6983167,0.0050122915,0.00087402615,0.072401546,0.7643424,0.006666265,0.06740309,0.0055871494
1.200504,0.00018574452,2.3327465,0.0699618,5.6064625,1.0904936,28.003157,4.2473916e-05,19.09605,2.011866,3.2448516,37.02124,0.80862725,0.007875235,0.0010900706,0.10662193,1.2248213,0.010703218,0.08666608,0.0076779737
1.2106241,0.00017661677,2.4128847,0.030899521,5.4620647,1.1273826,24.211868,3.6019388e-05,12.552666,2.0393822,3.840387,39.001057,0.8069654,0.008959436,0.00095380197,0.08505846,1.156274,0.011015237,0.07784386,0.007049783
1.2745144,0.0001892426,2.7711256,0.061176375,5.9939895,1.271633,32.706116,4.3890548e-05,15.534908,2.3258834,3.7025492,55.643944,0.915412,0.015536979,0.0011648557,0.13464285,1.1286733,0.014412075,0.10236224,0.011276929
1.4290179,0.00014250362,1.3434006,0.022468675,7.4877763,0.8575246,24.24571,3.4153196e-05,7.7858553,1.3310124,3.617914,18.53636,0.59231794,0.009513882,0.0009034206,0.052487567,0.69218373,0.0062386566,0.06394166,0.0059554577
1.1189392,0.0002076253,2.8705938,0.07309085,3.3542333,1.4030688,11.050412,4.051636e-05,14.945603,2.6503289,2.9915276,60.241856,1.1283374,0.012283877,0.0011749075,0.06631949,1.4253706,0.010784254,0.08535203,0.0071091596
1.0813848,0.00017918824,2.083078,0.02967992,6.9005375,1.1184473,21.830166,3.9857103e-05,10.310138,1.9501686,2.6987221,29.372625,0.8757071,0.010454468,0.0013109822,0.0780942,1.0501164,0.0075528636,0.06372074,0.005992654
1.2201171,0.0002165024,3.1563685,0.03789111,7.30897,1.251376,28.300123,5.510698e-05,11.036743,1.9211468,3.0170782,56.756447,0.88028085,0.018231284,0.001313053,0.14505018,1.4644983,0.01541995,0.104934864,0.010582259
1.3902271,0.00028093968,2.9096682,0.10946623,8.472065,1.1580517,49.132523,5.1638548e-05,15.790299,2.153231,3.1172,68.45516,1.0610657,0.019046953,0.0015781661,0.16137154,1.7564025,0.011933104,0.08466974,0.010507046
0.9155225,0.00019532825,2.3054268,0.03762285,7.4273906,1.2715712,21.989628,4.1737054e-05,15.447206,2.5957272,2.6075513,36.961594,1.1008503,0.008755388,0.0013027027,0.084453195,1.033353,0.008676877,0.086894244,0.0076257573
1.121718,0.0002465238,3.2772875,0.058855772,5.0299582,1.3995954,21.053064,4.8269256e-05,14.690141,2.5530505,3.415,69.601234,1.0307308,0.012581498,0.0013811802,0.09756664,1.6511875,0.010030821,0.07719042,0.0071997433
1.2542266,0.00021597871,2.394556,0.07455416,6.843919,1.1827826,35.69507,4.3296564e-05,24.024958,2.2148864,3.6082156,39.82379,0.97527426,0.0074946517,0.00105626,0.11292876,1.19984,0.010658317,0.0888734,0.00807248
1.4655755,0.00019128664,1.9346392,0.053477153,9.149491,1.0594641,39.313206,4.9355353e-05,21.886932,2.0171862,2.0389705,35.139187,0.89725333,0.011251622,0.0012607637,0.11970221,1.180712,0.010950789,0.09667475,0.00952773
1.5662206,0.0002990385,3.2662559,0.048873447,9.326362,1.5236882,44.13782,6.2649444e-05,11.021091,2.697973,3.883428,62.635628,1.5437368,0.01937888,0.0019169436,0.16277635,1.9237729,0.010207963,0.08656692,0.008881543
1.1970458,0.00015491969,1.9457585,0.04117019,8.992552,1.0984973,35.225277,3.2530872e-05,12.089961,2.0731504,3.1450403,33.641636,0.94631743,0.010901077,0.0009270127,0.10322058,0.84481096,0.009556181,0.076219164,0.008242762
1.3789382,0.00022283786,2.5489614,0.04579205,8.961964,1.0990102,37.681515,4.7203757e-05,13.715825,2.1849842,3.8710113,42.150543,1.039549,0.011435778,0.0012095778,0.13622656,1.2267312,0.010903689,0.081315786,0.008590532
1.6291138,0.0002558059,2.704784,0.094951525,11.376233,1.0882832,60.426792,5.574981e-05,14.182521,1.9428333,1.6329861,57.17441,1.1310749,0.019486096,0.0015313906,0.18357465,1.6987451,0.014740661,0.089484446,0.011196374
1.4454175,0.00020073689,2.0700483,0.06187584,9.675022,0.99690264,39.771004,4.46895e-05,15.427609,1.8942971,4.1394706,34.374866,0.8329891,0.013343255,0.0013693016,0.13633144,0.925632,0.011380085,0.08145907,0.00868207
1.4105036,0.0002103818,2.0165324,0.06107481,9.53761,0.9668166,39.796776,4.554807e-05,16.965616,1.7742913,4.7463512,31.530916,1.0641469,0.013876702,0.0013066947,0.14703715,1.1976275,0.013968508,0.086102456,0.010590187
1.3887212,0.0002676294,2.4409537,0.072322264,11.217677,0.9095993,40.69871,5.023759e-05,24.405037,1.7562237,3.5615337,46.490414,0.8492043,0.018440751,0.0014467326,0.17497239,1.2295741,0.010285962,0.091721766,0.009434315
0.8278036,0.00022168506,1.992668,0.060063194,6.475866,1.2922568,18.234064,4.7577578e-05,14.625817,2.451932,1.1740559,28.274727,1.1004791,0.012530251,0.0015316554,0.09410378,1.0610365,0.009641081,0.08569063,0.008371279
0.9529698,0.00027515047,4.0650845,0.062051054,8.138171,1.6969332,28.643589,5.147528e-05,15.2544,3.5916443,3.8457391,76.52299,1.5718884,0.016920784,0.0019492173,0.13744321,1.4380187,0.009352008,0.0829687,0.008904568
1.5923331,0.00028372763,2.2576687,0.08509103,11.327373,1.1359323,44.955776,5.7696627e-05,13.081247,2.053675,4.671359,51.53416,1.3105316,0.018572167,0.0018251089,0.13011214,1.5158217,0.012760469,0.09367065,0.010479986
1.1003244,0.00020911045,1.7182558,0.044501685,7.835136,1.1485162,25.942837,4.286517e-05,11.029585,2.1521707,2.945078,23.076784,0.94870853,0.012207091,0.0014339999,0.08743787,0.93454224,0.009648911,0.08188212,0.0077978517
1.4004254,0.00018101979,2.1456926,0.06137175,9.476168,0.96426034,38.42679,4.4507407e-05,16.511173,1.7513443,4.1632323,36.473225,0.84787995,0.014755848,0.0014785887,0.15386851,1.0810813,0.012044573,0.09813438,0.009869792
1.2762398,0.00023434826,2.4210513,0.067589864,10.525924,0.9546897,39.659344,4.677942e-05,22.793415,1.8967904,3.6270413,45.258827,0.8832326,0.017266987,0.0013961097,0.15787482,1.1891407,0.009810287,0.07667878,0.009064798
0.7457237,0.0002516238,2.8196821,0.062050622,6.0053773,1.7001194,16.580606,4.7558515e-05,14.898186,3.1470094,2.2628946,44.005566,1.421273,0.0129475575,0.0016364163,0.08855954,1.2885393,0.009738664,0.08517934,0.008612987
1.332898,0.0002370918,2.812023,0.048433904,11.089278,1.1982675,36.376774,5.3145282e-05,16.417173,2.2739248,3.393384,47.90777,1.0694396,0.01489218,0.0017099017,0.15435189,1.4099853,0.011326028,0.086354546,0.00989707
1.3632917,0.0001953711,2.0618107,0.07947796,10.632236,1.0895016,35.660343,4.5098735e-05,17.320766,1.8849933,3.6267295,39.070892,0.9079788,0.017318295,0.0016457214,0.13422158,0.8323771,0.010991726,0.07208452,0.009182649
1.3472165,0.00027489,2.7537913,0.077918336,10.310059,1.2145413,31.577837,5.5704768e-05,11.569895,2.254777,4.865283,46.017445,1.1387076,0.017688535,0.001954236,0.14201467,1.6089814,0.011705929,0.07088333,0.009264559
1.4405781,0.00024072235,2.1209116,0.06533901,9.790459,0.9855508,28.06519,4.977367e-05,13.975734,1.7340561,4.6023326,40.91927,0.8400877,0.013337838,0.0014085597,0.15404753,1.2341547,0.011177567,0.10328437,0.009938471
1.2214947,0.00021136049,2.8200028,0.07093929,10.688279,1.1496508,36.242207,4.570243e-05,21.591381,2.3544164,4.3797197,52.62221,1.0621253,0.016115723,0.0016206283,0.16990171,1.3886733,0.010250706,0.08388518,0.009229885
1.5827305,0.00020071538,2.0789044,0.05511147,9.917186,0.99154806,32.85177,4.7992467e-05,12.177276,1.7832055,4.850632,29.277126,0.8883764,0.01239616,0.0011636365,0.13063464,1.1936178,0.010870279,0.08274431,0.009113481
1.2504135,0.00023161639,2.793535,0.048712045,10.371692,1.2241527,34.995125,5.1424835e-05,16.493038,2.1904664,3.5073884,46.367203,0.9925469,0.015342573,0.0016619883,0.14012319,1.4471638,0.011674096,0.08310444,0.009224978
0.812837,0.0002589687,3.9651244,0.06560092,7.166062,1.6205038,26.07834,5.252566e-05,9.00561,3.6332715,4.7454424,72.62724,1.4245183,0.01633471,0.0019757117,0.13300382,1.7380334,0.009852069,0.08612698,0.009723423
1.1078265,0.00022117012,2.5347836,0.059394203,8.207842,1.158013,26.23606,4.4743072e-05,11.6824875,2.1085663,6.0172997,40.95698,0.9020995,0.014139744,0.0013683598,0.1142051,1.2556565,0.00939507,0.07700543,0.008747266
1.2631754,0.00024301936,3.1145806,0.048847724,10.112058,1.2760745,31.62628,5.1581737e-05,17.45314,2.4943886,3.5121522,50.61434,1.158874,0.014120454,0.0017436731,0.14276035,1.5983425,0.01144675,0.07945445,0.009668363
1.2220618,0.00023860288,2.2646573,0.065571494,8.379638,1.057145,26.956566,4.6117642e-05,11.873161,1.926022,4.26296,39.214737,0.93601584,0.012995745,0.0015582306,0.12819257,1.3184222,0.010863224,0.07551172,0.00870126
1.5855939,0.00025902138,2.8704922,0.09245964,11.033264,1.1607442,53.968365,5.3714593e-05,14.125691,2.3312707,2.5738368,66.49206,1.1518601,0.020864662,0.0017028042,0.14849259,1.5317147,0.012308327,0.08213849,0.010692223
1.269507,0.00024593092,3.1093063,0.05154339,10.897612,1.2991785,36.165474,5.3968673e-05,18.106276,2.445522,3.5240352,52.963055,1.1153084,0.015363224,0.0018724998,0.1456504,1.589227,0.011268469,0.08619628,0.009365157
1.0960786,0.00023515857,2.5593164,0.056209356,8.235876,1.227773,25.557383,4.691222e-05,12.168941,2.2598276,3.7218354,41.70689,1.0477074,0.013325912,0.0016634668,0.1258484,1.4030529,0.010482617,0.0708369,0.008297364
1.0920142,0.00020200569,2.6346543,0.04285605,7.749324,1.2531424,22.526262,4.2394942e-05,10.104903,2.2725606,5.0919137,44.047974,0.96223366,0.012043794,0.0015579676,0.10904385,1.3234282,0.009215934,0.07004207,0.0086610075
1.3963195,0.00029554756,2.7422512,0.074921966,10.072847,1.2991693,45.822594,5.3449883e-05,16.472555,2.2039704,2.3748267,50.03903,1.0485699,0.018794084,0.0013070233,0.17290764,1.2290525,0.0102181025,0.09005352,0.008689558
1.8972087,0.00026644277,3.2674894,0.07926116,11.739907,1.2495022,62.594696,6.08871e-05,12.708415,2.410583,5.713765,61.186462,1.2450392,0.01789705,0.0017052857,0.202064,1.841186,0.013477965,0.09800034,0.011666373
1.1203092,0.00021037972,2.6229692,0.048534602,8.900857,1.2461252,26.377588,4.6818543e-05,12.303445,2.2981625,3.6969614,40.710712,1.0891744,0.014243691,0.001529789,0.124130115,1.2433611,0.009365446,0.07874572,0.008344266
1.547585,0.00024241896,3.0005949,0.10390538,9.525588,1.1788514,32.178017,5.310244e-05,11.36675,2.1741617,3.4381773,48.861813,1.1153958,0.0160595,0.0015758988,0.1454656,1.4536366,0.0138166305,0.0912703,0.010686295
1.079905,0.00024799013,2.6773243,0.06464589,8.80964,1.2261775,25.101437,4.864429e-05,12.741487,2.2682018,3.9160845,42.110237,1.0717922,0.012779842,0.0017965034,0.12236175,1.4666936,0.0096936375,0.07175165,0.008535121
1.1929396,0.00016718988,1.7399527,0.038147453,8.749786,1.092904,30.249872,3.997629e-05,14.433704,1.952335,2.5197234,25.142328,0.8176368,0.008288402,0.0011456612,0.09645532,0.8248701,0.008268095,0.088436306,0.0069076163
0.8138671,0.00024651704,2.8258228,0.07483423,6.886254,1.3279866,19.74115,4.8325823e-05,11.346288,2.84356,5.842304,40.273315,1.2086507,0.016296625,0.0018611216,0.11911879,1.4990461,0.010168301,0.08515259,0.009335983
0.9529344,0.0002427845,2.7100656,0.07413295,8.08913,1.1882277,23.290112,4.5109548e-05,10.750257,2.3508055,6.4518514,46.12127,1.0234389,0.014140797,0.0015984417,0.118773535,1.2965245,0.011044651,0.07614,0.009192418
1.1788151,0.00020032823,1.9884483,0.06901695,8.112519,1.000035,31.671284,4.2532913e-05,8.286651,1.7534143,6.79024,29.455957,0.82521546,0.013946312,0.0012833291,0.11213915,1.044035,0.009444745,0.07657136,0.009420349
1.5779397,0.0002443033,3.3302822,0.10492682,8.413247,1.2861931,22.827236,5.1993637e-05,15.2231865,2.4352784,3.431996,56.021725,1.1120504,0.019306,0.0017268735,0.14163245,1.6885458,0.012397241,0.092606656,0.010235999
1.0175474,0.00020898717,2.4010766,0.044437446,8.46381,1.4235948,29.611267,4.2782805e-05,13.864139,2.500456,3.8034556,36.083466,1.0848578,0.012051729,0.0012805711,0.10848715,0.9517618,0.008992376,0.087125935,0.008609792
0.81451243,0.00025939636,2.4952295,0.07730552,7.412084,1.2122719,21.465666,4.5598263e-05,9.0797,2.427966,6.7987638,40.765324,0.9882389,0.014783006,0.0014923593,0.11727842,1.2153455,0.010017697,0.084864594,0.009105697
0.98255885,0.0002215391,2.6440334,0.053500533,7.9670405,1.3505498,24.15982,4.6588902e-05,13.224249,2.6135466,3.0184202,39.373608,1.1806711,0.01478294,0.0016310116,0.10678035,1.315364,0.00906214,0.07751408,0.007575747
0.9750535,0.000313451,3.3288574,0.09917081,10.012961,1.6322002,32.126926,5.5928464e-05,28.445402,3.292229,4.883681,55.19382,1.4960856,0.017266372,0.0019927775,0.14568108,1.9082682,0.010992478,0.09292884,0.010730966
1.3911706,0.00027859397,3.5543115,0.09158411,11.208641,1.5453829,49.57582,5.885117e-05,19.160763,2.979452,2.8137567,87.772606,1.3988172,0.02183715,0.0022066203,0.14457205,1.7317742,0.010894797,0.08477968,0.010549903
1.4336874,0.0001470637,1.9047416,0.050091565,9.403172,1.100529,37.651115,4.3036172e-05,9.888784,1.6456325,5.867554,32.950382,0.72969365,0.014040006,0.0012513888,0.10486164,0.9209342,0.008732597,0.09238441,0.009608781
1.3395549,0.00018498095,2.0203407,0.05263561,8.368078,0.90717864,30.286312,4.2191e-05,7.095764,1.6098547,6.888351,32.433334,0.74090403,0.013890981,0.0011440463,0.118948504,0.9784188,0.009325228,0.084593,0.009399861
1.9163338,0.00024629929,2.0762672,0.09127604,11.006302,0.9957966,38.342197,5.589527e-05,13.865535,1.8602225,3.14602,33.261105,1.0033566,0.013145681,0.001419823,0.16095668,1.2392005,0.011739274,0.091217704,0.010083836
0.83243513,0.00029293826,4.3001885,0.07122415,7.01113,1.7471763,26.941462,5.5009248e-05,9.939333,3.8710952,5.297873,77.41771,1.5293895,0.016402341,0.0021181647,0.13931687,1.8105237,0.010035858,0.08619664,0.010118492
0.80418867,0.00024988168,2.5084574,0.063435085,6.9997716,1.4022318,22.002714,4.54987e-05,9.194745,2.5728767,6.362196,40.991463,0.93486106,0.01563517,0.0014810971,0.11152088,1.2923404,0.00914078,0.077878,0.008250871
1.311371,0.00020636189,2.2699354,0.05586781,7.7138066,1.0658832,28.500229,4.420281e-05,10.721187,1.9684706,4.613574,39.409985,0.91296214,0.013833511,0.0014925562,0.12789628,1.2342414,0.010470773,0.07361067,0.008622384
1.1678269,0.00030913594,3.0404818,0.110613994,9.771758,1.3606485,33.72922,5.5327284e-05,25.3152,2.7159002,4.6626525,52.148273,1.3388563,0.019172117,0.0019071687,0.15040076,1.7128432,0.010415671,0.07971775,0.009993668
1.5176885,0.0002913157,2.6465957,0.14093554,9.64932,1.2167104,38.615635,5.9509573e-05,12.283529,2.113421,4.784086,43.345806,0.9856523,0.02171393,0.0016114325,0.15299204,1.5029955,0.012751277,0.089144945,0.010779672
1.2356933,0.00017918524,2.0390837,0.051548302,8.021525,1.0257157,29.355406,4.2108073e-05,6.7477493,1.7476714,6.85196,34.544796,0.70038295,0.014023031,0.0011790324,0.11327476,0.923197,0.009121931,0.09152315,0.009231518
2.0889475,0.0002526099,2.1089191,0.10194192,11.433393,0.9763869,41.395065,5.6214183e-05,12.99807,1.7450399,3.2585235,34.231586,0.9824277,0.014835485,0.0013957943,0.15876321,1.2419822,0.012039521,0.09596147,0.0100839995
1.0179375,0.00022530644,2.7205553,0.049644426,7.958689,1.2490417,25.878454,4.5303266e-05,12.499184,2.4200518,6.00135,42.67543,1.023546,0.013227819,0.0016373824,0.11566378,1.3371431,0.009171509,0.0737854,0.007842489
2.223331,0.00025178812,3.3527548,0.08115805,12.391781,1.24262,67.24706,6.1133724e-05,14.167681,2.2208714,6.2461386,64.155876,1.1632439,0.019442035,0.0016516396,0.20797391,1.7939234,0.014083356,0.1024011,0.0126415575
0.80577636,0.0002597029,2.5505586,0.07340744,7.39193,1.2930062,21.168602,4.5634715e-05,9.181149,2.6114316,6.8711905,39.335693,1.0632542,0.014660899,0.001598275,0.12530835,1.2927449,0.010009655,0.082293786,0.009104519
1.3017669,0.00020488055,2.2549813,0.059760448,8.950423,1.0707117,25.574162,4.656824e-05,11.435068,2.0503213,5.4934087,37.40769,1.0051055,0.012998415,0.0014211858,0.11578884,1.2946078,0.009857214,0.071372345,0.008472094
1.2732325,0.00024977076,3.1713758,0.08390413,8.3339615,1.3514059,29.086706,4.9745344e-05,15.67352,2.3974068,3.319141,62.30782,1.1062666,0.014764604,0.001690785,0.12446787,1.3618577,0.010518215,0.08030381,0.00807215
1.2366711,0.0002117365,2.1788833,0.06894268,8.286129,1.0420467,30.709963,4.399156e-05,7.465055,1.8357836,6.518983,35.52341,0.89793825,0.015089132,0.0013957269,0.11545037,1.0798293,0.010793032,0.082634516,0.010167857
1.0965061,0.00019552118,1.6071632,0.042183727,6.6010385,1.1559432,19.548584,4.3982207e-05,12.611112,1.9873191,1.5553935,20.066645,0.9309661,0.010925654,0.0013861271,0.0850003,1.0271683,0.009275861,0.06825778,0.006351111
0.9765779,0.00022238806,2.5938723,0.044334512,7.2554164,1.2548733,23.162596,4.283274e-05,12.364487,2.3298135,2.7226195,44.418793,0.9545308,0.015993653,0.001446958,0.10691818,1.1982534,0.009457615,0.07881035,0.007780166
1.3294559,0.00025717434,2.6173923,0.09661622,8.741122,1.2512792,27.074677,5.549671e-05,22.978199,2.19936,3.9111753,43.968582,1.1453503,0.016227014,0.0017282321,0.14694749,1.4519795,0.013044766,0.10664548,0.010827682
1.748704,0.00026900714,2.7508848,0.12170771,9.266954,1.1152409,36.14913,5.4192646e-05,12.847661,1.8545592,3.03478,49.408127,0.9202641,0.016662763,0.0013616006,0.15822634,1.5510606,0.013541137,0.093180835,0.011342983
0.89697045,0.00021702572,2.216904,0.057511225,8.157511,1.2610902,27.516834,4.4699347e-05,12.362005,2.5799422,5.8276815,33.06033,1.0668279,0.013691334,0.0014783583,0.109853745,1.1484284,0.009251552,0.0874479,0.008445987
1.2505876,0.00020819821,2.0243564,0.047945477,7.830573,1.1618966,31.049597,4.003171e-05,13.354798,1.9756538,3.7204394,31.840416,0.9091164,0.013410826,0.0009446897,0.08776362,1.0532655,0.009219613,0.09154077,0.0065510394
1.4985267,0.00021098557,2.2765057,0.06289094,9.435638,1.0322986,29.185331,4.762199e-05,11.148898,1.7581484,5.0994916,35.718243,0.94634426,0.015744109,0.0013527625,0.1192168,1.2453965,0.010713622,0.082310446,0.008862558
1.1910101,0.00025037403,2.0909333,0.054427177,7.5934873,1.1505635,27.318804,4.6841033e-05,13.013241,2.0209913,4.21006,31.012287,0.8945682,0.01131431,0.0012477196,0.10431329,1.1009033,0.010238354,0.08910383,0.0070727025
1.6100057,0.00026189417,2.4979188,0.11349229,9.93839,1.0662007,34.695164,5.2869895e-05,12.338713,2.0649161,4.386175,48.349533,1.1292553,0.015137857,0.0016714395,0.16576833,1.5315354,0.012665364,0.08543826,0.009645298
1.456789,0.00020432976,2.3306115,0.059715517,8.9454,1.0458364,28.094042,4.9932787e-05,11.654139,1.745895,3.6759071,41.43051,0.89737695,0.014534931,0.0013152622,0.13414176,1.1729596,0.010931255,0.089683644,0.008126958
1.1603388,0.00016040496,2.8116949,0.057545412,8.478852,1.3038061,41.756355,4.5279925e-05,10.085823,2.4498594,2.0214577,50.44231,1.1172545,0.017046774,0.0016504093,0.12887354,1.1790888,0.008987894,0.07195669,0.009134777
1.4044037,0.0002765612,2.8840668,0.09752849,10.10813,1.2431462,30.409475,5.6552748e-05,14.060218,2.2350786,3.960326,53.041943,1.1691417,0.017851705,0.0018072149,0.16679144,1.725444,0.012298569,0.08786787,0.010450924
1.6759633,0.00024698715,2.8034947,0.10115366,10.55326,1.1124935,37.54214,5.7469933e-05,11.766227,2.0428703,1.1006191,51.11198,1.0490155,0.01804735,0.0016709234,0.17519316,1.4218861,0.011731484,0.07187068,0.0110911
1.8434073,0.00022573597,2.1828916,0.08726391,10.134954,0.9743874,29.716906,5.5654495e-05,11.1663685,1.6439681,0.61570483,34.522594,0.85559875,0.016159156,0.0015747411,0.152852,1.1097358,0.011090636,0.08288496,0.010830848
1.1328788,0.00018149421,2.6477833,0.06418816,8.786672,1.3692578,31.138538,4.5221317e-05,9.872162,2.5512807,1.9903722,53.972088,1.0778438,0.014455124,0.0015077689,0.11955497,1.339955,0.0083879335,0.07586738,0.007977784
1.5430422,0.00020895673,1.9138365,0.07268344,10.851901,1.0577779,42.770206,4.7679136e-05,17.5183,2.108148,2.7571871,31.833221,0.86907643,0.010283735,0.0012944218,0.1173114,0.986108,0.0077428804,0.09086533,0.00736455
1.2167236,0.00014642152,1.9529644,0.03692171,8.4467535,1.0347815,31.896208,3.5312438e-05,11.233577,1.9331865,4.7058773,30.569757,0.8029069,0.010041229,0.0008888535,0.08940686,0.8849709,0.0081966845,0.07439482,0.0068159006
1.6777208,0.00023146904,1.9465973,0.07090869,11.23983,0.9457826,45.792095,5.0599534e-05,11.712106,1.6697469,4.119515,30.078653,0.7492515,0.015352928,0.0012981164,0.13650247,1.029812,0.00856687,0.086489394,0.009214695
1.256164,0.000290592,3.5341904,0.07131417,12.330462,1.5813729,50.77467,5.9452257e-05,14.932346,3.2249105,0.83280754,80.01811,1.6020188,0.019736858,0.0020327708,0.17342591,1.8267838,0.010859926,0.06741362,0.011013416
1.0986316,0.00020928944,2.1057458,0.047396213,8.825674,1.2609001,29.34074,4.4480163e-05,11.345234,2.3023677,3.7129273,30.590506,1.0343274,0.012677026,0.0013961112,0.10665426,0.994012,0.009101931,0.07859565,0.0082290135
1.3146303,0.00018195466,1.8575382,0.050248776,10.37659,0.9990372,43.061172,4.053808e-05,14.853357,1.7518508,6.4489584,29.265915,0.71348065,0.012146477,0.0010655253,0.11907087,1.0001156,0.009477074,0.08443598,0.008746894
1.0691754,0.00016512837,1.7893596,0.042445626,8.9581585,1.04769,35.019688,3.5420577e-05,13.905243,1.9021628,4.0944204,26.133492,0.75775313,0.010002596,0.0010521095,0.09299794,0.8909138,0.009289372,0.07604987,0.0071205706
1.3539898,0.00017945582,1.7254726,0.045364622,9.669259,0.95908576,36.629852,4.1741823e-05,13.23445,1.6519291,4.0612025,25.01824,0.72405165,0.0111854365,0.0010219065,0.1010698,0.92753726,0.008992487,0.08200365,0.007148645
0.83979434,0.00023306406,2.162324,0.058521215,8.218599,1.3410982,30.084536,4.5911984e-05,11.5110855,2.6114814,2.890667,33.679794,1.0860069,0.013191647,0.001643027,0.09834278,1.1129111,0.009545017,0.08190536,0.007931252
1.0685258,0.00017842601,1.6495975,0.049320854,9.100083,1.059757,36.808025,3.946473e-05,13.893293,2.115888,5.116764,23.233095,0.9252482,0.010761147,0.001243192,0.10163702,0.953461,0.009881443,0.07327158,0.00808991
1.5401537,0.0001601578,1.8559301,0.041622687,9.886346,0.9701148,42.2575,4.2857293e-05,13.271578,1.6280595,5.6940455,28.065813,0.71081614,0.011071935,0.00095632474,0.115323514,0.9231101,0.009303899,0.0813649,0.008421501
0.8300398,0.00024190424,2.4494238,0.06936617,8.5824585,1.4619929,31.592987,4.7918467e-05,15.535113,2.9753914,2.7726614,39.501904,1.1999836,0.015299328,0.0017501686,0.11352988,1.2311511,0.0103931865,0.0837385,0.009134737
1.0846728,0.00025135913,2.773346,0.051144145,9.321059,1.3341572,30.390709,5.0231294e-05,14.983514,2.5391834,3.1825247,43.17189,1.1839265,0.013872205,0.0018777224,0.14468418,1.4383739,0.010091718,0.08063878,0.008909103
0.89340067,0.00023780059,2.607315,0.06503674,8.003039,1.5421711,24.95438,4.8461672e-05,16.837637,3.067489,1.1676197,43.663128,1.2680326,0.014232383,0.0016081617,0.11061158,1.315783,0.009615458,0.08819656,0.00797953
1.6098725,0.00022785435,2.1772366,0.06647538,10.30867,0.9887765,38.205437,5.0688686e-05,13.964039,1.75183,3.4093368,32.041298,0.9336845,0.013702752,0.0011565704,0.13581538,1.1100962,0.011482037,0.089704305,0.009168672
1.6084744,0.00015812588,2.0508592,0.050307594,9.498923,0.92216974,42.02435,4.6349043e-05,10.656908,1.5976226,5.4068427,34.805286,0.68483126,0.013185917,0.0010140112,0.13183719,0.9630879,0.009057015,0.089925066,0.009034077
0.8342347,0.00025182505,2.6181922,0.07725944,6.823698,1.4962981,19.730232,5.0183426e-05,21.539532,2.902367,1.6830068,42.711304,1.255238,0.015162209,0.0015298045,0.1077601,1.3520695,0.011285727,0.09454659,0.009442961
0.77419716,0.00023041938,2.0946314,0.069345936,7.2763157,1.3310075,23.419012,4.811618e-05,14.694115,2.4915574,3.6611116,30.703644,0.9122338,0.016431391,0.001558579,0.10626845,1.2009321,0.010394198,0.08854314,0.008830394
1.3034154,0.00021801762,2.0036283,0.07858011,10.995259,1.1184301,46.205242,4.3000528e-05,16.450129,1.9159892,2.6396751,51.44495,0.79750675,0.016368533,0.00093924516,0.09648219,0.97707146,0.009404711,0.08094335,0.007678632
1.133694,0.0001528676,1.8376205,0.041787528,8.278052,0.98469996,30.20818,3.5640394e-05,10.731082,1.7809274,4.611844,30.706223,0.7784644,0.010978607,0.0010672464,0.09983737,0.83085847,0.008959966,0.07880716,0.008448481
1.6571877,0.0002629766,2.6336963,0.104022786,10.54003,1.0391057,45.122795,5.4699198e-05,11.82791,1.8737904,4.623678,46.98475,0.9310285,0.018639185,0.0014646993,0.1649826,1.3517905,0.011997813,0.086348645,0.009979819
0.8348248,0.00024525076,2.9376657,0.07469315,8.779092,1.7688957,33.62243,4.811317e-05,18.890959,3.9705198,2.5679255,51.629856,1.5350746,0.01691249,0.0019199235,0.12019166,1.4118315,0.009943445,0.08625399,0.008977353
0.7500932,0.00025647055,2.9584603,0.06908112,6.4442115,1.5012344,18.68963,4.87726e-05,22.252613,2.9710553,1.949551,46.254757,1.310125,0.014344928,0.0017051122,0.102825426,1.4610773,0.011315052,0.08691869,0.009120122
1.6084312,0.0001838441,2.019167,0.063415945,9.115295,0.97843057,37.114708,4.740358e-05,9.378768,1.699898,5.4349294,32.998264,0.73925924,0.013956008,0.0010500645,0.13164577,0.9606105,0.00943686,0.08903654,0.008513093
0.79881746,0.0002466307,3.052976,0.06244479,7.5937815,1.5598786,23.997028,4.7954163e-05,23.17025,3.0746076,2.565139,50.47528,1.2698542,0.01301184,0.0015479065,0.105491325,1.3432144,0.009038152,0.08428033,0.00777565
1.0535022,0.00023998975,2.2555008,0.0787685,8.078973,1.0631497,29.605762,4.6137986e-05,8.199075,1.8437295,1.9060711,40.399624,0.7424892,0.016514856,0.0014060868,0.12833111,1.3202444,0.011992643,0.09780537,0.009908329
1.4212416,0.00023881486,2.2444954,0.07689497,8.965496,1.0567256,38.091663,4.9418588e-05,8.875078,1.9323218,5.4621916,41.161343,0.8506833,0.01711742,0.0012338427,0.1416648,1.1675549,0.010809226,0.090631075,0.010057178
1.1010742,0.00024526473,2.7422276,0.0709415,8.505299,1.2678382,34.00054,4.5824545e-05,10.600494,2.4452727,5.468875,47.306164,1.0490888,0.015006161,0.0013708983,0.13298978,1.2235361,0.009457479,0.09250427,0.009380752
1.3770546,0.00024283928,2.5885797,0.09102563,9.254271,1.004083,35.149456,4.9915438e-05,12.829819,1.9897523,4.52305,47.322388,0.9363073,0.017062731,0.0015626515,0.12967205,1.5733333,0.011183341,0.082393795,0.009448249
1.580121,0.00024138084,2.8639598,0.072213784,10.456798,1.0655603,37.74663,4.9818143e-05,21.417973,1.9928169,5.1973453,48.241882,1.0793796,0.016630216,0.0013725519,0.1713666,1.4004074,0.013545814,0.08855899,0.009683547
1.0469601,0.00028576245,3.0307686,0.077174686,9.020342,1.4788185,33.717552,4.9841474e-05,19.019276,2.8493788,2.9289477,53.69812,1.4663017,0.0168762,0.0016718049,0.13605413,1.5666838,0.010335509,0.08076411,0.00982977
1.2219123,0.00020637707,2.3922126,0.05955027,8.830452,1.0720837,31.061256,4.3223456e-05,10.508279,1.9083536,6.24194,40.88435,0.8284687,0.013408099,0.0012336567,0.11775115,1.1661447,0.009334758,0.07917423,0.008950436
1.0095247,0.00020477892,2.6263647,0.06778186,9.053954,1.4661095,32.8715,4.2570933e-05,12.829737,2.5163703,4.8250256,52.038696,0.98926073,0.014764788,0.0013935791,0.10296259,1.1181828,0.008196429,0.09012532,0.008327201
1.5120543,0.00025168736,1.8091308,0.06444074,10.098001,0.97329926,38.464165,5.3458145e-05,11.012244,1.8082659,2.4748318,24.39654,0.92788416,0.017602947,0.0014387128,0.12222384,1.0572177,0.010589451,0.10567167,0.0094334455
1.2306768,0.00031603558,3.2652154,0.08574258,12.080401,1.3832481,37.99932,5.59193e-05,22.259296,2.8073957,4.094481,59.993603,1.2469099,0.020776233,0.0019051947,0.17434952,1.812132,0.010638834,0.0756532,0.009316868
1.0285019,0.00027840273,3.1805294,0.06736933,8.761218,1.5583956,30.134203,4.939632e-05,17.682594,3.1540904,3.5335448,54.450466,1.5995418,0.016576514,0.0017214383,0.1377491,1.4872314,0.011820823,0.08803294,0.01035796
1.4242315,0.00020344713,2.2402372,0.056815017,8.726241,0.95668274,31.444105,4.4252018e-05,9.213505,1.7213722,5.4029264,39.563595,0.78390235,0.013657417,0.0012689738,0.11975229,1.0736487,0.00849662,0.074289024,0.008143723
0.948897,0.00025822606,2.6045177,0.060792796,8.548185,1.4176522,26.07511,4.794762e-05,20.130873,2.7978215,2.8565195,38.009476,1.2305039,0.014164472,0.0016911024,0.10981215,1.307063,0.00987944,0.07140352,0.007917216
0.859304,0.00027181854,3.3311648,0.07044948,8.378822,1.5926527,29.238005,4.529943e-05,18.272182,3.04423,4.4412937,61.301167,1.118387,0.014760503,0.0018567493,0.1203033,1.352958,0.00955751,0.0833098,0.0071262494
1.3659334,0.00033881093,2.9773426,0.110593446,10.66793,1.3805383,42.197754,5.7637702e-05,30.117737,2.7144523,3.773301,62.184593,1.4298106,0.018163402,0.0019323813,0.16677569,1.867528,0.011067573,0.1110729,0.010772362
0.9186479,0.00023223183,3.17346,0.052943226,7.9116354,1.5472566,26.399693,4.782121e-05,9.443202,3.2722516,3.385362,55.001163,1.3844795,0.01484767,0.0018525406,0.12563504,1.4193368,0.009327663,0.08133382,0.00890788
0.79294366,0.00026063624,2.7775898,0.0830389,7.3318634,1.5580717,25.85644,4.8300255e-05,19.580545,3.0669925,3.5523121,45.2551,1.1771005,0.015550903,0.0017684062,0.11179289,1.3014194,0.010171871,0.0811426,0.009707982
1.0278118,0.00021361106,2.2624667,0.04452411,8.918845,1.3808398,30.21481,3.9759758e-05,10.463904,2.590991,4.431212,35.929356,1.0890968,0.011417678,0.0014639948,0.09949106,1.0102704,0.00834837,0.08246738,0.0072765285
1.1117136,0.00029521275,3.11988,0.07965928,8.767272,1.3229265,24.706236,5.453686e-05,15.099123,2.7485108,3.4610353,47.13656,1.3236207,0.017018095,0.00216703,0.1477701,1.6603279,0.01069967,0.078919336,0.009437559
1.036683,0.00019632283,1.8014568,0.041999824,8.354727,1.2153392,28.426815,4.150299e-05,14.920325,2.3695776,1.9729832,25.444403,0.92543465,0.009262124,0.0014306476,0.08827759,0.9410122,0.0074388236,0.08273398,0.0064073866
1.1189066,0.00035682012,3.215576,0.086039685,9.689059,1.6219912,40.71262,6.1201856e-05,27.171034,3.177047,3.4632401,55.389404,1.4080341,0.016878279,0.0020203528,0.17952599,1.8014115,0.012168559,0.08227929,0.009750345
1.2257358,0.0002144367,2.1850743,0.056073394,9.094512,1.1434541,26.256924,4.8472768e-05,15.236779,2.1677523,3.5821836,32.791103,0.88308275,0.012351926,0.001393023,0.1337861,1.2237731,0.011141374,0.094724365,0.008750108
0.79127204,0.00026056412,2.5099561,0.0788553,7.2284055,1.5555303,23.0319,4.8713457e-05,17.328629,2.9721057,2.909014,39.507786,1.3260996,0.013157255,0.0015968396,0.109272756,1.379228,0.009634779,0.085110866,0.008733202
0.91635007,0.000208612,2.4402986,0.044870578,6.865358,1.2256435,16.664911,4.30206e-05,10.629169,2.553563,2.5876787,34.1627,1.1518648,0.012990449,0.0017441013,0.084686294,1.1906618,0.008406145,0.07226467,0.0074631874
0.6860014,0.00024449453,2.6408281,0.074508466,9.285103,1.6006926,26.396137,4.7089205e-05,16.42531,3.4639244,4.1552014,44.346485,1.2636151,0.015428673,0.0019338416,0.10683042,1.4584514,0.0094529465,0.07601503,0.009266998
0.9095557,0.00026911905,4.0713243,0.07217506,8.669625,2.0091605,29.39443,5.0765804e-05,23.833212,3.9720287,3.2562466,77.7859,1.5936226,0.016472764,0.0019336813,0.12881932,1.670541,0.009723429,0.090393536,0.009805786
0.7702675,0.00025216362,3.2628365,0.06855558,6.92215,1.6269567,20.191345,4.9356175e-05,14.494436,3.198159,3.1379578,53.328125,1.3257184,0.01510334,0.0016101857,0.12028694,1.6592398,0.010961766,0.08772231,0.008728245
1.0185459,0.00023692145,2.8453226,0.053473607,8.725536,1.317942,24.784067,4.7420446e-05,14.8983555,2.4801219,3.517984,46.31135,1.0711459,0.012709954,0.0017961825,0.11710583,1.3810006,0.00974297,0.06874435,0.008111894
1.4572396,0.0002825762,3.6939523,0.09425697,11.894866,1.164729,51.153065,5.7558656e-05,17.29657,2.2043986,2.7151196,84.970146,1.1204216,0.020432282,0.0014793299,0.18940334,1.7904518,0.014092815,0.0910931,0.011384125
1.3778957,0.0002872789,2.864328,0.07342204,9.715526,1.3419708,34.5629,5.6635403e-05,16.769716,2.4357285,3.517527,56.090122,1.269164,0.01917326,0.0016759257,0.15596572,1.51913,0.01256896,0.09140447,0.010577431
0.7361942,0.0002246574,2.796471,0.063942425,6.9210057,1.4298345,17.681967,4.2409774e-05,15.467168,2.9384506,3.5252306,45.30646,1.1730381,0.015313213,0.0016319191,0.08350711,1.461157,0.009673421,0.063668676,0.00828353
1.5358666,0.00028152688,2.78474,0.079099365,9.635461,1.1689231,33.54472,4.663754e-05,12.925732,2.3159075,2.1759899,46.71369,1.1089954,0.018954245,0.0012927856,0.13430537,1.3892071,0.010871256,0.09114857,0.010437698
1.1540649,0.00022097949,3.0389385,0.05731197,4.475833,1.3792492,22.811647,4.6397545e-05,13.910962,2.4405158,3.2650065,63.852684,1.0201974,0.013161214,0.0012171023,0.114297524,1.6234676,0.01411808,0.083925955,0.008825022
1.1465896,0.00025321858,3.665253,0.07911875,4.339692,1.4855131,13.804908,5.116946e-05,8.586923,2.8806286,1.6991099,71.271835,1.4312329,0.017920904,0.0018138314,0.115762904,1.7912916,0.011797799,0.080861874,0.010502082
1.5107838,0.00022993209,2.7403555,0.06867678,8.708416,1.116827,37.928425,4.5119406e-05,12.492318,2.188386,2.3233294,48.20042,1.0387077,0.016753472,0.0013234756,0.125429,1.3183762,0.010053937,0.090733856,0.010791375
1.2844083,0.00019621005,2.5827057,0.04270215,7.9620013,1.1902919,27.612265,4.545057e-05,9.774731,1.9619823,6.0971837,48.399742,0.8482036,0.012480883,0.0014638188,0.12154387,1.1009023,0.009792822,0.08730081,0.009488512
1.2433732,0.00022149387,2.4882903,0.074515775,4.986515,1.1898288,30.716448,4.5511795e-05,27.68277,2.258794,3.576943,40.706635,0.9179909,0.01219766,0.0010645343,0.09886543,1.3415345,0.010804225,0.090125784,0.008509667
1.2443202,0.00034931407,2.9483442,0.10006471,10.458456,1.802387,48.16625,6.677308e-05,24.922224,3.642245,2.5270534,56.739838,1.7754394,0.018195832,0.0021051816,0.21969005,1.7998542,0.016169047,0.0992129,0.01411074
1.1697341,0.0003036277,2.7852442,0.05936649,8.039739,1.3945402,35.031975,5.0756407e-05,18.096249,2.744756,2.273545,48.594505,1.0089469,0.013109753,0.0017198212,0.18941379,1.4998972,0.016003093,0.11769289,0.011567914
1.3419132,0.00022249689,2.35504,0.057764955,9.087723,1.045338,36.622585,4.685922e-05,12.256882,1.9443159,2.3145432,47.298054,0.78272223,0.014425695,0.00096903264,0.1860274,1.0405308,0.015721893,0.12245136,0.011915715
1.5564204,0.00021642596,2.6639302,0.07545591,7.230886,1.1141261,37.683422,4.9082177e-05,17.611683,2.0257208,3.016277,41.449203,0.8879474,0.012118199,0.0011416735,0.13253932,1.2750355,0.01293447,0.08842132,0.009597583
1.4308299,0.00020223935,2.1685066,0.047392726,8.157549,0.9825355,29.960796,4.458295e-05,9.333137,1.8031648,4.11179,34.28153,0.7712792,0.01762905,0.0013747427,0.098497316,1.2818769,0.008703066,0.07071908,0.0075889383
1.4420748,0.00023806278,2.8646069,0.053145174,6.7119436,1.2756824,27.379076,5.154593e-05,14.208002,2.3044994,3.1150322,51.652573,1.0117006,0.013340111,0.0012507439,0.1270756,1.3700454,0.0096130585,0.08882503,0.006814277
1.4616307,0.00023122024,2.872785,0.05868997,6.8641157,1.214308,29.895292,4.9361777e-05,14.103804,2.0912933,3.5793576,54.51787,0.9535515,0.012788226,0.0011886485,0.12340664,1.287643,0.009356799,0.08568111,0.006744604
1.0117213,0.00024200667,2.9078724,0.043050643,7.336449,1.3338292,21.037924,4.440545e-05,13.571598,2.6856103,3.3828633,47.691547,1.1121907,0.013126355,0.0016434985,0.088744044,1.4969695,0.008798552,0.06187418,0.007552696
1.062513,0.00023540772,2.6600945,0.047509238,6.645998,1.2949876,19.918852,4.5273035e-05,11.548874,2.4360576,3.0932806,43.596653,0.9917622,0.01401874,0.0016121283,0.07991445,1.467842,0.008889875,0.06609081,0.0070619625
1.3752979,0.00020583606,2.9776504,0.06519171,7.169988,1.1379718,32.690285,4.3345703e-05,14.337774,2.263361,4.0123415,63.53835,1.0119303,0.014294946,0.0014469369,0.14079987,1.3332999,0.011274461,0.0804895,0.008336921
1.1019242,0.00023163225,3.0843444,0.0658569,3.1583161,1.3284655,14.274295,4.073335e-05,18.673794,2.6656983,3.5228136,63.45513,1.1470993,0.011104663,0.0013289563,0.07204756,1.6437777,0.01144825,0.08341459,0.0078210225
1.3530244,0.00026629926,3.3685486,0.066155545,5.2441444,1.2816644,26.38376,4.862111e-05,24.390888,2.5668426,4.2727456,65.29797,1.0393659,0.016178327,0.0011688853,0.12968786,1.6456139,0.011403976,0.09247048,0.008196827
1.0556717,0.00029459686,3.3774302,0.08346333,6.920878,1.5867747,26.8702,5.5961988e-05,14.767557,3.1445017,3.3055487,59.69,1.4343783,0.018486045,0.0020716665,0.12567908,1.8188841,0.01072387,0.0766615,0.008502161
1.2563055,0.00022476855,2.555407,0.050816253,4.49692,1.2843097,20.84366,4.386399e-05,15.797894,2.4024475,3.32085,46.62987,1.0825365,0.013812447,0.0011940147,0.09477883,1.3227705,0.014611747,0.0989126,0.009347014
1.0901434,0.00024950082,2.4088478,0.06869913,9.0832615,1.2417814,35.00959,4.2317522e-05,19.67421,2.3923607,2.7800455,41.481567,1.0042908,0.016855739,0.0013939339,0.10173937,1.3674085,0.011200417,0.07996623,0.007926269
1.4798183,0.00024713032,2.3431225,0.083650075,8.896721,1.1011448,39.95782,4.522143e-05,15.549206,2.072839,2.8044822,49.307888,0.9732084,0.01365584,0.0011254341,0.12695713,1.1438395,0.011487977,0.09033705,0.009163519
1.7057681,0.0002347923,2.4248183,0.10400826,9.186445,1.0487094,42.91911,5.3602227e-05,10.907401,1.8997505,3.386444,44.23441,0.9167062,0.018878078,0.0012881361,0.15955724,1.1066645,0.011560316,0.09548268,0.010298838
1.2939718,0.00022878498,2.6500766,0.06447353,6.0857778,1.2328126,33.48531,4.4347005e-05,19.29202,2.4519298,4.1671963,46.47655,1.1224554,0.015524204,0.0015465483,0.15747513,1.4064863,0.016748806,0.08857211,0.0107262265
1.4526865,0.00023674568,2.8920934,0.07814577,9.102538,1.0795132,36.844524,4.61997e-05,10.918576,2.1280353,1.9318514,51.19245,1.089061,0.019388223,0.0018049909,0.11614112,1.5593811,0.00951141,0.07003236,0.009799257
1.4167029,0.0002974057,3.3874304,0.069317624,8.64844,1.3677046,40.742325,5.165476e-05,9.8923435,3.0624313,2.9951992,59.722115,1.6061133,0.017542783,0.0016332163,0.15263657,1.8759313,0.009757457,0.08240154,0.009410947
1.0281242,0.00020580941,2.3178766,0.068146706,4.6313753,1.17268,26.969246,4.0016388e-05,23.075163,2.1731424,3.5398037,38.74093,0.86717486,0.012714463,0.0009027626,0.08500213,1.138194,0.010187781,0.08469143,0.007941422
1.1386722,0.0002496412,2.750669,0.06124055,7.8370323,1.2510282,27.87642,4.7103855e-05,12.136225,2.3187718,3.9434617,44.94717,1.0776082,0.013087043,0.0016114325,0.13047232,1.5742427,0.009597091,0.06975176,0.008104147
1.3960419,0.0002609337,2.7849867,0.08099794,8.287841,1.2102103,35.420277,4.9131115e-05,12.955072,2.2929292,4.2144313,55.74425,0.8796081,0.017885394,0.0014895605,0.1381215,1.4425135,0.010146084,0.09150968,0.008729014
1.4937506,0.00028479224,3.0360339,0.08498196,8.547406,1.215364,38.407856,5.338579e-05,16.006401,2.4815376,4.1974044,57.50947,1.1293364,0.018120516,0.0011815394,0.17451848,1.4697846,0.011179342,0.09669278,0.008664502
1.0833156,0.00017853719,2.1411636,0.027975276,7.600608,1.1865528,23.618929,3.76074e-05,12.483706,2.2509003,2.2803938,32.95418,0.91812843,0.0066479794,0.0011584386,0.09209759,0.9574984,0.0074128113,0.08181018,0.006202216
0.9426009,0.00023016057,2.4850776,0.044756487,6.6059375,1.2605435,22.473814,4.3224878e-05,15.794298,2.5169773,2.5716405,38.7376,0.89654493,0.009270479,0.0012826544,0.09271239,1.1953658,0.00890947,0.075061314,0.0067484807
0.9728819,0.00019293091,2.420631,0.03673384,5.9814506,1.2238106,18.782038,3.899024e-05,11.4865465,2.52259,2.8030074,36.425697,1.0097826,0.008130858,0.0012288351,0.081233114,1.1260408,0.008552313,0.07773281,0.0063854554
1.2865136,0.0001612513,1.7702231,0.056682605,8.615557,0.88459134,42.354065,3.449623e-05,8.629916,1.3848836,2.4051414,45.936577,0.53428125,0.012994908,0.000589979,0.120212086,0.76698625,0.00912781,0.1277097,0.008661185
1.2198031,0.00024355196,2.7130904,0.0685996,6.056093,1.2108592,30.37926,5.4229888e-05,12.766484,2.1189396,2.1981778,52.222736,0.90615904,0.0156074865,0.00092650444,0.14225276,1.3166902,0.014745369,0.122046694,0.012444656
1.2795029,0.00021222104,2.2669697,0.055512175,5.412739,1.0101254,33.677773,4.5140325e-05,19.879366,1.8365914,2.5267937,51.116653,0.7544121,0.010019456,0.00088481756,0.1377191,1.2416555,0.013579141,0.11374905,0.0092058815
1.5107021,0.0002508181,2.881751,0.14439312,6.6613517,1.1239326,29.824291,4.66936e-05,22.792908,2.276331,3.8509889,54.65253,1.1113558,0.01817136,0.0013385493,0.14334837,1.498558,0.014806847,0.10617975,0.012480392
1.5926101,0.0001966738,2.8712873,0.09698071,8.300246,1.0737165,28.410324,4.544212e-05,19.424225,1.8786039,3.7749166,55.62329,0.90205556,0.01648596,0.0012314438,0.1382972,1.4868218,0.014268361,0.09955621,0.0120158205
1.4410275,0.0002575523,3.0850513,0.08859718,6.32016,1.1143634,32.00764,4.769734e-05,21.549215,2.1173584,3.952162,48.726856,0.88705635,0.015795607,0.0011100426,0.15476893,1.574326,0.013564833,0.08820678,0.009890532
1.2405243,0.00016449971,2.08543,0.031355046,7.6193957,1.0969787,27.800245,4.015104e-05,10.716818,1.8540146,2.7309022,33.14543,0.77504957,0.009798407,0.0009880424,0.09383052,1.0258732,0.008581226,0.07568161,0.0061854436
0.93712085,0.00021173804,2.639532,0.0424873,7.185413,1.344461,23.122692,4.3184486e-05,12.369594,2.655614,2.1228168,39.912178,1.1267384,0.012541731,0.0014036595,0.09683534,1.1599405,0.008654246,0.08044296,0.0072209914
1.1652827,0.00015346087,2.1974213,0.031958073,6.6439443,1.0207639,25.602737,3.8517144e-05,10.377837,1.8870032,2.7176816,34.038586,0.79033756,0.0067170756,0.0010572631,0.09366692,0.9835129,0.008377102,0.08094522,0.0067198374
1.0308548,0.0001699604,2.274196,0.025497995,6.845098,1.1976057,19.329218,3.7319474e-05,9.084065,2.2891438,3.331082,34.030865,0.9628347,0.008438269,0.0011616801,0.07309889,0.9505898,0.007367974,0.0729939,0.0068440815
1.2212905,0.0002333474,3.2478025,0.06843316,5.7967863,1.3255959,22.965046,5.0467108e-05,11.430378,2.1777923,3.095101,58.643677,1.0393376,0.023759916,0.0013665956,0.10338355,1.5036848,0.014969227,0.09743296,0.010348174
1.1900011,0.00016718515,1.855447,0.05217294,7.894084,0.9576816,33.47369,3.555436e-05,17.164446,1.5186361,2.765756,42.404522,0.53307307,0.009503491,0.0007290058,0.10981178,1.0363759,0.011605479,0.08326409,0.007126277
1.0561732,0.00024402306,2.7111306,0.0691122,5.519878,1.3286892,25.122524,4.8061072e-05,19.233952,2.5418425,2.2375128,45.86154,0.9384152,0.010613,0.0013202692,0.10016011,1.3409902,0.009781179,0.085630275,0.00723418
1.3218037,0.0002412863,3.4172876,0.053171676,5.0741277,1.3835955,21.3527,4.698971e-05,15.275153,2.4073994,3.2279303,64.51314,0.96532756,0.01732019,0.0010986029,0.103011675,1.424328,0.011632423,0.09282617,0.0083527835
1.0699155,0.00025130046,3.335691,0.05753975,4.4161253,1.4738812,18.135307,4.6964284e-05,17.016365,3.050599,3.2800882,69.869934,1.2491052,0.011768062,0.0013654443,0.0942111,1.7319932,0.00977649,0.075757526,0.006918725
0.9755489,0.00020706802,2.985635,0.051795084,3.0732908,1.4665587,10.345725,4.106377e-05,17.978086,2.8115075,3.3447182,68.78278,1.1038619,0.010393239,0.001250872,0.06418586,1.3708438,0.010496836,0.07378683,0.007516416
1.2590997,0.00018516609,1.7731497,0.05678378,10.455649,0.9494047,46.490078,4.1791664e-05,12.76077,2.0141025,2.8904338,37.664368,0.8324611,0.010564275,0.001289376,0.13302782,0.8235852,0.010555661,0.09001502,0.010197776
1.2373381,0.00019223896,2.5810714,0.04646111,4.887735,1.3284922,21.81972,4.181814e-05,14.628179,2.5563874,3.002725,44.36888,1.0794423,0.012639214,0.001233653,0.08191266,1.354079,0.013383725,0.092950426,0.008280765
0.9250189,0.00023275746,3.649128,0.068541564,4.3823447,1.5821579,17.351328,4.618978e-05,18.32438,3.1984801,3.1039815,67.61783,1.5042256,0.013136589,0.001563159,0.09563003,1.7962815,0.010353107,0.07341259,0.007537343
1.4624157,0.00027130859,3.0350065,0.08267877,7.3283963,1.3255221,34.20142,5.0786304e-05,21.27384,2.666512,2.772599,52.37337,1.1134877,0.012437576,0.0011548587,0.1486161,1.4375988,0.015077346,0.11165858,0.010441475
1.4275101,0.0002592684,2.838434,0.07701189,6.6105924,1.3043453,32.096497,5.0303788e-05,21.408405,2.4868705,2.7841725,50.19173,1.1062008,0.011435605,0.0012624348,0.14882562,1.3263234,0.015950331,0.11494312,0.01040259
1.3369697,0.00019895926,2.3609023,0.074803986,6.7617064,1.0189399,28.63634,4.614031e-05,13.846399,1.9045832,3.1155813,44.618214,0.96378815,0.013341755,0.0012435388,0.12470445,1.0867114,0.012317828,0.107207775,0.00920507
1.4601231,0.00018892885,1.6945865,0.083169736,9.230325,0.74823624,39.240597,3.8289858e-05,8.792001,1.3429056,1.9079453,41.290768,0.618643,0.011308678,0.001026545,0.15672742,0.829369,0.012417772,0.1075167,0.00998232
1.4281892,0.00018487802,2.1501849,0.06401508,9.147879,0.9982694,33.51083,4.6289428e-05,11.906711,1.503908,3.9875634,41.68578,0.87528646,0.015019357,0.0013657345,0.12386804,1.1411434,0.0108794095,0.08808445,0.00911526
1.3160188,0.0001888146,2.5053527,0.058182918,7.066843,1.0674785,24.375542,4.742248e-05,12.754205,1.681386,4.528857,47.45042,0.76202357,0.011356918,0.0012617758,0.11174649,1.2268808,0.01007688,0.0941986,0.0076373704
1.4646454,0.00033038761,2.846821,0.23458709,7.169179,1.2018454,32.683678,5.780898e-05,10.989319,2.3501737,3.8304265,48.450024,1.0670936,0.023337116,0.0016263855,0.1602271,1.4293116,0.015573901,0.09552875,0.011177207
1.3983659,0.0002663116,2.969217,0.11938713,5.7871585,1.209224,30.51842,4.9918694e-05,15.867139,2.4347987,3.4943998,53.327766,1.2008983,0.01788007,0.0012129616,0.14588791,1.4013709,0.01688258,0.09411084,0.010214235
1.5317467,0.0002639162,2.6971703,0.14045821,8.3570385,1.0548232,41.598667,5.1084295e-05,11.3351555,1.9929743,3.3412104,50.529613,0.8653555,0.017285528,0.001321392,0.16527303,1.373183,0.012086612,0.09167569,0.010575716
1.8177358,0.00025811666,2.6310568,0.13252348,8.437572,0.9747758,40.708176,4.678001e-05,13.071762,1.8034718,2.8799858,50.454643,0.83738154,0.017329246,0.0011148382,0.13666733,1.2783182,0.012645489,0.09636886,0.010089317
1.5253619,0.00024474322,2.5630136,0.05543929,6.603873,1.1246805,37.172665,4.4718705e-05,21.022581,2.0711496,3.449898,41.706272,1.0086911,0.0128350165,0.0011981417,0.16252916,1.3135,0.016654557,0.09028235,0.009884707
1.3134061,0.00024039707,2.4968777,0.05496647,9.275211,1.160268,31.5619,4.9457696e-05,14.327927,2.2750027,3.1599863,37.442696,1.063284,0.0130434325,0.0016872952,0.14323956,1.4824443,0.010818376,0.074458726,0.008873136
1.1995053,0.00013955771,1.6382251,0.015064692,7.3720303,1.0094011,22.439941,3.480496e-05,9.731015,1.692157,3.748642,23.313053,0.75158846,0.006220738,0.0009789363,0.07052061,0.74036896,0.0066054165,0.07047076,0.0060581
1.422463,0.00030085878,3.409597,0.069019645,8.707643,1.3704807,40.902752,5.171472e-05,9.935441,3.0638304,2.975456,59.852837,1.6034745,0.017634751,0.0016150732,0.15314461,1.8729357,0.009767278,0.082761675,0.009400069
1.5527775,0.00020659495,2.2350752,0.07711894,8.757928,0.888682,34.93859,4.5053494e-05,12.591823,1.4645851,2.0626783,46.307217,0.7529473,0.017139666,0.0015198298,0.11136261,1.1712118,0.010215219,0.07778376,0.009252276
1.322734,0.0002162368,2.5713644,0.042793766,8.454461,1.0693948,30.63304,4.6992776e-05,9.605526,1.7988939,3.5726025,48.31436,0.9633868,0.01697307,0.0013642441,0.11946742,1.4075048,0.010857982,0.07117703,0.008280775
1.2635299,0.000167242,1.8086232,0.03707287,7.1532545,0.9372038,24.734138,3.5615558e-05,12.987459,1.7566252,3.3262358,26.074755,0.71497005,0.00598657,0.0008729278,0.08461502,0.9036754,0.0075388,0.0802327,0.006333019
1.1094958,0.00020714822,2.409486,0.06773556,4.686447,1.1944922,26.61858,4.0976334e-05,22.739494,2.2834086,3.2726285,37.78963,0.9268077,0.00547596,0.0010466416,0.08102108,1.2592524,0.009751875,0.08712244,0.00749482
1.1362393,0.00025097665,2.7226355,0.06028932,7.7376747,1.2546713,28.127686,4.668402e-05,12.168415,2.325129,4.014416,44.879597,1.094036,0.012731539,0.0015645549,0.1290359,1.5331409,0.009694569,0.07196236,0.008202389
1.1915697,0.00024356256,2.7212586,0.06257603,7.5570316,1.1928936,27.380959,4.6841957e-05,12.737413,2.2468047,4.048142,44.784615,1.0253507,0.013975513,0.0016361874,0.13269542,1.6352841,0.010817317,0.06632898,0.008043802
1.3815035,0.00026971477,2.8110964,0.08201281,8.089778,1.2082105,34.57172,4.9695667e-05,12.637427,2.29598,4.3290906,56.191975,0.90287054,0.018532407,0.0015279377,0.13794373,1.490006,0.010350512,0.09069932,0.008606865
0.94052446,0.00022964006,2.4781737,0.044561516,6.582919,1.2653219,22.4746,4.3126412e-05,15.679623,2.5208611,2.5746417,38.567646,0.89799213,0.009162486,0.0012783906,0.09239763,1.194448,0.008868462,0.07490929,0.0067170705
1.3188328,0.00021875874,1.9495418,0.05605155,8.095549,0.94556856,40.659973,4.0636663e-05,11.137498,1.681906,1.9997258,41.192333,0.6333631,0.012278867,0.0008511992,0.12112728,0.9818111,0.011871024,0.10839578,0.010120383
1.2006428,0.00021543293,2.1234992,0.060975578,8.260151,0.8700405,32.57091,4.3867753e-05,9.687851,1.6750759,2.1293337,42.172886,0.69494057,0.015234385,0.001057151,0.10004276,1.2424067,0.008614644,0.08083333,0.008076461
1.369324,0.00012720523,1.5172433,0.06859924,7.826012,0.8915473,44.687946,3.1373274e-05,8.214725,1.2909325,2.4212472,44.48617,0.41408828,0.013202048,0.0006296869,0.12505977,0.60270286,0.010102774,0.11823394,0.009048048
1.2784204,0.00015657967,1.7736915,0.05666539,8.619584,0.8901367,42.431602,3.45232e-05,8.463366,1.4121919,2.4172828,45.815395,0.5495406,0.012591532,0.0006273613,0.11768016,0.7700221,0.009064184,0.12595558,0.0085246
1.1957597,0.00024913528,2.7705312,0.06346396,6.027992,1.28785,31.745504,5.259211e-05,11.994719,2.3864284,2.3075788,54.786835,1.0665911,0.013977379,0.0010346214,0.14313982,1.3892477,0.014557402,0.1199441,0.011903625
1.2828532,0.00014748023,1.8069786,0.049216744,7.4217067,0.884422,35.083836,3.3553246e-05,10.760285,1.502511,2.2406335,41.084034,0.44948888,0.011101724,0.0005764488,0.10428567,0.76767635,0.010467255,0.12448497,0.008848221
1.3043901,0.00019854336,2.4116607,0.050757688,5.9573097,1.1118073,36.37697,4.6632704e-05,13.616374,1.9743413,2.253374,51.843773,0.8416735,0.011483819,0.0009199331,0.1860986,1.2034992,0.017293554,0.11975676,0.011822849
1.4252121,0.00023447635,2.3491147,0.11163325,6.149288,0.9264692,34.4152,4.3270415e-05,22.99071,1.703211,3.7149537,44.596725,0.7458099,0.013566389,0.000944132,0.1317315,1.114761,0.014466809,0.09967423,0.011288232
1.2705637,0.00022998312,2.675599,0.08330073,6.924292,1.1317334,28.52759,4.6574187e-05,15.343708,2.038365,3.6088645,45.910576,0.9270689,0.009473498,0.0014351661,0.12263274,1.4814366,0.011832525,0.07907266,0.008566095
1.5536906,0.00020140356,2.7362232,0.10943114,7.8958364,1.0901047,34.859257,4.922659e-05,18.41696,1.8821352,3.5937681,49.90924,0.8560588,0.015513445,0.0010475916,0.15163574,1.3079507,0.014339003,0.098870374,0.01132492
1.5089005,0.00025111352,2.886101,0.14508383,6.65763,1.1261245,29.834566,4.6795925e-05,22.80401,2.2788393,3.850263,54.7091,1.1145514,0.018192457,0.0013424905,0.14373673,1.5035075,0.0148089025,0.10615451,0.012505073
1.5571936,0.00020867301,2.7013924,0.08401916,7.7020917,1.1953169,30.337112,4.74541e-05,16.708279,2.0340505,3.6024413,48.024086,0.9595177,0.013691145,0.0012866367,0.12385584,1.3242214,0.013688222,0.09623507,0.011349937
1.1654732,0.00020820838,2.3759437,0.034063615,7.710476,1.224221,28.797852,4.7013244e-05,10.778901,2.0443964,2.4853368,38.290306,0.84440994,0.016131418,0.0012885102,0.12406003,1.2940992,0.010136241,0.07617218,0.008065936
1.2172194,0.00016601314,2.1907005,0.03364842,6.9078984,1.0584916,26.756437,3.872273e-05,10.453941,1.6456254,3.0615861,35.46178,0.7121964,0.007455729,0.0009851999,0.09505316,0.94486684,0.008798336,0.079594456,0.007245291
1.0710478,0.00017097543,2.3153112,0.031211551,6.9930534,1.144233,22.032412,4.01658e-05,11.83199,2.0327814,2.6337314,35.159935,0.85085803,0.009716874,0.0012288047,0.08377988,1.1625476,0.008330263,0.06454678,0.00600905
1.1488059,0.00015505862,2.3281012,0.034568693,6.5398145,1.031354,25.344717,3.934114e-05,10.931776,1.9197563,2.7089088,37.304626,0.8024123,0.007023698,0.0011088738,0.09794702,1.030493,0.008648386,0.083390184,0.0069554555
1.0689017,0.0002113633,2.3858397,0.036246717,5.76038,1.2385311,16.384306,4.1218038e-05,10.356071,2.3252084,3.0739195,40.6694,0.9039997,0.011338664,0.0013072656,0.07197677,1.3750784,0.008882914,0.06564091,0.006339669
1.0069801,0.00018933894,2.5125935,0.03495748,6.928559,1.2264508,18.352188,3.9773095e-05,9.52707,2.3604758,3.0713882,38.7599,1.064565,0.010796757,0.001335564,0.07612063,1.1014944,0.007307804,0.06759445,0.0069050146
1.0551374,0.00023778382,2.784523,0.03892158,7.142615,1.3249129,21.435965,4.433066e-05,12.0298605,2.5577097,3.1544394,45.779106,1.0577487,0.013904239,0.001703829,0.086462356,1.5161862,0.009363111,0.059308514,0.007654968
0.99606425,0.00021811988,2.8359604,0.043373592,6.4423127,1.1907821,18.16789,4.243111e-05,9.971523,2.475405,2.893435,45.13939,1.111402,0.013902496,0.0015235316,0.080120265,1.4060938,0.008352934,0.06452725,0.006919007
0.9688899,0.00019110327,2.3929164,0.03637244,6.1343493,1.1723245,15.986093,4.029703e-05,10.413932,2.2254536,2.804907,36.8638,0.91784596,0.01168466,0.0013571343,0.07316047,1.2038667,0.008229131,0.07458203,0.0067040017
1.0520964,0.00022739035,3.2247212,0.06343324,3.087406,1.394069,10.152095,4.0953164e-05,18.61983,2.7602088,3.270448,67.94879,1.188694,0.01181132,0.0012193122,0.06686546,1.5446832,0.0105517935,0.07914467,0.006713404
0.9136025,0.00025040307,3.019815,0.06865302,5.342898,1.4809618,19.974003,4.8169408e-05,16.10681,3.1006322,3.215705,56.019367,1.2534592,0.011556583,0.0014816957,0.096821874,1.5564281,0.010048029,0.081338234,0.0068481937
1.189805,0.00016714474,1.8550382,0.05217266,7.888419,0.95751405,33.458675,3.556888e-05,17.176464,1.5188993,2.7654274,42.405724,0.53309584,0.009504842,0.0007299984,0.10977747,1.0371237,0.011603671,0.08322132,0.0071243504
1.1664908,0.00022087725,2.7513304,0.04262356,6.3982024,1.2193159,26.319405,4.226165e-05,10.973243,2.3416817,3.0652242,51.863976,0.96110034,0.012973883,0.0012400004,0.0925502,1.3784633,0.009710841,0.066193745,0.007461094
1.2695241,0.00022530384,3.2520287,0.057521295,4.2826166,1.1415939,17.198973,4.2643478e-05,19.506325,2.0444024,4.055941,67.72103,0.78577346,0.013162458,0.0008970172,0.0964596,1.5082293,0.010540683,0.08385083,0.006922662
1.3513006,0.00026772165,3.4758122,0.062006503,5.1775193,1.3443831,25.727797,5.241384e-05,19.19052,2.6975987,3.1080735,66.37622,1.1980492,0.016649267,0.0011114584,0.1289232,1.7844386,0.012885801,0.08809006,0.008713485
1.0224777,0.00019872951,2.7743998,0.05631153,3.4628918,1.3283311,11.491299,3.959536e-05,13.139855,2.5609186,3.1610248,54.854557,0.97517604,0.010897247,0.0011998283,0.0580597,1.3920804,0.009776284,0.072264306,0.0065386635
1.2464553,0.00022567142,2.6880403,0.06076052,4.8437834,1.3278844,24.78818,4.6833644e-05,16.413565,2.4585235,3.9304748,50.244602,0.99417657,0.014283409,0.0011409315,0.11031307,1.2904085,0.015321232,0.09951967,0.010292856
1.0497056,0.0002265398,3.1376379,0.062066395,3.1139395,1.4728069,10.404,4.07013e-05,18.391693,2.6648624,3.135729,67.7235,1.1998821,0.013384948,0.0013423789,0.065736175,1.6272155,0.010525034,0.075779125,0.007224203
1.272266,0.0002330614,3.3099463,0.06663954,4.349699,1.3426743,17.485767,4.6785488e-05,19.148771,2.3336484,2.8119764,71.11028,0.97327334,0.01665989,0.0009507446,0.09839952,1.5413858,0.010629695,0.070285365,0.00677538
2.0028749,0.00019264786,2.155883,0.064002454,10.024335,0.9651023,44.971363,5.284519e-05,15.250261,1.7100776,4.391038,30.670883,0.8030258,0.013125635,0.0011466056,0.1444882,1.1476468,0.01135112,0.091594584,0.0100477645
1.4056343,0.00017628711,2.1496534,0.057748612,7.9978004,0.999518,32.44293,4.562479e-05,12.702354,1.4655015,3.626786,44.652985,0.8137606,0.013501312,0.0013095689,0.119720146,1.1344285,0.010731054,0.08863594,0.009059224
1.2801545,0.0001919851,2.720508,0.05693348,7.0818143,1.1582652,27.566376,4.784127e-05,12.058261,1.9362947,3.8967009,52.408825,0.9250952,0.012977563,0.0013759608,0.11847568,1.3743896,0.010351322,0.09156085,0.008776697
1.5138494,0.0002374641,2.416696,0.1202576,8.895846,1.1221455,36.36023,5.337012e-05,11.174757,1.8438193,4.16743,42.252716,0.9274902,0.019791313,0.0014828444,0.1516705,1.2380351,0.012106652,0.09338867,0.010020387
1.3082352,0.000236955,2.582318,0.059184123,8.992371,1.1560047,31.553337,4.8568778e-05,14.389987,2.2904491,3.2261903,39.96055,1.0766501,0.013143002,0.0017322002,0.14236176,1.4979364,0.010727465,0.07524599,0.008854883
1.2609876,0.00024209854,2.6428063,0.08451466,7.991498,0.98396474,38.532818,4.9660157e-05,12.307908,1.8636053,1.5132926,50.15292,1.0566514,0.01680068,0.0021214054,0.14989278,1.4885203,0.012640405,0.08744595,0.013023172
1.1645699,0.00026011872,2.7449503,0.090941265,7.7656746,1.0724304,37.893616,4.6465688e-05,11.628568,1.9555517,1.7419535,54.97636,0.9488097,0.016425014,0.0020219958,0.14012326,1.493038,0.010644071,0.07886187,0.010816543
1.2061435,0.00021555764,2.5269961,0.077564895,8.017356,0.9775593,37.809734,4.3839686e-05,11.923131,1.8720118,1.5785745,50.62662,0.9943543,0.01611798,0.002157237,0.13362959,1.4078685,0.011172731,0.07839843,0.011902727
1.2462145,0.00013060441,3.1541617,0.038172245,6.865704,1.5096326,28.326887,4.444341e-05,8.02283,2.9201372,2.7013443,62.413063,1.2931739,0.012436188,0.001284808,0.11653897,1.4265896,0.007272354,0.08287813,0.008731987
1.1961004,0.00031363865,5.1921825,0.089514986,8.47755,1.4128494,39.623936,5.9737707e-05,12.123364,3.5182917,3.8648548,104.24721,1.8075737,0.021653168,0.0021569564,0.21354833,2.37768,0.012947873,0.08733387,0.011579044
1.3071371,0.00030372504,3.9006133,0.06938579,9.107261,1.6594055,41.3845,5.8752885e-05,11.569516,3.6348982,3.4105299,79.903336,1.8896382,0.019535434,0.0023417394,0.17773059,2.167611,0.01145939,0.08161435,0.009894868
1.2470067,0.0003335608,4.957529,0.084045686,8.899133,1.8114394,43.657825,6.110068e-05,11.644942,3.800568,2.9973054,113.0649,2.002069,0.018655855,0.0020079333,0.21443662,2.2925334,0.013509601,0.07595146,0.010193
1.2787349,0.00029937126,3.509841,0.0929541,7.1673784,1.4301353,36.702877,5.6582347e-05,8.004098,2.0949996,3.1282241,75.87701,0.8841603,0.02283483,0.0013368177,0.13969685,1.5455173,0.013207516,0.097167954,0.011043171
1.2588884,0.00012488864,3.4298222,0.0534326,6.2041774,1.5588008,29.477625,4.617848e-05,9.970176,3.1699843,2.6133733,68.77251,1.3986775,0.013630093,0.0013551349,0.111424334,1.5829606,0.008059132,0.08530884,0.008562238
1.3000088,0.0003227478,4.0681376,0.06646371,8.887222,1.5871457,40.922806,6.1248706e-05,11.042395,3.5272667,3.4660456,83.60645,1.9173281,0.019351909,0.0023437364,0.1838055,2.2758296,0.010745687,0.08884305,0.0096522765
1.2633278,0.00020807561,3.6706502,0.07164515,8.045458,1.298045,41.60939,4.9583698e-05,14.182137,2.2921095,1.9526886,73.98293,1.4005369,0.018074434,0.0022237594,0.13047117,1.6170495,0.012092269,0.097184695,0.010950131
1.2992641,0.00029771266,4.453044,0.098529406,8.656287,1.710028,42.38208,5.6155557e-05,10.080567,3.699356,3.475354,96.613945,1.6543741,0.018392565,0.0018386148,0.16177471,2.1900673,0.011982385,0.10464453,0.010495493
1.1193205,0.00014198679,2.6851478,0.04306101,6.497915,1.2371417,28.36827,4.0363186e-05,7.9197054,2.4195004,3.0220304,48.982765,0.9899743,0.013366575,0.001245827,0.1038421,1.1167774,0.008135872,0.07665893,0.0084979795
1.2002866,0.00019929356,3.1370032,0.05613185,8.156893,1.5605675,35.584625,4.4783108e-05,11.209065,2.8271103,3.3845665,61.403168,1.0818417,0.013792385,0.0014665086,0.13633919,1.4727232,0.009685892,0.089932606,0.008619387
1.247187,0.00031348277,4.3798957,0.1028852,8.248584,1.4015013,38.38721,5.837217e-05,11.812819,3.1075418,4.082268,91.67782,1.4741658,0.020186178,0.0019210702,0.18033604,2.1261692,0.013172517,0.0933532,0.011057452
1.4036181,0.00029667764,3.6476805,0.13488287,6.8696284,1.5057341,34.022167,5.7892103e-05,15.837589,2.7719386,3.7258244,75.399445,1.0838954,0.021940518,0.0014452036,0.1499679,1.8099366,0.016460722,0.08630516,0.012040909
1.2217202,0.00022122117,2.916086,0.0628197,10.847047,1.3641704,41.74538,4.845331e-05,9.651547,2.8286498,3.9140704,58.491714,1.3159059,0.014641903,0.0018113739,0.14920883,1.3562849,0.010371175,0.08646825,0.009736294
1.3819923,0.00028761066,3.5996876,0.10135075,9.180816,1.2579575,52.14658,6.573232e-05,10.993682,2.2978547,3.2713025,75.75141,1.1855347,0.020030916,0.0017087366,0.19329385,2.0306787,0.016091546,0.102213,0.0129768485
1.2533777,0.00030979543,3.8787174,0.10996252,8.888868,1.3738079,42.831524,5.842595e-05,12.564811,2.815521,3.935139,82.11516,1.3610826,0.018208882,0.0017877528,0.22241613,2.0971122,0.012990736,0.073815964,0.010484373
1.2261324,0.00023272558,3.3567219,0.06562898,7.2179923,1.3050116,32.903584,4.9309998e-05,10.209796,2.4730768,2.1392229,61.895092,1.1680698,0.017571118,0.0019674797,0.14200889,1.8664612,0.011206967,0.07579591,0.008588723
1.2255573,0.000177024,2.909196,0.0551093,6.8816814,1.2819341,35.653397,4.708465e-05,7.777687,2.4497497,3.3654404,57.946808,1.1267434,0.013511667,0.0015412809,0.11891948,1.3624681,0.008566943,0.073598266,0.008910633
1.252776,0.00036258067,5.4554596,0.08391626,8.510203,1.7419928,40.10321,6.130674e-05,12.48412,3.3419354,3.1115868,106.93912,1.8456926,0.023089193,0.002766932,0.17699589,3.1334763,0.010498621,0.05361802,0.009111716
1.2776617,0.00033941565,4.9412465,0.079514444,9.074395,1.6834148,39.735214,6.33743e-05,12.626478,3.0915914,3.555684,91.719246,1.731352,0.02396556,0.0027213893,0.1795012,2.9481916,0.0108616585,0.06401812,0.0094234925
1.2335161,0.00035101656,5.566804,0.08139001,8.573846,1.7234963,40.092503,6.386082e-05,12.934349,3.5364769,3.4974225,111.77604,2.1077337,0.023040848,0.0026295444,0.18849254,3.0440245,0.011055637,0.05243634,0.008878804
1.2339575,0.0002818314,5.0273046,0.08035207,7.6333594,1.5101123,37.7057,5.7462545e-05,12.03917,3.2587533,4.0681396,98.06575,1.5918003,0.018543148,0.0019588338,0.22163787,2.8530073,0.012407141,0.06847154,0.010125986
1.2358396,0.00032958316,5.1129313,0.07344867,9.7364855,1.8293046,44.523903,6.182789e-05,13.435251,3.869384,3.9936507,109.154854,2.042665,0.021581797,0.0023315612,0.18357477,2.6456878,0.013637594,0.061890334,0.010349594
1.2559776,0.00021633203,2.5955245,0.06572437,6.8088646,1.1429987,35.84095,5.096636e-05,7.613545,1.8414146,4.0399113,55.979477,0.88463145,0.017278397,0.0016652344,0.11552331,1.1937495,0.009955862,0.074531436,0.008156401
1.2794114,0.0002511688,3.1929483,0.058000583,8.35373,1.271777,36.265167,4.581867e-05,8.510367,2.8977814,2.8924642,64.85513,1.5827096,0.01437736,0.002016955,0.12610568,1.6553886,0.009737605,0.06823979,0.008134191
1.2331895,0.00022867453,2.1976361,0.047910303,7.481689,1.125214,24.206053,4.4576744e-05,10.445893,1.7968297,5.7001476,45.545277,0.8170293,0.014056429,0.0012854728,0.10400016,1.3171415,0.010106596,0.0657506,0.00786273
1.2423947,0.00021583929,2.8070254,0.058081422,7.377498,1.2595862,33.69072,4.5877292e-05,9.825745,2.3130748,3.1131992,54.337337,1.022586,0.013555634,0.0015973662,0.13128923,1.3576154,0.010428677,0.08268567,0.008251658
1.2498673,0.00025151978,3.061614,0.08357643,6.7469306,1.1610122,27.055733,5.0197457e-05,8.590693,2.18792,2.2705336,60.714825,1.1620644,0.016456034,0.0019397584,0.11357096,1.3687401,0.010283846,0.07237097,0.009432749
1.3020542,0.0002766831,3.5726933,0.075238936,7.39386,1.2979208,41.892345,5.5134482e-05,10.414057,2.4417958,3.280039,75.089966,1.353203,0.017005956,0.0017461181,0.16753696,1.8700979,0.011463161,0.06493006,0.010510234
1.4263461,0.00027071318,3.0621717,0.076866806,8.706423,1.1938939,46.1433,5.268921e-05,11.399107,2.4124622,3.0878682,60.94963,1.290848,0.01798709,0.0015796033,0.14075214,1.6344929,0.011464275,0.08758321,0.010282224
1.3878918,0.00031337695,3.8499496,0.08768913,7.9491224,1.567538,37.66176,5.861901e-05,11.724572,3.0185003,4.3327403,77.42781,1.4444996,0.019637782,0.0018259916,0.16347794,2.2358017,0.012274726,0.104716435,0.010217485
1.3900712,0.00021425434,2.967186,0.070180446,9.491507,1.2513806,39.97304,4.3808708e-05,9.10746,2.739003,3.2014923,60.91154,1.400578,0.01445868,0.0013884917,0.11587204,1.311235,0.009522023,0.07352258,0.008493853
1.2171669,0.0002026186,2.8315632,0.05584385,7.403207,1.2168752,33.061436,4.2064803e-05,8.175958,2.2884488,3.3571928,55.20157,1.1245818,0.015292374,0.0015924571,0.11298416,1.3063748,0.009787225,0.076520525,0.008710543
1.2836281,0.0003320458,4.8988676,0.11010521,9.304526,1.5667675,44.491436,5.919084e-05,15.928708,3.1708786,3.108397,102.50876,1.448007,0.022795629,0.0016975295,0.22387287,2.0978947,0.014898723,0.09810396,0.011954281
1.2148625,0.00020836736,2.597076,0.072497524,6.1214027,1.3001231,31.196741,5.171472e-05,17.465378,2.422391,2.7911134,55.648365,0.98660564,0.013571987,0.0013601143,0.15701753,1.2305465,0.012943582,0.103086196,0.009877528
1.2890023,0.00031406566,3.9832888,0.07775167,9.971717,1.5835412,46.631153,5.9039583e-05,12.18649,2.8515198,3.5311325,83.80575,1.3774008,0.020616895,0.001764835,0.22935575,1.9814839,0.014440149,0.0947528,0.011537184
1.3057584,0.00026116864,3.9404008,0.06647136,8.790178,1.3264818,49.4481,5.668453e-05,13.449967,2.8025997,4.3323174,84.36666,1.2338436,0.018081667,0.0017926226,0.21409622,1.915014,0.018515892,0.10371433,0.013583566
1.22757,0.00033466602,5.291148,0.06517447,9.234662,1.6409212,44.71684,5.8602363e-05,12.358374,3.3525064,3.0944407,107.55325,1.747216,0.01813865,0.0018795439,0.27018043,2.4158673,0.014251417,0.09173743,0.011234747
1.2778474,0.00032590525,5.2516356,0.07537713,9.76079,1.6927958,50.315117,6.589101e-05,13.360553,3.2929072,3.430588,97.380165,1.7353842,0.021225639,0.001983667,0.24660818,2.5180295,0.016406542,0.0908859,0.012347933
1.3244213,0.0003610709,5.436878,0.09950327,9.874367,1.5962027,43.66006,5.964751e-05,17.321209,3.497293,4.0856714,116.75536,1.8075143,0.025064602,0.001496916,0.22226703,2.4459715,0.012736627,0.1050133,0.00951829
1.3929378,0.00023107459,3.0633163,0.086634025,8.04642,1.230149,42.41272,4.2876072e-05,9.758671,2.679583,2.9285185,71.23699,1.4997982,0.014893973,0.0016168079,0.12338212,1.4271791,0.012073753,0.061862115,0.0088183815
1.2608781,0.00022423924,3.3527596,0.076499514,8.077957,1.2761768,39.192368,4.972787e-05,11.639826,2.7018058,2.8465102,76.89725,1.3881899,0.017070174,0.001733963,0.143196,1.4505519,0.013922246,0.07038273,0.011754606
1.2092675,0.00022222791,3.2538445,0.060393788,8.113938,1.2761732,40.078415,4.938791e-05,11.989635,2.425273,3.6574626,69.79018,1.2157768,0.01599462,0.0016185414,0.14399867,1.5770713,0.01021104,0.083466835,0.008707612
1.2578837,0.0002073128,2.558841,0.0692033,6.4960723,1.1018628,31.17357,4.6554884e-05,7.5402627,1.7851254,3.7562766,51.496494,0.8586493,0.015186276,0.001793073,0.112218186,1.2301804,0.009880846,0.088226855,0.009421893
1.216629,0.000204921,2.5695179,0.06631534,7.30106,1.1542943,30.93942,4.3489108e-05,10.048024,1.8145291,5.9377437,47.218273,0.73261374,0.013291703,0.0012333617,0.11853741,1.1678444,0.011973737,0.09233581,0.010108635
1.2539022,0.00023095385,2.719042,0.08075435,6.408658,1.1048005,31.084045,4.9499875e-05,6.1777883,1.993443,4.228857,53.349716,0.8062874,0.017372744,0.0016491651,0.107942864,1.2716757,0.010471949,0.089529276,0.009258673
1.3819942,0.00025739614,3.4069712,0.0777765,8.426024,1.2514532,39.88259,5.539279e-05,11.077997,2.5083704,4.731811,73.7497,1.2794161,0.01767921,0.0022621073,0.15947609,1.6751229,0.010865414,0.11118988,0.010276557
1.2998632,0.00018303453,3.184177,0.059888624,7.4470873,1.2796605,39.884125,4.6122477e-05,10.363731,2.4701917,4.5466485,66.26571,1.1497965,0.014141785,0.0012570266,0.117621675,1.5347751,0.008410754,0.09469698,0.007966537
1.2034752,0.00021090473,3.3665063,0.06568322,7.315677,1.3835503,38.88163,4.9030314e-05,10.595272,2.611185,3.0711496,66.542465,1.254552,0.014837833,0.0014620043,0.10873243,1.5401031,0.007860434,0.0822166,0.0073639415
1.309587,0.000237561,3.0324721,0.06953618,8.41113,1.3606944,34.330902,5.2467887e-05,11.91278,2.0623846,3.8350282,59.351295,0.89188564,0.017190093,0.0013552099,0.17152134,1.3285364,0.015461367,0.10286596,0.012403703
1.2537345,0.00034185709,5.330527,0.09145569,8.198705,2.0887551,41.95911,6.138974e-05,11.552687,4.290342,3.873327,108.45387,1.9860734,0.020528145,0.002333822,0.19119585,2.8116767,0.013503165,0.10429814,0.01127862
1.3907869,0.00021159436,2.980334,0.06931353,7.8773394,1.2344341,40.90528,4.9088558e-05,14.33523,2.265992,3.8688226,64.26531,1.0660092,0.01389251,0.0015816109,0.14935645,1.6587284,0.013907982,0.07878262,0.008606924
1.2444986,0.00024065562,3.2742403,0.0696026,7.80529,1.3814799,33.077717,4.947826e-05,9.990265,2.4994714,3.938204,65.1361,1.0681283,0.017007345,0.0019040251,0.13458191,1.8119535,0.011281817,0.0768378,0.009217859
1.1534754,0.0002295087,3.5309772,0.04937953,8.004871,1.5689319,29.452143,5.1843293e-05,11.211752,2.7351785,2.7126548,71.619316,1.3154981,0.015575452,0.0019509451,0.15629244,1.5691108,0.010714925,0.07897494,0.009176415
1.3399566,0.00034381417,5.447549,0.0817668,10.007741,1.5953429,51.82286,6.310399e-05,14.629087,4.2114644,3.0193944,93.63727,2.9349015,0.022929443,0.003060963,0.22863317,3.2041287,0.015282494,0.097409785,0.011488021
1.2564815,0.00029531002,4.4862914,0.105720095,9.301594,1.6001949,40.243294,5.422923e-05,11.670716,3.8172493,3.8660023,91.818184,2.009996,0.019020917,0.0022771198,0.2181591,2.0324516,0.016226554,0.09318226,0.013035117
1.2869126,0.00019824812,4.150063,0.077540345,7.3596277,1.7442312,37.735836,5.2838266e-05,11.335487,3.6908598,2.6125848,85.545715,1.6177267,0.015302239,0.0021574954,0.17014058,2.1483614,0.011765704,0.072198234,0.009284551
1.2816731,0.0002345551,4.3577895,0.08499249,6.7217083,1.411935,29.882662,5.565368e-05,10.743569,3.465693,2.0098286,82.21064,2.005288,0.020444166,0.0027913677,0.14743748,2.4091887,0.009205121,0.0675374,0.010342523
1.3092624,0.00023028257,3.5169144,0.068398714,7.707802,1.2876942,32.66466,5.623235e-05,10.163766,2.229757,2.447429,64.11511,1.0011594,0.018156862,0.0016247655,0.15517391,1.6665012,0.011178979,0.08834474,0.0093963
1.2718928,0.00025117886,3.822774,0.07084286,7.2626767,1.4107732,31.859686,6.000514e-05,10.394928,2.2469542,2.3115506,71.87319,0.99401474,0.018857412,0.0017724433,0.16376911,1.872748,0.011058494,0.08628987,0.009504031
1.2316864,0.00033730385,4.0181837,0.09707844,8.4672365,1.471438,42.198334,5.8580685e-05,12.540603,2.9093645,3.4035869,83.00525,1.3513623,0.017742736,0.0016112766,0.22087802,1.9674187,0.013484589,0.073116995,0.0103704715
1.476406,0.00022130145,3.4072807,0.06943498,9.873974,1.3693051,49.804653,6.0121605e-05,13.241954,2.7568777,2.8629043,77.83096,1.3436707,0.016099999,0.0016820043,0.22336774,1.5673281,0.016455155,0.10614856,0.012639846
1.5586927,0.00029031842,2.6972914,0.109801106,9.740715,1.1699858,42.79488,5.80405e-05,11.369198,2.0984306,5.088379,58.915413,1.0417961,0.021212796,0.0019235535,0.15827854,1.5171849,0.013384061,0.09604444,0.011729714
1.494397,0.00026120737,2.738174,0.12420549,8.621185,1.2121866,39.90956,5.7063688e-05,12.04089,2.1279445,4.7484937,59.97779,1.0051117,0.022818591,0.0017606663,0.1472871,1.4395888,0.013850421,0.0915657,0.012028439
1.2432678,0.00036070315,4.992137,0.07711959,8.942516,1.7046769,41.302002,6.29931e-05,13.479172,3.754703,3.8166728,86.68705,1.9094071,0.024621086,0.0027445,0.17143995,2.9365585,0.013786736,0.055278726,0.008989887
1.2798814,0.00022438738,3.5280256,0.050018694,6.605776,1.2869537,34.493183,4.578025e-05,8.374241,2.8438604,3.6978471,71.31015,1.269031,0.017499778,0.0013142433,0.13426629,1.6893054,0.010972076,0.07285804,0.00977384
1.0875355,0.0002549785,3.0452037,0.06373479,4.848419,1.3221793,18.120272,4.743002e-05,8.609141,2.4158778,2.2338893,59.110413,1.0288655,0.015034214,0.001484118,0.11044664,1.5948505,0.009744807,0.056962807,0.007618292
1.1359828,0.0002339806,2.9362867,0.058006857,6.5655594,1.3056006,27.430494,4.9010207e-05,8.553594,2.0254564,2.8964484,56.14239,0.83675015,0.015932923,0.0013471307,0.11840825,1.5661749,0.0094954735,0.07092466,0.0080208415
1.21675,0.0002282036,3.146292,0.06831132,6.8271546,1.3170393,34.071426,5.1878058e-05,6.792318,2.2813618,2.8873088,66.96223,1.0938028,0.02004551,0.0017044784,0.10713322,1.450562,0.008853941,0.06980385,0.007889978
1.2836661,0.00019681573,2.9976642,0.05723874,7.3034124,1.1123978,32.87721,4.6387737e-05,8.328061,1.9794693,2.7308893,62.180187,0.80641866,0.017338363,0.0012606103,0.13800927,1.1205486,0.012385896,0.09614772,0.011172607
1.3903286,0.00023058544,2.375199,0.08843876,7.4340224,1.1341311,34.85752,4.5502762e-05,14.282297,1.8265227,2.5180225,52.451595,0.6204499,0.015767727,0.0013300668,0.13016912,1.2244323,0.010927945,0.08528437,0.0077035697
1.1929325,0.00029940053,4.3815436,0.080330156,6.23779,1.6015102,27.966225,5.3851963e-05,13.128533,3.35788,2.1311188,87.23533,1.4258358,0.019144045,0.0020906003,0.14117225,2.0903268,0.010474944,0.060405873,0.007986874
1.1856803,0.00014869314,3.1150026,0.045151774,7.7072906,1.4931068,27.768864,4.5099252e-05,7.8030167,2.9374623,2.192307,61.728,1.3309999,0.013903689,0.0015214252,0.11928564,1.3948632,0.007929055,0.069410205,0.008556609
1.2977544,0.0003394334,4.0946264,0.09266226,8.774016,1.5686051,41.611965,5.477801e-05,12.126384,3.0634882,3.8471344,88.901215,1.5084419,0.019177498,0.0013852248,0.20131475,1.7844263,0.014190759,0.1086575,0.011579473
1.2420502,0.00033916265,5.7844515,0.08306915,9.693827,1.7123088,45.023144,6.182198e-05,12.218313,3.18769,3.1996539,112.50284,1.8910195,0.020453157,0.0021918323,0.26087385,2.4290826,0.014825572,0.09270271,0.010478722
1.3584903,0.00026348588,4.2796555,0.06458103,9.22203,1.3567389,48.998447,5.1342267e-05,14.032458,3.127814,3.2310717,82.29196,2.0999405,0.018419078,0.0021183267,0.19264443,2.2949138,0.013902598,0.08941647,0.0097521
1.143566,0.00021360336,2.374439,0.07200764,7.2587833,1.0923077,31.841951,4.4015644e-05,12.451412,2.1960735,4.0121136,49.469524,0.9888634,0.014588503,0.0013504648,0.13945927,1.1536394,0.01108809,0.08451334,0.008003476
1.0899096,0.00020779077,2.6640265,0.05243538,7.5844383,1.2338666,33.362427,4.6197092e-05,16.072445,2.4430313,3.3996503,59.74458,1.2397093,0.014538122,0.0015375746,0.13662453,1.2804658,0.011064444,0.08490292,0.009291166
1.4128003,0.0003237169,4.027731,0.080316536,8.113104,1.2853961,33.30621,6.124594e-05,16.141968,3.2170553,2.2025821,75.29924,1.8217747,0.016871778,0.0018077916,0.18371886,2.1202784,0.013456492,0.09893688,0.009638869
1.2370063,0.00032299006,4.3716874,0.11302958,8.502257,1.5823357,39.226414,5.6323923e-05,12.511866,2.9943542,3.2129247,97.97511,1.4719589,0.022255875,0.0020936443,0.19983761,2.1053202,0.011860949,0.058804955,0.008788581
1.2917361,0.0002863029,4.9176025,0.08843227,8.448507,1.7445927,41.19954,6.4756874e-05,12.757773,4.057108,3.6721485,103.94604,2.1509624,0.021353573,0.002416669,0.22226085,2.5771782,0.017342983,0.09357977,0.012529443
1.2967255,0.00022340483,3.6734116,0.07141826,8.436807,1.1866528,36.24186,5.445386e-05,13.308999,2.2544415,3.1395524,76.971375,1.2323366,0.017517138,0.0018313994,0.1868423,1.8418285,0.011040071,0.06667609,0.00916377
1.3169854,0.00028164915,3.982501,0.0682014,7.8792458,1.3346046,43.48167,5.7738445e-05,10.584949,2.5762622,3.5816188,85.255516,1.1377591,0.0168207,0.0015184706,0.19635063,2.0769296,0.011767706,0.07453103,0.007978018
1.3632541,0.00027460692,3.5817182,0.09121133,8.398879,1.2912012,38.207146,5.2586238e-05,16.511066,2.4317427,2.7149448,73.610214,1.297071,0.017617414,0.001680941,0.17810446,1.8333038,0.013244612,0.088962376,0.01051964
1.3151575,0.00019037494,2.8548539,0.05923856,8.652009,1.1117526,39.001156,4.6739682e-05,11.96355,2.3314834,2.589977,60.501205,1.0100372,0.01649774,0.0017343872,0.14354396,1.4116179,0.010905565,0.07766542,0.008943812
1.3716693,0.00021025361,3.1686738,0.05146591,8.939295,1.4196113,41.855648,4.737876e-05,14.142212,2.4861362,2.458422,68.48163,1.1889075,0.014982839,0.0011106585,0.17028327,1.3538975,0.013012269,0.09317066,0.009871648
1.2674769,0.00033820025,6.4075522,0.09716009,8.84431,2.1055157,44.841137,7.615073e-05,14.567185,4.7430825,3.041171,135.7553,2.225078,0.018943572,0.0023458202,0.26630977,3.1089058,0.017253831,0.0807434,0.010604553
1.399514,0.00029722246,4.185625,0.12852739,9.611411,1.5977784,44.559742,6.221788e-05,14.530589,3.2306018,2.480872,91.71051,1.735916,0.020650588,0.002239162,0.22150473,2.1087255,0.016898716,0.06538241,0.012723917
1.3988166,0.00019845666,3.0883155,0.06926195,8.735779,1.2153995,38.45732,4.871889e-05,12.842088,2.4674687,2.9823678,75.17694,1.0068053,0.01453782,0.0012795394,0.1776465,1.4063569,0.012229296,0.10174088,0.009249441
1.352902,0.00015398832,2.314293,0.06992446,8.741254,1.1456276,44.772842,4.4357337e-05,10.384862,2.1422849,2.6328292,58.87113,1.0395265,0.013963982,0.0012444155,0.14059809,1.0851347,0.008964748,0.07963767,0.008181547
1.3927011,0.0003380785,3.9926362,0.08168688,9.476016,1.5128529,42.724503,6.305183e-05,11.799988,3.131352,2.493975,80.484474,1.5311216,0.018651042,0.0018641553,0.19562635,1.999078,0.0122212535,0.08097155,0.010149385
1.2898996,0.00032627114,3.2289395,0.08266833,9.389644,1.3813554,50.673634,5.583026e-05,13.117491,2.2699544,2.3676953,70.08391,1.0377816,0.026399152,0.0015497783,0.19943126,1.7049983,0.013464552,0.11859934,0.011261795
1.3290681,0.00028696278,3.3350222,0.0925469,10.262567,1.2194389,49.62538,5.1939864e-05,13.234907,1.8642188,2.686996,64.902145,0.85747653,0.027356526,0.0015313274,0.2109714,1.4459922,0.015286706,0.14116624,0.013083331
1.2551616,0.0003075569,3.8914788,0.0867025,8.959189,1.4476112,43.399902,6.27291e-05,11.421392,3.2040486,3.8058887,87.34522,1.514404,0.01887375,0.0018333412,0.21302111,2.0872028,0.012294104,0.09037251,0.010044935
1.5532776,0.00028458124,3.8877323,0.07180359,7.5767365,1.3577849,35.30158,5.282852e-05,13.610412,2.7205856,3.851788,76.63402,1.3863516,0.016061727,0.0016076496,0.16701192,2.1757886,0.016707756,0.09315723,0.010031936
1.2884202,0.00029107204,3.5023723,0.070360325,8.085465,1.3327509,42.335262,6.0265207e-05,10.581318,2.7264998,3.780051,71.80237,1.3525163,0.019664185,0.0017233837,0.18832317,1.847523,0.011400003,0.089081295,0.010445989
1.2646338,0.00034493933,6.795204,0.09194598,8.334241,2.0349483,39.859146,7.679467e-05,14.638911,4.400824,3.9269145,127.05072,2.22478,0.025105929,0.003023832,0.19565299,3.100447,0.015157373,0.09484992,0.012645332
1.3284628,0.00027798928,3.752548,0.095849685,9.321146,1.452545,46.78762,6.233126e-05,12.6343975,2.9142995,3.476905,74.56529,1.327908,0.020558942,0.0018905154,0.19419007,1.8651372,0.013166574,0.09921862,0.011911963
1.309349,0.0003129137,4.570655,0.075731054,8.511127,1.5057018,45.264904,6.0703143e-05,12.022882,3.3382654,3.0286777,92.62104,1.7392174,0.019562807,0.0019510105,0.19523044,2.335393,0.011857189,0.07942754,0.009609692
1.2848821,0.00031854413,4.374639,0.084186986,9.71938,1.4446785,46.419502,6.8917056e-05,12.538402,3.2193754,4.0133567,88.41228,1.757712,0.021094035,0.0021107288,0.2200494,2.3187633,0.013199,0.09041294,0.012246102
1.2924263,0.00032114473,4.159407,0.07637944,8.069533,1.4191834,42.81944,7.02827e-05,10.596148,2.803165,3.1492615,85.902405,1.4473233,0.022051092,0.00173663,0.23224904,2.1146982,0.01265775,0.099599354,0.011436988
1.2044958,0.00030953894,4.3194523,0.09013766,9.381283,1.5798697,42.115036,6.314806e-05,11.203276,3.4390435,2.9456031,86.84603,1.6205251,0.019965447,0.002151701,0.21286279,2.24368,0.012613736,0.08444858,0.0109048
1.2927622,0.00029449753,4.5867887,0.07647556,9.555877,1.364476,48.30188,6.277025e-05,11.38552,3.0962756,2.8886726,94.05924,1.8039092,0.016565869,0.0017899032,0.19800153,2.1049066,0.011279996,0.08125963,0.009704598
1.2373698,0.0003413292,4.429587,0.08902629,8.665298,1.6182585,44.074726,6.961547e-05,11.294662,3.4844654,4.2162786,90.282684,1.6775066,0.022329178,0.0021225717,0.20465325,2.340483,0.011472919,0.08130155,0.01024775
1.2608865,0.0002910879,4.2586727,0.09187727,7.947543,1.3808109,31.627325,5.5133507e-05,12.313788,2.8242626,2.1257198,89.36964,1.3778365,0.017909504,0.0019672227,0.15412371,1.9207425,0.01045962,0.07901863,0.008666526
1.2167736,0.000408892,7.0891533,0.08443661,9.203873,2.3397522,40.73978,7.222697e-05,14.886195,5.2889,3.2480354,131.9933,2.558667,0.02710538,0.0032794343,0.19093436,3.6599677,0.01360153,0.08221974,0.011437207
1.16776,0.0002872066,4.6231065,0.050964918,8.711259,1.6296209,32.78494,6.0438924e-05,14.8513565,3.4603858,3.9235823,80.95014,1.4470814,0.020792542,0.0026681698,0.15896147,2.662064,0.0129498495,0.066628665,0.0087236725
1.0006454,0.00028081742,3.5695975,0.08540283,8.995813,1.485021,39.92895,5.461149e-05,19.115496,3.2420723,4.1896715,73.63222,1.5917814,0.01827485,0.0018897281,0.14791968,2.3863912,0.01028957,0.06910576,0.007055675
0.992748,0.00027178202,3.473836,0.07779845,8.921797,1.4263884,34.90959,5.095083e-05,17.927418,2.8836524,4.5879874,63.21898,1.3350335,0.016978037,0.0020123702,0.14778832,2.0331993,0.011510139,0.07207642,0.0075415573
1.2133973,0.00032051158,4.491329,0.081986025,7.519932,1.3859215,35.13115,6.0914914e-05,13.88067,2.9306731,5.0584154,88.24759,1.5794704,0.018696712,0.002327951,0.17301106,2.569419,0.012229476,0.08220821,0.009225757
1.3995916,0.0003089673,3.8337152,0.09055011,10.616087,1.4102192,52.09527,6.415682e-05,12.814839,2.8063784,2.7231503,76.23833,1.5775344,0.020199766,0.0016632221,0.22086915,1.8763292,0.014697267,0.09627366,0.013032653
1.3084575,0.0003258584,4.557745,0.075728126,9.061787,1.4870098,43.1862,6.516946e-05,11.584829,2.8726323,3.7844453,96.74488,1.5579797,0.017750004,0.0017695605,0.26025385,2.3040676,0.014333276,0.108220436,0.010831817
1.4118072,0.00031471424,3.8966033,0.1084151,10.177726,1.2542697,50.417744,6.163252e-05,10.998147,2.8010945,3.9006045,85.47517,1.3987248,0.020125635,0.0019347862,0.18420616,1.8707852,0.010622611,0.103510335,0.009350442
1.2979012,0.0002630839,4.2412686,0.07800664,8.938558,1.5260577,46.85531,6.0017133e-05,11.666291,3.166798,3.3910172,90.37853,1.5853959,0.018943882,0.0020600471,0.20439948,2.285796,0.012098064,0.08924964,0.009040027
1.4689156,0.00031032984,3.3903744,0.13563684,8.921035,1.215734,40.815098,5.8139925e-05,10.025357,2.3187375,3.5488093,66.19543,1.0483621,0.021395221,0.0018450578,0.16096368,1.5384187,0.012189325,0.092839584,0.010905166
1.2824197,0.00034553665,4.963888,0.06918637,10.9048,1.6808083,52.185043,6.924513e-05,12.364647,3.27418,3.2165473,108.44759,1.5258555,0.018680671,0.0019889234,0.26084554,2.1177528,0.016822062,0.09886028,0.012768587
1.2526791,0.00029960414,4.519599,0.06808162,10.087644,1.6264805,49.642002,6.4085034e-05,11.72602,3.3106246,3.5615635,97.1147,1.4825546,0.019435624,0.0020037948,0.21388757,2.1390705,0.0135619575,0.10437749,0.010701527
1.471167,0.00023412569,1.9746848,0.0627485,10.138499,1.0156658,42.83244,5.586334e-05,10.963903,1.8599037,3.5426693,37.035114,1.1406027,0.018083045,0.0018141826,0.119017154,1.3554906,0.0100266505,0.077744514,0.008880407
1.5221447,0.00026126165,2.6136956,0.11124938,8.9503565,1.02155,38.27962,5.2227286e-05,10.563238,2.0255027,3.6534,50.89078,0.91290754,0.01723585,0.0013721661,0.16229375,1.4222708,0.0106902225,0.07519148,0.009228534
1.2624998,0.00027066926,3.7545025,0.0732263,8.064278,1.2062111,46.02326,4.9068032e-05,8.813677,2.4814856,2.8316605,74.012726,1.4443302,0.015822936,0.0012989454,0.15506622,1.777682,0.0113764675,0.066577,0.009208111
1.2733433,0.00015250091,3.52695,0.04651523,7.262193,1.2806103,39.33141,3.974684e-05,9.074568,2.4383776,3.9271476,66.37414,1.0184478,0.010750485,0.001506594,0.124263965,1.5998902,0.010491823,0.070358336,0.008060757
1.2595737,0.0004264629,13.377983,0.09588188,9.801246,5.50815,48.125126,0.00010341522,26.732971,13.241546,2.3806357,235.3366,6.9703374,0.023554185,0.0057405415,0.3577475,6.0250998,0.027089223,0.14090872,0.020831212
1.2025299,0.00026542592,3.928057,0.059534226,7.2390685,1.2424872,32.83319,5.1512405e-05,9.017135,2.3779821,3.356887,75.016014,1.179052,0.0122522265,0.0019765508,0.1660035,1.9565432,0.009795882,0.061447863,0.008064664
1.3968476,0.00027185542,5.0422635,0.087556526,8.079657,2.0516655,42.11847,5.9417944e-05,9.833415,4.3835497,3.5984688,104.118515,1.9930344,0.017999146,0.0018534865,0.19962549,2.6379664,0.01438494,0.12840408,0.0137555795
1.3310447,0.00023225576,3.3098826,0.0709646,7.82012,1.3014566,41.345448,4.756073e-05,9.832346,2.410209,3.030264,66.878685,1.2933187,0.01472327,0.0015544215,0.15293726,1.7171987,0.011132328,0.06652133,0.00925497
1.3076468,0.0002918636,6.9995184,0.08885237,9.129326,2.5639656,48.21259,6.4905085e-05,12.0287895,7.0129056,2.700599,130.32008,3.514749,0.017750395,0.002969494,0.23458499,3.6450043,0.014815153,0.09689987,0.013043207
1.2877299,0.0002607914,4.546389,0.07606642,8.243717,1.5905339,36.969078,5.235221e-05,11.218724,3.3412352,2.3543549,81.72013,1.5896572,0.01776346,0.00217799,0.15858385,2.1479807,0.011672661,0.08363874,0.009092204
1.3436242,0.00023320896,3.029999,0.071146,8.887211,1.0919944,47.25538,5.668208e-05,9.432612,2.326073,3.0464888,65.38355,1.1654233,0.016866261,0.0013263285,0.15739967,1.6105515,0.011440977,0.09008774,0.010370683
1.1899856,0.0003672864,5.6793356,0.09463813,8.935071,1.690412,42.558353,6.6499146e-05,12.019238,4.063514,4.1912556,115.200485,2.0037367,0.022816405,0.0022056187,0.23921825,2.743423,0.014711537,0.08523217,0.011271471
1.2537248,0.00019541358,3.006185,0.060521442,6.726142,1.19014,32.008083,4.6769743e-05,8.523155,2.2925448,2.8692293,60.247063,1.0751796,0.015056917,0.0017217759,0.12558985,1.5498694,0.009477134,0.07461948,0.009050535
1.2973812,0.00034057721,4.4226804,0.09254575,8.545994,1.5312246,43.6956,5.8569723e-05,12.397413,3.129674,2.7301965,94.42703,2.074957,0.019519953,0.002235325,0.19790807,2.3840265,0.011817009,0.07129283,0.010231257
1.1978428,0.00029209498,4.0103807,0.058403827,6.3632894,1.5856522,35.22255,5.3323332e-05,12.663076,3.1118464,2.9795911,82.07932,1.4311473,0.016636953,0.0015728145,0.17384353,2.049692,0.011396384,0.06829222,0.008586458
1.2622772,0.0003705197,4.4500575,0.0890634,8.254584,1.544078,39.744198,6.131692e-05,10.99916,3.1821063,3.3825417,90.43813,1.5007952,0.021044305,0.0017303737,0.16495767,2.290225,0.012752308,0.07909972,0.009680025
1.3198367,0.0003809299,4.3815417,0.11678342,8.580206,1.6123618,42.370872,5.9716924e-05,11.766338,3.2310457,3.6836812,84.084236,1.5691646,0.024500633,0.0017858414,0.15300457,2.358313,0.012552594,0.092205875,0.010027856
1.3180377,0.00028303362,3.7350569,0.08652134,7.765246,1.5033445,33.95108,5.7211302e-05,11.478213,2.9268203,3.7547548,71.98687,1.5837955,0.019747835,0.001967039,0.15695556,2.1037889,0.013269314,0.0864343,0.010941015
1.5409977,0.00027071874,3.033264,0.09033529,7.6960316,1.1775988,42.319683,5.9650265e-05,14.710924,2.0860393,3.696783,62.089993,0.9297228,0.01988287,0.0011194793,0.20744286,1.3411075,0.015138783,0.12109969,0.01180165
1.2903197,0.00028324925,3.6762385,0.06629249,10.003396,1.418834,45.506622,5.93602e-05,13.263239,2.8143904,2.4476383,80.01169,1.4864239,0.018140843,0.0017855946,0.2253592,2.0390446,0.01309309,0.076560944,0.01045713
1.3101723,0.00027947783,3.663784,0.06603858,8.926503,1.4684057,44.62094,5.7218578e-05,11.749373,2.967862,2.6917515,85.187775,1.5520179,0.0162522,0.001580728,0.22525783,1.6896838,0.013467684,0.095536426,0.0111819785
1.3411822,0.00027120678,3.781417,0.08431453,8.458587,1.4470268,42.161583,5.9297796e-05,12.22646,3.0587592,2.3371923,80.667076,1.3699813,0.0164685,0.001661796,0.200635,1.9374285,0.011751791,0.07625213,0.008965902
1.2335129,0.00032096417,3.7651515,0.09922986,8.073247,1.4134338,44.800613,5.8438138e-05,13.769679,2.999732,3.2601273,85.44944,1.4062786,0.022497745,0.0017630765,0.22462837,1.8674161,0.012814648,0.08642367,0.0100046415
1.2666636,0.0003116326,4.340388,0.08684393,8.898448,1.5349096,44.68844,6.547263e-05,12.93594,2.9795368,3.7599075,97.40713,1.4552882,0.01975496,0.0018035569,0.27986312,2.1952822,0.014010278,0.09540943,0.011508607
1.3132176,0.00030269806,3.363994,0.095326535,8.359931,1.4312549,39.15638,5.7169244e-05,12.419738,3.0117803,4.1647973,76.127686,1.6052402,0.021925265,0.0020407147,0.16424887,1.7607317,0.012566192,0.099289484,0.010825924
1.2891198,0.00021781473,2.426221,0.067901686,8.050663,1.0550137,31.10467,4.5611923e-05,10.640383,1.9148012,4.0789766,54.565887,0.8752701,0.015739145,0.001190397,0.1464408,1.2237242,0.011231317,0.07063858,0.008283366
1.285152,0.00027755267,2.7604606,0.085131384,8.6505575,1.2552766,43.87523,5.6662127e-05,12.311466,2.516739,3.811321,64.45301,1.2835797,0.019160256,0.0018408226,0.17369556,1.5337292,0.012704793,0.09090067,0.010248482
1.3311051,0.00026069165,2.9362478,0.08211489,5.35731,1.1859,28.939342,4.9498078e-05,17.695444,2.2833834,4.522043,63.266792,0.9798652,0.019923149,0.00135102,0.14041334,1.5420083,0.014403082,0.08736796,0.010397844
1.2720909,0.0002112325,2.3536959,0.042705473,7.5358596,1.1097785,30.546383,4.6336107e-05,7.83878,1.9789819,5.723011,48.616276,0.89267904,0.013686698,0.0014624092,0.10707171,1.3111846,0.008681111,0.08165599,0.00796379
1.2625308,0.00021214527,2.4354484,0.065764844,7.3138804,1.0639328,27.465065,4.5773853e-05,10.652046,1.8764299,4.148188,54.9653,0.77191824,0.015064541,0.0011550586,0.13429566,1.2254555,0.010601345,0.07463463,0.007852587
1.5109894,0.00021327937,2.681206,0.1067902,8.887533,1.0487288,42.6149,5.1798008e-05,11.893669,2.220579,3.8845909,60.359875,1.1418687,0.01951587,0.0015020872,0.1794217,1.4216471,0.01354665,0.086420104,0.009979773
1.4375575,0.00024081308,2.7969975,0.11443176,8.357337,1.1782953,41.15132,5.2710486e-05,12.341019,2.3893049,3.2471082,60.660027,1.02707,0.01891516,0.001328994,0.18443593,1.4725639,0.014485525,0.087508194,0.009625676
1.3158752,0.00030037557,3.0197976,0.08936282,7.4423394,1.230838,38.242115,4.985883e-05,10.911149,2.503282,3.5845284,61.67508,1.0891792,0.019708414,0.0014475907,0.15191257,1.5768183,0.012962253,0.0805691,0.009256469
1.2703286,0.00022956768,2.2190235,0.06950702,7.8974648,1.1680679,33.689114,4.669311e-05,11.526438,1.8936963,3.0527403,44.37427,0.91056836,0.014244194,0.00167869,0.117861964,1.291631,0.010472596,0.071229465,0.008140548
1.1832883,0.00025325693,3.0287187,0.07413345,7.488712,1.2457559,37.70289,5.1615432e-05,15.041554,2.6240668,3.414856,63.807922,1.1906762,0.018292159,0.0016206086,0.17389797,1.5720857,0.014780323,0.08710032,0.0103927255
1.3356072,0.0002416679,2.7081852,0.07238889,8.757562,1.1488825,40.239697,5.0476094e-05,12.778999,2.1484752,2.774343,59.46985,1.0457497,0.017091528,0.0014324592,0.15610585,1.513932,0.010119425,0.08063454,0.007990046
1.316209,0.00028939525,2.7767203,0.10437468,7.8461943,1.1800723,41.157246,5.2071184e-05,12.2593355,2.23928,2.9530315,63.202827,1.0891086,0.01792671,0.0015060797,0.17017104,1.5350295,0.012586497,0.08007659,0.008642397
1.2813722,0.0002727061,3.1551158,0.073933154,8.962813,1.3155237,43.07497,5.620853e-05,11.51761,2.8359716,3.347502,67.921776,1.4583095,0.019518673,0.001788813,0.18654794,1.740101,0.010530245,0.08791957,0.008926989
1.2992561,0.00023567998,2.6629748,0.064392954,7.915258,1.1272451,34.165833,4.761264e-05,9.640301,2.112646,5.157598,56.028736,0.92066526,0.015501272,0.0012738733,0.16049275,1.3133565,0.011573182,0.08347356,0.008987533
1.3057752,0.00023813089,2.6589477,0.07271836,7.8582845,1.1855962,35.31827,4.883289e-05,9.270691,2.2778122,3.9510236,60.72521,0.9297165,0.017436087,0.0014845327,0.16650365,1.28303,0.012313979,0.08349453,0.009903336
1.535203,0.00023058367,2.8003292,0.079463184,8.182889,1.0845531,38.81021,4.7134392e-05,13.072472,1.7935255,3.434326,62.429016,0.8860764,0.018630378,0.0011846834,0.1242067,1.5070143,0.012326561,0.08054254,0.009321842
1.3014884,0.0002760053,3.4099863,0.07337482,8.426834,1.4140159,41.608204,5.3431602e-05,11.838669,2.7756267,3.6780515,78.95472,1.2906599,0.01611222,0.0016293008,0.21984476,1.8439652,0.013303883,0.079897776,0.00979612
1.4479252,0.00022153022,2.776147,0.07849911,8.342366,1.2029841,36.54281,4.749319e-05,12.877806,1.9933586,2.9373047,62.792965,0.9405552,0.017611532,0.0014068682,0.12688918,1.4325793,0.010549816,0.07092383,0.008580796
1.3373014,0.0002445851,4.0631633,0.070803076,8.708364,1.5383178,43.5557,5.430675e-05,11.848303,3.1533842,2.9659505,87.2295,1.4309653,0.02078539,0.0017331721,0.20785299,1.9686935,0.013161627,0.08385889,0.009833152
1.2739745,0.000290132,3.860047,0.05842432,10.043052,1.751719,47.79486,5.651816e-05,12.153039,3.2958148,2.9980085,83.22106,1.7530625,0.018430496,0.0020013314,0.21365549,1.9837826,0.01203564,0.072306246,0.008994617
1.273176,0.0002538109,2.856263,0.07302215,7.937736,1.1809464,33.873734,4.914274e-05,10.674667,2.362322,3.0272355,56.19332,1.2224889,0.017270071,0.0017442573,0.16198754,1.6317899,0.011678221,0.061180912,0.0077662873
1.3196204,0.00028624688,3.6509795,0.07639258,9.423061,1.3268944,39.943996,5.365394e-05,11.752371,2.9309192,3.2230327,80.053444,1.3195851,0.020162312,0.0014663088,0.18408,1.794622,0.01233699,0.06781545,0.008654949
1.4187821,0.00022474705,2.9712262,0.07432024,9.226979,1.1808835,39.93134,4.9708728e-05,12.963979,2.1294012,3.314459,66.514595,1.2229402,0.01763939,0.0017237763,0.14052139,1.741612,0.011425111,0.06535255,0.008179336
1.3522387,0.0002616668,2.9122367,0.0784578,9.405053,1.2949656,45.29374,4.9393308e-05,12.933755,2.1264749,3.5707355,69.284454,1.0042548,0.019053066,0.0013704913,0.11818137,1.4840196,0.010577811,0.08040712,0.008054214
1.2733775,0.00026968226,2.9715657,0.10709466,8.367414,1.2998648,36.61454,5.4894754e-05,12.529222,2.4999225,2.9517903,62.35477,1.1329938,0.017668568,0.0017978526,0.17809616,1.8051152,0.012898411,0.074606314,0.009591281
1.3823973,0.00024563857,2.6998808,0.08627869,8.284839,1.1419694,40.724068,5.2684103e-05,12.21876,2.0993378,3.0346906,55.710262,0.9806706,0.017062912,0.0015820147,0.18680534,1.6055386,0.013591473,0.08918294,0.0101067005
1.3433938,0.0003314614,3.3182194,0.116343886,8.378872,1.2828488,38.863647,5.881605e-05,11.185529,2.853546,3.4869394,77.425835,1.5515937,0.022233669,0.0018637552,0.18800725,1.6498768,0.011504981,0.09287153,0.010522499
1.4510123,0.00023816143,3.0200515,0.08241456,8.943861,1.2531272,37.359337,5.1390492e-05,15.182575,2.191119,3.827071,71.33025,1.105795,0.0177749,0.0015543776,0.1552657,1.7744968,0.012973712,0.090293005,0.010418377
1.3455474,0.00027935195,4.2784247,0.10071669,10.613744,1.5198711,54.414375,6.760765e-05,16.630604,3.081456,3.0775867,84.32481,1.3195772,0.021066563,0.001871957,0.24349716,2.2801824,0.016888838,0.09457516,0.016195484
1.1761453,0.00018909313,3.676276,0.06786259,6.820774,1.2167511,35.67427,4.8833208e-05,10.428651,1.9303739,4.9403167,76.438644,0.8730623,0.019973796,0.0014188994,0.15049842,1.5442686,0.010980871,0.104656205,0.010597128
1.2282679,0.0003179511,5.216718,0.08917956,9.237737,1.6721377,44.56847,6.210181e-05,12.81483,3.6839519,3.076133,96.77201,1.8919493,0.019137671,0.0020492654,0.23415934,2.7258837,0.015916215,0.07150035,0.011345366
1.2334809,0.0003365275,5.5328093,0.08309237,7.316782,1.6943275,36.267223,5.9225884e-05,12.730682,4.1288548,5.0168247,104.045654,2.0472398,0.019761547,0.0022375002,0.20809957,2.8176548,0.012656107,0.092535175,0.010564873
1.2327994,0.00032415206,4.401539,0.094599225,8.852623,1.6615907,46.053482,6.2999075e-05,12.309295,3.1964555,3.5820038,92.11877,1.6111878,0.022404669,0.0023777734,0.18445982,2.3680983,0.011060625,0.06425628,0.009774578
1.5589414,0.0002353369,2.2703104,0.06553669,9.173886,1.0250113,40.65412,4.0637213e-05,16.374512,2.18127,2.5479162,46.181717,1.0423288,0.011814575,0.0012081506,0.13248043,1.1288284,0.011001372,0.092778124,0.009816432
1.4167074,0.00024008633,2.2166598,0.08934006,7.989167,0.9553536,38.740158,4.2083895e-05,17.241852,1.9107424,3.867548,42.500816,0.93038017,0.011009804,0.0010274434,0.13540542,1.333385,0.01264686,0.08923108,0.009617859
1.4284554,0.00019269736,1.9584693,0.07030995,9.045451,0.93242365,41.49409,4.1058185e-05,15.73266,1.7394042,2.915647,39.87125,0.7744472,0.012539507,0.00092151825,0.13117655,1.0180657,0.012278189,0.09511523,0.0091269575
1.2104743,0.00019815072,2.2650623,0.05545158,7.9641533,0.9444059,30.319635,3.689355e-05,11.07719,1.9874299,2.205904,42.512966,0.83572114,0.012166138,0.0013770328,0.1160942,1.1390359,0.011893185,0.07671277,0.01080092
1.4728974,0.0001854259,1.6618544,0.0737206,7.436458,0.9464768,42.726044,3.4401844e-05,12.696592,1.6735454,2.1977086,43.731018,0.6342123,0.010770039,0.000641178,0.12843663,0.67669487,0.015980836,0.12956044,0.014731233
1.4451241,0.00018989848,1.6839963,0.05052902,8.601621,0.8806238,45.61681,3.7276885e-05,12.96353,1.2328193,3.368089,45.12802,0.40802163,0.009998933,0.00040368628,0.13012509,0.7605276,0.009932527,0.114451215,0.00920388
1.3579971,0.00017886951,2.391982,0.06106284,6.633122,0.98128575,38.124043,3.919567e-05,15.232387,1.9652869,5.050007,47.447468,0.86453795,0.013442789,0.00096510357,0.13953024,1.1806735,0.016606359,0.11027134,0.011121497
1.5042931,0.00013795563,1.488588,0.06790041,9.8635435,0.78861725,54.120018,3.0797153e-05,11.311284,1.0193007,3.4795933,47.722824,0.28109917,0.010862521,0.00027516246,0.13601033,0.54356563,0.011028239,0.108589694,0.010747396
1.4536797,0.00021936894,1.7524873,0.08067643,8.132815,0.9128941,37.886555,3.5729572e-05,13.689186,1.3622581,3.1208487,47.919525,0.54412496,0.01001125,0.00061697705,0.12094835,0.69943297,0.009382424,0.115101054,0.0074547874
1.431504,0.00020352994,1.7467395,0.08028961,9.0988035,1.1638385,47.059425,4.0823168e-05,16.349957,1.5301585,3.0076702,53.00869,0.48534602,0.014312165,0.0005610313,0.12005906,0.69087535,0.013223679,0.13306372,0.012134585
1.634854,0.00011941151,1.5663807,0.053057414,8.846854,0.757854,45.506115,2.5022258e-05,10.510837,1.1762624,3.726046,51.139687,0.51722383,0.008374671,0.0006774682,0.14337072,0.57790864,0.009714185,0.12998,0.009554765
1.4598252,0.0002562674,1.9017869,0.08202461,9.522537,0.99030364,43.228157,3.480699e-05,15.529531,1.623325,3.047058,50.529503,0.6635244,0.012393266,0.00059319293,0.12340516,0.8171324,0.00968823,0.107620806,0.008923381
1.5510716,0.0001505245,1.5875161,0.07299676,9.271793,0.8522566,44.41828,3.0734886e-05,13.595543,1.2079728,3.3159528,50.795654,0.40807813,0.010634524,0.0006409451,0.13624863,0.6485092,0.011938906,0.12433834,0.01126163
1.22637,0.00016960336,1.9159706,0.05953256,7.496335,0.9448753,39.143547,3.63473e-05,14.941327,1.593976,4.2274055,51.611485,0.49881694,0.011482759,0.00058761,0.12307901,0.97736996,0.010576217,0.09185929,0.008305932
1.3981289,0.00010834645,2.3273098,0.033819333,8.59458,0.8956576,35.22992,2.7653532e-05,10.675745,1.4905559,3.8463569,54.007374,0.5468315,0.00932597,0.0009385731,0.1470191,0.91301876,0.013534918,0.11352198,0.01077269
1.4779563,0.00012517981,2.1205854,0.045989044,6.275406,0.83886206,32.934204,2.7688362e-05,15.2468605,1.4800478,4.0234504,50.79923,0.62907934,0.008550595,0.00050589326,0.1617504,1.0050471,0.01697557,0.13828751,0.010951808
1.3129725,0.00016652992,1.9598082,0.05019142,8.591241,0.94100183,41.94974,3.834595e-05,13.957021,1.5032042,4.0339584,52.331966,0.5253208,0.011123743,0.00080385443,0.121127345,1.0324396,0.010764121,0.075809605,0.007842843
1.1670797,0.00020454981,1.8755563,0.057355303,8.591808,1.065569,33.328117,3.9692448e-05,14.844907,1.6420949,3.6746671,37.929333,0.6126939,0.011090519,0.00092001056,0.112287164,0.99145436,0.010554703,0.09094692,0.00842973
1.0968068,0.0002268192,2.1503737,0.069339246,8.039121,1.0172472,34.497513,4.2964515e-05,13.420622,2.1916418,2.6511233,41.15878,0.94676626,0.012424927,0.001675522,0.11629569,1.3542101,0.010786586,0.068442404,0.008871993
1.3999368,0.00018421374,1.9212806,0.05087802,7.8535924,0.93777853,35.40549,4.2305728e-05,14.906242,1.4718366,3.254612,43.57551,0.56534743,0.011827961,0.0007983729,0.12625594,0.95159215,0.011687772,0.09616671,0.009007279
1.3997144,0.00014091977,1.8745742,0.06459111,8.012352,0.78674835,40.67374,3.5235782e-05,10.141762,1.4602276,3.5832746,48.533108,0.59659636,0.009228494,0.0007289167,0.14132956,0.9752967,0.012277477,0.10874275,0.010046991
1.4292277,0.000182893,2.1389117,0.05533516,9.073834,0.86698025,41.614624,3.3885033e-05,14.820837,1.640505,3.4405627,53.117783,0.62409204,0.009819968,0.00079563545,0.13920203,0.9797968,0.010745045,0.0842208,0.008199605
1.4897598,0.00018174892,2.3995948,0.06692732,9.305188,1.118427,39.606544,3.8425896e-05,13.84616,2.0277143,3.615763,68.62627,0.6823038,0.010193072,0.0008957031,0.14303078,1.1421405,0.01186339,0.107149504,0.009614742
1.4737551,0.00011387199,1.5886844,0.056087587,9.262536,0.78886527,38.19134,2.4424351e-05,13.764773,1.3832432,4.1344633,42.270256,0.4253867,0.0069706575,0.00046563052,0.12533683,0.6967946,0.010252415,0.11429512,0.009342564
1.3980088,0.00023626156,2.377808,0.0822872,7.3552103,0.9568796,35.89612,4.700582e-05,16.922432,1.8615222,3.7460725,45.727215,0.8214304,0.014273296,0.0012858199,0.15024649,1.4590193,0.013143028,0.08367904,0.0093893185
1.4502839,0.00014361744,1.7538983,0.0566457,9.229216,0.9643339,39.218437,2.951606e-05,13.027493,1.5461112,3.8642578,47.226414,0.49578393,0.009512009,0.0006673788,0.14379928,0.728792,0.011198774,0.10745316,0.009149285
1.3901944,0.00014374389,1.7678894,0.051679425,7.9060307,0.95217544,42.96029,2.9031284e-05,10.715476,1.5038203,4.352977,50.92628,0.4502596,0.009037029,0.0003654997,0.14338368,0.6907795,0.011373324,0.13093077,0.009795192
1.2585965,0.00022208427,2.2070024,0.086745545,8.186417,0.8930468,38.534813,4.3306605e-05,14.513633,1.7788259,2.9711025,47.868343,0.7500572,0.01584641,0.0012934866,0.1282571,1.4376783,0.01351335,0.08830304,0.010452092
1.4038485,0.00020032184,2.2738867,0.06876379,6.9514465,0.9947111,34.329,4.019378e-05,17.263466,1.8469751,3.9343324,51.523857,0.6911924,0.014029103,0.0007813301,0.12909953,1.2170732,0.013839617,0.08682379,0.009219359
1.4275017,0.00024267807,2.1267254,0.07239533,8.672858,0.9919056,37.069588,4.2652668e-05,17.790636,1.5177966,3.4296067,45.883907,0.6019804,0.013122269,0.00091374555,0.14014657,1.0130343,0.011620925,0.08028417,0.009025491
1.2664747,0.0001953615,1.8786199,0.046847142,9.454237,0.9652162,41.038994,3.76966e-05,11.60171,1.7362168,3.6345625,44.348713,0.62081945,0.010066795,0.0007864547,0.10696412,0.93709964,0.012715171,0.09463587,0.009232038
1.5209578,0.00022780258,2.3397458,0.06918409,9.033746,1.0549402,34.617462,4.6435864e-05,15.729475,1.7683148,3.8498735,45.89982,0.8054585,0.013438926,0.0011854814,0.14754856,1.1400213,0.011161145,0.086580954,0.00884867
1.2433683,0.00019526169,2.2287319,0.061905157,8.868046,1.0853802,37.98233,4.4059798e-05,16.742203,1.84589,3.3546631,44.315193,0.6447656,0.012890724,0.00085416506,0.12392688,0.88213146,0.014394737,0.118060455,0.011473587
1.3447337,0.00019443285,1.4595973,0.08532875,9.973943,0.83379024,44.119404,3.801335e-05,11.639359,1.0877217,3.69828,40.508537,0.44908333,0.010876039,0.0009133015,0.11670826,0.66608125,0.010109274,0.1047204,0.008947515
1.2313732,0.00034152032,5.90179,0.09193545,8.972144,1.9740593,45.537907,6.907024e-05,13.588565,4.733886,3.2277713,123.62995,2.819062,0.024970045,0.002676911,0.16467026,3.1986382,0.0104084145,0.082833536,0.009849571
1.2553111,0.00026558418,3.1383426,0.0822117,8.154955,1.0404891,39.166565,5.276811e-05,11.690195,2.5487697,3.4391391,62.797806,1.5003917,0.017970033,0.0016777157,0.1528802,1.8651232,0.01120608,0.072143614,0.008940982
1.3416283,0.00023414983,2.703988,0.070976,8.603554,0.92338246,41.82975,5.011734e-05,10.827865,2.0571961,3.7135518,54.12724,1.1784743,0.01651259,0.0016594642,0.14001565,1.60689,0.00964941,0.07797446,0.009824098
1.2354082,0.0003795938,4.9307656,0.09945992,9.186141,1.6436105,42.939728,6.759174e-05,13.3401575,3.869078,3.1684136,108.00797,2.4111514,0.025191095,0.0024589112,0.18626331,2.674594,0.012726337,0.0901282,0.010999722
1.2348315,0.00034444677,7.510631,0.10296074,8.9419775,3.593873,43.2521,7.109349e-05,15.019461,7.708231,3.1721444,148.71663,3.7797422,0.024863575,0.0029842665,0.14182837,3.083058,0.013457699,0.100161664,0.012003847
1.2802938,0.00028807845,3.8059227,0.087501414,8.651451,1.3816645,41.860146,5.614311e-05,13.195731,3.4018686,3.536339,75.12417,1.9743679,0.018724937,0.0021796792,0.16145816,2.0146735,0.010802505,0.0791881,0.009314899
1.1939313,0.0003173993,6.2102966,0.08776579,8.619231,2.1057746,43.687206,6.2841566e-05,13.920777,5.195945,3.2530541,125.978226,2.656005,0.021530228,0.0025669502,0.18387966,2.9588425,0.012616051,0.08786665,0.0101674935
1.2532208,0.00038077086,7.4424686,0.10845053,8.452009,2.2715135,42.546234,6.8928326e-05,16.288113,6.4653406,3.1502886,142.70929,3.8107405,0.024045452,0.0028301,0.22310296,3.4281085,0.014984833,0.09776809,0.0123751825
1.347087,0.0002214663,2.4476976,0.061893426,7.919569,0.78439176,38.97444,4.603886e-05,9.616658,1.5266037,3.614175,53.111675,0.7431328,0.015860327,0.0013781284,0.13790739,1.3622183,0.00976416,0.060845483,0.009284382
1.3441281,0.0002225818,1.9718304,0.06884307,8.207861,0.81563765,39.040405,4.813587e-05,10.624313,1.6238325,3.1675348,43.094044,0.8023794,0.01527012,0.0012869226,0.13431382,1.2093884,0.009773426,0.06753113,0.008653089
1.3761575,0.00025183955,2.6475654,0.074748725,8.515842,0.87792456,39.47747,5.138566e-05,10.608195,1.63015,3.8606777,56.116184,0.95525295,0.01663736,0.0014569972,0.16215937,1.5068864,0.011098091,0.074961476,0.010617868
1.4075061,0.00024880527,2.5334985,0.06892296,8.878051,0.85290784,41.71324,5.2234718e-05,10.673382,1.6131256,3.9419558,52.48484,0.98735815,0.016127154,0.0016687466,0.16110368,1.5095785,0.010493772,0.070040636,0.010226747
1.3149161,0.00037794732,5.395243,0.08813366,9.591337,1.6938968,48.82747,6.745167e-05,13.244654,3.9922752,3.3579988,108.0022,2.4723308,0.020714333,0.0025634929,0.24391283,2.6785984,0.013795311,0.08162324,0.011930892
1.3143884,0.00024854968,2.6899686,0.073924094,8.343417,0.9553029,40.337673,5.2998017e-05,11.217798,1.9760723,3.246667,54.4639,1.0926311,0.016925255,0.0015750636,0.1697592,1.4545953,0.0113133695,0.077668935,0.009779075
1.348002,0.00023012036,2.7431724,0.059454795,8.286845,0.91243863,38.859795,5.026956e-05,9.825684,1.8555356,3.4574234,57.733154,0.96503425,0.016053075,0.0014662319,0.16143206,1.5241951,0.009586732,0.072050385,0.009176594
1.3220274,0.00027806967,3.5343785,0.09305942,9.42904,1.0818187,48.68928,5.9088714e-05,11.995416,2.6254597,3.366959,72.836685,1.5960907,0.01965516,0.0019759068,0.21770947,1.9166048,0.01267657,0.08164434,0.011358451
1.4752151,0.00026617496,3.068614,0.05518593,9.334463,1.084133,46.343132,5.6508696e-05,8.584348,2.2543225,4.241244,62.417126,1.2730047,0.017199477,0.0017129998,0.19210179,1.6713659,0.008787034,0.083412446,0.009521019
1.3118017,0.00025892182,2.7931995,0.07595014,8.430171,0.9604803,41.175552,5.416693e-05,10.935002,1.9545115,3.2275293,57.610138,1.0750349,0.015596205,0.0015626267,0.17407164,1.5056794,0.011473075,0.07933612,0.0099094
1.3487282,0.00025064824,2.816622,0.06435139,8.659524,0.96667665,41.62128,5.336086e-05,9.911084,1.9948767,3.544361,58.791687,1.1228822,0.016833022,0.0015787606,0.17739983,1.6040065,0.010342585,0.07545769,0.009833168
1.3094761,0.00030320577,3.8355572,0.07267856,8.92176,1.2662662,45.591,6.4494045e-05,11.571288,2.6395338,3.3244562,80.463806,1.5284151,0.018445276,0.001946275,0.22489303,2.02394,0.012307845,0.07914617,0.0107755065
1.2861867,0.00044544513,7.946882,0.10331574,8.842445,3.0462654,43.014694,7.8650264e-05,17.157995,7.0344076,3.6751797,156.69635,4.103725,0.025503684,0.0028625685,0.2824693,3.8542483,0.016997583,0.10541211,0.014621429
1.2654454,0.00039413487,7.363422,0.090843275,10.029503,2.720397,46.44678,7.759246e-05,16.303719,6.690608,2.8684692,144.35875,3.827498,0.020925844,0.002919571,0.2569156,3.4116578,0.015302227,0.10051556,0.012985986
1.2683537,0.0004290761,8.969204,0.100544415,8.317713,3.6894252,39.688976,8.1622464e-05,20.698809,8.431382,3.360729,175.9385,4.970858,0.024625076,0.003201854,0.260021,4.3276205,0.018141778,0.12080385,0.01458546
1.2373811,0.00039621824,6.4771285,0.095395714,9.176185,2.3073518,43.79404,7.606973e-05,15.120703,5.488218,3.0529883,131.33421,3.2489257,0.023709645,0.0027342977,0.24985296,3.3735778,0.015307914,0.09670794,0.013357512
1.3029331,0.00031131372,4.366981,0.08177471,9.843579,1.2148465,48.67506,6.161408e-05,11.841882,3.2443044,2.8952732,86.044785,2.0305126,0.019575886,0.002022715,0.2296718,2.2634962,0.012682124,0.07592563,0.011162768
1.3581102,0.00029290677,3.5942554,0.08439552,8.949812,1.0922103,47.705956,6.106406e-05,11.201963,2.3806136,3.9764059,74.2731,1.2910031,0.018954763,0.0019845448,0.21077071,1.9368244,0.0117426235,0.08630451,0.011477329
1.2582213,0.000353278,6.736243,0.08933979,9.263806,2.3999467,41.943863,6.905427e-05,13.738741,5.829576,2.8848324,134.02634,3.1730804,0.020446988,0.002575004,0.24807735,3.2801635,0.015489589,0.08947093,0.012084739
1.2860961,0.00035352993,4.1223583,0.088404424,9.028592,1.3936869,47.53743,6.636367e-05,10.93964,2.94992,3.3168721,91.5756,1.7303189,0.021501705,0.0021538779,0.24731654,2.173615,0.012998004,0.091823176,0.011737498
1.2913239,0.00031730562,3.916673,0.08265305,8.674296,1.220409,46.003323,6.5267035e-05,10.439088,2.6275482,3.437938,80.69924,1.5538937,0.02042549,0.0020622062,0.23167813,2.105721,0.012215724,0.08842919,0.0113953445
1.2632226,0.0003330384,4.624165,0.080354035,8.79829,1.4242244,45.88646,6.677769e-05,11.031281,3.1778996,3.3170326,94.48343,2.0553682,0.018863698,0.0021890115,0.26224983,2.489082,0.013123609,0.08340765,0.011183084
1.3098546,0.00028304406,3.9386947,0.08691202,9.194537,1.1689509,46.48074,6.0518767e-05,11.463323,2.632794,3.099796,82.37209,1.503814,0.017749056,0.0019190765,0.20754333,2.1522717,0.011907283,0.079456456,0.010456111
1.311298,0.0003285246,4.3168583,0.074174985,9.112595,1.2399058,49.279903,6.402071e-05,11.535152,2.7549863,3.389146,91.33848,1.7885667,0.01730229,0.0020192796,0.25062,2.3867478,0.013005613,0.07996601,0.011060958
1.3467393,0.00030634762,4.049924,0.081087865,9.247982,1.1583468,45.379845,6.311341e-05,12.012202,2.7970893,3.491313,82.43679,1.7166091,0.018115452,0.0019330648,0.23368481,2.2427962,0.012802611,0.08395872,0.011544102
1.2993389,0.00026842311,3.1846,0.08086221,8.4564705,1.0418806,41.165516,5.322423e-05,10.63418,2.258929,3.6122565,66.53707,1.2700903,0.015991732,0.0015999329,0.16505069,1.6540474,0.010268904,0.0741621,0.009263046
1.2967194,0.00029422046,4.102359,0.08102458,8.763429,1.3750817,43.326668,5.8743437e-05,11.921679,3.1564078,3.6585763,86.290985,1.825149,0.019487409,0.0020887807,0.17538443,2.080096,0.012641054,0.0838729,0.010907499
1.2862695,0.00028983445,3.518228,0.08347891,9.036293,1.1814564,42.320545,5.7528436e-05,10.900818,2.5431643,2.8956206,81.26408,1.5039756,0.015319979,0.00191307,0.19587827,1.7267872,0.011954144,0.083591536,0.010220402
1.2397444,0.0003361955,4.9829473,0.08584123,8.907381,1.8334169,40.458824,6.396762e-05,13.913082,4.1321588,3.2766654,108.41306,2.6360078,0.019880867,0.0023441673,0.19610155,2.4868045,0.012832854,0.08465456,0.010450323
1.3047153,0.0002515423,2.9178188,0.08094992,8.81645,0.91673326,42.53841,5.1876774e-05,10.350118,2.0089726,3.6184797,64.57868,1.1179006,0.015838938,0.0016957413,0.16899793,1.426219,0.011281883,0.07907279,0.009878274
1.2840096,0.00021896382,2.520977,0.062074047,8.188008,0.93838596,39.620808,4.660258e-05,9.903303,1.9176548,3.7826629,51.474323,1.1206403,0.014366088,0.0013528169,0.13593787,1.3056811,0.009817823,0.074736506,0.008865356
1.3195193,0.00026072309,2.6090028,0.078654855,8.107879,0.960408,37.727325,5.1587434e-05,10.813546,2.0714593,2.7914817,54.500427,1.1194847,0.01713608,0.0014749905,0.16344468,1.4735426,0.010540469,0.07611382,0.008640722
1.2497138,0.00022273824,2.5224154,0.066701196,7.7814903,0.9170069,38.81673,5.105624e-05,10.445705,1.8589268,3.2029567,57.26042,1.009499,0.015670395,0.0015279184,0.14527325,1.4392025,0.009113399,0.063141234,0.008456262
1.3086661,0.00024480472,2.371426,0.07424948,9.082662,0.85599667,41.093903,4.7750207e-05,12.208475,1.8345133,3.4810793,51.816063,1.0225309,0.01727627,0.0014043738,0.1316731,1.3668408,0.00933647,0.06524785,0.0077173365
1.2325863,0.0003731983,5.853858,0.09362779,8.322846,1.7166324,42.78971,6.6555906e-05,12.760646,4.140852,3.4042728,132.05313,2.2813823,0.021261528,0.0022194395,0.22212173,3.057479,0.013050945,0.078356735,0.011606067
1.3004968,0.00032639364,4.8367786,0.093115024,9.002677,1.3922752,42.837788,6.617072e-05,12.960915,3.5891724,2.594379,96.43765,2.3427024,0.019250378,0.0023196908,0.22215675,2.3205414,0.011446336,0.08358033,0.011413311
1.2764442,0.0003321152,5.0505905,0.08311576,9.791953,1.8530098,47.44013,6.5452536e-05,13.566733,4.2307663,3.8265023,110.45423,2.6541162,0.022775317,0.0030772905,0.19851589,2.8579798,0.012560956,0.089006454,0.011131155
1.348775,0.00031564632,4.5786815,0.07162937,8.979673,1.5045626,47.53169,6.774083e-05,12.621063,3.4944932,2.9657242,89.9533,1.8402404,0.019476531,0.0018672912,0.212272,2.2288043,0.013503262,0.08256224,0.011575483
1.4190646,0.00024412209,2.9812677,0.08093106,9.376306,0.8508458,43.19065,5.216095e-05,11.168434,2.0779433,3.6437092,64.5462,1.1217376,0.017146654,0.0018176679,0.15574718,1.6591948,0.010512506,0.082806595,0.009637061
1.30941,0.00035615504,4.7917123,0.090583764,9.382093,1.3557559,48.816246,6.6459506e-05,15.273361,3.0061457,3.2303622,108.10608,1.8028778,0.020866102,0.0022506958,0.19484098,2.4315898,0.014126509,0.09283845,0.0120811835
1.2163612,0.0004655933,10.537598,0.12014298,9.773649,4.25848,43.783287,8.454869e-05,22.021479,9.5836,2.7869523,204.09608,5.0587683,0.0264244,0.0034039416,0.2513715,4.3706236,0.018057225,0.12985256,0.016296063
1.2627641,0.0004351044,8.928475,0.10380955,9.805693,3.8618605,40.67904,8.621353e-05,18.738926,9.128916,3.339267,172.5714,5.26886,0.02445698,0.0035428545,0.26814675,4.5265956,0.018117528,0.10628582,0.014894531
1.2505887,0.0004956574,9.07681,0.12923485,9.443085,3.5801957,44.54051,9.270141e-05,25.934141,8.883226,2.2306125,171.68044,4.9429893,0.02818723,0.004174932,0.26509717,5.012864,0.019611891,0.10956653,0.014526401
1.1465871,0.00026100717,3.7985342,0.08528707,7.2706704,1.1023538,38.393044,5.0240596e-05,11.763879,2.4399042,3.0702496,78.35515,1.2436805,0.017117087,0.0021009082,0.14517656,1.8957999,0.0108628,0.073263474,0.010087375
1.2025868,0.00073871674,14.123467,0.21821095,10.0206175,4.604731,42.706146,0.00011368349,32.17849,11.215652,2.5554857,263.47418,6.2060485,0.03611415,0.0041278414,0.3300352,6.160201,0.025871227,0.15831521,0.02044306
1.3520217,0.00028103852,2.6883848,0.09798237,8.709656,0.8828832,45.664597,5.0044542e-05,13.17698,1.7562075,3.760133,73.78558,0.8988753,0.015267331,0.0013494373,0.1430224,1.4763386,0.011510948,0.08150399,0.009294219
1.2900012,0.0002627123,2.8971326,0.08238527,8.229479,0.9103579,44.68249,5.2105574e-05,10.811079,2.0381758,3.5654006,59.868813,1.1877944,0.01566764,0.0015223526,0.16031209,1.5952677,0.010754238,0.07883381,0.009517669
1.2787433,0.00030429562,3.6915767,0.08199383,8.916596,1.1509014,43.8277,5.568108e-05,12.416186,2.7059307,3.2722664,75.62888,1.5216033,0.018925972,0.0019794113,0.16229789,1.8664892,0.011497895,0.07868366,0.01036409
1.3444985,0.00026925877,2.9925845,0.08419813,8.718933,0.9160647,44.441746,5.2221523e-05,11.313233,2.0355446,3.7809684,63.79301,1.203888,0.015647668,0.0015163427,0.15506469,1.5903336,0.011258631,0.077611335,0.009437176
1.3087841,0.00026807154,3.2040324,0.06978722,8.65427,0.9690305,43.397785,5.3834836e-05,11.233646,2.1922588,3.3279862,66.20671,1.254423,0.016582327,0.0016794011,0.16658476,1.7230377,0.00992045,0.07132283,0.008527023
1.2967389,0.0002780488,3.2187517,0.09079846,8.468671,0.95941037,41.347397,5.356569e-05,11.717931,2.180188,3.8664646,67.4819,1.2546247,0.018426703,0.0015891932,0.1683505,1.7158719,0.012027887,0.075168595,0.009879845
1.2300613,0.00034382986,6.64266,0.090938866,9.040767,2.4050827,45.93208,6.624551e-05,14.941769,6.2160387,3.8661668,130.2359,3.8337426,0.021900402,0.0029030778,0.1846523,3.3091168,0.014719964,0.09899202,0.012638351
1.2785901,0.00025620376,2.9111404,0.07434848,8.460893,0.87249917,40.839996,4.886412e-05,11.093814,1.939831,3.5148604,60.871414,1.1026577,0.017587772,0.001581704,0.13970272,1.6046051,0.010187916,0.06831842,0.008866242
1.3833696,0.00013089458,0.90229255,0.06308004,8.989516,0.56776077,38.27515,2.984466e-05,13.221544,0.6501336,0.5627212,30.02213,0.10008341,0.012903494,0.00039700032,0.09145319,0.57227385,0.010981626,0.11788369,0.011006562
1.3849324,0.00019596709,1.9419527,0.059718832,8.185273,0.9897121,35.2702,4.031021e-05,17.536959,1.8013476,1.5352311,46.872974,0.69566935,0.013879515,0.0010526724,0.10929368,1.0577105,0.011476101,0.10565314,0.011041627
1.3720392,0.00012784444,1.1652564,0.064572595,8.671397,0.6016208,39.239105,2.7932154e-05,13.092793,0.80081075,0.57369065,32.997047,0.18981883,0.013381334,0.0005594697,0.10089312,0.7382557,0.00960424,0.10423657,0.010147444
1.3772444,0.00017136945,1.8476732,0.08645247,8.614599,0.96966153,43.585163,3.8733833e-05,11.921617,1.5178465,1.235712,43.94692,0.69479096,0.016246697,0.00091920333,0.09898311,0.8291505,0.007949819,0.111135565,0.012132096
1.442262,0.00020015398,1.3010427,0.086210474,8.472159,0.68783826,41.958595,3.434311e-05,14.570564,1.2596675,0.6789069,34.71218,0.5222489,0.012657102,0.0004779667,0.1255797,0.79025763,0.01255593,0.086453244,0.011518884
1.3701984,0.0002550345,2.1122735,0.07771557,10.252588,1.0960894,34.79714,5.1128427e-05,13.246455,1.890072,1.6554104,51.097687,0.7145338,0.013596558,0.0011460173,0.14379261,1.1388705,0.009912469,0.09457928,0.010475688
1.4815788,0.00022609557,1.6599321,0.081315584,11.933313,0.94727504,48.085537,4.9144768e-05,13.639599,1.6848171,1.945523,45.754677,0.87197495,0.016559865,0.0013595314,0.11604839,1.0822871,0.009877702,0.084601276,0.009200227
1.3875953,0.000211055,1.762936,0.0804405,9.81817,1.0033313,40.316746,4.206224e-05,11.671278,1.7339517,1.4513521,41.090317,0.7432689,0.012983689,0.00079957396,0.12671328,0.8497266,0.011351942,0.11656283,0.011422267
1.4236199,0.0001979812,1.5091505,0.095125616,10.837051,0.7761202,50.901756,3.7746682e-05,20.189528,1.1298693,1.3647636,40.63704,0.33368295,0.01613189,0.000733484,0.16707197,1.0886079,0.014791093,0.1142773,0.013959602
1.4352553,0.00015329657,1.1687049,0.08451804,9.04844,0.61286503,43.45838,3.437574e-05,13.247249,0.7221072,1.0155104,32.42922,0.13100934,0.011822115,0.0002966439,0.12108644,0.7396567,0.0114165405,0.118297465,0.01249187
1.3253323,0.000228301,1.4286239,0.09848225,12.543045,1.202096,50.721138,4.7819685e-05,19.315172,2.2671888,2.5006688,58.977238,0.9383206,0.018831162,0.0019357476,0.08461842,1.1771476,0.007860908,0.078460924,0.009115289
1.413674,0.00015129593,0.992098,0.06633216,8.373208,0.6326734,39.441547,3.203166e-05,15.06126,1.07766,0.5092159,32.40549,0.3799412,0.0123321405,0.0006488919,0.09703957,0.72598886,0.008247313,0.107661456,0.00997131
1.3996928,0.00023291555,2.0162265,0.08535098,8.52048,0.8920972,38.85606,4.3560114e-05,14.913232,1.6490327,0.61645895,44.660862,0.6618137,0.016960805,0.0011284451,0.10655357,1.0648657,0.010409843,0.1043425,0.010853223
1.4021165,0.00017330192,1.1358865,0.084694795,8.596313,0.7527755,42.71768,3.15322e-05,14.919657,1.1231036,0.08119022,33.663338,0.42159456,0.014984229,0.00070600427,0.095520146,0.66241664,0.009464237,0.1040967,0.009794263
1.431678,0.00022344528,1.5398892,0.083894596,10.792858,0.98028296,44.416115,4.6408913e-05,24.299644,1.4954145,3.1091232,48.88931,0.5766985,0.01467884,0.0012280617,0.15540956,1.0299441,0.010000177,0.08774738,0.010161904
1.3740395,0.00019684253,1.395359,0.085994326,9.374996,0.75280666,39.852074,4.2152413e-05,14.396339,1.0367484,0.42652372,34.071014,0.34690443,0.016765589,0.0009813318,0.11473759,0.8445164,0.012924322,0.13400397,0.013673528
1.4078097,0.00015463473,0.99464065,0.07928888,8.603853,0.61553586,39.838303,3.58605e-05,13.885906,0.81072384,0.23544185,31.064934,0.28729716,0.013439699,0.001009884,0.092398696,0.71647525,0.009471115,0.111289725,0.010046924
1.4903812,0.00023503686,1.683987,0.09568539,10.679067,0.9278759,46.031525,4.758212e-05,30.699759,1.3567679,3.2053223,45.11114,0.4861805,0.01841875,0.0011442233,0.17174989,0.977851,0.01141972,0.10875168,0.011700486
1.4013821,0.00019777597,1.8833623,0.07203726,11.493854,0.89065146,42.14712,3.9823506e-05,19.373446,1.7570714,3.918752,50.56488,0.8538237,0.011310714,0.0012875209,0.15413336,1.0540411,0.0095874835,0.09049968,0.009600896
1.4679058,0.00019143647,1.0540664,0.085258655,9.568353,0.7980892,46.217888,3.186101e-05,13.831791,1.155992,0.4332709,32.663887,0.38621473,0.014274639,0.00043678586,0.106459826,0.5096047,0.009672855,0.108278885,0.011776059
1.489833,0.0002686392,2.2961097,0.06173432,9.538268,0.93415856,40.98369,4.5094726e-05,13.833454,1.9557854,5.1601996,53.816208,0.9904773,0.012964165,0.0011162423,0.16573614,1.4698361,0.011789975,0.093598194,0.009661686
1.3905364,0.00022143735,2.165182,0.0656307,7.622111,0.90841234,41.07516,4.4705248e-05,12.6582365,1.676664,7.556617,49.733124,0.75763285,0.011874361,0.0010404795,0.14299677,1.1444517,0.014153399,0.10001768,0.011143961
1.4381201,0.00022830672,1.8427523,0.08172955,8.388435,0.9465515,39.128536,4.3131167e-05,15.357511,1.5098256,0.73253614,45.88386,0.48687348,0.015201846,0.0006827301,0.12094894,0.8551893,0.011900016,0.15046325,0.012392721
1.4228762,0.00022493213,2.5105221,0.09983424,10.262672,1.0437832,41.905064,4.4409222e-05,25.182556,2.0318227,3.453079,53.618988,1.0688215,0.015636487,0.0016284672,0.16798279,1.4996861,0.0121827,0.08103229,0.0104657505
1.3179728,0.00013214089,1.1462643,0.049615264,10.927905,0.7260009,43.28724,3.3841832e-05,12.182345,1.258353,1.5502135,30.084192,0.69274944,0.0148540195,0.0012205882,0.081792004,0.64145124,0.007340332,0.096682526,0.010558949
1.3213686,0.00027108093,2.3138275,0.06173466,10.106097,0.96016306,42.60724,4.666455e-05,17.292538,1.9137089,4.947942,53.705585,0.87854254,0.014570698,0.0013082385,0.16644558,1.3627107,0.012331648,0.07742124,0.010053395
1.3716348,0.00012765755,1.587676,0.0444052,8.10199,1.0685506,33.38278,3.2374257e-05,17.036772,1.5621737,1.3272486,40.449467,0.39180714,0.007095714,0.00016874471,0.1208599,0.5444725,0.008783745,0.15407138,0.011327001
1.2510895,0.00016040755,1.4314364,0.07042555,9.6873045,0.889204,36.6037,4.1482617e-05,10.078556,1.3503839,1.1676607,34.300514,0.4215935,0.011554175,0.0007898134,0.121684976,0.7387469,0.010544303,0.11333748,0.010739512
1.3524194,0.00026930106,2.301835,0.06530594,9.183648,1.0094694,42.245018,4.920486e-05,17.817644,1.8353539,4.144154,53.324486,0.8649527,0.016003083,0.0011777848,0.16651812,1.2926197,0.013673011,0.080068104,0.010038434
1.2676073,0.0002677952,2.3627307,0.0852889,8.855339,1.1696606,41.549576,5.419299e-05,32.807793,2.3092573,3.7781549,51.195724,1.0198044,0.015104191,0.0014447429,0.1739642,1.5321618,0.015773527,0.07927547,0.010859162
1.3660294,0.0002612548,2.4119031,0.09835051,10.581103,1.1612656,48.643715,5.3463686e-05,19.726738,2.2943616,5.501505,57.987476,0.9763175,0.017666029,0.0014270137,0.14824562,1.4032898,0.013253009,0.105403855,0.011107802
1.3242707,0.00017927526,1.6173173,0.065028965,7.379883,0.91939926,31.698042,3.3473363e-05,14.320496,1.4799094,1.1376882,37.906017,0.40816844,0.009004374,0.00033591778,0.10586533,0.6383177,0.009153749,0.110157974,0.010832921
1.3601867,0.00023257303,1.9390749,0.09191334,10.135998,0.9584984,48.403866,4.6746914e-05,18.980547,1.8086342,5.188995,55.08644,0.7844149,0.01602957,0.0013388061,0.13840336,1.2558663,0.012075287,0.090424724,0.010338329
1.4177312,0.00023363356,2.196779,0.0689311,7.2805285,0.89751524,39.055904,4.6345504e-05,13.605286,1.551186,6.188011,47.724464,0.72118866,0.013983444,0.0011292094,0.1403615,1.1373421,0.014744964,0.09264261,0.01076666
1.4079145,0.0001470803,1.3338187,0.05447737,9.491733,0.92954373,37.193756,3.3951652e-05,14.554949,1.2857447,1.0573823,33.123253,0.33379218,0.007749715,0.00035769865,0.1271516,0.46995607,0.008012398,0.14620648,0.011902914
1.4507266,0.00020221541,1.8998171,0.08407301,7.579131,1.053952,41.864178,5.02265e-05,14.318289,1.5891728,5.082033,46.93877,0.7009156,0.016795238,0.0010685252,0.12559232,0.96746194,0.013539815,0.119613014,0.011073682
1.3771467,0.0001122644,1.1601323,0.091168195,9.9006195,0.6618146,44.86769,3.4649922e-05,10.391722,1.1379346,1.236543,30.208864,0.48675114,0.013406248,0.00088747917,0.09628166,0.68671393,0.008409059,0.11007492,0.012437447
1.4621204,0.00023773167,2.1053014,0.08431458,10.93499,1.0414338,35.11392,5.2136405e-05,13.828562,2.2168505,1.7932826,38.26319,1.0661088,0.015220992,0.0020618502,0.13219117,1.1734345,0.010010283,0.0811557,0.0105844
1.4286789,0.00019656935,1.2680635,0.08636936,11.822013,0.933918,43.531216,4.337934e-05,12.301859,1.3941002,1.465188,39.489193,0.56935626,0.0158856,0.0012496918,0.08864885,0.934379,0.007580588,0.096680254,0.008766173
1.0599871,0.00019421038,1.6249491,0.063289575,8.342332,1.0843892,29.173233,4.1897765e-05,9.658661,1.882122,1.1865679,30.616816,0.7574744,0.01275581,0.00093274086,0.10830982,0.8764173,0.011638516,0.10410309,0.010652604
1.2197187,0.00020391698,1.667667,0.08726967,10.251402,1.186891,36.945717,4.4293774e-05,11.214091,2.1611288,1.1584806,38.094048,0.79793864,0.014643836,0.001487708,0.093794785,1.1336819,0.008235194,0.09634474,0.009863553
1.5200016,0.00024341377,2.0332737,0.086493984,11.456892,1.0388551,41.727264,5.1730745e-05,15.425628,1.8213546,1.6180221,36.90775,0.8542778,0.016346369,0.0015525287,0.14147358,1.2540679,0.010711177,0.087255575,0.011029781
1.3665227,0.00017738578,2.1998358,0.05463406,7.980188,0.9933416,41.89876,4.210604e-05,12.3064995,1.6668541,6.9733624,42.324635,0.631261,0.0118853655,0.0009186456,0.13401724,1.0342745,0.012213045,0.09481267,0.010422578
1.40206,0.0001974682,1.4033406,0.08443499,10.613933,1.0500839,49.02314,4.8505968e-05,14.280907,1.8000625,4.8950834,48.17755,0.7328712,0.015010784,0.0013201131,0.10241418,0.9018499,0.008767351,0.0853789,0.009383843
1.4376146,0.00020425534,1.5732001,0.08316279,10.642313,0.9512838,47.08924,5.0246017e-05,13.193094,1.7310343,5.7687135,46.157635,0.79754776,0.014488425,0.0013824392,0.11752014,1.0179915,0.010233336,0.08331677,0.009295333
1.3946713,0.00019709696,1.5422593,0.077335,11.680083,0.9876759,48.130848,4.6179826e-05,12.707041,1.7753794,5.5687366,50.120506,0.7792871,0.0137263965,0.0013419734,0.10763625,0.90324676,0.008625008,0.087018095,0.009332096
1.3961852,0.0002153874,2.1861408,0.062194258,9.733002,1.1077133,44.912777,4.5369972e-05,13.092932,1.962794,6.2699943,49.738712,0.8363324,0.013423218,0.0010125077,0.14688861,1.0174257,0.011445138,0.10737607,0.011194701
1.2754637,0.00019974579,1.5433692,0.07768035,10.4797945,1.0569131,36.618565,4.515026e-05,12.230508,1.5420038,1.264203,40.84731,0.5379604,0.014950293,0.00076754054,0.12344291,0.80060506,0.009805777,0.11407215,0.010602802
1.4265504,0.00022022206,2.0797646,0.0720575,10.29049,1.0169919,43.411575,4.626848e-05,16.90128,1.937447,1.9018704,51.50332,0.90261376,0.017733222,0.001621051,0.11660502,1.4187626,0.009902245,0.08344142,0.008598217
1.38289,0.00020092602,1.3930328,0.08093536,12.6529,1.0184813,50.17073,4.6451747e-05,13.0065,1.803794,5.6370144,53.738167,0.7586049,0.01387591,0.0012953855,0.10435723,0.8633173,0.009784541,0.08778852,0.010362257
1.4872121,0.0001527833,1.8583772,0.06242547,10.148403,1.1108528,47.18239,4.7435627e-05,13.024169,1.5885384,5.1811824,41.907845,0.55255085,0.0152592,0.0008831836,0.13451673,0.8801656,0.010943928,0.11607246,0.011037939
1.4014317,0.00023979157,1.6882347,0.11247536,9.306114,0.9234727,41.21399,4.6213918e-05,12.267746,1.2524605,1.4932735,43.55773,0.49386913,0.019178974,0.000756347,0.12343665,0.8074257,0.010676404,0.10723339,0.011105569
1.4081194,0.0001813807,1.8233554,0.05924567,7.8624,0.78156567,37.91743,3.6421363e-05,17.669506,1.2737359,1.2641611,44.501244,0.3973566,0.010542298,0.00038014477,0.14610037,0.83959734,0.0104444325,0.15763319,0.012852816
1.0399685,0.00020295726,2.1903467,0.053782534,8.771997,1.1315185,28.580233,4.4233693e-05,13.846266,2.396705,1.6452831,37.59654,1.0575813,0.013269758,0.0016077245,0.114589356,1.2165918,0.008534666,0.08866866,0.009125066
1.4229296,0.00027551976,2.4167495,0.09670685,10.73017,1.1340792,44.17633,5.3289226e-05,17.949938,2.019468,2.5928476,50.523792,0.90519154,0.020744594,0.0015596173,0.14885105,1.4329915,0.011238243,0.09347816,0.010120096
0.95934147,0.0002465293,2.7608247,0.080236405,8.780372,1.2441694,35.319344,4.7310627e-05,13.36134,2.7345777,2.781767,50.889664,1.2382854,0.014135439,0.001956695,0.13267426,1.4673052,0.011226563,0.08479125,0.009658471
1.3216013,0.0002367178,1.9637083,0.08384442,9.063738,0.9200985,38.456856,4.846139e-05,15.57856,1.3089613,1.7105867,52.02941,0.5623617,0.013222025,0.0007796953,0.15712537,0.88701123,0.011631567,0.13081998,0.010511213
1.2853075,0.00020173573,2.5824187,0.06013746,7.59948,1.3027207,34.46549,4.5400106e-05,16.40736,2.2423844,2.9054525,51.233376,1.0554353,0.012648662,0.0012327532,0.100412905,1.1280153,0.011173722,0.09620332,0.008856265
1.2175515,0.00019685045,2.30088,0.060911316,8.636292,1.1343626,39.39995,4.5257162e-05,10.8851185,2.135837,2.7776835,49.1269,1.2350326,0.0140005695,0.0014318621,0.13306001,1.1274588,0.009971089,0.076922715,0.008028535
1.4191653,0.00021299311,1.8312544,0.061630424,11.259188,0.9763219,46.111164,4.66085e-05,16.05981,1.9096767,4.0385184,48.27547,1.0247307,0.015920488,0.0013795176,0.1353593,1.2104045,0.011068792,0.08614416,0.009903847
0.9207864,0.00026221116,2.3680208,0.066381186,8.232563,1.2912565,30.959402,4.8546746e-05,14.01042,2.335756,3.111534,38.138557,0.8375377,0.01405657,0.0013666741,0.11960817,0.9870797,0.009812806,0.09812106,0.008595246
1.3143324,0.00016706144,1.3902029,0.07335392,10.555709,0.9758343,47.359867,4.2661046e-05,14.671349,1.4630183,2.8208995,43.988148,0.65917206,0.01577594,0.0013071158,0.090002425,0.8186802,0.011048689,0.09088124,0.009665968
1.2618067,0.00021621295,2.1951053,0.042871702,7.087669,1.0832856,31.448168,4.3510452e-05,16.012625,1.866005,4.5007563,36.603363,0.86782616,0.01249084,0.0011503213,0.12206734,1.018812,0.012834498,0.09236812,0.009015613
1.2000635,0.00025912345,1.8678873,0.09410947,10.067494,1.0888876,41.76211,5.423051e-05,11.453926,2.075953,1.8089269,46.81275,1.086511,0.0165765,0.0016455781,0.12919313,1.4172257,0.010577789,0.07961764,0.010025565
1.4613657,0.00020446314,2.6284587,0.0858451,7.2659464,1.101342,42.844025,4.5688685e-05,15.699411,2.0431726,4.203993,57.538086,0.8823864,0.016317075,0.0011576548,0.1306845,1.182199,0.014583273,0.12110979,0.0131089715
1.3044804,0.00020178055,2.148259,0.075899936,7.0209227,0.9955393,35.983242,4.1832795e-05,15.062241,1.9807869,4.7381797,44.802223,0.8148157,0.015013979,0.0012145282,0.1094867,1.1184678,0.012932072,0.09694122,0.010032158
1.3107344,0.00018088575,3.0092843,0.04538307,7.4996214,0.90075076,44.871513,4.214916e-05,7.8739495,2.2545912,3.540667,56.544018,1.433547,0.008730675,0.0017168219,0.14712997,1.3937564,0.010182777,0.054623134,0.008889251
1.2521408,0.00028034672,3.6754491,0.065639086,7.5558352,1.2759948,44.438217,4.9259135e-05,9.652071,2.9655273,3.346989,67.29471,1.6359472,0.012562162,0.0018725555,0.16955897,2.0104845,0.010912848,0.050964154,0.008532034
1.3004476,0.00031144675,4.626403,0.06615659,9.032718,1.6853305,49.58277,6.0799273e-05,12.943797,3.2284737,3.6418827,89.36265,1.8124399,0.019290965,0.0014345577,0.22580111,2.440845,0.01664617,0.10272851,0.012567735
1.2742267,0.00028177543,3.6902108,0.06450895,7.5002604,1.2809073,44.1321,5.009121e-05,9.830992,2.781488,3.484257,67.99515,1.5669767,0.012636303,0.0018379807,0.16769612,2.0235395,0.010973157,0.05247788,0.008423806
1.3036184,0.0003186345,4.800538,0.07362325,10.463105,1.6384525,55.803528,6.902782e-05,11.528669,4.053766,3.9195328,86.686356,2.3748658,0.016851392,0.0021752608,0.23482811,2.388275,0.015733214,0.083683945,0.014375251
1.2720711,0.00021868265,4.0981765,0.06089061,8.835316,1.1376178,50.639233,4.6326277e-05,7.4634485,2.4224238,3.4881368,82.218056,1.2984794,0.012397198,0.0014423996,0.17303324,1.8103901,0.012702721,0.07472015,0.00953735
1.2044351,0.00030871283,3.961833,0.04882069,8.624644,1.4623156,46.78969,5.5594526e-05,9.218246,3.0160859,3.2360325,78.99043,1.3370303,0.021640062,0.0017680441,0.16522726,1.7025977,0.009044782,0.07177888,0.008070508
1.2652309,0.00037766693,4.8343596,0.06874236,9.277318,1.699354,45.18245,6.576422e-05,10.585444,3.38866,3.2975743,102.0373,1.6364081,0.019857392,0.0017435681,0.20646133,1.9496365,0.013004673,0.09739294,0.012041822
1.2720653,0.00030630644,3.9248412,0.10881554,9.718903,1.7561283,48.08423,6.570811e-05,9.273582,3.7019148,3.3748689,78.951866,1.672448,0.02447336,0.0030401018,0.18747452,1.6151407,0.010777121,0.09728394,0.0109848
1.2716209,0.00035305799,4.5671844,0.09489282,8.942183,1.5933334,45.14978,6.483154e-05,9.926875,3.55983,3.2169578,92.64445,2.1628447,0.018940127,0.002665017,0.20075054,2.448991,0.009347188,0.06452848,0.009890629
1.2529906,0.0003578737,4.8591223,0.084307514,9.268259,1.7473804,44.460392,6.838191e-05,11.758484,3.4288502,3.329332,103.945145,1.7290341,0.022999935,0.0023188626,0.20537409,2.2267394,0.012225097,0.08577558,0.011850444
1.2040225,0.00022678179,3.0710251,0.035993263,6.6493506,1.011349,36.716217,3.9019636e-05,7.21211,1.8608925,3.2918859,64.21302,0.78962344,0.014550284,0.0014006883,0.12872773,1.3780065,0.0062848665,0.038769104,0.006570658
1.2328146,0.00034060312,5.8796396,0.09240363,8.9878845,1.9580894,45.42082,6.884534e-05,13.579243,4.696101,3.2166994,122.948685,2.809053,0.02484725,0.0026700501,0.16489106,3.1979744,0.010417872,0.082472496,0.009835299
1.2220297,0.00032919945,7.110069,0.090387,8.542597,2.5288265,44.36063,7.066222e-05,13.687756,6.724452,3.323907,138.27684,4.0206885,0.024944372,0.0027519097,0.18530238,3.5752482,0.012348623,0.0928069,0.00998779
1.2551091,0.0002655883,3.121154,0.08240623,8.164685,1.0342687,39.263905,5.265035e-05,11.64173,2.5459588,3.443043,62.17556,1.4947861,0.017966818,0.0016722983,0.15228176,1.8576554,0.011161303,0.07193559,0.0089149615
1.2129055,0.00028819425,3.5852406,0.08094033,8.274953,1.2232087,40.961197,5.494584e-05,11.514088,2.9899538,3.3205914,71.56174,1.7523009,0.01798439,0.0018154959,0.16012362,1.8969468,0.010568597,0.073331736,0.008709227
1.2347636,0.0003785011,4.9038076,0.09976797,9.193034,1.6266061,42.94164,6.74726e-05,13.274462,3.831585,3.15921,106.80063,2.3957667,0.02504996,0.002473107,0.18614545,2.6503463,0.0127338655,0.08996203,0.011023797
1.2249775,0.00029911555,3.9851472,0.07782436,8.635997,1.4428655,41.318245,5.8540598e-05,12.3108635,3.5296013,3.3310518,83.76935,1.9969102,0.017884385,0.0020388644,0.16710766,2.0156286,0.009596008,0.07598577,0.00844876
1.4639202,0.00029716306,3.8523307,0.07540712,9.594575,1.1480685,49.450993,6.017858e-05,11.245786,2.688773,3.2924373,78.94221,1.7365597,0.019102124,0.0021078738,0.19771695,2.146642,0.01158473,0.075137265,0.009531956
1.335855,0.00022184911,2.6156693,0.063076526,7.9453998,0.85567945,38.128773,4.70086e-05,10.342562,1.6777414,3.4620569,56.40512,0.8323622,0.015435379,0.0012853727,0.14298327,1.4029729,0.009873773,0.06979472,0.008392645
1.4004146,0.00022969127,2.2240686,0.07260235,8.464744,0.77445686,41.799786,4.766599e-05,10.34913,1.5002174,3.574548,48.763756,0.79968864,0.016396347,0.0013022447,0.14263104,1.3106644,0.010848829,0.0715718,0.009828512
1.3344439,0.00023141522,2.7845209,0.06253097,7.9130335,0.73772854,37.70833,4.5401113e-05,9.871524,1.5178573,4.0126295,63.61573,0.8068823,0.015849631,0.001464704,0.1407985,1.4233934,0.009682602,0.060488943,0.008961325
1.3413911,0.00032389665,3.7424514,0.078655586,9.30452,1.1777538,44.402115,6.2755425e-05,11.187805,2.5153222,3.3087394,79.5248,1.459351,0.01901408,0.0022486914,0.2173774,2.1429641,0.011591446,0.07428948,0.00987252
1.3127593,0.00033505564,4.225722,0.09236673,9.628842,1.2656641,45.396713,6.505149e-05,12.285804,2.6910064,3.4296322,93.98086,1.5493612,0.020306788,0.002276051,0.22246157,2.2625961,0.013579432,0.08319314,0.01118532
1.3100805,0.00034225913,4.405527,0.090297654,9.736818,1.3365103,47.200768,6.5364344e-05,12.161902,2.886578,3.506523,95.98973,1.6917256,0.020619592,0.0022503757,0.23222876,2.301556,0.013820542,0.08281413,0.011497642
1.3543756,0.00021565208,2.540812,0.06700018,7.9436617,0.8466051,39.02733,4.5751985e-05,11.162896,1.6503184,3.5281796,54.872837,0.81961125,0.015175945,0.0011847048,0.13931872,1.3083491,0.010553496,0.07643918,0.008470289
1.3444678,0.00022499914,2.7984233,0.06719155,7.8841023,0.91106457,37.48912,4.8279555e-05,11.742735,1.834293,3.602173,60.851295,0.87512237,0.016639842,0.0013344889,0.15685108,1.4174786,0.011082931,0.081300676,0.009859975
1.322705,0.000301993,4.206091,0.08258365,10.003916,1.1883535,49.356236,6.119781e-05,11.716249,3.094224,2.943491,83.20991,1.9109225,0.019804718,0.0020503863,0.23173243,2.141259,0.012445221,0.074976966,0.011209218
1.2800893,0.00029911625,4.2121058,0.08105674,9.598557,1.309338,49.227665,6.410235e-05,12.381614,3.073751,3.3280747,91.54073,1.758017,0.020373322,0.0020744496,0.24079426,2.2071886,0.012369239,0.08361764,0.011120563
1.3105497,0.00030301078,3.8127146,0.07278319,8.912262,1.266739,45.541073,6.442491e-05,11.57535,2.6366704,3.3501701,79.43601,1.5319517,0.01848706,0.0019432378,0.22417428,2.0125191,0.012304466,0.079314955,0.010784695
1.2761889,0.00039345663,6.2137933,0.093671195,8.9412155,2.0323317,43.07959,7.028893e-05,13.754528,4.8133364,3.2936854,124.86762,2.8130789,0.021705778,0.002149956,0.26065361,2.9414158,0.015185267,0.09705961,0.013067773
1.3308065,0.0003013709,3.9560935,0.09394882,9.521417,1.2010391,47.490246,6.236281e-05,12.55949,2.9932027,3.0984886,79.52029,1.8839641,0.020814393,0.0021538509,0.24033807,2.1556036,0.01360735,0.08505893,0.0116277365
1.3704607,0.00030384195,3.5888531,0.079746574,9.267383,1.0601635,48.83988,6.366093e-05,11.226415,2.3580074,3.692077,74.55749,1.4219748,0.018810464,0.0019908356,0.20757076,2.0255702,0.011301786,0.087742776,0.011253705
1.299893,0.00041345213,8.532849,0.12080426,10.136524,2.933174,47.8586,8.1408456e-05,19.867472,8.585481,3.219541,154.05316,5.923447,0.026185922,0.0037300598,0.279275,4.5367546,0.01682693,0.10908194,0.013931767
1.298772,0.00034518974,3.853422,0.08835951,9.184075,1.3154048,48.410633,6.539416e-05,10.912761,2.775363,3.4918063,86.30913,1.6264408,0.021195179,0.0021044435,0.23836558,2.072443,0.012780966,0.08971387,0.011730031
1.2918899,0.00031812605,3.9007225,0.08293637,8.671566,1.2149148,45.759502,6.513769e-05,10.40254,2.6236277,3.4615078,80.15273,1.5664114,0.02045491,0.0020631626,0.23161718,2.0984592,0.012209272,0.08830471,0.011419439
1.3108524,0.00032768835,4.3074055,0.07415263,9.097142,1.2343603,49.06655,6.388278e-05,11.526902,2.751627,3.4023454,90.74719,1.7950767,0.017301958,0.0020266569,0.25070533,2.3861468,0.013030933,0.08001038,0.011090078
1.3003724,0.00026756513,3.175665,0.08101303,8.447612,1.0403986,41.155487,5.312205e-05,10.612147,2.254797,3.6051757,66.04998,1.2706947,0.015978338,0.0016011514,0.16442326,1.6485535,0.010235284,0.074138366,0.009259401
1.2816452,0.00035574887,5.7834063,0.10811967,9.635376,1.6736199,40.622272,6.5742955e-05,13.57861,4.2075253,2.9296587,140.19635,2.547519,0.021936484,0.0025262665,0.22214091,2.5126343,0.01687804,0.08776053,0.012891383
1.3068126,0.00029621573,3.8084204,0.08536755,9.472648,1.299846,44.00213,5.689624e-05,11.951055,2.8412776,4.2761874,82.9948,1.685336,0.01681603,0.0019899816,0.19735378,1.9749788,0.0127838105,0.08177865,0.009968209
1.2648674,0.0003331424,5.2770185,0.09226337,9.133505,1.7871956,43.539326,6.822948e-05,14.44268,3.9166183,3.9923832,122.30068,2.423175,0.020421319,0.0021478483,0.18448488,2.5591645,0.012909405,0.090585746,0.009533512
1.2859476,0.0002881578,3.4818103,0.08373576,9.034707,1.1775507,42.309937,5.7396795e-05,10.898921,2.5185282,2.9142027,80.42718,1.4886616,0.01541416,0.0019018782,0.19519307,1.7030199,0.011999482,0.0839041,0.010225612
1.2736704,0.00032550242,4.4132566,0.08213416,8.6365595,1.5773101,40.48884,6.143029e-05,13.323914,3.4907563,3.619598,93.47309,2.0267422,0.019691303,0.0022052168,0.19401316,2.2868168,0.013238004,0.085345455,0.010147192
1.2411016,0.00033607878,4.9347334,0.08670473,8.921083,1.8243783,40.471146,6.376584e-05,13.88337,4.11401,3.2698975,106.91663,2.6217651,0.019915672,0.0023449745,0.1948135,2.4576275,0.01274333,0.084726274,0.010416371
1.2858369,0.00030538553,3.5957515,0.08602121,9.551413,1.1450872,44.7427,5.9923637e-05,11.481199,2.5755806,3.134066,89.0062,1.4533895,0.018427458,0.002013423,0.18622364,1.8817657,0.012013759,0.07572565,0.009324444
1.3055228,0.00025085086,2.8959932,0.08088285,8.800251,0.9128466,42.544434,5.1621028e-05,10.329085,1.99955,3.6338017,63.688232,1.1130794,0.015904099,0.001685377,0.16824472,1.4105607,0.011276258,0.07912756,0.009916758
1.264054,0.00036340105,7.4122944,0.098084286,8.633607,2.5261924,42.272476,7.2197174e-05,15.727782,6.4565563,4.351631,155.30202,3.854259,0.024534278,0.0026179482,0.21278729,3.3101032,0.014196001,0.103672765,0.011755249
1.216543,0.0003986735,11.1675415,0.10191505,8.960321,3.2425778,46.29256,8.129879e-05,19.937963,7.1834745,3.740075,297.75818,3.885216,0.024414742,0.0035948732,0.21434721,4.0341954,0.015298782,0.100652106,0.013380112
1.2524797,0.00022258396,2.499475,0.06645436,7.7820396,0.9074186,39.00392,5.06997e-05,10.444599,1.8398583,3.233692,56.442265,1.0041755,0.015689442,0.00151665,0.14435968,1.4289249,0.00905195,0.06327878,0.008418929
1.2674602,0.00043619872,9.143385,0.099783294,8.110336,3.546183,38.186813,8.1488106e-05,17.785707,8.57184,3.2541676,178.36954,4.86762,0.026629427,0.0030182523,0.26134235,4.1159925,0.01702319,0.10502864,0.013889038
1.3652091,0.00021828845,2.7460082,0.05943601,7.6267347,0.8029131,36.754086,4.800634e-05,10.617019,1.569702,3.3775835,66.99238,0.75331575,0.01768508,0.0013968089,0.13688108,1.4706302,0.009686699,0.06639458,0.009123832
1.355239,0.00022624244,2.6654336,0.058263157,8.224207,0.8985828,38.4477,5.068669e-05,10.148434,1.7515938,3.038631,59.339024,0.8821256,0.017082263,0.0015178012,0.14767857,1.4935097,0.009288124,0.063717104,0.009178541
1.2741826,0.0004402027,8.512553,0.10068807,8.924021,3.3388891,41.795876,8.1029946e-05,17.935791,7.756996,3.6724768,173.44391,4.5185037,0.025744157,0.0029790895,0.2778262,3.8230286,0.016697321,0.10679818,0.014762714
1.2616792,0.00040586287,7.9883037,0.095399976,10.302741,2.9964933,46.75865,7.921347e-05,19.082964,7.398209,3.3659778,162.34894,4.6682167,0.02775905,0.0036636551,0.24319836,3.9361513,0.016285378,0.105728544,0.013148771
1.4333626,0.00020315348,2.4879596,0.07269419,7.5570407,0.65600944,34.672775,4.4474942e-05,10.355839,1.3457032,3.5466354,53.11203,0.6602121,0.015856959,0.0012592255,0.106420025,1.3434772,0.009653124,0.07199614,0.008843546
1.375859,0.00029887317,3.1741815,0.085117236,8.882662,0.9470489,44.673187,5.3473726e-05,12.4217825,2.1258357,3.660141,74.824165,1.1414269,0.016062653,0.001525113,0.15782847,1.6762774,0.010796599,0.07477361,0.009182848
1.3725361,0.00027799353,3.0481923,0.08868724,8.992375,0.93871784,45.355766,5.3006934e-05,11.655196,2.0448573,3.7846334,77.11993,1.0821803,0.015483763,0.0014799846,0.14614129,1.6395731,0.0107937,0.07301873,0.008879158
1.2626562,0.0003934669,8.26202,0.11008176,9.81876,3.6114168,42.889748,8.667907e-05,17.724802,8.345638,3.4870958,174.39539,4.7013946,0.025037892,0.0036394016,0.26587734,4.6284633,0.017487211,0.11434124,0.014266221
1.2517017,0.00050232693,9.075236,0.12927645,9.51774,3.6392965,44.370018,9.288303e-05,26.076248,8.939313,2.2846699,172.00696,4.990996,0.028110012,0.00410642,0.26647243,5.013108,0.019895937,0.109675445,0.014575302
1.3215207,0.00021743795,2.1589293,0.084731996,8.718646,0.6644279,43.727184,4.5361456e-05,10.713471,1.1937002,3.5455356,51.678963,0.652969,0.016922547,0.0016657676,0.10053955,1.3018514,0.008896932,0.061756358,0.007860898
1.1468501,0.00026089753,3.7856848,0.085253336,7.2594895,1.1052012,38.333405,5.0319293e-05,11.742524,2.4447231,3.0911157,78.19301,1.246904,0.017059477,0.002091712,0.14565039,1.8945738,0.010879496,0.07340703,0.010118015
1.2404221,0.0003412666,5.6834216,0.09202803,9.147082,1.6247292,46.53992,6.0989103e-05,15.531517,4.0044765,3.700683,117.52501,2.211064,0.019595971,0.0022567476,0.19098161,2.6622868,0.013760101,0.086610876,0.010018349
1.2030494,0.0007416366,14.166881,0.2195116,10.010403,4.602759,42.660366,0.000113992915,32.1912,11.246829,2.550663,264.42847,6.224015,0.036201738,0.004138554,0.33100975,6.1705837,0.02596984,0.15876266,0.020542262
1.3509744,0.00028050074,2.6635451,0.09815931,8.731605,0.87891585,45.792473,4.9833932e-05,13.114464,1.7411007,3.766107,72.783676,0.8885537,0.015270144,0.0013486979,0.14203621,1.4615115,0.011516951,0.08189516,0.009305971
1.1874174,0.00030375266,4.096461,0.09273845,8.730317,1.2479228,42.049088,5.4952376e-05,14.41964,2.8067596,2.8937569,92.16135,1.5297164,0.018594027,0.0018883221,0.15979967,2.0518222,0.01232215,0.07427904,0.009628727
1.2934712,0.00029694056,4.3613877,0.09088188,8.477945,1.2760615,46.177483,5.8111218e-05,13.112933,2.8708305,3.4685116,95.245125,1.5615196,0.01806073,0.001933199,0.18237719,2.1938004,0.012090494,0.08040479,0.009898175
1.3009454,0.00026783985,3.0650027,0.08781121,8.343556,0.99530923,44.860126,5.4033866e-05,10.880064,2.168818,3.6135585,63.461853,1.241693,0.016498351,0.0015990394,0.1590377,1.6462152,0.010649549,0.078056306,0.0095102545
1.2894757,0.00028880828,3.3852463,0.09141629,8.476144,1.0449299,40.488773,5.42402e-05,12.088539,2.4260778,3.8894777,71.87677,1.4150366,0.019321084,0.0018687407,0.16528052,1.7447172,0.011901458,0.07887106,0.01006277
1.2995218,0.0002710789,3.7440479,0.06912462,8.681535,1.123648,43.946213,5.4190128e-05,11.605994,2.581379,3.5392075,75.69626,1.5475931,0.018293895,0.0020269968,0.17828497,1.8844415,0.010472031,0.07625306,0.0096357325
1.3438668,0.00026903092,2.9832833,0.08424717,8.693384,0.91439605,44.382095,5.2132684e-05,11.288974,2.0318437,3.7934875,63.45332,1.2043502,0.015680995,0.0015110062,0.15484641,1.5802019,0.011303543,0.07800332,0.009495373
1.3149278,0.0002939412,3.308008,0.093407355,9.004161,1.0705832,44.0896,5.617245e-05,12.192696,2.3646548,3.4138496,68.26219,1.3757157,0.020267395,0.001767164,0.15959668,1.7589283,0.012628763,0.08048898,0.010599617
1.2738979,0.00027492532,3.0232592,0.082831345,8.126337,0.97416943,42.056,5.2941723e-05,10.979041,2.210382,3.4495945,62.32764,1.2845441,0.016840633,0.0016245772,0.14903656,1.6655078,0.0108362045,0.078493975,0.009217935
1.2790872,0.00026037075,3.0670307,0.08439529,8.112387,0.9510143,41.110706,5.1282936e-05,11.141713,2.1957624,3.569257,62.577866,1.2705818,0.017451083,0.0016538736,0.1480412,1.7034105,0.010947245,0.07575515,0.009195241
1.2457011,0.00023736936,3.065588,0.071317054,8.759064,1.3530136,26.21224,5.1575404e-05,15.944966,2.9222765,2.823391,57.545956,1.4430288,0.0139506105,0.002086389,0.14863656,1.7434262,0.011137596,0.060561404,0.009666999
0.89030844,0.00025051372,3.2314923,0.06965255,8.8176985,1.6342347,27.507893,5.422006e-05,18.705141,3.0617676,2.8305326,55.895943,1.3766398,0.016994983,0.0022618852,0.13994642,1.806877,0.011152351,0.06291612,0.009490094
1.0605087,0.00028287663,3.340202,0.07387277,8.811108,1.2931043,25.693672,4.973805e-05,13.601107,2.926898,3.2794743,57.648033,1.3057302,0.016827798,0.0022529422,0.13491525,1.841904,0.010968554,0.05843077,0.009219346
1.2569144,0.00030057644,3.3862252,0.14676857,8.460547,1.587435,28.847424,5.7458226e-05,21.788013,3.7419863,2.258061,68.7624,1.6866635,0.017238082,0.0020711713,0.15617815,1.919353,0.012577191,0.078885905,0.008949674
1.3597615,0.00022779287,2.7447746,0.09175494,9.041893,1.2034822,31.728588,5.0471448e-05,18.354568,2.4028594,3.232961,53.83559,1.0705887,0.015837857,0.0017669944,0.14986387,1.40695,0.012211117,0.077831134,0.009681108
0.8338764,0.00026425443,2.8398619,0.088975236,8.752606,1.4955431,25.321333,5.0285784e-05,22.905714,3.3175259,3.9106054,52.12358,1.3422998,0.016442467,0.0021394046,0.12081956,1.6708682,0.010585288,0.067711055,0.009998815
0.99810666,0.00025016803,3.0559778,0.06856922,9.742025,1.5122548,35.3342,5.430987e-05,19.122946,3.2651162,2.4112618,57.214146,1.4468476,0.016789626,0.0019433236,0.14945701,1.8461077,0.010819726,0.0751935,0.008736952
1.3846574,0.00025519545,2.746615,0.0999551,9.059968,1.1622876,39.136223,4.8410497e-05,15.21648,2.3312316,2.280335,54.198734,0.94096345,0.014042509,0.0014551643,0.13979878,1.3682927,0.01009577,0.08376211,0.008441969
1.2686642,0.00025888695,3.2447178,0.073495634,8.947107,1.3536826,44.10339,5.063479e-05,14.129006,2.814823,3.0234451,63.335285,1.089887,0.021841152,0.001618169,0.17273737,1.4913437,0.0157987,0.0981489,0.012309371
1.0996014,0.00022585352,2.8089402,0.053659305,8.0597315,1.2288506,35.40695,4.7437225e-05,14.183135,2.519457,2.3367033,50.5121,1.0226047,0.01528009,0.0014342412,0.13215646,1.4655173,0.009908099,0.073183246,0.008889945
1.5178374,0.00021019639,1.8753421,0.07506932,8.097754,0.87731194,40.233936,3.9291823e-05,11.835895,1.4793129,2.2982538,41.08223,0.56777894,0.011718227,0.0010165492,0.123303525,0.80400956,0.01038962,0.10313366,0.009531217
1.3265829,0.00015705018,1.8105589,0.055750854,8.81569,0.893594,42.16792,3.9510902e-05,12.238598,1.561356,2.313655,46.055847,0.7004324,0.011958827,0.0012025465,0.12053989,0.9496792,0.010285922,0.08653327,0.009030037
1.3484812,0.00019534765,1.7747637,0.07030411,7.3996997,0.9221113,44.374466,4.0546216e-05,12.112827,1.4334875,2.239138,46.804756,0.6174508,0.014955681,0.0011460248,0.123043224,0.88574046,0.010819966,0.102965884,0.010200097
1.4665407,0.00019680744,1.7055007,0.06922561,8.906822,0.86930764,45.55812,3.9204104e-05,11.50006,1.4159946,2.2308724,43.27751,0.6578073,0.014994778,0.0011509231,0.12065946,0.86405706,0.0111436825,0.08677303,0.009083925
0.995733,0.0002462309,1.978457,0.09340026,6.675539,1.0111941,31.043045,4.4128796e-05,10.912089,1.8123933,2.191774,48.728333,0.66017467,0.015343955,0.0013458892,0.08140406,1.036682,0.009336527,0.08021632,0.00994337
0.97117716,0.0002800591,2.0719318,0.07791121,7.4349036,1.2173468,32.893238,5.2072814e-05,10.678279,2.2575223,2.2957008,50.55961,0.89322555,0.017195,0.0014757676,0.11973926,1.2594669,0.0121955685,0.07853851,0.011562823
1.371369,0.0002606767,2.7246084,0.066218056,8.039625,1.2290965,38.901,4.7765156e-05,13.516737,2.3669581,2.2467227,58.08158,1.0391767,0.016199274,0.0009920502,0.14101219,1.567259,0.011419383,0.08651476,0.008988021
1.3417509,0.00020857308,1.9380584,0.058519676,7.5982804,1.0288569,44.741337,4.7007074e-05,11.5955,1.761857,2.1780648,43.336258,0.7812113,0.014302192,0.00089531176,0.12273756,1.0244433,0.011865666,0.09334466,0.009709052
1.3801091,0.00021599582,2.2962894,0.06352252,7.09467,1.0774394,39.66083,4.7698748e-05,14.823868,1.948901,2.4239786,45.650322,0.756935,0.011211536,0.0010995575,0.19099382,1.1424232,0.013491407,0.11374513,0.011863532
1.1504307,0.00023903753,2.6477268,0.069252245,9.309849,1.2695822,40.947865,4.7569123e-05,16.415628,2.6857574,2.8278463,59.895054,1.2523226,0.012491379,0.0014083771,0.15720509,1.302897,0.0111003285,0.102249734,0.011723788
1.3111851,0.00023442433,2.6752717,0.048183758,11.357426,1.2390115,54.725277,5.081571e-05,16.075073,2.3047128,2.8093145,65.688614,0.9855913,0.014639306,0.00092023227,0.1728434,1.4455985,0.01125438,0.081241526,0.010164232
1.3879232,0.0002651696,3.4832213,0.071112566,8.579403,1.320694,39.472042,4.975389e-05,16.444727,2.2967277,3.6418974,76.63324,1.0569296,0.017746644,0.0013635446,0.1616458,1.6379044,0.014339524,0.08672343,0.009955433
1.4040337,0.00025358936,3.7373426,0.08930998,9.30613,1.339462,43.194916,5.577806e-05,15.966979,2.6938546,3.2338152,91.01877,1.3220907,0.01925232,0.001811529,0.16011089,1.964925,0.010764094,0.09736897,0.009818287
1.24022,0.00027949983,3.0244381,0.0932227,8.680773,1.1752685,39.077606,4.426763e-05,10.185664,2.531241,3.1265385,64.43558,1.0210779,0.01772847,0.0011270596,0.12433816,1.2941033,0.010119887,0.07286421,0.008871243
1.1861042,0.00027273817,3.567069,0.063836746,7.8939133,1.2586504,36.08581,4.7506237e-05,11.868233,2.6144516,2.1845238,79.118004,1.037922,0.021947285,0.0010357507,0.110612236,1.5239099,0.01076458,0.070383854,0.008570319
1.2452981,0.0002867652,2.9738274,0.060511205,8.901865,1.3885384,38.822876,5.244038e-05,14.494165,2.4578774,4.242098,64.96667,1.1024507,0.014550681,0.0009974345,0.1503844,1.5686601,0.01037221,0.069138,0.007021998
1.3099513,0.00018921611,2.1176717,0.057575755,10.266036,0.9917661,43.90682,3.8212464e-05,11.87032,2.0951962,4.0378017,51.946693,0.92177397,0.013261916,0.0012781639,0.14310029,1.2350072,0.010805654,0.0950894,0.009625648
1.3364352,0.00024926048,3.4095833,0.049056057,8.681207,1.4266874,40.34097,5.01702e-05,14.618016,2.546473,4.002873,77.39969,1.0534012,0.012876826,0.0010854806,0.16312365,1.5100552,0.010900357,0.08370734,0.0077231843
1.3368037,0.00015433517,1.8711257,0.05459917,9.523573,0.8497618,40.177956,3.4409873e-05,13.83712,1.7393028,3.6408389,50.23509,0.63101,0.011099486,0.00093197444,0.15220687,1.1241693,0.01277832,0.11639669,0.010691155
1.2352957,0.00019873043,1.8800187,0.0448958,10.2396145,1.1126951,49.60958,4.615795e-05,17.017609,1.8854685,3.1063416,51.610855,0.6518163,0.01360517,0.00079501345,0.15116285,0.9799246,0.009232977,0.117802285,0.010767214
1.4153367,0.0002764665,3.7771637,0.06653166,8.444635,1.2534128,44.113964,5.365455e-05,15.375023,2.599235,3.4423242,73.342514,1.4673054,0.016893657,0.0020061836,0.14738543,1.9672204,0.011070003,0.07405811,0.008379194
1.2959231,0.00019801265,2.2754219,0.061388474,9.002592,1.0658311,39.181232,3.825572e-05,16.73988,2.2859068,3.4253378,46.62182,0.82063913,0.012447233,0.0011630489,0.124350294,1.0372162,0.011219866,0.08969397,0.010096077
1.3084615,0.00019068357,3.1755197,0.020975037,8.369151,1.1771833,41.570843,4.7306916e-05,9.49726,2.1327262,3.1544583,67.70453,0.8997752,0.013460071,0.0015165695,0.15150204,1.5237151,0.009850018,0.051918406,0.008744328
1.375531,0.0003060412,3.8305893,0.087772936,10.838158,1.2048903,71.74041,6.1150764e-05,11.043219,2.5248995,4.2063413,79.18905,1.2721353,0.019467102,0.0014360956,0.21183155,1.6527389,0.013108738,0.09087733,0.0114768
1.3220711,0.00028287803,2.8313298,0.07480433,9.754482,1.1311344,45.847763,5.2797757e-05,13.287618,2.1512182,3.1165316,60.07975,0.9429405,0.017504802,0.001665629,0.15589727,1.467659,0.01036894,0.08976021,0.009478875
1.4169282,0.0003547884,3.1210525,0.09522204,10.301061,1.3428104,46.675434,6.0201633e-05,15.261806,2.1279886,2.8526719,62.8466,0.8579606,0.022025906,0.0012024258,0.20643538,1.2822204,0.013946761,0.10889349,0.012576184
1.1929045,0.00026332383,2.8555965,0.08727324,9.450981,1.1623142,41.624275,5.3313306e-05,14.151695,2.1602876,3.7894278,59.353706,0.9238633,0.019549625,0.0016893806,0.14336242,1.5465852,0.009853675,0.07709036,0.008451082
1.3718277,0.0003425015,3.724424,0.08531852,11.802389,1.4899664,61.532513,6.848347e-05,16.31376,3.0235455,4.335621,86.63587,1.7406474,0.019064747,0.0023472928,0.21920861,2.095271,0.014482751,0.09064084,0.012913675
1.3384794,0.00030123722,4.106951,0.0860602,10.202236,1.2623521,63.945354,6.393957e-05,11.93373,2.690112,3.6291537,80.4349,1.4894347,0.021517098,0.00177013,0.20457238,1.9825774,0.0125308735,0.088777736,0.011604218
1.4730912,0.00019401629,2.6889708,0.040269516,9.793821,1.1519395,50.617725,5.0485814e-05,10.692196,2.1621277,2.8822248,55.321598,0.9732715,0.013310496,0.0014215559,0.14543751,1.3027047,0.011328988,0.08251085,0.009295489
1.3778081,0.0003527348,3.2261844,0.09725397,11.699592,1.7667134,52.944168,6.4743e-05,22.039217,3.4046035,4.248356,80.30223,1.630998,0.020852374,0.0022154632,0.1950273,1.8517532,0.015755333,0.12417309,0.013868655
1.3742862,0.00027748678,3.2691512,0.07422088,9.455626,1.1343215,52.89134,5.8937647e-05,11.525102,2.2531998,4.3642235,68.464874,1.1077375,0.01595614,0.0018798417,0.17540605,1.5583657,0.010579637,0.08905201,0.011773607
1.3680339,0.0003076783,3.1616426,0.08501411,10.050792,1.33961,59.08162,6.567829e-05,13.165686,2.5077581,4.1646724,65.88716,1.3065834,0.021759827,0.0020426246,0.17208217,1.7671928,0.013116092,0.08278509,0.0121633075
1.3121337,0.00036530857,4.6679726,0.09663342,9.697672,1.5391418,53.172348,7.257616e-05,13.147512,3.2352822,3.284799,86.248276,1.5764099,0.02234021,0.0024629992,0.20591983,2.4581904,0.012756618,0.084369816,0.011234953
1.391239,0.00031811945,3.0753636,0.10808228,10.239669,1.2750723,60.25854,6.310788e-05,10.624188,2.306045,3.511532,65.62011,1.1190687,0.024078919,0.0020980712,0.1873359,1.6029335,0.011309688,0.0836922,0.010937558
1.3374379,0.0003509913,4.078621,0.096348226,10.883427,1.6555073,55.7555,7.03141e-05,16.054926,3.196337,3.9596434,83.923386,1.6049892,0.021916457,0.0024484352,0.20975159,2.296087,0.014046326,0.09563821,0.0119568985
1.3308945,0.0003521475,3.5915291,0.08893115,10.09064,1.5004299,48.356594,6.624526e-05,12.619588,3.044753,3.856409,73.22132,1.5514182,0.02169543,0.002292596,0.17991953,1.903024,0.01211176,0.094968565,0.01072645
1.48727,0.0003029705,3.582135,0.09200133,10.10862,1.3559422,51.87137,6.189349e-05,13.062906,2.383774,3.744771,71.8689,1.1574748,0.021503389,0.0019985056,0.19098714,1.8998479,0.01346103,0.09572204,0.01162416
1.4920185,0.00022728325,2.6230192,0.08350433,9.732704,0.96401495,60.221287,5.3339834e-05,11.46168,1.8607895,3.0140584,58.362587,0.7996785,0.01554243,0.0015564563,0.17743966,1.4600288,0.011758909,0.090471394,0.010983858
1.4389226,0.00026781834,4.1971107,0.046368122,9.259903,1.7115823,49.38145,6.0367496e-05,12.94762,3.6227207,2.7424455,78.762886,1.8404733,0.016057622,0.002109979,0.17673881,2.137375,0.011609666,0.08374115,0.010192005
1.323432,0.00033805237,3.6329765,0.105516806,10.222499,1.5141274,59.53004,6.708803e-05,11.149276,2.6438043,3.307889,70.86692,1.2645329,0.022551564,0.002116508,0.19851127,2.001349,0.012059292,0.08923344,0.011361674
1.3429638,0.00031956047,3.469192,0.094308205,10.079006,1.3572826,60.01908,5.7077566e-05,10.981932,2.6238449,3.6488733,69.24872,1.3783754,0.020331986,0.0016193596,0.17587963,1.631838,0.012611103,0.08704997,0.011051845
1.3296828,0.0002827662,3.5248866,0.08162745,9.463236,1.3908501,51.962383,5.7393856e-05,10.738008,2.6001143,3.8106093,73.32697,1.3084149,0.018485049,0.0017988808,0.17310195,1.7785043,0.012774869,0.09376311,0.01119193
1.5677004,0.00020949147,2.5854645,0.06082137,10.186337,1.1723553,61.414265,5.265931e-05,11.22137,2.188328,2.8570955,63.5019,1.1314633,0.014992138,0.0016645417,0.16971257,1.4406865,0.011551281,0.09114987,0.010146212
1.405664,0.00029668125,2.795,0.07508063,10.625702,1.3609916,54.683674,5.9066933e-05,13.270023,2.6875272,4.2634897,67.18227,1.178017,0.016568296,0.0016886871,0.18313596,1.5036374,0.012840079,0.09988543,0.012780496
1.3898914,0.00020962671,2.6291535,0.06693415,9.516424,1.0727065,56.084103,5.1572508e-05,11.435578,1.6502738,5.203856,57.546814,0.67919874,0.01571993,0.0013369996,0.15649281,1.2443159,0.011232053,0.09585664,0.011449633
1.3040575,0.00035263857,4.0947824,0.09323676,9.574822,1.4876249,57.480278,6.581185e-05,11.823564,2.6833725,4.0229235,79.021484,1.3067939,0.024593057,0.0022927665,0.19715929,2.0424695,0.012168991,0.082423456,0.011236677
1.4291489,0.000334973,4.4658613,0.1016283,9.411877,1.4718727,54.41569,7.03895e-05,12.498429,2.6193495,2.9245148,89.1026,1.2887255,0.023060596,0.002159979,0.21455392,2.4911616,0.013353541,0.09499765,0.011954854
1.3968434,0.0003232964,2.9662127,0.08130374,8.363819,1.1576883,39.64537,5.753199e-05,14.166508,1.9063777,3.7678404,55.920673,0.75418067,0.018653486,0.0013938923,0.14194871,1.3272135,0.011763273,0.08416583,0.01087108
1.5349206,9.348333e-05,1.394887,0.050458547,10.0491495,0.8295965,50.666256,2.1698334e-05,10.6129,1.1483129,3.3781867,42.290703,0.2818203,0.00609222,0.00021387823,0.14335093,0.39354122,0.0110051,0.1556444,0.010593376
1.5565959,8.502809e-05,1.35731,0.048446227,10.053336,0.7323811,50.327652,2.0666443e-05,10.053029,1.0520309,3.1655803,41.62679,0.25978845,0.0055333357,0.00020607615,0.14179336,0.34738925,0.011530792,0.15646414,0.010977958
1.6507292,0.00018248355,2.0304,0.04832216,8.444245,0.7754442,39.891136,2.9238885e-05,10.799703,1.0735224,3.9193587,41.429005,0.36401165,0.008590172,0.0004986047,0.13126913,0.7507563,0.009107678,0.08833817,0.009591601
1.3587779,0.00016718845,1.2506781,0.05819795,9.40986,0.79251343,49.222454,2.618835e-05,17.622942,0.94625115,2.2338223,35.859222,0.1470171,0.010952345,0.00019362314,0.11200051,0.45596147,0.010383989,0.121649764,0.009416173
1.5277779,8.602528e-05,1.2567093,0.056682404,9.058552,0.738434,49.41993,1.9579615e-05,9.221341,0.88009095,2.8536208,47.28974,0.120116435,0.008129766,2.0849899e-05,0.12366817,0.31709865,0.008247233,0.15177289,0.008939443
1.5222334,0.00011951161,1.5356421,0.052131165,8.735672,0.66783994,43.96331,2.6885224e-05,9.056593,1.0322442,4.820371,41.214268,0.3399298,0.0085142255,0.000568137,0.14826705,0.6221169,0.009749233,0.1334881,0.01150621
1.5102022,0.000112668764,1.94509,0.05328917,6.734998,0.92070323,42.963036,2.6544496e-05,13.075274,1.2816306,2.7569153,52.6773,0.30516738,0.01217736,0.00039435676,0.12356611,0.47764027,0.012856762,0.14602718,0.01232168
1.4496928,0.00012129349,1.2281723,0.055619024,10.452599,1.0573959,52.38279,2.8554337e-05,14.371419,1.311787,1.897254,42.744125,0.3195766,0.008521902,0.00049957045,0.10955837,0.36664665,0.009059148,0.12955086,0.0121154
1.5182966,0.00011476987,1.4690168,0.039420705,8.060239,0.8910401,40.647373,2.6038399e-05,12.173157,1.2699276,2.3963206,43.675323,0.30185473,0.0067714015,0.0003541305,0.12232723,0.5300307,0.011838245,0.123559415,0.012258324
1.5245342,0.00013315337,1.5868399,0.048579473,7.6278796,0.8591207,45.145794,2.4583238e-05,10.730857,1.1935984,2.604493,43.893967,0.29604998,0.008859167,0.000572487,0.11580715,0.5468876,0.010869144,0.11838429,0.011373211
1.4875926,0.00025624843,2.8806353,0.06502933,7.886435,1.2258084,36.119377,4.691618e-05,18.153234,2.062398,3.4724245,53.208393,0.9027973,0.014352921,0.0011747103,0.14628355,1.4453034,0.0134300245,0.092294805,0.009655192
1.5224684,0.00010983999,1.6615704,0.059016097,8.317354,1.0402507,42.455708,2.8554532e-05,13.814599,1.315825,3.6152422,48.4372,0.33299378,0.0097129475,0.00038833855,0.13614029,0.6649829,0.014232606,0.12620176,0.011860454
1.4891341,0.00011504196,1.6132276,0.055444583,9.434975,0.7251847,45.2332,2.482468e-05,12.231199,1.0776079,4.6723833,43.68383,0.35454848,0.00966354,0.00064983976,0.11479339,0.5885908,0.010678371,0.096333444,0.008544446
1.5475854,0.000112819645,1.5955477,0.037125807,8.177621,0.86701375,46.39173,2.4135516e-05,9.663019,1.1045374,2.704204,45.697308,0.2575776,0.007226289,0.00036817687,0.11869701,0.5023932,0.0097964015,0.12324287,0.010711238
1.5182217,9.2038375e-05,1.2924645,0.04860799,10.3843155,0.828471,51.801838,2.4941946e-05,13.706882,1.1925219,3.4377465,43.78576,0.32365763,0.0066674235,0.00043010994,0.11387565,0.41464135,0.009908571,0.13608567,0.009304756
1.4788789,0.00011728487,1.3072412,0.05059418,8.244642,0.87073505,42.58238,3.0351091e-05,12.905811,1.2537011,2.538933,42.896923,0.30164424,0.0084129,0.00044712742,0.11661955,0.51266515,0.010522428,0.12040528,0.012153013
1.538149,0.00011235457,1.2295483,0.05238369,9.338755,0.8182947,51.462646,2.2658274e-05,12.683893,1.1397858,2.4705672,41.673264,0.27929923,0.006154496,0.0003154374,0.14383568,0.31923342,0.010537697,0.14840138,0.012090311
1.4911094,0.00014237738,1.1912435,0.06891848,9.541972,0.88599795,51.12477,2.3536975e-05,14.575258,1.1432147,2.1433897,43.999496,0.3126017,0.008378421,0.00047567114,0.13081703,0.27521563,0.010660527,0.13660674,0.012246222
1.5026528,0.00012555643,1.7239016,0.06123835,7.2067914,0.81589115,39.56449,2.7865246e-05,12.103373,1.1684092,5.1365056,47.47313,0.363363,0.0083070835,0.00056170544,0.12824003,0.7020233,0.011413653,0.14522831,0.011213095
1.5002389,0.00010431125,1.403279,0.050199762,8.844507,0.82328284,46.43632,2.60577e-05,13.285571,0.94905263,3.576291,44.192635,0.18680969,0.008077861,8.007762e-05,0.1285331,0.46197343,0.012022424,0.13518527,0.010028059
1.3661529,0.00024036068,2.1348946,0.07265957,10.200855,1.1472739,42.854538,5.0193412e-05,17.452057,2.162742,5.2423177,47.348007,0.88698566,0.016098434,0.0016588545,0.13691401,1.2023216,0.011507541,0.107396685,0.01112391
1.1969452,0.00022181302,2.2224324,0.053741693,7.4814553,1.022219,33.59587,3.9682487e-05,19.547186,1.5242867,2.4086246,49.890118,0.3713995,0.014768641,0.0008166462,0.11080849,1.1176966,0.013086353,0.08217475,0.010415846
1.5248276,0.00012284085,1.5925921,0.0382654,7.619087,0.91764945,42.487164,2.5550604e-05,11.26568,1.2303411,2.6429203,47.35628,0.2892911,0.007813162,0.00035507474,0.11944778,0.5280648,0.010790288,0.13197239,0.011842793
1.3801472,0.00021153741,1.9011425,0.067539796,10.518411,0.96063507,42.07269,4.6208912e-05,15.437011,1.5946943,5.651374,46.619286,0.5839577,0.013714934,0.0012090752,0.13635987,1.0075427,0.0101411585,0.10201821,0.009683686
1.4484974,0.00012326051,1.6479989,0.056560744,10.866756,0.8699697,47.959045,3.0840445e-05,16.67061,1.4037013,3.6525116,48.81783,0.4374733,0.008215285,0.0005356519,0.12231439,0.6645535,0.012256019,0.12426098,0.010002717
1.4797955,0.00010098248,1.4208177,0.047062755,9.226743,0.84469724,47.770386,2.7865904e-05,13.082605,1.0449743,3.3676531,45.810444,0.23762451,0.007995429,0.0001137612,0.1267023,0.4884956,0.011480705,0.1256525,0.009844826
1.5243055,0.00012394985,1.5554235,0.05906685,9.600087,0.7812607,46.394928,2.7082344e-05,14.332195,1.1648653,3.6979737,45.295036,0.40181133,0.009594236,0.0005901677,0.10880395,0.55360186,0.01102366,0.110425144,0.009038961
1.4533107,8.7429915e-05,1.4888573,0.042751033,8.7374325,0.74369586,41.616478,2.7592245e-05,13.327424,1.0624726,3.0265372,42.97794,0.26906055,0.006574293,0.00014699857,0.1675071,0.6159199,0.014464024,0.157896,0.011629702
1.4643968,0.00013145068,1.7210673,0.035193857,9.781138,0.91436,48.662487,3.1503823e-05,11.436506,1.4287488,3.392551,46.175095,0.3953089,0.005255054,0.0006413466,0.14088978,0.54115474,0.010157453,0.18045296,0.013237691
1.356883,0.00020130149,1.9711078,0.07492295,8.31321,0.9224075,45.018143,5.027236e-05,16.409742,1.6073906,2.111421,44.06989,0.40041557,0.014405639,0.00072004227,0.12756757,0.97263855,0.012973665,0.12294349,0.012164083
1.4963582,0.00014377704,1.6225224,0.06190772,8.119504,0.7846713,42.921673,3.073621e-05,8.373024,1.1705537,3.060941,41.82632,0.31900522,0.010556825,0.00057461276,0.12318198,0.5374831,0.010113047,0.11907155,0.009714388
1.3445604,0.00021270753,1.8687233,0.079445064,9.329106,1.0432959,42.817577,4.6322562e-05,16.213509,1.7358646,4.8190093,45.11518,0.6840654,0.015034464,0.001397794,0.12679109,1.0574012,0.009400438,0.0958591,0.010122685
1.5632207,0.00016799172,1.4575686,0.046331245,9.551932,0.7862335,50.81384,3.4102297e-05,11.828451,1.1880956,3.2601724,37.72383,0.30494463,0.007686847,0.0003730336,0.14089735,0.64645165,0.009224073,0.12386064,0.009872883
1.3917649,0.00014782073,1.8738172,0.027233709,9.496721,0.87679553,40.762444,3.636872e-05,13.705292,1.3075998,3.331717,45.604126,0.34445873,0.0060403654,0.00046028604,0.16434914,0.91062474,0.012606273,0.104424804,0.009496397
1.4852,0.00022323486,1.759444,0.06946298,8.574011,0.7652278,45.475975,4.4071825e-05,17.342943,1.1483636,3.3386333,42.298218,0.49416423,0.014547438,0.0008790134,0.1313907,0.87991804,0.011995072,0.10027773,0.0093318755
1.5149562,0.0001593178,1.579092,0.075372614,10.09832,0.92585176,48.15825,4.213712e-05,17.868235,1.316745,2.3771915,46.39657,0.43174288,0.009736629,0.0006768527,0.12550938,0.69255596,0.012729794,0.13400984,0.012746793
1.4934707,0.00013541807,1.8190722,0.05481621,8.794135,1.0295529,43.69611,3.3726756e-05,19.46006,1.773832,2.53914,47.642586,0.46888775,0.010288903,0.00057737756,0.13988651,0.7828919,0.014305258,0.1513634,0.012856158
1.4855645,0.00014415228,1.649502,0.060000673,8.512463,0.7739096,44.618763,3.7004458e-05,12.538379,1.2323904,2.667646,41.460716,0.37799057,0.0098844245,0.00063732977,0.14831379,0.69578415,0.011530189,0.118835695,0.010110248
1.5374672,0.00013467473,1.2913101,0.06086029,9.970822,0.9020785,52.399727,2.5624538e-05,12.827143,1.2115567,2.4856603,45.39048,0.34347945,0.008087424,0.00048675534,0.14581749,0.31981528,0.009781548,0.14720453,0.012499373
1.5155283,0.00010834595,1.6948456,0.04904127,7.5826945,0.9054484,52.17369,2.6373038e-05,10.65146,1.2239566,2.8967803,50.20887,0.3129371,0.009574305,0.00041225555,0.12538669,0.4411933,0.010880602,0.16420087,0.012114798
1.3253509,0.000116993215,1.2446148,0.08804817,8.908937,0.83226204,44.792645,2.1502008e-05,14.804106,1.1829307,2.0399692,46.12671,0.27661157,0.0135966595,0.00049494224,0.10189098,0.39190614,0.009335618,0.1276066,0.009052577
1.5128874,0.0001269221,1.7606039,0.04936206,8.552062,0.96220857,46.92039,2.8969878e-05,13.758742,1.4844686,2.7630427,50.677723,0.47174102,0.0077782176,0.00043262317,0.13987795,0.5769522,0.011057032,0.16142125,0.0115217
1.5517126,0.000116145944,1.399747,0.061921425,9.447766,0.8755665,48.98663,2.63321e-05,14.28361,1.1950463,2.8312588,45.90571,0.38886324,0.007398865,0.00050614605,0.14589316,0.36312842,0.010648181,0.16723894,0.0124118
1.49713,0.00011199376,1.5601661,0.03794614,7.700567,0.91143394,42.26091,2.5044787e-05,9.652735,1.248747,2.5636387,44.832756,0.30631766,0.005832044,0.00039175866,0.11848988,0.51148224,0.010462419,0.12438412,0.010437334
1.5025028,0.00011935109,1.4152508,0.058593746,7.3264847,0.58945554,40.178734,2.3551494e-05,9.381658,0.819067,3.4113874,42.634552,0.15309495,0.00746422,7.345758e-05,0.15661713,0.49856386,0.012630547,0.14958891,0.010947055
1.3791729,0.00021199485,1.7204207,0.07806017,10.122743,0.8176266,50.639698,3.775242e-05,16.228127,0.8582427,2.6448643,46.373665,0.3050083,0.016815603,0.00063577853,0.1494902,0.73276865,0.009458588,0.081616685,0.008608575
1.4612073,0.00015899028,1.794592,0.051063694,7.872974,0.75605035,44.20123,3.3186847e-05,14.453301,1.4193714,2.8726797,47.620533,0.53678596,0.012416373,0.00088390603,0.1206658,0.88028026,0.013187769,0.09036603,0.010131076
1.4369243,0.0002283009,2.1112547,0.063360244,8.226836,0.900538,40.3327,4.099061e-05,16.74844,1.5591338,3.74327,47.93552,0.5402782,0.011967559,0.0008889765,0.15954225,0.9441742,0.015788918,0.12376532,0.013977919
1.3062879,0.00017101922,1.8048648,0.06528647,8.818092,0.9260508,42.03216,3.5130186e-05,15.9474535,1.5685982,4.256828,46.520332,0.56733125,0.011115697,0.0010631979,0.12409163,0.95148146,0.012118523,0.10244429,0.011654297
1.3468921,0.00021600952,1.9603163,0.076359406,9.1712885,0.974491,41.144432,4.7413803e-05,15.949972,1.7274741,5.131329,46.724506,0.6787203,0.015493018,0.0012892752,0.12954229,1.204518,0.009325939,0.09209189,0.009486549
1.4522738,0.00015742997,1.7584202,0.057373635,8.051651,0.93675613,45.311375,3.0452058e-05,16.944212,1.6483971,3.7949157,48.83857,0.5253009,0.010113498,0.0004353425,0.12978074,0.7049253,0.016117755,0.1080698,0.010976965
1.4504057,0.00016873179,1.7563624,0.06377086,7.3130054,0.92689306,42.27558,3.2439886e-05,17.162453,1.6355311,3.2279372,45.144573,0.56170624,0.012305377,0.0005822718,0.1252854,0.82009375,0.017421573,0.09598445,0.010654173
1.4308262,0.00011352817,1.5417473,0.05054056,8.859641,0.94150496,45.085472,2.1400112e-05,12.543917,1.4987538,2.06431,50.877747,0.33288035,0.008700246,0.00034059538,0.1265523,0.5070834,0.01018839,0.14937422,0.010551537
1.4370669,0.0002981709,3.0527976,0.0805744,11.229689,1.4882895,65.75452,5.933228e-05,13.576014,2.5944357,3.4757671,72.927246,1.2588375,0.019543778,0.0018984904,0.16526294,1.689463,0.011200284,0.09551249,0.011399424
1.4367281,0.0003399951,3.1116407,0.089347534,10.701964,1.6091635,63.29828,6.556844e-05,14.767378,2.8413565,3.4628663,74.28209,1.416646,0.020507434,0.0021742259,0.18214358,1.8631643,0.012517414,0.10195052,0.012787774
1.4963111,0.00032185562,2.6065702,0.09398746,11.180505,1.3540869,60.2615,6.6332104e-05,14.392136,2.6162,3.462393,66.1624,1.5203285,0.020188134,0.0022589096,0.177892,1.7635926,0.013635278,0.09079018,0.013079846
1.1457438,0.00017563757,2.0314827,0.05222514,7.7848544,1.089217,32.65322,4.1048268e-05,10.347672,1.9064965,1.2913895,42.55397,0.9421149,0.014034914,0.0013589177,0.0806002,0.9659401,0.0098740095,0.085839644,0.008454576
1.3950204,0.00025350277,3.0798042,0.08512188,9.441699,1.2710267,53.394268,5.488621e-05,12.681513,2.418354,4.655905,64.19859,1.1456364,0.018891279,0.0018562431,0.17393555,1.5474247,0.0122314235,0.101344086,0.011872599
1.4107031,0.0002773998,2.5568562,0.11226478,10.037269,1.1538842,52.539024,5.631023e-05,14.379589,2.0686946,4.3451943,60.189606,0.98227286,0.018901583,0.0015863883,0.16066206,1.2977576,0.012462693,0.100886725,0.011655565
1.4006207,0.00028414873,2.9638064,0.08898099,10.290622,1.373619,54.911507,6.0026756e-05,15.691655,2.341746,4.182313,63.80503,1.1538794,0.020574989,0.0018439224,0.17279729,1.5582435,0.011661738,0.09877488,0.011468002
1.3805759,0.00022022515,2.838595,0.08103541,9.01018,1.2346522,48.908974,5.1519743e-05,11.510204,2.2137063,4.6686106,60.67715,0.9355044,0.018833239,0.0015676989,0.15712991,1.3000135,0.012090384,0.10215172,0.012320421
1.3781561,0.00024823405,2.5306509,0.08757537,9.6998415,1.3025188,50.53452,5.6702138e-05,13.288061,2.4119809,4.0490923,56.71267,1.1186842,0.020482706,0.0017473169,0.15251495,1.3521339,0.011633753,0.10226363,0.012514399
1.379951,0.00026690259,2.8652115,0.084787555,8.566043,1.3111109,47.33593,5.4773787e-05,12.339966,2.3063927,4.221014,59.552624,1.1158623,0.019482234,0.0017683429,0.1539036,1.529286,0.011981978,0.08228168,0.010721066
1.3368034,0.0002552432,2.676286,0.0789038,10.081634,1.2604922,52.070843,5.6684556e-05,13.921072,2.0171542,3.6260376,56.684544,0.88401854,0.018764228,0.0017729725,0.16649565,1.3301691,0.00919986,0.09495744,0.010191359
1.3515172,0.0002591972,3.0589964,0.08190255,9.705322,1.219662,53.156704,6.106507e-05,11.987014,2.2778323,3.710635,58.6601,1.1277629,0.019650176,0.0019043048,0.19091147,1.5818424,0.011177412,0.09382758,0.012093601
1.4456435,0.0002555765,2.30918,0.080507085,8.157828,1.0446343,34.779945,5.1855688e-05,13.615807,1.7928853,4.371962,46.524,0.82387793,0.015339648,0.0014711282,0.13031352,1.1243236,0.0107268,0.09114522,0.00889814
1.4486922,0.000280137,2.3936834,0.07674216,8.170826,1.0687958,35.379997,5.34694e-05,13.098187,1.9108198,3.9574828,46.951565,0.95484936,0.014629498,0.0015546082,0.13313287,1.1996874,0.010705095,0.090525925,0.008856169
1.4621141,0.0002531342,2.3386219,0.07524011,8.488473,1.0418539,35.391068,4.925987e-05,12.825622,1.9190897,4.6341505,45.27406,0.8880149,0.015649298,0.0014457476,0.13286674,1.1811749,0.011280743,0.08680862,0.008927593
1.4463887,0.00029634743,2.6532097,0.08044071,10.067527,1.3415489,52.32825,5.8226186e-05,12.4424305,2.2322385,4.363951,58.105896,0.9910048,0.017540842,0.0013812017,0.1627738,1.4077374,0.011862194,0.10520467,0.010971238
1.4195441,0.00033405435,2.9847982,0.10687379,10.184865,1.455004,53.22839,6.645731e-05,15.568305,2.645904,3.6801841,72.20577,1.5547425,0.01992344,0.0023372169,0.18364798,1.7005361,0.015227558,0.11296766,0.014096508
1.2380196,0.00026032538,2.498216,0.07573684,8.121352,1.1219467,37.174545,5.2282154e-05,12.177167,1.9577824,2.1373746,47.92226,0.9362159,0.017147806,0.0016698261,0.11314357,1.1644901,0.007588929,0.09127235,0.007999772
1.2380196,0.00026032538,2.498216,0.07573684,8.121352,1.1219467,37.174545,5.2282154e-05,12.177167,1.9577824,2.1373746,47.92226,0.9362159,0.017147806,0.0016698261,0.11314357,1.1644901,0.007588929,0.09127235,0.007999772
1.3182448,0.00012090892,0.39096385,0.10106308,9.687887,0.8564165,41.44076,3.835485e-05,13.170791,1.1833408,1.1315595,26.550892,0.60011464,0.018595533,0.0013227361,0.03666323,0.47744665,0.007802235,0.08227265,0.008019666
1.3814522,0.00021518455,1.1236681,0.10880746,15.302762,1.2277305,56.33267,4.6968296e-05,16.63088,2.0787709,4.942273,57.549854,0.85743695,0.01563648,0.0013415664,0.08432752,0.9444786,0.00928535,0.101552665,0.010120693
1.3642689,0.00019168515,1.387314,0.08795159,14.212662,1.1953481,55.17243,4.455047e-05,15.205215,2.0118012,5.638812,50.091354,0.8513859,0.015063312,0.001343555,0.09333618,1.0195193,0.0092341695,0.10480422,0.010614368
1.0350282,0.00024211594,2.0019379,0.072191335,4.9046917,1.0887249,23.087715,4.35346e-05,14.691194,2.0278277,3.0053766,59.68006,0.816061,0.015576402,0.0012082282,0.097877786,1.3090136,0.013390157,0.077400416,0.009534533
1.2575449,0.00015251902,1.0873007,0.057313096,8.605334,0.8107837,37.3723,4.1110077e-05,10.610129,1.2981857,1.4829746,31.791254,0.7633292,0.013096652,0.0011902674,0.08458481,0.59314775,0.008456704,0.08653911,0.0078004533
1.1402853,0.00015323961,0.7252137,0.08090109,13.37258,1.0709292,49.244072,3.915997e-05,15.205992,1.9038988,2.6753566,41.38785,0.84517795,0.016223313,0.001587937,0.045647953,0.69275737,0.0067676962,0.08445135,0.008102666
1.5381247,0.00019144831,1.2965962,0.07916448,13.906262,1.0616696,55.361465,5.0835228e-05,12.932131,1.9468635,4.155964,46.514187,1.0188627,0.01859316,0.0015945296,0.099262,1.0185249,0.010620433,0.090893805,0.010306499
1.410229,0.00029001976,2.5561078,0.08569302,9.391937,1.3040395,43.861103,5.4205004e-05,13.724198,1.9870143,4.8807955,51.51777,0.88659793,0.014341029,0.001422102,0.16359094,1.2528828,0.012567694,0.10750494,0.011625301
1.3291082,0.00019688703,1.7028302,0.07051116,9.868125,1.0054514,47.0494,3.92679e-05,12.879485,1.5047951,4.0502315,41.607605,0.62894726,0.012015886,0.0008461402,0.1195209,0.72195023,0.01036719,0.110062756,0.010056967
1.3770242,0.00019447715,2.2358792,0.08516413,8.450431,0.9831759,46.311966,4.335824e-05,14.623056,1.803997,2.5409923,49.934322,0.6217685,0.015091801,0.0010279613,0.13216232,1.1597897,0.011741257,0.096128896,0.010705224
1.3787093,0.00023973665,2.5157926,0.07328184,8.951452,1.1786007,48.86299,4.746283e-05,14.355432,2.1537628,4.9054713,53.314293,0.9776062,0.013321618,0.0013220548,0.17262919,1.2843338,0.0147669045,0.11649761,0.012416735
1.4390901,0.00026559926,2.161677,0.08732837,9.725204,1.1874021,44.641117,4.4906104e-05,14.612436,1.6241158,4.1968155,46.90458,0.58567446,0.013052737,0.001017715,0.15913194,0.8838362,0.013202453,0.11811688,0.010374964
1.3064815,0.00021899158,1.9218099,0.080839306,9.483299,1.1088704,46.952175,4.811167e-05,13.581629,1.987392,3.0807803,45.182613,0.9764075,0.013372539,0.0015947241,0.11273123,0.9428274,0.008274529,0.10714317,0.009643718
1.4636279,0.00033839044,4.303987,0.09008763,10.555852,1.872754,50.396698,5.8522415e-05,13.556308,3.7082846,2.5949945,91.500404,1.8483486,0.02052041,0.0014882539,0.18355204,1.9595063,0.016180506,0.10452619,0.014244322
1.3195289,0.00023845134,2.9766335,0.06486874,8.523506,0.94418156,46.89268,5.2262236e-05,10.215596,2.122378,4.7061543,59.865673,1.1122996,0.017190503,0.0018358363,0.14882308,1.7254516,0.008224947,0.06507252,0.008652665
1.4147406,0.00029417995,2.4739544,0.09277513,10.570407,1.4060233,48.713333,5.441436e-05,21.03036,2.1046484,3.3613696,48.56361,0.8755259,0.014635966,0.001303138,0.18844818,1.3633348,0.015695551,0.13135542,0.013014187
1.465233,0.0002762388,2.4067085,0.08569316,9.8852,1.3755255,50.46284,5.9600447e-05,14.877222,2.166969,4.8083873,52.38402,0.94896257,0.015612738,0.0014651493,0.18425585,1.3198324,0.013336787,0.12612796,0.0125102205
1.1730294,0.00026982688,4.604402,0.0855279,7.9111834,1.6018674,40.69754,5.0414616e-05,9.453251,3.5685647,2.1398728,86.52892,1.908494,0.02038971,0.0024748484,0.08809795,1.7193846,0.008172691,0.071179844,0.009046714
1.1676733,0.0002828989,6.423687,0.07218367,7.572184,1.9637629,35.894012,5.6376197e-05,11.815145,4.281164,0.6439759,122.34716,2.1561286,0.021096053,0.002236662,0.11089967,2.4756694,0.009720745,0.08666118,0.00835477
1.1279714,0.0003175056,7.8295355,0.077290006,7.4025264,2.5556154,30.553558,6.3742285e-05,13.1733265,6.172083,1.5803331,136.5197,3.1657321,0.02140663,0.003170676,0.12928377,3.5972972,0.010707703,0.075133584,0.009817486
1.1900576,0.000321143,6.4687552,0.08787361,7.7558084,1.9230787,35.725864,5.8644433e-05,13.346568,4.5249815,1.9629954,130.50363,2.1462111,0.022063492,0.002490445,0.11752055,2.4981072,0.0097069815,0.07750262,0.008360483
1.195585,0.00033413226,6.508086,0.08491553,7.9537597,1.9314831,37.57721,5.7893634e-05,11.915896,4.461946,2.473245,125.27821,2.2779331,0.023150755,0.0026402841,0.11450527,2.4803023,0.009703889,0.06954803,0.009011827
1.2189895,0.00023002637,4.7069244,0.055703655,7.5092,1.6701672,36.979,4.9568356e-05,9.086062,3.6396198,1.9093912,92.28171,1.8501289,0.017933464,0.002214207,0.083850175,1.8152806,0.008205619,0.072679035,0.009003764
1.2088752,0.00028951842,5.0173,0.08773062,7.100524,1.789222,31.56387,5.3867567e-05,8.822256,3.7123682,1.3114331,103.71603,1.9218671,0.019755686,0.0024538941,0.09636763,2.0392,0.010229546,0.07146741,0.008929408
1.1751469,0.00028897313,4.781472,0.07310144,7.6772637,1.7031736,36.991352,5.5930872e-05,10.286454,3.7480965,0.98734236,101.94146,2.0206869,0.021744378,0.0025902858,0.11725131,2.0402937,0.01035987,0.07532205,0.0093035
1.2009176,0.00027180076,5.366888,0.067267425,7.751469,1.827402,37.05138,5.377952e-05,9.71131,4.11713,1.6233884,104.446915,2.1593328,0.01946116,0.0024851048,0.10121685,2.1127195,0.008648533,0.07405241,0.009398552
1.065456,0.0002585156,4.7846494,0.069009125,7.021148,1.7402387,28.57133,5.0496164e-05,10.691694,3.7793992,1.0369524,87.9692,1.838275,0.018033253,0.0022356256,0.104442224,2.2248485,0.009726418,0.072260864,0.008791401
1.1340995,0.00027673223,4.9018903,0.08948206,7.4641848,1.6786895,33.136642,5.1923183e-05,16.194027,3.41975,1.5987345,100.98326,1.6587532,0.019485328,0.00176154,0.10804582,1.9875575,0.010278942,0.089199424,0.010193264
1.2056149,0.00034275785,5.8029566,0.06822343,8.594154,1.8475817,47.23555,6.356409e-05,11.965585,4.0278935,2.880498,108.874825,2.2085514,0.02344971,0.0033609476,0.15428849,3.1540332,0.009471802,0.055510595,0.009591401
1.235074,0.00034929192,6.483306,0.06932214,8.862777,2.2423542,46.177998,6.459038e-05,15.527637,4.6852665,3.2295663,126.320274,2.4542394,0.022390105,0.0030131137,0.16310613,3.1277306,0.01100284,0.059871964,0.010422997
1.2180922,0.00038245437,7.1750054,0.0816659,8.843818,2.3246927,42.972244,6.362974e-05,17.262262,4.8763127,3.082857,143.86145,2.594177,0.022243826,0.0027486996,0.15659654,2.785831,0.011828797,0.079315744,0.011787718
1.1748161,0.0002656029,4.9804754,0.06959236,8.2588,2.0112128,44.52155,5.7272024e-05,12.686217,4.055007,2.3231254,97.77075,2.0136576,0.01963311,0.0021975264,0.12754352,2.013746,0.008454072,0.089791074,0.009418964
1.1865759,0.00034360398,6.785479,0.08440274,7.5709267,2.0996528,35.554558,6.0362934e-05,16.667866,4.4561567,2.9790862,132.31259,2.3991158,0.019940494,0.002461567,0.13029602,2.7152257,0.012514287,0.075570546,0.01099647
1.2105477,0.0004737063,10.91242,0.11371017,9.194743,3.0540638,36.879177,7.753688e-05,19.251146,7.1163673,1.1057935,215.33229,3.7108822,0.0274348,0.0042147418,0.20323764,4.1547637,0.016165005,0.083070405,0.012726046
1.1095033,0.00031724985,7.4816666,0.08473725,7.668461,2.0344772,34.891518,5.932609e-05,13.442351,4.340252,1.0910017,150.64207,2.0911949,0.02224026,0.002568102,0.14946513,2.9913445,0.010825076,0.07665214,0.010328926
1.134196,0.0001954358,2.5178466,0.018290646,6.7945976,1.0915009,20.969982,4.1083833e-05,10.690387,1.8298119,4.1117086,45.1216,0.50680447,0.009529085,0.0011091494,0.11473202,1.2874117,0.011030153,0.058451794,0.0066305194
1.1818733,0.00020243513,2.5606847,0.026412485,6.9862766,1.1128516,23.950613,4.474857e-05,9.763919,1.7565719,3.9001524,46.239025,0.46813145,0.01029129,0.0011722513,0.13460575,1.3931372,0.012869329,0.064534694,0.007944085
1.2303127,0.0002311223,3.24427,0.045198288,7.0467906,1.2589983,29.088058,5.549357e-05,12.350024,1.7664328,4.278098,60.64483,0.5510905,0.016639667,0.0012256303,0.20587033,1.6575452,0.020474838,0.1117425,0.01111075
1.1427339,0.0002057352,2.878394,0.026331568,7.0124493,1.1215287,24.942898,4.621168e-05,10.116732,1.8057003,3.7243621,53.771015,0.4472228,0.011891152,0.0012055569,0.14344731,1.4791937,0.012300392,0.062230125,0.007723322
1.446098,0.00026813828,3.9787552,0.04572628,10.229251,1.3759439,50.2124,5.9375932e-05,12.666039,2.5787957,3.4789968,86.56986,1.057735,0.019845704,0.0015053956,0.22135046,1.8898484,0.018116426,0.09147558,0.012503687
1.322616,0.00030477493,4.3820753,0.07148536,10.053379,1.4062093,56.395107,7.601033e-05,12.650629,2.6674173,3.5555587,88.96835,1.1280276,0.018993756,0.001965282,0.24005935,2.2227192,0.01213849,0.12145312,0.012318186
1.2855694,0.00030766177,5.1047144,0.053423453,9.786653,1.7233841,50.292645,6.815806e-05,12.900525,3.4333007,3.3008065,102.1661,1.5923588,0.018886212,0.0019562445,0.26352182,2.2651649,0.01696929,0.0821079,0.012864358
1.2860831,0.00031925616,4.4041576,0.058878038,10.215288,1.5838836,48.4097,7.2173454e-05,13.004108,3.5891461,2.457906,94.76507,1.8093085,0.017937796,0.0021989169,0.25626937,2.2179666,0.014924222,0.06735399,0.01157209
1.3178326,0.0003338428,4.5861773,0.06938015,10.129012,1.4167866,53.03313,6.8404974e-05,12.534199,3.2895503,3.432404,97.2605,1.4464375,0.018125214,0.0022169494,0.2687716,2.3359098,0.018046876,0.063682,0.01250508
1.2937845,0.0003034013,4.7562523,0.033475574,10.1799,1.6430724,52.923977,6.776637e-05,12.458053,3.5453753,3.196649,102.27454,1.8140618,0.01594541,0.00200532,0.25453094,2.2430027,0.014865614,0.072219774,0.011651901
1.3510001,0.00033601787,4.6174116,0.07738255,10.214739,1.4108392,48.657883,6.2002e-05,13.160842,3.0433166,2.9551902,98.233925,1.4497524,0.02169247,0.0020188247,0.22036561,2.5754278,0.01575539,0.039798085,0.010545719
1.2404741,0.00032960396,4.612103,0.09047367,9.048952,1.5795761,41.578377,5.7404075e-05,14.182197,3.3344703,3.180483,98.50496,1.4756404,0.02041825,0.0020875721,0.18393,2.5841916,0.013262961,0.022195505,0.008798228
1.344938,0.00032275394,3.972179,0.13530219,9.233385,1.4876292,43.709866,6.396289e-05,13.360411,2.6710806,3.2265747,83.70608,1.077038,0.024101304,0.0018791434,0.18756841,2.056182,0.016740285,0.07624595,0.011860155
1.2861837,0.00031192697,4.62945,0.07264893,9.633645,1.6593661,46.520588,6.339439e-05,14.837021,3.2708976,3.0462995,94.05911,1.2587836,0.022799484,0.0018730861,0.19858322,2.464875,0.016316934,0.062600456,0.01134404
1.1063054,0.00025903524,3.6914473,0.10007133,7.0316963,1.4522978,29.688055,4.664166e-05,10.482989,2.7286694,2.9449697,84.07072,1.047267,0.02105969,0.0016669541,0.07177948,1.6119449,0.012604195,0.063824505,0.008526574
1.272046,0.0003667213,6.258423,0.06491643,10.618828,1.9608562,49.04075,7.9541765e-05,14.671314,4.465984,3.1835563,126.98988,2.3619516,0.021546457,0.002424626,0.29435608,3.0847025,0.020527944,0.07097627,0.013324555
1.1691273,0.00019025734,3.059702,0.050992984,6.570094,1.3092294,25.63648,4.504427e-05,10.598657,2.3135312,3.211911,55.0215,1.0657511,0.013812152,0.001575378,0.12548874,1.4594917,0.010344139,0.08095744,0.008162821
1.2175212,0.00020300125,3.0342765,0.046365194,6.9197326,1.1855308,30.44044,4.431311e-05,10.77869,2.372818,3.5450523,56.215282,1.1800742,0.012609716,0.0017920926,0.13679545,1.5080832,0.008862975,0.07122732,0.007254853
1.0477685,0.00022706435,3.028798,0.055304483,5.99606,1.4357629,18.993874,4.6061832e-05,7.943482,2.5498095,3.2713797,52.296124,1.1573337,0.014703243,0.0016730274,0.10973228,1.4240716,0.008164953,0.06574747,0.0074235215
1.2963412,0.0001996407,2.6259809,0.057206947,6.3257093,1.0677303,28.48011,4.159328e-05,10.730204,1.8365545,4.6185627,48.94097,0.7819642,0.0153074525,0.0010731615,0.095202394,1.3002237,0.010426359,0.076704845,0.0074948864
1.0975143,0.00019972844,2.5260305,0.04752603,6.164668,1.2793474,21.53963,4.184187e-05,11.893376,2.1298966,3.8912566,44.32619,0.92859656,0.012709947,0.0012816295,0.10435625,1.1684399,0.0090067,0.07902883,0.007006485
1.0617229,0.000245891,3.3709145,0.06254476,5.4137354,1.6647881,18.981413,4.772415e-05,7.7680902,3.003289,3.594717,61.243923,1.4366755,0.015373227,0.001880142,0.111554004,1.5691715,0.009704147,0.08278886,0.008739182
1.1509645,0.00019998505,2.7252145,0.050840996,6.1744423,1.2551731,24.10874,4.3634962e-05,8.319229,2.2125366,3.9248288,53.64176,1.0157604,0.0139232995,0.0016094348,0.11533913,1.2731148,0.009674039,0.08282012,0.00898762
1.165668,0.00017357113,2.344186,0.04465988,7.996089,1.0778929,26.861044,3.9884508e-05,9.9827795,1.8020251,5.3929105,41.798542,0.8002963,0.012608995,0.0014081129,0.10263681,1.1716509,0.009387902,0.07301756,0.008492207
1.0857481,0.00019699565,2.4202278,0.041965913,7.6429505,1.322368,25.09765,4.540583e-05,9.442926,2.397135,2.9807277,43.06912,1.261808,0.014279673,0.0018100922,0.12424777,1.2326913,0.01023867,0.067449585,0.0084127495
1.3537259,0.00029934064,3.7718968,0.075123854,7.44429,1.2951473,30.61223,5.49333e-05,13.970904,2.408845,3.4311972,64.49847,1.2399176,0.020657122,0.0018497298,0.14000551,1.7268193,0.010892024,0.10098552,0.009149767
1.135063,0.00018655555,3.1378126,0.05086836,7.6940136,1.4617938,25.644396,4.8272363e-05,8.0139475,2.833645,2.1448803,60.927402,1.1878134,0.014782918,0.001365318,0.122926,1.2697098,0.0095712505,0.0795676,0.008904267
1.2400805,0.00018442395,2.182748,0.04319787,7.864112,1.1053354,29.63979,4.3794807e-05,8.528191,1.9189999,6.313387,41.71895,0.8547506,0.012028199,0.001425734,0.10735085,1.041505,0.009225422,0.084009565,0.009095695
1.2963508,0.0002392253,2.635905,0.07898301,6.7762775,1.2714063,32.082565,5.1102794e-05,8.48384,1.9172051,3.9263642,51.058655,0.8804298,0.018122667,0.0015902476,0.11771372,1.1562587,0.011277744,0.09209811,0.0101636825
1.3298875,0.00024671014,3.3854206,0.107349,7.175624,1.198984,35.821526,5.0410123e-05,10.295767,2.9525049,0.9739284,62.190838,1.5359182,0.01662233,0.0022302675,0.12103481,1.701711,0.010332047,0.07684762,0.010691269
1.1295139,0.00022615523,3.2989516,0.060625423,6.0533953,1.4046252,27.14755,4.7343394e-05,6.955121,2.5750256,2.89255,62.88739,1.0808438,0.015810013,0.0017229803,0.10371789,1.4105172,0.008161915,0.073923655,0.007965019
1.3082534,0.0002744193,3.006945,0.10721519,7.4224353,1.3904763,35.938,5.3093005e-05,10.772782,2.5783086,0.56246525,61.09514,1.1452037,0.02511064,0.0016343868,0.110134944,1.3603096,0.010359627,0.084238,0.01016754
1.2408538,0.00025354544,3.1477838,0.07616101,7.2032027,1.3745497,34.197796,5.246527e-05,10.83784,2.567876,0.7355242,61.554565,1.2403591,0.019152164,0.0017045351,0.11315364,1.4531119,0.009018977,0.0647966,0.00703151
1.3371959,0.00025599042,2.7802045,0.07935111,7.1416664,1.2927102,39.66663,4.1290736e-05,11.027607,2.341326,0.6463349,53.52713,0.96143085,0.016904369,0.001388473,0.10979259,1.2794125,0.009671244,0.07901631,0.009577689
1.0902914,0.00028270905,3.536699,0.08294704,8.974596,1.4204892,37.024258,5.03299e-05,15.093502,3.0622933,2.623404,65.25496,1.6224372,0.018467098,0.0018795249,0.14452563,1.8421777,0.0091349445,0.06957226,0.00901019
1.2155094,0.00023979627,4.0331182,0.05804163,9.466386,1.4723784,45.87739,5.7465066e-05,16.752867,2.8492374,3.6706135,79.778366,1.2323697,0.021810755,0.0022351097,0.16696592,2.004817,0.0105446,0.07129764,0.010506963
1.3612651,0.0002449981,2.695552,0.08447728,7.0293956,1.2641879,34.122387,5.1129417e-05,7.0497694,1.9665812,3.9342208,54.82749,0.9176589,0.019722342,0.0015574045,0.120975345,1.1890608,0.0111486,0.088232286,0.010495839
0.9558704,0.00022959373,2.6818328,0.059534762,6.158943,1.2870735,20.318502,4.7540783e-05,15.805029,2.622423,3.3338165,43.59384,1.1267958,0.009525673,0.0014594469,0.09337619,1.4232771,0.009239526,0.07324007,0.0073217456
1.3475218,0.0002722097,2.4350398,0.09870294,8.987029,1.2440586,39.51009,4.265897e-05,17.562551,2.301396,0.39347765,49.895454,0.89426225,0.022162797,0.0017976601,0.14345407,1.3061755,0.012004625,0.09824215,0.012482364
1.2965856,0.00027937087,5.355343,0.07692119,7.902296,1.7833585,37.003,7.084127e-05,14.467004,4.5960865,1.4428784,91.82568,2.6501858,0.016866934,0.0027856934,0.22785315,3.0745382,0.015582459,0.099789046,0.013671194
1.3264672,0.00023335555,2.646768,0.081898265,7.588097,1.3645072,39.625717,4.043904e-05,10.9125185,2.452471,0.5803604,53.682293,1.0409259,0.015898125,0.001298423,0.11498356,1.2931674,0.010763071,0.08022081,0.010064652
1.317469,0.00023677837,2.3900044,0.06758294,7.5684566,1.399391,38.638298,3.8902745e-05,11.351411,2.4654524,1.0851343,52.209236,0.8339752,0.0155496085,0.00090117136,0.09454539,1.0758247,0.0077324817,0.07288168,0.008282633
1.3360386,0.000264455,2.7354121,0.09180756,7.905756,1.2571099,37.55156,4.7668087e-05,11.425428,2.2538512,0.54270303,53.7504,1.0406832,0.020604022,0.001563616,0.10879367,1.2416706,0.0089098625,0.080749825,0.009110568
1.1651661,0.00033599025,5.55718,0.07436034,12.081556,2.1403227,26.06756,6.97609e-05,13.282705,4.779782,2.514287,98.16307,2.764238,0.020377025,0.0031300415,0.17369743,2.764998,0.010631702,0.0707976,0.011131596
1.2952464,0.00028230128,2.9355605,0.07238714,7.5338473,1.5265623,41.05535,5.549099e-05,11.150022,2.5180848,2.8725371,63.59058,1.3683373,0.01912166,0.0021370999,0.12257508,1.4708025,0.008741789,0.07967758,0.009621959
1.3724307,0.00028299598,2.4006793,0.11274112,9.044318,1.0597825,39.077805,4.5346544e-05,16.057003,1.8151563,1.8370094,46.61879,0.8181242,0.018705644,0.0017173842,0.12076111,1.1623157,0.010289292,0.10608477,0.012949336
1.222122,0.000335604,4.756616,0.10323902,8.5628,1.6722871,35.709846,7.379955e-05,15.123654,3.8485703,1.9340149,95.36655,1.892095,0.02310272,0.0031099452,0.19131112,1.9862272,0.012668827,0.106995046,0.011449548
1.1202453,0.00025130316,4.0072494,0.07910515,7.286538,1.7827324,28.411503,5.563226e-05,11.003047,3.435422,2.5261889,70.94572,1.6309315,0.017781263,0.0021250965,0.14740925,1.7139081,0.00932483,0.08045996,0.008414667
1.4436282,0.00026947775,3.293267,0.0808367,9.195472,1.2738243,40.4496,5.8199086e-05,18.622656,2.4641721,3.762327,53.455757,1.3528515,0.016561896,0.0016535298,0.16016875,1.7412761,0.011731174,0.09440819,0.009487771
1.358555,0.00027967143,2.8763204,0.07959797,9.238052,1.2759764,33.239216,5.4205357e-05,12.669642,2.260353,4.7579775,57.64048,1.2023649,0.016368069,0.0017011655,0.1497205,1.336139,0.012223383,0.095050074,0.00992597
1.3586669,0.00032261995,4.847727,0.090034135,7.5307026,1.6345494,31.71075,6.53822e-05,14.486152,3.7639792,3.3909154,84.078476,1.8259902,0.01970434,0.002448519,0.19683386,2.3207912,0.01266376,0.08603296,0.011746924
1.2014161,0.00035977358,6.1084933,0.06661258,7.823972,2.4983237,35.33048,6.937803e-05,13.073937,4.7795534,2.8664134,122.81808,2.2545526,0.022430887,0.0023362727,0.18237557,2.5752754,0.013284039,0.09965095,0.011388739
1.5371714,0.00027781416,2.5276349,0.09088045,8.875581,1.1470615,35.535133,5.2245516e-05,10.815355,2.0159035,1.5192795,50.307854,1.2019455,0.017971603,0.0019758241,0.11610643,1.2571776,0.01059615,0.06811651,0.008623377
1.4075387,0.0002851452,4.167822,0.08340613,8.59714,1.7665632,45.158512,5.505316e-05,10.061106,3.688848,4.719596,80.57696,1.7542957,0.015990166,0.0021291452,0.16514152,2.272036,0.011542386,0.11293348,0.011137946
1.180419,0.00030924563,5.1439114,0.06766489,8.969352,2.2351477,38.678104,6.832099e-05,11.456382,4.415439,3.1245234,96.76234,2.1485538,0.021527052,0.0030098464,0.16982849,2.4473073,0.011188626,0.096084714,0.010342094
1.3297776,0.00024399733,3.0439527,0.052658882,8.760009,1.3508881,35.75061,5.406739e-05,11.599908,2.3811655,3.2034903,57.317596,1.2764217,0.0149932895,0.0018614909,0.16462643,1.4193805,0.010303445,0.07376334,0.009163755
1.1786802,0.00038265332,5.547977,0.09752614,9.100129,2.048356,36.251003,8.149591e-05,15.032873,4.0962768,2.1505694,100.4012,1.7159256,0.034382824,0.0028048635,0.16044955,3.7429893,0.010749252,0.06147539,0.0078782225
1.4108891,0.00030911432,3.9348044,0.08657826,9.867935,1.4009176,50.8331,5.349674e-05,12.917005,3.0231223,2.8785655,80.38286,1.6147896,0.019560942,0.0017194487,0.21299918,1.9954964,0.013743026,0.08227423,0.011414908
1.2886194,0.00030267795,4.192742,0.07830276,9.346927,1.3475829,48.01059,5.2423606e-05,12.107737,2.856885,2.56636,85.778465,1.7467945,0.01589103,0.0016710033,0.21537095,1.9532866,0.011804954,0.07427113,0.010132848
1.1587853,0.00022949843,3.8605402,0.063189946,8.914231,1.447039,37.455338,5.6439905e-05,10.647487,3.1216528,2.2678823,73.277794,1.5880042,0.018198447,0.0023777704,0.13004732,1.5500253,0.007646933,0.07372158,0.010085484
1.1786216,0.00047548616,10.668385,0.12235764,12.138449,3.2117736,43.046852,9.173936e-05,34.14606,8.546756,3.1612403,176.63354,4.7452874,0.027512282,0.004148178,0.26670784,5.0880685,0.017701726,0.12890136,0.016859444
0.9214941,0.0002970102,4.0274596,0.089190766,7.8889275,1.5297995,28.07418,5.834205e-05,15.801179,3.515581,1.8843693,78.33764,1.6845821,0.018277325,0.0023813185,0.15640743,2.2182472,0.014442564,0.0865541,0.0124380775
1.2253696,0.00023411273,3.616493,0.08815145,7.107481,1.0597858,34.10402,4.0444393e-05,7.644851,2.9540215,3.7061694,67.977646,2.138437,0.01291862,0.0020900858,0.15782006,1.5685458,0.012178267,0.06908376,0.012941729
1.2045091,0.00014588982,3.4951177,0.04610697,6.2555556,0.9140342,29.456692,3.4127857e-05,8.06315,2.433797,2.950577,66.644,1.5485134,0.012231836,0.0023009276,0.106798105,1.607877,0.007465289,0.05493046,0.009102011
1.2628878,0.00027804732,4.3508143,0.0923889,8.859842,1.343751,45.01428,5.01862e-05,9.083134,4.0597777,3.3005075,82.92166,2.9342692,0.017954402,0.002963529,0.19409049,2.0235507,0.01202567,0.057221457,0.012644015
1.2087299,0.00040894735,12.000013,0.15401196,9.449695,4.045475,41.25928,9.2018185e-05,26.854885,11.33417,2.326757,215.4757,7.032456,0.019654285,0.0067379754,0.2526237,5.9424486,0.021957196,0.10213312,0.022396587
1.2635292,0.0002786445,4.360003,0.09408119,8.3344345,1.4796474,40.773373,4.7112575e-05,9.341949,3.789608,3.6175969,80.70584,2.4866111,0.016108746,0.0023352744,0.17079395,1.7141674,0.0147181675,0.08284404,0.014381493
1.2203269,0.00044601443,13.460139,0.16862655,9.716027,4.8656735,44.232414,9.7219825e-05,29.907295,13.169918,2.3520987,240.65779,7.884511,0.021190343,0.007085134,0.27127337,6.395022,0.024162643,0.116702534,0.024872212
1.3117349,0.00042585406,6.1891303,0.12293617,8.322157,1.2837355,40.820705,5.7639663e-05,13.47197,2.9320204,2.6353996,113.75108,1.4784315,0.029604413,0.002104414,0.15038411,3.0867903,0.010188907,0.06655627,0.007353007
1.2121366,0.00020475769,4.8513618,0.09978301,9.214224,1.3296602,45.851803,5.7036435e-05,8.631756,3.3849416,3.2994058,94.327866,1.8151855,0.019233085,0.0037112026,0.19967625,2.505772,0.015574114,0.07351453,0.014497984
1.2627403,0.00045920786,5.5157595,0.02306357,10.073102,2.538397,55.80471,9.105413e-05,8.849497,5.2719784,3.2245338,101.99326,2.545329,0.016965194,0.0020982537,0.2610606,2.2472296,0.0079271225,0.11849429,0.010310342
1.30371,0.00041050135,4.9294744,0.040912867,11.224387,1.9708607,62.428516,8.5962456e-05,11.232293,4.2869453,3.4256265,93.45273,2.0332632,0.011187389,0.0016103366,0.27986178,2.1362696,0.011815421,0.12975922,0.011665461
1.3098279,0.00026892,4.125328,0.094748974,9.720666,1.0568231,52.11136,6.869955e-05,7.7575917,2.6840284,3.1641169,82.6061,1.5330883,0.025119906,0.0041880338,0.23002054,2.3680933,0.010596141,0.040980168,0.012437617
1.2684599,0.00029213508,4.4295697,0.13657907,8.038834,1.9243741,44.12501,7.5110525e-05,10.379958,4.567683,3.0293536,89.78455,2.3474762,0.025606893,0.0035791602,0.21796726,2.4749944,0.007931969,0.06260008,0.009434323
1.2389511,0.00031206472,4.250763,0.029897936,9.306673,1.4581105,50.70797,5.7097488e-05,7.7034154,2.8614058,3.3162243,80.350655,1.3762035,0.017946355,0.0021834818,0.19965135,1.7820807,0.0087093515,0.08146635,0.010094458
1.3379693,0.00037525862,3.7172143,0.12582852,9.738449,1.1568887,53.65041,6.2640065e-05,11.2359915,2.3089693,3.0073838,70.8355,1.0332993,0.01979408,0.0014669077,0.16359417,1.7161788,0.0056888023,0.075971924,0.007760566
1.2335908,0.0002554103,6.3687463,0.036284707,10.043291,2.129419,52.30725,6.708016e-05,10.090831,4.9894733,3.3535514,116.1425,3.1022289,0.018588115,0.004585809,0.24767193,3.222431,0.011625263,0.07739546,0.01289689
1.3006481,0.00037220254,4.5050077,0.05023086,9.748931,1.9170457,53.39907,7.089317e-05,10.285883,3.760895,3.0578334,87.32608,1.8964268,0.013355217,0.0016370128,0.23710477,1.5555297,0.01278092,0.10209423,0.011817664
1.2952935,0.00033860496,4.24558,0.03761699,9.2413845,1.3505325,48.353104,7.324771e-05,8.777718,2.4564235,3.3401346,81.5718,1.123407,0.022023434,0.0022695055,0.21279593,2.1931412,0.007971081,0.06541872,0.009323535
1.2458178,0.00029977143,5.3430204,0.014523807,9.95071,1.8232713,53.965153,6.218001e-05,10.423243,4.163309,3.2027543,99.61727,2.4893909,0.01863246,0.0036240174,0.23785171,2.3737986,0.011529875,0.07219822,0.01374859
1.2807766,0.0003466318,4.3675294,0.055158034,10.030399,1.7350725,56.926983,7.34186e-05,10.256551,3.6279595,2.914309,81.533844,2.0168285,0.014266568,0.001867705,0.24421608,1.7916423,0.012310505,0.087335736,0.011714196
1.3580507,0.00034723894,3.6059296,0.12572543,9.874462,1.0018922,52.561226,6.274217e-05,11.2921295,1.8824652,3.630767,70.62958,0.8860764,0.02411749,0.0017759568,0.17731644,1.6964775,0.007078198,0.06321371,0.00956446
1.3222965,0.0003887192,4.844398,0.07339039,10.801652,1.8372844,60.54104,8.9285735e-05,10.197034,4.3602443,3.2300363,89.446915,2.3847604,0.02421671,0.0028342512,0.2604507,1.8885304,0.012461293,0.115250275,0.013690146
1.2641413,0.0003818529,4.9706135,0.052069724,9.260706,2.0746195,49.781193,7.150506e-05,9.271964,4.1407204,2.9765537,98.019936,2.2194808,0.015502243,0.0022415195,0.23680227,1.8947558,0.0125292605,0.08974569,0.011704699
1.3098768,0.0003361581,3.7643297,0.11311404,9.934591,1.3668611,57.27157,7.257067e-05,11.143894,2.9441636,3.2108567,78.156075,1.4488977,0.021189924,0.0024214126,0.22888872,1.798955,0.00974155,0.09042685,0.00962622
1.2565118,0.00035765686,4.6209354,0.08353996,10.701171,1.6705962,58.329224,7.829153e-05,8.765004,3.9856243,3.008828,88.92395,1.9179544,0.020644786,0.002761553,0.25330734,2.203823,0.011478196,0.09479546,0.012067361
1.2475882,0.0005081745,7.498522,0.041857716,10.571575,2.4736705,54.460037,9.070204e-05,13.908522,5.6587186,3.3685691,137.05603,3.2487202,0.022455813,0.004059469,0.23772925,3.627593,0.007740392,0.089880586,0.009461579
1.1717458,0.00048506827,13.952072,0.11067514,13.118445,6.5662327,34.490925,0.0001075493,42.651154,15.628032,2.7659476,275.30002,7.8576665,0.02164809,0.0035094938,0.26461175,5.436315,0.01565527,0.15076655,0.012131339
1.2300701,0.00055655086,11.043283,0.19740786,12.835828,4.563399,40.7225,0.0001024363,27.394083,9.829574,3.008957,210.63191,5.6468396,0.034540724,0.0049135042,0.30520514,4.03404,0.01933536,0.1786061,0.020103058
1.2782438,0.00037315296,6.7359476,0.052473087,10.096282,2.0711374,51.07635,7.295938e-05,14.358578,4.607953,3.2836459,119.45463,3.0463498,0.029034434,0.0037180528,0.20807745,3.4624932,0.012162709,0.07581788,0.009838688
1.2661124,0.00060046505,9.097393,0.11012997,11.036151,4.279413,55.136845,8.523242e-05,13.01905,8.932766,3.2762232,169.18465,4.795295,0.025855182,0.004911208,0.2545509,3.8825746,0.011857761,0.12684119,0.013089053
1.2647938,0.0004954072,7.535333,0.09984635,10.088298,2.134447,50.72624,7.7656674e-05,13.264596,5.658734,2.7746308,134.90862,3.5122645,0.03484243,0.0048089693,0.20985508,4.074646,0.012993402,0.07256726,0.009540692
1.2365838,0.000498506,11.207378,0.11085225,13.003865,3.6753726,46.171604,9.090625e-05,23.339584,11.530529,3.0377336,203.64684,6.862803,0.03820603,0.0068453737,0.29630738,5.9616365,0.016159246,0.11473437,0.014283141
1.2327894,0.0006090085,8.656175,0.04765786,12.446081,3.839801,66.48765,0.000111494584,12.741596,8.33346,3.0536475,163.78903,4.4824104,0.030032286,0.0045578536,0.3227478,3.876537,0.007970311,0.12879348,0.0122917835
1.22846,0.00043825884,8.484525,0.07535822,10.346922,2.9815822,52.20041,8.883162e-05,13.418198,8.751594,3.5689504,159.12402,5.458945,0.023889052,0.00603188,0.27867505,4.5717072,0.0064348215,0.09873286,0.014131845
1.2522585,0.0005215707,6.90971,0.05411265,9.049217,2.488925,45.478043,9.9236044e-05,14.134137,4.410767,3.1610482,126.551216,2.7451184,0.022834655,0.002412678,0.22996265,2.155573,0.010470314,0.13965735,0.017943867
1.3333485,0.0005870505,11.924917,0.15702854,14.450728,4.723521,55.10449,9.291877e-05,29.325603,10.110247,2.8275099,221.85326,5.552909,0.041260496,0.0047167786,0.35754776,3.8520007,0.022939188,0.2066931,0.028856983
1.2290044,0.00032709955,5.7088327,0.058653377,9.37641,1.6837261,48.498886,7.344426e-05,8.922722,3.6560676,3.3324459,101.76756,2.192733,0.02910864,0.0042863255,0.20482573,3.585887,0.004402064,0.028279588,0.0069350787
1.2020248,0.00035072782,6.923167,0.08766493,8.807682,2.2675564,38.508064,7.237135e-05,8.434457,6.1825314,2.9384723,123.52011,4.069939,0.023693092,0.0066984384,0.18280546,3.7275152,0.005264608,0.054792393,0.009940517
1.2122258,0.00035886822,5.28903,0.14608933,9.060319,1.508895,43.95857,4.619506e-05,5.0737753,3.9004605,3.194223,101.693054,2.4444993,0.02208865,0.005387612,0.15819348,2.3791718,0.010932694,0.052757453,0.013877034
1.1241883,0.00015527455,4.6416764,0.042138837,6.243136,2.2814577,25.845154,5.0509476e-05,10.093863,4.2603126,2.2091236,91.075,1.8148149,0.015104741,0.001757647,0.11641745,2.1085985,0.0073824804,0.07218434,0.008584942
1.2226385,0.00045631622,10.514893,0.04369837,14.626675,4.098746,40.504795,8.833394e-05,27.085947,9.497682,2.9962199,192.97636,4.874772,0.026120048,0.0033588943,0.31479564,3.849982,0.021334775,0.111307085,0.015792007
1.2323294,0.0003415632,6.9626617,0.10943374,9.218409,1.8340092,45.22102,6.803132e-05,11.895169,6.5625234,2.8931465,126.87944,4.9822903,0.02243441,0.0051334905,0.22586207,4.306743,0.009032745,0.07357229,0.0112555865
1.1607999,0.00049607834,14.760469,0.11954125,8.112415,5.0682263,34.28555,9.062461e-05,24.719292,10.381983,2.575012,264.0421,5.047798,0.029359126,0.005212468,0.29308683,6.095466,0.02423064,0.1358784,0.022762451
1.2533114,0.0005068389,6.385296,0.24714988,6.7840333,2.0962167,28.80885,8.8725734e-05,16.247374,3.208573,2.9102385,127.63984,2.4371395,0.06682273,0.0016243021,0.17724782,1.3050919,0.02111706,0.17089193,0.039527886
1.1614215,0.00027456303,4.6467066,0.072801635,5.825547,2.4708664,24.576612,5.8730504e-05,9.024029,4.0404663,2.9951036,92.054504,1.8627589,0.020736102,0.0014927974,0.120599814,1.0702955,0.007587979,0.10782834,0.012939993
1.2365601,0.0005003301,5.8535132,0.3495522,7.8816786,2.1655931,32.800766,9.0662514e-05,15.942269,3.2781951,3.3360393,122.958565,2.5920777,0.051693592,0.0026960268,0.18144773,1.3948222,0.018867949,0.17431282,0.029138263
1.2858341,0.0005107032,5.353354,0.21101604,8.452552,1.4448527,38.92638,8.047389e-05,12.191124,2.202902,2.6695588,97.16507,2.4635327,0.046474606,0.0051149325,0.25253472,2.695914,0.014984736,0.13734192,0.019992182
1.2925105,0.00050465716,5.6441646,0.18025984,7.326879,1.4993855,32.08416,8.762698e-05,14.039173,1.8274926,3.028423,105.09097,2.3303926,0.056620788,0.0042291703,0.27736855,2.0678225,0.016003033,0.18626626,0.026186299
1.1903005,0.00038428308,4.857205,0.09256573,6.679144,1.6129811,33.642498,6.445991e-05,8.847485,3.3035762,3.141426,90.51925,1.8944744,0.02318154,0.0019953838,0.16939263,2.4407485,0.006100384,0.04214813,0.0047343886
1.1627297,0.00042471648,7.4471674,0.05906056,7.5842795,2.2946987,33.50948,7.7244375e-05,12.625158,4.92041,2.5945232,139.77486,2.7990756,0.023128718,0.003381307,0.2058174,3.8333714,0.008105066,0.05765647,0.0069217365
1.1850961,0.00029700145,4.1893215,0.06852611,6.6812034,1.3504162,33.21986,5.5578577e-05,7.5759954,2.9298568,2.8256114,79.871704,1.4961004,0.01814889,0.0023156707,0.16562313,2.0592828,0.008625569,0.045307886,0.008418153
1.2358478,0.0004409508,11.861754,0.103155725,12.086811,4.1036487,40.215424,0.00010841047,29.046217,8.324528,3.6762607,235.02386,4.4325275,0.023379859,0.004030035,0.32865477,6.266616,0.015982032,0.10731892,0.011882299
1.2330223,0.0003672424,14.825179,0.13425085,13.325522,5.7999487,32.459953,0.0001402281,36.521305,13.709316,3.3316426,300.76108,9.034568,0.017691445,0.006869163,0.4126844,8.938714,0.024550715,0.13081361,0.019090505
1.2716979,0.0004072333,3.6491876,0.08447645,8.149248,1.327563,46.40831,5.9614427e-05,8.5503235,2.5037982,3.3041542,74.000626,1.1386693,0.021833362,0.001159118,0.17403752,1.5196913,0.0070488285,0.061342716,0.0060508354
1.2091203,0.00040636706,5.05094,0.096224956,7.0201836,1.784543,36.17405,7.023327e-05,9.773284,3.6462474,3.1847708,94.40482,2.068808,0.030982098,0.0022827685,0.17966597,2.5744612,0.0059778243,0.025501419,0.0062602498
1.284845,0.00042535577,5.007072,0.0719546,9.936741,2.0332317,55.18942,8.320954e-05,10.142853,4.0975647,2.8373628,93.0984,2.2922049,0.016367916,0.0021395036,0.26190093,2.192703,0.010823125,0.094243824,0.011721616
1.2684174,0.0005499757,12.975681,0.1597979,15.494897,4.221973,42.897324,0.00013408433,32.540043,10.295953,2.7581675,257.11774,6.3875237,0.02413658,0.0041811825,0.42857215,6.0792537,0.024493163,0.13162526,0.020688185
1.2497728,0.0005946445,16.115826,0.13980004,12.742691,5.285478,46.489265,0.00011939488,28.709791,12.593237,3.0724092,298.2727,7.3080606,0.029542051,0.006881231,0.40088463,7.5525627,0.028525308,0.13526778,0.02981815
1.2801235,0.0005639766,13.919554,0.16295958,13.416928,4.888235,52.703773,9.7748925e-05,37.186165,12.677697,3.022107,246.97018,6.9607897,0.02486253,0.005523975,0.3350054,5.0529056,0.03028091,0.13848099,0.028754584
1.2512567,0.000412314,5.0816517,0.03562507,9.616533,2.1220026,52.993465,7.675603e-05,8.91702,4.347065,2.9831226,96.05712,2.280094,0.014051953,0.0019921716,0.2580366,1.7364779,0.013264443,0.0935945,0.011794533
1.255724,0.00023726087,2.9452055,0.040251333,9.32368,1.1134064,47.526134,4.7833535e-05,8.104609,2.1584291,3.2255704,58.676525,0.9869525,0.014106172,0.0012568982,0.1481405,1.3104047,0.006157348,0.05350471,0.006216503
1.2326922,0.00027628045,3.5879447,0.06405789,6.280003,1.2189969,30.492416,5.5661592e-05,8.498892,2.2790897,3.5510404,70.54559,1.1293097,0.018772153,0.0016224552,0.15156926,1.8217307,0.0065087224,0.06234276,0.005758482
1.2868161,0.0003046497,3.0145454,0.11527733,7.577281,1.3825228,41.311966,4.826711e-05,8.660367,2.491359,2.9972067,63.421688,1.1576271,0.023893837,0.0013782018,0.12489427,1.3254663,0.006902419,0.06062056,0.0051107914
1.1994035,0.0003810811,4.863663,0.021465939,7.2867312,1.7690588,38.308884,7.74765e-05,8.847228,3.1444986,3.0389345,93.24251,1.6804005,0.019592272,0.0017747388,0.23337084,2.445733,0.007649936,0.06079353,0.007428571
1.3249185,0.00032317318,4.184819,0.063601695,10.488688,1.4073423,62.06185,7.293699e-05,9.348562,3.363863,3.2332277,78.480316,1.8947018,0.012169497,0.0016979934,0.24751617,2.0681024,0.011783875,0.08093906,0.012026083
1.3205627,0.0004016667,3.688626,0.11140869,6.628825,1.2650024,33.32951,6.0616472e-05,9.085606,2.2834826,3.4503782,78.50958,0.9732468,0.020663489,0.0010078524,0.15604196,1.5357378,0.008863498,0.08682611,0.004687493
1.1990899,0.00024979434,3.377899,0.04995194,5.703472,1.2091551,26.101797,4.5161607e-05,6.013797,1.8994942,2.987989,63.23792,0.78599167,0.019945802,0.0013720634,0.11621307,1.634452,0.0052651055,0.0355703,0.0052875383
1.2105666,0.00021395032,3.4215503,0.052551806,6.4178815,1.1563659,35.818108,4.0561717e-05,7.561289,2.368992,3.3037176,66.33008,1.317655,0.012184094,0.0015225762,0.1337558,1.6126981,0.0074853683,0.04530325,0.0072344225
1.2927915,0.00032342388,3.5813081,0.055049807,8.652351,1.0965921,47.551945,5.833266e-05,9.45477,2.331216,3.7042162,68.56447,1.0437715,0.019361041,0.0011257791,0.18769616,1.9228058,0.008013376,0.0565587,0.0070272433
1.2892923,0.00035767417,3.5475502,0.11310566,6.460705,1.580009,33.755543,6.130525e-05,8.095846,2.5444882,3.1865087,68.89323,1.0699246,0.025995366,0.0011212855,0.16790795,1.3065151,0.010917827,0.07219879,0.007686299
1.1936233,0.000479291,4.819665,0.13835394,7.343851,1.7612054,37.306473,6.916116e-05,9.127241,4.032147,3.1835694,89.550606,2.420721,0.027884187,0.002499947,0.17532782,2.4377663,0.0035132684,0.01783252,0.0038790607
1.2406417,0.0006917399,13.388139,0.14836875,13.48296,5.0993824,45.394115,0.00010471702,36.36905,11.199514,3.1251106,262.4416,6.6475925,0.055232916,0.004430975,0.3201157,6.0433064,0.024904294,0.13655831,0.02448301
1.1745738,0.00017565957,3.7011683,0.060260676,6.6205363,2.0348198,30.104668,4.26423e-05,12.139561,3.213788,3.308004,78.58695,1.122952,0.018201035,0.0008979613,0.10290395,1.2389833,0.011187102,0.12765494,0.0073372396
1.1860923,3.5353318e-05,4.214186,0.07543456,6.0348244,2.2544389,28.458479,3.2198488e-05,10.688624,4.768364,3.2141662,87.21622,1.801614,0.019005692,0.0005709473,0.09993014,1.1545,0.009557484,0.1201197,0.0107533075
1.3770641,0.00052772416,4.6438503,0.14709279,8.621782,1.2031857,45.203773,7.05464e-05,12.052242,2.5003476,3.213229,89.94734,1.6235038,0.02657152,0.0009689399,0.24442212,2.0130978,0.016466463,0.13625915,0.015586216
1.1389935,0.00012506152,3.0330853,0.004672335,6.398932,1.8165716,26.333715,3.5802957e-05,6.8730717,3.149942,3.3980684,63.698936,1.0030954,0.007500427,0.00088404585,0.116214395,0.741415,0.0077015134,0.11597212,0.007636057
1.0703404,0.00016350394,3.3287282,0.04079039,6.7469954,2.357934,33.503105,2.7402457e-05,11.3159,4.227304,3.4060931,71.411705,1.3687207,0.007812793,0.0006670091,0.07153482,0.7737472,0.0021547365,0.092740856,0.0020105732
1.2355692,0.0003945362,5.363079,0.07847437,8.098899,2.1270187,41.12156,7.11548e-05,11.581922,3.6408038,2.9643853,106.73148,1.7286564,0.01774199,0.0012497075,0.18672267,2.6258626,0.007028847,0.070271745,0.0059572794
1.1037158,0.00015844447,3.7461112,0.03848435,5.805125,2.5136826,24.875998,3.1087442e-05,10.880974,4.0724483,3.0139863,83.814354,1.2557125,0.0061861114,0.00085033325,0.0928599,0.7248165,0.0053276583,0.12080777,0.0045732567
1.2231865,0.0003615549,4.3052387,0.11576188,7.0639477,1.2694894,33.97309,6.013578e-05,10.300729,2.6039617,2.826118,86.00498,1.0590559,0.018729785,0.0018835202,0.1729992,2.113344,0.009969128,0.08642468,0.007314488
1.2301233,0.00022312596,3.725277,0.063626274,6.3581667,1.5386194,28.38179,4.1581658e-05,11.106856,2.67108,3.3678281,76.06772,1.0774835,0.017661288,0.0008204307,0.11349069,1.3042995,0.0078894105,0.09536063,0.0066838404
1.085974,0.00012572433,3.3908632,0.021757174,6.292297,2.3522367,29.784122,2.6474969e-05,8.711173,4.2356777,3.2992458,74.29697,1.3755045,0.0070893266,0.00092555437,0.06941808,0.7492686,0.0045620836,0.10079714,0.0036548323
1.2344337,0.00022970777,3.4321573,0.07185895,7.269696,1.1439102,34.45661,3.5468714e-05,9.895492,2.471851,2.9233913,68.69269,1.150842,0.01847387,0.0018392808,0.10041915,1.3323501,0.004998185,0.05415808,0.0041171247
1.1140801,0.00021588657,3.548205,0.016395608,6.188988,2.2728336,26.488838,3.9512066e-05,6.167159,3.8006186,3.077584,76.946915,1.2153587,0.0085935,0.0011152639,0.110029645,0.7605555,0.0074647367,0.124435306,0.005926401
1.1199408,0.00016747805,3.138777,0.017624866,6.8262577,1.8532015,32.48287,3.1742078e-05,12.3322315,3.542292,3.0524874,67.33309,1.2896519,0.009449505,0.00072744425,0.10000914,0.81877714,0.008978181,0.11264675,0.007710064
1.2138268,0.00026585162,3.8606734,0.07261517,8.69063,1.5540109,44.65663,5.0444716e-05,9.9978695,3.6288972,3.2730644,77.634995,1.7651536,0.013504612,0.0016702986,0.18518145,1.8356146,0.013672633,0.06632153,0.009293069
1.3120155,0.00030355348,4.0733,0.058797874,8.219862,1.6583723,42.171204,5.143032e-05,11.784301,2.9081488,2.588014,80.85633,1.2764899,0.016186811,0.0010000928,0.16417876,1.6372911,0.007993531,0.08553084,0.0065220185
1.2483916,0.00035096137,4.618742,0.081187345,6.788563,1.3926047,33.73693,5.8584563e-05,10.340224,2.9892693,3.0193622,86.62802,1.6913117,0.025808144,0.0021458825,0.14913778,2.5045245,0.006483649,0.034627315,0.0066761076
1.2812265,0.0002890322,3.5395927,0.10083566,7.421528,1.150956,34.926674,4.6998975e-05,11.861359,1.9283847,3.0984023,70.06679,0.86687195,0.0190718,0.001002871,0.1472059,1.575227,0.008947523,0.08838054,0.007822526
1.1489437,0.00011491855,2.5442238,0.01153829,7.7452264,1.7631245,37.511196,2.5773015e-05,11.565376,3.0178723,3.3279352,56.452763,0.97321194,0.0073502418,0.0006410997,0.09222171,0.45068082,0.005910116,0.10048664,0.0063390164
1.3000344,0.00033468343,3.7286913,0.07830616,9.052281,1.3995152,47.480293,5.1523788e-05,13.492532,2.929137,3.3789737,74.56153,1.1902086,0.016449828,0.0021174839,0.20966195,1.0793403,0.014040762,0.08755289,0.011203401
1.2743217,0.00038956647,4.7176156,0.08918215,8.423644,1.438378,33.041042,5.278512e-05,17.506664,2.5599399,2.916893,89.57526,0.84554297,0.02223634,0.0011235995,0.112207234,1.6483607,0.005414919,0.082434975,0.0044589504
1.1156021,0.00010809983,2.9698567,0.016740182,6.536037,1.9734993,28.468384,2.619116e-05,10.073749,3.802522,2.8308203,67.81659,1.2251942,0.008681544,0.00068173767,0.0876883,0.6566352,0.008409796,0.1105328,0.005886062
1.2616746,0.00018857435,3.5495336,0.04386759,9.75939,2.18165,48.108845,4.0215145e-05,17.416227,3.035502,2.4298208,78.9298,0.69904083,0.016658213,0.0006974358,0.09893808,0.93291533,0.0050342903,0.11986664,0.005573423
1.2908562,0.00010955452,2.3147178,0.03536813,8.785911,1.3479495,45.586327,2.4316098e-05,9.58122,2.5470376,4.507906,51.149208,0.9222587,0.0092581995,0.000529052,0.09091642,0.63762814,0.008372367,0.09699468,0.009321662
1.1395886,0.00010711757,2.92738,0.0007965906,6.385688,1.8990151,27.275785,3.4417968e-05,6.7552342,3.1287842,3.52011,63.237617,0.97620046,0.0058224495,0.00075073866,0.10904937,0.6847275,0.0072301957,0.11796078,0.0070951493
1.1035348,0.00017429962,3.6495547,0.022885365,6.266584,2.2095249,28.35268,3.5160283e-05,9.6260395,4.2284455,3.4468622,78.28201,1.4131147,0.007983599,0.0010556219,0.108189926,0.9297118,0.007219879,0.12220359,0.0064916476
1.2058787,0.00015907119,3.153659,0.040657915,7.100789,1.4963987,36.96496,3.6442794e-05,12.277277,3.2679393,3.2917128,64.32182,1.442384,0.011982151,0.0013406635,0.13682905,0.93365616,0.00957934,0.10091452,0.010264733
1.2068754,0.00031148506,4.1148005,0.09802959,6.8045917,2.1134615,28.36427,5.6927012e-05,14.697653,3.037689,2.6281624,89.97603,0.8594721,0.024943056,0.0011506223,0.11540956,1.2339039,0.01254577,0.16220571,0.008327375
1.2633181,0.00029715814,4.645809,0.08990822,7.24948,2.4875758,31.978626,5.6283923e-05,14.80374,3.5060928,2.6319602,100.91224,0.9995141,0.02090539,0.0012326295,0.15138353,1.2397211,0.012945825,0.17629163,0.010305553
1.1944226,0.0002000363,3.4642413,0.07083616,6.545956,1.8995706,29.88479,4.5413857e-05,12.589869,2.831759,3.1620193,76.78766,0.90663224,0.020407462,0.00092729554,0.10446982,1.0938804,0.010364571,0.12785128,0.008406517
1.2498542,0.00018430913,3.3394315,0.088916786,7.1250715,1.4225253,31.079365,4.4538952e-05,13.174173,2.3069944,3.0298464,68.45198,0.88304347,0.022399565,0.001127585,0.08789233,1.327751,0.010801433,0.106921785,0.0081423605
1.3073975,0.00018782492,3.0273733,0.054001477,6.3439555,1.1602584,29.907984,3.785285e-05,9.91875,2.2052474,3.1397376,62.076283,0.8600961,0.015001147,0.000753177,0.11744333,1.3142506,0.009036645,0.07769219,0.0073351604
1.1194488,0.00015365981,2.9942772,0.046532568,6.428089,1.7014419,27.4395,3.0589734e-05,10.293309,3.0251377,2.8082252,67.34701,0.9881262,0.013283194,0.0011307774,0.08696744,0.79719824,0.0066764,0.09612704,0.0052283513
1.2374563,0.00016248952,3.0854528,0.06611125,6.508018,1.3158679,30.340248,3.9246963e-05,12.335515,2.2957437,2.9536488,62.99187,0.8682907,0.018696882,0.00094644,0.09489812,1.1877548,0.009754056,0.09315536,0.007813015
1.303876,0.0001849027,2.964247,0.0649139,7.9629664,1.0594138,35.40367,4.564888e-05,12.945555,1.2945088,2.9448588,60.667133,0.59299654,0.022077486,0.0009674942,0.12383569,0.8827226,0.012009796,0.112688854,0.0105995545
1.2412041,0.0003036854,6.9642625,0.054934286,9.144805,2.2886581,38.312305,6.3416206e-05,17.975622,5.0084124,3.264493,128.88702,2.4434588,0.02010114,0.0019109172,0.24419239,3.9544215,0.016499326,0.08496318,0.012302851
1.2719337,0.00047153822,9.23252,0.09484942,9.281615,2.8199852,38.805855,7.883527e-05,22.791492,5.8378186,2.9314435,177.53505,3.0060892,0.023339016,0.0024687427,0.27530262,4.9114017,0.02231591,0.10625133,0.012185896
1.3780668,0.00032353157,4.4560637,0.06670099,12.482553,1.5500516,71.4436,8.3089675e-05,12.733547,3.2844195,3.407709,84.35898,1.6287963,0.01167106,0.0021330258,0.26275933,2.0277479,0.014119687,0.08971307,0.01334
1.2889682,0.00034792357,4.902138,0.07833359,11.114113,1.8744924,62.11374,8.752424e-05,12.32714,3.6254156,3.2815716,94.202934,1.4888905,0.030658416,0.003277386,0.22221585,2.4985855,0.007360468,0.05284143,0.010713729
1.3204889,0.00035162477,4.812395,0.047308456,11.404317,1.7772578,66.377144,7.811732e-05,12.369396,3.610928,3.2412724,86.50875,1.7817653,0.014188597,0.0017832045,0.24260613,2.0282726,0.013724065,0.08701892,0.012622595
1.2887661,0.00032703916,4.3998547,0.04818318,10.232457,1.5516754,61.16809,7.0165086e-05,10.661987,3.6979275,3.2853308,79.33221,2.0048554,0.011458674,0.0018160389,0.2229828,1.760932,0.010581523,0.075311735,0.011308053
1.3383145,0.00024677432,4.129443,0.04167488,10.917759,1.2120948,62.02857,7.0288974e-05,11.11096,2.8560436,3.4942818,79.056526,1.4833437,0.014009146,0.0015363969,0.23640542,2.1320434,0.012878214,0.07450495,0.01197042
1.352314,0.00026082934,3.5919662,0.063527584,11.79969,1.5375957,65.7564,8.392382e-05,10.671357,3.1219504,3.4437404,71.7896,1.5764337,0.018568963,0.0033886821,0.2241957,1.9689449,0.0072927303,0.06893293,0.009144951
1.3326905,0.0003565743,5.0124373,0.06516043,11.364754,1.7412773,64.26556,8.342705e-05,12.514904,3.7793183,3.5177603,91.772446,1.9259816,0.021250637,0.002318786,0.26435244,2.382019,0.014037795,0.10033079,0.0128643885
1.3058923,0.00027731445,4.3601575,0.0387841,11.088878,1.32467,63.606285,7.649412e-05,10.121813,2.7817037,3.1706905,79.676414,1.3974998,0.0104869865,0.0014583552,0.2639106,2.2444458,0.013522374,0.07792774,0.012046331
1.3163719,0.00034219463,4.098257,0.07488918,11.593195,1.4960907,64.324265,7.5525575e-05,9.567871,3.7747424,3.320081,80.21984,1.776874,0.017379817,0.0017312006,0.23333964,1.9428538,0.010498797,0.09578396,0.010123117
1.1749773,0.00042495542,16.258413,0.10436887,10.873999,9.181569,43.6712,0.000106633204,38.86156,21.672733,2.854642,312.12326,11.581333,0.02354684,0.0059010442,0.29820895,6.144398,0.02300247,0.16477896,0.023376308
1.2251637,0.00042677627,5.834733,0.13853617,6.912098,1.6507558,29.017262,6.246388e-05,13.202471,3.4985893,2.8753412,106.6848,2.0518672,0.038731266,0.0024305966,0.16986918,3.6556091,0.010698471,0.109139,0.0110357655
1.2079282,0.000318402,5.3384466,0.06217479,7.625935,2.3337631,39.518887,7.916553e-05,9.353765,4.2169785,3.3914688,104.78287,2.0173879,0.021549597,0.0027188077,0.20492439,2.5166001,0.00919196,0.07248159,0.007069272
1.2616836,0.00044813915,9.352757,0.13362351,8.491188,4.0650625,40.9573,9.702145e-05,22.28858,9.202689,2.900456,204.39409,4.0324993,0.026542297,0.0025545529,0.24032748,3.7783794,0.019155558,0.15276971,0.010622454
1.2364595,0.00035625763,4.684501,0.05718956,7.148418,1.2763765,36.87818,5.918542e-05,10.756125,2.0971482,3.072136,87.73923,1.4647133,0.02567811,0.0021592134,0.18176998,2.4102488,0.009589517,0.070138946,0.010160857
1.207971,0.00033015868,4.6625795,0.033620432,8.5946865,1.6586369,45.409863,6.715175e-05,9.050973,3.2320414,2.7376053,88.52029,1.7308214,0.023995044,0.002320803,0.19584125,2.2715359,0.007599915,0.05690163,0.008102371
1.2870008,0.00024792625,3.5972717,0.07488576,6.112215,1.4580412,28.67337,4.7042045e-05,11.677081,2.3104913,3.0885286,70.40733,0.9466267,0.020945653,0.00096606754,0.11929265,1.379187,0.00871592,0.07396844,0.007503362
1.1857003,0.0003108099,4.9741855,0.041283358,9.963075,2.6124985,52.808662,8.184604e-05,9.159366,5.571096,3.0671792,96.493286,2.990955,0.018355258,0.0030817736,0.22531116,2.5535302,0.005263208,0.08062287,0.006819428
1.2553327,0.00034036912,4.6210017,0.09427537,9.069571,1.7784767,47.818466,6.8861555e-05,9.184201,3.8008597,3.0333073,87.8407,1.9093691,0.027476182,0.0035391373,0.23184495,2.7214231,0.008772781,0.044386424,0.010891037
1.2346734,0.00041845307,4.6932416,0.049465053,10.177334,2.0877652,54.86795,7.796345e-05,11.11098,4.3207483,3.1993537,89.96861,2.1643393,0.013782021,0.0021479507,0.23869114,1.7353102,0.00906202,0.10398319,0.010493511
1.2730293,0.0002736677,4.723569,0.037465185,8.557607,1.4950949,42.22385,6.303396e-05,8.967195,3.1964593,3.260694,89.17992,1.9157917,0.018104078,0.0026018147,0.21454613,2.618784,0.011979845,0.073522225,0.010420841
1.2496052,0.00038492528,4.7531667,0.07704909,10.074716,1.3402164,54.48637,7.257687e-05,10.130878,2.7361593,3.6010282,94.2484,1.2041855,0.024681332,0.0027778805,0.19957335,1.9184166,0.009315977,0.07240966,0.009057356
1.3024886,0.00030301118,3.6418679,0.081944644,8.563572,0.9530415,40.092712,4.9862738e-05,10.085241,1.9367304,2.7730808,70.08235,1.0649645,0.023601912,0.0015952769,0.16149957,1.7373633,0.0075834813,0.061180953,0.0076688677
1.2103866,0.0003655205,6.934667,0.119149305,13.727956,2.693707,40.390507,8.1104e-05,15.335891,7.303145,2.87479,126.40139,3.8630698,0.02232112,0.0041023158,0.2239739,3.362916,0.009552966,0.07987911,0.011947677
1.3061545,0.00031068563,2.9463782,0.1484481,8.648222,0.86168677,46.278473,5.555291e-05,7.722926,1.9950953,4.0511217,61.999096,0.74070156,0.018609563,0.0013671365,0.17965157,1.2265521,0.010872903,0.09141801,0.011954904
1.319138,0.00032938187,4.980885,0.05402435,9.992068,1.7044377,49.309647,6.890299e-05,12.529581,3.488821,3.5512302,98.67389,1.7724837,0.019797362,0.0018320581,0.2190737,2.1189427,0.011420009,0.088625796,0.010043388
1.3045528,0.00028756532,3.9786282,0.08025366,10.330916,1.5067782,53.31362,6.899482e-05,7.3372483,3.2387698,2.78325,75.19959,1.5877935,0.022582287,0.0028528874,0.23123465,1.9624649,0.010176524,0.08261151,0.0119427135
1.2654548,0.00029825026,4.142535,0.0992294,8.64108,1.4871261,43.58957,5.8764286e-05,7.596554,3.573938,3.027116,78.31027,1.7400602,0.020789072,0.002968606,0.20500867,1.7403647,0.00997956,0.07288641,0.011629183
1.2331327,0.00036265395,4.474262,0.07211596,9.330781,1.7648883,51.33763,7.5870965e-05,10.848986,3.5683267,3.220502,84.13248,1.7081522,0.023715694,0.0026379547,0.2054279,1.9291677,0.008790354,0.08654674,0.010114905
1.2734059,0.00028742352,3.4613981,0.073511876,7.017495,1.1053897,34.680103,5.6024972e-05,12.181374,1.9458625,3.209739,69.612366,0.8695337,0.015299393,0.0014770564,0.14638785,1.6262305,0.00636539,0.09023664,0.0059409603
1.2445003,0.00022244832,2.9250221,0.08584286,7.128562,1.5306134,33.35172,4.830568e-05,10.441665,3.139042,3.1710908,63.25491,1.9484318,0.020415105,0.0024626541,0.14944966,1.4674642,0.007140286,0.045738887,0.008448905
1.2383349,0.00028199278,3.8612752,0.06718984,7.493932,1.3576169,34.995274,5.0365354e-05,8.196713,3.1242025,3.1583023,74.36151,1.7229748,0.014105383,0.0015048637,0.17700489,1.6601254,0.010976893,0.06636118,0.007907029
1.1968173,0.0002567377,3.7250407,0.05119545,8.091882,1.5248568,39.572273,4.4828917e-05,10.507587,3.1675258,3.381816,69.57349,1.4549729,0.010085278,0.0008716445,0.1640405,1.731394,0.010740604,0.06493042,0.0063844
1.2818791,0.00060351123,14.563142,0.106706806,16.169334,5.9625316,49.499992,0.00012329611,28.488777,13.487025,2.9799526,263.10565,7.3841667,0.024938717,0.0051597315,0.36235735,6.12195,0.017715622,0.13317369,0.020363973
1.2971925,0.0005644291,14.897292,0.10090996,14.414027,6.370073,57.00729,0.0001331174,30.496027,14.995437,2.8920472,274.124,7.663379,0.029702296,0.0059482004,0.40063438,6.9307055,0.016540457,0.12715988,0.015972974
1.2423567,0.00031767876,4.1255684,0.07288395,7.466045,1.6558855,31.156837,5.5573582e-05,11.89414,3.4145944,3.450575,83.704315,1.6485361,0.016362106,0.0015507881,0.16030805,2.1939893,0.009224303,0.074600436,0.007558942
1.243668,0.00037254902,5.91714,0.05981327,9.632881,2.5540214,48.56149,7.9976744e-05,9.476874,5.1617217,3.142035,111.13566,2.8344684,0.024141038,0.00347825,0.24365848,2.6305668,0.013505976,0.081084535,0.013325191
1.1817402,0.00041548538,13.878777,0.10697955,9.649594,6.621946,41.560265,8.9813766e-05,27.81283,15.514137,2.9290047,253.02202,8.673675,0.02278696,0.0056898757,0.28877315,5.267543,0.020508971,0.1449401,0.02192919
1.2003073,0.00033360516,4.9146743,0.04619392,8.024237,1.8500568,41.074127,6.590193e-05,9.976734,3.7245576,3.3084974,92.34266,2.0102346,0.01663797,0.0020848275,0.1959299,2.05023,0.0076406715,0.08063402,0.0082564885
1.2485317,0.00038641092,7.4911165,0.07477913,11.386146,3.0379634,50.520046,0.000105560255,24.02701,7.3341975,2.81285,137.9381,3.8149467,0.02638575,0.0036627406,0.26907003,4.434171,0.015885387,0.13834247,0.013703171
1.1684234,0.00042060835,11.554673,0.10974114,10.696047,4.0792484,40.379803,9.4595154e-05,25.345545,10.288036,2.6569712,222.92609,4.7672873,0.021541031,0.0035388516,0.26533923,5.626052,0.017706916,0.09028655,0.011724249
1.3026366,0.00028887182,3.5295544,0.07044431,9.037029,1.2415073,42.01891,4.9695216e-05,11.12363,2.2869916,3.0455234,70.49676,1.0658761,0.0134497015,0.0013242881,0.17972276,1.537661,0.010421315,0.06637905,0.007668523
1.1562393,0.0003216996,4.171175,0.083270274,8.178575,1.0328289,42.967148,5.1504492e-05,14.336215,2.6193192,3.1305196,74.085045,1.4251423,0.01854493,0.0018581273,0.1521068,2.7988224,0.007170558,0.043776296,0.0041841404
1.1944169,0.00030613365,3.4701982,0.11218252,7.7329054,1.415049,35.1269,6.963164e-05,12.711102,3.737397,3.0336194,70.771675,4.328845,0.023323221,0.0045882845,0.22762485,2.6877337,0.0140004335,0.07223333,0.013767694
1.2418267,0.00031157996,5.1893015,0.08425353,10.666518,1.4724433,41.97249,6.0770348e-05,16.083828,3.9291143,3.1511788,102.28541,1.9228251,0.018218761,0.0026250558,0.22225323,2.5939837,0.013451472,0.0718962,0.010134513
1.3231385,0.00030859152,4.137516,0.09470819,8.993591,1.4872211,45.311646,5.5570956e-05,9.995809,3.117001,3.2196794,80.58993,1.4709337,0.01562227,0.0014334908,0.21993554,1.7257694,0.013281161,0.070939094,0.009908773
1.3275313,0.0003293229,3.9649045,0.08146693,7.8337526,1.3018426,42.933117,5.6115234e-05,9.128573,2.5521657,2.8559487,75.69213,1.4346083,0.018662477,0.0009907088,0.1938529,1.8566778,0.010580998,0.06819811,0.008979578
1.2563908,0.0002696699,3.2893424,0.07379438,6.9569864,1.571278,35.269978,5.0853985e-05,9.842838,2.685135,2.9015267,72.07833,1.1906179,0.018664427,0.0013281718,0.15094912,1.2437325,0.008410238,0.06429628,0.0069501926
1.2948402,0.0003690852,6.045292,0.074563704,11.58271,2.1519344,57.345524,7.6916454e-05,19.204985,4.4548435,3.0695658,121.556526,2.128379,0.027623307,0.0016587737,0.26696837,2.5842185,0.01774075,0.10237312,0.015038776
1.2377958,0.0003472241,4.841696,0.0829571,6.819423,1.4332306,33.465332,5.5878296e-05,12.625134,2.9521847,2.912329,87.39849,1.3101368,0.018795518,0.0015417202,0.16260599,2.7643762,0.010521136,0.072354324,0.0070686513
1.1581146,0.00010522687,3.2549882,0.050961334,6.1967964,1.4552395,31.785883,3.5755267e-05,10.89494,2.9840226,3.5279858,66.28486,1.2289459,0.013551666,0.0005995055,0.11290437,1.1248614,0.009237907,0.08451089,0.007819121
1.3181223,0.00021028686,3.28707,0.051484752,9.309641,1.4351584,41.611843,5.324218e-05,12.147389,1.9975481,3.7220695,69.16212,0.7191485,0.016382765,0.0009586334,0.17143117,1.2544727,0.010689646,0.12328042,0.0099575175
1.3138567,0.00036005094,8.313995,0.16459823,11.712294,4.586989,52.695732,7.175836e-05,37.561478,8.454293,3.3307066,165.99326,3.8992708,0.033538587,0.0037098194,0.2519596,2.5936196,0.022917217,0.20398098,0.024625177
1.3998921,0.00038394198,5.3045464,0.16857038,11.456675,2.499263,54.616722,6.899192e-05,31.036787,4.9962087,3.5994844,114.33725,2.441638,0.02806644,0.0023727585,0.20961681,2.4333396,0.019897358,0.1662939,0.020799419
1.5016683,0.00033247983,5.2456174,0.10731413,10.744233,2.1515398,58.05519,8.003402e-05,15.296872,3.8245533,3.455369,93.61518,2.0715044,0.025949487,0.0024372747,0.3014417,2.3352194,0.026222138,0.117841914,0.023114733
1.4007322,0.00012540867,2.738581,0.08725908,9.968225,1.229543,55.422626,4.2100815e-05,11.882824,1.3051667,3.4283435,60.235947,0.6864732,0.01956102,0.001276948,0.17329718,1.0503025,0.013524697,0.11970561,0.015086165
1.4100131,0.00034387788,2.62,0.21013439,11.621174,1.2307695,61.522263,6.914628e-05,22.355965,1.3864309,2.8272326,57.696644,0.46678346,0.050824195,0.0015822414,0.29724532,0.8312079,0.01882903,0.13975355,0.023454605
1.1871808,0.000417454,5.932251,0.11520375,7.709145,1.8244076,37.199974,6.877456e-05,11.334082,4.4355264,2.9902644,108.00642,2.3642612,0.022186395,0.0023402069,0.20926075,3.010849,0.010316627,0.0530182,0.0072932583
1.1860206,0.00067081966,11.895621,0.2670739,6.601394,2.5517633,35.18578,0.00010174758,24.05424,5.7046633,2.2339773,227.93393,3.3457406,0.059609164,0.004162976,0.27714136,6.5257545,0.02247914,0.14256929,0.018176885
1.348996,0.00016578064,2.7626827,0.06364453,7.3185563,0.9023482,41.250687,4.081311e-05,8.5272875,1.5527828,3.0136461,55.60827,0.7257757,0.013177253,0.0010504853,0.13129371,1.2485759,0.008847805,0.07366079,0.008011218
1.3542519,0.00030682786,3.2611997,0.10642456,7.4715014,1.2125052,30.882254,5.215612e-05,10.57374,2.0555596,3.4680257,67.50852,0.8289447,0.020572953,0.00083167566,0.1579524,1.64672,0.009616755,0.1000908,0.007399078
1.2356116,0.00072098547,16.712547,0.20067829,8.829181,5.943909,41.991913,0.00011216586,43.355858,14.551027,3.4102294,312.4047,6.693108,0.035440218,0.0037118422,0.406535,8.804924,0.032752767,0.17610957,0.017359156
1.2189732,0.0005607129,13.631541,0.13461693,6.7279696,4.786558,31.62978,0.000100903344,33.03916,11.643515,3.0189989,263.59857,4.9888372,0.030942481,0.0034747445,0.35633698,8.166215,0.03586633,0.15113875,0.020996518
1.2703545,0.0004679378,15.044662,0.12428281,11.578234,4.960766,46.136826,9.327275e-05,38.951622,12.068161,3.2977111,279.53845,5.770627,0.029581746,0.0037154139,0.4040708,8.590778,0.0314522,0.14668185,0.02193381
1.257306,0.0010278716,20.277515,0.24713764,11.297438,5.848849,48.310562,0.0001417561,33.43446,13.075234,3.110369,365.56543,5.7651777,0.066443354,0.0049972306,0.42456558,8.208383,0.02853309,0.18815331,0.03575756
1.2182733,0.000293963,5.452774,0.075751126,7.9624,1.7961754,39.047478,5.6604233e-05,12.580681,4.0245414,3.1675327,105.76081,1.868907,0.014368829,0.001214022,0.18805459,2.8529515,0.013859707,0.06021696,0.0075207725
1.2656075,0.00038927828,5.771866,0.09384382,8.195864,1.5329155,41.048637,5.3502685e-05,14.295653,3.0818896,2.667178,107.79422,1.5855461,0.027014855,0.0013817596,0.17483589,2.9435635,0.011511927,0.0617147,0.0073415237
1.3394582,0.0005011071,12.116059,0.14114937,12.535532,4.3827057,68.238464,9.013235e-05,31.830547,11.627731,3.6126595,218.70506,6.0280795,0.019623466,0.004826251,0.3136727,6.1511765,0.032960717,0.18307753,0.022823019
1.2506044,0.00030167616,5.1922555,0.076025985,7.592927,1.6789904,35.848488,5.6358625e-05,11.929631,3.5532265,2.6352005,96.45383,1.8291279,0.018441826,0.0018006992,0.16898438,2.8231993,0.0123236105,0.0676855,0.007941798
1.2480139,0.0004786112,12.299783,0.13814726,8.343042,4.1776333,51.327408,9.12766e-05,24.314816,9.953808,3.4295309,214.64532,4.76504,0.029033847,0.0036014265,0.28705883,5.526245,0.030918637,0.14819561,0.018418778
1.2209226,0.00026427873,8.043634,0.094201714,5.6788144,2.3794332,28.552177,5.624398e-05,18.551462,5.548601,3.2517757,145.17035,2.5623894,0.015676137,0.0023009572,0.18464802,4.404973,0.01717733,0.10353458,0.010910345
1.2518477,0.00025571982,5.611989,0.06109495,6.359915,1.834011,32.723442,4.484912e-05,15.6975975,4.311192,3.4866662,105.83184,1.9739377,0.013356394,0.0016231404,0.16661705,3.1870003,0.01577898,0.08860862,0.007858131
1.2217432,0.00026059675,3.9114041,0.08225349,8.597726,1.548058,37.708958,5.6565274e-05,13.188946,3.3385582,1.6302203,72.70363,1.9671652,0.017649837,0.0024654537,0.1562841,1.793765,0.008156229,0.084790304,0.008824044
1.2851396,0.00041723778,5.317136,0.101795435,6.9487844,1.3320025,31.202135,6.0890517e-05,14.857355,2.8870654,3.543253,98.20171,1.5286793,0.022582984,0.0023338327,0.18205771,3.577986,0.015488305,0.07753776,0.01057984
1.2279932,0.00024338791,3.764401,0.06549279,7.1143317,1.2155623,31.745142,4.4340806e-05,10.366123,2.5137308,3.0987515,67.9178,1.1349664,0.013977947,0.0014754246,0.1490278,2.117713,0.010948359,0.065409176,0.008316117
1.2189423,0.00049239484,13.074171,0.1088646,9.745641,3.3533049,40.883812,9.234809e-05,25.288437,8.356779,3.3844404,227.47958,4.6050344,0.024427801,0.00448376,0.23010264,7.8403563,0.019818325,0.09880523,0.014525994
1.3121578,0.0002818449,3.115764,0.06776399,6.590884,1.2934712,29.509474,4.3524367e-05,12.122202,2.3267496,2.8840208,61.615036,0.88096374,0.017025106,0.0009231041,0.13313909,1.3221289,0.008891054,0.069155455,0.0067320177
1.2374576,0.00044755,9.513463,0.116158,9.898731,3.2487657,59.301083,8.042294e-05,21.313744,7.5194936,2.8695683,185.71483,3.4462261,0.029551448,0.0030584845,0.2763319,4.946301,0.016255267,0.10128745,0.014483997
1.2798737,0.00031711572,4.071105,0.1091088,8.092216,1.6111916,38.48469,5.8349593e-05,11.358832,3.2695553,3.2601707,82.982925,1.5547918,0.024567459,0.0017832079,0.17264313,2.139223,0.010738165,0.058896672,0.007818985
1.324478,0.0002829051,3.1753893,0.07567681,7.019467,1.0961447,31.032162,4.848035e-05,9.659311,1.8638272,3.2835643,63.88209,0.7367927,0.01504824,0.00090929976,0.17071168,1.5225389,0.011054442,0.06421524,0.007164769
1.2754627,0.00029644006,6.2925067,0.069183625,9.538366,2.2761388,52.627083,4.967518e-05,15.694623,4.9771104,2.6655712,124.07763,2.3348606,0.012979896,0.0016566576,0.18894398,2.8238766,0.017315336,0.079321444,0.011455509
1.3862664,0.00047199352,10.35811,0.1354061,12.292524,3.7647636,65.494316,0.00010899145,31.068275,9.587388,3.3281276,208.00002,4.6861176,0.028998906,0.005113383,0.3647947,5.8328075,0.025246937,0.13983864,0.016631516
1.3673781,0.00025373057,3.8515482,0.07924249,8.544452,1.2796093,38.005917,5.0759732e-05,11.189639,2.6005616,2.472608,68.20817,1.6102043,0.019468859,0.001685979,0.17265342,1.8903129,0.010723158,0.086510666,0.0076894895
1.2822822,0.0007232117,22.325754,0.16359892,11.093052,7.882215,63.26918,0.00015577326,46.17495,18.652096,3.2504256,422.00018,8.335507,0.025538636,0.0043858886,0.8289916,11.4235525,0.047903378,0.18681742,0.032093614
1.2466279,0.00039603887,8.081858,0.075326934,10.217551,2.6691115,51.33272,7.694729e-05,15.189208,6.086316,2.7368722,152.92088,2.6184752,0.02199474,0.0024639359,0.29257002,3.289545,0.017610854,0.08443672,0.014758318
1.2051396,0.0002787022,5.5555525,0.06489454,8.216937,1.5590156,37.83709,6.0022583e-05,12.393749,3.2870207,3.0753398,103.848915,1.5932093,0.018147025,0.002022122,0.21630995,2.6949606,0.014847656,0.07941539,0.0109808985
1.3287796,0.00024598744,3.9571888,0.053712953,8.84035,2.0372894,40.544266,5.4663582e-05,17.845709,3.1172283,3.1157,88.09442,0.92159504,0.025730198,0.0011639452,0.1384989,1.1759294,0.012053895,0.1434408,0.010277515
1.3381711,0.00012229735,1.8937564,0.05229944,8.508348,0.72355163,37.921394,4.090379e-05,10.752151,0.7664257,3.429136,40.884163,0.50869995,0.017767396,0.0009749501,0.12465634,0.6556488,0.011170308,0.10785627,0.010374355
1.3716471,0.00052929996,14.013179,0.11539225,12.657714,4.9541526,64.97634,0.00012570532,28.22029,11.071004,2.7136192,242.62245,5.3503733,0.028599456,0.004914533,0.46709192,6.2840185,0.032914232,0.14057416,0.024714597
1.2246522,0.00032982216,5.2778406,0.07240148,8.166737,2.0248322,39.87508,5.967478e-05,14.711932,4.0934577,2.6114564,102.568085,1.8314222,0.019997317,0.001513837,0.20005234,2.212793,0.015483693,0.07501296,0.011173275
1.2375138,0.000479582,9.650702,0.10969764,7.8963337,3.890286,34.520134,7.905002e-05,16.026714,7.498422,2.9617286,185.53003,3.4743984,0.028679272,0.0033193484,0.22916448,3.5502841,0.01888643,0.12635235,0.01725331
1.2158262,0.00064806076,17.377298,0.18770598,9.787899,6.2010365,45.859356,0.000107688815,39.1543,15.115833,2.916146,326.90366,7.6892734,0.037749037,0.005571365,0.31865788,7.8817124,0.02616645,0.18979001,0.025833925
1.247238,0.0007278528,12.592001,0.15453623,9.003306,4.9018836,39.3805,9.804688e-05,17.293272,10.897085,2.4342918,257.21436,4.8145695,0.03947356,0.0038013994,0.31748044,4.575095,0.025176262,0.14629789,0.019280484
1.2198759,0.00073171535,17.628965,0.14902171,9.061667,7.3854976,38.80512,0.00012880689,49.18531,17.294018,2.8058054,330.89157,7.9616613,0.030799644,0.0043036263,0.5301051,6.9789233,0.037655976,0.16852006,0.02264183
1.3104987,0.00033319296,4.6263223,0.07131541,7.9092364,1.6892422,37.44855,5.5844925e-05,9.184089,3.4117434,2.3938067,89.70991,1.7254812,0.023271559,0.0015292758,0.15103292,2.2617972,0.0123999305,0.08571373,0.010469553
1.2529763,0.0010700013,21.806404,0.2872386,10.7038,8.055791,53.98561,0.00014176994,47.047085,18.185247,2.984707,416.0032,8.229242,0.0592152,0.0053710737,0.41928622,12.427405,0.0353093,0.21703793,0.023285722
1.2161111,0.00050827675,12.6418295,0.14125842,7.3435993,3.3980043,38.78713,9.041169e-05,20.62596,7.41462,2.1999543,236.99016,3.800542,0.041527394,0.00450617,0.22005552,6.169787,0.016548524,0.111023515,0.01665781
1.2468708,0.00055015186,17.742224,0.13640216,12.884671,7.1866198,55.70703,0.00012396283,38.63801,19.518665,2.832689,328.81714,10.1087,0.024978273,0.0063222507,0.32660207,8.114616,0.023736458,0.15749857,0.018525146
1.3299584,0.0009020064,20.148079,0.23851413,12.146398,7.314985,60.240555,0.00015331476,47.09187,16.875595,3.4903107,377.09644,8.685713,0.043569945,0.006733544,0.52511686,10.671278,0.04823426,0.33967242,0.0376665
1.2024169,0.0009151352,20.53721,0.2802084,8.5665245,7.944182,33.301346,0.00013970058,39.811604,16.215408,2.9958284,364.5634,7.9770484,0.061087947,0.0064794277,0.3724054,7.7315035,0.03503849,0.24552509,0.049035866
1.1979798,0.00044769948,11.218788,0.195523,6.751407,3.9032621,36.444557,8.60173e-05,15.13445,9.101972,2.981842,205.30716,4.795646,0.035425317,0.0048589646,0.21005335,5.544369,0.014733917,0.094965875,0.017834622
1.3807585,0.00041909068,3.9744837,0.09745071,8.372338,1.1691746,40.696114,6.7665125e-05,10.403329,1.6669255,3.1004655,78.946785,1.0715712,0.022883704,0.0014043046,0.18853435,1.6554371,0.00986402,0.07475314,0.0059549045
1.2984029,0.00032111048,3.7054098,0.08000962,6.685822,1.2077538,32.156994,5.8683556e-05,10.252099,2.661132,3.7129064,74.7688,1.2803586,0.015621053,0.0013399272,0.1664738,1.8482339,0.0084515875,0.086434215,0.005771778
1.3341677,0.00022337344,3.4582903,0.07210929,7.3214817,1.0468211,38.712795,5.213577e-05,9.713209,2.1303446,3.233852,70.05176,1.1695938,0.019341996,0.001811983,0.15829754,1.9344305,0.00902793,0.06587256,0.008000224
1.2135385,0.0002840499,5.54353,0.082844116,8.238042,2.2358289,41.604225,6.506488e-05,11.4480095,4.484355,2.9301083,99.99069,2.119158,0.02038399,0.0025976908,0.17993285,2.4690027,0.012813552,0.0688777,0.009144035
1.2438947,0.00029499098,4.32175,0.07774811,6.9899073,1.4058304,31.06686,6.0031532e-05,9.737711,2.9125035,2.9263113,83.13925,1.4985557,0.018016707,0.0022646063,0.16058134,2.2677336,0.009542763,0.06451402,0.007460771
1.247587,0.00019663991,3.5278745,0.075637564,7.0346236,1.5441334,31.557093,5.408912e-05,7.872071,3.3867226,2.7093549,74.97477,1.7894003,0.01592363,0.002271616,0.13201891,1.5988036,0.007316011,0.06797281,0.008673937
1.2005322,0.0003054263,5.1255116,0.07252237,7.8299966,2.397698,40.108345,6.367159e-05,11.179698,4.42404,2.9270897,100.33807,1.8019499,0.01767931,0.002147418,0.15574194,2.3247623,0.010426601,0.07079493,0.0072085275
1.458542,0.00034185953,3.7016902,0.16690633,10.847066,1.0061792,58.2371,6.700527e-05,12.032796,1.714975,2.9974525,68.365395,1.0402757,0.026533196,0.0017995851,0.23263775,1.7981613,0.01635693,0.0898943,0.014453926
1.2779602,0.00094468775,20.66902,0.23766571,9.904478,6.9226136,48.291664,0.00014843882,43.88745,17.09527,3.2255383,387.3269,8.320923,0.05234718,0.0074244286,0.50481176,10.576153,0.041021746,0.24919297,0.037568223
1.256579,0.00035111207,4.67988,0.08627075,6.7933807,1.4594349,35.426414,6.1440034e-05,8.8722,3.4629102,3.3043506,86.14816,1.7820449,0.018148381,0.0016355712,0.18969682,2.3595011,0.009036306,0.06346833,0.006780111
1.206954,0.00041408328,5.648742,0.109786,7.8944244,1.5416318,39.823532,6.8546324e-05,10.062073,3.6872973,3.1376555,96.44514,2.2920327,0.028673697,0.0031400565,0.19671705,3.1462276,0.007459176,0.030633023,0.008209962
1.3256674,0.00022087345,4.5092673,0.05080689,9.666423,1.0778143,51.413258,6.519036e-05,10.129357,2.402801,3.1370194,82.85253,1.2307323,0.0150087625,0.0015634914,0.23938529,2.2726312,0.012537228,0.078313015,0.01178052
