Anth,B,C,Ca,Car,Cel,Chl,Cu,EWT,Fiber,LAI,LMA,Lignin,Mg,Mn,N,NSC,P,K,S
0.98400766,0.00020005823,3.1061294,0.065703936,3.457493,1.4843007,14.24449,3.9703304e-05,20.738129,2.6432493,2.3879323,63.25689,0.8583797,0.014370116,0.0012799772,0.07722289,1.3408369,0.01126185,0.099402465,0.008720993
1.1584598,0.00013175365,1.7695614,0.015107449,6.7807436,0.86851585,23.980215,3.0832434e-05,9.384445,1.4368984,3.7826328,26.593246,0.48603097,0.0063158907,0.00088955625,0.07123332,0.7496306,0.008465987,0.07763255,0.0064895195
1.0439034,0.0002042971,2.451676,0.06088769,4.5386415,1.2382969,23.460335,4.477779e-05,14.623538,2.006303,3.5922904,52.74148,0.7743214,0.013091468,0.0013249324,0.09281966,1.2720807,0.014548429,0.09064172,0.009034974
0.9763019,0.00022046665,2.555954,0.058395494,4.9834514,1.2307954,18.492455,4.128117e-05,18.252789,2.1007144,4.763283,48.557426,0.61143935,0.012781018,0.0013083464,0.09076455,1.2924405,0.012773523,0.07914812,0.008822096
1.4818748,0.00026928022,2.6826463,0.1362964,7.7125244,1.139915,34.02408,5.2915635e-05,11.341985,2.1326962,4.718233,53.260475,1.0992022,0.020091487,0.0015559307,0.14156978,1.5256056,0.0135392165,0.09620035,0.01072299
1.3059897,0.00023020386,2.6601312,0.056689106,5.6514273,1.1538191,25.605366,4.190551e-05,15.006777,2.1851041,3.0323956,53.060886,1.1066607,0.015459027,0.0014956486,0.11395516,1.6557958,0.014606253,0.08110473,0.008461026
1.1756026,0.00014673888,1.9398948,0.017182082,7.0321054,0.87717307,24.430592,3.5101275e-05,9.639174,1.4761158,3.6560683,30.195305,0.47945112,0.0076556094,0.00082969334,0.096564405,0.9503465,0.011480932,0.07593378,0.007849421
0.95331067,0.00016415257,2.483444,0.034539945,4.030911,1.328182,14.876738,3.9443188e-05,14.178164,2.304522,2.1213067,45.298347,0.8979259,0.00785848,0.0010830093,0.07591534,1.158641,0.010709808,0.1010903,0.007372339
0.8734649,0.00019366805,2.3256154,0.048068233,5.6092715,1.1192534,21.920584,3.922831e-05,14.557558,1.9563965,2.5887275,39.4158,0.8188202,0.0112646315,0.0012915392,0.079143405,1.0021425,0.008994762,0.07769541,0.0074394634
1.2188957,0.00019049276,2.3290837,0.046290696,5.5130153,1.1501197,24.600763,3.8605067e-05,13.588668,2.2545657,2.8508682,44.48509,0.9252801,0.00845948,0.001159682,0.09246456,1.351178,0.014061355,0.08186567,0.0088120075
1.6142191,0.00022189604,2.232674,0.05226148,9.853736,1.0914631,40.67909,4.5467743e-05,11.698012,2.0646982,3.5613723,37.33069,1.0425564,0.010366943,0.0012357552,0.12707824,1.2794642,0.010935898,0.08603171,0.00966108
0.98661697,0.00021832214,2.4753447,0.03155592,6.2071896,1.0448071,20.467741,4.2327483e-05,11.625025,1.8029202,3.3290727,39.870296,0.71500176,0.010393956,0.0011692636,0.09351136,1.2573099,0.009157352,0.06804195,0.0067762756
1.3045201,0.00021898985,2.7877533,0.08005784,4.6985874,1.2714384,33.25691,4.9634327e-05,29.825287,2.6544118,3.227618,38.550217,1.1365919,0.0099872695,0.0013513605,0.16437203,1.7349076,0.025472187,0.102686524,0.011687502
1.0710351,0.00022068108,2.9489746,0.07390681,4.4625564,1.5847244,23.346178,4.2481377e-05,20.548264,3.184016,3.3892846,58.627956,1.1660589,0.016003272,0.0013305981,0.101510756,1.404377,0.013278517,0.115618914,0.010261341
1.430345,0.00029816886,2.7632637,0.1241984,6.694151,1.3053246,33.743465,5.1206505e-05,16.365835,2.670267,4.373964,50.12575,1.2829559,0.017575245,0.0015728248,0.14544125,1.7908709,0.017902676,0.09326135,0.0120978085
0.9998634,0.00021075629,2.6614776,0.060945127,8.919864,1.2539316,29.25068,4.5420824e-05,14.3181925,2.6061087,2.0064096,40.400047,1.242778,0.014500154,0.0018262621,0.114462905,1.1423457,0.008769807,0.0763501,0.008527154
1.5610512,0.00027080817,2.7585716,0.11737659,8.518298,1.0537194,35.72072,5.4135846e-05,15.343091,2.0966535,4.1198263,43.935986,1.106628,0.019026719,0.0017309043,0.17298047,1.8291979,0.014379888,0.09693043,0.0108461315
1.0826327,0.00018937675,2.6028843,0.065450646,7.711131,1.3392414,25.139091,4.4826447e-05,12.732073,2.322299,5.111109,39.88504,0.9081903,0.015342912,0.0011842523,0.13073805,1.0852672,0.009713914,0.10071974,0.00977997
1.5270244,0.0002476763,2.1161494,0.08251379,8.534751,0.9813977,34.21503,4.6239667e-05,14.1159,1.881587,3.8970702,33.580585,0.9851072,0.014440805,0.0013343218,0.13969466,1.3517535,0.01257994,0.09426628,0.010667356
1.8654199,0.00029909078,2.2082098,0.12042755,9.805563,1.0435613,41.083763,5.1245002e-05,15.220997,1.7353623,3.981814,31.91096,0.9533723,0.018155625,0.0015226577,0.15860243,1.3181638,0.01327508,0.09333921,0.011769964
1.3541495,0.0002888541,3.9108424,0.07743372,12.03634,1.4975652,54.796234,6.2077044e-05,18.209541,2.8831463,1.2094464,89.905556,1.877186,0.015474576,0.002487882,0.19902937,2.073243,0.013970278,0.0861127,0.011909605
1.4323988,0.00025004233,2.3426485,0.0830777,10.018801,1.0376383,40.271717,5.2221712e-05,19.345938,1.9329892,5.032892,33.043056,0.8254873,0.017842472,0.0011392605,0.15461479,1.5351582,0.014410033,0.11770839,0.011213279
1.8174775,0.00034080303,2.8707862,0.13328288,11.90366,1.8435285,57.847897,6.309338e-05,20.345589,3.2291453,4.075697,83.1296,1.7561897,0.02103516,0.0022559008,0.13338308,1.9225422,0.01740484,0.11538594,0.013197094
1.6389955,0.00025960387,2.818234,0.10659795,8.31043,1.1028631,34.88714,5.3644053e-05,15.89636,2.0521028,3.9232519,48.284626,1.0391637,0.017390637,0.0014656443,0.14680089,1.772205,0.014221955,0.09286402,0.009641159
1.551633,0.00028645596,2.4060614,0.11996874,8.968052,0.9999832,36.680832,5.2370033e-05,16.382551,1.8837918,3.5038733,37.291534,1.0198988,0.018915545,0.0015921481,0.16454846,1.6082028,0.016945686,0.10414908,0.012217198
1.4902472,0.0003006639,2.6050599,0.10836693,10.436024,1.0726761,37.667423,5.6493842e-05,18.17281,2.1724396,3.3578165,42.148685,1.1353741,0.020316146,0.0017440967,0.1562895,1.5118883,0.013424597,0.096546374,0.010920931
1.4931629,0.00025818788,2.4459174,0.09089701,8.544062,0.9865671,34.70445,5.1231364e-05,10.942431,1.8738288,4.0405626,42.06569,0.95275086,0.017127259,0.0015613104,0.14060512,1.3999197,0.014353056,0.092922784,0.011304885
1.6351074,0.00023818974,2.5822146,0.10505738,9.952522,1.0340587,37.07342,4.856746e-05,16.899706,1.9264034,4.294266,45.173904,0.9286074,0.015973356,0.0013384701,0.12983847,1.4756393,0.013219061,0.098814584,0.011530518
1.0186553,0.00023532515,2.778809,0.068740755,7.9132037,1.2702202,26.536156,4.8674432e-05,10.682284,2.3441167,5.435032,43.928837,0.99675757,0.017817803,0.0013125332,0.1307231,1.2881547,0.010067112,0.082202755,0.009605401
1.0820881,0.0002430935,2.969532,0.056804772,7.6911373,1.0909489,24.512272,4.8107202e-05,11.630118,2.2631814,3.007791,49.153645,1.3006849,0.015903404,0.0016308625,0.14386924,1.9317017,0.009600466,0.06560676,0.008952297
1.5099766,0.0002757974,2.4844117,0.08093371,7.9333816,1.1580753,31.396101,4.7511003e-05,14.154001,2.2878227,3.640427,43.721756,1.0442483,0.015571833,0.0015790046,0.14427708,1.5607816,0.013687259,0.08352458,0.009959921
1.4597298,0.00032757872,3.182864,0.094437934,11.066252,1.2221825,40.994236,5.2173717e-05,27.283651,2.489539,4.345046,55.557476,1.0767434,0.021059198,0.0015851324,0.19008547,1.7133747,0.014219969,0.09648456,0.011451176
1.7430043,0.0003505218,3.4126084,0.124275446,11.250445,1.5166807,60.928253,6.86628e-05,14.966916,2.5631168,4.9447002,70.28526,1.2378491,0.022548001,0.0016145371,0.19616471,1.6632551,0.015651565,0.112345435,0.01590116
1.4914573,0.00022753252,1.8211114,0.09257917,9.34261,0.9181592,38.258663,4.7134286e-05,9.584756,1.5927339,4.61692,32.11801,0.84098095,0.015965346,0.0014049073,0.12579183,1.2039247,0.014061307,0.09776805,0.012241041
0.8679017,0.00027369807,4.012375,0.05794561,7.645499,1.8113916,26.19801,5.7292073e-05,13.354855,3.3285031,4.0711412,85.65946,1.6283687,0.019138385,0.0018081969,0.14833218,1.6116531,0.009849995,0.09808082,0.009542363
1.3553004,0.00024321358,2.6055589,0.1055696,8.620312,1.1301103,27.741125,5.208827e-05,9.960865,2.1159258,5.8640285,44.57145,1.0250348,0.017207168,0.00126758,0.16248523,1.3508959,0.012893241,0.09905823,0.011993951
1.3782755,0.00021252088,2.868773,0.09995514,8.408296,1.4841447,33.763203,5.180529e-05,9.698422,2.163834,5.64818,51.65257,0.8946329,0.021294363,0.0010222825,0.17777167,1.1833924,0.014941904,0.13731386,0.017650086
1.4929556,0.00026871727,2.6845977,0.09676727,8.646699,1.1825533,28.4221,4.620408e-05,11.949254,2.2905338,3.0517929,53.10978,1.0386294,0.020318827,0.0017168719,0.14858055,1.6978272,0.012308754,0.090239406,0.011763267
1.4531915,0.00019620683,1.7800673,0.078045055,9.091491,1.0320494,37.554768,4.1246472e-05,8.986385,1.7098186,5.160983,29.995062,0.7593247,0.0142905675,0.0011931227,0.12649953,0.9687583,0.013616021,0.10919893,0.012443849
1.4833901,0.00025804428,2.7186403,0.14933926,10.328562,0.9734317,43.735165,5.8072244e-05,11.73002,2.1193345,2.6927726,50.861477,1.4714428,0.02151004,0.0017383224,0.1785487,1.7308174,0.012571649,0.08344078,0.013044226
1.542026,0.00022926973,2.3976784,0.09286536,8.85986,1.1229136,27.455256,5.154869e-05,13.142445,2.2670662,3.9480672,46.73112,1.2217864,0.015167533,0.0014958618,0.14772177,1.38203,0.012231049,0.08870386,0.0111132655
0.9564919,0.00026625267,2.7997806,0.058525883,7.992257,1.3299676,30.885303,5.085432e-05,11.171798,2.4846194,5.096597,50.45499,1.2108756,0.015563742,0.0016130824,0.1257954,1.5093137,0.011777289,0.08748031,0.009751695
1.0009851,0.00021758588,2.962317,0.059108667,7.7929235,1.4014605,24.954508,4.559571e-05,13.288591,2.6600058,4.8284383,43.257915,1.080293,0.015540069,0.0013107436,0.13391168,1.4005234,0.008560916,0.08608947,0.008794343
1.2448558,0.00021779683,2.3997433,0.0683583,8.59969,1.0572959,29.13259,4.650023e-05,9.185586,2.131557,4.651564,41.97581,1.0069797,0.015464365,0.0012553699,0.13444372,1.284184,0.010102085,0.075661,0.008574888
1.5171537,0.00028402917,3.0707104,0.105599515,10.680092,1.0912027,51.675762,5.787564e-05,13.088002,2.2883654,2.6325088,62.82654,1.6360586,0.020494515,0.0024641952,0.1654685,1.9194314,0.01434746,0.07754824,0.011376117
1.1334223,0.00026762232,2.3036015,0.07831828,9.534994,1.0151967,33.80647,5.269391e-05,19.253607,1.9243538,3.2843256,27.980947,0.8664116,0.017113242,0.0011555467,0.1423239,1.4515533,0.010060829,0.113914825,0.009580722
1.3314254,0.00019747246,2.2632267,0.049250774,8.323588,1.2395006,27.010513,4.3403263e-05,13.443733,1.9849209,3.707893,40.65755,0.8019582,0.012011537,0.0011454837,0.1384218,1.1084332,0.01113325,0.11173374,0.009642373
1.1800396,0.00026171017,3.0258958,0.101856574,7.5007577,1.5253049,39.456856,5.263658e-05,23.340647,3.4220772,2.9664795,59.577377,1.6865388,0.021665622,0.0022384808,0.16446365,1.8593878,0.011918261,0.08196575,0.008482569
1.0519024,0.00022040072,3.0007913,0.054070715,7.6146984,1.2985166,25.708233,4.5547513e-05,11.549053,2.3365889,5.0635805,54.015675,0.9533168,0.015013089,0.0011539259,0.1314901,1.3062518,0.009567998,0.096076995,0.009093614
1.1755238,0.00021906666,3.022352,0.0931004,7.414997,1.1003456,28.502924,4.9083785e-05,9.0029545,1.9708197,3.824743,60.33067,0.7986152,0.02052525,0.0012879951,0.11868454,1.2336123,0.010229828,0.094637945,0.0092384815
1.0399337,0.0002552457,2.9604776,0.07031672,6.807717,1.1394931,28.755436,4.613763e-05,9.166217,2.1179483,2.590979,54.264545,1.0782079,0.015853671,0.0015100823,0.10812998,1.344333,0.00903631,0.07335126,0.008492129
1.2837837,0.0002680901,2.4774687,0.062436663,8.013064,1.1360384,30.34872,5.0059574e-05,12.730376,2.1246505,3.8779805,39.475384,0.9951588,0.013221522,0.0015051983,0.15606001,1.490995,0.013489612,0.08514598,0.010540596
0.8591572,0.00024571424,2.862187,0.060527362,7.4406247,1.3956488,23.7097,4.9750546e-05,13.0611,2.8633392,5.389213,42.36318,1.3669345,0.016871644,0.0016638361,0.12642032,1.5645905,0.00971405,0.08170538,0.008898519
1.0141798,0.00020572553,2.7772841,0.0537904,6.9228997,1.2013462,23.616028,4.632589e-05,9.853435,2.12534,4.3163366,47.667065,0.7927114,0.015005716,0.0012730444,0.12652151,1.2315104,0.009813441,0.08629001,0.008679808
1.3170341,0.00024294414,2.149122,0.074346565,8.637818,1.0930465,27.593222,4.646273e-05,11.91679,1.9339552,3.978764,36.769405,0.8642853,0.014604284,0.0013922936,0.12262597,1.2545356,0.010946008,0.08587566,0.008900124
1.2244262,0.0004629712,5.1210747,0.19087714,8.906224,2.3202496,38.53519,7.071231e-05,34.249733,5.7504745,3.2888417,85.87412,2.828058,0.021536712,0.0029276293,0.20402649,3.1190207,0.018190276,0.11836856,0.01318222
1.175322,0.00025688988,3.3688877,0.06975548,9.303199,1.2964395,39.20409,5.437781e-05,18.897903,2.534125,2.9762518,77.36146,1.2566562,0.020286694,0.0024930092,0.14755817,1.7022101,0.013490627,0.08327329,0.009853062
0.9614136,0.00016885906,1.6282892,0.04242687,8.382445,0.8570685,30.176512,3.3410604e-05,9.874655,1.689404,3.5150025,25.39697,0.6604336,0.011232691,0.0010284672,0.08039429,0.7590687,0.008051802,0.07897863,0.007427366
1.5048094,0.00024581768,2.3129234,0.090713315,8.894156,1.0699071,33.124466,4.5763813e-05,11.277233,2.0130334,4.160864,40.687252,0.99457026,0.014768427,0.0012431926,0.13518322,1.3212422,0.01343722,0.09599306,0.010454962
1.2226434,0.00036465583,3.49905,0.18404233,9.57529,1.5751067,33.450016,6.009618e-05,25.43533,3.3985214,4.3733506,55.311676,1.6070449,0.016955094,0.0020441834,0.15629177,2.1116362,0.012561865,0.10256608,0.011355443
1.2319425,0.0002730906,3.6315985,0.08362394,9.97135,1.3731669,42.38728,5.562576e-05,19.65224,2.8196962,2.8868656,82.93306,1.3532498,0.020271441,0.002656769,0.15028852,1.893715,0.0144252945,0.09174431,0.010620746
1.1909177,0.00018089873,1.5045347,0.057890665,7.795409,0.9609127,28.854816,3.817558e-05,8.261745,1.5352963,6.574572,28.47859,0.66363746,0.012954101,0.0010742587,0.08889092,0.8531086,0.010734605,0.095593184,0.010203522
1.959343,0.00029467253,2.255023,0.13631015,12.433097,1.128787,64.37588,5.3761603e-05,12.713037,1.9433494,5.9203978,54.210083,1.0391144,0.020924218,0.0014081022,0.14700307,1.3861116,0.015895367,0.10784392,0.012381476
1.3258381,0.00023892334,2.7781916,0.07834247,7.9520392,1.0201305,27.616594,4.760248e-05,14.824906,1.9230955,4.228876,51.00531,0.8612533,0.01783799,0.0015955787,0.12380822,1.5078832,0.011197359,0.06995362,0.007979398
1.373913,0.00022559626,2.5756075,0.07606791,9.485938,1.3431278,25.452688,4.943913e-05,14.048103,2.6277623,4.7201934,43.058598,1.2357349,0.014901963,0.00149247,0.13421892,1.4148233,0.012574183,0.097896,0.011072243
1.2265501,0.00014960062,1.0012856,0.06709174,10.030858,0.7760675,36.83915,3.3749315e-05,8.187988,1.1119932,1.4771608,29.647572,0.5333271,0.013666574,0.0011966571,0.057735723,0.6001351,0.00897761,0.08040014,0.0094193565
1.3141761,0.00021459808,2.576929,0.062695056,7.4348164,1.0849715,27.380611,4.767498e-05,14.596505,2.3237796,2.037007,45.844654,0.9246794,0.0126313735,0.0014927193,0.12960075,1.4342957,0.009051863,0.09297951,0.007401342
1.5454884,0.00026429104,2.4289742,0.103947066,8.366652,1.0873754,20.064325,4.869062e-05,13.2856,2.121611,3.607516,37.679733,1.0979438,0.01736563,0.0016671903,0.14500153,1.6991713,0.011898617,0.07528138,0.0092934035
2.476768,0.00030740412,2.6247168,0.119956344,12.55264,1.1691983,70.89047,5.6971592e-05,13.50503,2.1664786,6.604006,61.390785,1.1395397,0.01968359,0.0015498782,0.15809621,1.4900862,0.016118601,0.10764116,0.011724802
1.2178289,0.00036060286,3.4978623,0.15937208,10.452614,1.5608702,37.98205,5.8704285e-05,30.865808,3.4095156,4.4604564,53.34444,1.7057062,0.019000422,0.0019801178,0.15932739,2.1354585,0.012087859,0.087042674,0.011500057
1.5719442,0.0002642214,2.5685606,0.14295983,10.092343,1.0479987,39.567783,5.4863533e-05,11.024632,1.9455777,4.9139075,41.857834,1.060398,0.01861838,0.001459583,0.17131652,1.374793,0.013714929,0.093746535,0.012004502
1.3509104,0.0002331426,2.500804,0.098049,8.23607,0.94596136,21.796757,4.5993784e-05,11.3626795,1.9476058,4.2214184,41.380875,0.99808645,0.01868605,0.0018073424,0.121402994,1.5840681,0.010546694,0.06643105,0.009318714
1.5595037,0.00023670193,2.8297539,0.105992116,9.692877,1.2594718,38.160255,5.313905e-05,12.206152,2.205576,4.9520783,51.56836,0.93045986,0.018953567,0.0014645689,0.15918252,1.6472574,0.013280731,0.095536396,0.011407288
1.4854463,0.00023936153,2.4790661,0.090226166,9.179242,1.295298,28.782572,4.957828e-05,15.366965,2.4447868,4.045514,45.804638,1.2679542,0.0171889,0.0014270082,0.14149183,1.4597454,0.013232862,0.09384547,0.010402525
1.1843451,0.0002412805,2.3064678,0.07281218,8.937557,1.2491328,23.735731,4.9842067e-05,12.798383,2.3796957,3.3350184,40.759537,1.1358386,0.015276852,0.0015307055,0.13375716,1.2596146,0.011985112,0.09510165,0.010774634
2.6016989,0.00034559998,3.0904465,0.13158958,12.552918,1.332926,72.06615,6.4099244e-05,15.47947,2.488847,6.709465,72.86327,1.2747328,0.019605968,0.0016555866,0.18981026,1.6475905,0.017561499,0.115304686,0.012772818
1.2437468,0.00023018473,2.9965515,0.07483814,8.769192,1.3709315,28.142977,5.002565e-05,12.77882,2.5014603,6.272684,49.853226,1.0643398,0.017087454,0.0014722198,0.15413685,1.6085387,0.012042452,0.0885925,0.012413048
1.4396738,0.0003080904,3.3041332,0.08322186,11.165481,1.1106492,49.580906,6.1824365e-05,16.229563,2.794352,2.7495992,61.307114,1.6992921,0.018225864,0.0021082312,0.17500475,2.051679,0.012877977,0.07889948,0.011158242
1.23835,0.00022475857,2.5625753,0.075727366,8.451537,1.3064775,27.890173,4.8967704e-05,14.196194,2.414351,3.8623483,49.461597,1.141012,0.017495573,0.0014955519,0.13865115,1.3708574,0.012276821,0.10036997,0.009857069
1.1088048,0.00023725092,2.8509853,0.0688023,8.486145,1.2034389,24.990347,4.81013e-05,13.224856,2.3127422,2.9235404,47.889664,1.1488458,0.016899884,0.001375411,0.13261698,1.4344314,0.010564601,0.104293205,0.009491087
1.3463856,0.00024191011,2.1351113,0.06347874,8.2355175,0.98379374,34.33359,4.683158e-05,7.8187337,1.7376366,6.8627114,33.282227,0.7612754,0.014658056,0.001061755,0.12836923,1.045262,0.00963764,0.09488402,0.009138008
1.436448,0.0002565167,2.1616497,0.086909026,9.39213,0.98705924,30.207409,4.8264483e-05,12.612832,1.8302232,3.808523,32.768105,0.9590354,0.015587432,0.001445103,0.12617584,1.3920352,0.011284017,0.089363195,0.010079698
1.2170501,0.00023699696,2.9760008,0.09203639,9.105111,1.4455699,39.54927,5.0299477e-05,14.849977,3.2637398,3.6158192,65.50212,1.8960761,0.017417025,0.0021615117,0.14710344,1.7178667,0.011617123,0.080984965,0.009595693
0.8006548,0.00023378586,2.5427005,0.062511005,6.5547295,1.2647413,19.377956,4.595334e-05,12.070154,2.27324,4.0842156,36.278683,1.0856413,0.016160164,0.0014349142,0.10436165,1.1969212,0.009986894,0.088471554,0.008378663
0.88321,0.00026060597,3.9326205,0.06658499,6.7350545,1.679568,22.565704,5.1248444e-05,13.786804,3.1762707,4.924419,71.75558,1.4422935,0.018118165,0.00171397,0.13922882,1.5627037,0.011175372,0.09963437,0.010473926
1.3592192,0.0002980471,2.192192,0.15887448,10.006333,1.0247163,41.591976,5.4162294e-05,23.903223,1.7409558,4.178728,40.91331,0.8115304,0.025307603,0.0016016441,0.13641313,1.3815033,0.011964194,0.08235104,0.0112691065
1.4579211,0.000348232,3.5106425,0.10982722,10.245312,1.3229463,38.673798,5.6390993e-05,19.429617,2.6194055,2.9129121,64.552795,1.342582,0.019164039,0.0018784234,0.16081735,1.8625903,0.012830134,0.1084023,0.010918607
1.4949338,0.00027026227,2.2190034,0.07779838,10.188746,1.0874907,41.824486,5.6259432e-05,15.302686,2.0699787,3.0498068,33.122032,1.002169,0.014364417,0.0011250555,0.17353648,1.281723,0.012976625,0.09470835,0.011293414
0.7795439,0.00021979658,2.673552,0.06709792,7.8076744,1.235508,25.033651,4.6023586e-05,17.480526,2.1482155,1.2464534,40.484875,1.1416581,0.01777992,0.0019809064,0.11665503,1.2049252,0.010880868,0.08568432,0.0096021015
0.88245934,0.00022073652,2.8125603,0.061453935,8.293082,1.3284484,28.49194,4.833841e-05,11.10655,2.570116,2.252896,44.01118,1.185283,0.01685093,0.0018965859,0.13731526,1.2025564,0.00934967,0.08417962,0.00842684
1.307225,0.00025205806,2.3017852,0.07508909,10.6340885,1.100127,43.069946,5.3322998e-05,17.841305,2.150642,4.365971,31.82121,0.9956451,0.017280638,0.0012579665,0.1604579,1.4638183,0.011993491,0.110825084,0.010323851
1.7168674,0.00026070175,2.3107233,0.07176921,9.905296,1.1491456,29.111034,5.7041496e-05,11.89856,1.988046,0.6855352,41.904762,1.0950475,0.01792708,0.0018684295,0.16368678,1.4773537,0.01070684,0.09635162,0.010209929
0.93550414,0.00021083049,2.3215303,0.05997396,8.332546,1.1197524,26.620373,4.6237594e-05,13.627791,2.1466036,0.9208108,32.18163,1.0712467,0.015107273,0.0015853065,0.110482626,0.98634756,0.009613837,0.09102803,0.008883562
1.3639438,0.00025612838,2.3170667,0.08608251,9.819621,0.9945016,41.46557,5.315696e-05,18.45115,1.8923886,4.665107,32.35457,0.86523175,0.01782199,0.0011250917,0.1568159,1.3944534,0.014004044,0.1201859,0.011331577
1.036427,0.0001617044,1.7409164,0.04667436,9.544491,0.9227788,36.699345,3.9156108e-05,11.44872,1.6179148,4.9274325,23.661274,0.6507131,0.010763658,0.00090629107,0.11557727,0.8763669,0.009626742,0.0901053,0.009295243
1.6674459,0.00033820112,2.6546369,0.14148404,10.687504,1.2419685,46.948826,6.1473496e-05,36.38937,2.74748,3.9910135,42.201588,1.2303963,0.02424024,0.0020840073,0.16719577,1.4172997,0.014798614,0.117123894,0.013451835
1.2385004,0.0001666971,2.0092196,0.029783424,8.8182125,0.9906854,30.494148,3.9575167e-05,9.688735,1.7476294,4.264584,30.883982,0.80258596,0.010430732,0.0010298971,0.10827821,1.0204638,0.009523784,0.07933775,0.008386641
1.3819438,0.00027834534,2.356818,0.089505374,10.409531,1.0264814,40.27407,5.4258937e-05,15.339213,2.0292094,3.6058195,34.55189,0.9020181,0.017871445,0.001279871,0.18184435,1.5008591,0.012988841,0.09408132,0.010381775
1.0267341,0.00029702066,2.9564,0.0845795,9.761425,1.3722104,40.35438,5.39408e-05,18.619677,2.2479746,2.5027194,53.938335,0.985548,0.020579092,0.0015947463,0.15015464,1.1379727,0.011811919,0.10446423,0.0101265665
0.8725267,0.00029489334,2.9159036,0.088965446,8.00608,1.3028351,25.710169,5.2964468e-05,19.64583,2.369135,2.2069438,40.753094,1.1923923,0.016044812,0.0015428182,0.12973616,1.2888856,0.009151149,0.08587011,0.008060007
1.2689539,0.00019036388,1.9421945,0.05739889,8.835648,1.031698,35.251255,4.1219017e-05,12.462188,1.8151261,5.8134303,28.682745,0.73197716,0.01195133,0.00096112536,0.12702213,1.0733969,0.011422729,0.11196534,0.011074637
1.3223531,0.0002932043,2.4982483,0.108691275,9.215176,1.00668,36.1874,5.4885597e-05,15.0739355,2.1373348,2.867375,34.414944,1.0376778,0.017201295,0.0014389211,0.17769209,1.6613522,0.0142517835,0.0951457,0.010966935
1.4881614,0.0002760036,2.2593393,0.09512084,9.62515,1.0581716,33.75265,4.893567e-05,13.057249,1.9995202,4.693024,33.244564,0.9694059,0.016542237,0.0014767947,0.15304586,1.4291804,0.0128452815,0.082340755,0.010276144
1.3889577,0.0001720788,1.8901776,0.032363463,8.991558,0.87427485,31.698515,3.7093683e-05,9.714548,1.6579293,3.5538688,28.25569,0.76351136,0.008673355,0.0011081763,0.09845526,1.1259657,0.010223658,0.07378312,0.0083360365
0.9541451,0.000330921,2.4432898,0.10819343,9.18196,1.1351886,33.96575,5.1997158e-05,19.743568,2.0479658,2.8726199,35.6257,0.8752119,0.020295477,0.0014612263,0.124122426,1.2293563,0.009557873,0.10024801,0.008764831
1.4389615,0.0003245053,3.9118354,0.11099688,10.779402,1.7737652,46.307682,6.071821e-05,35.782734,3.376293,4.3251543,67.989044,1.4093857,0.023298984,0.0017064587,0.21312438,1.6946592,0.018234566,0.14413622,0.01689351
0.9543485,0.00023487143,2.6680894,0.048873458,8.631815,1.3734654,25.963749,4.965753e-05,13.502072,2.602916,3.5703607,40.90669,1.2324628,0.014290663,0.0015537336,0.13432372,1.3593469,0.011588992,0.08757417,0.009645566
1.300108,0.00021266878,1.7816244,0.06364929,9.488158,1.0080609,37.522377,4.5108816e-05,9.157665,1.7948737,5.4340534,32.928047,0.95024514,0.015854672,0.0013205915,0.114337444,1.0726334,0.013503386,0.09502734,0.01118026
1.4423636,0.0003110221,2.8423095,0.110209346,9.299471,1.1503662,31.422375,5.776e-05,13.732345,2.412086,2.2971992,44.575535,1.288956,0.0171688,0.0017628812,0.174098,1.6541613,0.010604028,0.076849416,0.009012859
1.417086,0.00024531313,2.388454,0.0858042,7.181777,1.0268996,27.895668,4.598991e-05,12.222088,1.844234,4.109529,41.836754,0.82588655,0.017503591,0.0013846279,0.13242622,1.4534233,0.011615274,0.08096888,0.008954262
1.1821603,0.00025589069,3.812785,0.07284503,11.150287,1.4814959,45.030495,6.135105e-05,16.159859,3.0571108,1.4193751,84.67893,1.8379991,0.015620546,0.0023010303,0.1742065,1.9118935,0.011735195,0.09119281,0.010427465
1.4200343,0.00024574134,3.0765572,0.1146242,9.749288,1.2611471,36.591137,5.3064417e-05,14.837799,2.7413502,4.436661,60.44335,1.5221474,0.019284382,0.0017326887,0.15757084,1.7343081,0.015663935,0.09261039,0.011594634
1.2805091,0.00028659852,4.224596,0.07195837,11.710012,1.6420327,49.953815,6.20868e-05,19.950918,3.1940465,1.511134,104.562035,1.9310744,0.015344681,0.0024105646,0.18436967,2.0587966,0.013797803,0.09265191,0.011406624
1.3579642,0.0002877769,3.1748662,0.10702528,9.288741,1.309489,30.414738,4.97356e-05,15.350877,2.9980369,4.256174,45.987503,1.4930379,0.01855877,0.001652165,0.14965926,1.8464038,0.010952995,0.08985562,0.0099461265
1.3374151,0.00016686696,1.8612378,0.030353555,8.399294,0.8665834,29.375143,3.890543e-05,9.195295,1.5118335,3.6120028,27.78061,0.62806237,0.010477065,0.0010828644,0.09578503,1.053188,0.009450738,0.07190114,0.007629615
0.7510278,0.00026609996,2.986096,0.071073785,7.3621264,1.3855785,23.25224,4.913231e-05,20.703257,2.7460618,2.4384348,45.010513,1.3010523,0.019125566,0.0019703212,0.12812878,1.5607656,0.010111678,0.081687264,0.009490603
0.9715297,0.00021842518,2.7956383,0.05281498,8.989139,1.3950385,29.985243,4.6187768e-05,10.2432,2.9479833,3.9416935,48.543335,1.3875554,0.015219651,0.0019267254,0.13276653,1.1248224,0.00891087,0.08496264,0.008801774
1.403173,0.00025752105,2.8692558,0.10240548,7.8148646,1.1059744,19.858742,4.534135e-05,14.698376,2.5234053,3.3435795,43.538956,1.1894174,0.018676741,0.0014853687,0.15651494,1.873508,0.014242811,0.10122499,0.009423172
1.2007438,0.00017593511,2.2629325,0.026281836,7.966749,1.0366633,26.43497,3.9632367e-05,11.760861,1.9405806,3.4565885,37.544243,0.7709035,0.008229005,0.0011299541,0.09762205,1.1186545,0.009686151,0.079911456,0.007594388
1.4013479,0.00030767775,2.7430856,0.12245478,10.722546,1.2371196,43.32456,5.470198e-05,32.792423,2.5726352,4.5327506,44.115368,1.2436804,0.02186846,0.0018076155,0.14531486,1.5645462,0.014795456,0.11163672,0.013484705
1.4514749,0.00019292827,1.9534708,0.06925435,9.819006,0.8806149,40.691708,4.274559e-05,9.361596,1.6322914,3.1261284,32.85946,0.88379246,0.015534742,0.0014286434,0.104850546,0.9897843,0.009283632,0.09436555,0.010242128
1.1507908,0.00028291426,2.7217765,0.066988066,9.209341,1.4459906,27.624296,5.243836e-05,15.116975,2.9173934,3.245304,43.430492,1.5306326,0.015962213,0.0020014045,0.124525726,1.5060874,0.009720029,0.081373945,0.008426376
1.5544635,0.00020510706,1.6084855,0.0618888,9.395475,0.82192963,30.231716,4.1434145e-05,11.924405,1.5280495,1.6378548,27.097843,0.81419253,0.014111634,0.0011161579,0.123375796,0.8717849,0.008498124,0.08655151,0.009508637
1.3419044,0.00027417517,2.7198894,0.10742778,8.311289,0.9632185,21.84315,4.855281e-05,11.37793,2.0102484,2.6364932,38.021915,1.1283207,0.022563383,0.0018779626,0.16120765,1.7557724,0.01117544,0.06605336,0.00938577
1.1423945,0.0003419784,3.2122345,0.09562291,9.325668,1.3893363,27.248795,6.0739265e-05,15.09084,3.0110571,3.653285,48.48548,1.487165,0.020775726,0.0019597856,0.16451876,1.89531,0.010261449,0.07563096,0.008926389
1.1581349,0.00015823464,1.9595655,0.024098383,7.8723354,0.90773594,23.623245,3.7526435e-05,10.035447,1.636142,3.3244512,30.3493,0.6280662,0.008754861,0.0010437426,0.08290578,0.99683356,0.008419094,0.07239193,0.007052199
1.5602223,0.00033898294,2.6451552,0.13678788,10.830728,1.1557583,45.115273,5.7059657e-05,32.562794,2.5013182,4.401491,41.356018,1.2091421,0.02210444,0.0017885604,0.14928155,1.5154634,0.015936738,0.114793494,0.013625621
0.7950072,0.0003156952,2.9794602,0.09934728,9.739428,1.2845823,33.361504,5.1718376e-05,18.171339,2.3973856,3.7365067,44.530857,1.0361433,0.021180734,0.0019321184,0.123408355,1.3520187,0.0076019065,0.07731955,0.00841139
1.2891394,0.00025163562,2.4280548,0.090592325,9.825833,0.9229206,35.218273,5.0766004e-05,18.67283,1.8472941,4.2379775,36.472744,0.86724806,0.019031577,0.001584727,0.12646858,1.2869977,0.011011989,0.07371621,0.0102041485
0.822548,0.0002480317,3.0001762,0.057810955,6.7432394,1.3499991,19.151058,4.8100857e-05,17.583275,2.7943966,1.9352882,50.45946,1.3715106,0.016437443,0.0016394155,0.117177546,1.4856737,0.011194575,0.087877385,0.008082395
0.85098594,0.00024711704,3.6034253,0.05706653,8.742979,1.7121029,28.574055,4.941897e-05,21.936975,2.9376593,3.338675,81.669266,1.1329675,0.019868873,0.0019123596,0.1341096,1.2644027,0.009586868,0.08203367,0.009007394
1.4081638,0.0003447544,3.0172677,0.14240171,10.476247,1.3300118,44.881832,5.742052e-05,33.384445,2.8318834,4.5628877,47.55211,1.3169556,0.023483468,0.0019273928,0.15344132,1.6799967,0.015571124,0.113025226,0.014795905
0.9614587,0.00035550597,3.1038392,0.12636475,9.406805,1.1916043,33.52269,5.8885576e-05,21.256893,2.183991,3.1080394,50.496353,0.9382971,0.023800684,0.0015986314,0.1410636,1.4136163,0.0081370855,0.10270649,0.008183041
0.9879295,0.00031534454,4.310939,0.072238535,9.203643,1.6451577,30.210752,5.7425776e-05,25.81379,3.1427228,3.204348,86.776054,1.5661994,0.018816307,0.0021314975,0.14979042,1.8738427,0.012274928,0.08814891,0.009446321
1.1479635,0.00021688182,2.708189,0.061593395,8.326631,1.3962251,25.80151,4.848e-05,12.536936,2.4674704,5.4064775,42.087467,1.0860497,0.014845707,0.0014074165,0.13157669,1.3377815,0.010794577,0.09421815,0.010243366
1.351414,0.00028723959,2.9445732,0.10005363,7.9594936,1.3144422,18.221964,5.2277766e-05,15.967326,2.7793276,3.6666858,41.985554,1.1982168,0.017107962,0.0017457509,0.14817332,1.841871,0.013095641,0.09279123,0.0082863085
0.8523024,0.00021907872,2.5664835,0.06268705,7.4354267,1.1111834,19.462236,4.644333e-05,12.826936,2.1835275,2.0832844,35.95293,1.0595973,0.014877175,0.0014911897,0.10584516,1.2316558,0.009482074,0.07806194,0.008158556
0.65961653,0.00024906668,2.486273,0.08362439,8.46401,1.2429184,25.32539,4.843107e-05,15.391816,2.3838909,3.4849846,30.173923,1.1528413,0.017824847,0.0018663482,0.1311435,1.4284381,0.00857324,0.07876548,0.01060286
0.7605554,0.00025465142,2.9136496,0.07251404,7.139761,1.3473006,21.319828,4.696123e-05,13.872059,2.4868388,4.045937,43.98108,1.0081238,0.01897058,0.0013771268,0.113544315,1.1859723,0.008651499,0.0913188,0.008948144
1.5021976,0.00031028182,3.2749221,0.11446283,10.196145,1.5161672,41.643707,5.7777866e-05,20.554468,2.7245162,3.0068367,56.166924,1.3216262,0.022785177,0.0015175091,0.17517304,1.6979276,0.015267453,0.1037143,0.015192685
1.2632279,0.00017592985,1.3719158,0.05976684,8.4836035,0.8778705,33.87962,3.7701957e-05,9.035374,1.5750549,6.0496407,27.319038,0.74604774,0.015255295,0.0013696215,0.091384485,0.86227804,0.010523871,0.08018781,0.009980921
0.949179,0.00022115027,3.3338299,0.07105949,7.224683,1.362452,29.110203,4.62401e-05,11.089658,2.6311326,1.8112406,62.167282,1.3447617,0.017933859,0.0025405681,0.10730818,1.3825357,0.010576785,0.06932691,0.009465321
1.6184702,0.00022480614,2.650305,0.07057361,8.378457,1.2024156,15.8512,5.682704e-05,14.904659,2.4939704,3.306149,46.127167,1.0897127,0.01683589,0.0015883328,0.14359203,1.3712423,0.011790697,0.06797054,0.010324667
0.896165,0.00020879094,2.4215205,0.060892273,7.4568286,1.2241307,23.020098,3.9998413e-05,11.21392,2.0240827,0.85715556,43.332474,1.0232505,0.014787254,0.0014338356,0.08735498,0.89058024,0.008438722,0.091240205,0.008207659
0.70492536,0.00026594484,2.6035633,0.07930562,6.8807297,1.1908882,21.656694,4.479546e-05,12.616214,1.9954534,1.8226597,43.249825,0.86013716,0.019476082,0.0014001632,0.101183765,1.0236782,0.009314342,0.08854351,0.009096569
1.0173126,0.00022015002,2.294926,0.055004515,7.578049,1.0598956,21.999424,4.2016673e-05,12.277737,2.0353184,1.9257053,36.62386,0.8764085,0.014743924,0.001317089,0.10833301,1.0710691,0.010689978,0.0793742,0.008176564
1.1795061,0.00022781921,2.5688357,0.10159187,5.1586313,1.1087818,31.229528,4.5473178e-05,26.004597,2.4495037,3.0951138,41.889862,1.0692697,0.011100543,0.0012179578,0.10624228,1.6828934,0.011713496,0.08866999,0.008511906
1.3806949,0.00020833426,2.3494315,0.05240161,7.0175,1.1973561,28.372839,4.1052714e-05,15.244057,2.1380243,3.8090832,41.84375,0.9005644,0.012033193,0.0011914485,0.13035062,1.3483397,0.011429664,0.08746448,0.008790335
1.1074301,0.00022871197,2.5932276,0.07285864,6.912265,1.1944921,30.320753,4.5922006e-05,13.038978,2.229683,2.306085,48.64882,0.98207426,0.015655434,0.00145879,0.107575215,1.2494606,0.011326618,0.08719712,0.0077117803
1.282579,0.0002272841,2.278058,0.056093562,7.5445933,1.0386894,29.382322,4.3620435e-05,12.175545,1.8937029,3.6398134,39.853527,0.81288,0.01466484,0.0011940572,0.12888384,1.3098048,0.011130197,0.078981824,0.008626476
1.1883974,0.00020482088,3.0911198,0.058311388,4.9042215,1.3185658,21.306978,4.308406e-05,21.732151,2.840441,3.5079212,53.974743,1.1530229,0.011434641,0.001252157,0.104628175,1.5387782,0.011461987,0.08420295,0.007796645
1.0485342,0.00019064163,2.223141,0.04135027,5.883876,0.99921954,20.623682,4.0944873e-05,13.929047,1.6615585,2.937051,36.184406,0.5903025,0.010831138,0.0012317844,0.08354064,1.2590557,0.00954295,0.07308897,0.006853703
1.188741,0.00029470914,3.3479936,0.10706099,4.4967365,1.8288168,24.112581,5.3926244e-05,23.646164,3.7208517,3.3554566,73.50689,1.3121582,0.019748174,0.0017673905,0.113237604,2.0105858,0.016715046,0.12341033,0.010897851
1.2021608,0.00023610485,2.7596912,0.06091615,5.696338,1.2782921,27.316927,4.059942e-05,16.233635,2.3807936,4.5971484,52.707592,0.8600448,0.017768882,0.0012685305,0.12973343,1.3190633,0.016735896,0.09253037,0.010407571
1.2173564,0.00016904582,2.771596,0.069630474,6.534476,1.586171,31.301044,4.295988e-05,13.836766,2.905201,4.3170624,53.57418,0.98394483,0.016857421,0.0011005091,0.1356234,0.9621782,0.016737197,0.12530719,0.014397935
1.2350367,0.000316285,4.27015,0.06806129,5.83998,1.4957993,23.220303,5.3790613e-05,18.961195,3.2740295,3.8314128,84.801125,1.5256441,0.021087827,0.0021987387,0.14762321,2.5183363,0.014242246,0.08370607,0.009351327
0.97477704,0.0003033052,3.0371566,0.08685648,6.380336,1.3597307,24.708212,5.192472e-05,19.15502,3.0820372,3.6469157,51.77424,1.5201592,0.016969064,0.0019026509,0.13065113,1.8380929,0.011222576,0.078049734,0.009276456
0.93201953,0.00020635205,2.6960745,0.060911667,6.8663845,1.1681398,26.936295,4.1255542e-05,15.591093,2.3380067,2.6885722,39.299046,1.0689044,0.011100035,0.0017457373,0.086914346,1.3550618,0.009643278,0.07343886,0.007408253
0.9001709,0.00028531536,2.9577272,0.05487491,7.395336,1.5794994,24.391909,5.167076e-05,13.144748,2.888191,3.194148,56.984093,1.3452002,0.017885491,0.0019591923,0.11268905,1.5072794,0.009637934,0.07888601,0.008610558
1.2538444,0.00023453076,3.0491116,0.06354704,5.2526674,1.2636122,19.471127,4.449483e-05,17.903307,2.6033053,5.033044,57.5896,1.0311654,0.013838593,0.0015274988,0.10403097,1.7933574,0.012707014,0.08610154,0.0076563405
1.1360778,0.00022821024,2.5723577,0.06933847,4.5055327,1.224442,21.63056,4.1243784e-05,19.447334,2.2327247,3.8028803,53.93846,0.9188573,0.012862173,0.001202819,0.086723976,1.4878495,0.014269079,0.08552769,0.008769015
0.8814809,0.00026812727,3.0164125,0.060819723,7.5316916,1.3944446,19.55301,4.703954e-05,18.139406,2.886059,2.8634112,48.324917,1.4181015,0.018588949,0.0016568196,0.10834949,1.4860984,0.009849044,0.08431184,0.008412738
1.2256557,0.00059426756,7.946429,0.21270527,5.2780943,3.316329,28.649076,9.387612e-05,33.90018,7.9234705,3.4290843,141.14322,3.425001,0.035302445,0.0037175142,0.20097268,5.2376018,0.024753707,0.1693188,0.016593028
2.0495832,0.00028985133,2.4728248,0.09143776,10.14614,1.075305,49.341885,5.2412168e-05,15.0464525,1.8560796,3.9793117,33.72767,0.85928124,0.01339591,0.0014224191,0.15920363,1.3670979,0.013964018,0.101033784,0.010680439
2.0091257,0.00028032932,2.368308,0.11214999,9.898446,1.0661509,51.51418,5.274363e-05,16.55263,1.7430497,2.844037,35.515327,0.8092558,0.016094642,0.0012225569,0.14512126,1.1997522,0.0135225495,0.103724495,0.011118324
1.8002181,0.00025252177,2.3196952,0.08389671,8.240033,1.1132795,45.98209,4.5430716e-05,18.087984,2.2667625,3.9047534,32.722973,1.0578071,0.009404515,0.0013852875,0.1342275,1.4063176,0.014218279,0.09701615,0.009781021
1.2942079,0.00018119212,2.7108774,0.06912404,5.580881,1.3158231,36.898552,4.4265456e-05,21.703419,2.6646304,3.7288344,44.55222,1.0055537,0.013215078,0.0013084376,0.13418561,1.6457738,0.017258247,0.10593264,0.010771645
2.0284164,0.00026576832,2.2226608,0.10564081,9.078631,1.0362695,47.37822,5.352617e-05,17.797342,1.9051081,2.9937327,31.14272,1.0031714,0.013346731,0.0016313557,0.14639714,1.3477387,0.01543684,0.09053196,0.011236722
1.5346882,0.00032527253,3.5902894,0.13195868,8.312673,1.5596603,44.129982,6.3706255e-05,26.0514,3.0223296,3.8744006,72.92843,1.4754468,0.019970972,0.0018083758,0.15390846,2.5886593,0.015512935,0.08389272,0.011854186
1.5549659,0.00026290305,3.0001915,0.11312436,8.418823,1.1789562,36.131584,5.0465966e-05,16.807775,2.318588,3.1567605,55.54168,1.0773371,0.02050066,0.0017132916,0.15087831,2.0522385,0.013636979,0.08440927,0.011703023
1.697492,0.00021540571,2.2511976,0.061795067,8.251276,1.0232949,41.73809,4.4348002e-05,15.147916,1.8498753,3.9630084,34.175983,0.80662155,0.009972266,0.0010872988,0.12830809,1.1444216,0.012127113,0.09092415,0.008491986
1.9240216,0.0002397733,2.132117,0.06491016,9.612751,1.0573646,43.00954,4.7850855e-05,12.986781,1.8512667,3.0075874,34.01334,0.9182541,0.012920462,0.0012613721,0.12850522,1.1887321,0.01176403,0.089858614,0.009241409
1.3273792,0.00019541672,2.651049,0.068930216,6.0273175,1.2313353,34.26509,4.5466644e-05,15.377675,2.108631,4.2137027,53.049183,0.7644325,0.018371893,0.001070584,0.15059845,1.4127461,0.014663768,0.10600214,0.010506991
1.6552663,0.00021254654,2.7899835,0.075208716,11.512192,1.2058908,51.43867,4.3566437e-05,13.363739,1.888636,3.7256536,63.25427,1.0007652,0.016869161,0.0008631343,0.1468771,1.2260606,0.012851316,0.10434006,0.011122816
1.1081345,0.0003134336,3.8347404,0.10179096,4.8328567,1.3589151,27.473179,5.6262063e-05,8.427327,2.5417516,2.6083221,72.10049,0.97236156,0.027114939,0.0017863798,0.13046062,1.8778986,0.014166119,0.08332095,0.011007382
1.5648452,0.0002514077,2.9154432,0.078833066,9.28301,1.0835993,41.31069,5.1220595e-05,10.907992,2.1788998,2.8397503,53.19365,1.1813782,0.0205835,0.0016161727,0.15566546,1.72919,0.011850776,0.071124956,0.009658916
1.0731305,0.00020211613,2.7452736,0.036819164,5.0004296,1.1957953,23.31617,3.8850358e-05,12.385552,2.177617,2.4429705,52.942257,0.9887494,0.009780955,0.0014361273,0.09047796,1.4265592,0.0098251505,0.07423809,0.0065134815
1.142269,0.00020267654,3.0516763,0.050496917,4.7314916,1.3347242,22.130379,3.9363982e-05,16.02642,2.4784012,3.2166476,63.062405,1.0600393,0.012086901,0.0013565988,0.09550235,1.4620497,0.010435768,0.07667821,0.006986154
1.0835849,0.00019050276,2.3818717,0.03284229,5.424319,1.1146485,21.86808,3.7208865e-05,11.860015,1.9626076,2.6055813,41.02667,0.8328612,0.007648559,0.0011705206,0.087872066,1.2854975,0.010203991,0.074108355,0.006446206
0.98964477,0.00021671383,2.94597,0.05164118,5.970339,1.2563308,24.345348,4.3614644e-05,13.344608,2.3167377,1.9673964,55.652645,0.9632276,0.014076205,0.001557098,0.11028576,1.4263922,0.010246635,0.07962254,0.0071770614
1.3060254,0.00022179114,2.8314621,0.07880622,6.4511003,1.3337988,27.253899,4.6402227e-05,11.098707,2.355185,3.9449973,57.18253,1.0217494,0.016683364,0.0014083036,0.11410941,1.4159508,0.011098041,0.098987944,0.009131747
1.1271427,0.00018829944,2.2909484,0.042899176,7.2303553,1.0613002,27.417341,4.0785486e-05,8.909479,1.8964489,2.9309046,44.407135,0.9015954,0.014112986,0.0011821366,0.091428705,1.1736021,0.009784841,0.080727525,0.007883843
1.0951136,0.00018524389,2.4402246,0.079401836,4.584872,1.1248096,25.751339,3.94112e-05,24.557718,2.4364746,2.9452128,37.6373,0.99371123,0.005506007,0.0011633376,0.08028655,1.2983389,0.010247656,0.08414495,0.0071032112
1.2491869,0.00020917905,2.3295949,0.055378154,6.5146146,1.1276541,28.333311,4.02081e-05,12.854385,1.9834919,3.1038094,39.20996,0.8815598,0.011496116,0.0013075031,0.09715554,1.3554196,0.012206414,0.083758466,0.008086028
0.9855621,0.00022322164,2.9344058,0.07287643,7.9726915,1.1467779,25.77492,4.8719703e-05,17.076454,2.2849636,3.1900127,40.81874,0.86468506,0.011506884,0.0015711546,0.1000539,1.2925626,0.008745501,0.08576266,0.007403985
1.27141,0.00027330057,2.7312965,0.064892136,6.669459,1.0716356,28.236088,4.4266882e-05,17.390211,2.1233594,4.059488,46.769432,0.8716202,0.014877504,0.001519281,0.12682125,1.8365276,0.013130485,0.07866974,0.007924135
1.538797,0.00021125369,2.5937471,0.094611704,8.546286,1.0246959,44.337734,4.420178e-05,17.41928,1.879944,3.8898432,41.145184,1.0455325,0.0117118,0.0011082217,0.15634374,1.3105319,0.015354433,0.1128507,0.012209264
1.3204564,0.00022368999,2.4061356,0.073647454,7.2979994,1.1988786,34.93711,4.1369523e-05,21.445417,2.2767313,3.3501518,44.259968,1.0124477,0.011781648,0.0011021459,0.11887465,1.3804865,0.012747891,0.10237084,0.009101755
1.4220014,0.00026849704,2.5803664,0.105723746,6.616526,1.1407673,24.427656,4.9504335e-05,17.937452,2.213261,2.922843,43.43585,0.92862934,0.012369319,0.0015243934,0.11912009,1.6925359,0.014262336,0.09818097,0.009381481
1.7078909,0.00020246426,2.2068403,0.1222021,10.722178,0.8685194,52.401356,3.324176e-05,15.242962,1.3332256,3.8416111,46.375885,0.6228926,0.017481824,0.00040334582,0.13662274,0.84639037,0.0140506495,0.118940346,0.012898321
1.4981655,0.0001851187,2.3184536,0.11923334,8.22193,0.93052477,41.96774,3.3883585e-05,19.677343,1.6724776,3.4189808,44.130653,0.9110237,0.01552344,0.00059425115,0.14501412,1.0743138,0.015647154,0.11067075,0.011912139
1.1035055,0.00013007093,1.8255161,0.024285486,7.359464,0.8659501,21.234951,3.3254997e-05,10.097142,1.5823182,2.7295723,29.633776,0.5522801,0.0068939053,0.0007744371,0.06837488,0.81414723,0.008480722,0.07710596,0.0068032797
1.0023029,0.00019831205,2.7953272,0.040052544,5.8383565,1.2110497,20.470762,4.175692e-05,11.231993,1.8381753,3.0485666,48.81485,0.8050198,0.011073777,0.0010406971,0.10181406,1.2410799,0.010387447,0.09548085,0.0073952936
0.9746637,0.0002042757,2.5582986,0.050507937,5.875591,1.1101905,24.14595,4.2432177e-05,15.315322,1.9823887,2.3626266,46.25808,0.69201005,0.012050314,0.0013416033,0.10078702,1.2343618,0.009900504,0.081571214,0.00667261
0.92976475,0.00018134562,2.2320917,0.0381879,6.6743774,1.0626745,20.470114,3.8541755e-05,12.270347,1.9438452,2.3942723,34.488197,0.8368486,0.008788622,0.0011963085,0.08614723,1.0492429,0.00969184,0.07466436,0.00731964
1.2667248,0.00017408667,2.2135694,0.041599095,5.5903163,1.0864744,23.735601,3.7225516e-05,13.233919,2.1165342,3.558106,40.828236,0.761102,0.008428647,0.0009915357,0.08879867,1.2108368,0.013621349,0.08713976,0.008418772
0.9715779,0.00022643547,3.2496402,0.052065555,4.231855,1.3734325,16.365026,4.3070937e-05,17.386318,2.5359168,3.155279,69.5716,1.0385628,0.013900057,0.001684287,0.094877355,1.4367775,0.011222928,0.07376514,0.008110262
1.2994759,0.00025992875,3.4801574,0.076234184,5.696489,1.4800166,32.058857,4.937094e-05,20.597923,3.3163474,3.1111248,71.82098,1.6199814,0.018998874,0.0022829124,0.14949608,1.8604308,0.010916741,0.07021444,0.011115262
1.2406499,0.0002270543,3.1495204,0.05087314,5.1346235,1.3640133,19.389734,4.541248e-05,16.404861,2.5739615,3.7223501,67.22037,1.0266049,0.015368873,0.001758841,0.110741235,1.41454,0.010256269,0.074983925,0.008386628
1.2291002,0.00021381809,3.1913092,0.07017218,4.438507,1.3106002,16.029173,4.137356e-05,16.85275,2.5082355,3.7984796,63.36313,1.0185479,0.01381171,0.0014816344,0.09804268,1.648263,0.010918037,0.079369925,0.007992978
1.0418721,0.00022064404,2.6442165,0.06660406,3.4357593,1.3819336,16.388548,4.1251347e-05,18.726397,2.5649962,3.2325907,57.70756,0.95323706,0.012384016,0.0011669133,0.07249822,1.3716727,0.011917143,0.092867255,0.00863144
1.1386439,0.00021990322,4.0212283,0.03528921,6.4390807,1.4072124,25.7441,5.1452178e-05,14.582316,2.694935,3.2579603,77.14802,1.0977402,0.016340403,0.001979316,0.15514626,2.0303392,0.014010276,0.09362212,0.009265536
1.1106486,0.00031209365,3.362008,0.08979508,6.569038,1.5752534,29.107656,5.4511886e-05,14.369653,3.5053792,2.9243202,62.057518,1.5363547,0.022635762,0.0024968071,0.12509827,1.6319891,0.009810011,0.0926016,0.010226909
1.6585478,0.000253369,2.3183408,0.083500944,9.235952,0.9815944,43.73927,4.7601556e-05,14.474949,1.9696779,4.266007,31.901243,0.9535162,0.012191699,0.0014251365,0.14770229,1.4285036,0.01301673,0.08874399,0.010262468
1.1526527,0.00014472383,2.2419262,0.07429139,7.3567467,0.8585654,37.004677,3.8623097e-05,11.607456,1.2794405,2.7363634,46.232265,0.5962045,0.017556936,0.0010175826,0.11275493,0.8393156,0.009392478,0.09322644,0.009561959
1.3979597,0.00025028727,3.1769688,0.09435381,7.727412,1.1821914,30.496235,5.518737e-05,12.910489,2.4890172,3.2379236,58.04423,1.444846,0.017489584,0.0019115036,0.16875768,1.977453,0.014973642,0.08712703,0.0106526
1.3485874,0.00024254959,2.8674188,0.08699722,7.934763,1.1591083,31.903429,5.1829593e-05,11.177354,2.2821977,3.5165854,57.14954,1.2587651,0.019058507,0.0017484494,0.1332425,1.6098517,0.010885488,0.080996804,0.009286049
1.4211545,0.00029938077,2.7979558,0.21941212,6.8681245,1.1769664,35.261078,5.3882704e-05,11.464329,1.9733113,3.8063288,54.631382,1.0686008,0.020017056,0.0014846476,0.15682311,1.4707198,0.015943006,0.11366716,0.011441625
1.6108365,0.0002722343,2.3490403,0.116204515,8.486495,1.1410316,43.097523,5.327937e-05,12.426815,2.1486344,3.0284612,41.61029,1.2592429,0.017116316,0.0015761723,0.14086229,1.3961042,0.011835199,0.08331272,0.010132732
1.5076733,0.00024131879,2.8831117,0.10343079,6.732353,1.344109,28.461233,5.058768e-05,15.035643,2.529137,3.7091799,50.608395,1.3047824,0.017083934,0.0014825359,0.14478345,1.7102613,0.016262623,0.09005999,0.010209754
1.4994644,0.00030809507,2.8209355,0.15426423,7.4183335,1.1315726,38.983456,5.556746e-05,13.049714,2.380198,3.6410007,51.987522,1.2546705,0.019289955,0.0016322926,0.16930038,1.7447526,0.01571914,0.08519568,0.0120473625
1.6558604,0.0003201353,2.494093,0.1758845,8.465962,1.0931178,41.998657,5.7437803e-05,12.67736,2.0439572,2.9352322,42.808273,1.0911356,0.020417588,0.0015919633,0.1523059,1.4869168,0.014425486,0.09434739,0.011446983
1.3357934,0.0002753521,3.3027678,0.11464665,8.523073,1.1975918,43.446407,5.631667e-05,14.734934,2.3861477,2.6914554,64.97455,1.5489805,0.019311279,0.0021291452,0.1536844,1.7378864,0.012852812,0.09382572,0.010932823
1.3252342,0.00020948156,2.702314,0.06841514,5.452603,1.18215,28.462954,4.388313e-05,16.986189,2.4030344,4.0730295,52.59,1.0573605,0.014716797,0.0013357134,0.13571778,1.6240455,0.016466402,0.08456619,0.009821884
1.6391317,0.00023410752,2.9335628,0.073677555,11.194806,1.2401667,48.929974,4.5301444e-05,13.010013,2.06876,3.745289,64.62689,1.1018534,0.01693871,0.0009599743,0.15409572,1.3911296,0.0130703645,0.09962344,0.011115065
1.1235813,0.00029979026,3.5287073,0.1133618,4.8050385,1.3234512,27.373802,5.4761036e-05,9.570923,2.420014,2.8017442,71.52382,0.905196,0.027307587,0.00166427,0.1272962,1.7609566,0.014552231,0.082940415,0.011232053
1.5503985,0.00022758878,2.8584597,0.070194796,10.235325,1.0410739,43.589584,4.5010915e-05,12.017216,1.9535986,2.7991087,53.812576,1.0680767,0.017736904,0.0011542458,0.16125052,1.4904968,0.013130106,0.08238176,0.010731257
1.0565886,0.00020673951,2.6273346,0.07116812,4.7463207,1.1872655,23.489351,4.4941244e-05,12.605407,2.0260646,3.8445172,55.58103,0.70477694,0.016133742,0.0013011897,0.100815885,1.363457,0.013757633,0.07760169,0.008892053
1.5552794,0.0002574134,2.960275,0.07820879,9.079648,1.1036282,40.354805,5.149194e-05,11.159694,2.2564092,2.9129853,54.06266,1.2258564,0.02030672,0.0016427707,0.1581677,1.7937411,0.012073345,0.07155346,0.009550445
1.0185653,0.0002299488,3.4578395,0.048780322,4.430206,1.3601633,22.992943,4.2493466e-05,16.83269,2.608422,2.1456604,68.13464,1.1404384,0.01269582,0.0016545674,0.09922958,1.4974996,0.010670093,0.080767274,0.008459562
0.99139214,0.00022143342,3.1671522,0.05356858,5.2391353,1.2795382,23.436167,4.292322e-05,14.449694,2.4377666,2.054085,62.828373,0.98045635,0.01395786,0.0016309345,0.106264696,1.4799873,0.010698242,0.07837141,0.0073763644
0.9610731,0.00020486559,2.578847,0.076010734,5.071461,1.0703068,29.36653,4.027423e-05,22.920784,2.3588784,3.0972903,38.080887,1.0316818,0.0102483025,0.0012208276,0.08510265,1.3135277,0.00996305,0.077930726,0.007833704
1.2721403,0.00026531657,2.641232,0.06749736,7.3542094,1.133843,29.431503,4.5970573e-05,14.778014,2.1712587,3.5792906,45.56212,0.9811503,0.015475204,0.0017080443,0.13098314,1.6534151,0.012403403,0.08519699,0.008766079
1.2834321,0.00025349364,2.5694525,0.059519418,6.358736,1.1558233,28.205101,4.046172e-05,15.641452,2.095361,3.7349591,44.07442,0.868729,0.013129052,0.0014912474,0.1025386,1.5776415,0.013392028,0.087638326,0.008267131
1.2842377,0.00042005218,5.3822656,0.16611171,8.074852,1.7584893,43.8948,7.4913885e-05,38.237404,3.947248,2.7460709,96.509,2.3887815,0.031509403,0.0024533751,0.22780937,3.3383815,0.023074612,0.11443981,0.016503606
1.2896622,0.0002441877,2.543111,0.08762501,7.584418,1.0848846,28.473085,5.1174055e-05,17.62146,2.2247996,3.6835694,34.339176,1.0503688,0.007451458,0.0015387917,0.10600565,1.1210047,0.011389052,0.09274183,0.009126578
1.3602828,0.00020584493,2.234533,0.058032144,5.824017,1.239434,22.872694,4.418377e-05,16.778845,2.5307066,3.1995256,34.867798,1.0194075,0.008280853,0.0013916884,0.0756114,1.1264777,0.009345994,0.08046406,0.0071971035
0.9931975,0.00022068674,2.6817822,0.06443725,6.093036,1.1467803,24.446764,4.329151e-05,15.531747,2.2839844,3.6166015,40.800083,0.9949375,0.008873765,0.0016199242,0.09010615,1.2016642,0.0092534525,0.07290679,0.008240992
0.8842795,0.0002204899,3.1607387,0.050828803,5.0561767,1.3534907,18.704147,4.2763466e-05,15.829647,2.4365652,2.4236646,54.04786,0.8936781,0.012538625,0.0014751605,0.097827986,1.324158,0.009685434,0.0850465,0.007461666
1.1037488,0.00020027836,2.3786137,0.06940711,6.077329,1.1763496,26.113817,4.2388252e-05,12.744899,2.0447981,3.5176058,47.988472,0.84003663,0.016683625,0.00134164,0.101471566,1.0733311,0.010637371,0.090954326,0.008530247
0.89784956,0.00026399895,3.402013,0.07600154,6.261611,1.4575365,24.094654,4.7032932e-05,15.381521,2.8415935,2.0766542,68.6899,1.293171,0.021177761,0.0015133241,0.1314968,1.5125012,0.011659732,0.09367305,0.010239462
1.5374888,0.00020922718,2.6002386,0.0916873,9.623888,1.0076324,44.88625,4.042981e-05,17.514776,1.9523435,3.6817079,43.882687,0.90346736,0.0146527365,0.00061877357,0.14561911,1.2208267,0.013560348,0.11110934,0.011638609
1.5008813,0.00018513348,2.3155012,0.11922834,8.275312,0.9302703,42.094666,3.3803586e-05,19.562586,1.6637601,3.4245229,44.15252,0.9062317,0.0155973965,0.0005803865,0.14568077,1.0684295,0.015657945,0.111056365,0.011950946
1.0957073,0.00013265411,1.8325021,0.017846642,6.2810836,0.93829197,22.427473,3.4212095e-05,7.7254853,1.5808766,2.621066,32.361065,0.62211865,0.0043728966,0.0007704449,0.07867976,0.8138345,0.009367893,0.079685934,0.006903207
1.2214845,0.00020524825,2.6276915,0.05101119,5.444628,1.1845939,22.925474,3.8294547e-05,15.560569,2.2076905,3.5419712,47.14358,0.9234288,0.011190853,0.00135499,0.08959086,1.3215593,0.009601684,0.07521871,0.0072389464
1.2599503,0.00025741226,2.9424343,0.06351226,6.0152135,1.2497722,25.11377,4.6928224e-05,13.01691,2.5086703,2.9776006,56.926773,1.142928,0.013604145,0.0015374889,0.13168056,1.7375953,0.014023364,0.085455045,0.009485956
0.8644418,0.00020316565,2.5396307,0.04811484,6.654982,1.2268764,21.425083,4.119135e-05,13.542103,2.2550452,2.876479,37.186466,0.9663095,0.010722646,0.0013416712,0.09592058,1.2184803,0.010629329,0.08359072,0.008217049
1.2966274,0.0002598679,3.4933176,0.075179935,5.6557755,1.4834737,31.733046,4.9419887e-05,20.516777,3.3190637,3.1143148,72.01739,1.6128085,0.01902382,0.002291328,0.14943781,1.8632696,0.010901482,0.07008235,0.011065272
0.95767975,0.00022174593,3.16168,0.07310374,3.384244,1.363468,14.1061535,4.3209962e-05,21.345877,2.4396114,2.5458794,65.7477,0.861552,0.014559826,0.0014384901,0.072329335,1.5501118,0.011571245,0.08614955,0.008561754
1.0531738,0.00021893575,3.2213912,0.047235303,4.625084,1.3139753,16.105343,4.3491695e-05,13.434058,2.4892933,3.3442075,71.36153,1.0586241,0.014793714,0.0017790552,0.10113474,1.4726542,0.01020714,0.07174204,0.007925788
1.2000935,0.0002059816,2.7149441,0.04574199,4.6875715,1.2670974,23.692186,3.9651917e-05,16.429834,2.270528,3.2419786,50.963852,0.831573,0.011462254,0.0011403222,0.10747743,1.4956641,0.016297288,0.086905755,0.009019351
1.249715,0.00027914692,3.5205858,0.06850356,4.797462,1.4401382,19.974089,4.7915666e-05,20.323078,2.9323945,3.9118686,69.51805,1.4242992,0.019682359,0.0018456079,0.11854568,1.9800962,0.012898293,0.07928423,0.009210957
0.88814336,0.00022111298,3.1023428,0.059083875,5.0785937,1.2722609,20.53851,4.092133e-05,15.541869,2.3647475,2.5895007,62.477943,0.9579854,0.015154062,0.0015060753,0.092652835,1.3333933,0.009931365,0.075897634,0.0075603346
1.0548156,0.00027583237,3.51823,0.065227464,5.2208347,1.5400174,21.39023,5.1537343e-05,18.15268,3.0821085,3.2149713,67.08576,1.3654201,0.020307727,0.0020858059,0.12406624,1.652465,0.010724966,0.069385655,0.00973608
1.0316063,0.00022074576,2.8705719,0.07026515,3.1549957,1.3186351,14.759514,3.9801947e-05,18.317692,2.4341378,2.892171,58.80388,0.9919087,0.0125983115,0.0012032711,0.07258836,1.4243487,0.011766484,0.08621791,0.008386656
1.9425812,0.00028869612,2.4367957,0.08470567,9.328223,0.9942558,45.886967,5.1813808e-05,15.51924,1.8763608,3.4588037,33.245636,0.8776546,0.014055641,0.0011879792,0.1477567,1.2713475,0.012780857,0.093427636,0.010696078
0.97340685,0.00018758,2.2871535,0.07075046,7.5313344,1.0572526,32.987732,4.5168366e-05,13.476904,1.6951628,3.3014405,38.723988,0.9351826,0.015835918,0.0014119577,0.11862785,1.0364066,0.010627272,0.0931655,0.009841347
1.2768346,0.00025109903,2.461654,0.089861795,7.6479096,1.1914636,26.7055,5.012673e-05,14.315813,1.9678104,2.8243797,43.481346,1.0765084,0.018148068,0.0015072183,0.13060196,1.4907746,0.011919767,0.11094538,0.009236684
1.2033951,0.00022371043,2.4376137,0.07699204,7.8145905,1.0848346,25.578985,4.9772316e-05,13.05756,1.8613322,3.1641922,42.367413,1.0327854,0.016535716,0.0016535403,0.13142961,1.4641366,0.011256548,0.0921178,0.010069897
1.3822502,0.000251736,3.184169,0.08231952,7.0959363,1.2067885,28.442337,5.416859e-05,13.118667,2.534917,3.321311,58.257164,1.4082977,0.016555564,0.0019398793,0.16317098,2.0115354,0.014001932,0.084398106,0.0100757405
1.2176375,0.00019699773,2.8838124,0.06731778,6.3099794,1.2718047,26.35565,4.3118456e-05,12.326557,2.2671502,3.1974947,58.23087,1.0955362,0.016177488,0.0014236249,0.10368642,1.400642,0.010367366,0.08625072,0.008078892
1.327945,0.0002496606,2.8854344,0.11175057,5.255028,1.3568677,28.982553,4.604883e-05,17.551453,2.65312,4.2542343,55.52428,1.1849413,0.017208831,0.0014943142,0.123322204,1.828256,0.017141419,0.09882541,0.0100900605
2.0681248,0.000293513,2.4375951,0.13072963,8.533253,1.0923668,48.650642,5.378829e-05,15.7793455,2.089397,2.8685324,40.46988,1.2762142,0.015510533,0.002100675,0.14086239,1.5149449,0.015415925,0.07779818,0.011423101
1.416642,0.00027260926,2.4993846,0.13957942,7.736994,1.1684397,38.41182,5.4403663e-05,12.293664,2.0307412,2.9806757,43.597176,1.1327792,0.017501542,0.0015889358,0.14187194,1.3549211,0.013170997,0.09299776,0.010628997
1.3769441,0.00027348957,2.9445906,0.118136115,6.621262,1.1616137,28.28966,5.280431e-05,11.271709,2.2102628,3.7841048,55.482456,1.2112054,0.017819354,0.0016889605,0.12944834,1.7987611,0.012703237,0.0827679,0.009219988
1.4536273,0.00030639017,2.759453,0.19371426,7.3309293,1.1298316,34.30096,5.3168853e-05,10.108011,2.1262913,3.994074,51.28462,1.1658915,0.021720836,0.0015668462,0.1549042,1.385916,0.0151695805,0.11103474,0.012217508
1.0571055,0.00031820897,3.2878618,0.055652194,7.969988,1.3935359,35.50325,5.1597544e-05,11.227253,2.7520967,2.1409855,68.62702,1.2360997,0.018824404,0.0020103762,0.14702405,1.6752118,0.012455533,0.07476914,0.00984763
1.0413804,0.0002890704,3.3923576,0.054271705,7.972552,1.4215268,37.477383,4.9838716e-05,11.846266,3.0472453,1.9836828,67.04259,1.354614,0.018186225,0.0022539503,0.13942605,1.7780102,0.009915608,0.06632988,0.009199836
1.072688,0.00030065613,3.6659882,0.050470132,7.9060683,1.5327908,32.7467,5.2988093e-05,12.007636,3.286051,2.1914408,71.08601,1.5656251,0.01736963,0.002027622,0.14448395,1.8466232,0.011438695,0.07421173,0.010591692
1.0649724,0.0002595049,3.4706137,0.050153226,7.0884876,1.4663635,33.3504,4.7769845e-05,12.178638,3.1965015,2.0616555,83.28127,1.4887209,0.017512968,0.002790647,0.115324564,2.4091332,0.00873378,0.046479985,0.00836493
1.0718963,0.0002885408,3.6846755,0.047505673,8.074866,1.5441245,33.412533,5.142221e-05,12.09652,3.543824,2.1555245,73.610535,1.6192434,0.017109193,0.0019527063,0.14791764,1.8883386,0.011051502,0.07069645,0.009656314
1.0671687,0.00026439945,3.675295,0.035484035,7.6226172,1.5057802,38.372456,5.1837975e-05,12.495621,3.323524,2.140786,79.63486,1.5050004,0.018118044,0.00268418,0.14885157,2.2738936,0.009585128,0.052129373,0.008960008
1.1285669,0.00015242751,3.7909856,0.057591,5.6574445,1.4067132,27.842964,4.6917194e-05,9.589265,2.443512,3.0454986,76.3578,0.9742724,0.017214498,0.001273302,0.10200707,1.5264672,0.0109024905,0.07895338,0.009143847
1.1069772,0.00012950593,3.4300263,0.040270146,6.36338,1.5939746,28.9868,4.223797e-05,11.097206,2.9851627,3.133641,67.06464,1.1320049,0.014949101,0.0010447911,0.108134,1.4341669,0.0091169495,0.08096567,0.008477012
1.2041761,0.00026586946,4.3460402,0.08337443,8.094463,1.7191054,37.308006,5.1427272e-05,11.288607,3.9813356,2.6842654,83.42089,2.2660434,0.016537609,0.0027795243,0.15034574,2.3197274,0.009370235,0.06746257,0.008033906
1.2797741,0.00029505562,4.1816473,0.07436001,7.4681344,1.8514218,34.683586,5.5122662e-05,10.154354,4.296703,2.6522024,79.938126,2.2268543,0.020265395,0.0034392236,0.13691376,2.1271882,0.009130726,0.0880694,0.0085837245
1.1385885,0.00024502588,3.5140886,0.078833506,7.0960393,1.3893237,31.863483,4.6741658e-05,10.032133,2.5531764,2.4871686,68.90986,1.3885767,0.018879164,0.0018973142,0.1292653,1.5430684,0.009295186,0.07493621,0.009341657
1.2366849,0.00024403734,3.2897265,0.082393646,7.0885067,1.1558443,32.226986,5.075505e-05,11.17457,2.520525,2.945501,59.76466,1.2113845,0.019963993,0.0015616955,0.13781098,1.7189224,0.011751465,0.069278546,0.009228679
1.2084341,0.0002213805,3.3114097,0.0654715,7.1880174,1.2844696,35.30042,4.5511522e-05,10.54866,2.6005406,4.5160127,57.349976,1.1158589,0.017771581,0.0017630918,0.109920636,1.6568508,0.011955585,0.07063492,0.010044694
1.1355945,0.00021023324,3.3937008,0.06758826,6.8374066,1.4196708,30.502058,4.4287055e-05,9.889207,2.4742038,2.6032338,67.10612,1.1600281,0.018221406,0.0015024254,0.12188204,1.4590079,0.009644002,0.075002156,0.009339768
1.1958596,0.0003771201,4.651728,0.08551168,7.30758,1.6927242,31.959883,6.506627e-05,12.499747,3.4430504,3.0449123,91.30887,1.5518811,0.02494591,0.002022617,0.17398535,1.9359666,0.012028103,0.073907204,0.011705342
1.214523,0.00032931662,6.786651,0.08056577,8.544344,2.5440354,41.61077,6.595812e-05,11.7441,5.6897473,2.981721,128.6883,2.9599662,0.019443175,0.0026112942,0.22798312,2.738804,0.015242704,0.1338887,0.016955141
1.2233553,0.00026048406,4.2550745,0.07187946,7.835222,1.7578636,34.651386,4.79776e-05,10.416429,4.012643,4.2418423,78.8459,2.124192,0.015125908,0.0021960684,0.15009695,2.3306305,0.01043928,0.07227963,0.008598533
1.2226233,0.00017767114,3.4977968,0.060682453,7.823406,1.5706546,33.79787,4.625003e-05,11.200773,3.0719388,3.7974951,71.73829,1.3177718,0.016380854,0.0013783826,0.13947596,1.5764198,0.010087888,0.08763189,0.009127313
1.2062094,0.00026974353,3.950762,0.10333055,7.999389,1.3411669,40.356617,5.5076434e-05,9.568645,2.9161184,3.9405997,78.69638,1.6351006,0.019114949,0.0022371204,0.17237727,1.8369921,0.009898406,0.09177699,0.009563931
1.2943214,0.0003008309,3.5223327,0.08302555,9.004264,1.3514593,36.789513,5.8729744e-05,13.793696,2.8757076,3.0150642,72.96989,1.6296719,0.022607297,0.0022398843,0.20325072,2.289413,0.012344232,0.07844942,0.010506726
1.1382599,0.00030991403,5.5022793,0.06344711,8.191508,1.8254365,39.814724,6.3202744e-05,11.3547125,3.8920097,2.8581712,103.31327,1.7378736,0.01822687,0.0020234927,0.21854065,2.3061745,0.012055371,0.07517514,0.010363922
1.2840374,0.0002680424,3.0729206,0.07689857,6.5398574,1.3383511,31.721539,5.2801857e-05,12.685062,2.4349976,4.005528,58.516624,1.055014,0.01718067,0.0012172306,0.13490416,1.4926809,0.012959842,0.09397066,0.009810019
1.1306342,0.00020055239,3.289114,0.06351105,5.6236305,1.231264,28.75128,4.5517467e-05,8.792184,2.028889,3.8790805,63.943832,0.9337278,0.017575428,0.0014689496,0.11219237,1.37842,0.011479926,0.0786961,0.008761023
1.2963248,0.00025898463,3.9147148,0.089129105,8.830762,1.5621492,39.532074,5.3666397e-05,13.069874,3.2046196,3.2079062,77.13666,1.6472186,0.020551564,0.0023799902,0.15424824,2.0788486,0.0111003155,0.0694332,0.008348905
1.4367877,0.00028455447,3.1497324,0.089474835,8.655139,1.2324297,36.6224,5.357302e-05,13.475048,2.4067454,2.8735762,59.522858,1.1722566,0.021781217,0.0014568197,0.13654058,1.6531966,0.013568904,0.09674757,0.011068627
1.512251,0.00024264371,2.9661949,0.085769095,10.463354,1.2936302,45.157314,5.1891468e-05,13.991037,2.5172002,2.897358,56.496273,1.3555064,0.018798156,0.001550416,0.1456362,1.5186701,0.011092613,0.086033575,0.011388979
1.1871479,0.00028927333,4.740758,0.09766481,7.4778037,1.6737839,38.282803,5.664292e-05,9.324479,3.3293767,3.053288,90.74848,1.6109538,0.018031642,0.0020364234,0.17909877,1.889784,0.011588784,0.123368144,0.013157803
1.3892146,0.00031918005,4.263082,0.10654056,8.393055,1.4455034,44.51592,6.272023e-05,15.138067,2.700874,3.934286,97.50426,1.2478254,0.02219315,0.0017611329,0.18753614,1.9697546,0.016256608,0.092624955,0.011734368
1.2538399,0.00029981506,4.264956,0.089884974,8.933122,1.5406281,45.295876,6.2923136e-05,12.369559,3.2325625,3.4155483,91.73158,1.7106545,0.018975891,0.0020201236,0.23724361,2.022426,0.016460365,0.088562906,0.013546542
1.0771569,0.00028752888,3.6954453,0.083652765,7.0060205,1.4715719,32.575874,5.317112e-05,13.169523,3.3060722,2.7476358,70.99578,1.9101425,0.019473985,0.0020994637,0.13332053,1.917446,0.013361137,0.072444715,0.012425326
1.2082766,0.00033917616,5.481806,0.07638262,8.1622,1.7902719,36.75328,6.3641426e-05,11.952565,3.4190102,2.5716114,110.477165,1.7997787,0.01986409,0.0023013635,0.23756075,2.3791642,0.015462604,0.08454716,0.012092546
1.3041537,0.00018639192,1.2116718,0.0662729,8.61743,1.1700678,37.11815,4.00232e-05,17.149912,2.1053429,3.7079926,30.873596,0.95107263,0.014293037,0.0014649864,0.06997859,0.8146728,0.011055554,0.12319887,0.00914738
1.3041537,0.00018639192,1.2116718,0.0662729,8.61743,1.1700678,37.11815,4.00232e-05,17.149912,2.1053429,3.7079926,30.873596,0.95107263,0.014293037,0.0014649864,0.06997859,0.8146728,0.011055554,0.12319887,0.00914738
1.4307663,0.00023360352,3.7576976,0.073252834,8.862561,1.635661,47.196693,6.06675e-05,12.178805,3.2706044,3.0522275,75.904076,1.689026,0.018190393,0.0020025014,0.22134219,1.8297346,0.015211133,0.109616086,0.0119116055
1.4766961,0.0002456789,3.2305207,0.053312723,7.0957274,1.2953781,38.902332,5.0908002e-05,14.001583,2.481239,2.5102856,62.703114,1.0302594,0.015015394,0.0013703792,0.16656575,1.6651244,0.01346973,0.08718313,0.01027561
1.3240061,0.00028890377,3.6316907,0.09705351,8.861937,1.1983567,39.78987,5.5092816e-05,12.374536,2.136577,3.0693882,74.42826,0.9018898,0.025667112,0.0018948982,0.123766266,1.5045199,0.011095304,0.06726437,0.010620697
1.3702402,0.00026069337,3.3750336,0.08721118,9.117716,1.1762435,40.175304,5.2945496e-05,12.169596,1.9966316,3.3170443,68.632774,0.84894145,0.02417167,0.0018500475,0.12584397,1.2933183,0.011192699,0.078297,0.011088114
1.1677227,0.00020880852,3.7187808,0.07591724,7.1146717,1.2379117,33.637962,5.1894396e-05,11.027519,2.237223,2.4795196,69.34711,0.9596018,0.019357922,0.0017018513,0.10241078,1.3703893,0.010137568,0.07904339,0.009571103
1.2047386,0.00020466167,3.60052,0.06652072,6.164334,1.2161885,31.367598,4.6781803e-05,9.424611,2.3553011,4.0323086,69.82977,1.04076,0.018703327,0.0017414301,0.11067559,1.5171138,0.011301833,0.07436968,0.009635444
1.1915684,0.00021289004,3.4099493,0.07276392,5.5861883,1.1638975,29.775618,4.7339538e-05,9.336737,2.2268202,3.2173383,68.713844,1.0116605,0.019344917,0.0016734742,0.10088163,1.5945967,0.010783113,0.06903554,0.009078727
1.5156072,0.00024815174,3.4608607,0.092737235,9.161644,1.4863912,48.818775,5.3316748e-05,13.009774,2.58062,4.464525,69.18705,1.0293213,0.021031031,0.0016094679,0.14361408,1.629335,0.014145685,0.104882635,0.010778716
1.0944424,0.0002363972,2.9361475,0.08373261,7.110348,1.0224996,30.393644,4.908409e-05,10.864981,2.474476,2.508836,55.513016,1.1265044,0.02002699,0.0016843383,0.12176927,1.6043416,0.009452133,0.06794017,0.008378376
0.966112,0.00026718865,3.1432652,0.065882124,5.1595697,1.407201,26.64992,4.977586e-05,17.10481,2.7640786,2.4963384,62.909336,1.2920429,0.0150234895,0.0014781681,0.097836554,1.3456135,0.0131773185,0.09014483,0.009657984
1.2150173,0.0002886228,3.4988067,0.097107194,8.833588,1.3661665,43.26028,5.835565e-05,12.174854,2.4069722,3.6772676,72.89006,1.0185704,0.023485355,0.0017263704,0.13680145,1.4032828,0.012552441,0.08781108,0.010769094
1.3328818,0.00022603222,2.6824944,0.07954912,7.6897454,1.0473452,39.020885,4.709187e-05,9.541025,1.8009458,3.110106,51.56725,0.898588,0.018370517,0.0013786979,0.12430227,1.4027995,0.011869254,0.07782007,0.0100641195
1.2410437,0.00018978269,2.83401,0.06494687,6.8187165,1.3294435,33.760597,4.7277448e-05,12.056397,2.698142,3.1274986,59.603256,1.1406428,0.016538206,0.0011965281,0.1237713,1.2983562,0.01170517,0.07098989,0.008440162
1.1176387,0.00026605633,3.233785,0.10545261,7.571899,1.199696,31.149202,5.299464e-05,11.4731865,2.1142871,3.9115427,64.97078,0.9733382,0.021420563,0.0016680318,0.1202429,1.404203,0.013983221,0.0952333,0.011569561
1.368376,0.00024286612,3.127896,0.075768165,7.5907097,1.4248435,37.48998,4.692031e-05,14.71825,2.8507843,4.4478626,60.506268,1.1745325,0.016303267,0.001403073,0.15034756,1.4747183,0.013617611,0.10251144,0.011085285
1.3672076,0.0002811923,4.1111665,0.1097585,8.304714,1.7132968,41.99016,6.301108e-05,15.286809,3.547061,3.016837,77.232376,1.6440129,0.024381652,0.0023436022,0.16288923,2.056805,0.01217685,0.09952957,0.0125687625
1.2408255,0.0002343008,4.1157746,0.10619485,7.7006907,1.8168935,37.81917,6.042791e-05,14.00588,3.6127822,3.4882994,81.72299,1.6157103,0.024892522,0.0025863762,0.15538289,1.8725758,0.012506901,0.090662636,0.012269472
1.3334941,0.00023456148,4.131733,0.08042045,7.9190335,1.7383537,40.844494,5.5633398e-05,13.8467455,3.840134,3.0437768,79.95133,1.5214074,0.020570274,0.0021349245,0.16298899,1.7085491,0.012975957,0.096828446,0.0116945
1.1519308,0.0002533233,4.884551,0.062414065,7.5491624,1.7473176,34.31323,5.3884993e-05,10.984596,3.306955,3.7969828,90.27194,1.4311701,0.018884456,0.0017386212,0.17055699,1.760531,0.010964764,0.08485343,0.009674604
1.2389034,0.00028107787,6.0814524,0.04779537,8.778145,1.5935669,40.40866,6.645252e-05,11.960712,3.6354432,2.4775207,122.63618,1.9929302,0.018083375,0.002387719,0.23486646,2.4741654,0.011000337,0.07660842,0.01011115
1.2333373,0.00035462467,5.941482,0.12129876,7.055607,2.0007293,34.718174,8.611241e-05,16.6806,4.1398907,1.8868955,103.886566,1.8189346,0.0292908,0.002143193,0.20440692,2.5205395,0.019563157,0.13768274,0.01816225
1.3002142,0.00038155832,4.7813454,0.094356015,9.681708,1.6097162,47.44829,6.32335e-05,12.893975,3.5920196,2.9770837,94.07856,1.6672783,0.017555978,0.00169624,0.23894924,2.1883495,0.016201483,0.07838107,0.011212143
1.739122,0.00036148092,3.9911408,0.088162474,8.933524,1.6757892,46.79324,6.2975014e-05,15.242785,3.5104997,4.710924,78.597534,1.6350079,0.020575369,0.0022367775,0.19090833,2.2245834,0.01683404,0.09756632,0.013355046
1.1133753,0.0001945167,3.174784,0.044022195,7.4878435,1.2820323,32.82423,4.2587555e-05,8.915653,2.3410501,1.7159057,63.531174,1.0854956,0.017276576,0.001792799,0.08436784,1.3270408,0.00697137,0.04593536,0.0072400584
1.3239433,0.00027650624,3.5491858,0.10820845,6.2279725,1.4828424,31.75817,5.748267e-05,11.479044,2.9004993,3.1784902,73.42842,1.3368055,0.026316378,0.0018434079,0.14476249,1.6666013,0.01520742,0.09246253,0.012040125
1.4697835,0.00023421262,3.2269921,0.076681376,6.651475,1.434479,36.355614,5.198269e-05,15.776448,2.8543108,4.376521,62.511955,1.2448713,0.017886348,0.0017439544,0.14230232,1.8439176,0.014613381,0.106125936,0.009748015
1.3803718,0.00023298831,2.6945543,0.055332698,7.242971,1.1757733,35.087223,4.608794e-05,11.872017,2.2501638,4.7168,50.80652,1.0633293,0.013698543,0.0012645577,0.14118528,1.3552393,0.013773193,0.08039068,0.0102311
1.1207074,0.00025090948,3.1215734,0.07141543,4.9796863,1.2370914,23.831076,5.0700408e-05,12.161411,2.2622337,2.525633,59.04193,0.96071875,0.01895775,0.0012941442,0.116113804,1.6756794,0.011720424,0.07379098,0.008423265
1.0289816,0.00018777858,3.361002,0.061317533,4.9230204,1.3358083,19.14877,4.2865122e-05,8.733148,2.5723588,2.2242343,63.4962,1.0008552,0.015956206,0.0013624077,0.11786428,1.3228581,0.011289673,0.08470824,0.009295393
1.1837995,0.00018735664,3.0456016,0.06586913,5.997461,1.1694044,30.816872,4.2154712e-05,5.944691,1.7469372,4.0957384,64.236145,0.7353234,0.018694276,0.0012494515,0.099311605,1.1150875,0.010366407,0.08140681,0.009226214
1.2299606,0.00018107118,3.353932,0.07463985,6.822639,1.3082094,26.126007,4.8388567e-05,11.148498,2.5178018,3.853242,69.15382,1.1032966,0.016110025,0.0012744269,0.14413384,1.6205575,0.011023296,0.08912883,0.008466246
1.3674822,0.0003127538,4.540867,0.08077637,8.532449,1.4257748,44.358795,6.113124e-05,10.959084,3.188889,3.772831,86.57481,1.4961058,0.019484118,0.0024467644,0.22085527,2.31508,0.011869585,0.10030222,0.01177179
1.4515873,0.0004223965,6.690336,0.09085288,7.5955424,2.6166427,39.27247,7.612585e-05,14.185985,5.9434686,3.186453,128.63,3.096032,0.023599008,0.004218804,0.2495641,3.5392373,0.014422753,0.11696716,0.013662726
1.15352,0.00032896962,5.6727924,0.07677714,8.94135,1.6846414,37.29719,6.447942e-05,12.430949,3.5718977,2.4768202,115.69052,1.9402654,0.020499414,0.0022055616,0.23811339,2.570756,0.01551231,0.09155626,0.012795464
1.3049283,0.00032006932,4.6482606,0.092900544,7.709229,1.5556822,35.820942,5.1393137e-05,9.59187,3.1063018,3.6342661,85.01298,1.5015861,0.02044757,0.0021434766,0.15946732,2.1954052,0.0095515875,0.09059257,0.010129345
1.2781969,0.000480537,8.24905,0.08930629,8.466629,3.3550136,39.71313,7.1630304e-05,14.583816,7.807587,2.50752,144.02708,3.9739304,0.023409776,0.004504269,0.23667762,3.8594882,0.014331183,0.12461756,0.013888156
1.2240975,0.00021165526,4.4151673,0.059897147,8.203844,1.5683197,36.218754,5.073105e-05,10.101675,2.8097453,3.168161,85.92246,1.1702775,0.016007118,0.0020462049,0.17777354,1.5929618,0.011886823,0.096543066,0.010970232
1.11286,0.00032863917,5.912239,0.06578151,9.160624,1.7323211,35.81513,7.312939e-05,15.479271,3.2428327,2.257168,119.09409,2.057599,0.018848686,0.0023267164,0.2552405,2.6806505,0.015587565,0.085973814,0.012200061
1.3643656,0.00023500479,3.7769547,0.07188439,8.486481,1.4059647,39.057526,5.261555e-05,12.891402,3.235435,2.737154,79.88458,1.5725756,0.015305438,0.0017608076,0.20275311,1.3776358,0.0145423,0.11827545,0.012914506
1.0899917,0.0002265114,3.126994,0.06724406,8.059051,1.5309057,37.293636,5.370197e-05,15.090066,2.7097952,3.6662543,68.30542,1.2722003,0.017508019,0.002192954,0.16395055,1.3758501,0.0116641745,0.0706114,0.0103415875
1.2233952,0.0003722294,4.812455,0.106304765,8.703152,1.641803,40.872,6.2086736e-05,13.514258,3.362678,2.900831,100.74033,1.4769092,0.023177147,0.0019977905,0.18460077,2.412984,0.014255334,0.06813645,0.0101459725
1.2976975,0.0002627251,5.276513,0.09342735,8.903069,1.8976991,43.671814,5.7921574e-05,18.315048,3.4441714,3.5105217,107.83819,1.4949901,0.021712791,0.0018918575,0.23988284,1.6854291,0.015842,0.13173018,0.015948238
1.2616173,0.0003400583,4.9368587,0.09205781,9.47879,1.6563854,46.250828,6.834056e-05,14.733521,3.4863036,3.1787708,107.968155,1.8868669,0.022033967,0.0027943978,0.26322776,2.160567,0.015617765,0.095506676,0.012747508
1.3573397,0.00030900788,5.0265465,0.054551758,9.836845,1.6546896,46.385784,6.774929e-05,16.77992,3.370395,3.0611253,99.202194,1.7366887,0.01828061,0.0023337037,0.27166495,2.3929873,0.012380776,0.080180645,0.011310381
1.2870463,0.00035081495,4.8790436,0.089968026,9.365935,1.4052091,43.341736,6.508657e-05,14.658017,3.6473095,2.844015,101.885994,2.1226556,0.022048993,0.0027267064,0.23750462,2.4180422,0.015732426,0.09170524,0.011814593
1.304458,0.00025087842,4.0182595,0.06042529,8.114408,1.5124649,42.40552,6.1283645e-05,15.803578,3.007525,3.3343863,83.549545,1.2994003,0.021023378,0.0016605695,0.23287994,1.5603669,0.016334,0.1370636,0.012909742
1.2498015,0.00039257391,5.6951976,0.11101296,8.040592,2.0636647,37.755646,7.193003e-05,12.783382,4.144113,3.7207701,110.696434,2.1728938,0.02352783,0.0028567105,0.22160526,2.790928,0.013524372,0.087290235,0.012771847
1.3499975,0.00037306373,6.43925,0.073060416,9.92906,1.9429464,45.34032,6.675957e-05,21.930538,4.118972,2.8328433,137.229,2.1728582,0.02225276,0.0026052645,0.29230058,3.029738,0.014354384,0.07833261,0.012195441
1.1874619,0.00022297222,3.4803226,0.084893204,6.7012815,1.4139473,33.363377,4.811436e-05,10.508874,2.3823102,3.169242,82.90365,1.0152682,0.018003937,0.0013963908,0.11760303,1.354919,0.010940526,0.07712197,0.009771887
1.2572981,0.00033128177,4.7287827,0.09430187,8.922256,1.5197711,44.949783,6.987849e-05,15.72958,3.135897,3.2414954,96.01729,1.7186362,0.022696296,0.0021931818,0.22997908,2.1345189,0.01659707,0.095535666,0.0125746885
1.3300917,0.00024142409,4.193417,0.08767397,8.845757,1.6778104,39.04494,5.684306e-05,18.226683,2.7474568,3.4532616,86.06623,1.2694882,0.020272553,0.0014758286,0.19773695,1.5725399,0.015978206,0.11477108,0.012583061
1.2139785,0.0003098098,4.1974297,0.07438971,7.8756638,1.5551535,35.61992,5.905448e-05,12.20281,2.90447,3.3627076,85.187035,1.2945625,0.018739844,0.0017478324,0.17972177,2.2673397,0.015442174,0.07140221,0.010875899
1.3126391,0.00025662442,3.3888354,0.07045917,7.726328,1.779286,38.11978,5.183943e-05,17.57255,3.3474884,2.7171817,70.32007,1.2624744,0.019337373,0.0013370509,0.17585193,1.2243897,0.014049352,0.12087232,0.010249655
1.2428439,0.00032760113,5.509727,0.09806048,8.335319,1.763962,36.195797,6.157369e-05,14.820845,3.6602154,3.3965175,115.16551,1.8060985,0.021142907,0.0023909574,0.19205439,2.2383106,0.013530182,0.07302939,0.010400856
1.3645838,0.00028018205,4.502051,0.10159211,8.978638,1.3937795,44.70217,6.143227e-05,17.900763,2.5599248,3.2015305,99.978424,1.3483764,0.024865955,0.0019200682,0.19938076,2.062263,0.014571803,0.0862953,0.011725129
1.3863896,0.00030828133,5.6714745,0.11590383,9.178403,1.9685721,50.25204,7.111203e-05,20.33774,3.7271352,3.0338235,102.678246,1.8462651,0.029525965,0.0025512478,0.23689397,2.5734923,0.016208678,0.094524466,0.01675133
1.3305633,0.0002958975,4.395669,0.08420856,8.982583,1.4750698,46.265858,7.004896e-05,14.912381,2.7091026,2.7289026,88.148674,1.4917401,0.023070758,0.0022174136,0.24848501,1.856819,0.017139545,0.13172226,0.014108594
1.2656479,0.0003379966,5.2984877,0.06449971,9.928826,1.6978232,44.38662,6.165759e-05,17.159445,4.183539,2.5382144,106.58258,2.2687583,0.019719072,0.002331832,0.25176108,2.9933033,0.015040487,0.047716618,0.012172777
1.3332562,0.00021361758,3.082804,0.09387653,8.320974,0.99618906,41.97547,5.4076438e-05,13.676073,1.4406455,3.253247,69.59477,0.7236091,0.022538487,0.001733515,0.17623417,1.258779,0.013126906,0.08433221,0.011820498
1.2660977,0.00015023521,3.1327066,0.062789634,7.4150434,1.0734074,33.884323,4.471263e-05,12.714539,2.1859918,3.3027217,64.76937,0.9130422,0.015430592,0.0013339205,0.1253705,1.4677213,0.011979439,0.06649306,0.009623535
1.3209478,0.00029914032,4.218437,0.121114485,8.669286,1.4245111,41.020332,5.9634833e-05,16.49725,3.0137818,2.5755565,83.93195,1.2820749,0.021309054,0.0019291418,0.18589902,2.0194325,0.01565113,0.07221466,0.012270956
1.2828114,0.00029819898,4.169723,0.07995204,9.250691,1.3551252,41.896046,6.0709055e-05,12.370709,2.7041178,3.012479,89.21636,1.4523835,0.019958422,0.0020672455,0.22480734,2.415102,0.013506362,0.051671665,0.010752102
1.0769695,0.00025386174,3.3682609,0.07985836,8.308565,1.2615315,35.60284,4.7967922e-05,11.861185,2.6391966,1.819081,70.97801,1.401747,0.022306507,0.0023839439,0.14283602,1.8729762,0.01262898,0.07264712,0.008763397
1.067365,0.00026780457,3.7644043,0.07203207,8.019356,1.350396,36.998993,5.5734166e-05,11.260281,2.8113835,1.8412126,79.26819,1.344134,0.02011478,0.0018640606,0.1693214,1.8404462,0.011771476,0.06687733,0.009099533
1.306557,0.00030512188,4.6108193,0.084304996,7.458443,1.3679657,37.726616,6.18488e-05,10.498471,3.2018828,2.8221154,87.7624,1.4587928,0.021943353,0.0025316144,0.21693951,2.4677358,0.012487985,0.06946859,0.012885306
1.328615,0.00028281502,4.0679417,0.105686836,8.4208145,1.2786758,44.851646,6.0214395e-05,10.855559,2.3160431,3.0399961,81.669975,1.087003,0.019932857,0.0017693037,0.24262619,2.3226557,0.014051532,0.08537941,0.012449301
1.2392696,0.0003191835,3.5935814,0.087713666,8.224874,1.3255529,37.70305,6.1630715e-05,12.110826,3.025215,2.7919335,72.00432,1.6507343,0.022537874,0.0023235448,0.19068451,2.1475856,0.012569377,0.07719812,0.010799801
1.1703676,0.00030778113,4.5513296,0.08053632,8.018292,1.4146667,41.78846,6.077728e-05,12.609526,3.209765,2.6811745,94.26514,1.8022742,0.021437608,0.00241829,0.16196485,2.3599665,0.01032488,0.08842542,0.009192195
1.1734929,0.00037620167,5.0384336,0.06704722,8.558568,1.5299308,34.24892,6.013574e-05,10.413822,3.2511532,3.744446,101.58829,1.4843285,0.020504827,0.0022636463,0.18673535,2.6007187,0.009987085,0.07067642,0.009945462
1.2640423,0.00034963613,4.1672273,0.0870007,9.262748,1.4723934,45.434147,5.9496848e-05,11.813678,3.2554758,2.9082766,85.652664,1.6366988,0.022920793,0.0019387236,0.2033657,2.1004066,0.012718146,0.08903044,0.010758087
1.2433151,0.00032882293,4.67982,0.07764085,9.432602,1.447214,48.431107,6.576376e-05,12.164488,3.420929,3.166124,95.098785,1.7469336,0.02155887,0.0019465693,0.23416631,2.2021837,0.014384567,0.08594438,0.012309884
1.2593012,0.00038387123,5.2184544,0.07996951,7.2802944,1.6684474,32.56213,6.293405e-05,13.817552,3.4912305,3.074933,108.66917,1.6329719,0.02399018,0.0021104098,0.20400812,2.7141724,0.009545751,0.0895807,0.008925741
1.2098941,0.00041665026,6.4190345,0.09170062,8.314182,2.1868267,38.334084,7.5224336e-05,14.125134,4.6448283,3.7961166,135.13441,2.5360801,0.026910735,0.0024204415,0.23873702,3.00382,0.017357184,0.10629328,0.015491133
1.2904923,0.00026048257,3.618642,0.073588446,8.875411,1.2912819,44.044456,5.1073217e-05,12.1959715,2.9505656,3.1443994,74.43937,1.6174648,0.015299406,0.0020197541,0.14773774,1.5074618,0.010618745,0.08581794,0.0109693
1.3429707,0.00034779837,4.3986754,0.07713004,9.117356,1.5103035,42.15635,6.357238e-05,12.550129,3.3092163,2.916694,85.12507,1.7071704,0.018104972,0.0017056203,0.21602549,2.0864139,0.01306637,0.09086042,0.01156463
1.1924686,0.00034222624,5.1441555,0.07554828,9.178115,1.5304968,46.192905,6.593146e-05,12.365075,3.64649,3.366902,101.1411,1.9215113,0.022113085,0.0019929342,0.25264618,2.4425828,0.0131138265,0.090768084,0.012687411
1.1749701,0.00031195497,4.057805,0.085391596,7.1335273,1.2996721,37.426983,5.406329e-05,11.000161,2.752871,2.6964688,84.16502,1.7073236,0.02096447,0.0027428458,0.14543974,2.0474877,0.007067106,0.0753947,0.0077451603
1.1638727,0.00048580638,8.010268,0.09966827,7.432722,2.6152272,36.164257,7.623759e-05,14.227659,5.544682,3.708692,151.64932,2.5656307,0.027699282,0.0024535735,0.22707851,3.3528616,0.01604548,0.11495001,0.015146315
1.4152681,0.00032863297,3.6546223,0.08455199,8.589245,1.332538,39.804146,5.656946e-05,11.952964,2.7879033,3.0081246,70.16136,1.290397,0.018690739,0.0020760905,0.17105517,2.1894443,0.012378328,0.07418776,0.011196056
1.192379,0.00034561974,4.6468573,0.06656214,7.901785,1.4730011,32.9602,5.8226728e-05,9.9383545,3.1431153,3.409875,94.409355,1.5074925,0.021719446,0.0023935228,0.17873114,2.1424286,0.010454015,0.07266557,0.010303593
1.1785861,0.00033898125,4.053064,0.09078827,8.424759,1.3996797,39.686657,5.781404e-05,11.283087,3.1138587,2.8061986,77.9673,1.7863315,0.020537935,0.0020415045,0.18825552,2.2365127,0.011532956,0.09225478,0.010736421
1.1951121,0.00031302433,4.851977,0.06684774,7.7506094,1.3969154,33.689384,5.8119e-05,11.178791,2.968404,3.627363,100.427,1.527066,0.018376691,0.0019795117,0.1951307,2.4518037,0.010477319,0.08622551,0.007277704
1.1834666,0.00028805033,3.0052197,0.09054219,7.812533,1.3716476,41.970592,5.686184e-05,13.825785,2.8023574,3.6499522,69.729485,1.4903257,0.021838581,0.0021334365,0.16687015,1.8792274,0.011592335,0.0887833,0.009263987
1.5115066,0.00031569498,3.0712354,0.092760324,8.879479,1.2273893,41.708263,5.444113e-05,11.013751,2.5903893,2.9695206,65.50051,1.2047211,0.019435428,0.0014864051,0.1823721,1.8678949,0.012747528,0.08298579,0.012716108
1.433978,0.00032399318,2.7206628,0.0916189,8.6851015,0.9999636,30.726727,6.457751e-05,14.509038,2.1993837,2.8799388,38.35531,1.1007382,0.010486045,0.0015135668,0.12903261,1.2760452,0.008906861,0.09525042,0.008250656
1.326513,0.0003411406,4.819322,0.06026015,10.5292425,1.5611438,49.534866,7.432363e-05,13.053745,3.334009,2.9084406,99.57978,1.8337024,0.019450374,0.001955812,0.32981727,2.5051177,0.016601842,0.09922839,0.013214532
1.3534361,0.0003259107,4.511306,0.065547414,10.217193,1.3424962,51.054867,7.458749e-05,11.555826,3.0803018,2.7262533,96.55156,1.8134444,0.021948716,0.0020530035,0.29342213,2.5634568,0.014452025,0.09241431,0.013146652
1.177978,0.0002256168,2.1412692,0.06374199,7.3160424,0.977272,35.954098,4.693092e-05,12.372286,1.8586609,3.3339436,52.99831,0.94685584,0.024477549,0.001940332,0.14877665,1.5480654,0.010216529,0.052492686,0.009322575
1.3751409,0.00034788885,3.3943746,0.10970129,8.970331,1.2705429,42.54833,6.286025e-05,12.037328,2.9707084,2.6761665,70.64098,1.6976908,0.022949599,0.0021630693,0.21250454,2.0868647,0.0123060625,0.092140526,0.011135623
1.2517697,0.00024326416,3.7627015,0.09084991,8.73244,1.4141349,46.8385,6.0185903e-05,9.25513,3.5238836,2.8849928,78.98864,2.0778978,0.012952181,0.0022854907,0.20308585,1.9282092,0.0128900595,0.09818556,0.010467261
1.2042196,0.00017645642,3.5955381,0.09089821,8.165361,1.2834564,40.450268,5.073918e-05,11.1011505,2.3715308,3.086466,69.493935,0.8787281,0.013640463,0.0010210313,0.1742866,1.4987454,0.014180303,0.12466704,0.011471275
1.2281864,0.0004890361,11.617872,0.095607854,14.3053875,3.7016833,42.28402,9.825999e-05,16.381992,8.930643,4.39462,204.0299,5.362897,0.026689349,0.0037948336,0.35140017,4.637258,0.022630302,0.1259002,0.020075994
1.2872037,0.000306682,4.189821,0.074907795,8.737898,1.4511626,46.915367,5.8753736e-05,10.284443,2.9626572,3.0325599,79.15408,1.7009182,0.018896857,0.0014643553,0.20129499,1.7241929,0.013810858,0.09556986,0.011861133
1.2732682,0.00027162873,4.9642057,0.110605806,8.382961,1.7607532,41.934258,5.535745e-05,9.330781,4.253558,4.2756476,89.712776,2.0802093,0.016457506,0.002674069,0.2066197,2.5677743,0.012681417,0.11753531,0.012520033
1.2335465,0.00017022243,3.0405517,0.062252484,8.214294,0.88115877,50.247223,3.850492e-05,7.853214,2.5572352,3.3553488,57.533695,1.8102089,0.009480899,0.0020928127,0.13751198,1.2344368,0.011216411,0.060453955,0.012337859
1.2013206,0.0003150007,4.8479233,0.08383109,7.9958444,1.7782462,37.41278,4.969504e-05,9.905048,4.124858,2.701629,87.615776,2.3359735,0.014508305,0.0026469459,0.19578318,2.4356074,0.011985661,0.11431192,0.0110052265
1.4990073,0.0002938837,3.189233,0.08660218,9.290106,1.1992284,44.0042,5.542157e-05,12.319729,2.374392,2.8768034,65.26256,1.1730717,0.016922915,0.0015381762,0.1667215,1.5994209,0.012373164,0.08943664,0.010769396
1.3119067,0.00031311758,3.8037367,0.09370256,7.9659038,1.4009119,35.76415,5.6865814e-05,10.90639,2.9327462,3.087061,80.119286,1.7636366,0.022421136,0.0023689093,0.15141964,2.3353796,0.01139639,0.05755341,0.009972796
1.3145444,0.00024640505,3.10455,0.07570724,9.266797,1.2317713,38.045956,5.563621e-05,10.74296,2.4672372,3.0443408,63.92542,1.3997118,0.019039147,0.0017897494,0.15904078,1.5589466,0.011227865,0.07792843,0.010612091
1.2563213,0.00030669227,4.0893455,0.08458604,8.37323,1.3966185,42.636814,5.6377783e-05,10.65101,3.2330616,4.4937606,80.466446,1.8635465,0.018003145,0.0018909947,0.1929565,2.0457273,0.011294233,0.08409192,0.010055973
1.1987695,0.00023835269,3.4670913,0.06809453,7.898401,1.4547397,36.569485,4.69618e-05,10.207655,2.5479758,3.1687012,73.82138,1.2237934,0.016915927,0.0015139752,0.1467963,1.5180402,0.010878918,0.08769364,0.0102021955
1.2850642,0.00022085941,3.7370412,0.062702075,7.838069,1.1926295,43.280773,5.483004e-05,12.071329,1.9139779,3.3277493,75.69059,1.09696,0.019224226,0.001417445,0.17841786,1.7586107,0.014053738,0.10123937,0.010452014
1.20905,0.00035764603,4.7562504,0.109197564,8.9118,1.742208,42.841007,6.7793946e-05,11.93096,3.0899267,3.4292085,99.99875,1.5076784,0.025688633,0.0020661815,0.22872971,2.4582553,0.015318366,0.09887096,0.013473397
1.130288,0.00029143092,4.420246,0.060021922,7.3340197,1.5521425,27.438286,5.7551177e-05,12.710379,3.4781258,2.9982808,87.621376,1.9341452,0.01973034,0.002344753,0.14891915,2.3908792,0.010487547,0.07734439,0.0074093216
1.0778928,0.00027090145,2.6228328,0.09481354,5.895794,1.3884143,26.449495,4.756318e-05,20.089859,3.0604544,2.9185908,52.29905,1.4582596,0.013732662,0.0012795477,0.11742987,1.7260185,0.012391147,0.082800075,0.007933873
1.2378583,0.0001805253,3.820974,0.10453699,8.93921,1.9940547,39.09941,4.989834e-05,16.798477,3.4880476,4.301055,80.30507,1.5466201,0.022749802,0.0008735746,0.17571494,1.4469383,0.013138092,0.118806325,0.0153983915
1.3656496,0.00026590552,2.6314292,0.08386059,8.165203,1.3249978,39.550323,5.065345e-05,12.978122,2.252435,3.5092716,61.73333,1.1422818,0.017542569,0.0016136632,0.178042,1.3503193,0.012649238,0.11383782,0.010677671
1.3977842,0.00037141884,4.521961,0.1212175,10.022242,1.4256666,49.78522,6.88705e-05,11.7422905,2.97958,3.3536272,97.859375,1.4476124,0.026479287,0.0021014786,0.26676816,2.197079,0.014425099,0.09357252,0.013737659
1.4281325,0.00023723349,2.7252603,0.06683858,8.052746,1.2485137,43.611847,4.723986e-05,19.046719,2.3346834,2.7843387,59.12928,1.1449065,0.01697995,0.0013540515,0.17213307,1.6266031,0.015576084,0.10189829,0.010689354
1.3439736,0.00032384734,3.7415571,0.07207341,8.698125,1.4495558,41.555393,5.7081616e-05,12.732755,2.7949965,3.1518168,82.52951,1.3947746,0.019471843,0.001662169,0.24693613,1.7128097,0.014421441,0.114700906,0.011952004
1.1710976,0.00021395939,2.6958792,0.0709481,7.7597556,1.3850756,34.65694,4.537318e-05,13.919331,2.2217991,2.5846505,56.88944,0.97582096,0.019749682,0.0010544764,0.18818404,1.1857684,0.011898174,0.1012796,0.012651975
1.6020052,0.00023373014,3.5095398,0.11126447,9.426497,1.2716407,44.56678,5.8244274e-05,13.214487,2.3355505,4.708545,78.29669,1.0796152,0.017471388,0.0015237199,0.20008305,1.6350427,0.0147785125,0.124324694,0.013247334
1.4487443,0.00029727328,3.2626946,0.1166199,9.559644,1.3133985,47.438137,6.100193e-05,14.191525,2.584836,3.722179,71.24661,1.0725847,0.022850504,0.001528376,0.2293331,1.7903637,0.012757717,0.1103286,0.011915882
1.3856691,0.00028504457,3.5866568,0.08346726,8.142318,1.7315856,41.17619,5.915297e-05,14.716714,3.6260026,3.5374646,70.70344,1.7915769,0.019584848,0.0016079574,0.18239608,1.7869159,0.018998582,0.12650117,0.015741179
1.4072838,0.0003272101,3.7041068,0.10200864,8.913573,1.135884,44.539394,5.3921758e-05,12.053039,2.7895079,2.563618,84.89525,1.7850667,0.017885761,0.0019846854,0.1954542,2.0083468,0.009549233,0.08756079,0.009307969
1.6008178,0.00028194743,3.6602132,0.07386403,8.6072445,1.3968681,39.44343,6.0222563e-05,14.563442,3.2404833,2.5394814,72.24,1.7350338,0.0186391,0.0020315063,0.17864947,2.1220782,0.013810312,0.08977593,0.0101097245
1.4684235,0.00030258484,3.255963,0.09145539,10.007776,1.3424823,38.429287,6.186705e-05,12.058641,2.7381074,2.9915612,75.62827,1.6010392,0.019355511,0.001953855,0.21729268,1.8936601,0.01119312,0.08015531,0.010082692
1.2797279,0.00032790328,3.2975094,0.09748164,8.490688,1.3664469,38.327778,5.6112203e-05,12.600827,2.638283,3.6282668,76.99745,1.3047662,0.021546384,0.0016067622,0.1610452,1.6437653,0.011061435,0.10372132,0.0096375365
1.6194812,0.0002513289,2.9345927,0.11123068,9.645467,1.1785244,45.292667,5.4302724e-05,11.337669,1.9873625,4.6846857,65.73256,0.88512534,0.018702017,0.0013591063,0.19890986,1.3950484,0.014229041,0.11588889,0.013394199
1.3791696,0.0002430635,2.5386117,0.11720885,8.21036,1.19035,38.553177,5.314838e-05,11.116608,2.4339576,3.0670805,55.605473,1.2778895,0.019955425,0.0017391436,0.13748822,1.4521111,0.013345249,0.08363277,0.010456079
1.2261683,0.00025555817,2.886283,0.098156296,8.48821,1.3802154,40.184307,5.3601292e-05,11.374918,3.096101,3.2875566,65.89512,1.7195089,0.018105386,0.0021130424,0.18665087,1.7633893,0.01244281,0.07009308,0.0092495475
1.3083867,0.00024411255,2.9134774,0.09254128,8.412881,1.3002565,39.782066,5.362074e-05,10.67727,2.8144517,3.031155,66.87439,1.5303848,0.016795743,0.0020223556,0.18299823,1.612529,0.013213933,0.07498495,0.010015794
1.7126192,0.00023936217,2.540897,0.09707712,8.804171,1.2976618,46.084988,5.1589486e-05,15.027422,2.1267195,3.4452765,53.06187,1.1282701,0.020632632,0.0015957046,0.11766863,1.4246466,0.013363716,0.09484845,0.011422029
1.161892,0.0001996761,2.7619226,0.05764214,7.545133,1.4180424,33.699474,4.7234083e-05,11.872239,2.5865805,4.003062,64.57565,1.2895836,0.015747797,0.0017350853,0.15540698,1.4224507,0.011261325,0.096668534,0.009710656
1.4956014,0.00019886192,2.6032915,0.09806205,9.046408,1.0780712,40.983414,4.5237484e-05,10.857319,2.2212803,4.4929495,49.95205,0.9563476,0.01536231,0.0009463616,0.15654494,1.1826534,0.014119591,0.10129052,0.0103934575
1.5813245,0.0002787398,2.8955495,0.10128259,8.635625,1.3137331,43.18851,5.1632996e-05,13.13407,2.4049015,3.6448479,62.81377,1.248824,0.01835124,0.0017063881,0.10699741,1.62049,0.011750029,0.08929666,0.011489793
1.5283577,0.00028595538,2.9965813,0.10450641,8.419809,1.1096803,35.256577,4.8175418e-05,12.320724,2.3349855,3.5060632,61.44056,1.1740439,0.02000077,0.001922369,0.12534228,2.0101469,0.011952277,0.08214931,0.010688473
1.3037196,0.00029457494,3.5828743,0.10401511,7.944779,1.3010329,37.022667,5.848445e-05,11.450325,2.8761983,3.0458672,81.01117,1.4476967,0.022229219,0.001915907,0.20889357,1.9425665,0.0148923425,0.09584194,0.012468915
1.2821256,0.00026329418,3.5526037,0.10896948,8.418702,1.2576196,35.17265,5.6572688e-05,16.60016,2.7051654,2.7111223,74.46936,1.456375,0.021316126,0.0019458099,0.1527413,2.1569374,0.012090286,0.08875935,0.0106635485
1.3952953,0.00028358004,3.3221774,0.12250922,8.498071,1.1714072,37.419106,5.376353e-05,15.869832,2.4042542,3.0796268,67.17697,1.203803,0.021698654,0.0017417097,0.11470834,1.9982278,0.011822232,0.09167367,0.010006618
1.4259102,0.0002886197,3.2666705,0.11430481,8.490969,1.2310897,38.94041,5.5935365e-05,15.196272,2.4572287,3.0990987,71.15803,1.2464464,0.02240737,0.0017465008,0.10662133,1.9449992,0.011401177,0.091960154,0.0097923055
1.2573061,0.00034934332,4.7904778,0.082861476,9.6902685,1.4565626,42.784252,6.254748e-05,13.990218,3.5467749,2.2854655,97.00854,2.021475,0.018763728,0.0020716605,0.24789162,2.5197763,0.013346315,0.09104178,0.010624273
1.3613153,0.00025038855,3.5323484,0.10693453,8.879816,1.4932367,40.347935,6.0160437e-05,10.404728,2.4749207,4.2716856,71.65957,1.1759824,0.020027649,0.001262875,0.20170517,1.421292,0.013737252,0.120922096,0.014499997
1.4301875,0.00027290487,4.1245146,0.071644776,8.769957,1.3809509,45.30761,6.2340376e-05,13.435891,3.2069702,2.4653194,84.72761,1.9576913,0.020907694,0.002800939,0.23355334,2.4075766,0.0133885145,0.06725112,0.0102000525
1.5819349,0.00023120675,3.3201666,0.082026236,9.515556,1.272399,50.15808,5.0171777e-05,13.18292,2.496819,3.844467,75.65134,1.1764125,0.014983795,0.0014727083,0.115725234,1.5369253,0.011372995,0.09148925,0.0106516825
1.3539716,0.00026612042,3.033977,0.091790125,7.6539874,1.2715867,38.24174,5.4911605e-05,14.355351,2.422848,3.2531443,69.78074,1.128189,0.020360546,0.0015048445,0.15714358,1.5848141,0.013111833,0.086585484,0.010873583
1.3799777,0.00024907102,2.6711683,0.083824694,8.100473,1.3838935,33.61266,5.094243e-05,12.181747,2.7638948,3.5801866,61.71537,1.2383235,0.017657734,0.0016758995,0.14250807,1.3446409,0.013928828,0.093755685,0.009380317
1.2541853,0.00033381235,4.2206664,0.08804091,9.165665,1.4123577,40.111374,6.4266314e-05,10.622329,3.2837071,2.6810355,91.94792,1.6741976,0.0217321,0.0021809745,0.25326598,2.191195,0.01137567,0.083698384,0.0116058085
1.319574,0.00032405762,3.6889088,0.098760664,9.093216,1.5440941,36.95479,5.882004e-05,13.138709,3.132079,3.511508,81.87098,1.4723152,0.020184873,0.001775665,0.17933866,1.9246528,0.011777533,0.09734458,0.010587688
1.2785541,0.00031389034,4.090608,0.099397846,8.577071,1.4522321,39.540783,6.1533116e-05,12.140469,3.1736465,3.2300813,94.83029,1.6718212,0.019435136,0.002382954,0.17727365,1.9986494,0.010676309,0.079240754,0.009668781
1.2633507,0.0003045924,4.3812094,0.09566733,8.410011,1.2859693,41.70991,6.219401e-05,9.882119,3.0276525,2.8136897,84.56848,1.4759755,0.019598216,0.0021821612,0.24835199,2.603047,0.013770068,0.07672218,0.0121477535
1.2467268,0.00034360992,4.361239,0.09016842,7.67457,1.459569,34.720932,5.6401088e-05,10.28848,3.0901794,3.2422712,84.634094,1.845086,0.018815076,0.002027992,0.19952133,2.2783222,0.013469284,0.08358751,0.010429253
1.210245,0.00029155813,4.661078,0.06856783,8.192843,1.3607374,37.89335,5.6858833e-05,10.638418,3.0055914,2.7675123,88.141396,1.8358366,0.016499223,0.0022450963,0.20615768,2.3371797,0.013001436,0.06312097,0.010980918
1.2164887,0.00019349362,3.316032,0.06692587,5.8924217,1.2112219,33.087605,5.2013544e-05,11.237802,2.2413237,2.7732785,69.14669,1.2175641,0.017172465,0.001487457,0.16670099,1.6492157,0.010911448,0.08675341,0.009467607
1.1753426,0.00031828185,5.4640737,0.08982841,7.6846457,1.5639162,33.039124,7.116715e-05,11.063838,3.5217736,3.4711382,104.93371,1.9583306,0.023381613,0.0026177382,0.21260065,2.7595334,0.012903768,0.096171685,0.011614044
1.5275271,0.00021555845,2.296892,0.083876744,9.758101,1.0066247,43.52157,3.6670237e-05,13.50208,1.7117499,4.505165,48.666077,0.84034854,0.017679866,0.00073300384,0.1423273,1.1445131,0.014530403,0.09165028,0.011364658
1.6382918,0.00026988419,2.769876,0.10485736,8.723639,1.1775829,42.23448,5.2504387e-05,14.323704,2.1330273,2.9435875,50.14249,1.0837852,0.019282168,0.001595381,0.15665376,1.4011959,0.01419928,0.095071554,0.011718995
1.5726111,0.00025562878,2.917996,0.1150319,8.615283,1.164836,45.546223,4.6344503e-05,14.390838,2.105291,3.1869137,54.064133,1.0486314,0.020167071,0.0013184653,0.16768223,1.3047136,0.014819658,0.098712124,0.012386516
1.1509943,0.00022490474,2.3561728,0.07376255,9.198731,1.0702277,37.844166,4.2153235e-05,17.26009,2.0070684,3.2058547,39.55956,1.0245359,0.015824188,0.0009902954,0.14047144,1.0743347,0.0123458635,0.094655834,0.010411632
1.1241624,0.00021697234,2.245518,0.054123826,8.729219,1.0787542,32.707836,4.2973137e-05,13.440176,2.1614492,2.9995813,37.62085,1.116126,0.0128338635,0.0012321267,0.13320106,1.1097773,0.013364089,0.08648863,0.010491882
1.402052,0.00023210481,2.3974261,0.09246731,9.925867,0.998164,45.36329,4.5163302e-05,14.731396,1.8817952,2.7466,45.744648,1.032495,0.017542595,0.0012029225,0.14640497,1.1680937,0.0136015555,0.09403749,0.01184118
1.5418237,0.0002271403,2.506623,0.10589388,9.653334,1.1680609,42.20187,4.742188e-05,14.970228,1.876095,3.7547126,47.201366,0.91014177,0.018355934,0.0012862945,0.16537073,1.2713865,0.016611865,0.101132356,0.013481083
1.4575437,0.00026202592,2.1464288,0.09590671,9.916319,1.3001498,46.009285,3.8454706e-05,12.981274,1.889948,3.4050426,61.189976,0.6747026,0.020412086,0.0007412196,0.1434517,0.91605693,0.016829466,0.11159254,0.012633411
1.498525,0.00022546624,2.3150585,0.10149951,9.188422,1.0753574,44.557617,3.853799e-05,13.485113,1.8888415,3.6419942,49.93254,0.91709596,0.01853547,0.0012220752,0.13956381,1.2895542,0.014724839,0.08656536,0.011531289
1.5815624,0.00020935603,2.1424935,0.083937995,10.484187,1.2576538,49.99947,3.7237107e-05,11.67314,1.8034716,3.9533906,50.823856,0.87159103,0.017915212,0.00077031314,0.14151388,0.9991096,0.014168045,0.10616301,0.012208209
1.4685771,0.00024421912,2.6678133,0.10704582,7.982128,1.1647992,41.003468,3.1701496e-05,12.134608,1.9672014,3.2465904,74.10375,0.84829533,0.020638248,0.00076748495,0.14008592,1.3162684,0.015415564,0.08990279,0.0119632585
1.4819238,0.00032065588,2.4850411,0.15563762,8.65799,1.1302891,41.68561,3.6767087e-05,13.574973,1.7933685,2.9978366,65.779945,0.6017157,0.021083264,0.0005798296,0.13016768,1.0985756,0.016899275,0.10808803,0.011710843
1.543637,0.00023032409,2.5019803,0.11400982,8.574363,1.1316414,44.115795,3.7192145e-05,12.112926,1.9375306,3.134635,45.841442,0.99168956,0.018725807,0.00091675884,0.13475385,1.1341527,0.015256231,0.09820361,0.012568737
1.5475012,0.00025436768,2.6131365,0.08316333,9.574462,1.0943005,46.112415,4.4793767e-05,12.109957,2.0552628,3.772557,41.77058,1.0418365,0.018023353,0.0013426756,0.15191296,1.3680792,0.012025951,0.09443541,0.010367574
1.4697393,0.00020513403,2.2490098,0.09924711,9.567732,0.9569711,47.333305,3.3358643e-05,11.604304,1.6190095,3.8083646,50.154842,0.77215683,0.020203205,0.001098973,0.13654548,1.2305567,0.014388694,0.08929657,0.012568603
1.5149238,0.0002013873,2.877861,0.11187881,7.5794277,1.2163199,44.87654,3.1117168e-05,13.575899,2.2983253,2.6886923,59.410454,1.031702,0.020670386,0.00085535535,0.10969821,1.1223377,0.013232816,0.099464804,0.013821758
1.2852277,0.00026476991,2.6334648,0.10156165,7.0702105,1.0249553,36.213432,3.8268667e-05,17.206505,1.955424,3.0272634,52.437656,0.9121239,0.01855364,0.000996043,0.12614165,1.2848103,0.013933681,0.07775387,0.010162278
1.6485429,0.0002897313,2.2648044,0.1518657,8.865918,0.8845406,44.90261,3.261835e-05,10.872292,1.5326821,3.5418649,57.249714,0.7324712,0.021396039,0.00072065525,0.1506791,1.2087585,0.014598602,0.08045055,0.01142302
1.4248861,0.00020563704,2.5268917,0.08864366,8.049139,0.976004,37.409893,3.8011887e-05,15.038015,1.7346678,2.6540613,48.732944,0.83129996,0.019731648,0.0010125262,0.14418425,1.3218491,0.016521014,0.081016734,0.009813012
1.3700404,0.00022782445,2.1789348,0.070749804,8.74351,1.0025955,43.838688,4.7989266e-05,12.012619,1.77823,2.8052192,42.421993,0.8677844,0.016897554,0.0013522833,0.13747837,1.1122211,0.010910546,0.07716541,0.008672652
1.2085927,0.00023372882,2.192464,0.05444168,8.4455805,1.2615896,39.469494,4.7237365e-05,11.612122,2.3058445,2.8213193,43.4114,1.1283891,0.013997595,0.0012975028,0.11261217,1.271259,0.011384357,0.08398055,0.009440991
1.4783472,0.00032481653,3.046727,0.13124797,8.732449,1.5810969,44.717613,5.4700147e-05,17.245794,2.8732708,3.4386318,64.388084,1.315576,0.026206026,0.001905501,0.17052843,1.7009168,0.015017324,0.10056367,0.013491735
1.5187912,0.00031305695,2.7336402,0.06980434,11.736632,1.4027216,55.1593,4.756124e-05,18.594828,1.8697795,3.4158947,68.56479,0.892265,0.02294815,0.0013958305,0.17745617,1.2953634,0.015913084,0.07766571,0.012525059
1.58945,0.0002930789,3.6238487,0.073776245,10.114371,1.7761271,46.639324,5.126537e-05,17.069435,3.148103,3.1841543,76.99633,1.3632762,0.020644937,0.0014940418,0.18742865,1.9241589,0.01743028,0.09450588,0.013790829
1.2920538,0.00023267939,2.4980977,0.112130225,8.4646635,1.2432401,36.87869,3.6743877e-05,20.15021,2.006424,3.40595,49.68185,0.8882047,0.017206555,0.00095742475,0.11926749,1.0092235,0.015238023,0.10885038,0.01151168
1.3176807,0.00032400183,2.8064299,0.09602727,10.0943575,1.231464,44.54545,5.2834286e-05,19.301798,2.4331527,3.595597,48.591614,1.2527603,0.020119473,0.0018311378,0.17537422,1.520927,0.01616679,0.10797303,0.013961337
1.3617712,0.00026109672,2.0320055,0.08476973,9.5582905,1.2886062,48.85175,3.997377e-05,20.976234,1.9750218,3.2110858,50.929996,0.87800694,0.021127788,0.0011590599,0.1676876,0.92435634,0.013688561,0.08889022,0.011810363
1.4821254,0.0002280728,2.4657931,0.094141394,8.0918665,1.0949945,39.75804,4.1192383e-05,15.538018,2.200143,3.5604634,48.022984,1.1356025,0.019400567,0.0016394763,0.1372086,1.6888186,0.011729584,0.07721131,0.009827218
1.5227598,0.0001845346,2.992701,0.12155264,7.825391,1.2235786,43.47988,3.125106e-05,10.281143,2.2592337,2.969721,73.025856,0.9673959,0.02432267,0.00088083924,0.10325738,1.2823322,0.013699036,0.07557145,0.012450231
1.5997276,0.0002660887,2.3163776,0.09018031,11.000929,1.2497215,52.581036,3.7180853e-05,18.477484,2.0217793,3.362962,55.354763,1.0376477,0.020065425,0.0013475369,0.1356283,1.0400194,0.01485616,0.088258095,0.012835297
1.3953947,0.00021636771,2.3518906,0.07187548,8.343251,1.0163234,36.250664,4.1152805e-05,13.817145,1.7321588,4.1376433,42.484074,0.80785733,0.016504465,0.0011512768,0.145136,1.2906847,0.012388593,0.086990595,0.0098195
1.5589164,0.00019068943,2.088003,0.0981477,7.51803,1.0094758,41.03046,2.95344e-05,10.553474,1.8924106,3.8104396,47.834232,0.87639326,0.016995588,0.00071331876,0.11939777,1.0517441,0.012384668,0.08011675,0.01010949
1.2797256,0.00025583143,2.9738498,0.096215874,7.4773726,1.2453138,35.93704,4.687347e-05,15.588493,2.3878334,2.9941745,58.19623,1.1318247,0.017869424,0.001408742,0.13159917,1.5236005,0.0136917615,0.08454684,0.010367972
1.2320458,0.00022118475,2.1931276,0.06481328,9.533246,1.2585255,40.042942,4.9344482e-05,14.916206,1.834933,3.4839933,47.111702,0.8384947,0.017801097,0.0011302365,0.14450026,1.1603615,0.013436325,0.10927863,0.0125096105
1.4170116,0.00020597309,2.1824062,0.08675351,8.578259,0.9476596,38.601532,3.5389738e-05,12.679161,1.7347473,3.2669969,40.3193,0.8099012,0.018482665,0.0010851296,0.12940437,1.1069844,0.012703971,0.076703236,0.010512498
1.222677,0.000450501,8.645146,0.10639736,9.394681,3.1579776,43.284874,7.775656e-05,18.6175,8.068011,2.9653134,168.70016,4.846486,0.023778649,0.0034451082,0.24970147,4.194466,0.016083006,0.10950537,0.014997805
1.1392134,0.0003606734,4.8160353,0.09858583,8.25792,1.8086884,34.962814,6.5646e-05,11.735331,4.1333323,2.8518724,93.977295,2.3632822,0.02300123,0.002220585,0.19235952,2.4089334,0.012670237,0.0854343,0.011135071
1.2025328,0.00026725596,2.9301953,0.0806028,8.572101,1.242457,40.46694,5.0484974e-05,11.433031,2.7304442,3.6308475,60.583496,1.5545001,0.018667616,0.0019341506,0.11417681,1.5880442,0.011054132,0.07802798,0.009898443
1.2411032,0.00027366524,3.1241193,0.08245003,9.032821,1.2812651,42.891685,5.1904033e-05,10.58586,2.992445,3.273348,63.3457,1.5964637,0.01869226,0.0018115396,0.1222812,1.5742896,0.01086771,0.08141653,0.0096033905
1.1827972,0.00033808558,4.5205946,0.057152715,7.632813,1.4509178,37.898743,5.8831258e-05,11.323603,3.5672045,2.701404,89.36601,2.097782,0.018222736,0.0023684283,0.19422527,2.6597135,0.010368633,0.07960935,0.009447438
1.1714239,0.00032882838,4.9257765,0.048498712,8.317825,1.621461,46.11341,6.799638e-05,11.608555,3.2558906,2.990078,111.16718,1.6892676,0.019651156,0.0020104218,0.22120714,2.215436,0.012900981,0.0970448,0.011390315
1.2073706,0.00022359341,2.8930361,0.058039535,8.542774,0.94187057,39.571495,4.946075e-05,10.348381,1.7870903,3.5403333,58.683865,0.8413827,0.016719403,0.0012303484,0.14829674,1.3580731,0.01146662,0.097321026,0.009388276
1.255065,0.00022948367,2.6610959,0.0663796,7.845704,0.86756915,38.194668,4.649673e-05,9.372852,1.6046678,3.188035,55.079304,0.79231447,0.016636109,0.0013259443,0.1450257,1.3905655,0.00950475,0.066003755,0.009126348
1.2812836,0.00022543603,2.5839756,0.06948616,7.953024,0.80144405,36.890606,4.4623743e-05,9.404474,1.5366753,3.5386794,54.435738,0.7979659,0.016440768,0.0012844924,0.14452624,1.3222241,0.010281677,0.069535606,0.009866818
1.257532,0.00024029678,2.3491635,0.06802163,8.447376,0.8675378,38.380295,4.476423e-05,9.88693,1.6293597,3.4341464,50.921535,0.8502761,0.016036239,0.0012800304,0.1480803,1.2973111,0.010598553,0.07532619,0.009344511
1.2700434,0.00024744717,2.5738552,0.07695281,7.430027,0.6845708,34.429432,4.440133e-05,9.077475,1.4158725,3.1364453,54.9188,0.8012069,0.01724246,0.0014047271,0.13226931,1.4057809,0.010248121,0.06342486,0.0090133045
1.1839267,0.00043609762,6.633725,0.11197653,7.320608,2.1338236,33.60131,7.3973206e-05,16.753723,5.399762,2.2597325,154.13232,3.3429387,0.030804668,0.003192071,0.23084216,3.4271553,0.015796792,0.10623488,0.01377413
1.1860063,0.00033525712,5.191556,0.04872699,8.808092,1.8343066,44.6709,6.744554e-05,11.328613,4.1491537,2.5643902,104.4577,2.5432591,0.017876765,0.0020375822,0.21086621,2.712983,0.01186618,0.08637522,0.009270428
1.1877578,0.00034192562,4.5301456,0.04360834,8.88937,1.6767813,44.48546,6.732406e-05,11.156554,3.7055638,2.8935661,89.614426,2.2322488,0.018073225,0.0022352035,0.2480738,2.2592275,0.011769778,0.09573543,0.010969503
1.1616018,0.00039298364,5.292984,0.060448,8.375603,1.7792275,40.013226,7.122511e-05,12.360979,4.210335,3.1564791,106.494606,2.5586758,0.02384058,0.0022357076,0.24698472,2.5087712,0.013216552,0.10293916,0.011954067
1.1881733,0.00052057,8.568572,0.10763584,8.672352,3.2628887,42.432415,8.440997e-05,17.606747,7.7051578,3.210485,165.41481,4.4798627,0.03037984,0.0033441035,0.2667708,4.272409,0.01711583,0.12505178,0.017449459
1.2391505,0.00032862363,3.8875618,0.09839014,8.074879,1.2321491,38.07716,6.223182e-05,11.214215,2.9189956,3.1368847,77.01446,1.6572677,0.021355001,0.0019465092,0.23196606,1.9641435,0.011493076,0.08769024,0.010213784
1.2734979,0.0002695262,3.1917703,0.084740415,8.080646,0.86999565,36.29735,5.661834e-05,10.688944,1.9891391,2.923745,67.676384,1.2719625,0.019423964,0.002155664,0.20676744,2.0259979,0.012186337,0.07026762,0.009108014
1.20473,0.00045805873,9.273502,0.09219753,9.52588,3.4246929,39.71609,8.01712e-05,20.5643,9.444676,3.299809,180.87897,6.3686504,0.020059241,0.0030722897,0.31238118,3.9046881,0.01878137,0.11144714,0.014882025
1.2288448,0.00031711208,3.1749032,0.08982809,8.629121,1.1128436,40.050003,5.745314e-05,12.041064,2.389786,2.9213908,69.49451,1.5066214,0.018983752,0.0017215257,0.20031597,1.7029269,0.010392567,0.07216412,0.009118144
1.2484797,0.0003083686,3.870331,0.072242334,9.002588,1.3182551,42.21387,5.9022303e-05,12.599391,2.741873,3.004406,86.198364,1.7338672,0.018548714,0.0015562603,0.23789458,1.9001911,0.012414789,0.08462249,0.010222108
1.3245604,0.0002846117,3.103429,0.07671206,8.863645,0.98989993,43.760742,5.490547e-05,11.237003,2.221322,3.7555468,66.99305,1.3348873,0.016944421,0.0015307859,0.1897995,1.6808444,0.0109573295,0.07064232,0.009998553
1.184126,0.00046427638,9.515428,0.09438376,8.7354,3.4857152,35.802647,7.9869016e-05,19.318745,9.867793,3.0852883,188.42316,6.549097,0.021430466,0.0030661633,0.30275753,3.9529552,0.016913276,0.109495364,0.013936719
1.3091557,0.0003094954,3.8057504,0.08054204,9.417236,1.2404678,43.70971,6.0117465e-05,12.967364,2.6618738,3.4764757,84.47134,1.5476295,0.018196657,0.0015757183,0.23099941,2.0110147,0.011835006,0.075128555,0.010184608
1.231558,0.0003364495,4.718373,0.05275775,8.6780815,1.8332851,41.179405,6.286935e-05,11.915525,4.19406,3.8334064,92.73332,2.352458,0.01762572,0.0019877031,0.21842407,2.0006192,0.014319089,0.088161774,0.01056278
1.2183636,0.00039812227,6.853709,0.09253872,8.682752,2.1664996,38.01222,7.14367e-05,14.99255,5.4241986,2.9514127,135.89256,3.1450317,0.025386063,0.0027480812,0.21738875,3.1216395,0.014662787,0.101846784,0.012177745
1.2464167,0.00030976013,3.4088216,0.08224334,8.133234,1.1013647,40.371513,6.0682374e-05,11.745824,2.3072557,3.1344736,69.80999,1.3038521,0.0223619,0.001654172,0.18212467,1.7679493,0.011992687,0.08476592,0.009261118
1.1918955,0.00033807347,4.2911043,0.084080264,7.6153116,1.3960428,33.89414,6.302001e-05,12.4386425,3.1222541,3.0462637,86.17333,1.8683327,0.02419,0.0020270348,0.18568842,2.1348073,0.012174475,0.09063596,0.009978135
1.2032285,0.00031310695,3.398312,0.07618992,8.423773,1.1293334,40.68736,5.6159017e-05,11.952516,2.5982065,3.0242803,68.77956,1.4924155,0.019585008,0.0018075925,0.17915326,1.9224089,0.01153267,0.07643181,0.009481096
1.175982,0.0002796348,2.9276483,0.06748627,8.612845,0.9864949,39.730576,4.9569677e-05,11.742363,2.2032049,3.2650704,66.198814,1.2832167,0.017125769,0.0016174966,0.1535145,1.5828235,0.010689703,0.07802091,0.008731144
1.2152355,0.00050631963,11.246657,0.1458934,8.3867235,3.8203278,38.447945,9.8428056e-05,23.86239,9.608215,2.682304,222.08669,5.7718267,0.030382218,0.0039256406,0.34519464,5.8455586,0.020895995,0.12286904,0.017258305
1.2300704,0.00055667164,11.235531,0.13325071,9.253129,3.9895172,40.955055,0.000100735,23.053776,9.964349,2.9451303,230.63248,5.7994084,0.028622428,0.0036506066,0.34449232,4.964872,0.017144399,0.112439044,0.015072293
1.2719858,0.00032615542,3.8080857,0.097985804,8.4807415,0.9278576,43.240925,6.0306724e-05,11.567756,2.4341366,3.0678823,80.40966,1.5583395,0.017644817,0.0019370624,0.2320432,2.178217,0.011029867,0.08411756,0.009884087
1.2358085,0.0004762166,10.550544,0.12847945,7.2347794,3.868916,34.23791,9.0251444e-05,22.652802,9.7122555,3.2584286,202.6806,4.857701,0.03160109,0.004227373,0.25485185,5.3321075,0.019807952,0.12500365,0.015855974
1.2899725,0.00027537977,3.3636582,0.07125508,8.097514,0.9586533,43.15412,5.604104e-05,10.215615,1.8774158,3.1536832,65.479965,0.9621179,0.019097317,0.0017892905,0.18719065,1.8107635,0.010418051,0.06916924,0.010257383
1.192095,0.00028995957,3.9111054,0.08045468,7.733153,1.1505555,35.434437,5.4173524e-05,12.2876005,2.4502885,2.9746716,80.669754,1.3539653,0.02082208,0.0018265024,0.16037329,1.6774952,0.01148986,0.08243169,0.009782478
1.2512904,0.00026884864,3.541013,0.068210706,8.111725,1.0699757,42.171387,5.604472e-05,12.439281,2.241584,3.4527562,74.28184,1.2833477,0.018762952,0.0019658627,0.16718419,1.8295138,0.010883747,0.08581164,0.008859538
1.2452631,0.0002905579,3.8619063,0.06996663,7.9234295,1.1743153,38.93497,5.6003235e-05,10.913396,2.4943292,3.0581124,77.821236,1.354358,0.020620244,0.0020155234,0.15558793,2.0508125,0.009992416,0.06852509,0.009196047
1.2341987,0.0004503192,8.587345,0.12061302,8.061909,3.4067905,37.5176,7.6520264e-05,19.780853,8.390223,3.2264974,165.27402,4.893282,0.028089965,0.003751238,0.24000019,4.5995817,0.016436992,0.11390444,0.014635794
1.2111404,0.00047256,9.772083,0.1262167,8.629586,3.7885253,38.630512,8.518109e-05,19.75945,9.182601,3.3211591,191.61208,5.22876,0.03008779,0.0037109137,0.27600184,4.4224734,0.01814789,0.13767816,0.01880229
1.186207,0.00042079206,7.9402924,0.10248526,8.065007,2.8394837,37.087887,7.603754e-05,15.967033,7.548683,2.651047,161.84644,4.7976522,0.028000664,0.0034971153,0.2674792,3.9374778,0.016347045,0.12068165,0.016513644
1.1878535,0.0002304894,2.661597,0.07422688,7.025017,0.65319914,30.200487,4.2710893e-05,10.76457,1.3273623,2.410393,59.405525,0.64147216,0.021709977,0.0015662003,0.105768375,1.5954565,0.007991555,0.060226645,0.0070842057
1.2907956,0.00026081814,2.7451653,0.08658413,6.7984457,0.75604224,28.77763,4.6494708e-05,10.473284,1.5817465,3.1373796,59.42733,0.8404171,0.02087116,0.001799181,0.119974285,1.6569469,0.009731397,0.054845434,0.008220689
1.2512467,0.00045976485,9.4824295,0.13107388,8.939755,3.4230652,42.864956,8.7489614e-05,20.637152,8.876942,3.0915291,176.4235,5.0631657,0.030817186,0.003812907,0.2566819,4.742725,0.01832349,0.11904945,0.016441029
1.2542228,0.00046882642,8.12681,0.11079861,8.584549,3.2412224,40.329964,7.6634584e-05,15.391538,8.103833,3.4796193,169.45053,4.6101136,0.026421497,0.0039905603,0.24820198,4.5828648,0.015076406,0.098717526,0.01306958
1.2340853,0.0005190137,8.924043,0.11602188,8.674535,3.7024887,40.326134,8.19134e-05,15.539889,9.153328,3.4515982,178.82721,5.1171083,0.026897421,0.0043712063,0.24522574,4.694887,0.014837642,0.095658496,0.012568273
1.1427419,0.00033900593,4.979893,0.09604213,7.427595,1.4753315,32.206898,6.3602136e-05,13.770983,3.1745043,3.0617049,106.16936,1.6828368,0.02454713,0.0018559356,0.1940083,2.452597,0.013310139,0.093855746,0.010638281
1.2258172,0.00055702653,9.914571,0.12071088,9.037742,3.1423507,44.29627,9.276695e-05,22.620884,8.1528,2.381769,185.76328,4.575806,0.028916322,0.0035808745,0.2631619,4.463888,0.021396587,0.11685544,0.019071706
1.2233778,0.00031020367,3.8628924,0.07239873,8.693274,1.2574482,38.040333,5.2364234e-05,11.809142,2.9054568,2.8138895,78.284706,1.7324911,0.01917646,0.0018085177,0.18057595,1.677354,0.011783844,0.09494207,0.009914768
1.1821383,0.00036060426,5.113075,0.07701826,8.26598,1.7435507,35.636272,5.7881953e-05,12.853998,4.0205035,3.0542278,103.837326,2.3424275,0.019586945,0.0020198408,0.18362233,2.148973,0.011758538,0.090783894,0.009800591
1.2284623,0.00030967777,3.498085,0.088823944,8.341851,1.1114576,41.818123,5.7546575e-05,13.027571,2.3950956,3.6394827,71.19302,1.3774595,0.021364963,0.001812924,0.16361368,1.6560576,0.011378186,0.0836204,0.010157062
1.2030599,0.00028030106,3.0888937,0.079241656,8.973493,0.9559387,40.919613,5.273752e-05,11.701062,2.167203,3.7511563,65.88987,1.227131,0.01818004,0.0015539457,0.15729712,1.5398026,0.0110633895,0.07396687,0.009421796
1.183108,0.00029684664,3.4386215,0.07622315,8.84571,1.1012815,38.587013,5.283488e-05,12.628105,2.440711,3.1719139,68.81228,1.4384077,0.019959372,0.0016043719,0.1705916,1.5788277,0.010624175,0.08479614,0.010014187
1.2390286,0.00028926527,3.5046675,0.068784125,7.9958415,0.9997171,36.268726,5.7264373e-05,11.527857,2.3098207,3.2494128,70.22556,1.3962557,0.018779222,0.0018226403,0.18019547,1.8688586,0.011135678,0.08341334,0.009410464
1.3285967,0.00027747962,2.9961588,0.08731087,8.661987,0.81408787,37.64537,5.1731768e-05,9.994459,1.79311,3.3435752,59.46404,0.9765148,0.017467117,0.0018603447,0.1395238,1.6884346,0.011246958,0.07305443,0.010752048
1.2383304,0.00028120613,3.0898066,0.071287535,8.547585,0.94085366,41.454067,5.1055646e-05,11.015718,2.0893614,3.2041461,62.238064,1.1554778,0.020031918,0.0017627688,0.14773051,1.6880958,0.010161498,0.05772672,0.00854215
1.2790254,0.00028827233,3.3497021,0.085202515,8.333459,0.9857138,45.3752,5.2193514e-05,11.730353,2.383877,3.0808144,74.39337,1.4096931,0.018705092,0.0018990577,0.16836987,1.6850631,0.011462224,0.08070405,0.009676851
1.2271794,0.00032281945,3.7283678,0.06774149,8.225445,1.1301682,40.16679,5.6514175e-05,11.272157,2.5885956,3.4204664,77.43808,1.4789219,0.019364594,0.0017982983,0.17663053,1.863301,0.0109539945,0.07464809,0.009638421
1.1929518,0.00039382183,6.9707084,0.08868189,8.903449,2.603448,40.4784,6.83291e-05,14.966719,6.8406796,2.9178004,136.94861,4.1806417,0.02173563,0.0032523272,0.1957175,3.4471745,0.013336445,0.09795382,0.012305256
1.1614937,0.00029042823,3.1437943,0.07915158,8.022544,0.9510443,35.399773,5.2013853e-05,10.664385,2.0594056,3.3006623,66.31084,1.124683,0.019771116,0.0017157502,0.14589812,1.5688318,0.010787606,0.078243665,0.009314221
1.0407966,0.0002527123,3.0421956,0.07177527,8.045958,1.2499104,36.39625,4.9339145e-05,10.689231,2.4546883,1.1463516,60.3356,1.118537,0.016163291,0.0022553965,0.106760085,1.5997329,0.008032139,0.05081466,0.007956327
1.0584911,0.00027464118,3.1280696,0.0830592,8.2332,1.1947377,35.353004,5.329216e-05,11.412662,2.3303106,0.8626595,62.277897,1.0331906,0.018807268,0.0018579585,0.114099324,1.5111592,0.009261715,0.05925372,0.009498595
1.045778,0.00024355913,3.182836,0.09141308,8.371064,1.1228193,37.03587,4.9116406e-05,10.535718,2.4335384,1.0587922,63.15256,1.2049198,0.020060968,0.0025350458,0.110466525,1.5369124,0.00844083,0.060894888,0.009111208
1.117671,0.0002238232,2.283879,0.061313815,7.4694133,1.0562676,31.604162,4.5694254e-05,10.182371,2.0651295,0.6551158,48.110603,0.9998778,0.014354596,0.0015869942,0.09814962,1.0615578,0.01048441,0.08957076,0.00906052
1.0348998,0.0002376561,2.8341267,0.0772008,6.966647,1.1691953,35.09376,4.7998634e-05,12.220585,2.155013,1.245963,54.68463,1.023371,0.017450228,0.0021127283,0.13065733,1.553934,0.01043131,0.066972785,0.009996684
1.0447639,0.0002139639,2.7422218,0.0588651,6.9459543,1.2814164,26.46596,4.678947e-05,10.502844,2.479039,0.7321664,52.770954,1.0750198,0.014796709,0.001816893,0.10305321,1.2825195,0.0094222585,0.07655799,0.008657525
1.0609297,0.00022421156,3.3511448,0.091437735,7.999087,1.2157972,32.119717,4.940526e-05,9.944908,2.7640927,0.98810637,60.98799,1.4216917,0.019246638,0.0022241774,0.11198119,1.4521127,0.008531595,0.06805926,0.009822544
1.303699,0.00023094287,2.1865404,0.07806806,9.83237,1.1578846,43.024307,4.8524234e-05,13.088973,2.1685157,1.5082989,52.355698,0.9234919,0.018041529,0.0011567839,0.13850175,1.1117992,0.012377981,0.103429936,0.01051764
1.0563332,0.0002804709,2.75123,0.084279485,8.352905,1.1185135,35.416904,5.3004376e-05,10.764387,2.3356233,1.0101011,57.69843,1.0374343,0.016653525,0.0018744317,0.114159174,1.5520931,0.008719415,0.049897227,0.008960337
1.2733704,0.00022124632,2.4593751,0.06983647,9.481813,1.1730077,36.90336,4.850065e-05,12.044796,2.4232433,1.124353,51.439484,1.1377633,0.015321613,0.0014729048,0.14444235,1.312044,0.013108365,0.10010562,0.010943712
1.0525769,0.00027140786,3.173063,0.07218554,8.002127,1.5284108,35.089577,5.3020747e-05,11.099116,2.6172228,0.9962123,61.213943,1.2649438,0.017166013,0.0021297322,0.10311935,1.2987145,0.009215184,0.078303054,0.009958962
1.4188089,0.00029180237,3.305473,0.08678594,11.307834,1.1756433,51.98598,6.0549315e-05,14.760914,2.50864,2.576026,72.302864,1.4782724,0.019021986,0.001743495,0.160658,1.8913951,0.013126801,0.078329906,0.010467017
1.6412001,0.00025445074,1.5966139,0.09326724,10.821,1.1993076,44.963734,4.8814087e-05,24.585875,1.9393244,2.5720944,28.890276,0.8212137,0.014798412,0.0012594126,0.13060673,0.89672184,0.010762667,0.11152642,0.009842299
1.3949975,0.00021928857,2.0923235,0.07488384,8.994425,1.250888,41.11215,4.7533e-05,15.9693,2.1179087,4.6252112,40.759155,0.8088121,0.017161142,0.00096399285,0.13133885,1.1121287,0.011860914,0.1082378,0.010547194
1.4956583,0.00023036405,1.9370484,0.08686061,9.9159565,1.3404448,45.27056,4.2869102e-05,16.228529,2.3040006,4.1997347,47.81209,0.83984476,0.016873693,0.00091488904,0.1349631,1.0022953,0.013348049,0.11354125,0.011240815
1.1095191,0.00024266043,2.9858277,0.076022334,8.18715,1.0967278,33.72878,4.9373884e-05,10.018744,2.1830795,0.99120116,54.559517,1.1540445,0.01722126,0.002182795,0.106055506,1.4749357,0.010414679,0.06450061,0.010861734
1.7346889,0.00028660867,2.2890499,0.086996056,10.762943,1.1273136,46.08463,5.2662755e-05,25.405474,2.343007,3.4155657,35.99209,1.0179527,0.016320877,0.0013566106,0.14415732,1.2854141,0.012576326,0.102882005,0.00985133
1.7914182,0.0002590341,1.9807652,0.07937135,11.357944,1.1401938,47.08084,4.843998e-05,27.748545,1.9876264,2.7302346,28.647762,0.7916043,0.014428315,0.0011277621,0.13951507,1.0194877,0.011206786,0.11257717,0.009978236
1.449303,0.00025607753,2.515519,0.08939478,10.305206,1.1958934,38.623615,4.991573e-05,21.976452,2.1854749,3.0876548,37.163166,1.0011741,0.015722271,0.0012709061,0.16179493,1.3785536,0.012113658,0.113848396,0.010116924
1.0397853,0.00023611083,2.5425777,0.07710103,7.4230714,1.0636227,31.339785,4.712919e-05,9.789228,2.0571442,0.43781608,47.563442,0.97449493,0.017173573,0.0020795914,0.122304976,1.4942338,0.010867794,0.06705213,0.009709013
1.3933485,0.0002521122,2.336293,0.08761534,9.988229,1.1560334,37.950916,5.1815237e-05,19.367125,2.07352,3.3273578,33.112667,0.9477107,0.015673684,0.0012233512,0.16043231,1.3434907,0.0112275435,0.111508735,0.009572301
1.3278145,0.00024149532,2.3095865,0.07923397,10.439669,1.2254536,37.532475,5.0729923e-05,18.910885,2.1804202,3.0430439,34.1567,1.013099,0.01647655,0.0013070572,0.16035296,1.2499433,0.009966127,0.10801684,0.009244927
1.0861815,0.00029547382,3.197291,0.06423756,8.491833,1.3880544,32.257805,5.776428e-05,13.4985,2.9276433,0.6479041,66.0935,1.5474335,0.017757582,0.002329846,0.13234363,1.7647071,0.014030926,0.080801874,0.009558576
1.1739696,0.00023677664,2.21687,0.06601981,7.7748103,1.1569492,33.358253,5.5684915e-05,10.174343,2.127332,0.15749072,47.344746,0.98318374,0.015516974,0.0014988001,0.10447686,1.1484634,0.011096097,0.081855536,0.010298998
1.4721226,0.00024294695,2.3184621,0.08812329,9.362531,1.1265224,40.493996,4.5095658e-05,16.285524,2.1909044,4.9472675,41.919514,1.0843606,0.016320005,0.0010609146,0.15520088,1.310693,0.013175803,0.10169162,0.010436793
1.132273,0.00027341337,3.0267072,0.06393051,8.778828,1.3881291,38.48501,4.9262173e-05,12.687015,2.9230573,1.1556898,61.809517,1.5621917,0.015590675,0.0024624518,0.1481661,1.784483,0.011676462,0.07200222,0.009659058
1.0749843,0.00029894922,3.2779691,0.048721462,8.13498,1.3865759,31.761055,5.0801922e-05,11.339085,2.721067,0.99521625,69.3497,1.3292085,0.018224498,0.0022019574,0.13911843,1.6901757,0.01250396,0.07904248,0.009235639
1.0308756,0.00026982522,2.7375388,0.047216937,7.548832,1.4442117,29.242594,5.1041083e-05,13.052044,2.8131547,0.68359524,62.83926,1.3623025,0.0149404295,0.001909453,0.117582366,1.5267286,0.011625836,0.08060586,0.007782647
1.5189214,0.00025729393,2.4236097,0.08206324,9.813662,1.1243352,41.320446,4.697174e-05,15.806799,2.192293,4.9010954,43.459927,1.1375873,0.015901921,0.00093536935,0.1698478,1.421119,0.013804406,0.10649305,0.01088443
1.1478672,0.0002568781,3.100729,0.08012885,7.9249964,1.3419157,36.300694,5.341779e-05,10.36165,2.7181664,0.35964748,53.215694,1.3368379,0.017138144,0.0019709354,0.12987708,1.5903032,0.012572605,0.0757415,0.011528662
1.4629762,0.00024238919,2.0557284,0.09233789,9.249272,1.0846393,40.453205,5.0382896e-05,16.651955,2.09803,5.099776,35.938736,1.0147787,0.017165378,0.0012490589,0.14662662,1.2949983,0.012251237,0.100810856,0.010460891
1.1518904,0.000242445,2.7287683,0.07547038,8.1848755,1.276767,34.173416,5.836005e-05,9.958758,2.5209625,0.3076326,48.022552,1.1301872,0.014825823,0.0016461615,0.12245884,1.3355299,0.012786794,0.079439655,0.011638547
0.9685588,0.00019954758,2.2449822,0.073072664,8.313598,1.0713772,29.677355,4.18903e-05,13.1707535,1.5640626,0.6033369,42.780987,0.76914644,0.016313862,0.0014060637,0.116098,0.87169397,0.0105879605,0.09687282,0.010477514
1.4800253,0.0002641701,2.7008884,0.10415208,10.674337,1.2903106,44.87249,4.3895736e-05,20.720024,2.3691,4.578515,51.32023,0.98814625,0.01806263,0.00095707417,0.16416909,1.1634808,0.014990969,0.115691945,0.0141240945
1.5014292,0.00021652356,1.781705,0.07953553,9.216201,1.1064062,41.27339,4.4248456e-05,17.569704,1.9784503,5.5309577,39.562138,0.7348543,0.017265832,0.0010883022,0.12503038,1.0275605,0.013373043,0.10718047,0.011018314
1.4714723,0.00023537956,2.2084823,0.07129131,9.513414,1.0686564,40.734436,4.7015434e-05,16.17725,1.955245,5.026778,36.72807,0.9279487,0.015789684,0.0008925175,0.15474051,1.3870898,0.0137298275,0.11086085,0.011389643
1.1392697,0.00023805963,2.315832,0.082391985,9.838064,1.0737323,40.37749,4.6074423e-05,13.997171,1.8616456,1.1713071,50.188503,0.8948472,0.01939811,0.0013823122,0.13907585,1.1194022,0.011428246,0.08576249,0.010404149
1.3765473,0.00018967838,1.562015,0.054455392,11.570794,1.0849963,47.89667,3.9174505e-05,13.753185,1.8184881,5.3303785,42.092678,0.77455515,0.013810291,0.0009944543,0.11099991,0.8794412,0.010810376,0.11188919,0.010797877
1.1001207,0.000233228,2.0779953,0.052566107,7.9826365,1.0185528,31.393549,4.4920067e-05,9.8660965,2.1869597,0.9930164,40.47306,0.9914341,0.014098322,0.001546873,0.09881034,1.0648701,0.00781094,0.08039824,0.0073434627
1.0863053,0.0002178676,2.5342557,0.07742265,9.279368,1.2686343,33.97959,4.5122935e-05,15.011569,2.2840393,1.5695963,42.578026,1.2519424,0.014319176,0.0013942509,0.12414633,1.0964361,0.011955058,0.09772246,0.010626847
1.4655406,0.00021931836,1.9429852,0.0757394,11.788277,1.169357,49.777813,4.044967e-05,15.532599,1.9842153,5.2653437,46.521282,0.8314107,0.016291806,0.00073289464,0.14450377,1.0348818,0.012057014,0.12472092,0.0114325965
1.2694031,0.00026531582,2.3569732,0.1049124,10.406789,1.1860076,40.517757,4.695193e-05,14.943122,2.199116,1.2170836,49.18605,1.1081146,0.019933965,0.0018959778,0.15130527,1.3152934,0.010218888,0.0782541,0.010797298
1.4638832,0.00025343493,2.1787138,0.0758739,11.885749,1.3051726,50.07399,4.609036e-05,15.850992,2.180144,4.465593,56.20697,0.9003611,0.017919406,0.0008930902,0.16256724,1.1801242,0.01311438,0.121317744,0.01136382
1.1966952,0.00019822168,2.5016434,0.06214387,9.573177,1.1646065,35.63914,4.7466867e-05,12.15824,2.4474769,1.2117419,47.696945,1.292878,0.014062666,0.0015866006,0.13656357,1.2772723,0.012124712,0.08905831,0.010686654
1.2783229,0.0002527491,2.56402,0.099304974,9.974622,1.2184696,38.920692,5.028049e-05,14.006568,2.2830055,1.129767,53.20638,1.0804696,0.019675246,0.0016810839,0.14551228,1.2454193,0.012414603,0.0899005,0.012013452
1.0732414,0.00020504318,2.4192955,0.047315214,7.3883696,1.1095381,31.158873,4.4127064e-05,9.5153675,2.228599,0.6925593,46.69879,1.000111,0.013437182,0.0016614276,0.11407366,1.2278124,0.007788363,0.070259556,0.008025356
1.3507551,0.00020500498,2.0234547,0.059571534,11.507171,1.0710303,49.60824,4.2405383e-05,13.329701,1.7293322,5.199011,41.09778,0.724417,0.013888231,0.00081129983,0.13636836,0.9895315,0.010348965,0.11192388,0.011191127
1.2089657,0.00020749602,2.4948413,0.066721626,7.908111,1.1867422,34.396683,4.754307e-05,12.2628145,1.7945102,1.7026477,50.687565,1.0944334,0.0132020945,0.0015464697,0.116755836,1.1600809,0.009407966,0.09491263,0.008075378
1.3134335,0.00027039798,3.129649,0.0784298,10.05692,1.2224152,44.07382,5.651218e-05,14.453806,2.2768972,2.2430577,64.58888,1.2647465,0.020185782,0.0016915989,0.16208947,1.5681983,0.010660092,0.07881253,0.009422089
1.3758126,0.00026720008,1.9722565,0.068325765,13.381759,1.2243017,52.375324,5.287509e-05,12.74054,2.2069154,5.3547325,51.41947,0.850157,0.015203968,0.0011626635,0.14471254,1.0810986,0.010689662,0.10871037,0.011659075
1.3255587,0.00028347457,3.2282648,0.09343041,9.645904,1.3954084,45.561802,6.304238e-05,13.072308,2.665929,1.5682309,73.47385,1.8317912,0.01844531,0.0023354625,0.18977022,1.853337,0.011992215,0.07433972,0.011269656
1.454796,0.0003128142,3.205207,0.09380186,10.528096,1.2292956,46.141327,5.8632642e-05,18.08155,2.6451902,2.322131,69.55446,1.575345,0.020232266,0.0020653955,0.16637136,1.9069678,0.014112157,0.07665636,0.011165794
0.9679786,0.00020090783,2.607798,0.06856432,7.044008,1.21189,23.890398,4.404339e-05,10.184758,2.0942519,1.2399188,52.859623,0.9501359,0.016254427,0.0015941848,0.09059875,1.2041163,0.01048534,0.09001576,0.009342679
0.97822416,0.00024292611,2.8635318,0.061103486,7.9157705,1.392863,26.699652,5.0597624e-05,10.423306,2.5037794,2.2896335,50.326977,1.1255306,0.018813029,0.0016559135,0.13150759,1.2445924,0.010595432,0.09084052,0.009949383
1.179063,0.00028331563,2.631481,0.085305184,9.355169,1.2962615,39.62051,6.021518e-05,21.352757,2.5349383,2.9397185,43.3047,1.1662164,0.015096627,0.001531473,0.1668491,1.4636348,0.010988209,0.1185636,0.00979066
1.4124521,0.00023456253,1.5457113,0.063826025,12.606001,1.1663522,51.35635,4.485302e-05,14.1733055,2.0280142,4.422373,49.516186,0.91474843,0.015308169,0.0012301935,0.12900954,1.0321959,0.011432018,0.106695145,0.010429767
1.2342312,0.0002607438,2.3592706,0.10288756,9.388429,1.1803869,35.2203,5.0572435e-05,16.592735,2.0240204,2.534496,44.892452,1.0236157,0.017991172,0.0013152591,0.13776812,1.1200684,0.013472327,0.11659278,0.011402323
1.053707,0.00018945012,2.571055,0.05432665,6.694418,1.1570592,37.234856,4.2985306e-05,16.605879,2.4325385,3.6787643,43.707645,1.0962093,0.012100987,0.0012618344,0.12256311,1.3627073,0.01602133,0.088194005,0.0098939715
1.2542968,0.00020613789,2.0957184,0.06638178,8.7520485,1.1094359,31.819443,5.015975e-05,12.421184,1.8728105,4.0333285,39.51099,0.8371933,0.014645183,0.0011866943,0.12993793,1.0877692,0.013184465,0.10979768,0.011198584
1.343968,0.00020875326,1.9376957,0.057792693,9.246269,1.0294203,40.100372,4.697699e-05,15.604807,2.071063,3.9116268,30.101303,1.036292,0.014213855,0.0012140694,0.13862826,1.1560144,0.011967834,0.100690305,0.010888427
1.1070346,0.0002057816,2.7990305,0.06323355,7.8584347,1.4191276,31.817686,4.7568148e-05,11.521012,2.5296564,1.7942805,52.938408,1.1869315,0.016768917,0.0015060168,0.13632216,1.0693439,0.01004526,0.10355223,0.010866446
1.2999021,0.00021366603,2.16161,0.078903556,8.215453,1.1303986,38.72059,4.599916e-05,11.915116,1.9539605,3.1966171,46.28861,0.9207374,0.017396726,0.0016182706,0.11853864,1.2651479,0.011364199,0.08528756,0.010179733
0.8692574,0.00024367982,2.1813278,0.08289898,7.3555336,1.2402418,31.731735,4.0910705e-05,11.02888,2.0344825,2.313669,51.090828,0.8407066,0.016801614,0.001321255,0.07024702,0.880704,0.007753192,0.0903846,0.00824228
0.9071046,0.00022961861,1.9431303,0.06450901,8.232761,1.0240786,30.58488,4.354075e-05,14.134053,1.8714062,3.6732948,26.30683,0.89045954,0.013964067,0.0011084597,0.112488315,1.0688041,0.01091313,0.08632352,0.009421705
1.2176172,0.00021465594,2.2187076,0.070635416,8.0256405,1.1743355,37.448013,4.6084926e-05,11.710133,2.0104964,3.399438,45.363327,0.94917595,0.017610889,0.001593783,0.1262515,1.3035678,0.0124254655,0.09652603,0.010497912
0.9219247,0.00021219207,2.2882185,0.08620756,7.1880965,1.2760559,29.04135,3.9773488e-05,10.461384,2.2549791,2.0193644,52.22493,1.0337317,0.01721772,0.0015761317,0.07569741,0.8910877,0.008591507,0.09289606,0.00958878
1.1823496,0.0002724253,3.66562,0.07251949,7.6374087,1.175369,45.922234,4.683383e-05,10.736563,2.9892788,3.0200908,70.87912,1.9270647,0.013418096,0.001947144,0.17540336,2.1523926,0.010443137,0.0565643,0.008667434
1.2091773,0.00037059086,5.1989636,0.070561185,9.173867,1.8162193,49.171165,6.386107e-05,12.690214,3.9817758,3.408708,93.88694,2.238881,0.020311777,0.0016688172,0.22923547,2.4017904,0.017073026,0.10568823,0.013043074
1.2079651,0.00028134589,4.985123,0.05831582,9.10705,1.6294637,48.46331,6.1656596e-05,11.219203,3.2235265,3.7166083,92.88695,1.7614622,0.020851258,0.0017268894,0.21188201,2.0687006,0.014894193,0.10168982,0.013070762
1.2450382,0.00016116284,2.931593,0.05858018,8.362329,0.9201001,48.6119,3.9509334e-05,8.077895,2.4809573,3.446963,55.910988,1.5689199,0.009281242,0.001830747,0.12453929,1.1480714,0.0114069935,0.06520762,0.011939096
1.2094326,0.00023439564,3.5288243,0.07837584,7.2349076,1.0667034,45.087914,4.6972895e-05,9.289492,2.4540043,3.3631623,67.347755,1.5522555,0.013742693,0.0019057058,0.15767908,1.6873078,0.010804308,0.058893874,0.009591982
1.191257,0.0002502838,4.088062,0.083971426,8.519499,1.3621618,48.052914,4.9535814e-05,10.204762,3.0664096,3.4523466,77.365234,1.567592,0.021509308,0.0015766,0.16073753,1.6108825,0.011340282,0.09320272,0.011390208
1.2074014,0.00025673176,4.1247063,0.103850625,7.599593,1.5137134,37.52412,5.5117453e-05,10.424471,3.4391816,2.3949988,91.97065,1.985609,0.025053147,0.0026629723,0.17099294,1.9979994,0.012173115,0.09608976,0.012292641
1.1896176,0.0004022275,4.593441,0.07508848,8.938582,1.4337199,47.228565,7.010154e-05,10.647162,2.9947171,2.7197537,82.62894,1.8423954,0.023156865,0.0027138176,0.20002767,2.4027011,0.006467173,0.04417593,0.007960204
1.2092689,0.00027933248,4.256402,0.047060624,9.487272,1.5217694,45.707153,6.252807e-05,10.734365,3.0389695,3.7136588,85.233154,1.6231086,0.014896775,0.0016259073,0.19573756,1.7938497,0.0117234895,0.07330653,0.010371893
1.1576238,0.0002563185,3.4409695,0.08104261,6.5416794,1.2292914,33.361885,4.712365e-05,9.903674,2.3190808,2.842695,74.47252,1.0387269,0.021504171,0.0013298509,0.14609116,1.4477078,0.009864966,0.06928721,0.0076933056
1.2033776,0.00024755346,4.045233,0.04158086,5.90324,1.2567962,29.392284,4.9997703e-05,9.931026,2.7420747,2.4005034,72.45056,1.2492691,0.020547878,0.0020168168,0.16008416,2.0230136,0.009363334,0.053616352,0.0098811835
1.327892,0.00029840544,4.4599423,0.09801219,9.777075,1.67319,53.03681,6.41875e-05,11.548662,4.2051597,2.7261412,106.226776,2.509081,0.02219763,0.0027910068,0.20137687,2.3681107,0.011735561,0.09364335,0.012524291
1.2542888,0.0004573788,8.164702,0.11888393,10.260018,2.7485826,42.22009,8.733165e-05,23.172827,7.59021,2.4215918,171.73798,4.5290875,0.0262216,0.0039044197,0.2775873,3.7928133,0.017335536,0.08932708,0.014677264
1.1792166,0.0003943018,7.014872,0.097621076,6.917276,2.0921547,29.083118,6.901185e-05,13.3438,5.333878,2.4219296,154.73703,3.1205955,0.024407417,0.0028546883,0.21813022,3.2969956,0.013547211,0.10234822,0.011498459
1.1730992,0.00039011153,7.0066957,0.09949885,7.204821,2.3313465,30.733068,7.034506e-05,14.160214,5.7791734,2.5636034,147.57071,3.504402,0.023678832,0.0029347553,0.22201896,3.4563408,0.0130450325,0.096617684,0.010891325
1.2084358,0.00033648292,4.023324,0.082030274,8.217642,1.3971002,39.16617,5.936992e-05,11.388825,3.3312082,3.269845,84.6561,1.9203511,0.022423336,0.0020372253,0.16957086,2.0136504,0.01211507,0.09021229,0.010655051
1.2076827,0.00034972373,5.131067,0.08039171,7.5956745,1.7220852,35.690533,6.356309e-05,11.638614,4.430722,3.1640368,98.96673,2.7846818,0.020418443,0.0025176068,0.19152269,2.69946,0.011834309,0.08844666,0.011432029
1.1725062,0.00032790002,4.9029083,0.04843293,8.304253,1.6171402,46.09763,6.7929024e-05,11.584047,3.251128,3.0123017,110.58495,1.6875105,0.019656371,0.0020193981,0.22060752,2.2043295,0.012888732,0.09718404,0.011388363
1.2507657,0.00024613715,2.5137722,0.06708304,7.5125246,0.77263874,35.365433,4.6507867e-05,8.748695,1.5099276,2.8910956,55.6914,0.7751754,0.017343525,0.001450724,0.13360167,1.4315566,0.009813577,0.059771415,0.009159961
1.2951943,0.0002324725,2.497691,0.07758008,8.266068,0.79538465,39.184093,4.5078472e-05,9.572242,1.4969596,3.6087482,53.438225,0.79315424,0.017437313,0.0014270147,0.13844848,1.2547514,0.009977985,0.07157428,0.010134031
1.2326462,0.0002684235,2.8465664,0.07370177,7.9741607,1.0658747,35.705452,5.425445e-05,11.573545,2.202199,2.9309216,52.76557,1.3199948,0.019019691,0.0015904134,0.17470716,1.6055902,0.012610829,0.101105064,0.01033862
1.2607645,0.00023294942,2.6202123,0.072722904,7.022821,0.7415733,35.717896,4.542557e-05,9.806827,1.5578607,3.6061375,61.36505,0.88101655,0.017314672,0.0012574804,0.13402,1.5600723,0.011019962,0.072114155,0.008377489
1.1836888,0.00043571918,6.6177096,0.11219809,7.3093967,2.119205,33.613136,7.368312e-05,16.702555,5.3668923,2.2595632,153.8224,3.3223658,0.030954003,0.003199462,0.23004904,3.411852,0.015783478,0.106284775,0.013744353
1.1861876,0.0003345212,5.1611137,0.048807293,8.8137,1.8281667,44.734364,6.7487046e-05,11.323194,4.135185,2.5673773,103.77008,2.5348856,0.017846575,0.0020339342,0.2104559,2.696782,0.011787307,0.086463705,0.009240667
1.1825228,0.00034732386,4.3396997,0.043806568,8.673287,1.5743403,44.490753,6.744551e-05,11.230739,3.3564248,2.9986794,89.8265,1.8960587,0.018097753,0.0019714907,0.23593108,2.112085,0.011270384,0.09285001,0.010680315
1.5011328,0.00028000408,3.3458576,0.0697569,8.011355,1.4614171,40.930756,5.0553022e-05,11.136018,3.3255944,4.3481154,63.608795,1.6251191,0.016721642,0.0020708307,0.17568803,2.1258543,0.012661612,0.09923558,0.010246899
1.2151332,0.00031923127,3.5751252,0.07404007,8.830122,1.2719734,39.889797,5.891436e-05,11.292831,2.9120262,3.4494164,70.06304,1.6855264,0.01874487,0.0016500893,0.21018752,1.9716172,0.011227442,0.0809293,0.008924611
1.245871,0.00031837018,3.6547086,0.069764465,9.140464,1.2391115,42.27968,5.9055907e-05,11.757802,2.7339926,3.5176885,77.35867,1.6965111,0.017927306,0.0016140279,0.20610479,1.9362202,0.011100971,0.07837913,0.008997023
1.2456621,0.00047712127,8.419799,0.101835035,9.853665,3.3440793,45.04027,8.470615e-05,18.22461,8.140503,3.226502,175.09282,4.618266,0.026663074,0.0032060163,0.30248645,3.686358,0.01699463,0.12926273,0.01655534
1.2286264,0.0004283569,7.3478127,0.113047,8.566829,2.7029636,43.155094,9.1431466e-05,17.12448,6.5599976,2.8696156,156.62405,4.096962,0.028448772,0.0037655656,0.31415755,3.8789644,0.01715217,0.1297859,0.016199786
1.3083211,0.0002849132,3.4704492,0.076712534,8.55024,1.1800747,42.58542,5.4639553e-05,11.755387,2.7531543,3.9913874,81.37154,1.7139953,0.017464088,0.0018133582,0.18943669,1.7999699,0.010532422,0.07314702,0.00930346
1.2729105,0.00029078117,3.660393,0.07111643,9.961517,1.2961309,46.560818,5.800046e-05,11.734142,2.795141,3.8440585,86.68064,1.6577629,0.016983716,0.0014824668,0.22706558,1.8353244,0.011750743,0.082378246,0.01039608
1.2131684,0.0003257612,4.0418186,0.09808165,8.557368,1.4599179,38.1818,6.1500956e-05,11.494323,3.375326,3.1628625,69.189865,1.9124715,0.021225164,0.0018961021,0.19474229,2.0168781,0.012389696,0.08521771,0.010660441
1.2125114,0.00031510676,3.5320706,0.080199696,8.380801,1.1593828,40.38016,5.81197e-05,11.713671,2.287998,3.1481693,83.987366,1.3166975,0.020155936,0.0015930502,0.2211318,1.8172616,0.011904479,0.07570179,0.009763794
1.2245579,0.00029978668,3.0700073,0.0867864,8.271693,1.0491688,38.1714,5.439906e-05,11.104358,2.1121025,3.2727392,69.331535,1.329287,0.019153357,0.0015101383,0.20550175,1.6435604,0.010875435,0.077267654,0.008640021
1.1729484,0.00034013283,3.972452,0.09017885,8.423348,1.4604869,36.752052,6.177986e-05,12.843499,3.2407272,3.3571634,84.522156,1.8719492,0.020647597,0.001929374,0.20023184,2.207207,0.01103725,0.07957044,0.0092867315
1.3074532,0.00030865468,3.7907994,0.08054214,9.412501,1.2347414,43.615467,5.9956474e-05,12.925112,2.6588604,3.4765134,84.26009,1.5461268,0.018209083,0.0015722374,0.23078324,2.0014846,0.011832931,0.0750531,0.010176186
1.2038212,0.00045775113,9.198941,0.09537962,9.392011,3.3524725,40.315342,8.081328e-05,20.286253,9.29231,3.288576,177.48936,6.0676303,0.021124324,0.0031639484,0.30854496,4.034347,0.018826958,0.11471047,0.015600243
1.1810447,0.0002929064,3.1719415,0.073481776,7.792944,0.9718717,33.921608,5.051973e-05,10.8182955,2.1750495,3.4982955,66.61544,1.1763868,0.01871158,0.0017357154,0.15474676,1.5782439,0.010194336,0.067364484,0.007773203
1.2436666,0.00041490266,7.096273,0.1015416,8.498085,2.3904507,41.468918,8.2314225e-05,16.47524,5.867151,2.8320968,137.73923,4.11154,0.028821802,0.0032449607,0.2710446,3.667195,0.016610442,0.10896765,0.01599289
1.2178786,0.0003965772,6.8088613,0.092483394,8.670929,2.154753,37.918434,7.1287344e-05,14.918877,5.3815207,2.9581327,135.2486,3.1170163,0.025413176,0.002744823,0.21683092,3.0933802,0.014603519,0.10166343,0.0121373115
1.2045184,0.000365278,5.108287,0.10658971,7.5594234,1.3107729,36.90493,6.376981e-05,13.067731,2.9770296,2.6036701,150.624,1.6578827,0.02668448,0.0025459742,0.18882045,2.355519,0.014354659,0.093842186,0.01053775
1.2447197,0.00043243336,7.0100775,0.107574515,8.157988,2.418008,37.717316,8.025613e-05,15.766614,6.510025,2.8217998,132.18791,4.1471653,0.026093876,0.0033394035,0.2785008,3.4494686,0.014974157,0.10880065,0.014845705
1.2008669,0.00032048952,3.5149195,0.080853604,7.573324,1.1565318,36.11083,5.957528e-05,11.2118845,2.5620317,3.0431201,74.68734,1.5302881,0.024163125,0.0017908693,0.17305033,1.8202642,0.011212783,0.08431275,0.009579675
1.1829354,0.00032840288,3.8103316,0.0784267,7.9958115,1.3434505,36.337086,5.919051e-05,12.666207,3.2570298,2.6696055,77.70852,1.9645127,0.020775704,0.0019460537,0.17953986,2.031251,0.01247542,0.08285817,0.01022757
1.1818556,0.0003270446,3.7663784,0.07756923,7.980139,1.2563761,37.407696,5.5985667e-05,11.956208,2.7339385,3.230416,81.792496,1.4666868,0.02090205,0.0018278765,0.20057622,1.9156585,0.01165883,0.078213565,0.009236279
1.3047657,0.00028363275,3.5144622,0.07041717,8.591798,1.3388135,43.917477,5.4280947e-05,13.049312,2.853238,4.159559,75.92673,1.7102599,0.01851384,0.0016069676,0.18307494,1.6333462,0.011294696,0.09351894,0.009895003
1.2394857,0.00027483315,3.0450823,0.09626521,7.457711,1.0328217,36.43848,5.408879e-05,12.387681,2.2242718,3.887078,67.07448,1.1930565,0.023940852,0.0015922491,0.16623901,1.6061527,0.012752932,0.1074366,0.010291081
1.1794398,0.00023432238,2.5750747,0.06634005,7.9491396,0.95661986,36.790276,4.7816724e-05,12.01428,1.9701872,3.3870268,55.05249,1.0352916,0.016593952,0.0012768058,0.13848737,1.3747084,0.009918593,0.09029165,0.008333101
1.232811,0.00023393283,2.4256823,0.07502231,8.257602,0.85762906,41.423367,4.5683693e-05,10.337278,1.6875361,4.0319858,54.283436,0.8968607,0.01713813,0.0012711046,0.12946874,1.2709421,0.010889208,0.08138445,0.0090983715
1.250401,0.0002696308,3.5447707,0.068135835,8.095982,1.0680592,42.15993,5.6086195e-05,12.433695,2.240371,3.4563413,74.40245,1.2820189,0.018788481,0.0019661614,0.16741784,1.8314265,0.010907102,0.0857321,0.008864824
1.201223,0.00022437969,2.871123,0.062372375,8.300254,0.9859911,41.128735,4.91385e-05,11.130975,1.920664,4.0449853,61.43799,0.87700015,0.016627206,0.0011863547,0.13542593,1.2845143,0.01022702,0.08887764,0.008814326
1.2840381,0.00024953263,3.441083,0.071862906,7.476057,1.0804375,33.216404,4.9284747e-05,10.319547,2.1063368,2.8521557,71.60229,1.0965583,0.01803418,0.0016406137,0.13963547,1.7263724,0.010017135,0.052037004,0.008778617
1.2111975,0.00046844414,10.340196,0.110784836,8.869521,3.7473168,39.65415,8.69243e-05,20.548536,9.816854,3.049754,207.09541,5.546708,0.029182201,0.0036390855,0.2984881,4.7676067,0.019150693,0.13577239,0.018337168
1.1870863,0.00039224845,7.198945,0.09599902,7.7334547,2.3228402,35.151394,7.64582e-05,14.541073,5.512744,2.7634575,153.64153,3.4749253,0.025927374,0.0030614494,0.23893516,3.4576218,0.014353231,0.11096904,0.013982669
1.1889857,0.00023010053,2.647959,0.07533978,7.0330935,0.6534022,30.248854,4.270883e-05,10.831325,1.3171049,2.3926249,59.12476,0.64142275,0.02175372,0.0015487212,0.10570878,1.5908972,0.008103009,0.060996946,0.0071312548
1.2361515,0.00044293853,8.008634,0.104214534,8.0624695,2.0535836,35.560246,7.6781944e-05,19.148392,5.4052877,2.7762887,194.06343,3.3374476,0.028079532,0.003583848,0.27125806,4.45907,0.017979098,0.10021994,0.0147350095
1.1043636,0.00030262658,4.7947106,0.07978579,6.896614,1.22208,31.893606,5.9580092e-05,12.049813,2.8008597,2.6240866,96.16065,1.481377,0.020788928,0.0019238079,0.18406308,2.2531729,0.011487554,0.0730918,0.0093770595
1.196227,0.00042657173,8.655674,0.11836839,7.9437056,3.0021734,36.19356,7.868151e-05,17.032402,7.1820903,2.3880336,172.2556,4.2297053,0.02643914,0.0037238284,0.21899763,4.4300094,0.01609858,0.11872606,0.014547396
1.253705,0.00046824713,8.134509,0.1103338,8.569078,3.2280238,40.238503,7.653862e-05,15.425984,8.078403,3.491344,168.4076,4.5962443,0.026399635,0.003983724,0.24788733,4.5815754,0.01506491,0.098440915,0.013040238
1.239733,0.00048155087,9.643595,0.10848442,9.04977,3.6832826,39.93278,9.120133e-05,20.232431,9.59875,2.866106,188.13414,5.607162,0.02639039,0.004172056,0.25649056,5.1113496,0.016442945,0.10095856,0.013587882
1.2269957,0.00055640546,9.878946,0.12028571,9.075296,3.1253679,44.367107,9.25688e-05,22.578321,8.117498,2.3816066,185.04625,4.5688844,0.028910117,0.0035712186,0.26305684,4.452662,0.021295128,0.1160802,0.019101497
1.186446,0.00035322088,4.608852,0.073775075,8.394689,1.5486568,39.33097,6.185355e-05,11.95961,3.4637697,3.374829,95.569046,2.0042732,0.02096482,0.0022325378,0.1780134,2.1225452,0.011777722,0.08686435,0.010473219
1.228518,0.00030850657,3.491557,0.0890584,8.339325,1.1115971,41.810524,5.751452e-05,12.942652,2.3928893,3.6501756,71.01332,1.3782779,0.021388358,0.0018085025,0.16371194,1.6499145,0.011406475,0.083649725,0.010181195
1.2030883,0.0002793905,3.0863602,0.07919249,8.957412,0.9530864,40.824493,5.26888e-05,11.678215,2.1629655,3.7517314,65.77784,1.2269416,0.018165432,0.0015523601,0.15721306,1.5394781,0.011043001,0.0738528,0.009399732
1.2203287,0.000274845,3.3290138,0.073055476,9.170819,1.0666127,39.32101,5.217649e-05,12.478266,2.4127512,3.0876663,67.1855,1.4694633,0.018546522,0.001587383,0.17137854,1.5909032,0.010860706,0.08719857,0.009833153
1.1832258,0.0002960996,3.4344044,0.076195404,8.832967,1.1002358,38.547295,5.2842766e-05,12.625176,2.4436233,3.177494,68.65412,1.4440464,0.01993574,0.0016035375,0.17035505,1.5788997,0.01060179,0.084692,0.0099825505
1.2591218,0.0002989324,3.4804115,0.08652889,8.32876,0.98363006,37.979126,5.9851543e-05,10.8168745,2.2339418,2.7808425,79.494545,1.3320192,0.019514604,0.0019769499,0.18122046,1.9399959,0.012345661,0.08287301,0.010244578
1.2896079,0.00026637144,3.5712364,0.07151481,9.384697,1.0417426,44.79932,5.2880314e-05,10.529765,2.381996,3.3957524,69.89831,1.2208874,0.018135833,0.0020778214,0.15695547,1.7241936,0.011013102,0.07643742,0.011833639
1.3417001,0.00031053822,3.6917677,0.08330438,9.239127,1.1528087,42.67991,5.9495364e-05,11.021348,2.6597173,3.312877,69.58834,1.4587641,0.021294214,0.0018617833,0.16799924,1.7292483,0.012912721,0.09383004,0.012638696
1.3155901,0.00027899165,3.109398,0.07363834,8.483426,1.0050497,43.04917,5.1317053e-05,11.662071,2.247667,3.25975,63.571392,1.2933269,0.01803692,0.0017614823,0.15518093,1.6901442,0.01101513,0.07402104,0.009406497
1.2856529,0.00029713463,3.9472558,0.06272311,8.642899,1.2365063,46.585392,5.72719e-05,11.537785,2.995443,3.5621216,83.018814,1.9305218,0.017391691,0.0018557712,0.20260145,2.1041014,0.013345024,0.07673008,0.010068566
1.1993189,0.00031936596,3.8331416,0.08525859,8.272238,1.2851856,39.574554,5.9069996e-05,12.513209,2.8545842,3.6411443,76.308525,1.6209971,0.021783987,0.0018644417,0.16839416,1.7524288,0.012063504,0.08664889,0.010712492
0.99513066,0.00024111927,2.4736698,0.09881356,7.9697437,1.1856263,31.30428,4.946832e-05,15.500006,2.3115575,2.5938382,42.421032,1.2101076,0.015324518,0.0021198988,0.14031956,1.3671104,0.011535893,0.081959665,0.010310284
1.3038034,0.0002488405,2.6602123,0.100996904,7.4299893,1.2576512,34.172344,4.8482456e-05,16.342772,2.6400137,2.4226758,49.64733,1.3477439,0.015175938,0.0016564995,0.14074467,1.6136811,0.012761276,0.08624395,0.008104797
1.415487,0.0002585217,2.9192812,0.09312887,7.8408794,1.24357,29.115416,5.41099e-05,10.816707,2.6506815,2.9595141,56.693497,1.3942626,0.018939052,0.0020747776,0.13748068,2.0496683,0.01098891,0.06444568,0.008887819
1.2794622,0.00028569347,3.2446039,0.14999579,8.98224,1.334781,33.28956,5.4413013e-05,21.597887,2.6790438,2.3180144,59.336914,1.3939477,0.018757872,0.0021181493,0.14130248,1.828889,0.011478414,0.07972586,0.010494963
1.4925175,0.0003271896,3.2432778,0.11205008,7.4462566,1.3365867,24.092941,5.2066734e-05,13.301307,2.8350184,3.269735,58.89856,1.443401,0.021477232,0.0019449859,0.14253592,2.163566,0.01230153,0.072832905,0.00930517
1.3879688,0.0002622101,3.7115743,0.10004586,8.737783,1.5145006,39.81817,5.0339124e-05,17.403173,3.117938,2.1385534,73.38036,1.4798453,0.018696554,0.0019066624,0.14040385,2.0551398,0.011963519,0.06746837,0.0104363235
1.4502074,0.0003024036,2.9080813,0.12555178,8.429215,1.3629545,39.991875,5.3367985e-05,18.554752,2.3895483,2.3363843,53.97336,0.92922044,0.022212502,0.0014393422,0.14711957,1.4177096,0.014098421,0.10789218,0.012119729
1.4334701,0.00028621606,3.51788,0.12519827,7.8076396,1.4296361,31.272394,5.27738e-05,17.5191,2.7945902,2.4956124,57.95648,1.1219743,0.019615395,0.0016764547,0.13655302,1.890312,0.013065722,0.09579119,0.01122469
1.0487341,0.00023533807,2.1079292,0.064426444,8.117176,1.1843688,40.11523,4.522586e-05,12.239728,2.0359833,4.124333,44.163685,0.86657476,0.015169453,0.0010610088,0.11581983,1.0827293,0.01192578,0.088423096,0.008757485
1.1416106,0.00030021326,3.0470562,0.105158605,8.251406,1.672324,42.885323,5.291719e-05,17.41139,3.3035555,2.3439386,65.8358,1.6455231,0.020961925,0.0020331943,0.1422074,1.7268198,0.011596119,0.09147322,0.009929974
1.4229136,0.0002881983,2.6346934,0.11034183,9.098766,1.7086425,42.79528,5.412294e-05,22.550993,2.8363833,2.3771188,56.685905,1.0419691,0.021153102,0.0014685558,0.1320508,1.4791224,0.013036049,0.10969798,0.011545986
1.3541236,0.00029666626,4.3288975,0.11968167,8.516009,1.6867268,38.47664,5.6576086e-05,16.074093,4.1685863,2.258515,90.703804,1.7731224,0.024509262,0.0025534562,0.20175748,2.309017,0.015537334,0.07076622,0.014485073
1.2946097,0.00026456613,2.7888377,0.09675953,8.619154,1.097483,31.767244,5.187268e-05,11.531387,2.2406392,2.5569432,50.01529,1.216582,0.020135518,0.0013306104,0.14692345,1.5416481,0.010385018,0.086697556,0.009401277
1.5321944,0.00026371726,3.111769,0.13093948,8.543162,1.2448946,34.585655,4.9380622e-05,15.55824,2.325297,2.3213937,55.29787,0.93356997,0.019974347,0.0016978736,0.14869468,1.779992,0.013949086,0.096818194,0.012634606
1.3940622,0.00026750626,2.9788363,0.09260995,8.31832,1.2671766,40.257103,5.496501e-05,15.479172,2.4856188,2.15317,57.06057,1.0873774,0.018770002,0.0017155227,0.15623468,1.8195317,0.012518854,0.087928034,0.0122532
1.0650061,0.0003479296,4.5280523,0.085142836,6.0184855,1.5197554,28.544905,5.618053e-05,11.965444,3.1813097,1.878345,82.37426,1.4497497,0.022490375,0.0016107062,0.15865207,1.8956497,0.013307441,0.08607043,0.010056985
0.96690595,0.00024771088,3.2510316,0.08059004,6.792987,1.3254087,28.030392,5.1269755e-05,11.115052,2.33359,2.3780835,68.652245,1.1180546,0.020475889,0.0017875157,0.1093607,1.3815293,0.009888746,0.083834514,0.00861848
1.1179832,0.00027171153,3.3579483,0.08642734,7.441663,1.5718741,33.818893,4.810209e-05,14.129874,3.4934525,2.3352056,66.73654,1.5783603,0.019538537,0.0019439616,0.13064644,1.6591079,0.009869819,0.09007953,0.009680502
1.0223702,0.0002669276,2.9403107,0.08807445,7.1774597,1.3266513,31.196262,5.0643815e-05,13.435442,2.410246,2.3284116,60.51427,1.0364418,0.022406377,0.001501556,0.13017812,1.5055323,0.009084175,0.0739107,0.009143052
1.3918729,0.0003524526,3.472439,0.06614024,12.387289,2.5141602,55.324295,4.417569e-05,19.510754,4.47104,3.7718115,121.19893,2.2462637,0.017280126,0.0014633511,0.19909465,1.6368612,0.020671824,0.1416378,0.017615097
1.3008431,0.00020321354,2.5593963,0.059276305,9.105289,1.3691633,48.07711,4.4359982e-05,14.531089,2.4354784,3.433656,55.241226,1.1586951,0.01724739,0.001292324,0.16528818,1.2673643,0.013693989,0.11379233,0.013072596
1.3420434,0.00032123705,3.007524,0.08550661,9.217164,1.7618959,45.4193,4.6327543e-05,17.419365,3.4654145,3.3692174,76.61336,1.6004517,0.019188149,0.0012903111,0.1418552,1.3515624,0.01520735,0.124819145,0.013292686
1.1895393,0.00022425945,2.542149,0.059308354,8.677486,1.314648,44.83831,4.8057194e-05,15.114802,2.2462099,3.686342,50.08718,1.0078413,0.016669862,0.0012163911,0.15478182,1.2258853,0.012990595,0.09578248,0.012564021
1.3088802,0.00025323994,3.4440186,0.06292189,10.103467,1.6602554,45.46585,5.2056883e-05,16.541714,3.4926543,2.693782,79.7586,1.732627,0.016980046,0.0021594826,0.14988653,1.780781,0.014648289,0.07974156,0.012827217
1.468088,0.00031222208,3.7630086,0.116550826,9.618047,1.6394196,46.04014,4.6854395e-05,17.021128,2.833784,3.6358554,94.574066,1.2927752,0.022665858,0.0012373624,0.15945232,1.5458628,0.016439706,0.12959194,0.012310924
1.3714075,0.00028045283,3.1832292,0.059462406,7.4382825,1.6061916,40.422455,4.404462e-05,17.192053,3.1060605,3.4011455,65.41218,1.2775342,0.013619056,0.0010865594,0.15454979,1.4239571,0.014311676,0.08763337,0.01153678
1.4261863,0.00030681185,3.224064,0.084306285,9.278692,1.7465627,47.02821,4.6042318e-05,18.287512,3.1804364,3.5802245,88.93536,1.4649943,0.019666918,0.0010367248,0.145115,1.2751712,0.015573375,0.13573322,0.012947336
1.303076,0.00026429817,2.56459,0.07020373,9.599177,1.4924171,45.59035,4.0261264e-05,17.976006,2.7999914,3.7814245,56.833855,1.1765974,0.014537202,0.0012513422,0.13641723,1.1327913,0.014528101,0.12252427,0.010627124
1.3725402,0.0002740631,2.9509988,0.09257269,8.531434,1.6229187,45.047417,4.171361e-05,16.802841,2.8822775,3.163439,69.72315,1.2300309,0.019841155,0.0013677581,0.12681548,1.3348228,0.015759764,0.12407564,0.0129913455
1.2191097,0.00021039574,2.4123845,0.07623454,8.980556,1.21009,41.285583,4.5054607e-05,12.933295,2.3509388,3.3427608,41.1909,1.3910336,0.016147925,0.0018006061,0.110666975,1.1286402,0.010845153,0.07872242,0.01066261
1.3032423,0.0002514688,3.2909267,0.07062186,8.889164,1.2191223,44.921883,4.92257e-05,12.536969,2.7062066,2.5449145,68.33173,1.4117937,0.017377118,0.0020463082,0.14333728,1.6114306,0.0086261,0.07738339,0.008820285
1.3069944,0.00029936185,3.0797262,0.06309699,10.553795,1.6138529,47.359386,4.7984147e-05,14.994688,3.5156775,4.0128756,59.5965,1.8220569,0.01836739,0.0018826032,0.15470324,1.410779,0.013717458,0.09789676,0.014775054
1.4447032,0.00021611417,2.2260673,0.06082456,10.152915,1.2177197,42.75125,4.6045945e-05,14.266156,2.0795531,3.4478548,35.46822,0.75358003,0.016066253,0.0012416359,0.16107096,1.0007567,0.017770233,0.11451622,0.01435044
1.3382654,0.0002516424,3.171702,0.07333731,8.764345,1.478197,55.908257,5.4717362e-05,13.855188,2.841108,4.4927506,67.995125,1.339014,0.017908953,0.0016770775,0.16817023,1.7614197,0.013237781,0.09439782,0.011007843
1.3493361,0.00030648021,3.7655623,0.067806974,8.842959,1.7413286,56.066933,6.401028e-05,12.841257,3.3745391,4.9082627,75.79017,1.5906081,0.01917039,0.0017194201,0.19453447,1.9365712,0.013798916,0.09742961,0.011773044
1.3539652,0.00027303575,2.9504566,0.08333242,9.445425,1.4425217,57.087162,5.5735512e-05,14.134346,2.6272829,5.350946,63.449917,1.2125847,0.018824417,0.001620719,0.16027996,1.5747173,0.013102939,0.10833246,0.0119842375
1.2429078,0.00034571608,3.624935,0.073210366,7.766403,1.845273,47.55143,5.8703343e-05,12.976721,3.512481,3.7553935,69.84054,1.8638113,0.020029329,0.0018597813,0.18049335,2.059088,0.011456932,0.093095645,0.009990608
1.1441585,0.00029166808,3.6586761,0.06832865,9.115463,1.7945577,42.839764,6.056397e-05,18.503448,3.7182298,3.188425,64.51858,2.3464506,0.016950427,0.0020985268,0.19416653,2.089493,0.01352121,0.08961906,0.013199463
1.3020507,0.0003218018,3.2501194,0.1109855,9.789239,1.2634851,59.76288,5.9284073e-05,13.70664,2.2715516,3.2857246,66.45117,1.030081,0.024178257,0.0019634925,0.15973322,1.3905853,0.014118938,0.11843038,0.0142058665
1.2979556,0.00031676682,3.4491646,0.10339065,9.124566,1.6585609,58.877827,6.684931e-05,14.513412,3.0175152,4.3527446,69.10636,1.5466572,0.022533627,0.0018806268,0.18762602,1.6621908,0.013568904,0.12331046,0.012985717
1.2753454,0.00024952815,2.7895155,0.12092891,9.892766,1.2432514,60.42933,5.5013938e-05,16.159002,2.216469,3.6851923,54.200336,0.87544817,0.01798451,0.0013526041,0.15420555,1.2607616,0.012247706,0.13079269,0.013102835
1.3315291,0.00031398336,3.7449305,0.07980653,10.838424,1.9233063,46.137733,6.105531e-05,15.952788,4.0104504,5.9969845,68.36039,1.9969567,0.017990008,0.0021371446,0.2153696,1.65922,0.018614229,0.1210581,0.017406536
1.3129083,0.00026030093,2.7469993,0.087367065,10.097179,1.5849451,49.72075,5.060041e-05,16.539547,2.8235822,5.356949,61.664368,1.255347,0.019621855,0.0018690034,0.14187445,1.3958353,0.013390029,0.10367105,0.013242094
1.2912097,0.00025168704,2.7416584,0.087368354,10.575211,1.3225261,52.15083,4.812531e-05,13.288902,2.6262856,6.517946,54.30123,1.0162362,0.017547898,0.0016063577,0.14616442,1.1318135,0.013850764,0.11199335,0.013595507
1.3374274,0.00026129064,2.7443056,0.0632823,9.943548,1.3401818,50.51207,4.9934435e-05,11.846837,2.6740046,6.4369483,55.981422,1.1276373,0.015580442,0.0015318693,0.157762,1.2865195,0.013110837,0.10237788,0.012970052
1.2680742,0.00030429795,3.760731,0.082554236,9.612453,1.6300987,62.324078,6.160799e-05,14.647342,3.2369812,4.026682,71.26548,1.551639,0.019493263,0.0019960734,0.2002815,1.9916295,0.0127879605,0.100845985,0.011863122
1.2914577,0.00025227858,3.0428145,0.075956345,10.0272045,1.5078945,45.420853,5.0429775e-05,13.620193,3.0109243,6.1897373,58.39865,1.2956725,0.017474415,0.0016610814,0.17342274,1.2906805,0.015360575,0.11207086,0.014917889
1.2847949,0.0002721457,3.2808485,0.10283539,8.887335,1.4082205,54.37851,5.4262262e-05,12.755604,2.6607273,2.6985781,65.34807,1.2053014,0.020799443,0.0014908386,0.16590782,1.2974807,0.011574324,0.09631317,0.012535285
1.3087246,0.0003392903,4.150759,0.07495167,9.80163,1.593147,54.749046,6.92435e-05,15.896914,3.346997,3.7427957,76.11275,1.6181612,0.018149074,0.0018351681,0.20939769,2.1277566,0.01638159,0.11050909,0.014274091
1.4679521,0.00027573152,3.1844354,0.09861394,9.482794,1.5247177,54.84146,5.865266e-05,14.323171,2.822551,3.701328,66.37146,1.420432,0.020670751,0.0019880508,0.16490878,1.9113766,0.013681508,0.09927136,0.0121297985
1.3786566,0.00034652048,3.642261,0.10528696,8.74273,1.4911724,48.76127,6.123285e-05,12.141736,2.7577317,2.979512,69.27402,1.2508979,0.023422936,0.0018300096,0.16747454,1.7903521,0.01179269,0.09313587,0.010745217
1.3957131,0.00030916516,3.488917,0.11009615,9.011816,1.2157332,50.35104,6.071543e-05,10.906084,2.302666,2.9137247,61.012005,1.1070065,0.02082528,0.0016584247,0.18638624,1.7485904,0.0126209,0.09078087,0.011258276
1.6243674,0.0002672202,2.8324988,0.08214545,10.634036,1.5569689,51.126553,6.0240105e-05,14.44256,2.9152954,2.8092277,61.438385,1.4747099,0.017227376,0.001678015,0.17403403,1.5926104,0.014471449,0.103839345,0.012529833
1.3735336,0.000326357,4.0342536,0.110942565,9.6411,1.4982291,57.599865,6.2922074e-05,13.013703,3.428464,3.2226436,64.772705,1.5763899,0.01795156,0.002157336,0.20657338,2.2955992,0.013912517,0.096270524,0.011661519
1.3247916,0.00034139006,3.21049,0.11062447,10.216133,1.6174233,55.412594,6.454641e-05,14.434992,2.6530712,3.606121,65.09698,1.3141761,0.022632683,0.0017980908,0.18724722,1.5534058,0.014321058,0.13339727,0.014136947
1.34831,0.00024891147,2.8227277,0.06927604,9.333586,1.3364725,54.90759,5.1847856e-05,12.079838,2.3462322,4.9169455,56.802597,1.0534816,0.014469188,0.0012349712,0.15783364,1.3665825,0.010686778,0.10509615,0.011312824
1.2299494,0.00029177967,3.8859673,0.09263417,8.257761,1.4329816,59.459026,5.9031783e-05,14.176422,3.2252815,4.0960026,71.1808,1.5220993,0.01997594,0.0020469,0.16723263,2.1507263,0.012095,0.08122841,0.010978244
1.322178,0.000255406,3.5585191,0.06641385,8.790219,1.4461452,57.86997,5.5309883e-05,11.692919,3.039753,3.8962898,69.27079,1.3917211,0.017500298,0.0014637093,0.18604979,2.0317562,0.014885487,0.08972045,0.010338612
1.30094,0.00021160177,3.0793204,0.0446462,6.804141,1.2713094,33.572765,4.7031146e-05,15.938383,2.5282853,2.5840518,53.054768,1.0595763,0.012863459,0.0010659171,0.1618958,1.4617862,0.013661901,0.090052545,0.011212874
1.0586038,0.00022789447,3.0968828,0.059417967,7.37446,1.3978057,25.488083,4.8243593e-05,11.203783,2.394586,4.577689,65.03464,0.97673416,0.012605435,0.00097470544,0.12323954,1.2009542,0.009562397,0.099156134,0.0095559675
1.1351238,0.0002325724,3.3518667,0.045358527,7.8054814,1.4545557,32.43834,5.5549714e-05,10.324255,3.0992672,2.0085742,63.85754,1.5921458,0.01460449,0.0022109223,0.13614103,1.7643683,0.0076891216,0.050324675,0.008734345
1.1868715,0.00019859734,2.580997,0.07039058,8.491958,1.4344828,34.437016,5.1096515e-05,11.576466,2.7839046,2.1619303,54.626907,1.519963,0.015225222,0.002194771,0.1360773,1.5386775,0.011989793,0.058802553,0.011270952
1.1121997,0.00023455422,3.1353438,0.043973297,8.015217,1.3983382,30.867682,5.419402e-05,10.243835,2.855928,2.1959834,63.253605,1.460572,0.0121608805,0.00199939,0.13334867,1.6770992,0.00954425,0.06555506,0.008882154
1.1901044,0.00021256099,2.6520226,0.07201958,8.22433,1.170986,36.12362,4.7869402e-05,10.073832,2.474755,1.6921314,51.439957,1.1370962,0.018335517,0.001987372,0.120446414,1.480954,0.010049789,0.0498288,0.009739116
1.53291,0.00025066533,2.1121113,0.06936812,11.137288,1.4842489,51.276043,3.951264e-05,15.787166,2.347756,3.6673462,56.04194,0.94638366,0.014128477,0.0010493202,0.12731917,1.0511581,0.013824102,0.13098828,0.010623846
1.1928498,0.0002519671,2.939105,0.056106165,8.241963,1.4367713,36.92418,4.5483455e-05,16.280354,3.3259795,2.3926783,65.33716,1.2399787,0.01266211,0.0023436798,0.123647906,1.7131441,0.009617188,0.051266335,0.008116782
1.3059258,0.00023076362,2.567331,0.07204583,6.6819754,1.3821067,35.605755,4.5167253e-05,14.372028,2.6776156,1.9993644,48.783268,1.1027168,0.014260961,0.0015842435,0.11486875,1.4114249,0.011693747,0.06993668,0.009246347
1.3035562,0.00022579919,2.6576395,0.08938818,7.4413443,1.4117332,39.823406,4.234567e-05,14.379509,3.0117655,2.2397304,50.89122,1.2792922,0.018341772,0.002086831,0.10495885,1.5135343,0.011008617,0.068779744,0.010195093
1.2092786,0.0002357228,2.8656058,0.07733514,8.816286,1.2921774,43.182503,4.4935303e-05,14.408135,2.0738974,2.0650961,54.44829,0.9173384,0.019569462,0.0016744403,0.13800138,1.2121538,0.009407654,0.08954163,0.009250715
1.2603277,0.00024673747,2.8580806,0.09853133,10.024618,1.5677117,50.02342,4.2750697e-05,15.162821,3.2147496,2.465855,60.547268,1.531345,0.020649115,0.0016757342,0.10830758,1.3380654,0.009653658,0.07585833,0.010149136
1.5759579,0.00025452455,2.0956228,0.08780893,10.713841,1.0960741,47.411304,3.95253e-05,16.315271,1.7046721,4.5070324,48.680546,0.7876037,0.015072161,0.0005521749,0.1639541,1.0135847,0.016672786,0.14083625,0.013571107
1.4076419,0.00019843603,3.242196,0.092679396,8.672822,1.5451277,39.845642,4.4559074e-05,16.47974,2.9592144,4.027014,61.968243,1.2942857,0.022142438,0.00168262,0.12615442,1.4645677,0.012980761,0.08067947,0.012478502
1.526158,0.00030519487,2.2709587,0.084207624,10.97302,1.2751629,47.217464,4.559698e-05,17.550467,2.0060844,4.7512727,53.964294,1.0048277,0.015711637,0.0009456081,0.17297,1.2262539,0.017332146,0.13326077,0.01371069
1.4974573,0.00026747532,2.1749022,0.08521173,10.135704,1.214856,45.901928,4.112302e-05,17.71634,2.0080009,4.5629983,48.759243,0.9599183,0.01490477,0.0008528456,0.15410209,1.1491972,0.017450819,0.13745123,0.014529716
1.5580963,0.00027204084,1.8325982,0.06593144,13.09858,1.4309943,55.756092,3.9598188e-05,16.110321,2.1356459,4.2603936,54.466244,0.9515199,0.014685914,0.00069489586,0.16067234,0.92915314,0.015352833,0.14684156,0.012643796
1.4081283,0.00022411469,2.6763268,0.07962299,8.327561,1.3829954,40.029392,4.3357817e-05,19.776514,2.4247358,3.3235312,55.881115,0.986168,0.018463265,0.0011613702,0.15566014,1.2328047,0.01378329,0.11748897,0.01203739
1.5041453,0.00022264868,2.6657085,0.06656482,7.212496,1.3131669,39.1148,4.1818377e-05,15.299764,2.499065,3.6993575,52.027275,1.0098869,0.01290347,0.0011963104,0.16819048,1.2808357,0.014462533,0.10417378,0.010558618
1.0201817,0.00026922094,4.0246496,0.08255198,7.5253296,2.0001411,29.437082,5.3741318e-05,13.416472,3.4403875,2.856218,76.82523,1.4464271,0.018450843,0.0011150503,0.12781261,1.242534,0.009663986,0.117593005,0.011057706
1.5149724,0.0003129583,2.5111704,0.08355642,9.9061775,1.2964599,48.673088,4.5799985e-05,15.240781,2.3278747,4.3692513,53.398468,1.144804,0.017034901,0.0009486926,0.15308306,1.2908785,0.014975201,0.1299006,0.013110463
1.3802613,0.0002873397,1.9825454,0.11407903,11.43102,1.2410331,55.67042,4.2038668e-05,13.551502,2.160027,4.8626204,53.8585,0.818193,0.019029427,0.0010019531,0.16084695,1.0189233,0.014104399,0.13864493,0.013746107
1.2606252,0.0002447996,2.8956215,0.087081514,8.964846,1.1664844,39.07539,4.588088e-05,16.953829,2.292379,2.0720496,55.35641,1.2978594,0.017568793,0.0015797,0.12295524,1.372135,0.010681591,0.06490497,0.009830889
1.2317824,0.00025363226,2.94527,0.08517961,8.177766,1.4130204,39.571365,4.1753414e-05,20.386274,2.6250641,2.0497632,58.193832,1.3527228,0.020727897,0.0020470964,0.121783674,1.3494009,0.009729897,0.08086304,0.010096881
1.4920039,0.00025001017,1.9636545,0.06581546,11.147266,1.1840802,51.818974,3.8760823e-05,16.514965,2.118954,3.0468326,48.60183,1.0063435,0.014644304,0.0010148083,0.15094413,1.1392258,0.014940149,0.121302,0.012081619
1.2487911,0.00025453267,3.0589366,0.09038154,10.0632,1.6390861,47.20092,4.345529e-05,20.73104,3.4656997,2.4253445,57.59416,1.8708354,0.016830051,0.0017851052,0.11156108,1.336222,0.009371062,0.07486173,0.010226591
1.2330637,0.00025005164,2.8777802,0.07701038,7.752804,1.3559468,37.790264,4.2815413e-05,18.453789,2.5733144,2.104463,57.92379,1.2952851,0.019788085,0.0018600312,0.12697996,1.4569073,0.009855549,0.07584729,0.009524266
1.1548846,0.0002873445,3.3466637,0.088964075,8.139444,1.3569876,35.709,5.0111626e-05,14.644792,2.669719,2.6998138,69.54398,0.9863659,0.01406398,0.0018661356,0.12438221,1.5659755,0.011772469,0.059853982,0.009648307
1.4831644,0.00031806435,2.4188182,0.09957628,8.82204,1.1775984,41.08074,4.262917e-05,17.924118,2.0534544,4.617148,52.04971,1.0450436,0.016486336,0.0010536154,0.1407356,1.4426519,0.016639164,0.12636255,0.01330069
1.1221014,0.00015992537,3.0660794,0.08259597,8.273799,1.1155444,32.996918,4.247102e-05,10.354256,1.981357,3.260152,61.763493,0.8473373,0.018503288,0.0012946716,0.11272534,1.009009,0.010829768,0.0910916,0.01083056
1.0615861,0.00024283837,2.9813066,0.07303189,8.269028,1.5316261,32.990093,5.117367e-05,14.790552,2.9647353,3.552367,65.80168,1.4031196,0.017968856,0.0017275546,0.12728584,1.4288608,0.009252365,0.070975944,0.008607069
1.1313834,0.00025506355,2.819259,0.07916604,8.302791,1.4460871,32.46861,5.28258e-05,13.633187,2.7345724,3.5572028,57.54352,1.3530304,0.018867496,0.0015517098,0.149698,1.5441103,0.011370749,0.0827714,0.009979658
1.1838092,0.00023421762,2.7411575,0.068255976,8.772745,1.231651,29.251892,4.6794095e-05,15.451009,2.2553668,3.4128423,53.924335,0.93659246,0.018867707,0.0015637128,0.12696734,1.5403485,0.010102516,0.07380716,0.009006363
1.5236399,0.00021315376,2.6522655,0.06576446,6.6596994,1.2338586,30.602568,4.3481483e-05,22.43951,2.7399707,4.078657,41.328033,1.0276645,0.008826964,0.0014096166,0.119972885,1.4940474,0.013743317,0.106499836,0.008557587
0.9885184,0.00025083704,2.9132652,0.046301965,7.3331957,1.5137357,28.088284,5.209339e-05,11.49927,2.549456,3.1396828,55.77211,1.0530896,0.015421099,0.0013787253,0.120208055,1.2545102,0.01016417,0.09543611,0.009217953
0.89543253,0.00020286349,2.2948637,0.050701126,7.2920856,1.2628467,25.609186,4.5668625e-05,12.085825,1.9028113,3.0500026,43.268353,0.67343897,0.014864727,0.0009481434,0.107078604,0.91666204,0.008548487,0.09745773,0.0076606
0.9902323,0.0002088783,2.9806037,0.06252932,7.1190467,1.3391598,29.323748,4.660269e-05,11.869847,2.324079,1.9559484,63.98959,0.98578054,0.02360228,0.002324201,0.11324174,1.2535818,0.009536836,0.07408449,0.011636157
1.560364,0.00023165853,2.204718,0.06310043,9.952993,1.3084993,47.654488,3.8155373e-05,18.232046,2.1028323,5.1142483,52.77585,0.8142436,0.01589985,0.0006607924,0.17217493,1.0705832,0.014285371,0.13275975,0.0112544345
1.2827368,0.00026155758,3.191441,0.049107146,6.8378515,1.6841928,32.968597,4.8574937e-05,12.903214,3.120242,2.597988,68.333664,1.2294959,0.0147032635,0.0014871737,0.14739574,1.6110407,0.011530985,0.07358553,0.010210723
1.2743087,0.00023110307,3.1606874,0.04606692,7.038117,1.6722517,33.921234,4.418217e-05,13.639578,3.3669975,2.9098806,66.96584,1.3365585,0.013541331,0.0017134717,0.13633657,1.5414256,0.011461757,0.078451335,0.010542006
1.4677358,0.0002649589,2.2173407,0.11123653,10.871882,1.1701698,50.243874,4.2657448e-05,14.6806135,2.154944,5.8678746,47.010025,0.73054063,0.017324165,0.0009901533,0.14694734,0.8859388,0.013523661,0.138287,0.012332498
1.5669385,0.00028638376,1.9351646,0.11250588,11.933761,1.0879935,59.42516,3.8852053e-05,13.308978,1.9716442,4.503461,44.674736,0.7412779,0.016895497,0.00083548063,0.144613,0.9348748,0.014105498,0.13157958,0.012079982
1.2357552,0.00028588163,3.2643023,0.056513842,7.0499873,1.8348577,31.487051,5.1196406e-05,12.866633,3.587596,2.2189581,67.78514,1.44324,0.013341448,0.0015339964,0.14894457,1.641367,0.011336406,0.06136041,0.010508788
1.1028836,0.0003361599,3.4065392,0.13779704,6.7459617,1.3426452,31.344896,4.8690203e-05,12.647702,2.3185425,2.4972267,90.91811,0.6424426,0.021526834,0.0014665148,0.09072431,1.4526782,0.011718309,0.06242551,0.010307429
1.4927436,0.0002873542,2.2787087,0.11266139,12.352191,1.093128,58.185963,4.467342e-05,12.52059,2.24776,4.4571667,49.229126,0.89634305,0.018356169,0.0010785784,0.16603044,1.2659553,0.0138835665,0.11031827,0.011976997
1.5233097,0.00032805643,2.1431339,0.090257876,12.167342,1.3704853,52.0231,4.9175018e-05,18.275072,2.2468054,3.7390766,52.2924,1.0788405,0.017018741,0.0010356763,0.18408062,1.1244181,0.016615834,0.14516786,0.016301582
1.2318897,0.00024626424,3.133125,0.047586776,7.8903103,1.5092885,34.014446,5.094901e-05,10.945793,2.9132292,1.9986863,61.214436,1.3536823,0.013226704,0.0016102524,0.13864483,1.6678776,0.009771084,0.06138669,0.009926416
1.408655,0.00024979762,2.2967455,0.06804446,6.1481037,1.3268687,35.94145,3.7285914e-05,18.663988,2.4094813,3.2512703,52.230568,1.0153595,0.012301994,0.0010447388,0.11597002,1.1976323,0.014104037,0.09745362,0.010770181
1.0735419,0.00032037566,3.2997127,0.06827706,8.222161,1.2691041,36.10919,5.5593147e-05,11.677673,2.4850585,1.9743043,63.292515,1.1020981,0.020336928,0.0017293188,0.18154384,1.4786198,0.009838933,0.06822131,0.011424883
1.1936778,0.0002240024,2.886865,0.0751565,8.721073,1.5776377,39.98161,4.9025133e-05,15.583158,3.0430925,3.0427763,63.289948,1.3521004,0.020477302,0.001902597,0.10735542,1.5262686,0.00926758,0.04837291,0.01036373
1.5525202,0.00031546896,2.8158197,0.08900764,9.186212,1.3496627,45.680534,4.3195254e-05,16.022375,2.5408778,4.4318643,59.49878,1.254489,0.01739113,0.0011969506,0.13772663,1.5799633,0.013502682,0.10951337,0.01142038
1.3791887,0.0002700007,2.311101,0.10710116,11.014353,1.1388818,50.260456,4.3095428e-05,12.153885,2.1288857,5.5077734,48.13862,0.8415703,0.018025665,0.00090533774,0.16729718,0.97903585,0.012952052,0.1217095,0.012144349
1.4931604,0.0002891388,2.2391722,0.14628029,10.247183,1.0222504,49.718376,4.4063177e-05,14.122319,1.9467672,5.0044537,44.337463,0.6600563,0.0195706,0.00089846033,0.16596657,0.96403307,0.014877434,0.14587991,0.012977212
1.5562242,0.00031512525,2.2148304,0.13612585,11.117601,1.0350332,54.984764,4.492177e-05,13.687685,1.9356388,3.9552593,43.90905,0.66420597,0.018171355,0.0008985653,0.16292736,0.9562859,0.014592689,0.14422506,0.01336631
1.5116918,0.00028608495,1.9318275,0.108473815,11.415095,1.2197003,56.153748,4.087113e-05,12.744066,1.9982905,5.6060877,45.25648,0.75710607,0.01758411,0.00092483254,0.14729823,0.8014196,0.013592544,0.14637938,0.012827303
1.5007721,0.00028132863,2.3973768,0.08435824,12.144776,1.4270073,63.416252,5.893885e-05,15.097779,2.9715123,3.368821,79.3158,1.6684824,0.017419914,0.0024959692,0.14818941,1.7502493,0.013012242,0.067866884,0.01132614
1.271377,0.00024126003,2.6864438,0.079037786,9.4167385,1.3391899,53.01978,5.2669304e-05,13.496329,2.2015972,4.219557,56.237816,1.0411437,0.018207991,0.001260873,0.15128946,1.3075203,0.012140704,0.108783,0.01125418
1.3449595,0.00024998977,3.1499598,0.08750795,9.250196,1.3385552,53.917336,5.1136016e-05,14.966684,2.4557106,4.885691,60.434826,1.1410916,0.019439094,0.0013626411,0.14604338,1.6053156,0.012360414,0.08838941,0.010342397
1.3652388,0.0003617279,3.841149,0.10486,9.929254,1.4791825,54.68526,6.3949214e-05,17.6241,2.9655895,3.969528,75.66371,1.5541322,0.022327065,0.0020137783,0.19341503,1.9952198,0.014672351,0.094304174,0.013988417
1.370106,0.00028273635,3.4724078,0.0837745,8.665889,1.3489604,52.998577,5.5990255e-05,11.877766,2.6629095,5.13925,66.50452,1.2222677,0.017966388,0.0013082192,0.16610877,1.8358283,0.0124188475,0.098557614,0.009375413
1.3725406,0.00035877412,4.2242455,0.086457424,8.856024,1.6093237,54.95653,6.002532e-05,14.207322,3.1437056,3.888998,80.13628,1.484617,0.02267605,0.0019011836,0.15772074,2.293708,0.012312792,0.094195984,0.0113425935
1.3638982,0.00030390502,3.0180426,0.09968821,8.621168,1.1371887,51.324806,5.337393e-05,14.905232,2.1026232,4.386659,61.58003,1.0988675,0.02141824,0.001430628,0.15062124,1.6816778,0.01086717,0.088924915,0.009804035
1.0323656,0.00021230122,2.2190423,0.05788518,5.7203135,1.1435313,27.31675,3.741208e-05,13.513108,2.1713457,2.283039,46.783577,0.83934313,0.009914083,0.001057306,0.07519066,0.9790364,0.00965642,0.08173642,0.0070179566
1.4096656,0.00027581633,3.264053,0.08691796,9.220245,1.4493016,53.642296,5.448922e-05,15.427476,2.5489504,5.2230525,64.517525,1.3022602,0.019234993,0.001251622,0.16847764,1.6264564,0.013896718,0.10593335,0.011217455
1.4164286,0.0003159425,3.7859197,0.077743314,8.890773,1.6326321,49.843353,5.7721507e-05,15.906632,3.0029755,4.9110503,76.18383,1.5940534,0.019124163,0.0016114304,0.17711945,2.0132232,0.014273717,0.093911745,0.011971866
1.4413418,0.00032734443,3.7158675,0.08840458,9.243323,1.5731776,51.292084,6.37045e-05,15.809266,2.9007514,4.873915,71.08262,1.5283515,0.019610431,0.0015595439,0.19297527,2.0412517,0.015307561,0.104688995,0.012376994
1.3188637,0.00027660903,3.3481739,0.05650335,7.110125,1.2165184,33.26597,5.106539e-05,12.36309,2.2514613,2.451951,62.121418,1.0436157,0.015688717,0.0017027901,0.13177305,1.8317329,0.011653737,0.07114298,0.009657422
1.4545107,0.00029177274,2.9760423,0.073682845,8.532176,1.3020447,36.683758,5.1468814e-05,14.848914,2.2816238,4.5101647,53.24377,1.1942681,0.016619753,0.0016668608,0.1535011,1.8388182,0.013069796,0.06887549,0.010426203
1.3361514,0.0003670255,3.787576,0.10742227,9.029617,1.5368007,46.079025,5.76e-05,16.592276,3.00385,2.9296918,71.36769,1.5674489,0.021119384,0.00215293,0.16823295,1.7476621,0.013970149,0.07953427,0.014134296
1.0892581,0.00022598641,2.6120083,0.09644115,7.2780733,1.0744032,35.87913,4.452487e-05,12.48632,1.9130429,1.6004997,53.91742,0.82599145,0.017061632,0.00160989,0.119797334,1.1250906,0.009294578,0.086723514,0.010519439
1.397168,0.00028179798,2.43519,0.08605452,10.329629,1.4686899,55.912964,5.7104713e-05,14.755234,2.5177705,3.4366972,65.05835,1.2374163,0.018215537,0.0018151763,0.13957542,1.4514794,0.014882943,0.086012475,0.012186098
1.5912989,0.00032647626,2.724411,0.10433849,11.726789,1.4497035,66.74279,6.08801e-05,14.88047,2.875035,3.5411496,73.07048,1.4186143,0.019998392,0.0019464879,0.15645526,1.8732632,0.013126435,0.092475116,0.011590982
1.5912989,0.00032647626,2.724411,0.10433849,11.726789,1.4497035,66.74279,6.08801e-05,14.88047,2.875035,3.5411496,73.07048,1.4186143,0.019998392,0.0019464879,0.15645526,1.8732632,0.013126435,0.092475116,0.011590982
1.3669081,0.00032005133,3.1463032,0.06756456,9.467539,1.4026846,60.10642,6.149968e-05,12.980181,2.664177,4.3526635,68.88657,1.4165907,0.019810595,0.0015230827,0.16530564,1.7375377,0.011078519,0.09773744,0.010250283
1.3533762,0.0002848167,3.49095,0.07966029,11.5864525,1.567495,49.397312,6.241791e-05,15.972759,2.847669,1.421785,80.971176,1.8655077,0.015726343,0.0022110194,0.17489117,1.8608341,0.014290772,0.08301221,0.011168826
1.5497237,0.00019797003,1.3163477,0.07604928,12.103569,1.1132408,58.400158,4.451175e-05,15.609413,1.6804019,2.0485115,64.474236,0.99140406,0.016525945,0.0017637941,0.098811224,1.026958,0.012245384,0.09925574,0.010289299
1.361175,0.00020952546,1.5071363,0.078390606,12.117795,1.0189478,51.003376,4.6803238e-05,15.366876,1.9203839,2.9045813,51.29449,1.0941733,0.014672191,0.0014726958,0.09191718,1.0938491,0.010611343,0.078672804,0.0082342895
1.2696013,0.00014764302,0.5577678,0.06578177,11.870515,0.80648476,49.836803,3.186727e-05,10.695944,1.2028362,1.0027088,35.518196,0.5827727,0.015324275,0.0012787207,0.017596735,0.55918765,0.008004955,0.07059763,0.007709178
1.34126,0.00020105859,1.8530209,0.056732077,12.866759,1.1959168,55.01771,4.6505997e-05,14.123482,2.3644643,2.075615,65.142136,1.2572209,0.013413521,0.0016399408,0.1126529,1.1230763,0.010077683,0.073286556,0.008959339
1.332598,0.0001961819,1.1894295,0.062364176,15.632892,1.1983888,56.636265,4.3774424e-05,11.79712,2.1912322,4.5556083,55.92573,0.96966857,0.01591239,0.0016089538,0.08401231,0.9348406,0.009894981,0.10256443,0.009522907
1.3961582,0.00033329215,3.080408,0.09480917,9.708269,1.4420514,48.43999,5.0153918e-05,17.842382,2.7200048,3.3372924,67.24166,1.1422145,0.022508271,0.0014623688,0.15391266,1.523024,0.014014698,0.090293996,0.012742983
1.3922662,0.000339541,3.0345309,0.1171928,9.869961,1.6213363,47.836952,4.253902e-05,15.473657,3.369763,4.5742803,65.70988,1.6016288,0.015792353,0.0010211989,0.15569915,1.4313478,0.019317811,0.12979917,0.014477179
1.3720099,0.0002600667,3.3507411,0.06957568,9.6166315,1.7429371,46.997105,5.0128543e-05,17.411755,3.2631192,3.4427369,67.56153,1.2616725,0.019288883,0.0011590779,0.18576314,1.4379392,0.015542699,0.116851345,0.015836433
1.4176633,0.0003144755,3.2439382,0.09468343,9.298454,1.4083058,46.119884,4.5193654e-05,11.394809,3.0970187,4.506797,57.896313,1.4900753,0.01605885,0.0014442825,0.15723674,1.4992695,0.015845437,0.10007472,0.012491774
1.3846712,0.00028754913,2.8604264,0.10591232,8.739086,1.5824459,46.099697,4.4216467e-05,12.623056,2.9191315,4.076181,61.181267,1.2921919,0.016780274,0.0010078938,0.16449395,1.4091276,0.017003784,0.12498977,0.014373019
1.4621315,0.00029830364,2.9410148,0.08038309,8.846517,1.3932989,42.5321,4.3741915e-05,15.422247,2.7913227,3.336455,58.194756,1.2625858,0.01723887,0.0012524892,0.15053323,1.3293816,0.018590981,0.11604238,0.012929322
1.3944085,0.0002670782,2.3978775,0.06301861,10.5626,1.368065,56.774265,4.1261297e-05,17.81301,2.2551987,3.500381,67.38889,0.8975562,0.01823017,0.001080943,0.12706083,1.1544148,0.012844049,0.097751774,0.012905895
1.3670661,0.0002867663,2.9262269,0.06461311,8.150915,1.4801733,40.81691,4.1754738e-05,13.919129,2.6555216,5.0945034,59.963764,1.1776829,0.016596265,0.0013544646,0.13063736,1.6955155,0.01518405,0.08475419,0.012538298
1.3908391,0.00031211413,2.5621445,0.114392884,8.989013,1.5835148,44.930996,4.6279292e-05,11.327956,2.9190547,5.4705415,53.738945,1.5389221,0.018685533,0.0012416444,0.1680724,1.4336433,0.01788318,0.13758361,0.015707785
1.4214855,0.00031051788,2.9468086,0.10948258,8.947968,1.7347891,44.916016,4.29758e-05,17.46734,3.171998,3.5138655,69.795105,1.2070348,0.019549794,0.0010757124,0.14378592,1.3847408,0.020093441,0.13527292,0.018844793
1.1683685,0.00031797646,4.5577316,0.09717503,7.8308,1.8252816,36.326263,6.02206e-05,14.119505,3.7687035,2.082391,93.46274,1.760032,0.02630261,0.0030979263,0.14178582,2.4816983,0.011345947,0.05692858,0.0104249045
1.176734,0.00036581277,9.341717,0.11480879,9.029658,2.5063376,41.451595,7.129535e-05,18.80232,5.7932463,1.589019,194.90694,2.8017154,0.027472885,0.0028354258,0.17225158,3.2052298,0.0144341905,0.10542304,0.014185865
1.1057454,0.00030432548,6.7358704,0.09059343,7.825432,1.9012996,37.594666,6.0327515e-05,13.759505,3.7284744,1.523161,130.72469,1.9494668,0.02262572,0.0031061354,0.121824525,2.8913164,0.011722925,0.07848969,0.011080133
1.0633134,0.0002076373,3.7679718,0.06982347,7.2565923,1.3411236,30.298887,4.4821983e-05,7.8169084,2.545548,1.7250931,71.41072,1.2953976,0.014853846,0.002078781,0.07445398,1.6755984,0.00851488,0.05710678,0.008207148
1.21018,0.0003645736,5.99785,0.06206746,8.242662,2.211399,38.330944,6.54063e-05,12.448784,4.600066,3.231835,114.53187,2.6335175,0.020002909,0.002326701,0.16259587,2.7851365,0.012033385,0.09186075,0.010420454
1.1138365,0.00026493668,4.498362,0.08229735,7.9444394,1.5989943,37.19375,5.5522123e-05,9.405597,3.2405972,0.96623576,92.533195,1.6994228,0.019061562,0.002485848,0.09060863,2.0826085,0.008628774,0.064292975,0.009369426
1.1307882,0.00036196166,7.650991,0.091964744,8.218879,2.2739623,37.552967,6.658519e-05,16.263556,4.664133,2.9080248,139.03981,2.611568,0.02441874,0.0031899174,0.13933918,3.1468754,0.014020321,0.08642965,0.012655937
1.1257145,0.00031572286,5.5856256,0.09397019,7.2545376,2.1647341,34.29307,6.3885556e-05,13.381401,4.277382,3.1805975,103.37505,2.206557,0.024578655,0.0030258498,0.12066659,2.5101843,0.012631548,0.07996608,0.012575837
1.352682,0.00031515825,4.613424,0.08074475,8.107883,1.587577,37.705715,5.5613084e-05,12.256417,3.39429,2.8570135,85.71021,1.9063536,0.017064912,0.002105875,0.11417194,2.1921735,0.011278966,0.087724864,0.00929261
1.1206021,0.00029694152,5.059542,0.08863202,7.2552257,1.5118914,35.136272,5.1051735e-05,13.564685,3.5643134,1.6411552,101.440506,2.0256932,0.021333247,0.0030202016,0.10852426,2.5046935,0.011018494,0.06935755,0.010356495
1.2246635,0.0004456188,9.153854,0.084265105,9.306485,2.2046444,42.582825,6.927877e-05,20.84046,5.438788,1.9708534,170.8162,2.6852012,0.021469142,0.0029276751,0.20636663,3.397808,0.014933058,0.101590015,0.012969462
1.0859742,0.000267027,4.563127,0.08860912,7.570169,1.4204673,34.47874,5.130971e-05,10.826173,2.954762,0.886576,89.198395,1.4807727,0.02284684,0.0022901592,0.100627266,1.8559251,0.010477104,0.07442808,0.009566996
1.1278797,0.0001782189,2.0058641,0.045988057,7.1398025,1.0506433,30.218388,3.6157024e-05,5.1181235,1.9192826,0.8319517,44.349083,0.93596697,0.013489322,0.0015802906,0.057318494,1.1782273,0.007058322,0.04993059,0.0067264624
1.1377598,0.0003681912,6.7943377,0.08034693,8.394617,1.9627117,36.791725,6.0298313e-05,14.680789,4.5395083,2.5115094,136.15968,2.342623,0.021866037,0.0029386182,0.1209048,2.644647,0.012165537,0.070217095,0.009633643
1.1050195,0.00028072632,4.969807,0.081860244,7.6495366,1.5226185,34.89331,5.732964e-05,11.573873,3.384547,1.3173277,106.55684,1.9373513,0.023201775,0.0028754289,0.11356552,2.4785647,0.00962094,0.05562644,0.008708843
1.1142293,0.00028910677,5.5036664,0.086815484,8.011188,1.4841105,35.18762,5.7583322e-05,12.50899,3.0687916,1.3235878,112.3394,1.7415802,0.021312995,0.002583691,0.12132039,2.3878949,0.011574461,0.07734632,0.009539318
1.1291369,0.00039194484,8.201542,0.10086433,8.478509,2.2931726,40.94685,7.092086e-05,18.253695,4.768208,2.2027493,176.9748,2.5569196,0.024400963,0.0030704904,0.1692454,3.0823035,0.012692065,0.09010013,0.010598961
1.1099044,0.00030081568,5.4231143,0.09766079,7.8878803,1.7628702,37.641678,5.9889386e-05,11.642085,3.5200849,2.2990003,106.77781,1.7671508,0.023496803,0.0023728204,0.10816451,2.166759,0.010628868,0.08084228,0.010974171
1.3118805,0.00040759204,6.589632,0.101549186,10.186292,2.1669548,51.772602,7.67942e-05,16.384502,4.6659603,3.299084,135.72954,1.9876919,0.023984674,0.002778678,0.30972964,3.1524563,0.021089703,0.07358034,0.015641192
1.1357619,0.00022683886,3.1348007,0.03236355,6.980968,1.3707482,30.613749,5.5813656e-05,12.865623,1.7722186,3.0920024,63.23662,0.3575569,0.015559865,0.0011559442,0.20463315,1.4569288,0.018632669,0.09981381,0.011024328
1.2465757,0.00025713307,3.6893592,0.0964612,8.652073,1.1957757,39.683647,5.7999987e-05,11.354094,2.1885216,2.97253,78.57366,0.6798482,0.02090729,0.0018556182,0.19838198,1.9102539,0.017254738,0.071456894,0.011347282
1.1833707,0.00023234889,3.0044718,0.030352954,7.5374813,1.4086484,32.857307,4.9538976e-05,10.910869,2.5520632,1.9372929,63.308643,1.1893938,0.012547583,0.0012599058,0.18038633,1.235107,0.0135841435,0.08635349,0.011713796
1.2650001,0.00027542686,4.518364,0.04844104,9.382309,1.6686114,43.765648,6.303058e-05,12.495255,2.6384697,3.1803293,94.01359,0.8511603,0.018591203,0.0015888182,0.23473378,1.9867035,0.022597672,0.093061805,0.01289446
1.31359,0.00027400008,3.8450108,0.058003522,8.945334,1.2654825,41.47454,6.040729e-05,10.725045,2.2347598,2.8716016,75.1529,0.6265689,0.017150806,0.001745799,0.20511611,2.0031574,0.017117452,0.06646881,0.010362823
1.2605786,0.00028725792,3.9022126,0.0960794,8.706047,1.2182571,40.821106,5.8868027e-05,11.535577,2.3059797,3.610845,79.89439,0.7869417,0.022923164,0.0019430611,0.19587623,1.8453432,0.017810782,0.06347205,0.013420492
1.2748246,0.00029188194,3.9311512,0.10191054,8.935812,1.2453802,41.391174,6.163848e-05,11.482412,2.2094586,2.867013,78.28497,0.7221171,0.020863216,0.0016593562,0.21256924,1.9485891,0.01758569,0.08050218,0.012136987
1.1666906,0.00029997955,4.4477596,0.06685879,8.087902,1.2175632,37.045475,5.4518838e-05,11.149711,2.5501971,2.945733,90.2195,0.93078345,0.022035945,0.0022913339,0.1479492,2.0924296,0.009666188,0.043165576,0.009088424
1.4764621,0.000377454,5.1928053,0.14399312,10.120307,2.0576458,50.949406,7.1637995e-05,14.564211,3.790013,3.9487538,108.01636,1.6410596,0.025707444,0.002527101,0.28425634,2.4412236,0.023052428,0.1016155,0.017907295
1.2621064,0.00032946753,4.0431604,0.08558359,9.212342,1.412403,44.503643,5.850671e-05,12.529915,2.8641243,2.7422254,88.63381,1.2358567,0.020505652,0.0020225726,0.21519543,2.059021,0.014307384,0.055915665,0.011369133
1.2544299,0.00035198327,4.8470964,0.035424024,10.123506,1.8520144,50.971348,7.18179e-05,12.350927,3.9338298,2.6790376,99.9274,2.259015,0.017054288,0.0020739874,0.27834517,2.3073454,0.01645239,0.06963844,0.0131478505
1.2062167,0.00032795154,4.53211,0.104227796,8.04138,1.417422,36.449978,5.736675e-05,12.4195,2.7376792,3.589886,93.6179,1.2295971,0.022541597,0.0019229263,0.16827479,2.3346903,0.016032005,0.064377785,0.011431555
1.2765688,0.0003259901,4.516749,0.067876406,9.058368,1.5690604,42.020313,5.89549e-05,13.874455,3.1359887,3.6851892,97.218544,1.2916096,0.019664058,0.0018749724,0.22598615,2.1532266,0.014370311,0.070081264,0.012276492
1.299217,0.0003614522,4.212169,0.160131,8.657852,1.2383207,40.30612,5.7455578e-05,12.27559,2.4944782,3.1640255,93.65723,1.0407703,0.025442168,0.0020910644,0.123583525,2.1092477,0.013336103,0.038228042,0.010037845
1.1229526,0.00023982416,4.0061774,0.10626492,7.1609135,1.4505379,32.686794,5.491422e-05,14.36692,2.8181303,3.3675783,86.45996,1.0967101,0.02015496,0.0015670884,0.12072172,1.9605722,0.0132603785,0.06492838,0.011014875
1.1643062,0.00018915957,3.0371513,0.065601505,5.83132,1.3004133,24.178885,4.259324e-05,9.171375,2.2044861,4.003165,57.249306,0.82098645,0.015669297,0.0010589074,0.13249029,1.1618277,0.011429584,0.10421232,0.009413652
1.0694945,0.00021808076,3.9623146,0.0745648,6.7996535,1.5593902,29.002281,5.329788e-05,10.924763,3.1968594,4.7229905,68.84936,1.4839889,0.018679662,0.0021499987,0.1416082,1.8623297,0.012554936,0.10304662,0.011509326
1.0726832,0.00020572453,2.9872868,0.05195112,6.5234685,1.3094038,26.27098,4.4969627e-05,9.538929,2.2737916,5.3279977,53.784912,0.9874185,0.015577517,0.0014341376,0.14258076,1.3681419,0.012449346,0.09097103,0.010670459
0.9684039,0.00021110545,2.7425475,0.04703093,6.2812486,1.259633,22.339092,4.390179e-05,12.293191,2.3793912,2.3069468,42.093136,1.1740137,0.014731972,0.0014905839,0.12566397,1.4583389,0.010031386,0.08093896,0.008087663
0.972099,0.0002586631,3.5937767,0.05897418,6.204823,1.4173027,23.73382,4.904753e-05,10.725707,2.752803,3.1363907,61.769863,1.2463664,0.017404255,0.0017371387,0.13902432,1.6158423,0.010976641,0.08963075,0.0092089735
1.2445152,0.00027078658,2.358656,0.08501419,7.628283,1.0128334,29.284872,5.1188406e-05,15.872969,1.8960125,5.0136533,42.80101,0.9305828,0.016607761,0.0014083225,0.13697843,1.4345036,0.013373482,0.09639291,0.009693083
1.0878613,0.0002024987,2.8237648,0.054237742,6.537651,1.2254658,24.122414,4.3115073e-05,9.389324,2.2481441,2.3068924,49.445896,1.0094914,0.01506514,0.0014149183,0.11745481,1.2138968,0.0101495,0.08307736,0.008360669
1.1171714,0.00018615967,3.257033,0.06659891,6.0901046,1.3642907,25.215628,4.264288e-05,9.302026,2.07719,4.0928774,65.78906,0.7343415,0.015089408,0.0012046717,0.11976953,1.2415857,0.010984048,0.101413384,0.008748079
1.07102,0.00014205313,2.6700165,0.041551653,7.1921825,1.3031449,29.51613,3.9466926e-05,8.333066,2.2657065,2.7004542,46.948246,0.938386,0.01462665,0.0011619177,0.10935725,1.0016623,0.00918627,0.08720404,0.008697347
1.2235265,0.00026542475,2.7485795,0.08703721,6.7048244,1.0339682,23.85022,5.0399216e-05,13.981726,1.9916302,4.50287,51.46417,0.9340738,0.019695554,0.0016442724,0.11426169,1.6692009,0.010473003,0.07086468,0.00859422
1.1093384,0.0001751152,2.4248033,0.04389458,6.980491,1.0053848,28.278143,4.2009768e-05,7.596867,1.7573743,2.5662546,42.920715,0.83010775,0.016928585,0.0013349848,0.10716666,1.0504212,0.009266444,0.07367843,0.008298367
1.0997325,0.00017712072,2.3942184,0.047893222,7.776888,0.9841209,29.169691,4.1634412e-05,7.9475093,1.7045635,2.1847851,41.677837,0.8215117,0.017096631,0.0014039741,0.103903934,0.96192986,0.00847598,0.06943972,0.007914613
1.3403562,0.00031754887,3.8427563,0.11268811,6.411423,1.4197642,22.349672,5.2116324e-05,18.132797,3.0606534,4.370454,60.063995,1.4299393,0.01907589,0.0023362814,0.11668336,2.3450751,0.011575094,0.07320036,0.009613421
1.3256642,0.00026378455,3.3890438,0.07805212,7.510285,1.2482507,30.03784,5.66962e-05,12.87527,2.4512734,2.8373091,60.47785,1.1640997,0.01995515,0.0018345253,0.13339566,1.9914831,0.012617498,0.07471343,0.009763516
1.1348839,0.00018481887,2.7037375,0.07236955,7.6732073,1.0548614,34.79642,5.0131694e-05,11.026953,1.7594951,0.8426503,53.29143,0.86230403,0.016612764,0.0015793802,0.09453136,1.0595033,0.009997238,0.09384066,0.009426468
1.4735103,0.00022121567,3.1113458,0.0788501,9.528366,1.4285741,42.26194,5.1732928e-05,9.308389,2.8430765,3.6650107,60.15038,1.3059652,0.019328406,0.0018506432,0.14182898,1.4562452,0.011115369,0.115542434,0.010878002
1.1170735,0.00022401361,2.7103918,0.05905923,7.718624,1.21081,35.76412,4.198658e-05,10.412459,2.1976166,0.92955506,56.98198,0.94166905,0.017288508,0.0018869801,0.087378964,1.3793826,0.01006813,0.07054911,0.010303752
0.72007686,0.00022034228,2.9240072,0.062236138,6.7005167,1.261914,18.864828,4.500025e-05,17.538774,2.6272416,3.3139663,47.46335,1.2297347,0.01798163,0.0017257776,0.10166521,1.5029726,0.01025709,0.068277754,0.009665978
1.1811348,0.000182668,3.2295074,0.08705237,8.192916,1.2729815,38.042545,5.459347e-05,13.97843,2.678118,1.809676,57.478626,1.4038358,0.015835438,0.0014811531,0.14306292,1.4982736,0.012714322,0.09403222,0.012013333
1.3188438,0.00035542334,5.14608,0.10984954,7.831652,1.8443174,28.832668,5.934715e-05,21.80214,4.494819,4.3423142,76.7528,2.0429611,0.019904213,0.0024897603,0.1608538,2.798495,0.013586033,0.097759314,0.011008022
1.1647152,0.00021693174,3.4410694,0.07015268,7.909471,1.2840538,28.162056,4.7864447e-05,10.732329,2.5565512,0.4025605,65.503296,1.3809776,0.01698214,0.0018778873,0.12353342,1.4739035,0.010966924,0.07579514,0.010476664
1.1640117,0.00024457605,3.7284412,0.06861661,7.478076,1.4526992,27.29857,5.1277842e-05,11.00377,2.990376,0.42139652,71.83696,1.5425907,0.016249446,0.0019792228,0.1363514,1.5955598,0.011765137,0.0794433,0.01086181
1.3278672,0.00033392443,5.993026,0.10422699,7.440759,2.2652445,33.461784,6.7080415e-05,14.737558,5.27677,2.0390358,106.58787,2.4493954,0.02439775,0.0023769059,0.18485403,2.895372,0.013670323,0.10575181,0.010985576
1.0963672,0.00028254974,3.2687109,0.07878109,7.483234,1.4037398,35.58958,4.8609567e-05,11.257484,2.981367,0.6797892,65.127754,1.4292365,0.019176802,0.0023691917,0.105042756,1.584651,0.009778697,0.060637034,0.010137017
1.1286225,0.00026073237,3.1684444,0.064888604,7.8992124,1.6118953,36.297802,5.5053675e-05,11.536388,2.6770985,0.4036929,63.548103,1.2735507,0.015670815,0.0021335774,0.120346434,1.3785456,0.00853002,0.07843551,0.010838259
1.4091642,0.00042744953,5.7318673,0.111465104,7.3596325,2.3287265,30.097063,6.359076e-05,17.892685,5.0916533,3.5315967,106.52093,2.2574584,0.02831781,0.002504458,0.18520279,2.902089,0.01614673,0.09275821,0.0130537655
1.1787069,0.00028495127,4.984926,0.11206234,6.423346,2.084264,25.767326,6.821085e-05,11.370226,4.166407,2.6724775,93.939575,1.7906917,0.0236078,0.0024974032,0.17256893,2.3604867,0.014487905,0.12768494,0.01354472
1.1109027,0.0002936643,4.1309943,0.07702472,9.019158,1.5614053,29.687937,5.0755418e-05,12.220353,2.9581919,1.2517921,83.27057,1.4361476,0.018794164,0.0022247408,0.10981373,1.8799416,0.010236189,0.066921435,0.009753891
1.1511552,0.00022033931,3.6437433,0.05741671,8.686288,1.3248886,35.16044,4.31994e-05,9.914495,2.7687073,2.0289612,68.8561,1.2646747,0.018129764,0.0019477628,0.09166257,1.5665902,0.008674246,0.061772916,0.008878774
1.1249253,0.00020837452,3.6890512,0.08978213,6.4359465,1.6512191,28.37641,5.2316485e-05,10.561656,3.4484766,3.2290974,72.30092,1.6876152,0.021560496,0.0022048957,0.14014031,1.9014908,0.009636868,0.07806348,0.009570537
1.0668215,0.0002864973,4.761961,0.10848357,6.5321183,2.1757684,29.239426,5.920551e-05,9.587017,4.3054514,2.6441915,85.7059,2.3262787,0.022098223,0.0031600154,0.14514165,2.4791076,0.011267964,0.08710701,0.010777392
1.5955579,0.00028425636,2.9513395,0.080109626,9.295632,1.1736162,37.134434,5.687864e-05,13.210665,2.5345924,2.4349911,58.28944,1.6570826,0.019596249,0.0017425275,0.13348773,1.7657524,0.012407293,0.07367814,0.010605062
1.0790328,0.0002006033,2.8395593,0.06675271,8.733431,1.1884048,36.2277,4.4392567e-05,8.85209,2.1470268,1.3937788,56.01198,0.9001563,0.017616415,0.0019681472,0.09758897,1.3512869,0.007782273,0.049863305,0.008423094
1.2084928,0.00016319293,2.6416523,0.053270884,6.7280173,1.0821189,30.730146,3.9577473e-05,6.673044,1.8454489,4.0778565,49.846584,0.8258716,0.017592639,0.0014238458,0.0935159,1.0490053,0.00871976,0.08125931,0.009076646
1.3607934,0.00029101776,3.6425877,0.076018386,10.592484,1.1873295,48.60299,6.4476175e-05,12.932633,2.497096,2.475012,71.01165,1.5311476,0.01518146,0.0018356176,0.19626753,1.9023575,0.009906466,0.081327505,0.009394003
1.0430187,0.00026409156,3.684572,0.08658218,7.208261,1.137553,34.698685,4.733589e-05,12.616241,2.3287413,2.3326123,82.856384,1.1523743,0.020697841,0.0019410587,0.12177817,1.5019629,0.011650568,0.07177666,0.010582573
1.2335421,0.00025889892,4.0366073,0.061998546,8.021371,1.4200549,38.964615,5.0053244e-05,9.991719,3.1285667,1.8626653,89.32729,1.6848367,0.019310642,0.0029087295,0.10857739,2.2068698,0.01017289,0.062499758,0.009407734
1.581479,0.0001688846,1.4769219,0.06361954,9.927712,0.72687805,39.521736,3.843668e-05,10.731181,1.4363401,2.6060202,20.762653,0.7556192,0.013490029,0.0012732765,0.1092057,0.8910972,0.011081568,0.08458074,0.011196857
1.3894626,0.00023423314,2.765193,0.06856571,9.35066,1.1018574,43.8914,4.374688e-05,10.754237,2.309698,2.6903305,58.86061,1.2941024,0.015479802,0.0016340765,0.150959,1.2427533,0.009079984,0.08075132,0.009985881
1.6229744,0.00023585593,2.0875993,0.07374854,9.557997,0.964892,31.687931,4.9313545e-05,12.174701,1.9286225,2.118004,33.658558,0.96693665,0.017226366,0.0014825956,0.15177837,1.3115999,0.009859722,0.076772794,0.010315823
1.4529905,0.00017675397,1.5824337,0.05310307,8.5865755,0.85811067,28.365301,3.4531357e-05,11.478274,1.5957949,2.366792,26.286274,0.79809546,0.011896042,0.0013436069,0.07946679,0.81759,0.009937263,0.08850896,0.0090889195
1.3335682,0.00057039224,7.824609,0.16872017,10.459459,3.0377862,44.175465,9.33306e-05,37.16958,7.6216335,4.400456,135.41075,3.6357584,0.026646072,0.0031690488,0.27555457,4.335006,0.021328283,0.115936264,0.019189661
1.0720217,0.00025528567,3.1988177,0.07976793,7.1338086,1.3753638,33.429966,5.033115e-05,8.926517,2.4818568,0.3625796,64.69951,1.3006811,0.019212453,0.0021337415,0.098301984,1.4421382,0.008002869,0.06642242,0.008323052
1.2319074,0.00039043298,3.5871527,0.11847798,7.993815,1.3732458,32.093662,5.681839e-05,18.341003,2.7942808,4.9041862,57.20687,1.4821573,0.020060593,0.001791132,0.16746478,2.1710246,0.012376597,0.08746983,0.009648053
1.140843,0.00018935886,3.2935057,0.05116254,8.351509,1.2899268,34.54505,4.0094543e-05,9.654223,2.4344568,2.421283,59.742317,1.124509,0.016614893,0.0015185062,0.09698532,1.2557378,0.009192403,0.07898916,0.009785111
1.1238123,0.00033306066,3.537942,0.16357845,7.12816,1.4334656,27.45801,5.7375793e-05,17.770716,2.7761614,4.4269576,66.643074,1.278453,0.021199849,0.0014419358,0.13689974,1.7398949,0.011780281,0.1064485,0.009454753
0.9674804,0.00020504923,2.7365909,0.060108256,6.289752,1.2565718,21.975266,4.4253993e-05,13.292396,2.5147827,2.2287946,55.25821,1.0656669,0.016266372,0.001724956,0.098096095,1.4796057,0.010044599,0.07745867,0.0069849854
1.1754358,0.00036360073,9.417106,0.13711068,8.245878,2.9653864,38.328266,5.9137143e-05,24.558304,8.106044,3.2664866,161.49832,4.510707,0.016026238,0.0041286135,0.21515597,4.103168,0.015460076,0.09212598,0.019335112
1.0998477,0.0001772132,4.8866606,0.062312,6.690775,0.756726,31.24459,4.402615e-05,8.633765,3.039173,2.9888253,83.42009,2.261672,0.030287348,0.003908857,0.15336673,2.747397,0.008212192,0.055157814,0.010153578
1.1327399,0.00020995148,5.105157,0.06190968,7.2648077,1.0677631,35.586697,4.957291e-05,10.910803,3.2905817,2.779566,92.0791,2.328848,0.02479471,0.004191982,0.1700828,2.8210714,0.010404755,0.06127161,0.0110436445
1.1589679,0.0002817678,6.4295545,0.059700944,7.298214,2.513906,40.717495,7.945845e-05,16.874977,4.3671417,2.646887,117.53455,2.049425,0.013211664,0.0028130508,0.2261762,2.5836318,0.020159068,0.11539635,0.0136824455
1.1893075,0.0003151029,6.208863,0.061179362,8.758665,2.3107579,44.478386,7.173291e-05,15.89013,4.819449,2.7143664,114.72058,2.3925767,0.014891652,0.00279628,0.20607936,2.617372,0.015446488,0.09786059,0.012726755
1.2507263,0.0005324401,11.394336,0.072582565,12.755519,4.7740183,45.039787,0.00010279842,28.778292,9.563536,3.6902368,206.60472,5.1269884,0.03161031,0.0031022276,0.3328311,3.64452,0.02775179,0.20274504,0.025301583
1.2220598,0.00035774554,4.617065,0.034481127,10.681969,2.0825698,60.120934,6.78541e-05,9.921213,4.069824,3.464697,85.83362,2.0401757,0.013529655,0.00191381,0.22576563,1.7077816,0.009534753,0.09158086,0.010063542
1.1998808,0.00029587606,4.7520895,0.136168,8.037191,1.6635408,38.52962,7.10175e-05,11.400721,3.43356,2.8555207,98.291695,2.105961,0.030210454,0.0030139915,0.23638159,2.9778159,0.013368884,0.07867249,0.011577474
1.289945,0.00025332795,3.6526818,0.10538918,10.780958,1.3374008,58.354458,5.8664282e-05,8.5523815,3.3439145,3.2354832,71.61136,1.6770388,0.01856028,0.0022639525,0.18522267,1.6013957,0.008622122,0.07866492,0.011453403
1.177996,0.00026430612,3.7614207,0.102793895,9.327057,1.4795009,45.17174,6.409359e-05,9.659598,2.4103599,2.6073496,76.881836,1.4233686,0.027515814,0.0027061722,0.22390723,2.401318,0.011471817,0.041180186,0.009852877
1.2341855,0.00028755984,3.443659,0.03605943,9.698298,1.3566192,50.337,4.7841175e-05,8.429446,2.4257674,3.1370306,70.475174,1.1205676,0.017732508,0.0020257817,0.16566107,1.451958,0.0051777726,0.0616489,0.007764131
1.1472123,0.00047704115,4.6566005,0.13988595,7.774782,1.9013146,38.928333,6.900046e-05,11.766959,4.509349,3.090895,89.30062,2.2805054,0.023946673,0.0025438801,0.18179962,2.1870196,0.0037919066,0.0790958,0.007114215
1.1421101,0.00040983266,3.7734582,0.07028576,8.602409,1.2002832,44.0647,5.1233717e-05,13.42868,2.7160537,2.7973833,71.01831,1.4122149,0.021393226,0.001930629,0.15456577,2.1230047,0.0037555913,0.06008183,0.0035579896
1.1779547,0.00034868185,4.3320365,0.11461481,8.577391,1.1162843,44.458828,6.24618e-05,8.643595,2.4643593,2.6991255,74.03344,1.0310074,0.03173826,0.0024048653,0.18495145,2.2996225,0.008328108,0.05162715,0.010556817
1.2390401,0.00036506768,4.450519,0.06461128,9.670777,1.7161633,54.524544,7.2930525e-05,10.589456,3.5116363,3.989293,78.78711,1.8998909,0.015066785,0.0015534027,0.22216062,1.868522,0.012437973,0.08402943,0.012052478
1.3294219,0.0003331525,3.9964876,0.06511082,11.432846,1.2220131,66.09463,7.0813025e-05,10.735424,2.3887613,3.857207,76.222855,1.0737152,0.011994235,0.0013689419,0.23274729,1.8085665,0.012050271,0.09366505,0.011820173
1.252014,0.0003855233,4.812105,0.052215394,10.337055,1.8626021,59.090492,7.631973e-05,9.822734,4.201838,3.5669277,90.042274,2.2424743,0.014201397,0.0021004844,0.24335821,1.9218189,0.011787456,0.09920722,0.012608918
1.1864116,0.00030414603,3.7149808,0.08326249,7.9169455,1.1038697,37.255184,4.5538905e-05,10.017974,2.5546334,2.945147,68.59994,1.2800933,0.019436404,0.0018929925,0.18231067,1.9776237,0.012831509,0.03785084,0.010995797
1.1867886,0.00022483918,3.8094168,0.06581715,8.998702,1.3755901,48.297783,4.639058e-05,8.493528,3.9373946,3.0688827,71.604385,2.1027613,0.016837008,0.0027819076,0.14792538,1.4889896,0.007226501,0.0717897,0.0093964115
1.1516731,0.00041935025,3.6221266,0.13119529,10.025383,1.0344305,52.49066,5.8004927e-05,10.3893795,1.7352762,2.994621,74.95751,0.754517,0.022054285,0.0012627959,0.16525714,1.1906339,0.0069781602,0.05721103,0.0091633145
1.2214253,0.00043687935,4.2116504,0.06478248,9.412139,1.7517047,51.13267,6.5333494e-05,9.847723,3.407956,3.5488956,83.14086,1.7897371,0.016723022,0.0018677268,0.19824019,1.6490638,0.0072358623,0.082266875,0.009334729
1.2290506,0.00018121948,3.610107,0.06532812,9.50624,1.3441994,49.789192,5.3649077e-05,7.41338,3.361247,3.0434663,68.380554,1.8066314,0.012653864,0.0024045424,0.14856769,1.713418,0.006582195,0.066121936,0.009655975
1.1965965,0.00024779813,3.1328697,0.09847967,9.324229,0.94804615,52.06934,4.900074e-05,10.135445,2.1802745,2.7499962,57.56783,1.1354518,0.013899654,0.0020680288,0.12996566,1.6730515,0.0036676389,0.042188443,0.006501588
1.211838,0.000664342,17.619528,0.13196121,11.421528,6.5611424,42.643414,0.00010351316,39.7411,16.41693,2.7163973,325.49814,8.34155,0.021789216,0.0041899527,0.30119792,7.720641,0.02130508,0.17177679,0.015926722
1.2336329,0.0005739989,16.171928,0.14920111,16.002216,5.409992,51.19398,0.000104476734,46.313435,16.734146,4.1822176,270.62097,8.457534,0.048105143,0.0065898537,0.3051732,6.465007,0.016971484,0.103100546,0.024040438
1.1623288,0.0004349432,6.1773367,0.19821498,8.735797,1.8488389,42.769737,7.7833254e-05,8.467703,4.8800945,3.088318,112.74884,2.851001,0.040390093,0.0046749236,0.22398551,3.0320232,0.010916864,0.07124236,0.0154065695
1.155221,0.0003565361,5.9724736,0.032241266,8.240793,2.2513006,38.60589,6.659004e-05,8.070332,4.287147,2.5922,115.266716,2.6173437,0.019873759,0.004657623,0.18727933,2.89553,0.0068162973,0.06160014,0.010166435
1.1645365,0.00048604162,5.805864,0.07776128,9.70327,1.8551096,48.00584,8.061254e-05,11.027891,4.195267,3.1785061,114.48025,2.4667273,0.029287495,0.003080033,0.19070059,3.2265456,0.0029464676,0.07918492,0.0038410076
1.2422948,0.0006491797,7.979179,0.077854246,11.382516,4.0628676,59.692142,9.959236e-05,13.531196,7.8931694,2.8356917,150.71275,4.1011033,0.027069766,0.0049713035,0.29424694,2.7040358,0.007114495,0.13885532,0.015315272
1.1430935,0.000616159,7.335668,0.14784288,7.8614235,2.8649487,35.07393,0.00010119571,13.484351,4.5419097,2.8232045,144.29384,2.6665347,0.039380208,0.002312156,0.23728392,1.9387594,0.017777836,0.1769652,0.021803135
1.359189,0.00031696935,4.2387066,0.13521063,9.520892,1.2912419,48.619137,5.572869e-05,7.7497478,3.40673,3.6156635,86.60205,2.0026314,0.027029458,0.0032384475,0.18398586,2.3622713,0.010257149,0.08542706,0.012529819
1.1092858,0.00030321366,6.9083915,0.018825246,8.2007675,3.0230503,31.39062,6.789761e-05,7.16408,6.637841,3.0389998,131.58069,3.8215466,0.021517022,0.005540507,0.1753559,3.5596697,0.0011260009,0.052657753,0.004893316
1.1488997,0.00039659702,6.0881085,0.059775874,7.3986754,2.3687396,34.845856,7.7424884e-05,7.2435627,5.0492024,2.9166028,112.32766,3.1626287,0.023920745,0.0037954997,0.19013003,3.134939,0.0045910035,0.04182618,0.007758916
1.1552773,0.0004411125,6.636355,0.09320925,7.829676,2.1892762,36.06658,8.355922e-05,7.5797963,5.062094,3.2406929,121.25647,3.176075,0.03146258,0.004330079,0.21367218,3.300596,0.0058165784,0.05192433,0.009133822
1.1630454,0.00033514775,5.675392,0.049556825,7.8007755,2.1941867,33.314682,5.8514644e-05,14.195317,4.230314,3.004937,109.363846,2.1778677,0.012360684,0.0018799613,0.16919944,2.785694,0.011795251,0.0855855,0.008536302
1.241096,0.00045953476,10.07404,0.14298284,10.618977,3.9503522,49.690235,8.826749e-05,16.286991,9.745242,3.6555297,187.86324,5.4465747,0.025908226,0.0055444613,0.25514087,4.1948857,0.016469292,0.13703442,0.019167548
1.2680064,0.00046738712,18.698606,0.1152269,9.954733,8.897792,49.02387,0.00011613729,44.000736,20.171732,3.5985174,330.6493,9.032538,0.02443816,0.006003595,0.39843464,7.7232504,0.04834,0.17045826,0.022239536
1.1486882,0.00050703547,10.85707,0.10606562,4.967466,4.069569,21.011593,9.493305e-05,24.21653,10.018195,3.6004632,203.79773,5.414842,0.026237806,0.003893372,0.26867613,5.3470645,0.013385376,0.13161515,0.014234595
1.2067527,0.00038355164,9.575542,0.091397285,15.00342,2.794538,48.6455,8.723103e-05,23.685404,6.900056,2.9008482,171.6391,4.5430036,0.02906663,0.005156582,0.25932574,4.778955,0.018743271,0.10209193,0.014724889
1.3029039,0.00051232753,12.590834,0.19012858,13.968874,3.9546072,58.337555,0.00010640334,27.14662,9.528362,3.584548,214.82623,5.698407,0.033077493,0.0067844912,0.33319968,5.753948,0.025190288,0.13338892,0.024700185
1.1240954,0.00032157794,7.6581583,0.10808503,7.1606965,3.3969207,34.119392,6.6360066e-05,9.952581,8.426844,2.6725843,143.02931,4.5926886,0.016266871,0.0043746624,0.16483977,4.012995,0.009124312,0.08747968,0.00783469
1.1215813,0.0005499224,5.987772,0.2382833,6.3396482,2.156548,23.680279,8.259388e-05,15.851553,2.9299595,3.1804264,122.35787,2.3951306,0.050030526,0.002601092,0.19863635,1.358847,0.013610569,0.29044384,0.02858188
1.1928762,0.0007140124,10.373926,0.16348565,9.270043,3.4951959,40.78612,9.446309e-05,22.587635,7.4140606,3.4420152,195.66232,5.127374,0.06334784,0.0044820677,0.24997595,4.2169447,0.0186305,0.162148,0.020280192
1.1794182,0.000671105,11.707144,0.16823189,8.924189,4.514446,41.017353,0.00011118611,25.543358,9.526722,3.3207278,234.9369,4.0517693,0.04960452,0.0043663047,0.3549266,4.7720485,0.024999097,0.16753508,0.022611814
1.2267451,0.00031658812,7.527041,0.06827735,10.52004,2.7122788,46.312664,7.918111e-05,20.623203,5.2527695,3.1193142,135.41603,2.4707623,0.026224347,0.002223576,0.291318,3.2277982,0.020214548,0.11690341,0.018070772
1.2162719,0.00020928834,5.148141,0.06951512,7.449208,1.3942499,37.914494,5.580469e-05,9.810273,2.51355,3.534356,105.48169,1.6691984,0.029102936,0.0033186574,0.16412607,2.5089188,0.011215811,0.066700876,0.0137760565
1.1650033,0.00046993647,5.51122,0.15947829,6.699007,1.8127713,29.264637,7.203001e-05,8.8023,3.4272358,2.7969346,105.59827,2.260781,0.040904805,0.0018411841,0.1838823,2.222036,0.014835545,0.07940491,0.014078633
1.2018139,0.0003504793,3.583685,0.0752447,7.7371407,1.1624812,38.494984,6.014955e-05,8.17388,2.4038804,2.8520203,68.52205,1.3560165,0.018861147,0.0011795501,0.18843685,1.655614,0.009517814,0.057491448,0.008102968
1.2538679,0.00033126154,3.3049576,0.14792638,7.364679,1.3140671,35.56988,5.8912974e-05,9.462429,1.9167935,2.9722476,68.98298,0.6823355,0.025779525,0.0011006561,0.17307928,1.2925426,0.012502065,0.09881892,0.010221192
1.1491252,0.0004027937,8.424716,0.063114285,9.385861,2.520109,31.464275,7.859847e-05,15.792101,5.1470923,2.689151,147.21194,3.3164587,0.016954651,0.0046316055,0.25377202,3.821736,0.012117082,0.06825076,0.012026174
1.2846258,0.0005460931,16.521507,0.1758685,15.453841,6.40414,40.187176,0.00014425436,37.983715,14.729212,3.3091915,301.03653,9.277407,0.029056225,0.007800384,0.5324178,8.152507,0.026176445,0.11506394,0.028442096
1.2161978,0.000351967,4.039219,0.09362587,7.7613544,1.4309288,37.254963,7.075858e-05,9.896644,2.981624,3.046301,79.627495,1.5182015,0.022400891,0.0023028164,0.16078688,2.0276558,0.0061123944,0.05727549,0.003856745
1.2226417,0.000555603,11.511164,0.16650884,12.033035,3.7612314,37.125023,0.00010089926,24.837479,9.85178,3.741705,191.43127,5.7945185,0.031548396,0.005918786,0.3441772,5.029316,0.017202875,0.08503979,0.019065851
1.1517047,0.00021686354,3.1742938,0.027859231,6.2129793,0.88644207,28.235142,4.0696435e-05,7.488711,1.6811105,3.1456807,59.0966,0.8156761,0.018633837,0.0015033671,0.12604547,1.8759797,0.004408841,0.027373271,0.0055715404
1.1456097,0.00032257635,5.1772857,0.08979647,8.415812,1.9890846,42.71624,5.990202e-05,7.943523,4.780328,2.7166622,99.1797,2.6457858,0.021593018,0.0037589823,0.17210591,2.7922177,0.00868333,0.0536026,0.00930272
1.182011,0.00031421948,3.5874255,0.08020421,7.9180713,0.8855086,39.788612,5.9330727e-05,8.154305,1.9870058,3.1652076,64.85136,1.1708745,0.02041617,0.0011646237,0.1656067,2.1239634,0.006846833,0.034010317,0.005241152
1.2000669,0.0002081116,3.2314389,0.03925537,5.609383,1.0424148,25.258354,4.0297575e-05,6.906093,2.0089042,2.8824887,61.536053,0.8649135,0.013620548,0.001272173,0.124970615,1.5691191,0.0060097533,0.050984584,0.0063927937
1.1880451,0.00033664212,4.3002486,0.102303565,8.295568,0.9777095,42.064606,5.9272657e-05,8.90436,1.8580688,3.2109115,84.4376,0.93099684,0.027376128,0.0013541539,0.15253066,2.1670647,0.0091709895,0.035499867,0.0077493307
1.1383485,0.00032017383,4.503189,0.08819318,7.705999,1.401429,38.167934,7.2474795e-05,10.9234915,3.2449112,2.3886278,90.46552,1.9061878,0.021849427,0.0023052962,0.2284568,2.171568,0.012048109,0.07461555,0.011349723
1.1526105,0.00038677396,4.217555,0.060214207,7.5987916,1.3732722,40.422157,6.384405e-05,9.086827,3.0322416,3.2078931,79.957695,1.7643359,0.022159949,0.0010781486,0.18373598,2.2345588,0.0077661416,0.06169836,0.005873769
1.2258121,0.00043756614,5.0128975,0.01426418,9.11235,2.1833622,51.12169,8.459474e-05,9.171889,4.7404547,3.208723,90.69065,2.7379034,0.0123247085,0.002300955,0.28815633,1.8945277,0.011503602,0.07588222,0.01136936
1.2033325,0.000399187,3.552261,0.11470416,8.730015,0.9216329,49.572216,7.7077966e-05,9.613088,1.887873,2.853306,69.75732,0.9814265,0.022528354,0.0012390146,0.18104082,1.6473259,0.005920269,0.074049376,0.0069184895
1.1390721,0.00022294879,3.1978412,0.06632243,5.885776,1.034499,29.37943,4.5019668e-05,8.610151,1.9335209,2.688026,65.42081,0.8804742,0.017974634,0.0012884967,0.13367175,1.6389145,0.008356915,0.058981072,0.0073223417
1.163458,0.00038466428,3.629404,0.1304142,8.425773,1.154493,43.06297,8.04615e-05,8.537653,2.3873308,2.7918515,73.09891,0.9770519,0.021561392,0.0017236349,0.17936248,1.6334131,0.0053307884,0.073033415,0.0052028154
1.2331976,0.00019520389,4.5674753,0.07542526,9.133081,0.49997818,49.034252,6.655327e-05,9.326919,2.556996,3.1908906,81.521965,1.6866617,0.022036016,0.003488604,0.24917907,2.9120715,0.014912553,0.10790741,0.015762992
1.2034833,0.0003107459,3.3620489,0.08702296,8.962814,1.2044914,47.931316,5.784478e-05,9.225847,2.1122735,2.8713858,67.88627,1.0813714,0.020949135,0.0013234259,0.1757511,1.6249025,0.008022819,0.06527659,0.007868162
1.1408066,0.0002238344,3.1640801,0.023223776,5.82594,0.9606963,26.97338,3.8021903e-05,4.7944865,1.7562869,3.2077422,63.12512,0.7184093,0.011875057,0.00071665953,0.120009564,1.3889385,0.0054783095,0.045698505,0.004605421
1.1551275,0.00027543918,3.3831646,0.031431533,5.944684,1.3373411,28.362923,5.165475e-05,6.5848293,2.2556777,3.5351255,66.69761,1.0230341,0.018949946,0.0019271373,0.15227246,1.5391513,0.005344889,0.03932093,0.0058589727
1.145845,0.00032356303,4.8497252,0.06868577,7.1776376,1.6714369,35.017883,5.995367e-05,10.862436,3.6094618,3.6024125,91.72631,2.1105263,0.019954875,0.0019916797,0.1853311,2.0395334,0.009459594,0.06423613,0.008192999
1.2127842,0.00037318197,4.3161077,0.05920819,9.760343,1.8969221,54.725937,7.2584065e-05,10.703845,3.3854609,3.527097,80.56669,1.7545582,0.016359527,0.0014558777,0.21098015,1.5603596,0.0127136065,0.087234735,0.01122964
1.2120428,0.0006891624,15.034505,0.2210715,8.910481,5.648173,42.010345,0.000106800784,36.01212,14.009598,3.2744794,298.6493,7.3132253,0.03658536,0.0031139103,0.44035658,6.66445,0.03191024,0.15621562,0.017412951
1.2461133,0.00045148697,5.4659195,0.17806011,8.822878,1.520848,47.20515,8.5243824e-05,11.949858,4.4921594,3.0780294,103.77249,2.9080834,0.024259249,0.002768887,0.30220157,2.95134,0.019542763,0.10665375,0.019528927
1.0533147,0.00012487613,3.330836,0.006590131,5.7464223,2.1671555,23.514639,3.2381366e-05,8.502679,3.9807541,2.9245439,69.17762,1.2196018,0.0052462704,0.0009826816,0.09529647,0.78653497,0.007164464,0.11379698,0.0053905942
1.1804793,0.00031792492,5.3249044,0.03806714,9.513638,2.2106726,49.400772,7.217521e-05,9.037763,4.795246,2.5105746,99.48487,2.7616074,0.014987994,0.0028471607,0.22514229,2.2310157,0.008017863,0.088079035,0.009281181
1.0787311,0.00015328622,3.4580605,0.0089687435,6.711333,2.2039063,28.190128,3.748504e-05,9.562277,4.026073,3.145369,71.6565,1.3052605,0.00927451,0.0010045485,0.119676255,0.75897783,0.008341578,0.1136817,0.00784778
1.062073,0.00021826071,3.2092414,0.042318184,6.0790315,1.9307731,27.98265,3.420815e-05,10.707865,3.220091,2.6766243,67.88885,1.0833324,0.01081977,0.0008417002,0.08032417,0.891649,0.0054094046,0.119464576,0.0031495434
1.2263012,0.00046008013,4.785859,0.14137562,10.291463,1.0583661,53.22818,7.75323e-05,14.355043,1.6521763,3.5462985,92.09508,0.75384426,0.030295635,0.0014361287,0.26760837,1.8515456,0.020895144,0.1613083,0.017532151
1.2260194,0.0004004146,4.0596538,0.118728764,7.374612,1.203625,38.23743,6.658411e-05,11.834932,2.1165898,3.26714,82.99756,0.75725657,0.021925742,0.0012671376,0.18026696,1.9346833,0.012973361,0.096719146,0.0069501926
1.1628673,0.00022030632,2.9605668,0.077174105,8.138437,1.4824235,43.348225,3.956623e-05,10.438531,2.539174,2.9938836,68.32647,0.8148671,0.016607882,0.00088361243,0.108552955,0.84150326,0.007862296,0.116012074,0.0073894095
1.243977,0.00037369016,4.1536026,0.08567882,9.010424,1.5466508,49.159065,8.2541585e-05,10.516867,2.945345,2.8728607,83.73468,1.3382164,0.01996962,0.0019576566,0.19405966,2.035474,0.0059505804,0.104475915,0.0092766695
1.1533539,0.00018981767,3.3919427,0.060908336,7.1867967,1.8294216,37.643032,4.3888038e-05,13.908332,2.8433352,2.6868148,78.21333,0.9547524,0.021348746,0.0014927106,0.110150374,0.8231826,0.010167363,0.15823917,0.010407252
1.0844132,0.00018796671,2.8196335,0.03742214,6.3551183,2.150903,30.183382,3.1534928e-05,8.69971,3.4391558,2.5681167,65.854805,0.9172774,0.012933867,0.0012985134,0.0808446,0.45118207,0.004856172,0.12224701,0.0051616426
1.1322203,0.00011743506,6.584853,0.049467016,5.210093,5.368068,20.22278,5.398982e-05,6.120594,9.395505,3.1454134,137.4872,2.7867875,0.0069832318,0.00133608,0.16935207,1.1067106,0.00960693,0.22054459,0.0137655465
1.229386,0.00020925295,3.5699284,0.03310619,7.4180655,1.5887134,34.1229,4.7541816e-05,11.054444,3.034883,2.6137254,70.05503,1.2908105,0.012182588,0.0010657057,0.14081448,1.1487726,0.009333987,0.089551,0.009044163
1.1146482,0.00026873965,3.2325392,0.07836333,6.6824117,1.0159144,31.495623,3.914456e-05,9.073504,1.9416676,3.3182151,65.083885,0.7061117,0.018478164,0.0007963857,0.12548475,1.2138815,0.0077039236,0.072882324,0.0068596965
1.1285843,0.00029442826,3.5375473,0.055245835,7.4668536,1.2646914,34.455517,4.896398e-05,10.800192,2.2551737,3.0127888,69.54815,1.0156634,0.017732136,0.001430493,0.13750812,1.6207983,0.009752746,0.044106815,0.007805297
1.2104675,0.00023968673,4.1368647,0.09008993,7.6002536,1.6123408,35.416603,5.775844e-05,10.715496,3.5506144,2.5789733,84.35974,1.643087,0.016343974,0.0020377734,0.1463595,2.1787224,0.006468246,0.08590005,0.0073089898
1.1217645,9.3337105e-05,2.6300044,0.005213307,7.293706,1.7855692,35.951748,2.4481667e-05,10.228516,3.2305129,2.982502,57.48558,1.0284591,0.0079224715,0.0008055612,0.07475974,0.61214393,0.004153506,0.08375521,0.004316301
1.1800046,0.00038620777,5.1483836,0.20988098,8.444846,1.8135017,43.572014,7.1573224e-05,9.609807,5.099035,2.8483615,100.57754,3.0295453,0.032082807,0.0039972286,0.2679617,2.9824684,0.013799869,0.09388007,0.014295774
1.2515403,0.00044062606,4.408883,0.1127718,9.397226,1.406652,50.17808,7.81747e-05,11.5901165,2.4755144,3.433731,87.69811,0.9909524,0.026123,0.0016508698,0.23291874,1.9509528,0.0134664755,0.11384205,0.011491756
1.1338528,0.0001285081,2.8484368,0.0074904687,7.352031,1.8657823,33.53613,3.294e-05,6.8625717,3.1681266,3.207083,63.705276,0.9400904,0.007865013,0.00097032374,0.11335275,0.6749389,0.0074100294,0.11485501,0.0066672536
1.1978214,0.00021608951,2.9153104,0.052738946,6.0157075,1.3270408,26.753767,4.0851857e-05,9.756284,2.218165,4.108652,56.49294,0.69050145,0.01303118,0.0010289701,0.11309128,1.087928,0.0056962324,0.09149553,0.0054087434
1.2415124,0.0002556965,3.4778445,0.10185421,8.223305,1.2669051,45.849716,5.5026085e-05,14.170778,2.290218,3.4677963,63.155224,0.8312128,0.020114193,0.0012892464,0.16130678,1.373478,0.011727238,0.13851076,0.012417745
1.2133319,0.00033695498,4.3722405,0.06406788,10.265272,2.2186127,57.305218,8.2598825e-05,9.878025,4.366221,2.5750759,87.37448,2.0087702,0.02103149,0.002528116,0.28490117,1.6055865,0.013866622,0.1084898,0.014217652
1.2131555,0.00024822116,3.7571201,0.13009617,8.819397,1.9755943,47.42173,7.802965e-05,10.038515,3.4886656,2.573311,84.283676,1.709016,0.030817272,0.004415791,0.23823866,2.1273377,0.009875478,0.067675486,0.010184838
1.0856159,0.00028263553,3.2969391,0.0816197,7.274408,1.0831358,32.907063,4.1080923e-05,11.791135,1.9942309,3.5692194,63.633297,0.72685564,0.020762403,0.00041193276,0.12581196,1.1172556,0.007751564,0.090933256,0.007312837
1.1707858,0.00025311284,4.0870323,0.05163652,7.647535,1.4136513,43.46262,5.3994932e-05,8.040305,3.495083,2.709698,82.60947,1.9145359,0.0149668595,0.00199761,0.19261093,2.0422263,0.008896985,0.05839752,0.009069496
1.1370206,0.00037843775,3.4475238,0.10882405,7.78568,1.4839351,36.73809,5.25145e-05,16.140429,1.646558,3.532183,68.88709,0.04317086,0.029803583,0.000697824,0.11430251,0.9559306,0.007557995,0.13927945,0.009382394
1.1905884,0.00025385627,4.6419573,0.10829007,6.8590407,1.6354693,35.86691,5.1965115e-05,14.538285,3.3359191,2.6586034,91.886055,1.5556692,0.016155332,0.0010807213,0.17323561,2.3112237,0.011154099,0.1122596,0.0075379685
1.2337217,0.0003586263,4.352425,0.10106806,9.786206,1.8447796,52.023743,7.7867604e-05,11.383457,3.6993368,3.0229433,88.44317,1.8677884,0.019217325,0.0027152202,0.21794662,2.2332697,0.0056978124,0.09317003,0.008606483
1.0976468,0.00015869905,3.3576965,0.038145617,6.3568635,2.7774115,25.893757,3.49029e-05,10.695465,4.7904325,2.1361003,68.62822,1.4177897,0.005466982,0.0010802769,0.09104182,0.69905096,0.0055103153,0.12888372,0.005387962
1.1757529,0.00020104811,3.6340451,0.019741317,5.690639,1.9288595,23.415958,4.3494754e-05,8.501197,3.4858875,2.7495234,69.72251,1.4000692,0.009253937,0.0009053469,0.11785598,1.061968,0.0055430555,0.09147065,0.0057518706
1.1357038,0.00015158762,3.2539554,0.059796955,7.2613015,1.7035394,31.438345,3.7436705e-05,11.993579,2.9715004,2.4498909,66.46816,1.052707,0.017628172,0.0015019433,0.087646715,1.0020937,0.00874784,0.11552953,0.0079651605
1.1458675,0.00023152835,2.9514427,0.044186592,6.315605,1.607352,27.402971,3.6555197e-05,11.406013,2.5275671,3.3242314,65.128654,0.8460563,0.01624037,0.0005731165,0.094823554,0.7607676,0.006429429,0.12575583,0.005682152
1.0465157,0.0001089521,3.2150376,0.039908204,8.8528595,1.6455951,37.105072,3.774305e-05,11.70679,2.9429736,2.030664,58.672714,1.3119833,0.012443651,0.0017906383,0.12959911,1.0400411,0.009485202,0.08284652,0.010547323
1.2278502,0.00046365557,17.269176,0.1237941,13.070531,5.015499,38.539555,0.00011050136,32.940884,14.128792,3.7234983,287.57578,7.7742453,0.035927832,0.007164381,0.31829813,7.4777265,0.026083011,0.11785461,0.028348574
1.2053527,0.0003338605,4.60416,0.04220301,11.048596,1.6491117,60.345608,8.364363e-05,10.938077,3.5639765,3.7425065,87.90075,1.6986421,0.019596117,0.0016254869,0.2565024,2.1522646,0.011468536,0.07038587,0.010940249
1.2111795,0.0002843858,3.7393668,0.0669964,10.6128435,1.0543591,55.291992,5.8176112e-05,9.798624,2.456677,3.2199512,71.2573,1.1828667,0.01592904,0.0014796536,0.19740534,1.7297603,0.008917121,0.0673127,0.0104340855
1.1868742,0.0003834858,4.320585,0.05166131,10.529994,1.3356676,54.897434,7.1961564e-05,11.836504,2.936274,3.1380992,80.77677,1.4287995,0.014583227,0.0012114377,0.20775466,2.053271,0.01078794,0.077036254,0.008893246
1.2593185,0.00019103714,3.0786626,0.053128324,11.843641,0.9249772,63.424946,5.8923662e-05,10.861572,2.0760477,3.2742138,59.251965,0.8534135,0.0090179555,0.00170461,0.1883159,1.4668212,0.007989487,0.07145004,0.009717974
1.1616709,0.00024145927,3.9275563,0.059100494,10.130477,0.9388534,54.898746,6.750832e-05,9.926731,2.3122795,3.515491,72.11309,1.2304134,0.02217633,0.0020914567,0.19685344,2.401291,0.007467313,0.03878685,0.009784174
1.3282228,0.0003178737,4.2409043,0.07807696,11.886256,1.3092229,66.47806,8.12661e-05,13.23621,2.6489625,3.6702971,74.69381,1.370387,0.02520692,0.0020714793,0.276776,2.1644926,0.01724283,0.10856889,0.018142162
1.2001164,0.00031242738,4.501788,0.087483406,10.433808,1.7473652,57.744907,8.549659e-05,11.131025,3.8724527,2.9217048,83.22041,2.0195043,0.023082882,0.0030269374,0.23469047,2.089888,0.01147248,0.082856,0.014042237
1.2103481,0.0002373284,3.7392561,0.045546904,10.91777,1.0013322,60.99379,6.6727865e-05,9.264407,2.5645914,3.362301,71.06072,1.3744085,0.013828386,0.0018490362,0.19647877,2.0653245,0.008448833,0.040797878,0.0097475285
1.35915,0.00032896354,3.4287503,0.12948208,12.638545,1.0750175,68.74357,7.433092e-05,13.603058,2.3843555,3.431357,66.71748,0.96812946,0.018339593,0.0019027279,0.22177036,1.6037507,0.010542887,0.103326716,0.012920123
1.1182184,0.0003224332,5.444355,0.06128208,6.818887,1.8197072,29.220098,5.9291036e-05,11.821034,3.6148887,2.8563993,100.851654,1.7300901,0.017850634,0.0017007313,0.16862106,2.2235303,0.01110456,0.06822053,0.008847276
1.15204,0.00037863446,5.5033903,0.032365486,8.726818,2.3949146,44.037685,7.111124e-05,9.03246,4.459951,3.1726015,103.15529,2.3355966,0.0162397,0.002698458,0.19140378,2.534026,0.008225722,0.0766218,0.0080113355
1.1709137,0.00021621505,3.740507,0.051501703,7.772392,0.9472876,37.062283,4.8774087e-05,8.949429,2.163322,3.1855009,71.2561,1.063303,0.02161318,0.0018087557,0.1813587,1.998703,0.009569375,0.0461747,0.00940002
1.0667427,0.00039936337,4.8856854,0.08922073,7.0729837,1.5080488,29.25699,6.120846e-05,15.287528,2.6714616,3.0992656,97.74824,0.9661528,0.022351718,0.00090858986,0.13391857,2.0451043,0.007979461,0.08116565,0.006000272
1.1752087,0.00030442662,5.355583,0.045370355,9.482772,2.0061445,45.496624,5.0811097e-05,10.650132,5.1151447,3.7120383,96.30814,2.5950222,0.013494403,0.0025348538,0.1706108,2.5808377,0.011067383,0.078770794,0.008697358
1.1673951,0.0002699518,5.8735623,0.053839087,9.551778,2.546883,46.32484,7.051343e-05,10.3857565,5.570144,2.8453717,109.00291,2.9575746,0.018161912,0.0033831075,0.21288818,2.8383348,0.012346753,0.093767606,0.01139169
1.1529646,0.00031930034,5.9341908,0.05325996,8.124069,1.6765175,40.23036,6.143484e-05,9.9159,4.337769,2.9267385,112.403786,2.497598,0.02130343,0.0025163188,0.17735283,2.9766474,0.008129548,0.0746711,0.007194796
1.2432196,0.000509399,13.121447,0.10515867,13.603709,6.359322,46.586235,0.000110084125,20.223553,14.836897,3.072829,252.70195,8.077589,0.028358158,0.0053665424,0.31527197,5.466002,0.02060486,0.13463314,0.019486532
1.1308284,0.00025913806,3.9239495,0.029637171,6.032276,1.3595542,24.75853,4.6987214e-05,11.368684,2.202146,2.9757824,77.96014,0.82563525,0.018030435,0.0019741387,0.112822,1.5589722,0.0073805177,0.06012609,0.0042760926
1.1260327,0.0003667611,5.3110256,0.02788629,8.6958,2.430293,43.811443,6.310771e-05,9.898751,4.781364,3.251615,97.8235,2.7337909,0.017823245,0.0023638858,0.20980015,2.1930823,0.008895937,0.091385245,0.0096676005
1.1923393,0.00031413237,4.783001,0.06966862,8.576749,1.5901784,44.239006,5.685707e-05,9.666629,4.2388535,2.665168,81.23183,2.3589408,0.01677677,0.0023230554,0.16789222,2.189224,0.008701292,0.057926733,0.007572743
1.2145655,0.00034995933,4.8393664,0.059750542,9.399802,1.6877308,50.155228,7.623376e-05,8.76183,4.0252876,3.1468887,96.46427,2.1712565,0.021806398,0.0034336173,0.22779898,2.3485177,0.00993925,0.07287818,0.010644197
1.2166305,0.00031418662,3.7635446,0.16082442,9.404291,1.3220911,49.448643,6.1156024e-05,9.635293,2.8209555,2.9478147,77.861595,1.3577492,0.02394654,0.0032251494,0.20182426,1.6345416,0.010527018,0.08521454,0.0120779555
1.1223066,0.00026125443,3.9865,0.080187075,6.979999,1.4352412,33.239964,5.71066e-05,10.777475,2.9756436,2.4845815,80.85885,1.4851476,0.023592385,0.0023993577,0.14468694,2.08735,0.0061275237,0.058427844,0.006364547
1.1879222,0.00030787807,4.9421177,0.11602919,9.835719,1.1035687,47.870125,5.5292425e-05,14.52156,3.0901983,2.8734019,88.901634,1.7872496,0.025245234,0.0027723461,0.14599054,2.5070622,0.007839585,0.03764643,0.009340764
1.1300875,0.00030584,3.9268098,0.083691485,6.6496096,1.6179674,30.915842,5.2729887e-05,9.944581,3.7584808,2.840949,75.23602,2.050444,0.022882294,0.0030523736,0.14125717,1.9911561,0.0037384762,0.02875554,0.006062775
1.236987,0.00043466993,4.4356604,0.17182352,9.422272,2.12238,50.36411,8.428786e-05,10.319799,5.30351,3.061126,98.82824,2.5669553,0.03947156,0.0053853467,0.2501889,1.9609185,0.010210706,0.11176762,0.013760119
1.2479129,0.0003685409,3.9615993,0.14248316,10.717206,1.3242651,56.506668,6.459292e-05,7.724768,3.1997015,2.9844573,74.65901,1.4792719,0.028044757,0.0029808192,0.23127666,1.8193007,0.014288514,0.08591869,0.014468564
1.2000514,0.00023743892,3.7401583,0.0618771,9.366131,1.2573541,50.320953,5.1170813e-05,7.612511,3.126952,2.9949663,68.51228,1.515249,0.014580537,0.0024592432,0.15463951,1.5801466,0.005811863,0.07132257,0.008911601
1.1786073,0.0002078106,3.3371272,0.05042125,7.7776985,1.2285815,31.737774,4.3236396e-05,7.99819,2.4158952,2.5670707,66.11673,1.0744786,0.013335968,0.0014667959,0.14898773,1.5354403,0.00924057,0.07425532,0.00738972
1.4435306,0.0003120095,3.786883,0.117365226,12.957702,1.7140292,69.937454,8.073527e-05,12.194242,3.4929192,3.7363503,76.868095,1.6459829,0.021641258,0.002036986,0.23338358,1.6027404,0.012417096,0.13275366,0.014849224
1.1202664,0.0002653677,4.1743064,0.07637646,7.6195235,1.2928104,35.421867,5.4035707e-05,8.024592,2.9681644,2.4748747,79.92278,1.6084926,0.02207404,0.00223549,0.1688495,2.1744568,0.008886745,0.05127927,0.008766289
1.1796665,0.00028679997,5.0538225,0.055298034,6.3362556,1.988244,24.121256,5.1998722e-05,12.870044,3.9107268,3.7912848,91.05379,1.8036424,0.013580422,0.0017217931,0.14924134,2.2010612,0.01252805,0.091789976,0.008419169
1.1506027,0.00031207295,3.7707353,0.06986821,7.5079966,1.3376433,38.967136,5.0669776e-05,13.830334,2.8477273,3.323419,76.17226,1.8346258,0.01905238,0.0014616599,0.18336791,2.7333846,0.011274005,0.06221178,0.0059033153
1.2275511,0.0002863283,3.8570716,0.053644534,8.740703,1.5958171,44.52157,5.1044062e-05,8.757279,3.3716464,2.6215823,72.46221,1.676286,0.014531275,0.0014368276,0.17884372,1.9630017,0.009867547,0.053659983,0.008688762
1.2462118,0.0003045583,4.1672835,0.052446097,9.970722,1.836368,48.38801,6.0859296e-05,9.001819,3.955451,3.4929416,76.64126,2.025766,0.014886146,0.0015902373,0.20727468,1.9236113,0.01131491,0.08674712,0.009752117
1.2266352,0.00028535997,3.5596921,0.10087566,9.289245,1.427523,46.024303,5.082076e-05,10.638139,3.32823,2.9829845,69.28963,1.915411,0.016335476,0.0014490006,0.19493353,1.9004401,0.010510424,0.071517214,0.008794886
1.179669,0.00034131017,4.121826,0.05533286,9.422013,1.744562,48.440594,7.546464e-05,8.96171,3.7489202,3.4081032,79.10305,2.2278705,0.007379317,0.002291442,0.22586654,2.004379,0.007678743,0.07671668,0.00964536
1.2131096,0.0003512569,3.8676147,0.15121368,9.312295,1.4941747,48.803036,7.071747e-05,10.009676,3.3026927,2.9657223,78.088615,1.8198125,0.031512756,0.0028217384,0.23352167,1.6960659,0.01095236,0.111390404,0.012410088
1.1534868,0.00031924987,4.079306,0.060402866,8.466923,1.1581289,44.219368,4.6000456e-05,11.633987,2.3617737,2.8612754,76.07458,1.3296932,0.01896309,0.0017202261,0.11468232,2.0654492,0.0060749757,0.042554576,0.00646713
1.3110322,0.0003021623,5.736156,0.042643815,11.238954,2.634301,56.143684,7.32104e-05,10.523089,4.745148,3.2872894,114.32161,2.4581022,0.027705451,0.0023635514,0.2418248,2.714901,0.0186777,0.10243911,0.0147961
1.2616953,0.00028215823,3.7376206,0.10224655,7.8870096,0.9309408,31.018919,4.635118e-05,12.144258,1.8870938,3.8210957,72.71831,1.3332713,0.023949571,0.0015489841,0.15687554,1.5225852,0.010876611,0.09247479,0.010441852
1.3084792,0.00063299044,16.750822,0.17069456,13.016437,6.2385926,52.85689,0.00013459199,39.69594,15.950254,3.1628873,307.9769,8.723421,0.029509563,0.005303794,0.48422825,8.85426,0.02579532,0.12876868,0.018003128
1.0661006,0.0003014728,4.395307,0.04808892,6.4633527,1.4912165,25.242655,5.182892e-05,11.636749,2.75707,3.0622575,84.98838,1.3154052,0.016934099,0.0019226215,0.11533859,2.0322964,0.0068085515,0.047536902,0.005191445
1.2436571,0.00027573653,3.755692,0.09076434,9.568119,1.3506023,51.918697,5.9002272e-05,10.06796,2.3114517,2.867932,74.061905,1.0793438,0.022751536,0.0015684816,0.1903204,1.5331293,0.011984379,0.08875589,0.012016954
1.1418886,0.0002449047,3.6220963,0.06556697,6.9068975,1.2433245,31.819141,4.551983e-05,13.163946,2.7099535,2.3815012,69.548615,1.800517,0.01773407,0.0015097794,0.16859521,2.1090856,0.011748031,0.06636391,0.006536298
1.2313695,0.000102907485,2.4701352,0.047654156,9.422764,1.1049322,50.54005,4.2841773e-05,10.544547,1.2657274,3.7180774,56.65939,0.47213265,0.017546456,0.0009725508,0.15012223,0.8979069,0.014691373,0.13744168,0.012840109
1.1773564,0.00022585032,4.9265,0.06687779,12.9822855,2.220528,41.141556,5.7012072e-05,17.984968,3.69764,3.66809,96.21186,1.8003753,0.018320538,0.002256987,0.18468164,1.5986516,0.01512513,0.11387536,0.014232416
1.2447742,0.00034263424,3.8688507,0.07950019,11.289575,1.3068514,58.412884,6.935421e-05,11.107083,2.4847765,3.4152522,74.71518,1.3691437,0.02210018,0.0011076599,0.23308855,1.3720775,0.01694856,0.09467306,0.014190837
1.2945381,0.00043302096,3.9315033,0.10366873,10.351919,1.3661649,56.67082,7.984347e-05,11.245191,2.373508,3.454167,76.86145,1.0376307,0.027469538,0.0014790279,0.25916547,1.5684768,0.015026696,0.10740995,0.014183166
1.3666456,0.00020684158,3.3338869,0.09502917,9.4399,1.7044907,45.70351,4.8804126e-05,22.533104,3.1166792,3.3839374,67.18218,1.221563,0.019161852,0.0017898099,0.15462726,1.4197916,0.012853083,0.14495021,0.011558193
1.1940943,0.00023678469,3.5906858,0.05929707,9.513775,1.2347388,43.877033,5.8697846e-05,11.846721,1.7411935,3.0437944,77.14102,1.2413334,0.02187801,0.0018925616,0.2084662,1.3311567,0.016578497,0.101984546,0.014403729
1.3170455,0.00035343636,4.72029,0.10349176,9.733263,1.3283533,50.70783,7.5895696e-05,12.978465,2.1747532,2.9216163,88.46598,1.1760209,0.028506631,0.0013391697,0.232754,2.0073698,0.019994836,0.14555787,0.014873972
1.2312896,0.00024637955,5.635613,0.07961521,9.957175,2.5382068,45.78584,6.991085e-05,14.657065,4.184332,3.1451817,113.24847,1.8026668,0.027022252,0.001597546,0.2613073,1.6480402,0.020767337,0.17821792,0.022823224
1.2139297,0.00017588363,2.7353022,0.09267805,10.818133,0.98059404,56.49812,4.3027285e-05,13.8583975,0.98924947,2.716914,55.22265,0.812635,0.020912712,0.001622067,0.16068338,1.1901517,0.013045857,0.10520162,0.014186955
1.2457911,0.0002783456,3.7653375,0.05460398,8.624234,1.2762026,41.787243,5.3657197e-05,12.1991825,2.3089166,2.6995184,71.748344,1.260999,0.013940057,0.0010027069,0.19389181,1.8704941,0.013960605,0.07791353,0.008825231
1.1321825,0.00023286811,3.007297,0.07233967,6.46649,1.074104,26.957735,4.198467e-05,9.859862,1.7941569,2.990173,64.78434,0.68169737,0.019364314,0.0009973588,0.120312944,1.1790516,0.00995406,0.07375031,0.007778112
1.1716671,0.00025956272,3.8059962,0.09177402,8.334593,1.3776296,47.108578,5.562818e-05,12.331854,2.858951,2.6442082,80.943214,1.6028317,0.022704853,0.0018109245,0.17770582,1.6741778,0.01127792,0.0883656,0.011414699
1.2241049,0.00062881276,16.658184,0.12236698,9.576429,5.4221463,39.893803,0.00010742193,31.27479,12.599662,3.4641838,297.27277,5.8625555,0.02746694,0.004435212,0.3457222,8.406669,0.025544047,0.118396245,0.019492142
1.2416464,0.00065565744,19.679815,0.1381552,9.70996,6.218409,40.29689,0.00010952567,28.85921,13.494116,3.4565468,338.7567,5.869786,0.026749708,0.0052572303,0.33554512,11.057232,0.02282435,0.13087703,0.020221408
1.2435796,0.0003176837,3.9494874,0.10695417,10.114886,1.1236948,47.510296,6.8781876e-05,12.867104,2.0283685,2.8314536,78.1495,1.2514194,0.019474592,0.0017017357,0.22780548,1.895609,0.014656693,0.10494577,0.011813016
1.1848952,0.00046513276,14.383288,0.14502227,6.633254,4.2710247,28.111778,9.546454e-05,26.652672,10.567666,3.1388469,252.49916,6.0516763,0.03233573,0.0050182855,0.2729708,7.979219,0.020433027,0.10367598,0.019076368
1.3857895,0.00017163725,2.9681609,0.05726317,8.587732,1.295697,40.629765,5.0232546e-05,10.477435,2.4358044,4.719468,64.12434,0.954714,0.017548174,0.0010528589,0.1596905,1.2171024,0.014061278,0.12211151,0.0121259345
1.2260854,0.00068574765,16.628477,0.1850194,6.385345,5.4561725,34.794796,0.00012299222,35.816147,13.736722,3.1409845,315.08313,6.9955463,0.034169447,0.0041350285,0.40515003,9.906307,0.026672816,0.17581832,0.020076621
1.2499906,0.00018967899,3.0333927,0.060173403,7.758867,1.1072285,34.568214,4.6619363e-05,9.982488,1.6664717,3.3147395,63.53861,0.6579419,0.019979887,0.0012048787,0.1258105,1.2518586,0.012849868,0.095502324,0.010389318
1.253899,0.00080877973,21.536703,0.21907777,8.183008,6.5047216,42.919994,0.00011773349,27.367275,15.366991,3.4502099,372.863,6.543176,0.03807229,0.005057305,0.2847406,12.04054,0.029315276,0.11137515,0.019439142
1.2017722,0.00031624114,4.8017254,0.10998994,8.090678,1.2621886,38.88635,6.0355254e-05,12.567574,2.7068574,2.5692973,90.62305,1.4569079,0.021675402,0.0018096365,0.19212529,3.0587025,0.013104656,0.08988917,0.011242528
1.1383454,0.00030795604,4.2588882,0.0871094,7.809905,1.3968427,39.019073,4.232446e-05,12.154625,3.5199199,2.9697938,77.89503,1.6918045,0.01665921,0.0015376437,0.15984105,2.2401478,0.010539704,0.05036382,0.00823945
1.1560054,0.0002552289,3.0943565,0.075234294,5.9375024,0.9210787,26.010487,4.4089127e-05,11.019589,1.5761751,2.5570948,64.795555,0.49163985,0.020793514,0.00077000336,0.14580213,1.2882608,0.010642218,0.085761204,0.009228714
1.1200247,0.00024903985,4.4431734,0.06982214,7.709968,1.204512,34.88803,5.594754e-05,11.983745,2.23718,2.3983946,95.058945,1.1987227,0.02688086,0.0017209911,0.1310178,2.0759187,0.010642475,0.05866275,0.00977038
1.2028642,0.00026206675,3.5814962,0.06478187,7.9514704,1.106107,41.256626,5.6872705e-05,8.56722,2.596798,3.188171,75.05994,1.4594419,0.018459944,0.001511048,0.1985503,2.0213063,0.010522124,0.06732916,0.009579345
1.2089472,0.00026320977,2.9545882,0.06256808,9.833464,0.9805813,52.88141,4.528662e-05,9.7157135,2.0475192,3.0290232,58.730686,0.785859,0.017957473,0.0012260621,0.1544584,1.3972327,0.008255262,0.07762376,0.008142713
1.2234808,0.00048404044,11.299921,0.11527934,9.72885,3.6004655,46.219574,8.281939e-05,21.68582,9.02921,3.580874,203.6565,3.9297585,0.024903266,0.0033070496,0.26378542,5.741938,0.022842089,0.108774796,0.01745576
1.1398854,0.00020094702,3.565139,0.04837299,6.818177,1.3851198,28.6566,5.3553595e-05,11.830367,2.0224833,3.52875,78.4474,0.81765246,0.013313269,0.00092535105,0.16282739,1.5274429,0.012551591,0.09020965,0.009944287
1.212554,0.00032876924,5.3548384,0.08468452,8.949344,2.1557498,41.566597,5.0608553e-05,19.282694,4.422411,2.9470153,96.807236,1.8467543,0.014963638,0.001266468,0.145721,2.6080236,0.00899296,0.092452206,0.006412221
1.1192844,0.00026012136,8.62845,0.085074194,5.540698,2.8398085,28.929619,6.060523e-05,19.806368,6.0435815,2.9605455,162.44334,2.80195,0.014517979,0.0021759328,0.24476573,4.9046526,0.020785365,0.11769064,0.012196089
1.2751224,0.0002296234,3.185063,0.063944876,7.963141,1.0648541,37.17447,5.0652707e-05,10.088832,2.1464238,2.9174614,62.503563,0.967588,0.017203066,0.00075584254,0.17385384,1.4984047,0.011690273,0.09269244,0.009413159
1.2585402,0.00022552474,2.7144115,0.07436669,7.686562,1.0720663,36.9753,4.5360495e-05,9.978571,1.9663005,3.3276374,52.89646,0.8705016,0.017496023,0.00081715017,0.16471551,1.1164544,0.009869156,0.08769816,0.009448253
1.2316781,0.000515991,12.404262,0.12622479,9.62428,4.2568393,46.15775,8.196953e-05,24.420593,10.549874,2.9884834,218.04312,5.4146886,0.02527033,0.004323142,0.25521484,6.408852,0.024260527,0.12631838,0.015624363
1.2752844,0.00042837567,13.218942,0.097383454,10.747842,4.6038723,47.026825,9.587602e-05,29.950851,11.294801,3.023669,234.92014,5.8608766,0.01815382,0.004285898,0.30343655,6.5179834,0.027924702,0.17789763,0.020633813
1.2899228,0.0007248774,11.46438,0.15718873,10.8381195,4.0615535,58.179657,9.806435e-05,31.675243,10.988595,3.9899209,215.30011,5.6438246,0.025662808,0.0038466342,0.3370312,5.583339,0.026725153,0.18020782,0.018644597
1.3274077,0.0007994856,21.56171,0.22542128,14.010954,7.2179303,67.90767,0.0001586052,42.371067,17.828735,4.0350027,388.5115,8.841483,0.03219756,0.0037667456,0.61422634,11.653079,0.04746295,0.20710596,0.021054804
1.3600754,0.00024206843,4.718358,0.057726547,10.701048,1.6744533,52.81411,6.639506e-05,14.428171,2.4585195,3.0536532,95.112854,1.1530818,0.025186995,0.0018430994,0.24693815,2.2712543,0.019632787,0.12466322,0.015328232
1.2267252,0.000115616,2.2466047,0.037620567,7.920266,0.7210322,33.203403,3.918712e-05,10.0025215,0.6895901,2.9220257,43.828335,0.516949,0.019736141,0.0010168058,0.123835385,0.94366306,0.012928123,0.14372158,0.0112811215
1.2948772,0.00010961873,2.1344647,0.05666112,8.190703,0.7588658,43.117138,3.6022568e-05,9.699233,1.4115772,3.864329,47.119934,0.5735911,0.018094113,0.0009001951,0.11661953,0.6320835,0.010749927,0.09885953,0.012016923
1.2786047,0.00070506136,19.16172,0.27453116,8.223639,5.441234,38.536934,0.00011074292,33.94678,14.597552,3.4604447,357.46024,7.363718,0.048888028,0.0050257244,0.37137234,10.011183,0.028967865,0.16741765,0.018172815
1.2554718,0.0006350987,16.843931,0.19459803,7.8396835,5.6129456,34.84233,0.000104140294,41.66935,13.748112,3.388447,303.75302,5.543735,0.043593634,0.00415659,0.38244092,7.5127926,0.030356094,0.22692515,0.01566868
1.1896404,0.0003344095,4.9036875,0.07541749,10.017419,1.7613761,42.828335,6.474882e-05,14.339487,3.3899984,3.2450926,95.974945,1.231806,0.025476709,0.0023679691,0.23828164,2.2495759,0.016150756,0.10685311,0.015102026
1.194096,0.0005124882,7.755548,0.09652914,9.736403,2.825529,39.71959,8.563095e-05,20.274673,5.260898,3.3687682,143.3399,2.013868,0.03443534,0.003243199,0.29376572,3.391338,0.021679327,0.13240993,0.017699743
1.2479714,0.0006622979,10.214368,0.14822195,7.873033,3.5893426,34.131687,9.154173e-05,29.42574,8.700857,2.8700385,198.88098,4.188561,0.040832866,0.003474604,0.34790048,5.7194886,0.022088807,0.12857257,0.014018213
1.1900487,0.0007523369,12.399839,0.19540131,7.781215,4.471996,33.409077,9.8832934e-05,32.268845,9.4845915,3.1682088,238.42162,4.2069135,0.053882472,0.0034374755,0.33796418,5.602845,0.028200466,0.15304127,0.017941397
1.2456133,0.00022913527,6.6745996,0.062520474,9.981492,2.838273,43.280285,7.008712e-05,17.695704,5.2932353,3.0346842,131.81998,2.12132,0.01808355,0.002462484,0.23177612,2.659357,0.021118484,0.122667976,0.016625877
1.1612225,0.00032353945,6.2075806,0.055631667,9.872237,2.1358929,46.780067,7.269111e-05,15.287856,3.973317,2.0268743,119.039825,2.1290565,0.017740255,0.001822254,0.24455595,3.0452204,0.016014906,0.084294416,0.011594589
1.2945935,0.00073642377,15.668852,0.08142841,18.000357,6.4453244,50.24904,0.00012013352,34.233845,15.692185,3.5005713,285.39572,8.266253,0.026114294,0.0040081264,0.41753167,5.6893225,0.026272628,0.12835458,0.021949358
1.2546098,0.0006095919,14.964571,0.16799591,7.7326407,5.262092,37.18369,0.00010793712,27.799221,13.865904,3.506286,260.54553,7.1380057,0.035809763,0.0053047994,0.34721944,7.521418,0.024027266,0.17732604,0.022461317
1.2428216,0.00029726487,4.3727946,0.12200629,7.770405,1.8473061,35.793045,5.8101585e-05,17.405186,4.0867486,3.5154097,79.334076,2.1906013,0.028904028,0.0023142467,0.19516085,2.3333566,0.013382141,0.09712386,0.011399964
1.3730739,0.0007048276,10.699085,0.11691441,10.334315,4.3970914,49.566006,0.00010615752,32.26954,10.507056,2.444645,215.32788,4.969439,0.028183453,0.0030797042,0.3987588,4.426203,0.027417982,0.18719918,0.020132955
1.1580899,0.00025608175,4.274224,0.08694371,6.6251106,1.3744483,34.081184,5.2129006e-05,12.519912,2.7759557,1.9459399,80.46463,1.4393448,0.02230054,0.0020264992,0.11906325,2.1088712,0.014052638,0.0665028,0.011150717
1.2531921,0.0007502197,18.070833,0.22043025,7.4979467,6.496178,38.044056,0.00013187702,35.20727,17.788467,2.9988103,339.3145,9.186205,0.042591732,0.0059975255,0.43946642,9.534075,0.02848441,0.1807344,0.026398413
1.2498269,0.00074435316,19.137072,0.20030846,8.909038,6.6884074,40.641068,0.00012516177,35.184837,16.182322,2.6514106,363.73587,7.950897,0.035981823,0.0058034672,0.36711752,9.418013,0.02691534,0.14266172,0.026170082
1.1406457,0.00031382745,6.3433247,0.09330172,7.9716277,3.1322758,37.148132,6.547048e-05,12.23441,6.008893,3.1438887,127.896225,2.9034991,0.018282421,0.0030211112,0.18117195,3.0628304,0.012835503,0.07777922,0.008407582
1.1543247,0.00030311357,5.43228,0.09588135,8.289276,2.419455,39.432434,6.199921e-05,9.962318,4.946402,2.433677,102.86981,2.3527184,0.01972694,0.0028587573,0.17854607,2.5621655,0.013644861,0.059164003,0.008373858
1.2485392,0.0004988808,19.231138,0.21036185,8.359454,6.025719,35.478935,0.00013446242,30.554905,15.779553,3.3463109,340.3499,8.800921,0.048015967,0.006796621,0.32506907,11.030356,0.023278778,0.12867989,0.024446608
1.2516307,0.00047802264,15.194975,0.20746167,8.782993,5.569145,40.46077,0.00013366582,25.283318,11.753359,3.5627003,269.68896,5.8284454,0.04097663,0.006069189,0.28867364,7.7924266,0.020579087,0.12318407,0.025703683
1.2627441,0.00062352605,18.74076,0.24196985,9.01405,7.356278,40.04926,0.00013931618,33.289722,16.755066,3.5705407,330.619,8.127593,0.042394847,0.0061788196,0.36528733,9.581749,0.026651343,0.15356576,0.025996838
1.2402332,0.0005555766,14.17849,0.19397894,8.560281,4.5302925,39.204,9.770738e-05,20.649437,11.535594,3.8430514,243.8146,6.486889,0.03249464,0.0064548585,0.23725833,7.7162247,0.01714724,0.0963185,0.019655082
1.1649561,0.00033810677,6.3471007,0.06869079,8.301799,2.3647313,37.79016,6.8729e-05,11.368684,4.469185,3.0661666,114.8539,2.313443,0.021856006,0.0034438018,0.16366151,3.591784,0.010590361,0.07307415,0.009030633
1.2544867,0.00056833745,17.98857,0.1488585,8.382034,7.045429,36.903038,9.351882e-05,25.801384,17.925354,3.4129932,301.0063,9.989357,0.025134508,0.008041334,0.28409377,9.549778,0.02068917,0.12308438,0.028106144
1.1913667,0.00040640405,5.8882217,0.09049798,8.363589,1.9894012,46.973778,7.074214e-05,11.958314,4.192976,2.8295488,110.82495,2.321874,0.020814594,0.0025651066,0.23877944,3.2813416,0.013252415,0.08376643,0.01224819
1.1590233,0.00034491223,6.1552258,0.09982738,8.625506,2.081104,44.594883,6.960885e-05,11.3509865,4.0476418,3.0874739,111.44936,2.332355,0.024820024,0.0034014685,0.19908701,3.5040667,0.0113358935,0.059087086,0.010281416
1.2491235,0.00032324565,3.942235,0.09316187,10.149109,0.9840293,52.4669,6.259323e-05,10.744276,2.3832538,3.1793332,73.2025,1.5704752,0.018330896,0.00097480847,0.21549605,1.9332603,0.014193279,0.07794932,0.010095575
1.251427,0.0005687332,21.112377,0.14449376,8.626557,8.427551,40.899796,0.00012481102,30.927279,18.944036,3.2380457,354.87555,9.202471,0.032412544,0.0072167157,0.39194512,10.817313,0.026907185,0.15895087,0.031048609
1.2513205,0.00034274577,5.0993247,0.12258629,10.97552,1.6458985,56.95625,7.0924834e-05,17.916786,3.191779,3.1166131,96.94653,1.9277667,0.025824517,0.0022885231,0.25794932,2.483762,0.017819712,0.090275414,0.016381972
