Anth,B,C,Ca,Car,Cel,Chl,Cu,EWT,Fiber,LAI,LMA,Lignin,Mg,Mn,N,NSC,P,K,S
1.2740996,0.00010094118,1.1784228,0.026758704,5.9680037,0.6326998,21.651972,3.08976e-05,6.1010227,1.2340847,3.6867557,22.41546,0.40522024,0.011127588,0.0011004033,0.05045025,0.77413887,0.009895836,0.04203749,0.0059253788
1.4914904,8.976516e-05,1.0055425,0.021578303,6.817177,0.5679454,27.843784,2.9307104e-05,6.7215114,0.88020355,4.394487,22.036776,0.21913967,0.010469202,0.0012067595,0.057522867,0.7356975,0.008601603,0.046881225,0.006062527
0.92698246,7.652304e-05,1.1952962,0.0029919648,6.481293,1.4122396,21.942472,3.077499e-05,9.5832405,2.0069184,2.6017075,26.833559,0.7975146,0.0022817187,0.001203809,0.081900425,0.28997046,0.008001729,0.08789038,0.005890382
1.1632444,0.00014111234,2.4930098,0.053631663,6.023608,0.99753237,27.736706,4.064355e-05,12.036322,2.530711,4.628459,48.955116,1.1740875,0.0077278754,0.0015923915,0.10179436,1.322157,0.015474949,0.057547763,0.009660334
0.97548854,0.00021269397,1.9230409,0.093478896,5.312082,1.2437687,24.859617,4.4342563e-05,19.452015,3.071503,3.3771157,42.26398,1.0947609,0.011947763,0.0016459454,0.06738785,0.72315264,0.0098693,0.10769421,0.005562403
1.3750179,0.00013449816,2.229823,0.027745131,7.7024956,1.0741152,37.61394,3.182315e-05,9.374188,1.9013989,3.7793617,56.96362,0.7122439,0.011366642,0.0021706072,0.13762309,0.81064487,0.0061665387,0.09528938,0.007995714
1.1690133,9.840932e-05,2.455407,0.032971155,7.3875465,1.1469219,29.08275,3.6603906e-05,11.1100855,2.206365,4.9352202,49.08347,0.8830716,0.009449113,0.000932908,0.13517065,0.93562365,0.013693707,0.09547828,0.012439801
1.218915,0.00011684828,1.9620775,0.055366475,4.780013,0.87457806,24.293177,4.7985894e-05,12.807521,1.4636428,3.739046,43.6075,0.6909944,0.014919884,0.0015264925,0.09621212,1.4091976,0.014144387,0.08615791,0.0071938215
0.883769,0.00010949853,1.2348412,0.037489578,5.8572197,0.8268125,17.330982,3.2387165e-05,8.316732,1.1154343,2.8145993,26.139364,0.49095455,0.006158644,0.00096300844,0.065819465,0.36741367,0.01055584,0.08231798,0.00785504
1.2796048,0.00024783617,2.114811,0.10555161,8.478403,1.4588962,25.124844,5.8371694e-05,12.7133875,2.1923928,3.91881,46.836983,0.9484001,0.01656416,0.0010197683,0.107735574,0.8568178,0.011156425,0.09548174,0.0095905345
0.9937287,0.00015155924,2.54013,0.0376867,5.8770924,1.2790284,21.848179,4.216212e-05,11.756058,3.0591707,3.3312073,46.181507,1.2224846,0.009027017,0.0012061297,0.07583413,1.1172836,0.0124583,0.06477525,0.007058487
1.1271675,0.00015169014,2.1430905,0.034213476,6.691133,1.0128771,31.770004,4.5685007e-05,9.407789,2.6914165,3.212041,44.913322,1.3092442,0.009941658,0.0015636127,0.0932094,1.2141278,0.012701541,0.06633141,0.008037525
1.0151916,0.00012989872,2.597862,0.058450542,4.5899177,1.2705655,22.521423,4.0997882e-05,14.565834,2.2870452,3.846925,54.567204,0.9799524,0.010416869,0.0010372179,0.10647439,1.0424582,0.018475836,0.06577874,0.0093051875
1.1208124,0.0002752656,2.4973483,0.1741192,5.4813156,1.1652724,38.999256,8.1856175e-05,31.414942,1.970847,2.6741965,52.82126,1.107855,0.022221787,0.0026043481,0.16348363,1.3992556,0.013460616,0.13389271,0.009039055
1.1016623,0.0003285221,2.655222,0.043901205,10.330467,2.069405,48.90813,7.9266974e-05,14.891812,3.8373199,4.046543,59.487682,1.5415444,0.011740456,0.0018014855,0.18065794,1.3534648,0.014439172,0.09410101,0.0081555825
1.6767207,0.00016728905,1.2907306,0.04176257,8.572977,0.7811695,31.193571,3.724055e-05,11.487209,1.0225697,3.5464628,32.92193,0.3004664,0.01040357,0.0016111434,0.12103332,0.8436836,0.0074108215,0.07200432,0.008460125
1.066351,0.0002693009,2.20005,0.08765249,9.657179,1.0165524,39.563942,4.937111e-05,17.025797,2.5056171,5.618135,50.58616,1.1875219,0.02078647,0.0014860448,0.15807126,0.9150018,0.01296633,0.11879295,0.014163006
1.6869878,0.00018960326,3.0525243,0.09564584,10.902025,1.0969458,49.718807,5.400862e-05,13.920741,1.6318995,3.4430888,55.875534,0.7533165,0.021832464,0.001598598,0.19427022,1.4715707,0.01661439,0.096751876,0.014689049
1.3211821,0.00018858637,1.3058149,0.05328808,9.005791,0.8773636,30.645243,4.8882197e-05,10.718483,1.4720293,4.6293488,29.80304,0.5497725,0.011913581,0.0013735531,0.15293802,0.7779376,0.01107905,0.09237797,0.010084269
1.3834251,0.00012599613,1.5737944,0.054229192,8.317157,0.6435995,28.57702,3.2674776e-05,9.778469,0.9923721,5.3119273,31.028004,0.36610603,0.01387854,0.0010696121,0.13371012,0.79461265,0.010548612,0.07431088,0.011486052
1.6381696,0.00018673895,1.8057094,0.07661158,9.147551,0.7495352,34.008503,3.5035922e-05,18.263407,1.1562387,3.6122186,50.027447,0.42231375,0.01806426,0.0007716359,0.09606525,0.83387005,0.012312165,0.09840241,0.009665881
1.1010059,0.00015478652,1.7334784,0.051659882,7.2680073,1.0089806,24.79608,3.414508e-05,19.575167,1.4286361,3.1517413,40.60402,0.64908814,0.015967034,0.00093307655,0.08805547,0.6707581,0.009740546,0.0753576,0.0058700545
1.5910969,0.0001906081,2.84731,0.05603244,6.7706428,1.0518535,20.570158,4.366641e-05,14.215211,0.83183926,3.8060088,56.676895,0.44587862,0.02283515,0.00030967486,0.13250822,1.2678022,0.01021911,0.081733115,0.006117118
1.669717,0.00013738082,1.0638947,0.030845502,8.449313,0.79972243,28.990921,3.1819447e-05,10.271442,0.74845153,2.9867783,25.17754,0.11318512,0.0095751425,0.00053640525,0.09154993,0.5675596,0.0082464665,0.088920414,0.004824592
1.0382994,0.00028147933,1.9435894,0.077291414,8.933446,1.0492439,30.936306,5.085039e-05,25.438173,1.971894,4.7731504,43.18103,0.7028177,0.016763415,0.001141743,0.13376583,1.0430967,0.010493282,0.09931851,0.007537281
1.3120517,0.00030546112,6.009687,0.10260109,7.768503,1.7400898,37.881336,6.432286e-05,10.481049,1.947156,2.1574616,104.33162,0.633995,0.02313636,0.0013155239,0.20776427,2.087055,0.018050274,0.1829301,0.014563406
1.2439164,0.00023992197,2.1603339,0.072086096,10.881589,1.2190119,43.734375,5.2816755e-05,23.555643,2.0534666,3.8990471,47.586998,0.7974283,0.01349905,0.00081199175,0.19737184,1.1497272,0.018677462,0.13365982,0.013710234
1.1448286,0.00022474788,2.8688014,0.08197923,8.171609,1.6324459,25.107134,5.4464526e-05,14.595466,2.43895,3.9978578,58.791664,0.69854,0.018076448,0.0008499993,0.18387505,1.2304342,0.015815241,0.10726864,0.012135688
1.2327454,0.00027316052,2.5288775,0.104208924,9.046641,1.1504511,30.087908,5.783984e-05,13.1621,2.3531194,5.1992373,50.874027,0.9792701,0.02330995,0.0013340503,0.17800601,1.1025782,0.015438078,0.12932386,0.013730729
1.5778295,0.00021429572,1.7980818,0.07874164,8.968474,0.8275661,30.052483,4.2419902e-05,16.65139,1.3130399,3.8038263,45.747738,0.5427927,0.01950419,0.0010089795,0.1265959,0.88178855,0.012385535,0.09833932,0.010310538
1.2653607,0.00023025117,2.0850487,0.027759762,8.915846,0.7168001,34.7144,2.9783843e-05,15.794725,1.2091873,2.0845141,45.401913,0.5940558,0.006237028,9.8029974e-05,0.0956003,1.2024581,0.0075729545,0.09137425,0.0023428418
1.5778583,0.00015814303,1.7601956,0.08078108,9.019761,0.74670887,28.893711,3.7077647e-05,10.538117,1.0414629,4.9128647,34.10311,0.31848365,0.018136965,0.00089815917,0.1311231,1.031391,0.011156293,0.06856563,0.010697909
1.4700742,0.00016596532,2.138715,0.05808499,8.533899,0.93838745,28.717627,3.7220234e-05,8.939731,1.2012156,5.0800276,39.950592,0.33516347,0.0162025,0.000685505,0.15755387,1.1127039,0.012220981,0.082225494,0.010482023
1.5363898,0.00018213139,3.1155791,0.096621364,10.94866,1.2053956,44.93419,5.3910684e-05,15.254095,1.7941391,3.7108574,57.623604,0.6969082,0.017136443,0.0011129491,0.22264573,1.6766331,0.020948932,0.09889499,0.014894193
1.4334534,0.00016392305,2.3553295,0.07904055,9.533512,1.05479,40.84446,4.945671e-05,10.202051,1.5411904,3.4760778,42.87357,0.6705115,0.013450916,0.0012126013,0.17421812,0.9529796,0.014104481,0.08888065,0.012363915
1.6976254,0.00022614123,2.171185,0.04879644,9.146688,1.1117061,48.842674,4.938102e-05,11.496069,1.4199798,3.1929145,51.823353,0.58763134,0.01183003,0.0015714159,0.15675347,0.91111106,0.00990762,0.09332404,0.008710871
1.4375962,0.0002287821,2.92223,0.09446581,9.961985,1.1718215,40.44428,4.7042053e-05,9.569754,2.286948,5.9657226,54.364834,0.93524027,0.019971203,0.0009644193,0.17715858,1.208467,0.012589806,0.09184679,0.010799672
1.1232852,0.00017539386,2.010216,0.061825562,8.016945,1.3567713,28.499123,4.9713606e-05,8.99393,2.8984072,4.589186,33.567116,1.0292783,0.009775365,0.0007460044,0.17952468,0.733527,0.0122773945,0.060666252,0.009057239
1.5873411,0.00018647901,1.6126918,0.054009344,10.497646,0.92863154,33.88887,3.4923203e-05,8.37092,1.3221264,5.2789197,30.465256,0.5894733,0.012470131,0.00085436547,0.09473571,0.9135022,0.010952136,0.073359385,0.006092043
1.2882727,0.00029083397,3.2435756,0.07388392,7.539031,1.3785818,24.325596,5.9742997e-05,13.303872,2.2772555,3.8632312,63.038013,1.1919743,0.019255478,0.00090233947,0.19523673,1.7437781,0.013355148,0.07959015,0.0064548883
1.5123098,7.032264e-05,1.763169,0.03152766,8.729146,0.9697561,34.526295,3.1310956e-05,11.88013,1.1042328,5.1742134,33.911,0.3825366,0.011663156,0.00041965907,0.12966157,0.5650009,0.012419334,0.09500723,0.011104785
1.5244987,0.0001297702,1.800613,0.0407563,9.524922,0.8651245,36.107906,3.4307548e-05,9.73819,1.2660725,4.15,36.783127,0.45777813,0.0108462935,0.0009998293,0.16683385,0.8796297,0.011628904,0.09373318,0.011253495
1.3422143,0.0001457024,1.8872349,0.04970814,7.083067,0.8298997,30.271477,3.3472163e-05,10.203716,1.1743315,3.5220528,34.20194,0.7208173,0.011234442,0.0013339192,0.09122162,0.8548884,0.009578244,0.07938359,0.007804088
0.8722194,0.0003099654,4.0305333,0.06529942,6.4022875,1.6450462,24.184254,5.475808e-05,10.311482,4.1510515,4.6744013,81.57671,1.542495,0.01394401,0.0010604208,0.13251719,1.6999813,0.012873363,0.100170046,0.008470623
1.5071068,0.00019913659,3.1029541,0.09977302,10.182893,1.2880491,45.746204,4.7122106e-05,9.315156,2.5391796,5.0451584,56.158417,0.9354571,0.013874862,0.0009886789,0.18308973,1.2400273,0.013845751,0.075615644,0.0109178545
1.127551,0.00026408513,2.5073805,0.092313126,7.8243074,1.2731354,25.164448,5.1860265e-05,11.974384,2.4292586,3.5261302,50.064617,1.0655676,0.012651558,0.0012424559,0.12787353,1.0297321,0.010851572,0.08962444,0.008488229
1.4263033,0.00026045865,3.7470484,0.07136193,7.8880544,1.3736662,23.854698,5.333811e-05,12.727308,2.3509037,4.4289813,75.01646,1.3373832,0.02294969,0.0013154896,0.1414303,1.8178679,0.011459415,0.06179777,0.008551246
1.4049323,0.00015068472,1.9714195,0.06429538,7.964948,1.1544901,30.339811,4.842818e-05,10.484801,1.5783694,5.3664064,37.04355,0.59070647,0.01640517,0.00070815074,0.15896988,0.7590131,0.014366305,0.12561406,0.012574951
1.4302461,0.00029504285,3.1198144,0.08649321,8.398426,1.0492324,42.734795,6.069218e-05,11.201736,1.2682184,3.3573506,61.761658,0.5855222,0.028113697,0.0011381686,0.17184329,1.1966032,0.013137732,0.101725005,0.010121257
1.3888783,0.00010921501,1.1701975,0.016303582,8.1298895,0.82390106,32.52185,3.7923124e-05,11.3004675,1.4402287,2.7753193,30.247086,0.5282975,0.009333209,0.0016016574,0.09014497,0.9627088,0.008399983,0.062701344,0.0052967886
1.7144662,0.00024492046,3.4391592,0.062393136,10.503744,1.3209859,52.48169,5.0173738e-05,11.21239,1.72801,2.8122983,72.869286,0.8964181,0.015656216,0.0010802052,0.19180232,1.256919,0.011738982,0.08608329,0.011139071
0.98856705,0.00013930963,1.4675885,0.03193072,6.9691386,1.0882845,23.825188,3.1247244e-05,6.313953,1.6900542,-0.2620632,37.844826,0.9284224,0.010930791,0.001794509,0.047020365,0.7779083,0.00585358,0.069728695,0.0029313636
1.0273558,0.00032004263,2.3517644,0.11329101,7.834684,1.5791093,29.442434,5.5306835e-05,19.309605,2.8141975,2.2800658,52.499866,1.2969689,0.016657522,0.0018895323,0.12713756,0.97996384,0.012159546,0.100246824,0.008896098
0.9216982,0.00013667253,2.5148957,0.057270378,6.7853394,1.0490838,23.824799,3.9885723e-05,8.429041,2.771836,6.4577436,45.23801,0.90871215,0.024144059,0.0015460528,0.121396944,1.5152149,0.012142562,0.07249117,0.00871118
1.1580058,0.00026283384,2.4462707,0.06486215,7.8839655,0.999502,39.475304,3.690088e-05,10.583323,2.2777386,3.4877007,42.700943,1.0931504,0.018126069,0.0014477067,0.12231962,1.0594684,0.008687155,0.06642145,0.0062274393
1.540113,0.00028644112,2.0499375,0.031311657,10.361873,1.177889,42.827473,5.117841e-05,15.302622,1.8864793,4.2418394,56.430508,0.6080713,0.012437653,0.001393525,0.13310893,1.2303449,0.011240356,0.061392773,0.006766903
1.0737628,0.00020215062,2.72274,0.09060715,7.818183,1.410019,22.761497,5.197262e-05,11.383274,3.1547387,4.0332117,47.549915,1.5079372,0.013614993,0.0022447968,0.11316649,1.4097,0.01207439,0.103652164,0.0098098405
1.0817996,0.00023914492,2.5495458,0.052001443,8.358108,1.6142433,27.7244,4.569659e-05,11.634257,2.8630311,4.213729,50.386055,1.0013741,0.011336999,0.0012402639,0.11626009,1.1237708,0.011798494,0.103575885,0.007777069
1.3789968,0.00023284166,2.8835926,0.10381031,9.289767,0.8739022,38.78162,5.653089e-05,10.431098,1.3688087,3.8800461,49.548042,0.57389313,0.017730203,0.0017577637,0.16077016,1.7117585,0.015594655,0.055477485,0.010454536
0.9268581,0.000120484896,2.0763435,0.03636318,7.088911,1.4520155,22.444242,4.13819e-05,8.831036,3.3405035,5.301291,40.938595,1.000404,0.010782534,0.0008578639,0.08637004,1.0076827,0.0117557775,0.12930185,0.0067632925
1.2765995,0.00018985519,1.5294582,0.07765583,8.457353,0.8991467,28.962523,4.839409e-05,11.966349,1.4028424,3.3745966,31.932882,0.71606374,0.009683409,0.0011265998,0.15152864,1.0268408,0.011090894,0.063972846,0.0075390446
1.5457954,0.00029321766,2.0953786,0.07115514,9.935151,1.4637468,31.484531,4.8029273e-05,10.8324,1.8683228,3.7223005,41.105156,0.7004602,0.014601621,0.0012226744,0.10956398,1.2550251,0.013193075,0.08306092,0.005445697
1.5786338,0.00018381093,3.0613692,0.1682133,8.459632,0.8243465,21.28633,5.0959225e-05,26.227726,1.6639152,3.2906075,58.87545,0.66961175,0.016717467,0.0027200715,0.0889571,2.9050488,0.013115258,0.046764888,0.008294343
1.5763459,0.00032223522,4.657002,0.048420183,9.936704,1.9716482,32.048523,6.791248e-05,17.834696,3.0888925,1.6330509,87.361084,1.6464791,0.0141483685,0.0029923928,0.16697314,3.7592304,0.009608378,0.05285891,0.005544251
1.1785249,0.00016260988,1.1562485,0.051163793,10.484117,0.60983366,34.25031,4.5435438e-05,9.698747,1.3458395,7.2294726,26.763657,0.47348207,0.015086834,0.0006507169,0.12160008,0.71113026,0.013601569,0.09723933,0.009445715
0.75033957,0.00021202833,3.0258994,0.04514616,6.91655,1.5041959,23.525255,4.065619e-05,10.931014,3.5385678,4.5334373,67.148056,1.2989126,0.011318112,0.0013559313,0.12071376,0.8130346,0.011729758,0.14200352,0.010607995
0.93519664,0.00010303686,2.3165045,0.03090259,6.9746766,1.5443151,22.896309,4.0578994e-05,8.47429,3.3386078,4.8117776,46.100204,1.0510167,0.010141349,0.0008124178,0.093688115,1.0414065,0.0119145615,0.14044932,0.007605599
1.0140948,0.00024524305,2.6508563,0.0514703,7.845014,1.5064083,26.82089,4.8784845e-05,11.60056,3.3379967,4.801129,50.96214,1.1909927,0.013067967,0.0012358447,0.115217,1.2700112,0.012974478,0.09037574,0.008176468
0.7994005,0.00012648151,1.8530617,0.03740415,6.7548814,1.3291883,17.911081,3.5831166e-05,10.710114,3.1432478,5.357837,39.312668,1.0059376,0.009521446,0.00091998465,0.0664147,0.68415534,0.0101546785,0.13186692,0.007891791
0.7626934,7.0449736e-05,1.6599683,0.0294479,6.8545446,1.0207678,22.798958,3.774632e-05,7.8185816,3.0062964,6.064216,35.266277,0.9504309,0.0135858245,0.0012424891,0.10112306,0.77603,0.010737396,0.0785231,0.009596394
1.3875458,0.00018037627,2.3747263,0.052774977,8.046655,0.9903124,30.295475,4.118018e-05,10.042865,2.0471408,4.9776096,46.37654,0.8704742,0.017624661,0.00077937345,0.09175516,1.2363547,0.013214497,0.10553345,0.0072156806
0.8893363,0.00016047637,1.7190878,0.030745173,6.43232,1.0698614,28.687847,3.476349e-05,7.6619034,2.9420033,2.908473,35.990913,0.98394454,0.011250949,0.0011594454,0.08761973,0.7441601,0.009674394,0.08757224,0.0071022315
1.0475931,0.00015515243,2.8873925,0.04756348,7.8668284,1.3249714,29.683815,4.0579565e-05,10.085117,2.9019504,4.7304974,65.7257,1.1453972,0.018919522,0.0015599562,0.116096586,0.92781186,0.01053707,0.14133385,0.010426237
1.2234542,0.00014990829,2.5979223,0.052467078,7.1649094,0.9860968,31.158838,4.0993313e-05,7.15542,2.263453,4.573083,52.67811,0.9954136,0.01716227,0.0011823983,0.094213836,1.4575347,0.013981867,0.06910458,0.007740496
1.4944193,0.000316204,4.6501074,0.08589145,9.729623,1.2158877,28.317366,6.19651e-05,25.252583,2.8477077,2.887464,102.38423,1.4868997,0.019977259,0.0036369541,0.14635107,3.6224232,0.011306027,0.06253008,0.0095603755
0.91015804,0.00022317565,2.7183857,0.054831408,7.5038157,1.7699465,27.215158,4.553435e-05,13.36106,3.9986708,3.2274187,69.69544,1.5495981,0.013815808,0.0017616185,0.107746646,0.8300968,0.010214659,0.1545301,0.007852912
1.6032573,0.0002649466,2.9040668,0.08308775,10.618114,1.1628695,53.774914,5.165952e-05,16.807234,1.6234411,3.6559632,68.249916,0.6921785,0.01475789,0.0009466825,0.172409,1.3219551,0.010992494,0.09859571,0.009511117
0.8232178,0.0001940227,1.268755,0.05833641,7.472133,0.88124985,24.954948,3.784578e-05,12.092713,1.4300947,1.7911518,28.974075,0.6393748,0.009071638,0.0016645276,0.06812407,0.31852555,0.011717784,0.1318656,0.011355651
1.6202532,0.00032880364,3.5356867,0.123209454,10.369975,1.0606401,59.875027,5.6016146e-05,10.974381,2.2548048,5.587588,81.252914,1.3896968,0.024096856,0.0013704513,0.16929665,1.7398729,0.015394385,0.09342203,0.012860519
1.370623,0.00034959934,2.7496238,0.10748439,10.245782,1.4444911,52.699745,8.792421e-05,19.325008,2.4039564,2.7740076,66.28225,0.87047684,0.015886683,0.0017656646,0.16741559,1.7220387,0.01878442,0.12893513,0.0123001635
0.93867254,0.00028637593,1.8457401,0.09635675,8.732551,1.6262263,31.021597,5.7809077e-05,16.806087,2.9843102,1.8424933,42.347816,1.5308642,0.014076364,0.0017233797,0.117770754,0.8600064,0.012530673,0.12581486,0.0077939066
0.78172183,0.00028006829,2.453276,0.11258586,6.75232,1.6183416,21.36864,4.697318e-05,19.846615,2.4890404,2.2668626,56.107166,1.1520089,0.014861895,0.0012863307,0.08831982,0.7751395,0.012627274,0.15426579,0.009530778
0.72325253,0.00016726097,1.6092315,0.094071284,5.61942,1.0116917,12.096551,3.7217465e-05,13.547499,1.8368242,4.7804914,32.3326,0.84900826,0.015698818,0.0013576453,0.066063516,0.52510136,0.0143558355,0.11489015,0.010662141
1.1359335,0.00028015763,2.1700988,0.06457934,8.602493,1.5982603,26.663298,5.1705883e-05,13.937108,2.6979313,3.517085,44.872044,0.9418007,0.010444974,0.0012987424,0.120274924,1.1505857,0.012016042,0.11133059,0.0062376563
0.7606212,0.00019380655,2.0785637,0.061810263,6.348455,1.516001,18.84808,4.131649e-05,13.477676,2.6587265,3.146185,46.834244,1.062234,0.010617426,0.0011499035,0.08194534,0.5870486,0.011227021,0.14373417,0.009073974
1.2392503,0.00025641144,2.5040982,0.04670591,8.814182,1.0618753,31.722612,4.944584e-05,16.421368,1.8248154,3.235497,55.17088,0.9459839,0.009837302,0.0005766645,0.1520859,1.4461668,0.010109168,0.09244999,0.0053298664
0.9321526,0.00016443775,1.925867,0.062955745,7.284845,0.74594474,31.210865,4.041277e-05,11.042234,1.0538075,2.870662,40.35115,0.43545136,0.018785305,0.00084815786,0.10194726,0.5200938,0.010963462,0.120042466,0.010862094
1.0318754,0.00020468861,1.4401348,0.0840249,10.725386,1.2546957,36.830654,6.245583e-05,19.357128,2.0961912,3.3222942,30.411272,1.0783849,0.009590606,0.0024673915,0.1620886,0.6015401,0.0145605635,0.09912414,0.012102959
0.820522,0.00011324632,1.2393328,0.04191072,6.1750674,0.78028286,18.790398,2.9836721e-05,7.590583,1.7208003,3.8388605,29.688799,0.7599319,0.010901634,0.001517866,0.04970543,0.6758968,0.0104205245,0.07392502,0.0060357964
1.1451521,0.00019155646,1.7501093,0.061484303,9.602578,0.9214435,31.00061,5.10436e-05,13.013521,1.5476458,4.9430714,34.28673,0.7206272,0.019018076,0.0009627415,0.16763376,0.90093815,0.013656838,0.08984131,0.01012634
1.5288382,0.0003106816,1.8610951,0.053855877,10.210548,0.5777039,39.98828,4.920265e-05,15.956245,0.91948843,5.001806,39.11727,0.40498224,0.013744954,2.0243999e-05,0.17893122,1.0603199,0.010953414,0.11262578,0.0069758347
1.2580806,0.00028691534,1.6502205,0.057380915,9.466002,0.853912,34.386536,5.285586e-05,15.759671,1.3646305,5.291267,35.043262,0.63030267,0.018406661,0.00034572193,0.19247435,0.84678304,0.013928128,0.100843616,0.008896816
1.3351063,0.00022332341,1.3287714,0.030580344,9.719774,0.49963742,37.402924,3.7600246e-05,14.193689,0.8542029,4.5891895,30.656355,0.36007586,0.009710113,0.000118413285,0.13434081,0.7767389,0.008534484,0.089899376,0.006090995
0.9403528,0.00031023572,1.9822981,0.10413642,7.6457,1.0782626,27.647814,5.9802132e-05,18.862614,2.188366,5.2798386,42.114254,1.0050608,0.025517065,0.00094987743,0.16484247,0.9547396,0.01913279,0.089767605,0.0105037335
1.5062467,0.00015677605,2.0484786,0.026602853,9.832643,1.5233619,30.711788,5.1387142e-05,11.915015,1.6027477,1.3289633,51.880856,0.84380877,0.018178876,0.0011814784,0.1224803,1.099824,0.010383524,0.13145013,0.009661277
0.76024336,0.00014495266,1.3179594,0.07396739,6.926816,1.0119873,19.112589,3.609474e-05,11.43632,1.6562043,2.5620337,26.68393,0.80927473,0.010224987,0.001323681,0.06124588,0.3632215,0.011121983,0.09755799,0.007717571
1.1395025,0.00023969753,2.3715699,0.07973741,9.528139,1.8693241,34.976635,5.7166515e-05,17.984337,2.8943236,3.160318,51.19249,0.9672122,0.013953838,0.0016217387,0.1582878,1.1429368,0.012411568,0.09396748,0.009083284
1.5755506,0.00027506507,1.7646837,0.04143542,10.515209,0.47429946,41.702877,4.2075593e-05,12.950033,0.81635296,4.5457516,36.724705,0.32629234,0.00909916,-0.00012896095,0.15162678,0.99859947,0.008400852,0.11020037,0.005498955
0.82786083,0.0002210306,1.5408778,0.08597901,8.007728,1.1204202,26.090467,4.5257275e-05,15.136082,2.043634,1.899727,32.044724,1.0481894,0.009076497,0.0014426933,0.08759025,0.5126597,0.01193712,0.10137297,0.008592878
1.3236743,0.00010830768,1.0247699,0.055585276,10.26992,0.6147066,34.315773,2.9570301e-05,11.744522,1.008798,6.1659145,24.011927,0.42120224,0.011975367,0.0010253775,0.10312053,0.33799872,0.009986587,0.08462398,0.01220088
1.3993104,0.00013474538,2.514379,0.023581695,11.0736265,1.396016,52.74433,2.9263267e-05,10.7572565,1.8824738,1.2199482,61.000206,1.0011508,0.008614412,0.0012018068,0.112031326,1.1457267,0.008523037,0.0750453,0.00512772
0.70907813,0.00016933393,2.240046,0.054193947,7.2217336,1.4867774,17.167223,3.9888342e-05,18.144487,3.4592676,2.526898,55.597065,1.2010026,0.013884885,0.0018273391,0.08462839,0.6823278,0.012973352,0.16069777,0.0113309845
1.3257656,0.00018019613,2.6442387,0.067160405,11.593225,1.0187155,42.754745,7.404103e-05,10.373342,1.5070353,1.9840988,42.50136,0.7187552,0.019114153,0.001864726,0.18794961,1.1159227,0.014840909,0.12582673,0.011745292
1.3415406,0.00011918961,2.9601495,0.017348647,13.835073,1.7122166,61.627472,3.368852e-05,17.03482,2.5289435,1.5774641,82.7497,1.288758,0.010625233,0.0015951612,0.132457,1.3207836,0.010692296,0.10670871,0.007505117
0.7928019,0.0003354203,2.542362,0.09516778,7.713994,1.5237825,23.723034,6.7730565e-05,25.918858,3.5274243,2.0884774,46.09508,1.8547666,0.009235242,0.0017380061,0.15037403,1.0620129,0.015671646,0.120981626,0.008215389
0.78657997,0.00014140808,1.5437452,0.02899928,7.4081993,1.1161774,17.236343,3.9558614e-05,11.45567,2.3200884,2.8480608,42.613342,0.72689396,0.012471406,0.0013516311,0.1094238,0.6189388,0.012638785,0.13108411,0.010058858
1.3827091,0.000117482174,0.81913877,0.041724678,10.835622,0.78910387,43.53411,3.106102e-05,16.895012,1.1591898,2.814064,32.42972,0.45302662,0.012499738,0.0015248151,0.077586636,0.42926043,0.007482889,0.10178994,0.006785788
1.3981687,0.00016324883,1.874409,0.053777568,7.9888105,0.82042104,30.398848,3.8187096e-05,8.640334,1.6419009,5.187027,31.779053,0.7303083,0.0148677025,0.0014748347,0.12561642,1.0231483,0.008746483,0.043317467,0.0080113495
1.3038268,0.0002836308,2.4579804,0.104825385,9.829832,1.3110522,41.645767,6.163528e-05,18.16235,1.9319938,2.755021,55.385727,0.72518754,0.0154224625,0.00100692,0.16705416,1.302004,0.012100319,0.11725555,0.008356748
0.88010925,0.00021890999,1.6508706,0.03147475,7.9507165,0.8543336,29.515064,3.667313e-05,13.947334,1.7483631,2.7145982,37.8509,0.7879524,0.008508492,0.00085971085,0.09914023,0.867021,0.007443618,0.08611641,0.0041190437
1.2731551,0.00031891666,2.6066697,0.15099038,7.571283,0.75590587,31.043257,3.6719855e-05,12.230108,2.0811982,4.6346188,48.679157,0.9825129,0.022124184,0.0021480327,0.11780418,1.8899422,0.008029143,0.034770854,0.006862043
1.4148955,0.0003429937,2.6042604,0.07593294,12.514611,1.2178189,50.769848,5.2078012e-05,50.6405,1.7300216,4.4148593,76.92661,0.381188,0.019369004,0.00082671206,0.15602733,0.9416146,0.00968529,0.12921667,0.0098642595
1.6621606,0.00015988694,2.55604,0.063475505,8.987876,1.1554664,39.678555,3.8907787e-05,11.137815,1.0299618,3.5269597,57.60887,0.30409265,0.021394145,0.00053149805,0.15386546,1.106477,0.01007605,0.102266416,0.008913327
1.2338371,0.0001104838,0.77993417,0.031122169,11.891933,0.94597197,46.164658,2.8493663e-05,16.232481,1.7294139,2.5714204,37.514915,0.66593134,0.009787731,0.0015584591,0.05021004,0.34522232,0.0059943516,0.110492475,0.0055549233
1.5017083,0.000102319544,2.2432644,0.067868166,10.97002,0.99814534,47.830986,3.60513e-05,11.6778345,1.1081737,4.1832876,48.734825,0.5984847,0.014904063,0.0009564595,0.14475584,0.8599428,0.015395357,0.10568358,0.014144731
1.1326492,0.00014901144,0.7461848,0.06325934,9.368858,0.771463,34.21009,3.4415432e-05,17.468323,1.3933487,1.9825029,30.93805,0.65991247,0.013258585,0.0016822814,0.049416743,0.35427228,0.008248266,0.10672244,0.0066399206
0.83601284,0.00029821074,2.7403252,0.05831327,7.2215605,1.3882405,26.551489,4.7212572e-05,21.400291,3.1047537,2.79328,67.78808,1.165986,0.0153140575,0.0013782149,0.11238135,1.2369801,0.00872787,0.09836013,0.005132889
1.5719126,8.272551e-05,2.7405834,0.06807646,5.472198,0.83260626,10.991051,3.6269223e-05,18.23201,1.4324083,3.6842136,57.101574,0.72406244,0.005702228,0.001299,0.088295326,2.07139,0.014254844,0.04571835,0.0073848893
0.8660364,0.00015584848,1.6327605,0.05140528,6.9226866,1.1789238,20.433046,3.946119e-05,11.895632,2.1944294,3.0350232,42.658997,0.92518824,0.012493838,0.001538081,0.076799646,0.7657982,0.012103768,0.121188834,0.007700704
1.4199648,5.278622e-05,1.3317996,0.0063357227,10.5742655,0.9874652,42.80722,2.2979437e-05,9.470708,1.2959191,3.7218063,31.067596,0.590526,0.006179624,0.0009699348,0.09716788,0.2786697,0.009067959,0.08350822,0.009843566
1.075234,0.0002535033,2.5824995,0.07899388,8.115904,1.5500308,21.056894,5.8417238e-05,11.235717,3.4416757,4.090401,52.137653,1.3709092,0.01657857,0.001830359,0.16897509,1.1279691,0.012367748,0.09263064,0.012198867
1.3333424,0.00018893307,2.3235679,0.0755132,9.936316,0.8543989,33.03586,5.5177217e-05,9.65094,1.2836332,2.7831328,37.359585,0.53958213,0.016323024,0.0017880341,0.13811868,1.516932,0.013887667,0.0673585,0.008402774
0.9792773,0.0003102172,2.7645307,0.092104696,9.599355,1.494938,29.96247,6.265933e-05,18.795897,3.532402,3.2899227,56.96082,1.7033978,0.02525323,0.0031223395,0.1568321,1.503737,0.014691249,0.11818493,0.009674909
0.98376393,0.00020163257,3.826147,0.07374729,7.0582705,1.834202,26.522633,4.3617318e-05,12.547777,3.9519467,4.223906,83.961365,1.2331165,0.015836302,0.00088860723,0.10104548,1.552363,0.01249899,0.12181606,0.007871808
0.94706476,0.00031849244,2.0450478,0.11552321,8.875064,0.93835664,25.358362,5.2289655e-05,14.743818,1.8246558,3.4115338,41.736217,0.9878109,0.014915276,0.001176004,0.119661674,1.0120573,0.013857261,0.08445472,0.00866528
1.0562971,9.206975e-05,3.0333724,0.019236017,6.028519,1.73774,22.769047,4.0514704e-05,7.6811175,3.0850399,2.423436,63.829876,1.1572843,0.014040495,0.0008764154,0.11914314,0.9376841,0.010671144,0.10916086,0.009886829
0.79552174,0.00031184754,1.7621734,0.1477915,8.740346,0.82684237,25.731726,4.8346574e-05,16.09018,2.1517477,3.6258686,37.1369,1.1736932,0.014870125,0.0016833874,0.10796099,0.79142326,0.013978019,0.089469105,0.011211064
1.2669113,0.00031639304,2.8265731,0.0894911,10.0679455,1.1218529,44.19843,5.2125415e-05,16.189837,1.9086893,3.7127836,76.77683,0.87470436,0.018573793,0.0012462827,0.19371468,1.2617437,0.0113688195,0.10173875,0.009256814
1.0581001,7.717895e-05,1.5483648,-0.007852716,9.060385,1.4151105,34.132885,3.4035605e-05,9.244278,2.2603579,3.8053734,36.061275,1.0085024,0.005299594,0.0017103279,0.09619345,0.36776534,0.008228671,0.09350843,0.009073848
0.9676407,0.0002818432,2.7510219,0.10766908,7.706042,1.4543196,27.872913,6.135559e-05,24.384954,3.0742095,2.716025,52.966457,1.3216172,0.010380641,0.0014463947,0.154277,1.3203989,0.014985571,0.12930094,0.007938215
1.053185,0.00017874106,2.1731977,0.038210586,6.543048,1.0262469,21.646008,4.8081238e-05,7.622952,1.904432,3.3517523,39.762207,0.6137493,0.011729638,0.0011428942,0.08350606,1.0671309,0.009340232,0.04927904,0.0064251497
1.3108411,0.00015051453,1.2949336,0.11530803,8.506602,0.43042624,27.436,4.1520398e-05,18.878628,0.49903533,4.9454436,27.062532,0.16383351,0.010152434,0.001282852,0.1202354,1.1618081,0.021495445,0.081105545,0.011660651
0.8661468,0.00022496912,1.5549449,0.079971135,8.650807,1.0903317,27.34459,4.114255e-05,15.32599,2.3368826,1.8792913,36.733143,1.1470641,0.01193079,0.0020036534,0.07400555,0.6437104,0.011361008,0.10103497,0.009345689
0.7040348,0.00025609878,1.9662051,0.114816636,7.074592,0.963242,19.009663,4.251686e-05,13.325083,2.6798565,4.0270214,42.102684,1.4468093,0.015207591,0.0021789758,0.08165147,0.7852601,0.015985137,0.103680775,0.01249788
1.346072,0.00016166948,1.1999602,0.038103193,12.234386,0.71457213,45.77307,3.9361777e-05,10.599762,1.179427,3.4035378,30.119965,0.5948007,0.009629776,0.00045021463,0.119038194,0.52175313,0.008961524,0.11672125,0.007701989
1.302877,0.00015010273,1.5329461,0.056216653,10.123569,1.397003,41.466755,2.6685255e-05,22.432268,3.232062,4.8364525,54.798393,0.9000433,0.013688209,0.0011119946,0.06826555,0.42966053,0.008299875,0.10647919,0.008179783
1.3944017,0.0003182756,2.894963,0.06335726,8.344761,1.0008677,31.106009,4.8841408e-05,10.972745,1.6066445,3.090625,58.16799,0.9902241,0.01817662,0.0007136529,0.14305127,1.5212853,0.013768323,0.08226002,0.007497072
1.2451972,0.00016258944,2.087463,0.044420555,9.810136,1.0067651,36.83447,3.630672e-05,12.807426,2.0347958,2.9016852,56.339584,0.8161499,0.012140918,0.00086892105,0.108199,1.1355878,0.008792032,0.09030543,0.006996797
0.9221392,0.00015247586,1.748349,0.03824947,7.550462,1.0677066,23.930538,4.209173e-05,9.062563,2.349637,3.2522097,35.32503,1.0368595,0.008796649,0.0017310866,0.07499151,0.9113047,0.010058108,0.05499988,0.0068515106
0.8215538,0.00018559847,1.3856832,0.06282334,6.771149,0.9395028,13.806321,4.1469382e-05,13.733135,1.2269886,2.483358,29.614983,0.59527075,0.014080663,0.0015092659,0.06796694,0.4974174,0.010950869,0.116489716,0.009150934
1.0082427,9.0824535e-05,0.9131557,0.025505666,7.125066,0.82438076,21.24657,3.0015663e-05,9.397066,0.89200807,0.5637614,24.202183,0.46331444,0.007994705,0.001918996,0.058456697,0.43059212,0.007091441,0.06550946,0.005863151
0.90378326,0.00012002356,1.0171204,0.03709889,6.8508782,0.8831801,17.940397,3.5010235e-05,10.290833,0.9998838,0.6614044,24.827871,0.51351506,0.009980854,0.001895962,0.05652053,0.45023763,0.007645918,0.07448927,0.0064287777
1.3696623,0.00016355554,1.1183361,0.11583909,9.304047,0.508672,30.70164,4.0200495e-05,22.210196,0.6348559,2.6888485,23.694033,0.405114,0.0076448815,0.0016769554,0.100620516,0.84530556,0.014029659,0.07143239,0.0105322385
1.0949908,0.00020300847,1.6272904,0.07698176,8.037949,0.82951933,21.968039,4.10646e-05,18.830252,1.5311989,1.8036423,40.704304,0.58061075,0.014936821,0.002317565,0.08497965,0.8680292,0.01047278,0.075564,0.008508411
0.94314665,0.00013766845,1.7763166,0.033956375,7.679154,1.0086219,22.735067,5.206931e-05,9.313522,2.3048286,3.421415,34.15541,1.0177088,0.011724326,0.0017689437,0.10094288,1.1230152,0.011922912,0.07726517,0.00776465
0.99972403,0.00012485065,1.884716,0.02717685,5.363607,0.80481946,13.766564,3.90846e-05,7.292625,1.3902892,2.351099,40.3255,0.54106325,0.008676634,0.0015330784,0.07905486,0.93529195,0.008574648,0.050157443,0.0062727164
1.1215472,0.00018159332,2.459749,0.13426569,4.7080874,1.0568931,26.030914,5.653777e-05,26.134056,2.1667187,2.783551,50.921364,0.8981956,0.011258102,0.0020530664,0.080361016,1.1231403,0.009930828,0.0881885,0.006711956
1.0356053,0.00025684538,2.167415,0.10945264,7.663011,1.1265634,35.388885,6.287425e-05,16.95603,2.4070463,4.845362,49.599808,0.88619494,0.023046156,0.00092495163,0.15811951,0.93624955,0.016128816,0.10905077,0.009510685
1.4681755,0.00032866813,2.8200548,0.07791921,10.148754,1.0152767,41.12436,4.252946e-05,19.416939,1.8440164,5.0222616,57.66509,0.52403665,0.018726854,0.0006188941,0.13513449,0.92397696,0.010930559,0.065864526,0.0066338424
1.1013066,0.0001515103,2.0055985,0.05017229,4.4264884,1.3565167,17.35991,3.6622365e-05,11.492545,2.0211756,3.8699875,43.005116,0.59136987,0.011077357,0.0005909125,0.0654673,0.8376402,0.0083357915,0.051138606,0.0047303187
1.7505203,0.00018536104,1.9982853,0.09113962,7.769202,0.87643075,34.53251,5.2213632e-05,15.697027,1.0839695,4.5411944,40.72117,0.479595,0.012188663,0.0006980642,0.1584279,1.0893935,0.011331406,0.09298702,0.008100017
1.6694298,0.00026675485,2.252984,0.10801441,6.1878986,0.8194424,35.345665,5.6738554e-05,13.261008,0.9372883,4.3310676,47.727787,0.25158095,0.0112208165,0.00016719302,0.15462773,0.915217,0.015295052,0.11458255,0.009385459
1.7018204,0.00017519562,1.8091848,0.0843111,6.7086225,0.86702543,33.796856,5.466916e-05,18.856369,1.2168103,4.4676223,40.78288,0.50857216,0.010721353,0.0008075885,0.14612636,1.0692697,0.010595483,0.09527481,0.0074852863
1.5404624,0.00033152386,2.1535783,0.2861987,7.3102884,0.9193158,39.73878,5.6497633e-05,16.019394,0.9281971,4.553697,42.458374,0.38173407,0.01538588,0.0004325067,0.1476182,0.89360195,0.016165646,0.11301611,0.010021667
1.1793447,9.114614e-05,2.293651,0.041487932,6.3165646,0.98427916,27.00519,3.5678357e-05,11.142468,2.101532,5.812451,46.277603,0.7624006,0.011208485,0.0009816895,0.13197584,0.9284717,0.016058173,0.08680854,0.01299916
1.1503247,0.00022998711,2.694108,0.10262875,5.2502136,0.8669102,27.18119,6.2200335e-05,18.601412,1.2205067,3.4175127,52.664814,0.8660983,0.0159053,0.0019190379,0.09471233,1.3296651,0.009114124,0.07054711,0.008535599
1.0703951,0.00017512323,2.9802463,0.059667025,5.296718,1.1239893,23.699839,5.497556e-05,12.040597,2.1333146,3.3104918,61.855495,1.048694,0.016750531,0.0021410037,0.12366917,1.7868112,0.010541799,0.09346478,0.005566973
1.0676411,0.00013345722,2.0881693,0.05962918,5.104091,0.9330563,26.624655,4.493681e-05,9.427346,1.7096218,3.955909,43.08786,0.72386265,0.013035087,0.0012795313,0.11439486,0.96094996,0.016802387,0.072810166,0.010091188
1.0577006,0.00016621235,2.4166222,0.046410337,5.441614,1.2428046,27.018608,4.623435e-05,13.267715,2.2768564,3.5743961,50.37203,0.80136734,0.008386495,0.0008799354,0.1029585,1.0013933,0.012372439,0.08248284,0.007824522
1.0159874,0.00016232276,2.1923048,0.07525166,4.9656796,0.992354,24.647009,4.5077606e-05,15.941671,1.806724,3.8634822,45.443825,0.8597912,0.010920104,0.001331718,0.09579759,1.0917853,0.014057787,0.08066754,0.007640168
1.1524323,0.00016306894,2.9085667,0.06195545,5.423384,0.86306036,24.823093,4.639101e-05,15.224393,1.9439927,4.567564,57.830833,1.1823709,0.014486742,0.0010349642,0.121910475,1.583107,0.016989378,0.055670906,0.008569463
1.1115445,0.00020823034,2.8920221,0.10817607,4.7885647,0.8571152,24.403952,6.559547e-05,19.28174,1.5166548,3.0670226,56.32393,1.11036,0.016294641,0.0025330163,0.099378996,1.7341328,0.008744547,0.07163894,0.0074287644
0.9797652,0.00020112337,2.3506343,0.08893284,3.3541644,1.2042642,14.628881,4.2054548e-05,21.956081,1.9929025,3.6572835,51.073093,0.8339991,0.007303859,0.0007982713,0.06959779,0.9892246,0.011413703,0.073669344,0.006102352
1.150297,0.00017175345,2.820743,0.094174564,4.8766446,0.82595766,23.951023,3.9607803e-05,10.654485,1.6808412,4.904326,55.80617,0.69670254,0.017154017,0.0009226471,0.115579344,1.2165376,0.015662404,0.071928054,0.0098221
1.388862,0.00024344337,1.4379995,0.1061562,5.110265,0.7072973,33.870846,5.731399e-05,33.54103,0.8618438,3.9552593,34.82883,0.2781931,0.013607139,0.00051806006,0.1300941,0.5949624,0.02276532,0.10884774,0.013266485
1.3111426,0.00020392431,3.694862,0.050233286,9.514446,1.9063605,47.471962,5.2624087e-05,11.711781,3.3759735,4.817818,69.13575,0.88691676,0.017036304,0.0009883285,0.16745456,1.0643114,0.012420709,0.10064605,0.01231837
1.5117646,0.00017981528,2.773215,0.1400605,7.935998,0.7843172,45.24338,5.6672852e-05,13.343758,1.4749987,5.6265144,56.11058,0.49961722,0.016402084,0.0009961411,0.18798223,1.4136738,0.0142886955,0.09990668,0.011795052
1.0704237,0.00020388237,2.8167717,0.09087843,6.06158,1.4074677,32.1123,4.580847e-05,11.334292,3.3233938,4.303867,51.3894,1.7567997,0.014976455,0.00088619115,0.11925395,0.8160827,0.011691698,0.08388845,0.009708205
1.1472541,0.00021288238,3.1546173,0.17600365,5.4773345,0.8306056,36.67066,5.7889858e-05,13.995181,1.9469005,5.381147,60.925636,0.9115819,0.016520083,0.0013921263,0.17649631,1.7882113,0.0251382,0.09277553,0.014318944
1.0354767,0.00029692217,3.19512,0.23018889,5.773399,0.9424406,35.11241,5.796204e-05,16.050728,2.338626,4.6467123,58.667427,1.2598313,0.019472793,0.0015206975,0.17066117,1.5749767,0.022109834,0.0718865,0.012430758
1.1658242,0.00036284482,3.6501007,0.28576514,6.058106,0.9425509,38.048782,6.4539796e-05,10.82325,1.9669598,4.728736,66.67909,0.9149825,0.018431824,0.0008714276,0.19469032,1.7192138,0.02138933,0.09956865,0.0123055065
0.912755,0.00028356316,5.964743,0.058497444,5.681801,2.350103,24.466259,6.250202e-05,15.165322,5.179885,3.6462066,124.69868,1.978176,0.022262897,0.0017348448,0.23100859,2.551159,0.020595504,0.09914207,0.015671648
1.0311848,0.00014476104,2.3913157,0.038406428,6.233157,1.4055891,24.378088,3.5294357e-05,12.177468,2.5144281,3.7140427,46.125763,1.0985734,0.007151677,0.0007815855,0.072761275,0.69182444,0.008334175,0.102473795,0.0060725166
0.9848413,0.00017393856,2.3205757,0.04156473,6.2599106,1.5033674,24.032,4.6715384e-05,14.446378,2.6372983,3.3010912,48.35674,0.9713815,0.008662961,0.00075603026,0.08905406,0.82531846,0.010962877,0.10356099,0.006268759
0.91554403,0.00015813153,2.1851747,0.015063511,5.705282,1.7656829,24.795752,4.914025e-05,19.11799,2.7090826,2.4335186,43.0072,1.025017,0.0039192988,0.0007245736,0.10021156,0.6720985,0.010168456,0.123100154,0.005987091
1.1265533,0.000111895286,1.4547725,0.06601801,6.816524,0.82181406,26.68292,3.0346471e-05,9.277348,1.572381,5.015106,27.36505,0.5529196,0.010461565,0.0009982132,0.08541687,0.5985044,0.009980116,0.07976733,0.0071966317
1.4071661,0.00028359558,4.449626,0.10715599,10.264117,1.6067712,49.537643,6.212163e-05,18.48665,2.5665915,3.457872,95.152405,1.256947,0.023158861,0.0015284346,0.20370199,1.7493367,0.017655408,0.12122032,0.01592127
1.144677,0.00020189786,3.171386,0.08052668,7.230094,1.6213232,37.626255,4.7796846e-05,16.300547,1.5890698,3.4138477,78.95332,0.86850005,0.033854663,0.0014934802,0.12490279,0.91711503,0.013588122,0.123665325,0.009511464
1.0699842,0.00022024543,2.4875083,0.06222488,5.990405,1.4382885,22.25705,5.8002235e-05,12.739716,2.4975524,3.4188855,50.646854,0.85322624,0.0074697384,0.0010654205,0.104166344,1.1982559,0.011100946,0.09091226,0.004634178
0.84193575,0.00020880374,3.1263387,0.049851786,5.745795,1.754935,17.82896,4.914214e-05,14.429154,2.8628504,2.8806527,58.498215,1.0717591,0.010131152,0.0014116773,0.10391462,1.2388799,0.011779296,0.13133158,0.0075455974
0.86812264,0.00027313907,3.549273,0.036308575,5.645509,2.5700817,20.749329,5.6661494e-05,16.159126,3.386164,3.2447727,87.436295,1.0723642,0.01585652,0.0011364117,0.15211265,1.5607556,0.015402607,0.13148645,0.0077265208
1.032238,0.00020308215,2.4388175,0.045986332,5.866178,1.504263,28.53958,4.5471726e-05,12.557643,2.1380427,2.7592728,69.0291,0.93536294,0.013456589,0.0018713787,0.10887477,1.2331083,0.01673765,0.12852393,0.009266355
0.78793454,0.00018228801,2.956288,0.03785162,5.340832,1.720079,17.22905,5.9439557e-05,15.288464,2.1897652,2.0079813,64.22523,0.911683,0.012809009,0.0020794314,0.13665909,1.4207859,0.015562963,0.13353194,0.008363053
1.14977,0.00011454675,1.8096927,0.040122382,7.174864,1.1308652,26.015537,3.7776532e-05,15.391475,1.8444649,2.8715515,57.0685,0.65521646,0.012753476,0.0017490556,0.08638933,1.0092336,0.014179502,0.11691796,0.008021691
0.9551546,0.00016843715,2.175798,0.048677523,5.715584,1.2573184,23.685728,3.6368416e-05,13.93669,2.0768683,2.7891226,62.889355,0.8686033,0.012381727,0.0019003014,0.07798179,1.0662895,0.015034945,0.13157357,0.007939804
1.2422795,0.00010124864,1.5851933,0.033812087,8.010243,0.9909446,28.504515,3.5187488e-05,14.002487,1.4809177,2.3024273,49.371746,0.46423954,0.012890271,0.0015819994,0.08977229,0.93068606,0.011359104,0.10248067,0.00758902
1.2226199,9.4926334e-05,1.4678606,0.032884542,8.915995,0.8628596,36.26817,3.2932105e-05,16.828934,1.1566225,1.9704002,45.11912,0.37529564,0.013629342,0.0013923758,0.09065471,0.83058983,0.011116152,0.099431425,0.007768102
0.7691493,0.00030187334,3.3534548,0.059300706,8.238648,1.9491112,25.867825,5.2666583e-05,15.619004,4.323298,4.271505,77.92853,1.3255672,0.016912326,0.001181739,0.1533363,0.99449676,0.015910145,0.19079039,0.012417054
1.7464378,0.00026161817,1.9407527,0.1263258,6.956907,0.95425266,32.575336,5.8781323e-05,15.907045,1.0178056,3.3589346,45.27871,0.43200243,0.019634979,0.00070843264,0.1517305,1.0096184,0.012748338,0.10184218,0.0087741045
1.3768467,0.00015464316,2.8250697,0.048098452,8.117906,1.591641,33.516857,3.935326e-05,14.888954,2.6826456,3.4426053,68.56936,0.8538448,0.011301828,0.0009446296,0.13318941,1.1290632,0.0122976955,0.1066194,0.008606161
1.3357272,0.00022338553,1.7870256,0.08556793,6.6267357,0.9744972,36.02986,5.0714945e-05,15.582767,1.5717957,5.212,39.080967,0.7800883,0.0123022385,0.00086138025,0.13547094,0.7878361,0.014697209,0.09409603,0.011166016
1.2851723,0.0002955615,3.361204,0.114389315,6.416273,1.1800972,29.976948,5.8457055e-05,12.571143,2.2235057,3.7476835,66.92105,0.9712632,0.018571332,0.0014557239,0.12346299,1.5174022,0.009227047,0.062919855,0.006561865
1.6234981,0.00018376383,1.8018379,0.08868038,6.6992655,0.93540746,33.919323,5.944876e-05,16.914919,1.3359768,4.2163253,41.080566,0.54616517,0.010982833,0.0009922088,0.15123296,1.0814766,0.010436833,0.093645155,0.007090553
1.0222384,9.631568e-05,1.2481887,0.021646075,8.400867,0.9474939,30.224976,3.2898293e-05,9.043004,1.299228,1.9320669,39.45466,0.5126966,0.007438385,0.0014078801,0.08526768,0.49949485,0.009253563,0.1039475,0.008296723
0.8641167,6.0957467e-05,0.984912,0.041386273,7.53237,0.5575416,24.570015,2.9910432e-05,12.048544,0.6256214,0.0847934,30.615622,0.26381433,0.011076418,0.001264506,0.03739016,0.34000966,0.009741712,0.078476235,0.0055478704
1.0018586,0.00013575464,1.7541795,0.024817867,9.644613,1.2849691,36.608215,3.873437e-05,13.690461,2.2386675,0.67997015,40.90286,1.0354165,0.0071488395,0.0018969364,0.07324961,0.7846002,0.008395773,0.10576134,0.0060379277
0.85843897,0.00029461767,2.9471247,0.077666685,3.7167935,1.3799251,12.733683,4.4021715e-05,14.364198,2.2575676,3.0178216,63.652523,0.7311751,0.013626265,0.0006678203,0.0815363,1.1386622,0.012863464,0.07535125,0.005975391
1.0298138,0.00019765373,3.4369726,0.047931246,4.5979323,1.3225617,22.023151,5.3596515e-05,21.430548,2.3934636,3.6053267,70.63391,0.95847625,0.016099729,0.0015701314,0.115567185,1.5235592,0.01134778,0.10032234,0.0059615504
0.9702341,0.000144864,2.7228596,0.053284112,3.2046158,1.0616574,12.577069,2.4868263e-05,9.57117,1.726725,1.7647716,57.177505,0.7717137,0.016809423,0.0014244337,0.045792747,0.9574066,0.004920174,0.073157884,0.0057535022
0.8784465,0.0001959297,2.892601,0.06919824,3.472709,1.6460797,13.024502,4.668931e-05,16.375364,2.2706351,2.6209009,66.62373,0.9907505,0.010969181,0.00095771725,0.06998421,0.8271374,0.010675532,0.12208439,0.008783103
1.0219228,0.0001405785,2.7263343,0.07294395,3.5231566,1.2592926,16.961727,3.6134392e-05,21.288305,1.7620587,2.0244467,62.87662,0.54820687,0.026111629,0.0016768831,0.076821886,1.0049285,0.013117405,0.1408237,0.009008489
1.2043523,0.00022992793,2.5277762,0.03161231,7.0172334,1.2507325,30.199184,4.6240548e-05,14.0777855,1.9691026,3.5939164,49.61523,0.9797676,0.010202799,0.0014127938,0.1166751,1.2043262,0.01128374,0.07917935,0.007314594
1.0339053,0.00028259214,3.987997,0.11386783,5.2582116,1.2109947,19.153112,4.981262e-05,25.309162,1.9129068,2.6965005,88.14728,0.75615644,0.02734111,0.001603972,0.116525844,1.8392549,0.013385405,0.10907023,0.0101024285
0.960366,0.00012979182,2.4549577,0.017797038,6.859946,1.545401,25.498085,3.859641e-05,9.628827,3.1824882,3.4849126,53.371,1.1331649,0.011888465,0.0013888408,0.10954484,0.8829391,0.011729006,0.111283466,0.009573095
1.0059127,0.00015798451,2.4769762,0.04004603,5.4853964,1.8280874,34.62806,5.1637762e-05,11.380601,2.387494,3.4178112,54.16611,0.7470437,0.01024479,0.0013392264,0.107238345,0.7781226,0.009982443,0.06366258,0.010439003
0.9328746,0.00023541445,2.870097,0.047223568,5.225042,1.3278592,17.393602,5.0182698e-05,14.672056,2.1563284,3.1051745,61.804737,0.7663935,0.010701953,0.00063585973,0.111550145,1.0523268,0.010708631,0.10077193,0.0066079805
1.1467272,0.00021909615,3.3724854,0.03399882,7.2961173,1.1469175,35.8586,5.3035004e-05,9.088558,2.7644584,4.1547546,75.32466,1.4454143,0.013144275,0.0014877013,0.14331868,1.586652,0.0124188755,0.07788505,0.008571361
1.4457701,0.00020240401,3.1957827,0.07990218,7.6834064,0.99749106,45.263153,5.403524e-05,16.913425,1.4453181,3.419367,61.786068,0.7214489,0.016279206,0.0011925414,0.17935723,1.3697144,0.013914741,0.08355033,0.01204677
1.0001887,8.498141e-05,1.2533187,0.0418351,7.2165804,0.6517818,25.054407,3.4979606e-05,12.847853,0.841483,1.2900633,28.581509,0.3428404,0.011160706,0.0010206224,0.06574348,0.37988612,0.010147797,0.07184789,0.006548828
1.1984385,0.000261435,3.9447496,0.13300915,8.005841,1.2026495,33.513596,4.6356166e-05,14.019789,3.0718129,4.0556707,77.560234,1.1160687,0.021632321,0.0021073043,0.12647194,2.228566,0.016036006,0.06900077,0.009542311
1.2311761,9.297682e-05,2.2781918,0.06666688,8.055745,0.9374423,38.21938,4.0592484e-05,11.447252,1.6230253,2.7575574,44.146557,0.7171259,0.013255303,0.0015019745,0.10661624,1.0112504,0.013194463,0.110112816,0.0098498855
1.4537773,0.00031065661,2.99247,0.18812357,6.611956,1.0598841,38.206734,5.532905e-05,14.508478,1.3648921,3.760719,58.542717,0.6667042,0.016846858,0.0010157845,0.13180044,1.4431809,0.014202911,0.09570944,0.009749688
1.3878233,0.00026876802,3.1216903,0.07359339,8.305134,1.3088355,42.204887,6.116688e-05,15.724484,2.1080723,2.8908355,72.682495,0.91576624,0.012614925,0.0016961985,0.15421902,1.6762286,0.0122592095,0.080795005,0.0092756795
1.314018,0.00020018185,2.6018422,0.111145675,7.535099,0.85337543,35.70691,4.795421e-05,11.0603695,1.7492375,4.8338413,45.9782,0.880084,0.018441582,0.0010307644,0.11966219,1.2298195,0.013526428,0.07165301,0.009237139
1.4438343,0.00020309722,3.152103,0.108053304,8.382602,0.99069744,39.5437,4.6982346e-05,10.015965,1.8283759,4.1024685,59.522045,1.1001388,0.01981127,0.0012927116,0.15049295,1.3681965,0.013762433,0.08446496,0.012037677
0.9308756,0.00015269165,1.3987454,0.04883727,6.809536,0.7461644,24.83129,3.4700483e-05,19.293865,0.7970701,1.4735427,31.761997,0.3401705,0.013013866,0.0009926512,0.07985833,0.3440185,0.008869109,0.07854241,0.0073953555
1.4357713,0.00025297556,4.849098,0.05922206,8.370177,2.0997133,39.21015,5.349251e-05,15.542328,3.6995533,3.5315259,98.9495,1.4454726,0.020045677,0.001999214,0.12478948,2.5954795,0.011308812,0.08311936,0.0084787365
1.1920978,0.00019624662,3.803692,0.057668064,6.656825,2.0644422,28.784412,5.258553e-05,14.512552,3.1083324,2.1512659,71.281876,1.2037008,0.01783993,0.002783702,0.11890094,2.2001138,0.00949258,0.06034962,0.00879401
0.9259605,0.00026097184,4.30354,0.019411266,4.687844,1.7441063,27.026972,5.08995e-05,8.005946,4.3458157,3.8626013,81.400696,1.8547331,0.005050724,0.0010328486,0.13709414,1.8090832,0.009365657,0.06958165,0.0067487084
0.94491935,0.00025806949,3.756661,0.066626325,4.550805,1.3765923,23.08721,4.8795377e-05,14.921719,2.7797852,3.634897,80.09727,1.0451715,0.019164976,0.0009554564,0.095881924,1.4343218,0.012350059,0.100645155,0.0066125467
0.9231206,0.00026723006,3.6206732,0.048180006,5.704235,1.4149116,25.437046,5.2391806e-05,15.748967,2.589306,3.7017376,76.883446,0.90083635,0.016053442,0.00079232256,0.13642749,1.2422317,0.013421095,0.118869245,0.007734672
0.9606516,0.00017177728,2.663952,0.052194554,4.6222486,1.3439072,20.006699,5.0141265e-05,14.58754,2.403731,3.1902368,55.021027,0.88468164,0.013114478,0.0011024904,0.08907332,1.1383692,0.012050939,0.089219816,0.005773135
1.0834159,0.00017687662,2.7183917,0.04782036,6.043789,1.395207,30.825794,4.2518175e-05,15.580654,2.6517391,3.36199,55.95326,1.1362044,0.009218348,0.0008884496,0.08871156,0.9659413,0.012475438,0.09706616,0.0066393
1.2012426,9.3125425e-05,1.7242815,0.02254664,5.64089,1.0587964,22.669758,3.3202872e-05,9.430111,2.0789018,5.0914063,33.78528,0.81816983,0.0065180883,0.0011353143,0.092356056,0.46712443,0.008742686,0.1064161,0.008984682
1.4247695,0.0001516676,2.798975,0.051698856,9.556661,0.8429631,46.73597,4.8788534e-05,14.270549,1.1564986,1.2341741,60.974068,0.6396152,0.01283229,0.0015589253,0.12949654,1.3632917,0.010581934,0.08443892,0.00951121
1.041592,0.00024378291,2.5950406,0.060067862,6.548267,1.5052859,25.14587,6.026293e-05,13.93814,2.612105,2.986088,52.973846,0.9212197,0.007459013,0.0011645189,0.11964849,1.1334538,0.011006833,0.10721087,0.005455276
1.125366,9.342579e-05,1.5886534,0.03851958,8.033658,1.0875044,32.567596,4.142031e-05,20.907757,1.585739,2.7871635,50.069744,0.46045747,0.012137995,0.0015633565,0.0951898,0.8628372,0.011017,0.10531351,0.0075817937
1.6752943,0.00026634568,1.7797027,0.113790356,6.0622935,0.74955803,31.620401,5.683375e-05,16.153656,0.96728724,4.0040736,40.26398,0.41399947,0.011663852,0.00069231767,0.12850925,1.0662407,0.01409995,0.085841775,0.008833834
1.634311,0.0002780476,2.0368483,0.14058375,6.3988657,0.9351542,32.022884,5.894723e-05,17.599838,0.975373,3.3822446,46.41874,0.27486923,0.018473962,0.000373778,0.14008316,0.9102943,0.013523345,0.10127158,0.00934649
1.177469,0.00036122397,3.6554508,0.16319244,7.667639,1.5650995,37.151905,5.442671e-05,19.866983,2.5507998,1.8555171,76.087555,0.92520815,0.016833425,0.0018753777,0.11624952,1.4093249,0.012473341,0.07922462,0.009743801
1.3348802,0.00022469522,1.8052471,0.086115964,6.5173965,0.96982557,35.72652,5.1159805e-05,15.555585,1.573518,5.237568,39.409485,0.7821927,0.012326408,0.0008533166,0.13627526,0.8071068,0.014898345,0.09335975,0.011188668
1.4152298,0.0001916299,1.9183956,0.08337147,7.4552293,1.1218045,38.378857,4.5255983e-05,19.33845,1.3110455,3.9764822,39.520443,0.548116,0.011540607,0.0006674478,0.13113458,0.6156146,0.011513452,0.11760797,0.010050633
1.6332356,0.00021817867,1.5650932,0.08797956,7.1695237,0.99182785,40.39976,5.150761e-05,20.082859,1.2987263,3.6518824,40.84348,0.53008527,0.018150218,0.0013304813,0.13493887,0.8781972,0.010452257,0.083441004,0.008400655
1.5671575,0.00018088921,1.6751213,0.09744615,6.3632627,0.85621744,33.782997,6.0341237e-05,15.749691,1.3212438,3.966471,37.900288,0.54269284,0.009934221,0.0011570548,0.1386922,1.1462259,0.010586305,0.08957473,0.006072869
1.1688727,0.00012954717,1.1989758,0.022480104,6.5907288,0.7654107,22.041079,3.101052e-05,7.368238,1.1411139,1.4554937,29.000917,0.47877723,0.007664238,0.0019161557,0.068675436,0.7794939,0.007124831,0.05457591,0.0045323204
1.0680087,1.4958609e-05,1.3948762,0.009652279,8.012588,1.1928976,29.768274,3.0202122e-05,7.8589907,1.6141266,3.8893065,35.72647,0.5566052,0.006673945,0.0012574109,0.10727447,0.37618834,0.010542969,0.12915137,0.012575907
0.93380404,9.4678064e-05,1.1840206,0.012465304,8.248036,1.0913059,26.773764,3.3679135e-05,9.247101,1.6119324,1.9681507,39.59002,0.5648825,0.006042742,0.0013773495,0.08596167,0.39151436,0.009271778,0.11797155,0.008356853
1.2150652,8.960617e-05,1.0828712,0.015022772,6.1847143,0.7325972,20.552847,2.786246e-05,6.9794617,1.0246786,2.2632148,26.427095,0.33573264,0.0051570665,0.001356126,0.060589615,0.61199707,0.0077149845,0.053132433,0.0057108975
1.2281845,0.00010575316,1.497303,0.031863455,9.559444,0.65754265,37.807144,3.473754e-05,8.986763,0.71576816,-0.7493481,36.51652,0.37470323,0.009963527,0.0011429389,0.06952144,0.6575397,0.007857003,0.09140564,0.0053093736
1.3140402,0.00015002182,1.217785,0.05284063,10.650683,0.7970659,43.983974,3.896578e-05,16.973663,1.0395198,-0.058662694,30.973475,0.51474583,0.007840159,0.0017673203,0.054175913,0.75807905,0.0074382196,0.07518622,0.005668237
0.8689357,0.00023326078,3.136565,0.06616799,4.3264346,1.0311465,15.86945,4.3804925e-05,8.283616,2.4085631,2.718182,59.289783,1.027062,0.017724056,0.00094968954,0.06761301,1.2819786,0.011391452,0.044811524,0.006758515
0.9427008,0.0002548448,3.3950212,0.073754266,3.806118,1.6333262,14.132606,4.770729e-05,13.259921,2.515593,3.187061,75.61525,1.0827365,0.014262263,0.0010756908,0.07965428,1.1758186,0.0100815715,0.10613868,0.007314415
0.95987326,0.00015720367,2.859498,0.055472698,3.0720117,0.8901142,11.304684,2.7350368e-05,11.413259,1.4808959,2.0787792,58.408695,0.629861,0.020748205,0.0016066047,0.047694545,1.1440355,0.0068267025,0.06186906,0.006430351
0.7782881,0.0004729872,3.46674,0.10128308,4.7240534,1.3972263,20.882965,6.045879e-05,20.158384,2.4453232,3.6678,74.22983,1.1044115,0.021405894,0.0009320103,0.13347499,1.0976716,0.014694413,0.14247686,0.0087444605
1.0662678,0.00015815604,2.3503215,0.06362548,4.7971864,0.9501406,24.99911,4.98477e-05,18.115147,1.4899195,3.345516,49.262093,0.8566878,0.014555941,0.0019351288,0.109275736,1.4322963,0.015325663,0.089227416,0.008637613
1.0535991,0.00015244607,2.494519,0.03554434,5.9234085,1.0151858,26.795893,4.5857094e-05,9.008361,2.2992673,2.729313,45.92915,1.1660098,0.010607801,0.0014591583,0.09093239,1.1220541,0.012755862,0.058408592,0.00796463
1.0538995,0.00015736838,2.924803,0.060066443,4.845069,0.9762794,25.882147,3.826266e-05,14.9948845,2.1409426,3.2159781,56.61099,1.038459,0.017394612,0.001672136,0.10313194,1.4218252,0.015069548,0.06507669,0.008797931
1.0140947,0.00013889222,3.330696,0.04088117,3.2369652,1.0359377,13.302574,3.2059106e-05,10.495663,1.6231577,1.938978,69.3192,0.7432323,0.014632776,0.0016753786,0.044444576,1.1126132,0.006418492,0.055463538,0.0070969984
0.8370469,0.00018393232,2.957608,0.047488965,4.321328,1.4119753,12.741128,4.114511e-05,10.844581,2.6217468,3.114583,59.389767,0.95834243,0.010257492,0.0007810158,0.08983901,0.9026502,0.011853359,0.081454016,0.006827552
1.5403186,0.00018719837,1.7732699,0.0629018,7.082876,0.8425071,35.13926,5.3863056e-05,22.18791,1.0193739,4.24229,38.558136,0.5034558,0.010636186,0.0013292534,0.16456528,1.1387264,0.011705719,0.08932147,0.009408718
1.103144,0.0003706483,5.011583,0.16858415,6.7054567,1.8158033,31.586271,5.8959693e-05,16.746206,3.8254733,3.5294514,95.73359,1.540463,0.025053388,0.0018433625,0.1387392,2.3812518,0.015485415,0.08636434,0.008547184
1.4189134,0.0002461733,2.9497094,0.06627833,8.201148,1.3647561,41.443115,5.9068436e-05,16.5275,2.1830397,2.9375858,72.32624,0.92926574,0.01168105,0.0016027648,0.14879857,1.6023449,0.011596559,0.08337854,0.009144879
1.3021941,0.0003405621,3.4682603,0.19424461,6.5443635,1.1937144,38.295517,6.494814e-05,14.897755,1.6950674,3.8617005,66.10009,0.82647866,0.020294007,0.0008033376,0.19955337,1.4764119,0.017626546,0.11291202,0.011255866
1.4362686,0.00016490955,2.4316595,0.083600186,8.361327,0.98215145,34.331654,3.5678837e-05,8.59999,1.3983545,5.0595646,48.05155,0.53961414,0.022002403,0.00058422267,0.13731296,1.1015618,0.013942489,0.11050826,0.010685739
1.1349609,0.0003374592,3.3816707,0.33594546,5.464756,0.9330608,32.303925,6.5678214e-05,12.249913,1.8347335,5.272626,59.577248,0.87416786,0.017227022,0.00079679256,0.18061769,1.570123,0.023303855,0.09610841,0.01210678
1.3915682,9.425253e-05,1.1753168,0.033780355,8.1081085,0.7869489,38.34206,3.3816348e-05,17.545235,1.1361327,4.263573,34.146374,0.39438704,0.009965635,0.0003669404,0.09594476,0.4831136,0.0090972595,0.119256034,0.00815281
2.0815904,0.0003298491,2.1276503,0.093443155,9.616055,0.6421973,58.072407,4.023927e-05,47.844048,0.37364775,0.46266836,60.438675,0.11385149,0.02054984,0.0015553801,0.19421013,1.088143,0.0076343557,0.09803625,0.0075432737
1.6383958,0.00017665338,1.6931406,0.08974804,9.750623,0.5817164,50.261986,3.4819303e-05,14.785918,0.51817805,1.332956,43.50915,0.12628719,0.016571224,0.00089687906,0.13485822,0.6624559,0.009794689,0.116310135,0.009551564
1.6549422,0.00022627645,1.8388242,0.19202958,8.8440075,0.6326154,50.90961,4.2814827e-05,28.25763,0.5047477,1.5350038,50.78362,0.16446885,0.018141277,0.001085681,0.1618301,0.82246834,0.012403598,0.11734376,0.010672078
1.0750357,0.00016940734,3.886485,0.03864798,7.8053923,1.7013919,33.27257,4.553742e-05,9.914712,3.2206151,3.8515441,77.46131,1.3988136,0.017366579,0.0010279964,0.118016146,1.6831752,0.007525512,0.08668272,0.008342148
1.2040341,0.00034635563,6.6531186,0.06404635,9.424462,2.3337998,47.187542,7.8342695e-05,12.713232,4.9185486,3.069386,152.90137,1.9935845,0.031447064,0.0015497251,0.29018024,2.54571,0.017429203,0.12591758,0.017317705
1.160135,0.00033875543,5.80765,0.09126154,7.208201,2.014729,36.281235,5.531161e-05,9.768398,4.6951346,3.4975157,111.06993,2.7933528,0.016403235,0.0029075767,0.18866731,2.9092784,0.011437187,0.08791801,0.011769671
0.86245036,0.00023749762,3.3009787,0.021535944,5.9367323,2.3633776,31.184078,5.7049663e-05,8.926554,4.1746764,1.2488847,71.49486,1.5499257,0.012812457,0.0008732961,0.14053851,0.82472914,0.009198001,0.13407592,0.010207577
1.2746457,0.0003355052,4.9560513,0.09206519,7.7769637,2.2037737,34.486618,6.0042436e-05,13.329054,4.2929354,3.5346568,99.70719,1.9240363,0.017881164,0.0025676934,0.15116534,2.6394374,0.012175709,0.089988194,0.007346123
1.1081233,0.00045077284,7.3988667,0.083301924,7.7026367,3.2592375,29.025599,6.1097126e-05,12.7121935,8.166811,3.193039,135.2723,4.652953,0.016539924,0.0049511166,0.17266883,4.4569974,0.011258996,0.06774791,0.0069572725
1.3483245,0.00044626175,6.3002157,0.09334046,7.2217126,2.2006092,32.31869,6.7946065e-05,13.952243,4.3235064,2.794695,134.21437,2.0484595,0.024389416,0.0025834336,0.19041203,3.603063,0.009599305,0.061117884,0.006355926
1.1601992,0.00027135116,4.773081,0.07308036,7.179274,2.3808773,28.660969,6.0047947e-05,14.535982,4.510481,2.01325,96.66954,2.3462832,0.017108748,0.003534998,0.14653978,2.91789,0.011182062,0.0525336,0.005343772
1.013795,0.000342386,4.6267567,0.07651863,15.389141,2.965886,61.857788,0.00011560694,20.41946,7.023476,2.9204328,104.57892,3.2198553,0.0151983425,0.0032402205,0.3151453,2.535218,0.023225578,0.1853206,0.01678986
1.1717603,0.00014888427,2.5247428,0.028298844,6.449539,1.5117395,34.744728,3.7546004e-05,12.722007,3.3650782,5.226162,54.356247,1.2850215,0.0060218163,0.0010777899,0.06628234,0.7665697,0.0074587543,0.05699116,0.00480735
1.0459934,0.00025877284,3.8378537,0.045378745,7.0820932,1.3434381,37.566067,5.7826655e-05,8.274541,3.0537884,3.7759552,71.90629,1.633361,0.01651723,0.0020466933,0.16203946,1.7313,0.012504581,0.04098181,0.010080059
1.2314208,0.00028702524,4.124844,0.07767186,6.4977593,1.5826118,29.760704,5.1007144e-05,13.157788,3.2982814,4.074714,80.850914,1.5809704,0.015742397,0.002034339,0.15690517,2.5137203,0.013199914,0.09495705,0.009423194
1.1842989,0.0002593503,4.0317583,0.057634797,7.071976,1.090165,36.57554,5.5417462e-05,10.163413,2.6473966,3.075923,75.95815,1.418781,0.016628617,0.0021998126,0.1862679,2.2676413,0.009969101,0.053630713,0.008916206
1.2475584,0.0003239885,4.4292965,0.11562828,7.5267224,1.6192065,37.362926,5.4519245e-05,10.743731,3.2508159,3.6703098,87.093666,1.7238046,0.016424807,0.0021623604,0.180002,2.3728206,0.016330335,0.116090864,0.011596938
1.2507597,0.0001893306,3.000527,0.04039814,6.161097,0.8956381,32.64724,4.5149816e-05,6.9170513,1.8409816,2.6360195,59.548214,1.1242863,0.0159313,0.0011719707,0.12690915,1.8834194,0.008724016,0.054261327,0.005417434
1.2254272,0.00028105982,3.4013014,0.08830429,7.6443915,1.118083,34.764065,4.671245e-05,8.514001,2.4493876,4.247604,61.86378,1.4552857,0.014987331,0.002431501,0.17475414,2.0878932,0.011355898,0.07395981,0.011538799
1.01326,0.00025261132,3.2978382,0.0649436,6.904543,1.2823082,31.329905,5.1634877e-05,11.487373,2.8266523,2.7005146,67.83442,1.1423148,0.02775021,0.0007603127,0.17266575,1.3864264,0.00906996,0.104856774,0.008723737
1.1797615,0.00033347396,5.4028945,0.10219564,7.141859,1.8155904,33.3492,5.9057234e-05,13.080139,3.751155,3.2210393,104.79643,2.065353,0.018454954,0.0026547024,0.1770444,2.6119058,0.013394275,0.066448666,0.007781518
1.1836721,0.00023530096,3.649205,0.05853231,6.6545367,1.6555549,25.807238,5.257659e-05,10.225214,3.39481,2.091838,76.66108,1.8460879,0.012612998,0.0021400533,0.12765692,2.1367495,0.013399458,0.061530463,0.0042897738
1.1901419,0.00032508513,4.544621,0.071614444,7.809636,1.8167994,33.3077,5.8309393e-05,12.604257,3.7834115,3.2938154,87.116325,2.129595,0.016361993,0.00272078,0.16152157,2.3433802,0.013052751,0.071009375,0.007264758
1.1885772,0.0003061694,5.2904525,0.07092528,8.501826,2.2917087,33.653378,5.697464e-05,14.437028,4.881857,2.6588743,99.58307,2.914876,0.01552414,0.003207793,0.1755855,2.9601572,0.014659628,0.060777947,0.0064523513
1.1954529,0.00030529386,5.225063,0.07017394,8.322956,2.0929232,34.5953,5.8189344e-05,14.239718,4.681061,2.9361582,100.521904,2.7897964,0.016498955,0.002821369,0.17226812,2.7498543,0.01506225,0.065250196,0.006873903
1.1985283,0.00021326743,3.6674142,0.048740804,6.8975844,1.562647,27.456137,4.7930906e-05,6.954951,3.1906772,2.3446355,74.94573,1.9553108,0.012234634,0.0032427257,0.1267895,2.656747,0.014558028,0.052052435,0.0063642804
1.4783773,0.0003251609,3.7913833,0.11676924,9.359869,1.174297,47.99512,5.5375443e-05,12.014313,2.072047,2.3438869,73.26544,1.4124693,0.022946667,0.002500511,0.17824522,1.9119258,0.010329244,0.073249884,0.010868203
1.3583597,0.0002660177,2.6137202,0.078427315,9.021386,1.1156265,34.67454,4.3910204e-05,9.52194,2.4217823,3.8880312,51.469154,1.3920424,0.0174708,0.0023429452,0.10172405,1.9435141,0.014278428,0.04490365,0.007126071
1.1916478,0.00013990399,2.8264272,0.034619827,5.870971,1.2441623,27.80605,4.6510788e-05,15.698787,2.3345468,2.1084428,55.183334,1.0109386,0.01494048,0.00079515827,0.11619177,1.2230909,0.010995416,0.10921203,0.007573584
1.1896955,0.00024655566,2.7858696,0.11055345,7.2122,1.0735147,30.570686,4.543147e-05,13.292546,2.474914,4.745626,52.43076,1.3821509,0.015442661,0.002064669,0.13750727,1.9749624,0.016411735,0.080294065,0.00887928
0.8774301,0.00012975822,2.252944,0.016567396,3.8683915,2.1326046,22.18747,6.189782e-05,10.825373,3.0623024,3.4574583,63.95148,0.999622,0.013107468,0.0017609173,0.12732875,1.1489692,0.019396497,0.090888046,0.010631258
1.5505633,0.0002487553,4.2337613,0.1057146,9.838853,2.017742,50.759903,4.8455844e-05,23.369116,2.9722602,3.5638185,94.067566,1.2191867,0.019093836,0.0014617104,0.20087935,1.3011419,0.017309656,0.0797079,0.015803091
1.4096369,0.00031759808,1.671364,0.058690574,6.626093,0.9483424,25.487413,5.014476e-05,21.743929,1.5043087,2.1131885,42.238846,0.7247039,0.02440196,0.002831956,0.096003376,0.91936165,0.0065336092,0.15103243,0.0043629697
1.0959364,0.0002496605,2.3584948,0.08925703,8.918422,1.2872821,32.936615,5.0878323e-05,14.833557,3.0977075,4.8518353,62.741814,1.6536816,0.020813268,0.0014547931,0.1252034,1.2695733,0.013860008,0.09023099,0.009680245
1.379061,0.0002899157,7.059438,0.057839245,8.16502,1.4984428,43.273647,7.1909104e-05,12.934453,3.7286575,2.6336653,145.6743,2.2742655,0.025610901,0.002370288,0.27492058,3.7055476,0.011697317,0.06026365,0.010492433
1.2213194,0.00041733336,5.8231688,0.076103404,8.51242,1.9320608,46.704952,7.2379735e-05,15.602121,3.4595606,2.1146228,116.01388,3.10058,0.017275829,0.0038558603,0.20520468,3.2998638,0.011466354,0.06436418,0.009588689
1.1685532,0.00039597967,3.6134288,0.09837052,9.057461,1.342486,48.328545,6.4891305e-05,9.766523,2.4625337,3.5742218,71.750854,1.3610216,0.020806331,0.0021931455,0.14991985,1.3510997,0.009736701,0.093000464,0.0105958665
1.431981,0.0002431211,4.7109356,0.0916021,6.969202,0.82068205,29.710314,5.4178985e-05,10.572387,1.5693122,5.4540424,93.336655,0.7357703,0.022872813,0.0009126026,0.22521219,2.4992874,0.017895613,0.12366786,0.013248632
1.4149317,0.00034613718,3.8673697,0.0879801,8.138405,1.7481875,40.82477,5.2053536e-05,16.669807,2.8039243,2.0918906,81.78917,1.6125405,0.020408582,0.0028898697,0.10848033,1.7015959,0.006828139,0.055091906,0.0069236453
1.2466475,0.00032305453,2.9714842,0.124223165,7.570721,1.2525538,32.92232,4.3632444e-05,10.042708,2.5885475,3.558783,62.69058,1.5920131,0.019014232,0.003392603,0.10377371,1.6312494,0.01077738,0.090020984,0.011019887
1.192082,0.00014067428,3.3981476,0.040065847,6.195236,1.4695244,28.438267,4.2724718e-05,10.594414,2.6219034,2.3493834,65.774155,1.1765517,0.018539123,0.001456922,0.12706004,1.6524504,0.009453347,0.06390646,0.008651292
1.3007722,0.00015706045,2.2215154,0.027126884,8.8452835,1.5795032,29.73339,4.7848527e-05,12.33566,2.155659,1.4830499,46.334473,0.91386676,0.015652193,0.0008669615,0.11495439,0.8222947,0.008684102,0.13222362,0.008527905
1.522107,0.00019728736,2.2195172,0.04847631,9.257092,1.1145272,40.941513,4.0612456e-05,9.079152,1.3338944,3.5886095,47.146496,0.45407057,0.015854884,0.0013472205,0.11020722,0.9648319,0.00840551,0.069518544,0.009901203
1.2765721,0.00013922053,2.2484078,0.029520303,10.1022,1.3046079,32.44777,4.9167196e-05,17.331692,2.4375055,3.7361517,43.20804,1.0223624,0.0125672,0.0010423873,0.1418354,1.0512348,0.014081094,0.12640165,0.010040961
1.2433563,0.00014412796,1.9154994,0.025686255,8.705265,1.5682477,28.937586,4.3637076e-05,11.028423,2.297192,1.5112107,45.74334,0.99237627,0.016057504,0.0010120787,0.08805568,0.6923941,0.008371573,0.13938275,0.008555062
1.409126,0.00023204784,2.3996525,0.04770066,7.2526464,1.209346,26.237139,4.5588582e-05,13.833771,2.200624,2.005152,51.764812,1.1132625,0.017389182,0.0013125438,0.07611703,1.1341015,0.011492017,0.08110565,0.0060059032
1.1848544,0.00027100003,4.9590096,0.11757481,6.478892,1.1047268,33.446594,6.835024e-05,15.232203,2.6539085,3.5863295,99.98751,1.3992733,0.027223751,0.002880964,0.23714179,2.918536,0.016733145,0.0750208,0.014036282
1.2500151,0.00017497178,3.614976,0.0530807,8.430046,1.7150879,41.571293,4.7915357e-05,11.930266,3.7811236,4.487295,69.32507,1.2365991,0.013723148,0.0010323041,0.18980713,1.1477185,0.013983048,0.090733856,0.012923209
0.9690754,0.00017075462,2.1360774,0.06286663,5.4121118,1.248507,24.424227,3.802632e-05,20.91497,2.08499,4.0448728,48.864933,0.6149054,0.012537504,0.0006860058,0.093854345,0.7090513,0.012774871,0.07326929,0.008267841
1.293333,0.0001850766,3.1178708,0.045564957,6.3825817,1.2795919,24.732096,4.7329453e-05,6.2901216,2.6243784,2.240078,64.92587,1.4233141,0.01274911,0.0023380872,0.10718303,2.126092,0.011422306,0.047604404,0.004890901
1.1776986,0.00026376513,4.163232,0.06434361,7.453076,1.1049906,41.506603,5.738759e-05,7.7933435,3.108443,3.340364,76.83945,1.9567155,0.012854395,0.0024331654,0.17857319,2.2622745,0.01186133,0.064189985,0.0106137935
1.3012986,0.0002165238,3.6468256,0.101439044,7.718797,0.9410467,38.050457,4.881321e-05,9.688937,1.5820053,3.7046192,72.85865,0.6655385,0.02284782,0.0009857904,0.1823019,1.5818919,0.016564783,0.069615506,0.013962144
1.2355577,0.00037631835,6.64265,0.12720384,6.8971405,2.1407027,33.502663,5.9309143e-05,11.213761,5.090556,3.3852873,131.09769,2.948739,0.020972071,0.0034716306,0.19074999,4.0125327,0.013945411,0.072851695,0.010754415
1.2035651,0.00029818827,5.4613185,0.07548259,8.301148,2.0489197,35.912926,5.8813333e-05,15.9864645,3.942816,2.5807295,100.98283,2.2914762,0.014795003,0.0026181932,0.18985741,2.8372545,0.012873477,0.06269218,0.0061984845
1.2688574,0.00037358512,5.054462,0.095611654,8.368603,1.9552717,34.082176,5.9138543e-05,12.669561,4.766131,3.3292172,101.03073,2.3253174,0.018588414,0.0030648138,0.17579594,3.2700088,0.011652797,0.066075794,0.0068715485
1.27983,0.0004077506,6.168013,0.103302985,6.8136177,2.1352637,36.467842,6.4103624e-05,10.313038,4.1571336,2.760851,119.134735,2.5372114,0.017977418,0.0031706728,0.19714464,3.4708722,0.011031879,0.07599575,0.008705825
1.1321309,0.00023523756,5.504846,0.06385294,7.5057206,2.052884,35.02521,4.6198227e-05,12.09838,4.7353287,2.2988093,104.16967,2.8716516,0.012296226,0.0027421685,0.16171578,2.81747,0.010494535,0.052314155,0.0069725504
1.301082,0.00034110766,4.1404114,0.09576552,9.177358,1.4719213,45.23377,5.6696972e-05,10.408637,2.656493,2.9105809,85.87009,1.3892308,0.024540855,0.0024441592,0.18139604,1.6097943,0.012253641,0.07565095,0.012320514
1.2076495,0.00019786722,3.2921352,0.03179843,6.6958604,1.4339874,30.025759,4.828641e-05,5.293984,3.0471723,2.0324297,64.99807,1.8984035,0.011454167,0.0033104885,0.10691483,2.480902,0.00955328,0.062109683,0.0050229286
1.1695029,0.00016479689,3.66304,0.021224814,5.4031477,1.2785311,25.151243,4.8616293e-05,4.9342065,2.3561392,1.6312728,72.90981,1.4568559,0.014304222,0.0028964833,0.11611317,3.296807,0.008670002,0.048849635,0.004835078
1.188361,0.00035588304,3.8272126,0.10145916,6.9170084,1.661842,32.053284,5.770551e-05,13.773435,3.135822,3.7447853,78.90842,1.7497427,0.019930948,0.0026474623,0.12685546,1.590536,0.010825151,0.08686613,0.009833127
1.2307844,0.00017069482,2.1895437,0.03482129,6.4323535,1.0682399,30.401115,3.910183e-05,5.806004,2.0568995,2.6391892,50.399994,1.3956437,0.0112409685,0.002475865,0.06989555,1.3760203,0.012475384,0.07351904,0.0064571095
1.3391646,0.00012378386,2.4601698,0.09665905,8.754225,1.3022623,24.062634,5.7570498e-05,11.47136,1.9889886,4.808008,45.80706,0.86582434,0.015421236,0.001625418,0.1671457,1.4405293,0.014292451,0.11855818,0.009613063
1.2380886,0.0002414547,4.172663,0.1297488,6.7110825,1.6813699,24.352228,5.4947803e-05,16.35629,3.5142152,4.0924273,78.32131,1.51145,0.01782817,0.002119652,0.16690552,2.6655514,0.015045435,0.10835741,0.010722655
1.2521456,0.00034091648,6.190553,0.06466699,8.823684,2.050747,42.480774,5.6465724e-05,11.513566,4.5052876,3.4383829,112.691284,2.4923632,0.02213171,0.0025985788,0.1980346,2.939671,0.012757682,0.063218296,0.010228346
1.130123,0.00022545952,5.4157295,0.033237286,8.761865,1.3047231,40.571774,4.1435975e-05,20.773478,3.2762685,3.6489928,123.53419,1.8487974,0.015943773,0.0018755095,0.21078864,2.8468828,0.011807489,0.079238296,0.008453954
1.4352103,0.00026490627,3.8065207,0.057253405,7.9686303,1.6755841,40.884834,5.9210943e-05,17.870178,2.7267265,3.1906934,82.13803,1.1415187,0.0138891945,0.0014477138,0.1611422,1.8707991,0.011907822,0.053422414,0.009412492
0.984069,0.00038800391,2.8237078,0.08360979,9.234301,1.6952585,38.450874,5.711458e-05,10.661705,4.1892576,3.1853948,65.17796,2.1528103,0.016165929,0.0026520956,0.13403195,1.1373944,0.008612516,0.0803555,0.008222184
1.4258482,0.00028752038,2.79468,0.11610449,7.0148664,1.1286844,42.91781,6.365679e-05,9.258891,2.1223981,2.445899,61.931145,0.95844847,0.015324743,0.002715771,0.12878464,1.6094592,0.011010958,0.072175585,0.009731858
1.296585,0.00025575046,5.250078,0.057634827,6.412834,1.4981804,34.511063,6.539591e-05,12.37081,2.4114337,4.108273,103.091896,1.2101678,0.01887801,0.0017380152,0.2549035,1.6351334,0.01990172,0.09152078,0.025706543
1.2418236,0.0004252516,5.956792,0.074445195,8.533715,2.2154825,46.864864,7.607473e-05,16.002256,3.9083695,2.4938312,126.98864,2.5566928,0.017898051,0.0030839185,0.18546352,2.6623766,0.014077229,0.086161554,0.011013718
1.3771256,0.00025683423,7.4116473,0.048931837,6.6760783,1.6827252,40.03999,7.623661e-05,13.572995,3.5511184,3.2092707,143.25116,1.9463651,0.018755054,0.0025330824,0.3021249,3.654533,0.015581175,0.063131854,0.016915105
1.2745646,0.00043740563,4.0224605,0.17093076,7.204222,1.2339224,39.843296,6.669265e-05,12.161627,2.1451302,4.3226166,75.35968,1.3317543,0.030384429,0.0015978342,0.172277,1.464716,0.014283771,0.091217466,0.012140768
1.403881,0.00025361695,3.4755201,0.057412863,8.044495,2.2526014,48.482605,6.3187625e-05,17.32476,3.7150867,2.4159646,82.3335,1.4079396,0.012240728,0.0016421579,0.18967716,1.6057904,0.0134157855,0.08025688,0.010218055
1.185796,0.0004374058,4.4549747,0.09052124,6.985132,1.9548831,32.071785,7.1512295e-05,11.477224,2.860779,2.4359438,89.6249,1.539196,0.026431633,0.0021468822,0.14836013,1.8787066,0.009792282,0.0713723,0.006720956
1.3059239,0.0003947292,4.6017876,0.13163066,7.6193748,1.4331368,39.20109,5.633344e-05,12.932568,2.8383422,2.1104746,90.95546,2.2576778,0.023876723,0.0037497454,0.14352478,2.79922,0.011788453,0.089142956,0.011318847
1.4365919,0.000214615,3.2330506,0.05985575,6.8011026,1.4395213,31.653385,5.4351895e-05,18.972273,2.3081253,3.1084037,69.96339,1.003804,0.008193008,0.0015367438,0.15415414,1.4389758,0.013332378,0.061579537,0.011337505
1.1502624,0.00036337532,3.6340904,0.065465905,6.9227066,1.8502052,29.828194,7.246341e-05,12.643775,2.939429,3.3997962,74.50603,1.2250125,0.01802409,0.0019474694,0.15482627,1.5062875,0.010535055,0.08696315,0.006873611
1.2520956,0.0001943451,3.2804031,0.06787129,8.192023,2.03633,40.468304,6.305594e-05,12.860879,2.641295,2.5594635,59.91257,0.92383015,0.011954298,0.0024824594,0.15424551,1.586368,0.017830819,0.060477227,0.01178597
1.3634791,0.00028275463,2.4087944,0.06624327,8.2952385,1.2452915,39.32435,5.5330416e-05,10.239607,1.8438252,2.7044086,50.971584,1.1487994,0.014718608,0.0019966324,0.11055035,1.118289,0.00886616,0.07202491,0.009782748
1.1663109,0.0003933424,4.698966,0.08113539,8.17304,1.6099013,43.623344,8.052758e-05,13.042673,2.4615142,2.8472598,87.30157,1.5105929,0.019702222,0.0024764782,0.17772645,1.6589408,0.010010738,0.10167697,0.011645442
1.3424493,0.0003107199,4.927445,0.08567594,8.8084135,1.5376996,45.7587,6.422957e-05,13.334307,2.284608,3.7381392,91.3693,1.3503668,0.02412371,0.0015913938,0.21178457,1.7311449,0.014865288,0.095737725,0.01412628
1.2643265,0.000464906,6.013281,0.051684,9.462058,1.8732744,55.874805,9.176389e-05,13.724354,2.7638967,2.9580767,118.24459,1.5663102,0.017996421,0.0028227998,0.27514198,2.0547254,0.010048356,0.105313204,0.013484879
1.4209061,0.0003334621,4.130679,0.09889956,7.797641,1.6602668,39.99253,6.336716e-05,10.675748,2.731962,3.8811455,86.98427,1.0960107,0.022419693,0.002288716,0.14264996,1.6806487,0.009961327,0.058341533,0.008724257
1.1911275,0.0003506706,3.9194279,0.103990816,7.9554152,1.7357275,38.176517,6.48006e-05,10.44955,3.3181756,4.1726646,81.92778,1.2535794,0.021525675,0.0023729524,0.15147372,1.3959613,0.012339693,0.08002505,0.010819032
1.3291317,0.0004117704,5.9187083,0.06327611,10.041284,1.6492612,50.658287,8.2680126e-05,16.354755,2.7838423,3.4989872,113.201546,1.849307,0.021200005,0.002794983,0.26137573,2.2634084,0.012879022,0.08624269,0.014104976
0.9545538,0.00030240466,2.7824,0.08033015,8.169238,1.2508368,38.187077,6.032601e-05,16.01009,2.9278443,2.6166794,63.822037,1.4999886,0.022843689,0.002799314,0.15869555,1.2750363,0.015106248,0.09785599,0.0120000895
1.0984257,0.00031228576,2.2880936,0.09016477,9.380342,1.1102973,42.71597,5.6409914e-05,11.307835,2.4149094,2.9504364,54.408154,1.2692593,0.016700614,0.0029019974,0.12604524,1.0198246,0.011398827,0.0723719,0.010721263
1.1807042,0.0002398735,5.2004395,0.05960729,7.4725184,1.4054701,38.63714,7.328595e-05,13.428985,2.7205868,2.43015,92.16713,1.66962,0.034046985,0.0031966534,0.1758362,3.0854845,0.012217758,0.036917314,0.0118405055
1.1036191,0.00037285752,3.5752401,0.092608176,7.624468,1.387452,41.46865,7.237279e-05,11.987592,2.5498316,2.1438773,79.150345,1.3764408,0.023345983,0.002915147,0.15629743,1.6424633,0.010894795,0.0984574,0.0117573915
1.3764781,0.00019679176,3.3127704,0.043284018,8.408139,1.231309,41.14061,6.102574e-05,10.573375,2.4996915,3.5168571,74.47798,1.1216494,0.021794332,0.0019368249,0.1693735,1.5126199,0.015047008,0.07596908,0.0134236915
1.7233523,0.00025953611,1.1349771,0.033765245,9.722922,0.5702629,47.725105,3.3880468e-05,9.399358,0.77833337,-0.07176474,43.160885,0.4915555,0.013668226,0.0014915877,0.0913692,0.6735142,0.002799782,0.09586347,0.0042918692
1.4195694,0.00020354716,0.9511915,0.056059856,9.725909,0.46903986,47.32486,2.2301632e-05,10.569757,0.689648,-0.17391364,36.291832,0.34835988,0.012429463,0.0013664488,0.05982394,0.5141007,0.0050383187,0.08204082,0.004830352
1.6004936,0.0003288921,1.1934668,0.04064145,10.199265,0.56963396,49.48234,3.3544988e-05,10.992738,0.8671267,0.5077752,45.66193,0.52377445,0.014869034,0.0012736338,0.100868955,0.6710441,0.0037390075,0.09471853,0.004622839
2.0850432,0.00025849795,2.5851223,0.0585136,8.37919,0.7446041,54.682552,4.1281044e-05,11.9401,0.9391595,1.0455204,72.60377,0.3498606,0.017164022,0.0012812827,0.1640853,1.5964726,0.004771117,0.088916965,0.005382542
1.5818129,0.00028467237,1.2890795,0.053027626,10.319273,0.5902737,52.880188,3.302623e-05,10.280717,0.8974585,0.30205423,50.23635,0.53115153,0.014294349,0.0011776779,0.08891308,0.78451353,0.0036843535,0.09208613,0.004374342
1.6172159,0.00027068006,4.309931,0.06994807,9.283116,1.0205634,48.568295,6.316892e-05,9.657213,2.6516967,3.562353,90.03733,1.1893023,0.019448165,0.0029486686,0.23667456,2.601823,0.007093368,0.075748906,0.010166919
1.2659298,0.00031321734,3.9681711,0.08115171,9.352312,1.1442294,45.98319,6.790543e-05,14.269664,2.1460648,3.4192402,78.38494,1.2901087,0.019555114,0.002042164,0.21619648,2.0849175,0.016432978,0.06402933,0.013952894
1.4585217,0.0002880179,4.4255567,0.12497845,9.204675,1.0263357,50.596935,6.6261004e-05,11.975044,2.473741,3.7656672,93.00999,1.204626,0.024797205,0.0024558008,0.22584595,2.2896163,0.00990118,0.099265665,0.011070659
1.2654974,0.00026502347,4.4935503,0.1134408,8.809775,1.0491999,52.35497,6.3756386e-05,17.707016,2.690633,3.4408097,90.01867,1.6094128,0.019842956,0.0020173327,0.23263897,2.8346329,0.0151701085,0.08237736,0.011562413
1.2285211,0.00027551252,5.1106486,0.123028286,7.8437085,1.0507591,46.95034,7.159464e-05,12.45374,2.980834,3.7425382,98.37168,1.7590343,0.02188984,0.002986944,0.248194,3.2772515,0.01538593,0.07352536,0.013664086
1.1077917,0.00027925865,3.683637,0.11227908,6.665017,1.0669904,38.016167,5.507318e-05,17.270092,2.4786365,2.719355,72.99153,1.6103053,0.016558789,0.002378618,0.17094864,2.1986315,0.013927396,0.06549045,0.010306998
1.3753783,0.0002454255,4.405297,0.115748435,8.295083,0.99408597,42.06275,6.842084e-05,12.41045,2.41701,4.204392,86.437035,1.2058582,0.018429518,0.002501161,0.23696801,2.964606,0.015449253,0.08486658,0.013226439
1.2817999,0.00028146183,3.8786173,0.04039923,7.787739,1.0906031,40.54172,4.7603495e-05,9.152425,3.1739101,2.7447076,80.50307,2.0035574,0.017394569,0.002737463,0.13280089,1.8262863,0.006791167,0.062932804,0.008725654
1.220279,0.00036287852,5.954843,0.10118663,8.341102,1.2839643,50.284878,6.2099534e-05,17.18103,3.6781633,2.8371577,119.72249,2.3090484,0.020325389,0.0025566462,0.25167298,3.7243965,0.012377122,0.06628626,0.010143884
1.2163953,0.00025862607,3.4884233,0.045027975,7.2072344,1.0071917,34.074898,5.7360525e-05,7.1414256,2.4707189,3.3677697,62.69094,1.3411901,0.0134258345,0.0022662291,0.1794345,1.9721062,0.0072222506,0.062049806,0.0077788453
1.2352961,0.0003250752,4.69166,0.096137166,7.5616593,1.1460698,46.021034,6.564523e-05,9.144843,2.9279027,3.0032635,88.60087,1.7029797,0.01857561,0.0025106696,0.20883305,2.8050408,0.011739,0.06305135,0.010017423
1.2791909,0.00025995716,2.77275,0.03910641,8.067061,0.91160977,37.10495,5.1820127e-05,7.30534,2.2266164,3.2429314,52.711334,1.1271571,0.010512748,0.0019401136,0.16736957,1.6035374,0.0070056943,0.08425328,0.0067324736
1.1370443,0.00030598752,4.3521028,0.12253413,5.433676,1.3608286,29.248392,4.3151515e-05,13.281925,3.566749,3.1023467,81.31961,2.4162936,0.015417869,0.002312017,0.16011918,3.0713665,0.015516278,0.088440515,0.008609296
1.2991637,0.00032884718,6.1476426,0.081776276,5.664518,1.5273889,29.666641,3.8750062e-05,9.254014,3.4294617,3.2703,118.72387,1.6377361,0.021818014,0.0013707688,0.1352435,2.5874164,0.012495657,0.0699231,0.011229816
1.1949631,0.00016530562,2.7867844,0.042944565,8.483641,1.3747158,38.40407,4.2632833e-05,11.31684,2.57322,1.8386121,59.084328,1.1955633,0.013803803,0.00091036863,0.13851695,0.8656528,0.009409391,0.08537472,0.008536623
1.3424405,0.0003099505,8.552401,0.033101857,5.534438,1.5045344,26.081245,4.6388053e-05,11.1704445,4.065069,2.417438,152.68031,2.3540533,0.026179506,0.003237918,0.15932633,4.141343,0.0044867103,0.03523641,0.0074171745
1.3239517,0.00033986417,3.8884974,0.15918648,7.814764,1.1616386,43.466,4.895333e-05,12.039789,2.4405973,3.5831578,79.44604,1.0350014,0.022898031,0.001305515,0.15912768,1.5462083,0.012551872,0.09817237,0.012302573
1.3084419,0.000217716,2.7808068,0.062415823,7.8964896,0.89860237,40.05288,5.0578205e-05,10.167746,2.0157278,3.9498193,55.619053,0.9027019,0.0158896,0.0016509496,0.16167663,1.6166352,0.008196835,0.067797355,0.008138072
1.3251925,0.0003558386,5.189817,0.05005282,9.270532,1.9944646,53.35163,8.558488e-05,13.311952,3.1058502,3.4585052,104.46745,1.4898193,0.021096552,0.0021069215,0.22398977,1.9798189,0.013202248,0.07676149,0.0145089505
1.2110173,0.00015698964,3.0410862,0.1291088,6.61147,0.8022183,37.301167,5.972919e-05,13.32238,1.7366164,4.764242,63.526245,0.9332873,0.022705719,0.0016483589,0.1893163,1.3459435,0.020811921,0.09928978,0.01562581
1.4927183,0.00027558254,4.7118454,0.07129894,9.25779,1.2036002,51.471397,7.430425e-05,11.122567,2.7122185,2.7462008,94.54436,1.927712,0.0285555,0.0029285604,0.19456717,2.5740147,0.00829891,0.044707295,0.01071831
1.4767172,0.0003065766,5.4744363,0.06407241,9.344346,1.2969973,49.23737,7.353237e-05,11.704688,2.8131025,2.6262257,110.902794,1.6973804,0.032218996,0.0025203335,0.20130925,2.89174,0.007986377,0.04491324,0.009820052
1.3919499,0.0003430636,4.6000724,0.11019119,10.461326,1.0229437,54.856174,5.7061658e-05,12.50967,3.2468204,2.7083867,97.89662,2.0183008,0.027674027,0.0051588686,0.18691652,2.5267522,0.009492503,0.04334233,0.011892697
1.429338,0.00032162754,5.236964,0.079391226,9.878501,1.2513179,53.446693,7.2551244e-05,11.618109,3.30119,2.635866,104.43166,2.2126057,0.0288969,0.003706629,0.21256343,2.7851808,0.009836811,0.046448153,0.012517195
1.4472697,0.00037700776,3.778146,0.1315715,8.746596,1.3295962,58.355488,8.921932e-05,16.844912,2.4595375,2.6037877,80.12491,1.6939541,0.022124093,0.002745552,0.21246947,1.8242141,0.010416087,0.07937447,0.010739875
1.4033448,0.00037235938,3.947564,0.08298314,9.594128,1.4733261,56.186672,8.435091e-05,17.021511,2.8582983,2.7458367,84.19937,1.7783167,0.014684569,0.0018765543,0.23789595,1.8508588,0.01562051,0.09946148,0.012202571
1.1682088,0.000424631,9.92822,0.119659066,13.467213,2.8773425,45.935158,9.427621e-05,10.410927,8.89387,3.9929338,179.03381,4.7850842,0.020346103,0.0046734377,0.33801204,3.832313,0.030166782,0.1982804,0.05007484
1.2471395,0.000312468,4.1824765,0.057052907,7.722911,1.1502059,40.04282,6.167823e-05,8.752436,3.1035893,4.0032887,74.78275,1.5361459,0.016279504,0.001756423,0.1911386,2.496776,0.009710994,0.06542866,0.007195992
1.4358053,0.00023481286,4.4449,0.044815425,8.752569,1.1614999,46.649136,5.6001594e-05,8.253402,2.260711,3.570584,80.718025,1.1529466,0.028550247,0.0022033916,0.17575166,2.2356625,0.007275611,0.03981043,0.009272911
1.4820269,0.00015250428,3.4823163,0.07070799,6.6731305,0.79486096,36.71004,3.574665e-05,8.226888,1.9296802,2.745344,65.7117,1.0984887,0.0113355415,0.0015260456,0.12705718,2.0171924,0.009310677,0.044053685,0.007718617
1.3553017,0.00029691137,9.168436,0.10933095,8.252273,2.7975101,41.00901,6.887119e-05,20.267391,5.8629155,3.0736861,182.91711,2.326926,0.021036426,0.002680256,0.28948674,4.5460443,0.024935754,0.11134764,0.019331275
1.2496645,0.00024042267,3.3738372,0.053483687,7.907648,0.99723256,43.633125,5.1067243e-05,8.748297,2.6170409,3.697217,64.12019,1.4735647,0.013525486,0.0014061672,0.16175942,1.8493222,0.009238931,0.052760113,0.0066623776
1.3774633,0.00010861045,2.1202316,0.03664558,8.747957,0.84314394,47.371258,3.396668e-05,7.9788404,1.7580156,3.2291546,43.96886,1.0554155,0.008263584,0.0011171892,0.10362837,0.87791806,0.0075396174,0.06387876,0.0077504553
0.9189034,0.00027141944,3.0449278,0.04055709,7.0028424,1.6380215,34.184048,5.900757e-05,7.6909246,2.6250954,1.1121935,64.480034,1.0373152,0.015317918,0.0005502785,0.124500535,0.6667024,0.009438357,0.13496968,0.011207481
1.5036849,0.0002636202,3.989792,0.15290701,9.593766,2.0090363,39.041252,6.61103e-05,22.08704,3.273113,2.3605897,90.80704,1.6282934,0.015561229,0.00211135,0.18260336,2.1351323,0.014873938,0.092241846,0.010851178
1.1180049,0.0003419902,4.9213967,0.0890738,7.0429688,2.1392717,32.662926,5.954649e-05,22.360744,3.8998408,2.8195436,97.440056,2.14986,0.017879436,0.0020337915,0.19321625,2.1951532,0.015953993,0.061232965,0.012378936
1.4273171,0.00025725763,4.392695,0.082083404,8.008704,1.6264733,41.606678,6.555667e-05,17.967054,2.559158,3.0081236,89.594406,1.4466506,0.024639893,0.0017936202,0.20651685,2.2272387,0.014605408,0.10009544,0.013150949
1.110142,0.00039186585,4.741953,0.07589543,8.52078,2.683481,42.918877,7.675162e-05,14.3395405,4.2976127,2.1473405,92.09861,2.4798794,0.017609641,0.0019989032,0.23694667,2.0449326,0.011856711,0.06789348,0.01087253
1.1931732,0.0003985017,5.0959578,0.12918863,6.231295,1.8274782,30.58777,5.9268717e-05,18.474068,2.7892084,3.133133,104.003975,1.6540133,0.023449484,0.0018279405,0.20037861,2.001542,0.01675849,0.09231942,0.014283994
1.1599262,0.00038376503,6.4821253,0.10473689,10.943195,2.4034085,42.266834,6.02373e-05,21.509422,5.945229,3.4574695,123.391136,3.274848,0.025349654,0.0020677126,0.27151686,2.1706455,0.021338137,0.17158352,0.020341434
1.2985227,0.00046990256,4.3662167,0.15220045,7.0917835,1.5488002,37.050373,7.015227e-05,9.635408,2.4453595,3.9703925,85.16775,1.5306643,0.03742224,0.0017161521,0.18381888,1.7269652,0.011264331,0.09613308,0.011325938
1.3993858,0.00037583048,5.4188843,0.08203226,8.967653,2.1561313,51.37289,6.5305765e-05,12.019248,4.239971,3.6044388,108.80924,2.3029652,0.017111113,0.0026996648,0.18796998,2.05888,0.014253007,0.08004255,0.012103237
1.5466506,0.00032601066,2.3843887,0.06351271,9.165235,1.3525735,32.662003,5.5055993e-05,12.048911,2.0993552,3.8257167,53.48219,1.0729926,0.016672138,0.0021941862,0.123758815,1.6897599,0.011464562,0.07706415,0.006181225
1.4088589,0.0002847832,4.0569777,0.09685372,9.700839,1.7031478,39.899704,7.19497e-05,12.170995,2.3874223,4.003704,91.173515,1.1256357,0.028636295,0.0012666854,0.23172277,1.684099,0.017439542,0.13554852,0.01450412
1.3704945,0.0002785314,4.1742887,0.089423805,10.052621,1.8418579,40.46859,7.2601215e-05,12.338765,2.5730674,3.5804708,95.2491,1.0683769,0.028740166,0.001284326,0.24905841,1.8109728,0.01833041,0.12255027,0.013355724
1.3963801,0.00020108339,2.796434,0.043569174,10.9777355,1.051246,52.65223,5.6899942e-05,14.1484,1.9478995,2.7686572,66.93662,0.9286957,0.018304935,0.0010189037,0.22728759,1.4007235,0.00905898,0.08547242,0.009119596
1.8394538,0.00022833422,2.9860284,0.044553928,9.108457,1.0741181,29.30518,4.898561e-05,13.233448,0.9352728,2.9677892,66.86263,0.5696599,0.019105043,0.0009651199,0.19101629,1.331822,0.009095602,0.09926088,0.009999784
1.6281546,0.00035355828,3.644352,0.116112776,10.106649,1.4921302,54.551136,6.614191e-05,11.228135,1.9097878,3.2602968,84.20792,0.79188186,0.030035099,0.0017101149,0.23075514,1.4915392,0.010966533,0.1482837,0.011623112
2.0812838,0.000315747,3.1356447,0.113156915,9.837537,0.99333066,52.685997,5.1192546e-05,15.406312,0.81125146,3.3491588,80.19948,0.33001104,0.025993539,0.0014563632,0.1931875,1.7194574,0.006899223,0.09948085,0.008571589
1.989271,0.00034725352,3.556782,0.105139464,9.612533,1.1494106,51.883827,5.8079244e-05,15.315357,1.016362,3.6218712,89.238434,0.384787,0.028286427,0.0015552224,0.21501572,1.7430044,0.0081078205,0.12001404,0.010434123
1.6870108,0.00029629498,3.2572377,0.1021422,9.391042,1.4123213,47.040607,4.821508e-05,12.131858,2.7340782,5.2859364,73.281296,1.2980436,0.026370266,0.0023042122,0.1396755,1.476135,0.010894696,0.11160969,0.010792399
1.510215,0.0002660987,3.9607139,0.070381455,9.471838,1.7301753,42.909622,6.618298e-05,11.504596,2.0934148,4.1324916,91.77802,0.84758687,0.029060638,0.0011065865,0.23089984,1.4699851,0.013746991,0.14505108,0.014436145
1.3061777,0.00035573225,3.8356888,0.1517815,11.839618,1.7470863,57.906494,8.1970094e-05,15.675074,4.1898136,2.282144,83.44132,1.9557755,0.035611387,0.002929574,0.23157056,2.1682754,0.0100417845,0.08148161,0.010302141
1.263201,0.00015980218,1.6071068,0.04155071,8.225462,0.7700612,22.98649,4.533889e-05,9.703254,1.3512421,4.687183,31.367058,0.5290643,0.01548262,0.0011050757,0.16577835,1.0792118,0.009778512,0.06608749,0.007926834
1.4737997,0.00013309982,2.454707,0.058323257,8.580935,1.1327031,35.39687,3.7742484e-05,13.846163,1.1259204,3.8792934,56.729088,0.29529238,0.019880624,0.00078497577,0.15254158,1.1636497,0.01323875,0.09438415,0.012059653
1.4116869,0.00023824115,2.7828774,0.08161516,9.945349,1.231522,38.92802,5.1675514e-05,13.68654,1.4528579,3.203693,58.372772,0.4669201,0.014373208,0.00084554154,0.20004484,1.3408461,0.013888038,0.1162628,0.009687306
1.2970715,0.0001682778,2.6192436,0.06247481,7.664278,1.2233934,34.80739,4.1330033e-05,12.349289,1.5596946,4.7514997,58.131992,0.43147323,0.020461617,0.000758138,0.16618223,1.1761082,0.014215097,0.09237937,0.0119957
0.8148347,0.00027037968,2.570684,0.111275375,4.9236193,1.5334324,20.56546,3.9391543e-05,10.87471,2.5566957,5.063347,51.497684,0.8117128,0.011405506,0.0005174441,0.0865567,0.58193934,0.007903854,0.100884154,0.007493607
1.4120315,0.00025173006,2.8944407,0.105793014,10.138914,1.4085563,39.053993,5.7648733e-05,14.981248,1.7169491,3.251201,60.963512,0.55220544,0.015783088,0.00093023275,0.20873496,1.369919,0.015886225,0.124835506,0.010077011
1.4129325,0.00016499715,2.1424994,0.073862456,7.6482797,1.1328546,33.796932,3.6681013e-05,10.492519,1.397068,4.5281086,46.78502,0.33840686,0.019775366,0.0003870798,0.11174229,0.9012318,0.010362026,0.105817,0.008358896
1.5304081,0.00020625336,3.0585158,0.074071825,9.032591,1.3821818,54.17536,4.4987075e-05,17.282045,2.4557507,3.8179438,70.12325,1.1100208,0.017031467,0.0012426209,0.13920541,1.4094429,0.009373215,0.07556117,0.00926928
1.4343721,0.00026535732,3.4046662,0.107776314,9.724127,1.4724277,42.747467,5.5706685e-05,14.929648,2.0479734,4.132237,71.84503,0.8332104,0.023325535,0.0012229715,0.2104758,1.7709398,0.013374399,0.1101374,0.011046914
1.3654678,0.00025035779,2.499693,0.061593935,8.761376,1.5300153,49.303234,5.3345033e-05,16.653387,2.3645523,2.9230323,55.76216,0.97194827,0.01496556,0.0014096115,0.14307211,1.1986789,0.008384975,0.06958655,0.00794836
1.3285816,0.00026553552,2.2652838,0.064894706,9.369572,1.4668307,48.05357,5.6472618e-05,18.85071,2.3983245,2.6794763,49.282135,0.9789267,0.015932523,0.0017459594,0.15664896,1.119264,0.010636912,0.07217409,0.009157333
1.6966857,0.0003589035,2.808746,0.12681682,10.319344,1.1515173,54.049557,6.271744e-05,13.045534,1.5312324,2.724553,65.10437,0.7190861,0.022364708,0.0017276295,0.15170668,1.458835,0.0068261195,0.05926428,0.0077335527
1.5943944,0.00031759625,2.9799669,0.12618527,10.617756,1.3792164,50.575172,6.2794556e-05,12.820292,1.4472349,2.5654666,65.320045,0.5971486,0.020281244,0.0015485974,0.19916421,1.4084496,0.010123195,0.095169224,0.009505453
1.6635795,0.00027805255,2.7983212,0.10702041,10.414744,1.06144,55.616177,4.4172244e-05,15.287182,1.3421758,2.8949883,60.98099,0.76940453,0.021216566,0.0015943339,0.12754638,1.5208565,0.00786969,0.08130051,0.008364191
1.4946367,0.0002588852,2.8816564,0.09852663,9.413379,1.6684164,47.091633,4.4587254e-05,16.103884,2.2347894,1.9746771,67.73304,0.9319569,0.021822557,0.002157762,0.10132146,1.523791,0.007907849,0.094178475,0.007761836
1.4974535,0.0002930449,2.6522148,0.14967974,10.079558,1.4049114,46.424767,6.931379e-05,16.800863,1.7918091,2.6608179,60.18902,0.93751687,0.016845094,0.0019006297,0.14697598,1.3796331,0.01198523,0.10742852,0.011362114
1.0369346,0.00025545456,3.0504124,0.09387867,8.0107975,1.9933302,26.35257,5.7267767e-05,14.442259,3.2210357,3.4841118,64.14404,1.0512547,0.01739486,0.0010984007,0.17908102,1.3775699,0.014717273,0.10216268,0.010646373
1.3339432,0.00024597405,3.4647858,0.080551654,9.281223,1.7219038,47.59704,3.8346487e-05,12.660296,3.2455418,2.9316728,77.18196,1.4991453,0.015129808,0.0017289977,0.094951145,1.3950222,0.0075988215,0.071045786,0.008071431
1.401679,0.00028169222,3.2405212,0.107011065,10.394452,2.0775182,59.48338,4.8587568e-05,18.257832,3.3740532,1.7984623,76.2218,1.6430924,0.0156084085,0.0023673333,0.11332443,1.5177585,0.006732095,0.079754904,0.008113818
1.4544058,0.00031834078,3.0370867,0.13007852,9.251733,1.4063773,42.234707,6.047017e-05,13.557171,1.9312454,3.0782738,65.00905,0.7484314,0.016836284,0.0013271401,0.16489285,1.4369055,0.010689568,0.104234606,0.009283927
1.4012666,0.00028252686,3.1282501,0.10839482,9.640473,1.588844,39.817165,5.783028e-05,13.893862,2.1630502,2.9432907,65.89974,0.7642174,0.01766543,0.0014045873,0.17089024,1.5870299,0.012620923,0.10586111,0.00917981
1.4046313,0.00024241405,2.9186804,0.08193391,9.179959,1.1952413,35.12446,4.8191276e-05,15.119709,1.54692,2.8675902,61.105545,0.5201456,0.014488446,0.0008999593,0.16312677,1.5924661,0.0136369355,0.109249204,0.008658156
1.7877856,0.00032178266,3.921385,0.0875812,8.514716,1.1364403,41.14261,4.807037e-05,15.215594,1.4140157,3.9859364,92.14144,0.6473397,0.020573303,0.001156535,0.17041245,1.940822,0.007954498,0.085523784,0.008297547
1.5252664,0.00022299767,3.0719059,0.054137167,8.861633,1.442154,36.17898,5.092552e-05,12.730949,2.3271964,2.7234304,66.72055,1.2269388,0.012524276,0.0012573801,0.18335697,1.5942836,0.01429729,0.09763154,0.009785836
1.1720124,0.00028200942,4.379756,0.10938429,6.2793627,1.0744168,34.734398,6.269544e-05,11.87969,2.2297175,2.848601,86.68029,1.2347105,0.021287555,0.002286921,0.20247751,2.3458977,0.017363489,0.07513057,0.012659569
1.3984064,0.00035726253,4.2938914,0.092207216,9.345812,1.180303,46.06124,6.4222775e-05,12.42831,2.369699,2.882224,86.3502,1.2676971,0.023709143,0.0018440994,0.2071658,2.0553029,0.010347835,0.074214846,0.008782808
1.2113332,0.00028061203,4.7440543,0.0654792,8.49485,1.4927839,46.020126,5.89845e-05,7.1517053,3.6174366,2.6315742,88.82504,2.7483535,0.012226504,0.0032736764,0.23118174,2.924598,0.009157731,0.07309914,0.012142289
1.1150141,0.0003722922,4.716452,0.1144655,6.244311,1.2530189,33.969917,6.469455e-05,10.481414,2.5636463,3.4010677,91.22723,1.524005,0.022767667,0.0019247803,0.18776041,2.5017042,0.018150495,0.09663877,0.011369714
1.1984982,0.00022354696,2.1266425,0.08684033,8.595778,1.5093265,30.8662,4.6048004e-05,12.40493,2.5233746,2.719252,50.868427,0.8038985,0.017004903,0.0012768437,0.11293449,1.1664847,0.011677679,0.108307615,0.010331596
1.3403481,0.00021204798,1.8572354,0.09238285,8.232702,0.93548906,33.481686,4.4948094e-05,14.890356,1.5885073,3.6274455,47.440388,0.49458343,0.017138686,0.0014078524,0.12619285,0.759663,0.011777502,0.087665804,0.011197073
1.3018943,0.00021879344,1.9148551,0.05119414,9.253866,0.96547407,41.046734,3.813451e-05,12.426478,1.5634514,3.7191958,39.678696,0.49453562,0.014865347,0.00069126545,0.1089693,0.8176567,0.008859038,0.109928526,0.0075987075
1.2991707,0.00024301812,2.3008018,0.067709535,8.2453375,1.0365648,37.453754,5.1434217e-05,10.80591,1.7624242,3.1979957,50.218395,0.6353136,0.018304974,0.001258919,0.14930288,1.020655,0.012231062,0.09785355,0.0101232305
1.3608563,6.7253655e-05,1.3269484,0.061695706,8.958178,0.67972445,37.751953,2.3747156e-05,12.676671,0.92553324,4.048094,31.639893,0.3932887,0.01022144,0.0011510538,0.08238827,0.3978547,0.008843856,0.07709994,0.011246939
1.2798828,0.00025992026,2.4984918,0.06963551,8.679577,1.0679301,42.043495,5.9874394e-05,19.771074,2.200841,5.321422,51.781628,0.7525721,0.020503744,0.00062663975,0.18403983,1.208277,0.016432894,0.1220086,0.010758671
1.4119843,0.0001893296,2.2483716,0.11090265,8.243547,0.7154835,40.240135,4.2733813e-05,10.132966,1.3149278,4.0285473,44.96833,0.87824494,0.017084528,0.0014973506,0.1192095,1.2099442,0.0099047925,0.08122814,0.009922593
1.4413741,0.00024031769,2.3964279,0.065057874,9.575838,1.04013,44.395924,4.9304603e-05,18.179201,1.7543586,4.8007545,49.93353,0.72369266,0.01705784,0.00080383435,0.17794037,1.1726385,0.012766069,0.103010304,0.010898722
1.3933308,0.00026037145,2.0914116,0.06952855,9.715862,1.1065917,47.52408,5.5261597e-05,13.645772,2.146995,4.139538,48.639503,0.78453684,0.014101715,0.0010560529,0.15155931,1.3512768,0.012039086,0.090589136,0.008315758
1.5145081,0.0003329768,2.6027987,0.08313175,9.301388,1.3274645,50.135788,6.820983e-05,11.357497,2.4167027,3.5044796,59.65981,0.8965901,0.01535762,0.0013436541,0.20656382,1.9623677,0.012430194,0.104571596,0.0080665825
1.3797005,0.00017360286,2.673553,0.082761936,8.04233,0.9990797,40.383266,4.3376698e-05,12.208174,1.7609621,3.5548358,51.806473,0.9405741,0.018952815,0.0011938382,0.13631287,1.3982295,0.011301209,0.08967929,0.0104429545
1.3494918,0.00019648181,3.221241,0.09739917,8.237595,1.185259,41.270546,4.668477e-05,13.557276,2.3269997,3.4886675,60.77249,1.3449821,0.022156255,0.0014963251,0.15047228,1.7399025,0.014032076,0.09484524,0.011802831
1.1068349,0.00023919638,2.5400326,0.083606675,9.331708,1.6577488,31.32235,4.951441e-05,11.320327,2.8746607,2.2689457,55.42675,1.0359474,0.016049178,0.0015231507,0.12908985,1.4283797,0.011514477,0.11602708,0.008688623
1.7416832,0.00019348592,2.3379138,0.063031256,9.582433,0.9195458,41.011078,3.583637e-05,12.153276,1.4268506,3.212049,51.794117,0.4987025,0.015135329,0.0010287274,0.12267567,1.3617826,0.008920232,0.07768106,0.0075984066
1.1501245,0.00023381536,2.0389025,0.07357958,8.205407,1.2323196,31.013786,4.2584397e-05,13.087873,1.9287322,3.125442,42.295757,0.62340754,0.013631032,0.00080932473,0.12075842,0.9720401,0.011667804,0.12957896,0.010014446
1.3144405,0.00012881531,1.5821548,0.066025674,8.954783,0.88749766,36.717278,3.5623416e-05,13.5315895,1.5323274,4.6141157,36.570366,0.5830167,0.012955083,0.0015617462,0.11128693,0.5797694,0.012016537,0.09400793,0.013299577
1.7375644,0.00018050276,1.7154971,0.06868042,9.046335,0.9664291,34.662457,3.4286357e-05,13.178053,1.2344328,2.5069003,43.556988,0.29205757,0.01515739,0.0009490222,0.09896776,0.958333,0.0074135135,0.07005077,0.0065359427
1.6552821,0.00018514856,1.415216,0.06207559,6.7705226,1.0292397,29.179783,4.3970107e-05,7.311038,1.4260702,1.4883361,60.71756,0.4227736,0.014193044,0.00086021994,0.084278725,0.96772426,0.008456264,0.09348374,0.0066413484
1.5421505,0.00018974715,2.0707543,0.08862763,9.527997,0.9538828,39.522,3.6723708e-05,11.116335,1.5391154,3.028221,43.511566,0.5450745,0.016988905,0.0010502201,0.108169824,1.2811786,0.0100717135,0.07263827,0.008000268
1.4017735,0.00036224813,3.298239,0.21301259,12.723391,0.91175354,40.935642,6.208477e-05,34.41185,2.1652243,3.2783463,57.147446,1.0692858,0.01917491,0.0037471647,0.16765027,2.4531302,0.016491877,0.09636273,0.01419609
1.4262733,0.00016487495,2.1487477,0.034061037,7.697232,0.7119986,35.647404,3.3647517e-05,13.567066,1.4323097,3.548932,57.863842,0.6593896,0.0146767795,0.0018004964,0.12570487,1.0355898,0.011906777,0.08710071,0.013046363
1.4435954,0.00023661354,2.1164386,0.1356667,12.424358,0.67241776,36.34928,4.909422e-05,26.602974,1.2992871,2.3625045,34.727882,0.7399558,0.012424705,0.00250741,0.14904976,1.6177869,0.019090237,0.1086551,0.013369784
1.3993281,0.00029619818,2.5836022,0.20509364,12.055229,0.748145,36.911472,5.435942e-05,24.285175,1.673834,2.6367862,40.09264,1.0072786,0.015088422,0.0028728843,0.17218961,2.1381173,0.020029388,0.097306505,0.013732378
1.4675869,0.0002036419,2.5067182,0.02001435,7.6728725,0.9745556,35.034267,4.022093e-05,12.930309,1.6545635,3.3932018,65.15707,0.7161353,0.017945735,0.001801887,0.11034711,1.0893345,0.010636411,0.05903663,0.011333831
1.6876365,0.00029930973,2.9412549,0.05223939,10.282157,1.2873244,55.164955,5.162213e-05,13.923744,2.2220826,2.6179602,68.24771,0.85153735,0.016297014,0.0011647634,0.13537972,1.7831898,0.008649982,0.08835613,0.0053270394
1.3014795,0.00038538914,4.441376,0.10967418,8.888646,0.78515756,38.984077,4.7452813e-05,15.354048,1.5843669,4.8850493,74.84913,0.74233127,0.041027293,0.001721914,0.23551975,2.2828941,0.01640935,0.11471215,0.013594819
1.108513,0.0002477139,2.9500928,0.049711592,8.548397,1.7634587,30.170788,5.280033e-05,15.790858,3.0200355,3.2820866,66.77536,1.1045663,0.01288101,0.0008598841,0.15398303,1.1913266,0.014816747,0.12550457,0.008474249
1.3569908,0.00016668576,1.671817,0.03908492,11.236348,1.0211712,47.8151,4.1296673e-05,17.861519,2.0626163,3.143866,56.66835,0.9314589,0.014886737,0.0014915636,0.102653146,0.77403337,0.013197132,0.092770204,0.0117746
1.1388624,0.00016678123,1.9612718,0.11993775,8.653667,2.1880758,28.169262,3.827272e-05,16.793283,2.5802915,1.9393796,45.88124,0.6853766,0.014627848,0.0013955443,0.097919695,0.6833326,0.013644734,0.16753748,0.011546968
1.0612164,0.00023897052,2.3358386,0.048637092,6.741454,1.4554936,24.66705,4.8505863e-05,11.739341,2.16367,3.6170504,46.978703,0.7290259,0.011643027,0.0007890936,0.13693611,1.013625,0.013595818,0.14600867,0.009580586
1.0635273,0.00026977615,2.279841,0.055085994,9.521674,1.1278541,38.188488,4.5315726e-05,15.403135,2.226633,2.0347195,49.293934,1.0165386,0.015844388,0.0014498769,0.13023317,1.1462966,0.01078,0.119423404,0.007647904
1.4227499,0.00019920823,2.0949209,0.04121926,9.500727,1.0924511,44.846207,4.1748048e-05,11.37792,2.0634437,3.0605493,42.29286,0.7662873,0.012865903,0.0010485429,0.104882665,1.1276174,0.0087744435,0.0942833,0.005879063
1.0444716,0.0001811827,2.6723354,0.074315056,5.9931755,1.7139484,23.112085,4.1021456e-05,16.816442,2.863566,3.6116524,53.28317,0.87101847,0.009874898,0.0009768297,0.11063902,1.0209938,0.015527229,0.07451852,0.009864853
1.5687494,0.00014380497,1.5545621,0.055454824,6.9239225,1.0049198,30.245785,4.3306998e-05,8.413983,1.3219106,1.6001835,52.969383,0.346536,0.0114374645,0.0011909246,0.09437955,0.9343472,0.009027485,0.09120182,0.007929177
1.4864874,0.00033542968,3.4868848,0.0603177,9.700103,1.6476722,49.23646,6.080215e-05,10.847894,3.1017783,3.294746,84.61002,1.2598137,0.016339896,0.001189152,0.17491014,2.2891583,0.01198217,0.079512484,0.0071373903
1.0396227,0.0002946395,9.682529,0.07544729,10.863118,3.8872168,42.52383,0.0001097184,34.075745,9.321317,4.040997,184.56357,5.781714,0.024971416,0.0043023927,0.29161718,5.1404405,0.022371821,0.12263647,0.017267302
1.2172612,0.0003471461,8.333708,0.05693988,11.8996315,2.7425275,44.213398,9.8493976e-05,25.342407,7.068382,2.8398447,155.87376,4.2707934,0.036224302,0.0038684304,0.22426674,4.516278,0.014125657,0.054507907,0.008861924
1.2233477,0.00034908552,6.5714555,0.13694678,8.498101,1.7961488,38.90383,6.0790302e-05,16.357018,4.847934,2.8655643,129.81253,2.905431,0.023149373,0.0034633907,0.19833608,3.1762624,0.017303772,0.13249883,0.013177414
1.3189247,0.00026931782,3.8493102,0.10829354,7.806357,1.1502527,41.919647,5.7295172e-05,8.640827,2.5561635,3.8363373,80.52367,1.5095102,0.017295713,0.0015151798,0.1946595,1.7817062,0.010852112,0.09810652,0.011152006
1.3645884,0.00040732807,3.6959777,0.121939555,11.890735,1.3544623,60.22231,6.822524e-05,13.645938,3.3622124,2.8076322,78.5272,1.8679264,0.02831538,0.0027101107,0.16905314,1.7238709,0.011596998,0.09784915,0.011256029
1.3077873,0.00028884917,3.7903948,0.0968416,9.843613,1.353226,52.319542,6.8807894e-05,11.625645,3.3980339,3.6802065,77.24375,1.9021754,0.02179215,0.002966009,0.17055193,1.9237355,0.012121375,0.101613015,0.012569542
1.160349,0.00029563587,7.250297,0.08310951,10.378827,2.401507,49.00229,7.868787e-05,13.973601,6.229298,3.3253593,141.54347,3.8753858,0.023578433,0.0031703042,0.23323424,3.0488427,0.011322573,0.08800996,0.012550746
1.152899,0.00041073764,7.5538096,0.09456861,12.710131,2.578209,50.694286,8.801017e-05,17.371922,6.2240267,4.5994763,164.77713,3.260215,0.040095534,0.0033585147,0.22984295,3.6168,0.022205988,0.13257055,0.017453179
1.526518,0.0002508979,2.5751116,0.09028747,11.579668,0.8374879,54.264683,5.596283e-05,10.855243,1.6121403,3.8594599,54.21699,0.8404746,0.021309344,0.0033903867,0.14352745,1.4911242,0.013814716,0.0681299,0.013292771
1.4570411,0.0002537457,2.3523338,0.11991483,11.448508,0.84321725,51.820267,5.338007e-05,10.510895,1.5594944,3.7181232,49.98582,0.7733956,0.02584968,0.003319883,0.12896396,1.2479572,0.013880105,0.08074307,0.013407172
1.4443035,0.0002745818,3.3507953,0.13184202,11.912189,1.1004044,53.040894,5.95811e-05,11.825525,2.2983165,3.2321804,73.16764,1.1549201,0.02201927,0.0028295307,0.17737964,1.7106535,0.017451033,0.096057564,0.015959388
1.5861006,0.0002583974,2.6376534,0.08758362,11.480607,0.7279392,54.443073,4.934918e-05,12.665397,1.5412645,3.72106,58.685696,0.7594839,0.01997375,0.002011036,0.14128384,1.6076722,0.016040083,0.07902823,0.012802695
1.6718073,0.00022633435,2.52162,0.07283107,11.216633,0.68337977,50.90463,4.7441805e-05,11.767551,1.3972648,3.842359,56.448444,0.7668221,0.018377282,0.0024882345,0.15082318,1.6205657,0.0122299995,0.07204051,0.012361188
1.279435,0.00022480414,5.180651,0.12656948,8.590865,1.6712183,40.962177,6.1422754e-05,14.786631,4.333069,3.516666,107.51282,2.3715281,0.02339411,0.0023046518,0.17560218,2.3197196,0.019880839,0.15750802,0.014767257
1.3369442,0.000263455,4.636885,0.10979547,11.513926,1.4780387,55.13574,6.285769e-05,15.357544,3.054809,2.5984907,105.469406,1.6503725,0.021435132,0.002166355,0.19909896,1.9677421,0.021760086,0.124834254,0.017315608
1.4675002,0.00026097405,3.6608162,0.09445074,12.040078,1.1209444,60.492805,6.582352e-05,12.796033,2.4226737,3.9779718,75.44525,1.2975647,0.022976737,0.0028105066,0.20638679,2.1008453,0.019325959,0.06735089,0.017157543
1.4401467,0.00024156642,2.3188426,0.13128279,10.843523,0.7707283,53.28054,5.3992815e-05,12.604165,1.6228719,3.89172,51.023975,0.9799021,0.01857487,0.0021519896,0.14250377,1.2229737,0.014983924,0.097798176,0.013649011
1.5471177,0.0002724795,2.9305184,0.10049231,10.44721,0.95887125,49.200386,4.9740196e-05,8.340919,1.9346176,3.5949926,63.593792,1.017707,0.024577213,0.0019022732,0.16250172,1.4438597,0.010608501,0.08370238,0.010885199
1.4043201,0.00033123707,3.255374,0.11846455,10.193501,1.0668861,49.62365,6.7857596e-05,11.570754,2.2553866,3.9840398,66.09477,1.2792295,0.0265334,0.0027325456,0.18292256,1.7534121,0.012583901,0.06976548,0.013651445
1.2798369,0.00041294363,4.5466175,0.06735637,8.921529,1.3188717,43.719036,7.649419e-05,10.872319,3.3833628,3.837751,89.60205,2.082893,0.019214991,0.002485246,0.24297005,2.4252348,0.009239586,0.06956057,0.009672177
1.5325617,0.00028070473,3.2893598,0.08793291,10.050745,1.038595,48.67467,5.1292955e-05,7.74239,2.191922,3.7066796,71.02399,1.2178879,0.0220456,0.0018199948,0.17797145,1.6708407,0.009940727,0.074460305,0.009871763
1.3223696,0.00034490786,3.982637,0.0662605,9.414168,1.1648352,46.668808,7.35594e-05,13.731713,2.9533937,4.0075607,79.96468,1.829752,0.019464128,0.0024685953,0.23091167,2.2500625,0.010279589,0.06622121,0.009665935
1.4330025,0.00031907597,3.836059,0.10504462,9.920769,1.0954734,49.37867,6.7209665e-05,12.54175,2.404087,4.0654626,76.54679,1.4691106,0.024848133,0.0022203764,0.20743252,2.2469952,0.015485403,0.06644039,0.014718456
1.3603866,0.00037024857,6.1830783,0.119734436,11.841725,2.2253964,59.313736,6.904982e-05,10.591783,4.924693,3.1822078,122.32449,2.9202032,0.019621544,0.0019516042,0.252696,2.2333798,0.01908391,0.119047716,0.01607441
1.0870681,0.0001959452,7.743546,0.083901756,9.846947,2.9252474,37.42853,7.203448e-05,28.268122,7.62694,3.1362102,153.34415,4.7377677,0.018697929,0.0039089,0.27179974,3.5142996,0.018720044,0.12948442,0.01978331
1.3163041,0.00026236306,3.034736,0.08592641,8.130212,0.9408004,46.64704,5.180385e-05,8.2888775,2.0079973,4.108825,68.55752,1.1374003,0.014516362,0.0016938368,0.15883473,1.4867488,0.008164829,0.05813339,0.008758089
1.325026,0.0002599638,2.9883158,0.08064454,8.300537,0.9430531,46.630646,5.1409465e-05,8.086811,1.9903507,4.0019894,67.32567,1.0990427,0.014844268,0.0018750281,0.15358467,1.4974877,0.008154994,0.053657107,0.008715569
1.2269292,0.00031094658,6.2674394,0.08363878,8.878985,2.256786,41.651264,5.932947e-05,9.516383,5.5882835,3.2092671,133.3546,3.3293958,0.01791838,0.0018893623,0.21505883,2.5067325,0.013250363,0.09907052,0.00940621
1.13169,0.00028552575,6.419429,0.090154074,8.909606,2.5042322,42.370472,5.927557e-05,11.6068,6.2156997,3.593674,136.85988,4.0717587,0.015554041,0.0022225834,0.22005211,2.5292614,0.014085303,0.09327107,0.010493881
1.190869,0.0002100771,5.276046,0.074782096,8.9814005,1.8105452,44.89863,6.636721e-05,18.485737,3.9860394,3.7201555,104.48922,2.2596602,0.0149530955,0.0026175794,0.20398058,2.6546335,0.016856113,0.13331127,0.013345534
1.366338,0.00028532115,4.081099,0.08616114,8.914847,1.3687202,45.083637,5.498855e-05,7.825879,3.1178434,3.571591,86.04034,1.6875347,0.018873986,0.0019070223,0.18637513,1.9194213,0.01080559,0.07859267,0.008992904
1.3113527,0.00028423648,2.7373457,0.12719832,9.880006,0.8716847,53.844337,5.643367e-05,12.398453,2.0682764,4.8882494,63.60464,1.0986836,0.021026876,0.0018573808,0.15748861,1.2407715,0.011558338,0.08554065,0.01272969
1.2577068,0.0002966205,4.3607564,0.085158475,8.495129,1.5015539,46.243607,5.6118264e-05,8.142527,3.5689368,3.4559793,91.4373,2.1003554,0.015006148,0.0020580417,0.18445924,2.0268452,0.009765184,0.05863762,0.008325003
1.2681764,0.0002866391,4.9942703,0.08705839,8.833435,1.7486774,45.27284,5.525711e-05,9.170517,4.253243,3.4288213,107.49775,2.5226333,0.016365845,0.001856758,0.19356707,2.1479006,0.012234696,0.084469154,0.009156311
1.2574141,0.00023516957,3.0366902,0.10390648,7.4219217,0.94717824,40.40205,5.22843e-05,7.34458,2.1108072,3.8206358,62.30368,1.2767478,0.015034495,0.001452407,0.16728482,1.3125817,0.007937255,0.08909807,0.009035325
1.3241159,0.00023338167,2.8135788,0.07474834,8.129109,0.75419366,46.303913,4.7430272e-05,8.397716,1.6426247,3.9915364,59.789726,0.98354614,0.0114297485,0.0011896782,0.16069005,1.4313358,0.010112016,0.0685217,0.009891655
1.2811744,0.0003285476,7.668137,0.080148056,11.2290945,2.8353906,52.249718,7.07865e-05,14.025727,7.234976,3.4283152,154.35892,4.00718,0.018812072,0.0026154204,0.25632688,2.953716,0.02904738,0.12003573,0.017880553
1.0093788,0.00036027975,9.087047,0.11355061,7.7497296,3.6778808,29.295094,5.8869216e-05,16.51149,9.273232,3.5291238,185.27829,5.0633917,0.022907961,0.0024979834,0.23495911,3.1037564,0.020579332,0.118181534,0.014911699
1.3649101,0.00026432116,3.2397692,0.09990679,9.294889,1.0270004,47.64216,5.542758e-05,9.797046,2.505829,3.9735184,64.36212,1.4913473,0.021241475,0.0024639308,0.16580029,1.5177295,0.011120416,0.10024036,0.01260922
1.179855,0.0002666353,3.7370818,0.08441697,7.0833054,1.1672109,31.474232,4.512778e-05,14.342103,2.341284,3.9451735,73.35129,1.268981,0.020186273,0.0018429708,0.16373742,1.7350585,0.015287126,0.105926916,0.0111243725
1.3960489,0.000228753,2.9815152,0.11961929,8.776817,0.9400376,46.700596,5.0770435e-05,12.417426,1.9468578,3.284354,64.39266,0.91370493,0.021104341,0.0017646248,0.17022686,1.4763805,0.011059207,0.08156041,0.010956622
1.1996626,0.00032889,7.251562,0.0727011,10.548522,2.974491,43.349583,7.367949e-05,18.006683,7.428297,2.2909484,134.93166,4.2458673,0.022650938,0.0031370863,0.23270957,2.5116205,0.012929837,0.19167314,0.012257561
1.3153443,0.00034110853,5.8578534,0.12687121,12.708237,2.1314507,60.873573,6.711573e-05,13.373586,4.7852483,2.6502924,117.24202,2.593643,0.021388141,0.0020012727,0.22424112,2.033505,0.022487856,0.14512381,0.019274244
1.5431492,0.00027840465,2.8747776,0.118887976,11.118316,0.92000324,50.00867,5.8510057e-05,10.481122,1.9305984,3.5678658,63.128902,1.0093768,0.022748796,0.0035681988,0.15630518,1.6419533,0.013547472,0.08416479,0.012721172
1.2495872,0.00035782924,9.591587,0.104640245,11.367107,3.3695624,49.74291,7.4541786e-05,14.3146515,8.540388,3.389247,180.81966,4.698836,0.021052096,0.0028146338,0.25930563,3.9559228,0.025208112,0.12230514,0.016891362
1.3778591,0.00015898881,1.9253058,0.03792666,10.191589,0.90827435,42.05038,3.23347e-05,15.389395,1.9503897,3.8118305,51.12768,0.9638791,0.012360643,0.0016242685,0.11307697,1.1193007,0.009559535,0.11405109,0.0081699435
1.1806339,0.00027588286,5.702325,0.0829813,8.251131,1.3182741,36.9909,5.848623e-05,23.419878,3.5880482,3.7969308,110.92888,2.039143,0.0229263,0.0024186824,0.17242756,3.2678554,0.016458139,0.07812016,0.012959465
1.2205912,0.000326099,6.250273,0.058032185,10.255793,1.8574537,41.18593,8.908426e-05,25.55427,3.8355095,3.3233466,124.75913,2.1040173,0.031166159,0.0028702603,0.19970442,3.8111682,0.015302925,0.10233776,0.009523521
1.4468788,0.0002025495,2.2081492,0.11459605,10.620365,0.78027827,46.292095,4.2490035e-05,8.734653,1.4134454,3.3132493,46.430943,0.67072105,0.02299744,0.001833981,0.10362397,1.0196725,0.012782337,0.100158215,0.0113520445
1.2172205,0.00027843693,4.259359,0.1044364,7.761297,1.3598502,42.877815,6.204799e-05,8.866024,3.1312613,3.315976,85.78879,1.9287366,0.01572489,0.0018354111,0.20732933,1.9831419,0.008825199,0.089071415,0.00977927
1.3242116,0.0003099514,7.185093,0.068889715,11.453041,2.8056757,51.172134,7.604823e-05,14.983367,4.3435097,3.5315232,144.22812,2.0320277,0.03162617,0.0012548079,0.2676165,2.2692816,0.017274084,0.13411888,0.015495796
1.216543,0.0004050624,8.400102,0.08260467,10.92766,3.2737057,51.8391,7.486406e-05,13.600846,7.804737,3.2480345,161.4632,4.013671,0.021146813,0.002075678,0.27510524,2.788007,0.019158127,0.11786845,0.015812496
1.3119489,0.00022496842,2.276709,0.10695151,7.8555794,0.67358154,43.057613,4.79322e-05,9.716677,1.3691694,4.2381687,48.97127,0.7604421,0.018171037,0.001076026,0.12594652,1.1077834,0.010178963,0.089627184,0.010397759
1.2577657,0.00026012756,4.64856,0.077836186,7.127316,1.3302281,38.369102,5.617277e-05,10.756505,2.8423762,3.1497104,94.01123,1.54745,0.018338297,0.0019739042,0.19673401,2.3691716,0.010930943,0.08208714,0.011198347
1.2140664,0.00023872229,4.386553,0.06918038,11.14931,1.4488225,48.75827,6.956395e-05,15.354371,3.2100883,3.8419933,92.102875,1.8187325,0.026040599,0.0025025345,0.18127978,2.1526587,0.014739336,0.08732491,0.012054582
1.2748649,0.0002829407,3.7316616,0.09028955,9.125426,1.103176,50.669186,5.9321792e-05,9.92636,2.4976242,3.3926764,78.74097,1.5114114,0.016380202,0.0019038601,0.17461991,1.9872246,0.01035456,0.06672998,0.011253058
1.2246016,0.00031550863,4.1377597,0.09777981,8.836476,1.3662164,47.10974,6.267708e-05,10.183036,3.1164875,3.2458036,86.54754,1.8076384,0.017093321,0.0023621966,0.18086325,2.2804673,0.009831446,0.06148953,0.010548209
1.2596258,0.00028050554,3.0068233,0.079431,7.779972,0.9400314,43.442486,5.6354533e-05,8.013694,2.0354784,3.7106903,65.41084,1.2026151,0.012874879,0.0017035061,0.16045693,1.6133264,0.0078046927,0.055438075,0.008396695
1.3790827,0.00027604567,3.239865,0.081423625,8.372455,1.0067507,46.52685,5.195056e-05,9.7716675,2.202355,3.5860207,68.14978,1.2105112,0.01457175,0.0017238394,0.15862024,1.8461733,0.011853099,0.06463993,0.011355307
1.2354112,0.00024202469,3.0261495,0.13097769,8.962784,1.0009941,47.354477,6.292668e-05,14.511825,2.1234417,3.9309945,60.981453,1.1513004,0.024313016,0.0023077948,0.14424723,1.725113,0.014472676,0.09313228,0.012741556
1.2789375,0.00025526603,2.8698895,0.10225049,8.513988,0.921139,47.389793,5.762826e-05,12.225517,1.8736795,3.742964,60.807484,1.0832438,0.020253997,0.0018441732,0.13705166,1.5107327,0.010896615,0.08013382,0.0109310215
1.0134313,0.00030428282,3.1913517,0.07293312,8.376955,1.1390009,43.618793,6.557606e-05,9.990739,1.5244828,0.3766623,63.372437,1.0103449,0.027962998,0.0032449819,0.16904292,0.9684195,0.011438298,0.15586331,0.014940694
1.0733644,0.00037348364,1.9265928,0.15871415,8.814712,0.81963676,42.613384,4.6453122e-05,11.556291,0.86709565,1.9618655,47.777466,0.53353286,0.04786619,0.004038459,0.17955485,0.6507589,0.0117650125,0.08613937,0.018396527
1.1746999,0.000191521,2.7177455,0.058653068,7.2609143,0.9989932,42.451477,5.2215775e-05,8.120768,1.3566654,0.9216259,59.453068,0.85886586,0.017022898,0.0018909567,0.17688958,0.8751118,0.013145867,0.121057115,0.013604558
1.1754191,0.0003788385,2.2402744,0.11513595,9.468691,0.82207847,45.046276,4.884068e-05,11.235451,1.0551549,1.7130053,53.710907,0.69808567,0.04593122,0.0034794966,0.17664537,0.9288091,0.011662861,0.06808157,0.01599649
1.2189432,0.0003187855,1.6503303,0.1422499,9.338068,0.68499696,46.15753,4.281285e-05,11.694295,0.5569739,1.6129085,42.35291,0.32740948,0.039845176,0.0035461271,0.17744951,0.612825,0.010764528,0.07917319,0.015691794
1.4279877,0.0002274588,1.53322,0.06670125,10.26424,0.5784578,47.76036,3.367808e-05,10.450626,0.6952098,1.1145114,39.391823,0.37444612,0.02247333,0.0022212425,0.11825174,0.6765681,0.008200385,0.06099664,0.011150738
1.101142,0.00052503054,2.9797647,0.11650584,9.243677,0.98259133,44.543247,6.4158055e-05,11.429014,1.5290749,1.2932544,65.142784,1.0162147,0.05037036,0.0035344271,0.17938551,1.3248245,0.011083008,0.08110795,0.012890294
1.6676915,0.00018041293,1.4905195,0.07704991,10.457549,0.597517,37.437576,3.738323e-05,13.28837,0.6432192,1.1516737,31.627111,0.30744618,0.012961125,0.001517167,0.10574755,0.7745588,0.008301714,0.063483365,0.0074066697
1.0126804,0.00035185172,3.16886,0.08505837,7.942469,1.2386523,41.18619,6.6549655e-05,11.619192,1.2818377,0.3395442,61.029594,0.7367174,0.03752915,0.0035131737,0.16403328,0.9165103,0.011737264,0.16466224,0.0151291685
1.3524293,0.00019801935,1.948187,0.06400511,10.560837,1.0803229,40.226425,5.6318422e-05,16.000463,1.3753862,2.8134446,58.50838,0.6955728,0.01718041,0.0011138312,0.1310016,1.0329765,0.01692457,0.11613117,0.012591906
1.2155467,0.00014101983,2.4947476,0.036470983,7.212539,0.9825375,37.136837,4.35044e-05,8.765884,1.0501455,0.76053506,52.588245,0.5535891,0.012544011,0.0014368253,0.12616754,0.9792804,0.01366535,0.11098727,0.011524125
1.4277567,0.00017810414,1.655647,0.09942737,9.937585,0.9846415,39.802532,5.113451e-05,21.227898,1.2064757,1.9326237,51.232628,0.45742434,0.01568547,0.0012215828,0.11864821,0.93172723,0.0112467995,0.07377132,0.009182636
0.8451359,0.00031461904,2.7901187,0.090608604,6.7176023,1.1455904,31.823671,5.7079047e-05,11.508465,1.2512032,0.8313114,53.660553,0.7320465,0.044686887,0.003183496,0.123005226,0.73088574,0.0122434525,0.13979658,0.017005844
1.3313553,0.00026405093,1.8606498,0.07737101,9.677474,1.1373435,33.455242,3.8145616e-05,17.617376,1.9412614,4.247577,46.897247,0.6316615,0.021452041,0.0009217697,0.10753319,0.7254559,0.009535264,0.111438744,0.007604159
1.3947829,0.00018340467,1.6915627,0.050492425,9.459579,0.62906873,44.0363,2.804612e-05,12.701451,1.1776403,0.21113038,44.633022,0.7205874,0.015525394,0.0018325076,0.11317501,0.93392587,0.00809968,0.06980983,0.007694701
1.5141584,0.00033754596,2.4717846,0.06891149,10.111384,0.8177482,50.688427,4.975545e-05,11.994076,1.1340503,0.89037764,55.622124,0.652085,0.02756232,0.0028822431,0.20224838,1.2672249,0.009501416,0.07471438,0.01064022
1.2114785,0.00041238806,3.0320854,0.08634699,8.978261,1.0121995,46.28072,6.169687e-05,13.908935,1.1392212,0.31220928,61.016373,0.6511246,0.036425978,0.0028904323,0.18177664,1.1944015,0.011944829,0.11794714,0.011254295
1.0954973,0.0001760158,3.3094966,0.048703704,7.320134,1.052316,38.408043,4.8094673e-05,8.614846,1.2423277,0.42981425,62.9728,0.78483576,0.016448913,0.0020117185,0.12578097,1.0320259,0.010834742,0.12857804,0.01278278
0.94674134,0.00025615486,3.2588181,0.07281987,7.799229,1.156401,41.1998,6.0729755e-05,9.929963,1.5819802,0.60386765,66.03127,1.0227424,0.028582823,0.002558153,0.16472164,0.85246646,0.012800176,0.15772271,0.017202081
1.448656,0.000202967,1.6046009,0.09327627,6.7952404,0.9333887,37.30426,5.261567e-05,31.235338,1.190777,4.4954324,39.533363,0.24887933,0.010005526,0.00086433726,0.15261638,0.6942617,0.020270783,0.13624443,0.011189904
1.344236,0.00017182401,1.8200859,0.059122402,8.272932,1.0177232,30.750345,4.4595432e-05,17.28986,1.0916005,5.263209,42.023563,0.3520097,0.018520642,0.0011020735,0.19387348,0.7871022,0.013670169,0.1364488,0.013677272
1.6659747,0.00022601185,2.8821976,0.06015932,9.410481,1.2201409,38.86888,5.529263e-05,15.712078,1.1998385,5.473635,66.77322,0.4034825,0.026799195,0.00096416014,0.26632196,1.3320147,0.014189901,0.14072672,0.015844971
1.2195529,0.00015339207,1.1792613,0.055332653,9.7109,1.0789714,41.480907,4.519556e-05,21.183119,1.9693928,4.1204734,42.5814,0.5233848,0.006492256,0.0011081728,0.100294456,0.46596676,0.014130163,0.13622828,0.009501583
0.87246394,0.00013512692,1.4348931,0.05101579,6.5185623,0.62495434,17.528757,3.5206944e-05,15.092664,0.57457817,0.9124296,30.666578,0.2693515,0.014392917,0.0015795453,0.06424406,0.44438064,0.009180078,0.083488315,0.0071375044
1.2160888,0.0001511842,1.6943499,0.052719615,9.175414,1.14636,38.65681,3.4408902e-05,25.39341,1.6932042,5.272501,43.524868,0.422233,0.013335442,0.0010305183,0.13424145,0.57226354,0.01339476,0.1442601,0.010693262
1.020603,7.033979e-05,1.1916271,0.026777497,6.996184,0.7228855,22.672709,3.7797516e-05,8.3411045,0.74853224,0.9940282,29.905176,0.26535308,0.006514386,0.0010760811,0.08505605,0.39244336,0.0123967435,0.09362119,0.009303065
1.1707524,0.000119182085,0.88271224,0.06694221,9.349159,0.38961026,34.04091,3.1879328e-05,18.349327,0.3771495,0.6136161,24.060177,0.19483332,0.014161198,0.001401061,0.070450604,0.26930457,0.0071084267,0.061843116,0.007835652
0.9755753,8.348919e-05,1.1305856,0.03143369,7.1228952,0.6313806,20.978868,3.438793e-05,9.975488,0.7041531,0.6413005,27.056318,0.2933145,0.008526814,0.0014486492,0.06630341,0.3938637,0.010170207,0.073488,0.007610309
1.4205781,0.00015870846,2.0587335,0.06772182,8.474899,1.1074554,35.383236,3.8990336e-05,18.110655,1.0915056,4.653607,49.697414,0.27418128,0.019457782,0.0011167903,0.16358574,0.82599854,0.011970567,0.13271716,0.011411962
1.3990917,0.0002053766,1.8575526,0.11658188,9.826588,0.65993583,27.579601,4.529308e-05,15.82247,0.8687239,1.6702108,34.914692,0.3432034,0.017849024,0.0023148768,0.10829041,1.1551358,0.010356298,0.07117854,0.007861795
1.4370319,0.00016228961,2.1754553,0.062343027,7.8415866,1.2572778,37.410152,3.981441e-05,15.369907,1.262889,5.0846233,53.293278,0.24540411,0.022324733,0.0006874851,0.15107761,0.6594259,0.013102891,0.15535921,0.014064848
1.1118103,0.00019863338,3.0429685,0.030016,7.7410655,1.215866,36.35556,5.7302084e-05,8.07806,1.4097624,1.017549,61.049522,0.610559,0.010789804,0.0011965383,0.18423367,0.97251254,0.015070306,0.15096739,0.0133439675
0.8411031,0.000116087635,0.97646856,0.04606479,7.2675724,0.52670693,17.738207,2.9417995e-05,21.540411,0.562757,0.6702416,25.054693,0.2390355,0.012031591,0.0015634769,0.050247453,0.31460634,0.008727371,0.07508943,0.0064815492
1.2001266,0.00015096623,2.5777624,0.031091342,7.2190237,1.0411046,36.17498,4.480322e-05,9.300586,1.056354,0.4489375,56.082336,0.5380338,0.011835936,0.0014419896,0.132329,0.911469,0.0126551185,0.12128628,0.010704295
1.0577284,0.00016158137,2.173193,0.06303297,7.37454,1.4482517,29.759819,3.387016e-05,17.69814,2.24508,5.0319357,53.62513,0.60198087,0.0154625615,0.0009847331,0.12478991,0.5352161,0.0129972845,0.14588815,0.012515749
1.3032786,0.00027339274,1.6003217,0.11499855,10.0234995,0.6233386,48.686985,3.866783e-05,11.942599,0.59854865,1.6887401,40.421448,0.28594497,0.032424018,0.0029083565,0.1577005,0.62677634,0.011070372,0.07304256,0.014974481
1.4011652,0.00020212648,2.2376661,0.071220875,7.9708943,1.2198019,31.101294,4.5627574e-05,16.635803,1.3087317,5.7561483,50.65084,0.2976121,0.025267089,0.0007603108,0.18060543,0.84522986,0.014315668,0.1459613,0.013776823
1.6364152,0.00017960562,1.4746463,0.04617462,10.345558,0.85446006,42.77863,3.63778e-05,16.517424,1.0753942,0.6239349,44.268883,0.3037798,0.008746416,0.0013205487,0.06897124,0.67241365,0.0057092975,0.07503958,0.0065848604
1.1802202,0.00023059749,2.4638498,0.09610686,8.688841,1.0665101,41.728355,5.1504798e-05,17.599915,1.925139,6.251908,56.854774,0.5932458,0.02194219,0.0016433281,0.17745781,0.87261415,0.016949235,0.10942841,0.016194044
1.2832661,0.0002282058,2.2520492,0.10031727,8.934999,0.9956264,40.82094,5.4877823e-05,18.087448,1.5095525,6.3812823,50.64835,0.47611907,0.02423631,0.0015162928,0.18743548,0.93102825,0.017256323,0.12207502,0.016505122
1.0880475,0.00021400514,2.2541978,0.0836974,7.832746,1.1794295,35.968067,4.89604e-05,17.395868,1.9370012,6.0467205,50.450718,0.57621986,0.018198341,0.0013583875,0.16809285,0.71132493,0.015892837,0.12670527,0.014519334
1.1766226,0.00034332703,3.0277584,0.0730989,9.09675,1.216507,27.643063,6.292749e-05,12.434019,2.2736447,2.9690635,56.622456,1.102885,0.020117095,0.0020066274,0.16064309,1.7178802,0.010489834,0.091766894,0.0079479925
1.5177615,0.00017991173,2.116631,0.08166817,10.1623125,0.8183537,35.650112,3.839236e-05,11.655407,1.0264629,1.7115737,42.006775,0.4316044,0.014635327,0.0014236878,0.10890457,1.0401673,0.009347599,0.08928404,0.007471948
1.5461156,0.00017824226,1.2413948,0.051155064,10.319017,0.9469849,37.78825,4.621208e-05,11.756049,1.1055033,1.9177006,43.185482,0.26293135,0.014143884,0.000541765,0.08859712,0.5906862,0.006504017,0.10314833,0.006254922
1.4783075,9.546693e-05,1.3017256,0.074704766,8.269973,0.5907244,30.741604,3.5252564e-05,10.61606,0.6579113,1.0989078,31.461481,0.3442545,0.012161359,0.0012161173,0.06827194,0.6453648,0.0080492385,0.07381991,0.0065726424
1.2353292,0.00017366558,1.5445664,0.10302212,7.516243,0.7553174,25.15672,3.75425e-05,12.879453,1.1054544,1.6160975,35.959595,0.5063746,0.015225382,0.001484626,0.081105426,0.9080034,0.008157398,0.04038835,0.0068051363
1.3149099,0.00019426599,1.3163952,0.06487784,9.439154,0.7093451,35.234547,3.5452398e-05,12.320756,1.022351,1.1894995,29.009094,0.5763193,0.011001281,0.0012841413,0.091503836,0.60252106,0.007886487,0.07147211,0.0062950384
1.149969,9.852763e-05,1.2366691,0.024453804,5.77567,0.8983636,19.394659,4.4823973e-05,7.1511135,1.0849261,1.1892182,36.676994,0.39568943,0.0075794724,0.0015224586,0.090620205,0.60540956,0.011727095,0.10335158,0.009144385
1.1671809,0.00011968804,1.1060563,0.048491415,7.43027,0.7652042,21.26367,4.0268606e-05,8.261128,1.13645,1.121263,31.629078,0.4483769,0.010991574,0.0013644142,0.07975711,0.550701,0.009396665,0.08161129,0.007741676
1.3819084,0.00018847417,1.126485,0.07784651,9.377979,0.73825824,38.30595,3.8032733e-05,14.710916,0.9355591,1.0343741,27.754747,0.4953794,0.011379812,0.0012580096,0.087369435,0.46860716,0.0071015344,0.05980687,0.006315606
1.4363514,0.0001469513,1.3189211,0.098412484,8.490376,0.70688426,36.562748,3.627873e-05,11.0322,1.0071445,4.251815,28.509987,0.4638202,0.012082166,0.00091318367,0.0809553,0.56797236,0.009251014,0.071198165,0.006627976
1.0030609,0.0002441487,1.2660686,0.04887914,7.5539546,1.3723292,30.53785,4.5924568e-05,11.82902,2.1312366,2.4579687,32.750923,0.8359784,0.008106747,0.00083114713,0.09993684,0.2886388,0.007353712,0.12134037,0.005087152
1.3798066,0.00017804971,2.516815,0.11292268,8.458877,0.94740653,32.22053,4.0634208e-05,11.929647,1.7470306,2.0064797,52.50869,0.75916785,0.015628736,0.0018237799,0.08396096,1.4873471,0.009762719,0.055191576,0.0076110605
1.259503,0.0001820631,1.611853,0.072113775,8.74289,0.6994575,32.11581,4.1786952e-05,11.432299,1.0016484,0.9698229,38.81175,0.47041956,0.019064689,0.0017055349,0.103242084,0.7286651,0.009353873,0.06816712,0.009366995
1.398225,0.00021102824,1.4938837,0.06849341,8.387765,1.1712022,37.704903,4.1532672e-05,11.443644,1.530664,2.9058309,33.53185,0.8026022,0.009178675,0.0011731846,0.08614268,0.5717132,0.007139833,0.08618168,0.0043391893
1.1802385,6.5865104e-05,0.95911056,0.04790764,8.1582,0.67024964,37.033413,3.062147e-05,18.101398,0.922749,3.6383638,28.87402,0.4175994,0.009120348,0.00035087767,0.071266115,0.27656275,0.007978624,0.105013326,0.0076934947
1.065798,0.00017324068,1.2660908,0.042233244,8.491983,0.88423353,32.09438,4.020941e-05,10.458903,1.3134738,2.7683508,36.12274,0.5420703,0.010624434,0.00080798974,0.088598914,0.36782798,0.009448057,0.11650975,0.008279398
1.325666,0.00012618712,0.9392574,0.06310423,9.625139,0.5497594,30.674324,2.6050879e-05,14.423893,0.90446377,5.0430245,26.791729,0.38457394,0.013531009,0.00072501565,0.06937919,0.3498109,0.010148301,0.085907966,0.010755707
1.5688059,0.0001420189,2.4488387,0.106910385,10.454437,0.74743044,38.13154,4.38114e-05,10.676187,1.0207007,2.3291118,45.689823,0.40967935,0.017555824,0.002021905,0.11353795,1.350401,0.010907245,0.0782976,0.00882427
1.4018885,0.00010665177,1.5206888,0.08913607,9.607464,0.61032283,38.99525,3.372409e-05,14.240166,0.9335925,2.4827461,32.997997,0.41977218,0.014094854,0.001272904,0.090602614,0.8128217,0.008050308,0.061511215,0.00843436
1.4045452,0.00016406194,1.981901,0.09884712,9.231272,1.010672,40.16544,3.640108e-05,11.791242,1.7104185,5.167643,54.765293,0.6521892,0.019003855,0.00083474134,0.08866178,0.74214166,0.008979178,0.10863997,0.010788037
1.1827285,0.00016103967,1.550939,0.05786277,7.6197844,1.2488773,32.045643,3.3769826e-05,22.79,2.221475,3.8552196,48.830303,0.6403766,0.009389478,0.0010139928,0.07495623,0.39487717,0.012057263,0.11021605,0.010680256
1.2609195,8.253395e-05,1.1763673,0.045421034,7.39681,0.9042708,31.362791,2.9832096e-05,8.841907,0.9982494,1.0360023,42.48292,0.37237504,0.0092842,0.00073522754,0.054511722,0.45671487,0.0106135,0.09026565,0.008190129
1.3747349,0.0001388675,2.326832,0.073914625,7.571197,1.1050216,30.28497,3.410735e-05,12.093225,0.92964077,1.8246245,56.315662,0.27759174,0.016179824,0.0007076502,0.10649106,0.8302833,0.012235946,0.09162596,0.010559448
1.0318606,8.176445e-05,0.80394536,0.04333046,8.535473,0.99603176,35.710976,2.615541e-05,14.99324,1.9201765,3.7168086,27.35575,0.732409,0.009728142,0.0013038847,0.04386199,0.14475971,0.0069612586,0.089691,0.007598605
1.3495443,5.0256032e-05,0.5789046,0.039491747,6.5724387,0.785254,28.051825,2.9110959e-05,7.5709763,0.85434574,1.2592624,33.49872,0.26291972,0.008699953,0.0007895239,0.035668958,0.28645933,0.008243692,0.07387887,0.00654871
1.3466237,0.0003477889,3.661645,0.09119319,8.298517,1.470474,47.197983,5.9734073e-05,9.86638,2.5723195,3.8071904,72.37893,1.2093679,0.020772828,0.0014369589,0.19534767,1.5943213,0.010963017,0.07768655,0.009331436
1.1944671,0.00027340642,4.2059584,0.059476983,7.0646625,1.058547,41.39151,5.032773e-05,7.511351,3.014769,3.6923294,74.67205,1.9193337,0.011000086,0.0018267179,0.15656133,2.4578896,0.008774756,0.054423377,0.0059950543
1.3313688,0.00036901078,5.329341,0.06634,9.926177,1.575216,56.411644,7.705891e-05,10.259748,4.312081,3.5481637,95.94676,2.7044206,0.01575647,0.002059863,0.26785213,2.579648,0.011940802,0.05800732,0.0102324495
1.3174595,0.00037373955,4.3079796,0.15750806,9.0119,1.3079989,46.664536,6.8416615e-05,12.980326,2.8988614,3.0757594,85.8353,1.4349414,0.028247798,0.0021318777,0.23381369,1.9247438,0.012887828,0.09690571,0.013984043
1.3040632,0.00027532576,4.078371,0.06506217,7.002328,1.0592074,40.15255,5.400558e-05,6.8920913,2.4314795,4.2483253,78.12372,1.2896422,0.02046399,0.0014435899,0.17610335,2.0342572,0.011303591,0.0642957,0.011080628
1.2805151,0.00039229752,5.3491044,0.079363205,8.756274,1.442967,50.18203,7.6315664e-05,8.319452,3.890721,3.48585,97.39748,2.7730858,0.013532567,0.002315855,0.21584834,3.1573033,0.00865628,0.032902267,0.009203124
1.3427309,0.0003497236,4.1542096,0.07863283,7.818727,1.4879781,43.433525,6.308487e-05,9.031181,3.0504425,4.252671,80.950294,1.5592589,0.02241588,0.0013076806,0.206969,1.9033797,0.011570224,0.077571206,0.009206418
1.2618872,0.00026474366,4.583076,0.043706976,9.293793,1.4221278,51.91134,6.942515e-05,11.093771,2.8685675,4.0866246,79.42376,1.2869998,0.022977032,0.0020528627,0.23226413,2.3922415,0.01226368,0.05670285,0.012496286
1.1564806,0.0003468285,4.530969,0.06018153,7.003829,1.5888801,40.104477,6.712316e-05,9.3271675,4.1147375,3.1234477,92.64546,2.5974443,0.0150954,0.0013823012,0.23101377,2.0883846,0.01010789,0.07083233,0.0071274326
1.2572751,0.00043777132,4.873794,0.058812458,8.662884,1.5948808,51.459175,8.6939806e-05,8.194764,3.9157374,3.4057584,90.91715,2.537756,0.012439746,0.0021020526,0.23694308,2.7704535,0.008552,0.039566845,0.009189578
1.2055877,0.000304305,3.7812128,0.04494967,9.062196,1.4255157,51.569927,6.967415e-05,10.289085,2.747897,3.6135862,67.16808,1.279392,0.019249951,0.0015607768,0.20257182,1.7979677,0.010437915,0.06336079,0.00945685
1.3205631,0.00031921614,4.896045,0.064357266,6.915824,1.8147526,36.712986,7.059377e-05,9.810461,3.2931669,3.7171898,99.50424,1.7889594,0.024217464,0.0021354076,0.20683485,2.2178197,0.008441593,0.08183652,0.008660651
1.0178825,0.00026048857,9.35852,0.07489393,10.47453,3.612996,40.183907,9.9234705e-05,38.69195,9.3955345,3.8849194,171.81068,6.282219,0.02236464,0.005083243,0.27881077,5.51694,0.021570433,0.11379214,0.01905213
1.0386293,0.00029458763,9.675547,0.075749144,10.848367,3.890886,42.499886,0.000109891706,34.30114,9.340389,4.0498776,184.39995,5.8020997,0.024954142,0.004314778,0.2921136,5.1484222,0.022480562,0.12276991,0.01734334
1.3371305,0.0002644797,3.052559,0.08171677,9.803492,1.0764747,54.165443,6.068793e-05,13.307505,2.4313114,3.752575,63.54274,1.337841,0.019692902,0.0022089526,0.14279622,1.5594766,0.01244552,0.07789871,0.013035727
1.3231304,0.000338239,3.401667,0.084750235,10.732952,1.272162,58.980442,7.139926e-05,12.630963,2.8982644,4.5035725,73.21059,1.4093779,0.023864966,0.002382436,0.21321033,1.583917,0.016886031,0.10161127,0.018722426
1.1920357,0.0002824554,7.1737266,0.08908756,8.532373,1.8998078,36.93165,6.515289e-05,18.487106,4.6033764,2.9670792,146.56908,2.7316003,0.021554021,0.0029233084,0.20714168,3.6541083,0.014226022,0.10786799,0.013738255
1.1447618,0.00025575445,8.700798,0.095212296,8.382539,3.4294977,37.733147,7.084668e-05,56.680202,8.9504595,3.404405,177.6978,4.116437,0.02179973,0.0033484723,0.21848166,3.556564,0.019395739,0.12742627,0.014899084
1.3641784,0.00032637946,6.0649343,0.1156886,11.01374,2.2388575,49.63602,6.317775e-05,25.541605,5.1580777,3.2042217,133.03062,2.4606438,0.025595473,0.0025830783,0.19194488,2.2418933,0.015444605,0.12800953,0.01280155
1.1512495,0.00041120834,7.5743966,0.09487597,12.694331,2.5866175,50.588596,8.811548e-05,17.444431,6.2470894,4.604277,165.17189,3.2735121,0.04017251,0.0033593387,0.2303119,3.6256027,0.02229384,0.13281378,0.017491363
1.456191,0.00025201752,2.3275902,0.12043376,11.432528,0.83462816,51.72221,5.311014e-05,10.544627,1.5395169,3.71494,49.46271,0.7633004,0.025567159,0.0032654142,0.12739038,1.2336365,0.013936632,0.08111788,0.013379483
1.4452751,0.0002715701,3.3195658,0.13062473,11.911479,1.0905111,52.900944,5.927685e-05,11.868116,2.266799,3.215039,72.762794,1.1425414,0.021673853,0.0027905172,0.17582232,1.6883972,0.017408406,0.097382784,0.015910296
1.5473149,0.0002510868,2.6418016,0.1130601,10.634553,0.8649798,49.63766,4.6830923e-05,8.615971,1.622494,3.4565861,56.469048,0.85969156,0.026038611,0.001883755,0.13980916,1.2731287,0.011879536,0.09565232,0.011923061
1.6088811,0.00024317576,2.1961954,0.08788173,12.855393,0.7955582,57.88595,5.6408815e-05,10.666571,1.6196405,3.8728764,50.62744,0.78276956,0.020059923,0.0026398858,0.14476769,1.319606,0.0134174265,0.08448544,0.011531652
1.4534464,0.0002482531,2.1411507,0.09104088,10.981916,0.8679842,54.425594,6.048495e-05,12.190068,1.7347709,3.803128,49.196575,0.8948365,0.016821818,0.002736508,0.14381187,1.158915,0.012150269,0.099182084,0.010667623
1.4971594,0.00025827822,3.1192129,0.10403747,10.224994,0.98508567,50.276623,5.022809e-05,8.131588,1.9085227,3.6488132,63.849663,1.1086206,0.02236156,0.0015951532,0.16852085,1.4570259,0.012048473,0.09310961,0.011544885
1.4001772,0.0002218431,2.7930398,0.12676556,11.073965,0.952046,53.043434,5.6596848e-05,11.640088,1.7846988,2.9559388,58.903343,1.0527734,0.020605069,0.0022135738,0.1606078,1.2902448,0.017863175,0.12012576,0.016349075
1.6719403,0.00022501343,2.496954,0.07290712,11.212377,0.68314654,50.745,4.740332e-05,11.889934,1.3891696,3.8265324,56.231,0.76197344,0.01819868,0.0024485074,0.14995648,1.6009237,0.012289527,0.07323208,0.012348762
1.2766956,0.0002245425,5.1635084,0.12709351,8.565636,1.6704174,40.866985,6.157457e-05,14.875259,4.334109,3.5301707,107.16324,2.3662095,0.023478936,0.0023059943,0.17563161,2.3138692,0.01996119,0.15737735,0.014768786
1.3101169,0.0002746245,5.056135,0.117328756,10.27437,1.6648207,49.099174,6.237409e-05,13.057294,3.8077939,2.8734252,107.68567,2.3137105,0.0194553,0.0024261845,0.1839605,2.1077523,0.0168055,0.1340411,0.014248171
1.3362638,0.00026157187,4.6233597,0.108653225,11.535971,1.4753798,55.063503,6.284123e-05,15.305147,3.0562124,2.593759,105.42345,1.6586328,0.021243516,0.0021568825,0.19879968,1.9507766,0.021704184,0.12628809,0.017228566
1.4827334,0.00027699152,2.8649502,0.13340871,10.764857,0.8960194,47.465946,5.901524e-05,10.7179575,1.8710378,3.7047863,62.07265,1.017111,0.024801427,0.0028244318,0.16207553,1.5176647,0.014491274,0.09823502,0.014070468
1.2059509,0.00028519894,4.607326,0.08422512,8.272786,1.5764903,43.49987,5.3685908e-05,7.463479,3.8659031,3.3880143,93.0369,2.3677423,0.013491702,0.0018211148,0.18445425,1.962358,0.009417595,0.05980422,0.007878897
1.4345373,0.00031726563,3.83084,0.105525464,9.929571,1.0857973,49.41536,6.701476e-05,12.5911,2.386367,4.082484,76.44475,1.4590242,0.02489779,0.0022007616,0.20707354,2.255567,0.015617704,0.06599263,0.014725158
1.2014309,0.00029195365,7.766659,0.10138048,10.125112,2.3082192,48.748558,6.2553605e-05,13.635217,6.6166754,3.0880392,141.5903,4.479428,0.016460735,0.0029497398,0.2408645,3.4001963,0.018268788,0.092815466,0.014113764
1.3151062,0.00037833845,4.4741063,0.081773095,9.58102,1.2645118,48.270905,7.802737e-05,12.971675,3.0949395,3.9343762,87.41825,1.8815405,0.023678748,0.0025221356,0.2471423,2.401303,0.011672474,0.06676415,0.011988175
1.3626008,0.00034054654,4.242496,0.074813835,9.808143,1.3149827,48.069744,7.447073e-05,14.512962,2.8895788,3.731959,88.18368,1.7472419,0.021499265,0.0024152903,0.24540393,2.2560492,0.010775108,0.07951449,0.010800715
1.1763278,0.00036633998,4.532425,0.06905305,10.269415,1.5231388,53.291267,8.971781e-05,15.066999,3.2134225,3.6464612,93.23747,1.8130801,0.01927895,0.0023895437,0.26027718,2.460217,0.017125463,0.06954888,0.0152544305
1.215613,0.00041861885,7.0494857,0.055713993,8.20494,2.8196669,42.66762,9.085871e-05,12.688803,5.4222026,3.9589114,152.93637,2.37322,0.017991913,0.0018697212,0.2578928,3.115089,0.016147802,0.11075743,0.013224257
1.2211771,0.00019416407,4.283503,0.07667158,10.8433075,1.8580366,48.556286,6.382619e-05,12.635211,3.6368651,2.393475,74.74967,1.8611302,0.0201183,0.0018349232,0.21000317,0.9832249,0.017456269,0.36565292,0.01866883
1.2775372,0.00025760225,4.5185404,0.0949549,11.2078705,1.7014993,49.694954,6.758717e-05,14.856129,3.0535605,2.3623302,85.27075,2.159149,0.01838628,0.0019599793,0.24290079,1.5601629,0.014229325,0.13830581,0.01360748
1.2656798,0.0003838583,4.105942,0.17583591,8.605609,1.230771,43.29059,7.769571e-05,15.788229,3.1164622,4.700918,93.60325,1.8237232,0.02865012,0.0023576892,0.22219512,2.0906699,0.017835576,0.0975,0.017572058
1.3145655,0.00028611466,3.1870987,0.08834423,8.888439,0.96107244,50.951946,5.6005574e-05,9.489447,2.0346549,3.7374563,72.442955,1.10024,0.016639551,0.001803907,0.15459768,1.5489914,0.009272383,0.061494842,0.010180327
1.3160247,0.00026207403,3.0332165,0.086129464,8.126212,0.9389092,46.624264,5.1789102e-05,8.308092,2.0074413,4.123474,68.55302,1.138748,0.014523239,0.001690058,0.15890522,1.4876199,0.008172173,0.058127537,0.008761368
1.3218724,0.00025118497,3.049272,0.0861623,8.194563,0.952798,46.561802,5.2538915e-05,7.332556,2.0893402,4.0764666,67.034225,1.1839826,0.013875171,0.001721469,0.15531522,1.4865198,0.007985444,0.05306731,0.008559004
1.3228463,0.0002513187,3.227522,0.09019793,8.071712,0.99016666,44.686676,5.0557745e-05,7.235847,2.2112525,4.2571893,69.872635,1.2420082,0.014859048,0.0015650967,0.16244814,1.4376041,0.008473474,0.05967592,0.008785461
1.3225249,0.0002817755,3.638768,0.07907669,8.046939,1.1855675,44.287464,5.272233e-05,6.8987207,2.619889,4.147892,76.560936,1.4953612,0.015271465,0.0017362229,0.1790333,1.7335365,0.008330989,0.041959282,0.008023023
1.4367617,0.00024787188,3.1598885,0.10969631,10.2748,1.0433716,45.273396,5.0951807e-05,8.7658205,2.0390394,3.4441552,67.06754,1.091879,0.024007518,0.0018146993,0.15157475,1.404639,0.013727977,0.12273397,0.0118676275
1.1189995,0.00063226314,8.468681,0.25714314,9.904695,2.7751925,49.473843,8.5648004e-05,27.972378,9.634407,3.3537035,204.0822,4.595229,0.047546446,0.0051207338,0.24847473,3.5019355,0.013738874,0.20664793,0.01239242
1.1487061,0.000506189,10.05545,0.17073199,11.27166,3.2718048,45.417103,0.000103137514,22.520952,10.149355,3.4994965,191.87683,6.23531,0.026583504,0.005028868,0.37050804,4.8304086,0.031959657,0.17763823,0.0201911
1.2765361,0.00020502327,3.7545595,0.110250615,10.9094715,1.3422011,54.869576,6.0144084e-05,12.77795,2.3753173,2.6698794,77.106186,1.5763865,0.018153697,0.002098548,0.2069721,1.4468527,0.021093966,0.14322132,0.021549368
1.3945228,0.00035339638,7.450033,0.06644744,9.8494,2.7616622,48.16458,6.305845e-05,12.962775,5.676228,2.8762183,163.49123,2.9721456,0.01723791,0.0024695988,0.22921276,3.0919855,0.014686328,0.13922545,0.010174837
1.4421737,0.00030756104,2.591906,0.07947618,11.469779,1.1613654,55.26815,6.6858935e-05,18.316858,2.4547656,4.366705,73.605194,1.0937085,0.01341029,0.0019822451,0.16681628,1.1643354,0.015345752,0.13159569,0.015427337
1.7424068,0.00034372366,3.353709,0.09009278,10.247086,1.3198224,56.307278,7.945369e-05,17.203728,1.9731735,2.9943566,88.54099,1.0587999,0.020620335,0.002584374,0.23885974,1.8133984,0.012285194,0.14177227,0.012730311
1.3124212,0.00034046694,5.876683,0.12578972,12.720222,2.1459875,60.781498,6.709896e-05,13.428182,4.827451,2.6405416,117.66967,2.6142623,0.02126249,0.00199717,0.22457437,2.0287924,0.02245539,0.14623635,0.01924779
1.2449068,0.0002759347,5.955942,0.10934411,8.627363,2.137988,39.43014,5.9182417e-05,12.304544,5.1789765,3.2618768,126.73562,2.922039,0.022650452,0.0024981718,0.17757848,2.3410814,0.015859814,0.14431272,0.012697435
1.37905,0.0001577828,1.905106,0.03759643,10.286898,0.91172135,42.308933,3.2357977e-05,15.583899,1.9752336,3.813969,51.202633,0.9695011,0.012139068,0.0016089546,0.11260986,1.1071177,0.009631955,0.11381112,0.008208745
1.0774848,0.00018224596,9.358297,0.0955814,9.098877,3.308032,39.879128,8.2462706e-05,30.056293,8.738576,3.7687376,172.63687,5.462338,0.01683397,0.00403823,0.3439296,4.3604636,0.031727545,0.14485896,0.026525049
1.0927703,0.00032298593,10.132345,0.12358378,9.35988,3.6540048,43.190704,7.655509e-05,23.898077,8.96652,3.5037746,208.40442,5.751833,0.028442468,0.0041351495,0.23962556,5.5101614,0.017880552,0.12115213,0.0137698725
1.3669512,0.00024227278,2.911307,0.09538521,9.280899,0.962741,44.594376,5.3810643e-05,8.757269,2.0884361,3.3667889,59.532387,1.0671589,0.020574218,0.00272521,0.14769578,1.4666847,0.010979754,0.07883842,0.011151482
1.0766664,0.00052664225,11.9132595,0.115758315,10.457201,6.47535,48.93841,0.00010104796,20.424635,13.041342,2.5670252,219.83392,9.12593,0.02460647,0.0063152425,0.3125814,5.5217776,0.02159453,0.14982131,0.021201776
1.2153744,0.00040342743,8.367577,0.08217222,10.918331,3.2609205,51.79788,7.482312e-05,13.614834,7.757397,3.2512834,160.9575,3.9920654,0.021062398,0.0020632616,0.27507785,2.77043,0.01910731,0.11846457,0.015811928
1.343127,0.0002666203,4.386774,0.06911195,10.496811,1.2008973,50.028507,6.2721905e-05,14.843166,2.6199665,3.8869178,92.900635,1.417543,0.023212455,0.002276488,0.18778074,2.515572,0.0117348265,0.09564587,0.011412898
1.0557028,0.0004238011,9.136503,0.15155275,9.317498,3.8874602,38.288662,0.000105098734,23.588564,7.734267,3.9335382,184.99759,4.3239555,0.05244214,0.004099345,0.25978065,5.4354973,0.02798844,0.2166647,0.015272138
1.208477,0.000294153,4.1646256,0.1007473,8.846364,1.3736523,46.830135,6.110656e-05,10.622357,3.2395372,3.1968544,84.19867,1.9559379,0.017986147,0.0025193428,0.18179892,2.1909897,0.009495459,0.06884076,0.0106490245
1.2809421,0.00029141826,4.2628922,0.093052514,8.69099,1.31972,45.85835,5.981636e-05,10.0472145,3.04402,3.059894,87.29953,1.7092394,0.017343465,0.0022476697,0.19852288,1.9918393,0.010945897,0.100642465,0.011993906
1.2389177,0.0002253498,4.1039767,0.07287993,7.8181286,1.200104,40.734985,5.7555677e-05,11.908554,2.5268075,3.520635,78.99875,1.4069606,0.020118754,0.0021059983,0.17959107,2.1153688,0.011093403,0.0808168,0.011610412
1.3355145,0.00026797998,3.4772875,0.084672675,8.000158,1.0459412,42.331383,5.394852e-05,9.320773,2.2965424,3.4034731,68.40165,1.2357863,0.017901825,0.0021178017,0.16793934,1.9254586,0.010627779,0.074041866,0.010745751
1.343273,0.00030197535,3.276125,0.09118871,8.109189,1.0460626,44.734055,5.4843204e-05,9.364543,2.2460635,3.4010684,68.27265,1.2783409,0.01557382,0.0018129605,0.15913735,1.7914321,0.010553519,0.07081951,0.01057344
1.1472465,0.00030315196,6.57309,0.08404149,12.304411,2.4854639,46.41335,7.9046134e-05,18.25534,5.923882,3.5612571,148.15895,3.6319075,0.032823827,0.0034173806,0.20203495,3.3602316,0.015471883,0.10007645,0.01166076
1.1338292,0.0002884602,6.853882,0.055599853,11.418168,2.1654005,44.3365,8.943083e-05,29.867292,4.9959984,3.2892032,131.52573,3.0643659,0.027444765,0.003752277,0.21251608,3.6747026,0.014678207,0.087702066,0.01241756
1.0794003,0.00027303575,7.622232,0.070083074,10.879551,2.3137555,43.309208,8.832161e-05,42.116135,6.294841,3.6835434,141.24905,3.9928458,0.024043456,0.0040293355,0.23375727,4.2289433,0.0186362,0.08084285,0.016485045
1.2827781,0.00026341772,3.1047118,0.07784692,8.726747,0.9506461,47.61498,5.415095e-05,10.641243,1.9906743,3.3516746,66.67059,1.1272873,0.016924417,0.0020007284,0.14468788,1.768392,0.00941453,0.052789006,0.010161829
1.231504,0.00032038026,2.864302,0.077746496,9.328217,1.8692307,38.391953,7.1807204e-05,19.027178,2.7531035,2.3467796,64.317505,1.212638,0.016390398,0.0015803381,0.17060375,1.553662,0.017058885,0.06807984,0.009378855
1.2292973,0.0002919535,2.6048615,0.08833942,8.34153,1.5322607,34.709133,6.051389e-05,17.084295,2.6093497,2.4959722,52.056217,1.2907488,0.016227959,0.0019813352,0.16536029,1.5094993,0.013585868,0.062904164,0.0073878122
1.2149116,0.0003375909,2.7333686,0.07448392,9.736492,1.874617,43.918175,7.441969e-05,18.296818,2.8881764,2.3385391,63.69019,1.1815581,0.01674548,0.0014499252,0.180079,1.4845642,0.017674556,0.0794524,0.00934944
1.3068943,0.00028837816,3.0440927,0.09277131,9.163065,1.8785827,37.797306,6.8740206e-05,19.098263,2.9789302,2.3806977,67.23092,1.4821122,0.013665643,0.0017894405,0.16391155,1.7578657,0.016843691,0.0669149,0.008582839
1.3732587,0.00025414745,2.7019222,0.07241462,7.916963,1.3499864,35.00218,4.647219e-05,14.232388,2.3641093,2.6964204,55.254986,1.2091725,0.02132827,0.0017341109,0.1256634,1.1377654,0.008249427,0.08886105,0.0064865123
0.979884,0.0003346729,3.247736,0.06908098,8.175795,1.8328276,30.684347,6.592576e-05,18.476803,3.7177637,2.0486906,67.01444,1.9919963,0.0145832095,0.0024501013,0.14515392,2.2839522,0.01422073,0.054545183,0.00757583
1.244461,0.00028747643,2.1770298,0.051738862,9.576347,1.7585446,37.39051,6.121622e-05,18.052406,2.6050544,2.893087,50.533585,0.910417,0.013849338,0.0009905422,0.17309135,1.1129985,0.016980655,0.06397481,0.0069835926
1.2959294,0.0003091817,3.1586094,0.09652603,9.299024,2.083991,37.786797,7.053898e-05,20.841803,3.259162,2.4606047,69.47632,1.5995371,0.014205914,0.0017425714,0.17182097,1.8314629,0.018139588,0.07383528,0.008856476
1.0003848,0.0003034179,2.530386,0.09593718,9.098931,1.8978598,32.627293,6.776672e-05,18.820381,3.6030424,2.058124,54.139633,1.8465159,0.0133363,0.0019082319,0.15407264,1.5509686,0.018675206,0.07986679,0.009530271
1.1561756,0.00028944667,3.0268044,0.07932467,7.9069333,1.9307115,29.732533,5.688102e-05,15.00632,3.1704426,2.281228,56.094337,1.4394274,0.016148575,0.0018604242,0.18584235,1.3557438,0.010322531,0.052588135,0.0071560075
1.4613893,0.00023617796,3.3678393,0.07697,8.817423,1.8110836,43.155857,5.4688935e-05,15.203271,2.8488836,1.8804111,68.97985,1.4138788,0.012800772,0.0020337957,0.18065134,1.4154501,0.011196378,0.06164239,0.009449247
1.1541325,0.00034730087,2.7220838,0.090451024,10.155467,2.2025204,37.226765,6.809826e-05,19.115936,3.897374,2.4510558,57.46461,1.6739928,0.01554031,0.0017505302,0.20402351,1.5745486,0.015932309,0.05982725,0.007598277
1.3113381,0.00029110492,2.625102,0.084648155,8.894302,1.5795197,30.017365,5.9014932e-05,15.942333,2.7240407,2.2747803,52.825466,1.4878178,0.010899889,0.0022327409,0.1597718,1.5303191,0.012250082,0.06250916,0.008400219
1.2986838,0.00020167526,2.150291,0.09127703,8.589903,1.1822501,30.089756,5.1101575e-05,15.017419,1.8285418,2.157545,50.275963,0.98473424,0.010517072,0.002131,0.13064869,1.0567982,0.012909343,0.08806695,0.01033904
1.3022214,0.00034653457,4.10534,0.12582667,9.229035,1.9171473,31.784185,6.3174826e-05,14.539554,3.6129866,1.9870117,83.44237,1.7239988,0.013681898,0.0016801684,0.18965541,2.6382773,0.016241107,0.10699639,0.00889574
0.96771663,0.00022173548,2.1996171,0.105011694,7.187993,1.2487103,22.989546,4.805175e-05,15.10656,2.1564817,2.2773535,53.31859,1.1223418,0.012779289,0.0017942531,0.105004326,0.877733,0.01277859,0.119896576,0.011337405
1.1716348,0.00020899615,1.9081243,0.10096733,8.86704,1.0160458,27.702234,5.337362e-05,17.815939,1.7671764,2.028645,42.244137,0.9634702,0.011371476,0.00245632,0.11130487,1.0109457,0.014794,0.08961178,0.011271848
1.0744705,0.00021737957,2.193284,0.101205684,7.697308,1.1901807,23.17797,4.8694983e-05,15.077045,2.042923,2.1386025,50.8137,1.0855575,0.012876474,0.002025215,0.10697305,1.0250844,0.01334966,0.10231437,0.010859145
1.0516294,7.022168e-05,1.1735824,0.04642332,7.4462266,0.6757672,28.749647,2.6797004e-05,10.844775,1.0695474,1.6142236,29.830713,0.4337175,0.008581404,0.0011032503,0.053898707,0.3898529,0.0103432005,0.09230484,0.010417249
1.28505,0.00019730869,2.2583933,0.05229779,9.180516,1.2613508,33.112816,5.8769187e-05,13.563314,2.4486392,5.017359,39.904816,0.63158375,0.0156535,0.00093824335,0.18900038,1.1961277,0.019699166,0.09802702,0.007936286
1.2629913,0.00033236796,3.659834,0.061673965,7.146861,1.2079625,27.841873,5.052185e-05,18.445543,2.057713,5.231599,71.18619,1.0610496,0.02117402,0.00087320956,0.18287942,1.9878757,0.011400187,0.090504155,0.0076858476
1.4006797,0.0002622567,3.0758674,0.06886309,9.741002,1.2606862,34.780006,5.0560437e-05,15.819443,2.6659074,4.2289433,53.982994,1.2116672,0.013151819,0.0015569342,0.13970271,1.8541499,0.014341404,0.07104349,0.0075429995
1.3586204,0.0003153355,3.5945532,0.06843642,6.8166943,1.2064079,26.64208,6.541527e-05,10.980916,1.4692146,2.6103954,74.62678,0.53832525,0.01652244,0.0010556305,0.20054026,1.907257,0.016097454,0.107713014,0.01098743
1.3447369,0.00036228448,3.2929478,0.06423623,8.059629,1.3487653,33.886395,6.0971975e-05,15.407095,2.1496649,3.2678084,68.64745,0.9166607,0.017560337,0.0011500003,0.19191961,1.9243473,0.0121812755,0.07418448,0.00808737
0.93546784,0.00026342593,3.2114193,0.09953015,3.3825455,1.2154226,19.03663,6.2004765e-05,11.973779,1.4470555,3.2803621,65.84211,0.8253938,0.029586438,0.0016304936,0.10857604,1.4090817,0.015888603,0.15675803,0.009930495
1.1200377,0.00028941018,4.6627836,0.070517115,4.438127,1.3485851,20.949387,5.4023752e-05,12.183438,2.808213,3.1897156,87.465,1.2228409,0.022434263,0.0021264448,0.14511472,2.929864,0.0129060075,0.050042372,0.009872386
1.3227482,0.00021047008,2.2567976,0.076050475,9.221704,0.989619,33.451374,4.495985e-05,14.027529,1.8433,3.95429,40.73371,0.96818006,0.012184853,0.0012775261,0.13894907,1.1770456,0.013800936,0.08489842,0.008474092
1.356569,0.00013731138,1.5582025,0.034588117,8.024928,0.7934002,26.094444,3.7380774e-05,7.0589757,1.6337044,2.0770266,34.220676,0.7703423,0.010247062,0.0017696484,0.0592219,1.2318811,0.0072829574,0.035174273,0.004198858
1.4807569,0.00030818608,4.83701,0.057887983,8.075446,1.4450798,36.44087,7.127451e-05,8.279461,2.4621804,2.6743822,112.5088,1.0008014,0.019721536,0.0011937367,0.23326677,2.2688618,0.012910277,0.092067994,0.011288863
1.3729209,0.00024195055,2.5433526,0.081239864,6.2311993,0.8290691,31.635265,6.181661e-05,11.607134,1.5276992,3.7717924,53.7222,0.82623434,0.023217596,0.0016374764,0.16553918,1.6634163,0.018103449,0.08476714,0.0122700315
1.5206325,0.0002649576,2.775205,0.050582115,10.227511,1.0915359,37.8627,5.3021824e-05,14.094432,2.0275338,4.775984,53.028168,0.8076697,0.012281792,0.00096972677,0.13901915,1.6038977,0.017329082,0.08213615,0.0076710912
1.5078962,0.0002395876,3.449515,0.07710895,8.60693,1.1939391,42.32704,4.969272e-05,16.959047,2.204813,3.51278,66.71237,0.8793908,0.014310694,0.00085692044,0.17179438,1.6900412,0.018043434,0.0993448,0.00969759
1.4609711,0.00021699039,3.1457114,0.041960012,10.122646,1.3682237,35.687214,5.3228567e-05,29.615133,2.150872,3.973417,58.87727,0.9442497,0.013174426,0.0011606846,0.18489768,1.9459738,0.02005409,0.066399656,0.0074907322
1.5231032,0.00026618148,3.2492008,0.072084986,11.527897,1.1949105,59.546776,5.467846e-05,14.115287,2.5544968,5.059701,72.10605,1.3218699,0.0132729225,0.0013517743,0.18876342,1.4903095,0.015688218,0.111817144,0.012922345
1.2676198,0.00028583186,4.050734,0.061877336,11.165888,1.4935076,56.13066,5.6117056e-05,14.938758,4.1636543,4.365392,87.64861,2.0112326,0.017027551,0.0016626497,0.18612291,2.006464,0.01419815,0.09180428,0.0107854
1.0046531,0.00029388073,2.8158875,0.10784601,10.3473215,1.3318883,48.54935,6.966281e-05,21.552908,3.0378866,2.8429463,61.03676,1.4880446,0.021824798,0.002252028,0.17344818,1.7114478,0.014959056,0.13847269,0.014168147
1.0444593,0.00028737017,3.3971815,0.084359355,11.143445,1.5432988,53.899548,6.549217e-05,23.54675,3.5070267,2.4734952,74.4199,1.9152569,0.022331892,0.0024434926,0.19332634,2.0017548,0.01512772,0.117859185,0.01366577
1.1453004,0.00026940854,2.0235877,0.08050691,10.554174,1.1760947,47.77557,5.0441e-05,29.633635,2.5442228,2.7499206,54.406162,1.1846833,0.018843291,0.0019607437,0.13166447,1.0834658,0.012494751,0.11776284,0.01213458
1.4623196,0.00023311547,3.4004421,0.08029867,12.678064,1.4648283,61.951874,6.632033e-05,13.769541,2.6818624,3.9310508,75.14808,1.4153789,0.017292937,0.0021516976,0.19597843,1.6294229,0.014670111,0.10511812,0.015594018
1.3891091,0.00023681011,2.8701007,0.12088816,10.518781,0.987447,54.048595,5.898715e-05,12.681763,1.9790013,4.2680974,64.01206,1.004658,0.019014623,0.0015033506,0.17557847,1.5244741,0.017643075,0.11602502,0.014748266
1.3890842,0.00019811155,3.25759,0.059549496,10.085036,1.3306653,55.591328,5.0159157e-05,10.919067,2.455704,3.400708,74.10969,1.1432779,0.014772714,0.0015813932,0.1669626,1.2755028,0.011548704,0.120033644,0.013225373
1.3771182,0.0002606829,3.1720145,0.07952937,10.043109,1.1040754,51.68717,5.8438876e-05,11.65344,2.2855797,6.743963,59.11822,0.83178955,0.016429896,0.0012984691,0.20585227,1.2893707,0.010562357,0.078288056,0.011081137
1.2785759,0.00019665326,3.5904393,0.046461374,8.563246,1.5290128,49.04926,4.3826116e-05,10.040589,2.7914457,2.178925,82.82595,1.3572536,0.013776048,0.0016356978,0.13260972,1.1622463,0.006542942,0.11279147,0.009495286
1.3476189,0.00029352686,3.023999,0.09457892,9.310599,1.4092424,44.21061,5.317996e-05,12.685184,3.060792,3.1454217,66.76529,1.5361208,0.021149367,0.0022287273,0.14605431,1.7691876,0.012047652,0.060759977,0.010790972
1.1269565,0.00025491157,3.116682,0.123720914,9.561557,1.604787,44.241528,6.420935e-05,13.588232,3.7412767,4.2517343,61.51843,1.8611102,0.020363895,0.0024105026,0.15841295,1.5073897,0.014299433,0.10776198,0.0129835
1.2237457,0.00029602653,2.8167343,0.11376196,9.30754,1.2667286,46.109615,5.757392e-05,12.40502,2.2773998,4.110393,60.58952,1.1582736,0.022942195,0.0015995111,0.16785017,1.3323474,0.012191372,0.112554565,0.010625359
1.361072,0.00031201154,3.1606877,0.11677276,10.923498,1.6265552,56.561096,7.231205e-05,13.492937,2.7296839,2.7378287,66.49285,1.3222041,0.020828253,0.0025039534,0.22052056,1.539561,0.013082666,0.11048482,0.012854825
1.4330617,0.00023307101,3.3319964,0.09379625,11.998728,1.3352304,62.259808,6.0516904e-05,15.146084,2.2677875,3.2857816,66.51017,1.35698,0.017053368,0.0023544577,0.20003729,1.7626165,0.016120907,0.11841611,0.015260436
1.3133948,0.00018297874,2.5870957,0.064331986,9.743478,1.2141459,53.04168,4.78867e-05,11.059185,1.8269082,4.5225897,61.69858,0.56103027,0.017036026,0.0007941469,0.14556934,0.81102556,0.009533021,0.12217093,0.01190759
1.3049394,0.00020352294,3.145659,0.06540572,10.382223,1.2765412,57.489315,5.136819e-05,10.035392,2.4597843,3.6649976,67.3461,1.0643668,0.014836082,0.0012719745,0.15904166,1.1233696,0.0102466345,0.11775408,0.012477511
1.1654228,0.0002975495,3.664381,0.14409351,10.086608,1.4757663,47.491703,6.9269874e-05,14.36721,3.4791558,4.9443836,69.57798,1.756005,0.025421552,0.0020326644,0.20141335,1.5585467,0.013471562,0.13154654,0.014448247
1.4426771,0.0003128929,3.6434672,0.11269139,10.813959,1.6269392,55.645195,6.695266e-05,13.066094,2.8548877,2.9732702,83.14294,1.5431421,0.020103123,0.0022363064,0.17274162,1.8143845,0.016246859,0.10545586,0.013515055
1.5239847,0.00021780419,2.9703794,0.07894328,10.950094,1.0355432,53.77394,4.7472087e-05,12.291904,2.1405325,3.9152043,68.77299,1.0305519,0.017567536,0.0015599551,0.16848841,1.5725819,0.013446245,0.09155193,0.011537569
1.5563506,0.00027320904,3.2635858,0.11819387,10.66044,1.0608804,48.991215,5.690112e-05,10.973547,1.9490683,3.4611566,72.8028,1.3055102,0.021885272,0.0019257985,0.18560752,1.864697,0.012977105,0.078267984,0.013184128
1.3578596,0.0002770278,3.4666743,0.10512511,11.960149,1.7017047,53.840446,5.5367458e-05,26.147404,2.5998309,3.3117294,71.72951,0.9034972,0.02235934,0.001651952,0.22492841,1.3555319,0.014189445,0.11364342,0.01565719
1.3189611,0.00016148058,2.3317132,0.03872944,8.488522,1.3137964,49.6648,3.7713562e-05,10.291817,1.9891235,3.9033449,58.38509,0.61118853,0.013385683,0.00054696103,0.11731427,0.6106501,0.008330978,0.1357902,0.0108346
1.32429,0.00011884834,1.9752104,0.03131782,9.0533285,1.1967626,54.75801,3.598768e-05,9.126544,1.6085216,3.676903,48.660294,0.435456,0.010374611,0.0003225061,0.11463293,0.446773,0.007498261,0.14225718,0.010856524
1.5585332,0.00030641127,2.8887277,0.080987096,7.9336095,1.1505772,36.233047,6.332303e-05,13.443535,1.2198268,3.892408,61.22898,0.2600661,0.022581952,0.00042836997,0.20668395,1.2076159,0.01377532,0.12940647,0.00725402
1.6608588,0.00030445587,2.7817051,0.07359539,7.7831445,1.1511658,36.52731,6.501684e-05,13.41381,1.236307,3.9888973,62.686752,0.3334921,0.021330118,0.00046016398,0.23032917,1.1525972,0.01554287,0.13880533,0.008438756
1.3633165,7.8922094e-05,1.3722867,0.027076676,9.237597,1.0541791,35.821476,5.2320014e-05,7.749234,1.7552227,5.257389,33.87059,0.54000384,0.008202796,0.00066800177,0.1641525,0.77426124,0.0123303,0.11842608,0.010179285
0.9002451,0.00023896425,1.8431587,0.11347046,8.004701,1.1524425,17.876638,5.61141e-05,18.692091,2.415795,4.814096,28.011978,0.81231356,0.014402773,0.0017270383,0.16413864,0.94624966,0.014685815,0.13004717,0.011798312
1.0646529,0.00023013893,2.0788357,0.07135445,8.363691,1.0037136,43.533695,4.599443e-05,9.228174,1.1632401,1.0503426,47.26548,0.5855686,0.02722873,0.0015332685,0.15313433,0.49020672,0.012027304,0.10586805,0.014138585
0.77139896,0.00019861656,1.5180871,0.08667225,6.995442,0.9866534,14.17248,4.726133e-05,16.847563,2.314595,4.4427276,24.443733,0.8047467,0.010506555,0.0018350863,0.1313377,0.7143357,0.012743254,0.12262405,0.010565604
1.4267406,0.00033138823,3.3818295,0.10664485,7.6652713,1.2479037,36.12467,6.7376764e-05,10.622245,1.3623464,5.1582556,69.267365,0.31981835,0.02875789,0.000634186,0.23448817,1.1361685,0.017575542,0.12689999,0.0107594915
1.1746433,0.0003254291,3.1038404,0.08370547,6.9359746,1.1436116,38.73122,7.222448e-05,9.158874,1.6165373,2.0037234,68.96453,0.764129,0.023442036,0.0017061745,0.21550964,1.2862412,0.013619731,0.11286572,0.013538648
1.2288861,0.00016651343,1.4004436,0.051411662,2.6468494,1.3161609,17.871517,4.700279e-05,10.053013,1.5540692,3.4145956,67.02084,0.35176808,0.01599171,0.00078326307,0.03587892,0.84084046,0.014223595,0.1273671,0.006666687
0.9100991,0.00024706268,3.8610482,0.05233006,7.026043,1.7386711,18.945927,5.3781583e-05,14.532095,3.138007,3.9421446,86.61251,1.1273808,0.02337557,0.0016109572,0.18375084,1.4737581,0.015966376,0.12209295,0.012635437
0.994844,0.0002906035,2.6791847,0.096570306,8.217957,1.0935206,47.07977,5.98512e-05,12.306951,1.5465676,2.312045,57.85242,0.82252,0.031199073,0.0015012461,0.20088239,0.718216,0.016322413,0.135938,0.01647628
0.964416,0.0002541476,3.0278306,0.09929024,7.434338,1.0611802,33.794895,4.3904398e-05,9.889551,1.2402396,2.5839546,60.675873,0.61087453,0.037215274,0.0018534476,0.10367844,0.75031155,0.012972166,0.12721258,0.016042568
1.0515704,0.00031071797,2.6597867,0.13900843,7.659127,0.9166602,37.574905,5.35326e-05,10.305798,1.0618562,3.08402,53.477474,0.49422958,0.04031304,0.0020057065,0.15385437,0.8190196,0.013756438,0.12062885,0.016638312
1.1475145,0.00029509913,3.0364285,0.08152508,7.5939093,1.1660656,46.992912,6.726117e-05,10.460084,1.4547164,2.3634987,67.72291,0.73895746,0.02427304,0.0013405272,0.2203111,1.0046864,0.014948381,0.12186336,0.014526603
1.5641983,0.0003159021,2.8749769,0.089414865,8.888457,1.344745,42.128445,7.024524e-05,12.268726,1.7856596,4.1557603,60.9068,0.6601948,0.025198484,0.00065078225,0.23295428,1.2167028,0.0137924645,0.16849959,0.009866705
1.5621827,0.0003113596,2.9683094,0.07529818,8.053771,1.2089694,34.711838,6.09374e-05,14.424469,1.4148625,3.6055377,64.408585,0.39730632,0.02435724,0.0005276551,0.19962262,1.3442217,0.014083497,0.13447854,0.006519739
1.5331421,0.000326038,3.3024676,0.085404,7.785179,1.3173118,36.06937,6.630826e-05,13.660911,1.4527212,4.8687477,73.02901,0.32687607,0.026332911,0.00042710835,0.22667317,1.2255349,0.017062439,0.1446643,0.009687386
1.4628291,0.00039381863,2.6950269,0.14604574,9.894002,1.19494,39.526016,5.370336e-05,37.862938,1.6878568,4.631965,59.950867,0.33222452,0.030770956,0.00074817316,0.10622746,1.0691972,0.01403906,0.1367041,0.007318352
0.9821179,0.00026933235,1.8172505,0.13019693,9.00981,1.1480881,21.372398,6.0740378e-05,19.321156,2.0305545,4.537467,29.028164,0.69827944,0.015597005,0.0013264117,0.18416512,1.0283475,0.015743854,0.11732229,0.012212174
1.1907815,0.0003035533,3.047597,0.0863219,7.0032816,1.0789648,38.845314,6.567278e-05,8.832803,1.5274117,1.996218,68.59957,0.7699452,0.022940734,0.0016755734,0.2042074,1.195857,0.013771752,0.10874009,0.013836703
1.0240203,0.00031946122,2.6938908,0.089434564,6.7947755,1.0568857,34.5372,6.955246e-05,10.16724,1.5813614,2.1894984,56.010933,0.7675701,0.02873887,0.0020462985,0.1996811,1.117373,0.0137482565,0.11819573,0.013310847
0.892658,0.00027729638,2.4082527,0.11925719,7.149118,0.9044216,28.413069,4.3237174e-05,10.49864,1.0056283,3.2782764,45.58229,0.45389757,0.04683306,0.0020045904,0.099935636,0.6395249,0.013384376,0.12547502,0.017057292
0.87426394,0.0002908263,2.278132,0.12236185,7.299083,0.9156981,35.54402,4.8177048e-05,11.245922,1.2311823,2.8422086,46.90073,0.6470058,0.04164606,0.0020073717,0.1317188,0.54049134,0.014102727,0.14048058,0.01758606
1.1147627,0.0003015425,2.791553,0.10648248,7.579429,1.0150863,42.403072,6.16823e-05,9.820518,1.3360459,2.387816,61.000206,0.6958048,0.02781638,0.0017710126,0.1963525,0.93004906,0.014116954,0.114345685,0.015517582
1.1833318,0.00030358884,3.2265866,0.097801484,6.693638,1.0808005,35.196106,6.198117e-05,8.450426,1.45764,2.341807,69.359276,0.6806409,0.023922829,0.0016734902,0.17563552,1.2139956,0.013025539,0.11066016,0.013846896
1.0369521,0.00025874967,1.8781934,0.1352943,7.3798833,0.8697241,27.417894,5.6973364e-05,9.505205,1.3801688,2.767722,45.114723,0.92355585,0.031043228,0.0047488264,0.12354641,1.1007494,0.007776221,0.105620325,0.012158899
1.350657,0.0003687301,2.5102665,0.13376957,9.611401,1.2423971,38.631756,5.4076987e-05,34.29365,1.649422,4.602175,55.09154,0.25600684,0.025443094,0.00048588915,0.103919804,0.8276546,0.013113706,0.15007095,0.008109923
0.9439301,0.00029901226,4.98645,0.07112374,4.638654,3.1490676,9.212411,5.6204182e-05,20.159409,3.8120513,2.4766817,105.989555,1.3739759,0.02100763,0.0011851742,0.15119717,1.9968127,0.017118484,0.13377222,0.006794447
1.616273,0.00036408452,3.1205382,0.07094075,8.779982,1.4481276,44.684418,7.464837e-05,12.538562,1.9212888,4.1116753,66.18345,0.69806296,0.023623087,0.0005925643,0.25824475,1.240317,0.012744271,0.17756477,0.008422591
1.5256326,0.00029965746,3.1182537,0.0672882,7.571536,1.4368352,33.579422,6.353733e-05,13.462493,1.6553948,3.4541185,70.77026,0.54101187,0.023086118,0.0005961025,0.21784845,1.2710018,0.015043103,0.14932339,0.007886422
1.2013961,9.642998e-05,1.9221971,0.039626602,9.415447,0.98359716,45.7823,3.235863e-05,6.561646,1.444528,1.3784323,44.235355,0.63462985,0.0146723585,0.0008248111,0.09828055,0.57566446,0.01091348,0.08819479,0.011194917
1.196968,0.00021912987,2.7348537,0.07606299,8.358814,1.0635107,52.208405,4.9180515e-05,10.406774,1.222601,2.1469793,61.55854,0.6040363,0.023853892,0.0010739439,0.18421389,0.6927986,0.015395955,0.11723135,0.014824567
1.0155786,0.00033569973,2.0103018,0.15714626,8.071768,0.87112385,43.865707,3.840361e-05,11.471033,0.84191924,2.732871,43.295975,0.34130034,0.05191702,0.0020804123,0.15148039,0.42536065,0.013845453,0.09209771,0.01894647
0.968759,0.00028466445,2.6733057,0.09129114,7.478201,1.6301154,23.367783,5.484476e-05,24.694757,3.082103,4.7355237,53.91894,0.65654945,0.018013803,0.0007901925,0.14271645,0.91636723,0.01625733,0.15363617,0.009115549
1.4385369,0.00025329334,2.962501,0.05614791,9.654357,1.2013587,37.0272,6.871805e-05,10.698211,1.7930474,3.1761897,53.660503,0.7262903,0.01897929,0.0018502022,0.18266363,1.5899506,0.012562551,0.080764644,0.0077850614
1.1820605,0.0003240019,3.1080458,0.09618005,7.206727,1.0884293,40.81565,6.73156e-05,9.416088,1.4367712,2.1897814,68.37992,0.70191514,0.025544267,0.0016999816,0.20728706,1.1617393,0.013758491,0.11108477,0.014401057
1.0597372,0.0002737219,2.196015,0.113852374,8.516651,0.96868867,45.897102,3.987742e-05,9.731022,1.1868188,2.6928914,46.494255,0.5213102,0.03501266,0.001349232,0.14153102,0.56663007,0.014824873,0.088741526,0.015856784
0.9551,0.0002036824,2.3090022,0.07030048,6.934368,1.2436163,36.064877,4.2722186e-05,7.6041727,1.4301782,2.0477455,48.009605,0.6403128,0.02247736,0.0010890173,0.12078805,0.47496295,0.013910909,0.111388296,0.014627815
0.93142176,0.00024941156,2.5038621,0.104624964,7.446834,1.4929887,20.524586,5.2901298e-05,20.412441,3.1412504,3.4744065,50.27202,0.76993376,0.020513033,0.0014665654,0.12119396,1.0522274,0.01414767,0.14054814,0.007623104
1.6472812,0.00028414972,2.6946437,0.079756364,8.502329,1.0145174,38.387016,6.399892e-05,15.316804,1.1492839,3.787639,61.510494,0.3031476,0.02176877,0.00037278098,0.2305632,1.2010993,0.016677365,0.13738677,0.009826305
1.8237079,0.00013351813,0.8859831,0.038026832,10.087148,0.817187,33.718655,4.1914096e-05,8.935131,0.52493125,1.6493689,28.179138,0.26230454,0.013590162,0.001192283,0.09798034,0.65003633,0.009661752,0.09093934,0.0053539593
1.1372764,0.0002744383,4.4510317,0.038354173,7.422041,1.5222933,40.824677,6.985391e-05,9.128937,1.8281484,2.3391445,88.79632,0.86590517,0.015452972,0.00094187434,0.20685601,1.4258504,0.01544006,0.14953512,0.012846455
1.1938573,0.00023314913,2.516346,0.07906083,8.149685,1.138487,36.06141,6.250379e-05,11.278559,2.4609294,5.8195357,49.125427,1.0128886,0.025119241,0.0005621971,0.18900448,1.3508338,0.013069742,0.11367319,0.010198908
1.4462075,0.0002668754,3.4941907,0.05665078,7.768686,1.7932332,38.347412,5.9994974e-05,13.062898,3.1784582,3.405057,74.48593,1.5215939,0.016262826,0.0020036777,0.1937476,1.7083455,0.010884492,0.06915527,0.008603617
1.0065668,0.00018963538,1.6439224,0.06202975,7.606015,1.24422,26.814655,4.987904e-05,15.3932295,2.1725924,5.7149467,31.377005,0.61802137,0.01515208,0.0010299458,0.1917067,0.55376196,0.014762775,0.11998286,0.013319183
1.0699563,0.00029381653,2.4132292,0.08571237,9.154255,1.455707,27.017742,5.4707536e-05,21.806965,3.1197622,4.1507835,58.88526,0.7805643,0.018484464,0.0010435873,0.118898585,1.0907549,0.014565388,0.15159738,0.007179321
0.81091505,0.0002612678,2.310835,0.08876502,6.9731297,1.5561424,15.8352,5.8949914e-05,19.134413,3.2704928,2.9602184,44.480515,1.008415,0.016663302,0.0021452154,0.13350883,1.1359295,0.013719996,0.114582956,0.0072438763
1.0474542,0.00026248023,2.1218398,0.08920465,9.310338,1.3846062,26.923094,5.5089615e-05,18.786509,3.0918698,3.3619409,55.39463,0.8499353,0.017640838,0.0013757702,0.10765356,1.0882859,0.013571284,0.13253254,0.006452323
0.8794599,0.00022087773,2.2353532,0.08182749,7.2696366,1.7386383,20.71167,4.7245954e-05,16.316656,4.277226,3.378132,47.816082,1.269219,0.012773272,0.001720226,0.09321192,0.84279424,0.011766174,0.12885109,0.006489321
1.009238,0.00025418642,2.285325,0.084491506,9.002311,1.4612502,25.792719,5.5874127e-05,18.051771,3.2993922,2.9350705,57.313534,0.9569129,0.018184867,0.0016351865,0.115097,1.1980065,0.013230589,0.12859634,0.0061514983
1.0350326,0.00027434045,2.3148444,0.08735894,8.362587,1.4861828,24.507753,4.9906714e-05,19.148138,3.2027988,3.9303617,51.92544,0.788453,0.017862253,0.0012621447,0.106636874,0.9553294,0.012917109,0.14768599,0.0072987857
1.468011,0.00036436404,3.3763075,0.07806599,7.2354097,1.3283758,31.576988,7.1989074e-05,12.991449,1.9465755,3.5979729,73.3729,0.811735,0.021157365,0.0008465505,0.23553814,1.7111118,0.011579209,0.095615156,0.005499568
1.3866359,0.00016589413,2.2641513,0.076306835,10.295394,1.0245436,55.191994,3.312308e-05,9.863376,1.1621864,1.7140611,54.896336,0.39831468,0.024331426,0.0008963567,0.14637108,0.67724985,0.012915365,0.0910535,0.012901206
1.1108495,0.0003143749,2.948981,0.0838449,6.858439,1.0893376,35.845078,7.136211e-05,9.236946,1.5995914,2.0634236,62.972923,0.75155103,0.025237331,0.001883727,0.2088018,1.2553536,0.014160547,0.115986474,0.013792789
1.5027349,0.00019224969,1.7272084,0.06305181,8.914189,0.74291164,25.389727,3.879501e-05,14.246442,0.8358938,1.4822782,36.080643,0.5326273,0.013087625,0.0014287314,0.11786893,0.93757766,0.0077720135,0.06426458,0.0066165347
1.5487648,0.00023641714,2.4420738,0.054272417,12.373836,1.3279737,65.232056,6.0211234e-05,17.780212,2.200895,3.695095,59.894703,0.77398145,0.014789297,0.0014087622,0.19647853,1.086727,0.011700187,0.06301415,0.009084732
1.1487964,0.00037533892,3.2529876,0.09741949,10.47844,1.7239393,50.130245,7.9053396e-05,17.073524,3.6125834,4.157803,72.91236,1.3163717,0.022223664,0.0012590738,0.21856596,1.7735909,0.020900877,0.113592036,0.0120747695
1.1338384,0.00047458772,7.565702,0.13513713,8.752129,2.5940466,49.674175,0.000110200264,24.297693,6.983422,3.2415345,149.08554,3.1369567,0.03139608,0.0036576428,0.36066625,3.8519883,0.022402396,0.16428037,0.025836438
1.3293768,0.00041183276,5.1358943,0.13463344,9.448604,1.9301039,47.574017,9.751663e-05,19.215101,3.9663408,4.5319943,108.829124,1.3911319,0.028707292,0.0022908987,0.27734488,2.5630512,0.020033924,0.13088703,0.017589005
1.2666178,0.00040120486,5.52562,0.15640455,9.085144,2.1778393,47.679943,9.961017e-05,26.114317,4.9161024,3.4439955,125.52916,1.8220755,0.03042801,0.0026957656,0.28414714,2.5946052,0.022435686,0.17167215,0.021789886
1.2718226,0.0003874334,5.007341,0.15188336,8.89885,2.1325521,47.406094,9.757133e-05,22.029995,4.775766,3.7302315,115.470825,1.7660065,0.030386575,0.0026560032,0.27283704,2.3424704,0.021341985,0.16291967,0.020140378
1.2301502,0.00032804787,4.4674163,0.07503317,11.537841,2.0160165,49.206867,7.439263e-05,17.057837,4.483998,2.9022791,100.240166,1.7968818,0.018199503,0.0019834603,0.20411506,2.4842627,0.023125516,0.11625438,0.0116994465
1.34603,0.00029339563,3.3702781,0.10841351,10.503228,1.6764506,55.82979,8.60216e-05,18.658607,3.9438455,3.943569,77.95519,1.2632345,0.021616794,0.0025571045,0.19575001,1.7859935,0.016737955,0.1554283,0.01739136
1.3391317,0.00029959026,2.8382251,0.0670868,8.599942,1.5471122,44.623653,7.604309e-05,15.169169,2.614406,4.0221295,67.27072,0.93334985,0.016429795,0.0012943315,0.21381994,1.6093231,0.018203732,0.0966176,0.011549503
0.73400426,0.0002449404,1.754133,0.0919659,7.852011,0.87468606,27.28896,5.1224753e-05,22.971357,1.7491406,2.2848525,38.683205,0.7796781,0.014937999,0.0020566138,0.106338814,0.5946681,0.014593949,0.12076306,0.011340804
1.1979504,0.00047451098,6.393021,0.12261417,8.093202,2.6871736,49.520935,8.963371e-05,18.596796,6.511962,3.0804262,128.3244,2.6364715,0.026552733,0.0026479242,0.28636992,3.2749605,0.0188561,0.12965104,0.018157337
1.5653473,0.00018005504,2.153832,0.043849085,9.058375,1.0342772,33.883537,5.186469e-05,16.955235,1.1831982,3.360853,45.374287,0.47653773,0.0128298905,0.0016656629,0.18837637,1.0814911,0.012200666,0.081765406,0.0113218
1.6730024,0.00017450453,1.4544144,0.056123853,10.721604,0.824404,43.19347,5.1336858e-05,13.438146,1.0494968,4.113193,36.775246,0.36048582,0.016078554,0.001419622,0.16766624,0.81133366,0.012816494,0.08605463,0.010079621
0.9225001,0.00010123443,1.3922038,0.06279847,5.4882927,0.92371774,25.200377,3.51871e-05,11.126606,1.5006671,1.3221939,41.36776,0.6191385,0.008515851,0.0022564793,0.053618826,0.55170137,0.013800406,0.11694016,0.009691998
1.2757894,0.0003421441,2.3654428,0.09536705,9.85639,1.4555905,46.894978,7.092214e-05,15.371585,2.670079,3.961748,58.342926,0.9842095,0.021229539,0.001216465,0.1877713,1.1977335,0.016491033,0.107842214,0.0114693865
1.3647934,0.0003096511,2.2767503,0.10327143,9.586986,1.1482044,35.790504,6.118269e-05,13.413547,1.3873132,2.9196568,49.12673,0.43799478,0.015843403,0.0009794172,0.1646122,1.1592222,0.016643131,0.14075121,0.011790223
1.4585359,0.00027467677,1.6161572,0.13068286,9.938953,0.73165655,37.1954,4.8512655e-05,21.320486,0.69770765,2.3697648,34.289623,0.18247825,0.01693601,0.0009075471,0.12694871,0.7612716,0.012554582,0.08072473,0.011381849
1.2928201,0.0003240737,2.5357695,0.07282153,10.881804,1.4545819,41.57735,6.0490514e-05,13.657088,2.3231833,2.6996033,61.448566,0.96810514,0.014586545,0.0012226065,0.16355269,1.3419652,0.021025822,0.15390196,0.012026558
1.2356713,0.00029844837,3.9530442,0.07371428,9.018744,1.6841204,43.336727,7.988026e-05,16.00018,3.9254177,4.392204,79.870674,1.4857148,0.019655917,0.002131627,0.23436473,2.200778,0.020339817,0.11382721,0.014829872
1.5594544,0.00029500618,1.6040823,0.09914343,13.769037,0.96210074,54.234352,4.616567e-05,53.52572,1.317326,4.5869904,54.981705,0.2673008,0.018127555,0.0012603177,0.11923585,0.50907624,0.007922473,0.118125625,0.0077028824
1.3356353,0.00016608696,1.2881646,0.051302694,13.091392,1.2130023,54.620243,4.431423e-05,16.575012,1.849507,3.4916594,53.342896,0.54222876,0.0079731755,0.0015447091,0.118681625,0.68138224,0.007821402,0.12835604,0.006822021
1.4375044,0.00027898906,1.9994618,0.065572254,13.300646,1.3054334,51.051414,4.0828098e-05,52.079124,1.9921677,4.9419928,69.79842,0.32963812,0.016737802,0.0005411615,0.1081785,0.5131498,0.010284118,0.1579765,0.011981613
1.4381335,0.00020654287,1.5499861,0.06722792,12.519826,1.0609132,52.199448,2.8281029e-05,42.5728,2.2348378,5.271933,61.38416,0.63132423,0.013378229,0.0007902666,0.05333665,0.370339,0.01119013,0.13445632,0.01229305
1.5853192,0.00023909012,1.8513974,0.082237355,12.133201,0.8459223,55.44355,5.440438e-05,24.657253,1.4520537,2.5085058,50.02313,0.5591797,0.015957978,0.0010876762,0.13239995,0.7512904,0.008028501,0.087848544,0.009772032
1.606977,0.0001239255,1.3147882,0.021904055,15.668992,0.9006887,74.15987,3.825134e-05,12.036237,1.8080176,3.0006137,37.726833,0.99845403,0.00896656,0.0010534258,0.15257454,0.7466565,0.012377007,0.16234013,0.009515205
1.1338964,0.00020153722,1.6642367,0.03634459,11.722185,1.3675191,46.764706,3.402512e-05,13.72826,2.8663843,3.4513164,63.375774,1.0485133,0.009721228,0.0010986042,0.095487356,0.6289588,0.0077863643,0.1493414,0.008169139
1.3507625,0.00037206124,4.337924,0.09754898,8.991554,1.5025743,55.44371,5.9991933e-05,9.891178,3.2515879,3.912791,85.60596,1.7249503,0.021886181,0.0018901334,0.16595574,1.9846767,0.0134581225,0.084959865,0.013503884
1.4457804,0.0003844341,4.50054,0.10954622,10.127528,1.5077517,64.521866,7.0971575e-05,9.495025,3.4639478,4.3809867,87.05565,1.8433498,0.025207497,0.0020729748,0.20619756,2.2213013,0.016223941,0.0983983,0.016509954
1.3816104,0.0004203672,5.2092905,0.10295164,10.197725,1.8243017,66.69543,6.4484666e-05,12.186368,4.6830907,5.5944953,87.556366,2.0741956,0.026532535,0.0016732706,0.27361682,2.54707,0.020538049,0.10009984,0.015311524
1.4268893,0.00035445427,4.573839,0.07957607,10.723178,1.8137347,64.53122,6.636482e-05,9.842548,4.4755616,4.8025465,90.58363,1.9701816,0.024335703,0.002028767,0.21370424,2.234572,0.016413398,0.09764001,0.015029329
1.3223065,0.00041041744,4.756237,0.085498855,8.244292,1.8257766,51.84623,6.177089e-05,12.022294,4.419102,5.228626,92.35031,1.7863643,0.023354825,0.0013658596,0.20321915,1.8065666,0.013839751,0.08274628,0.011823081
1.2937878,0.00037130085,5.031951,0.08688008,10.993282,2.1248505,54.853653,6.909569e-05,15.949782,3.8988214,2.868679,100.57531,1.7448143,0.02591255,0.0023961782,0.21094537,2.2769897,0.020281386,0.083738536,0.013595302
1.6236539,0.00035930934,2.869306,0.07895801,12.431138,1.1822512,56.959557,5.988546e-05,20.17396,2.2468905,3.985883,66.00823,0.7012808,0.02519542,0.0011088281,0.2083775,1.3943601,0.016030492,0.0754442,0.010604698
1.1553262,0.0002882139,3.8432546,0.07706862,7.5810847,1.8040465,33.668526,5.2137675e-05,8.824102,3.2302396,1.8660448,74.44185,1.738545,0.018716656,0.0040024067,0.077955365,1.9450061,0.0068254364,0.07479629,0.0066450364
1.3442945,0.00037990106,4.782862,0.07023011,9.075394,1.8139169,56.18163,7.18861e-05,10.98862,3.6246147,3.4419568,96.645775,1.7983963,0.021826487,0.002018152,0.22505938,2.1694362,0.015576492,0.08044349,0.015041997
1.3206085,0.00045159398,4.9338794,0.124665886,8.559309,1.866026,60.22933,6.078441e-05,11.198242,4.6234775,5.3555126,87.59663,1.9152076,0.0285157,0.0014928009,0.23754145,1.9927272,0.016402477,0.08367032,0.013245827
1.1121229,0.00025373048,4.587015,0.14709933,6.745196,1.3835732,34.985683,5.4509812e-05,12.921098,2.8213089,0.9926507,93.74443,1.490481,0.029473707,0.0017512394,0.11063067,1.9314528,0.013125789,0.09223349,0.0109813865
1.1191697,0.00046057234,11.343591,0.1528466,9.043751,2.5290923,40.947838,8.8582514e-05,27.979721,6.6859136,1.3614181,228.80692,3.6378436,0.030067358,0.0030045973,0.2824495,3.7637312,0.020186864,0.11424877,0.014155842
1.0171404,0.0002483596,5.829053,0.07698713,7.543048,1.6027633,35.46487,6.176847e-05,13.402415,3.0603783,1.1775961,113.61365,2.0768294,0.020622458,0.0021986186,0.15760691,2.1451645,0.012717396,0.09630493,0.009314435
1.151822,0.00023444125,4.0672674,0.053519223,6.208784,1.3959417,25.34056,4.4195123e-05,9.378796,2.5071363,2.4198477,81.7179,1.4488987,0.019483492,0.0031998197,0.07839455,2.3085778,0.01044096,0.06597628,0.007269877
1.039609,0.00015964305,3.3997633,0.057644516,7.347609,0.9591674,32.371647,4.6853373e-05,9.482095,2.2389326,1.65649,64.63557,1.241465,0.017918564,0.0013339452,0.098904505,1.2707283,0.00884506,0.08602668,0.009083159
1.0896456,0.00039669822,7.2264714,0.08581257,6.8902726,2.496691,35.627472,6.32854e-05,16.388992,4.8785634,2.507847,139.29607,2.5885925,0.024187524,0.0029728517,0.13673152,2.769634,0.012472502,0.09639201,0.011570852
1.1276557,0.00041496192,7.033399,0.085037366,7.464342,3.268949,38.747147,7.17848e-05,16.62356,6.1851215,2.5199509,136.1808,3.0358438,0.022751432,0.0036255794,0.14809623,3.240346,0.012200194,0.109475896,0.0112042725
1.1722858,0.0004479352,5.673384,0.110928975,6.8505154,1.9211334,33.770836,6.040756e-05,12.480008,4.0378757,2.6764646,110.04763,2.1040633,0.027515864,0.003471057,0.10573021,2.7137067,0.011529948,0.06057153,0.009535252
1.2470176,0.00032951293,5.361073,0.08051015,7.999056,1.4637938,43.52102,4.4344302e-05,9.136992,2.8670206,2.3133447,106.30571,1.9382457,0.024563814,0.0026247415,0.08941715,2.1563258,0.008652091,0.05256311,0.009069439
1.0410197,0.00039649208,9.126976,0.10128588,7.414751,2.080342,38.134502,6.8882175e-05,18.540308,5.4554486,-0.025596598,184.88615,3.7781208,0.037081975,0.003334333,0.17595358,4.6304255,0.010471866,0.06356153,0.006627758
1.0187148,0.00034049715,8.539817,0.13811588,6.2947354,2.0868502,30.687061,7.02484e-05,18.524035,5.0209827,0.6330647,175.14629,2.6885889,0.035026155,0.0029010538,0.17310293,3.7312665,0.013320795,0.081792496,0.00943039
0.9436139,0.00012316812,3.0348644,0.07804967,8.661009,1.6918652,36.31922,4.229135e-05,10.918257,2.3721585,2.762837,73.39489,0.9708158,0.021460399,0.0011984518,0.107640386,0.5791581,0.013445028,0.15089206,0.014791665
1.023424,0.0003553923,6.011831,0.12272756,8.18186,1.6642227,36.361607,6.974956e-05,16.841145,4.0958962,0.774428,130.74017,2.5242982,0.03294671,0.002437292,0.19767423,2.4929857,0.014385123,0.08237716,0.010593743
1.0746404,0.0003228802,4.1077514,0.07952001,8.592909,1.1608701,43.741016,5.5805875e-05,9.832034,1.7274463,0.98393637,85.409546,1.1890401,0.03217451,0.001949932,0.14903471,1.1704376,0.012191769,0.11906429,0.014583188
1.2974684,0.00032510937,5.1599536,0.07676865,7.4237967,1.8295014,35.8005,5.4583023e-05,8.97649,3.8639922,2.5174625,100.11849,2.0770812,0.024155192,0.0040906463,0.1536188,2.7228808,0.009149974,0.06908471,0.010711969
1.2325424,0.00019316572,4.533131,0.09100156,7.993398,1.6558789,41.53062,4.7551595e-05,13.643091,1.9782137,2.2381577,92.020256,0.85277104,0.020818012,0.0007427718,0.15096577,1.2023731,0.015366425,0.11731291,0.015051299
1.411309,0.00038606452,5.140489,0.12217671,9.556508,1.771038,53.919308,6.738701e-05,24.93799,3.6033306,3.0552602,94.42617,1.8525712,0.024344373,0.002177953,0.29993588,3.4673269,0.02651455,0.08617825,0.016671408
1.1777769,0.0003137314,3.4100318,0.06344099,7.3556557,1.3970017,44.561752,6.2609404e-05,18.395847,0.9520787,0.41287178,70.65762,0.43482506,0.038061943,0.0019271503,0.18371496,0.94910985,0.014558756,0.18404472,0.013063045
1.038417,0.000262084,2.5070252,0.01887499,6.060417,1.1933508,27.231434,5.53896e-05,15.174728,1.5052749,3.3905609,58.269966,0.21090929,0.012507302,0.0010101685,0.16617718,1.0675538,0.013984381,0.069721825,0.008298602
1.4966038,0.00016183348,2.7591176,0.049748544,7.0452905,1.0503368,22.440336,4.3991822e-05,9.563488,2.0489528,4.1754184,61.09687,0.47729808,0.014963524,0.0014356875,0.13576093,1.5697992,0.011546953,0.025451176,0.008112142
1.4364601,0.00013584658,2.0579789,0.014809412,10.268772,0.9200596,44.381893,5.502056e-05,14.069295,1.6411318,5.562825,44.15655,0.31159404,0.011996719,0.0012501512,0.20801523,0.992704,0.015813557,0.058329564,0.010398679
1.5391357,0.00024327618,4.4934855,0.19944961,7.975202,1.1065167,40.73255,5.924252e-05,14.025006,1.8968161,3.4206154,94.894424,0.66143686,0.027858237,0.0013729688,0.19008768,2.1790977,0.013732706,0.09040083,0.011310506
1.4971491,0.00028403368,3.8327744,0.048816342,9.756902,1.354495,54.75323,6.263515e-05,12.734498,2.299254,4.0371366,80.655304,0.8846084,0.01481237,0.0010810544,0.22415677,1.7691327,0.013625134,0.05743349,0.010767105
1.3634877,0.00035619605,5.3509083,0.060192972,9.001417,1.7388724,45.652203,8.0404694e-05,13.965424,3.8447971,2.8760226,114.47759,1.9738436,0.020079978,0.0029215722,0.2676433,3.1504364,0.012364456,0.027665723,0.011568115
1.501023,0.00019395372,4.6455784,0.07763279,7.3667126,1.0494022,39.252575,4.5185814e-05,8.982687,2.0910132,2.5339277,99.52158,0.8676878,0.024236428,0.0017096793,0.15705578,2.4092636,0.014950436,0.028644938,0.012635372
1.3939886,0.00023340007,4.985301,0.07162441,9.027182,1.3434072,42.88315,5.7121517e-05,13.192763,2.759428,3.115181,93.570045,1.3095404,0.01891463,0.0019908366,0.19334653,2.2741609,0.012467405,0.09135716,0.011345896
1.4100535,0.0002318322,3.1505,0.044900794,9.077654,1.0270514,43.143997,4.9081555e-05,10.520274,2.0529459,3.9596224,70.373726,0.6933027,0.016378673,0.0017748455,0.15192905,1.3522917,0.011451304,0.04791447,0.010829969
1.4831535,0.00032796105,3.3812501,0.06893705,9.423438,1.3906066,47.854034,6.772426e-05,11.569128,2.4019182,2.879798,76.109146,1.3326703,0.018400615,0.0026294705,0.22854358,2.0230749,0.009073567,0.09182715,0.010130584
1.3505847,0.00033148308,6.616809,0.064924486,9.996219,1.5183194,45.063354,7.858771e-05,14.087789,3.330366,3.1924758,124.97065,1.9580562,0.03316775,0.0019813608,0.26859576,4.1098666,0.015238509,0.0449104,0.010923384
1.3851342,0.0002577576,3.5653946,0.082986355,10.657891,1.5270311,44.82609,6.710434e-05,13.004992,2.8942733,3.9524558,80.72861,1.4896616,0.02305135,0.0017982579,0.21519023,1.9202673,0.015720919,0.0951659,0.010452781
0.86849535,0.00031390152,2.7180007,0.07074826,6.8374224,1.426616,20.423702,5.697017e-05,15.168653,2.698623,2.610166,58.627407,1.0529051,0.019477675,0.0018866581,0.13231358,1.2817186,0.014689019,0.072077624,0.009611385
1.2207307,0.00036863278,5.4502177,0.11582697,7.7387376,1.5557914,29.374575,6.425546e-05,13.118804,3.7062957,4.2344413,104.866486,1.9004463,0.031023929,0.0031133934,0.16849998,3.584618,0.015259027,0.048052255,0.0113303065
1.4824035,0.00014114699,4.295249,0.05647711,6.021542,0.9249595,20.401957,4.3297467e-05,10.952739,1.6959404,3.74167,80.34359,0.8980823,0.01697889,0.0020698113,0.122436725,2.4554706,0.015418565,0.061919086,0.010513515
1.2496312,0.00027122576,3.4891574,0.084761895,4.5217466,1.6005257,18.417418,3.3266464e-05,11.647225,2.460311,2.2219827,81.90917,0.78970855,0.021747429,0.0011678038,0.055169795,1.7041857,0.011975162,0.034332737,0.0063872905
0.90327626,0.00028040016,4.1766005,0.06348912,5.000059,1.3897027,20.61414,5.2676434e-05,8.068784,5.037571,4.028349,73.03024,2.248645,0.013670433,0.0020676255,0.15166469,2.3749542,0.009499349,0.0680444,0.0082921
1.068531,0.00013958203,2.3905814,0.069076374,6.1022778,1.0310556,24.32787,3.992e-05,10.466033,2.35417,6.2904224,49.152187,0.7183071,0.017702091,0.0009643617,0.1204123,0.89640886,0.013425094,0.07020528,0.0113819325
1.0997412,0.00026268823,3.1395845,0.11399382,7.320386,1.2588025,28.478094,4.8971975e-05,11.686073,3.0089872,4.8540583,54.272884,1.4675087,0.01753896,0.0016310165,0.16331902,1.9599164,0.012279793,0.09491589,0.008307706
1.0386591,0.000113044334,3.1361263,0.027835496,6.163244,1.8853384,23.136513,4.180909e-05,10.075946,2.8905768,1.8599333,62.033813,0.98802215,0.017299835,0.0005137326,0.110894315,0.9037474,0.010532078,0.108318076,0.0101327915
1.2707103,0.00012318726,2.0841727,0.049279664,7.0728784,0.90831476,31.051558,3.1303556e-05,10.164202,1.6194711,5.911119,44.403736,0.5739095,0.017304102,0.0010595768,0.11354123,0.86934984,0.009747236,0.062605806,0.008711293
1.0732638,0.00013770741,2.4974053,0.072727084,6.0450435,0.9548212,26.306496,4.020678e-05,10.66605,2.088499,4.735933,49.57035,0.8131456,0.016086902,0.0010067218,0.109545976,1.0226957,0.012714842,0.075756975,0.010312534
1.1299903,0.00018028848,2.9690018,0.094551116,5.3160386,0.85084295,21.00103,5.455658e-05,15.396432,1.7524574,4.0896397,62.064857,1.0998819,0.020265667,0.0018724129,0.11589254,1.6502234,0.01291105,0.069021024,0.008662647
1.1334144,0.00020675921,3.6908085,0.03948678,6.941639,1.2033896,25.473724,4.769868e-05,15.181312,2.686796,4.202991,78.962875,1.2558975,0.017516874,0.001173668,0.1336559,1.7648685,0.009605759,0.08627324,0.0068183104
1.078971,0.00015561412,2.643588,0.054579694,6.66884,1.1162379,29.191816,3.5864796e-05,13.392443,2.5180128,3.568285,53.424347,1.2622947,0.013415312,0.0016984923,0.115613185,1.3243474,0.011430399,0.049653,0.008183112
1.0879899,0.00021789903,2.6391754,0.04115158,11.977974,0.9855097,28.072495,4.0035036e-05,13.547872,2.1894948,2.624865,44.848625,0.9913526,0.018549599,0.001329961,0.12976599,1.4096769,0.00800702,0.066290714,0.006829941
1.1109163,0.00020059837,2.7305393,0.04769811,10.548741,1.0536275,34.2508,3.8714275e-05,8.265229,2.3093894,3.8962073,46.513252,1.0152888,0.01761078,0.001237196,0.12175236,1.4100252,0.0090595465,0.067889184,0.0076748165
1.0948174,0.00017645203,3.3500435,0.04584934,5.9810753,1.44175,25.627638,4.7360918e-05,10.241886,3.1585896,2.8233366,68.59015,1.3642823,0.012729241,0.0016291983,0.11970128,1.3690819,0.007851761,0.06777707,0.008818739
1.044624,0.00022495576,2.1519022,0.053268068,7.211052,0.89948004,35.01265,4.8729e-05,9.775158,2.1124613,2.5405493,41.67091,0.7841091,0.02355418,0.0009708647,0.1359313,0.9959793,0.009509291,0.09737703,0.008235491
1.1158979,0.00013316938,2.0646174,0.033473462,8.332067,0.9071222,40.91961,3.581758e-05,12.166089,1.2020714,0.45154274,46.79033,0.57250357,0.01110161,0.0012094188,0.095259935,0.5997224,0.010283008,0.081508294,0.01005529
0.9849983,0.00017442052,3.105375,0.030676847,8.137777,1.3543537,39.80231,4.168033e-05,8.371357,2.5087721,1.2047464,60.45841,1.0920197,0.013889335,0.00055137306,0.09989337,0.7785084,0.009829389,0.11935582,0.012756008
1.0788532,0.00024748867,2.8861134,0.05260058,11.3867445,1.0313947,35.289165,4.8822207e-05,11.697532,2.0800564,0.7071996,51.35099,0.9848738,0.0193484,0.0011827678,0.16579166,1.1211195,0.008720463,0.0861825,0.009975673
1.745767,0.00030864586,3.5915592,0.09614266,13.042895,0.8891087,62.223736,4.864989e-05,18.786379,1.8504735,7.2736835,68.024605,0.8327075,0.031757053,0.00084264524,0.1998832,1.6516519,0.010831464,0.09027854,0.009142126
1.3672556,0.00015138813,2.6716557,0.031765897,11.400651,1.2414441,36.223618,4.790212e-05,10.014996,2.0823436,1.4457046,53.8545,1.0424352,0.018260008,0.001883489,0.16944176,1.6047467,0.010505266,0.07817718,0.009930608
1.0797843,0.00025075325,3.1007435,0.044115473,9.679727,1.1445261,34.455894,5.310965e-05,10.224493,2.4018345,0.7047198,60.823753,1.1062657,0.023991836,0.0015130787,0.18656786,1.519871,0.0090997815,0.09816537,0.009490436
1.1422143,0.000101344354,2.246733,0.036933288,9.719333,0.98118114,45.361465,4.1318915e-05,6.9972453,1.6158007,1.4803314,47.90017,0.89478225,0.015839737,0.0014090838,0.097188115,0.88678396,0.011970845,0.06937456,0.010678609
1.0571247,0.00022166589,3.4571164,0.038098365,10.4735775,1.5083961,36.375874,4.7445137e-05,9.795808,3.2274046,0.58457696,69.745636,1.3321927,0.01903407,0.0014510126,0.16492353,1.6039879,0.00827545,0.09474762,0.008471171
1.2426839,0.00029076132,9.6500435,0.07786666,9.432762,3.6633043,40.43491,7.646709e-05,41.2172,9.789458,2.6545556,178.14917,4.71975,0.020384662,0.0046949084,0.25601122,6.300842,0.016792877,0.08442927,0.014842986
1.468379,0.00021498078,2.9139307,0.048544653,7.1127334,1.2902737,33.269382,4.107654e-05,10.233341,2.116418,2.796817,61.722137,0.9037081,0.018628495,0.0017757937,0.11673223,1.5467489,0.009071741,0.061282124,0.008646551
1.7926729,6.281668e-05,3.4278913,0.040754832,7.866685,0.84440356,25.309107,5.7390724e-05,22.378935,1.4612269,2.6847322,65.70299,0.85085076,0.006506827,0.0024820494,0.18274048,2.2484288,0.018340431,0.07557702,0.014115091
0.9554792,0.00020714641,2.7653735,0.04466465,9.456223,0.9759675,32.727962,4.2645064e-05,9.475632,2.097928,1.6438066,51.631416,0.9427336,0.020077636,0.0007867839,0.11660193,0.8584643,0.00915168,0.10612255,0.011116468
0.9782531,0.00024528988,3.1319485,0.043916456,7.2343135,1.3705138,32.156075,4.947231e-05,9.20966,2.9122546,1.6023526,61.99129,1.1342028,0.023635697,0.0010694514,0.15352939,1.2401755,0.00906078,0.096380286,0.00937846
1.5198411,9.2737864e-05,4.03839,0.04288867,6.348948,1.0497133,23.51405,4.7257836e-05,14.80782,2.1358085,3.3314543,78.81619,1.085877,0.008127684,0.0018407675,0.15301968,2.306762,0.014006457,0.083148845,0.010975184
1.4345006,0.00027124537,7.415379,0.058302168,9.993692,2.5464687,40.972347,7.946428e-05,15.689688,4.0191464,2.4384127,131.5243,2.486013,0.011177876,0.004186608,0.35252562,2.9861577,0.025331968,0.13781957,0.022727905
1.5525314,0.0002960283,5.585459,0.06881294,11.640255,2.469325,50.311764,6.420799e-05,14.510779,3.2369597,2.3930964,103.240585,1.4858698,0.01826825,0.0017215727,0.24774556,2.0321493,0.017776467,0.13356872,0.017197065
1.0988529,0.0001416902,2.8530061,0.026416603,7.3140063,1.5489384,35.63983,4.6409186e-05,10.603518,2.9141204,2.577467,57.068924,1.0799166,0.019742353,0.0007669446,0.14656143,1.0253015,0.010093579,0.106541604,0.009718531
1.0699862,0.0001947701,2.7289023,0.030892236,8.344404,1.2203074,37.785725,4.4867378e-05,10.336791,2.594614,3.0194438,53.139828,0.9633973,0.020990245,0.00062056864,0.14615773,1.0883145,0.008922023,0.09865404,0.008289648
1.4104493,0.00019488356,3.3132253,0.05484322,7.018861,1.162602,35.315113,4.432913e-05,9.5616455,2.2433665,1.646592,64.72218,1.0929492,0.020420365,0.0017221072,0.11757111,1.9061066,0.0111224335,0.08300854,0.007012443
0.94068074,0.00023310608,3.0356812,0.041249115,8.955364,1.0351177,28.253128,4.3374668e-05,9.98343,2.3669996,2.264665,56.09832,1.0214305,0.020984692,0.0010046546,0.12880419,1.1284292,0.009345051,0.10332336,0.0104844095
0.9475731,0.0002162339,2.5691004,0.051509134,8.8320675,0.97710466,31.714376,4.471079e-05,8.872504,2.0637505,1.5097156,48.308872,0.96508366,0.020339098,0.00083451037,0.11896866,0.77578014,0.009360832,0.10492052,0.0110123735
0.8647879,0.00020807309,3.9731317,0.082121395,5.809263,1.7363213,22.44846,4.8819216e-05,11.596222,3.3370829,4.4551744,89.62117,1.665978,0.017563086,0.0024370218,0.12127761,1.7674847,0.008964824,0.120211,0.0062263813
1.0770515,0.00035428695,7.20979,0.07622835,6.1644106,2.0633848,40.29987,7.203498e-05,11.308522,4.8786893,1.9368888,133.44182,2.570422,0.0283264,0.0026958252,0.16347983,3.9598963,0.011210115,0.117595874,0.009863757
1.2168674,0.00024233854,2.6848116,0.08297988,8.398714,0.8568109,38.16079,4.1764615e-05,9.140661,1.8384743,3.822602,50.744434,0.8668753,0.02025742,0.0013543618,0.1260421,1.3169345,0.012885319,0.078117706,0.008641257
1.2514832,0.00014289925,1.7468828,0.050679717,11.228461,0.9764217,59.235367,4.059005e-05,17.784996,1.3040231,1.9228922,39.977566,0.4623417,0.022459691,0.0019338854,0.1467908,0.55944747,0.013533159,0.07759472,0.011984778
1.3964612,0.00029230057,4.6453195,0.06283303,9.013968,2.4760783,41.755714,6.29915e-05,10.261036,3.5381067,3.3631332,91.0875,1.2419845,0.020020138,0.0014371774,0.20471081,1.6779094,0.014516363,0.12245399,0.01327632
1.3175744,8.0572994e-05,2.3691187,0.026251977,8.415375,1.0461155,33.10186,4.1891133e-05,11.147288,1.1858908,3.8923063,49.71018,0.40265983,0.014208529,0.00053238764,0.1387713,0.8643616,0.011617712,0.14485162,0.012436265
1.6168709,0.00013902599,6.1842685,0.053610638,9.449358,1.2327157,25.16064,7.1596594e-05,27.48517,2.3350172,2.5781333,101.29765,1.584472,0.00975315,0.0050871577,0.26659548,3.9348695,0.017518146,0.040953383,0.014216012
1.3657622,0.00017050254,2.0989654,0.062791325,9.142344,1.338106,40.70916,4.6437035e-05,32.022167,2.3977983,4.6817737,47.850327,0.9392711,0.006914913,0.00073027395,0.14659595,1.2522595,0.019630995,0.13667575,0.010043701
0.96458834,0.00020875855,3.785352,0.02737713,7.8753276,2.1019657,34.32603,5.3789667e-05,10.209692,4.014091,2.1689365,81.335014,1.3559781,0.015400623,0.0005602448,0.17000028,1.2327373,0.012518479,0.15049972,0.011964297
0.98175484,0.00013420574,1.843585,0.04550953,7.2766666,0.90055984,36.450275,3.4840104e-05,6.552482,1.202114,0.6187315,38.98864,0.6267745,0.01372148,0.0005278479,0.074832976,0.34056497,0.009467191,0.09692832,0.011196837
0.7587094,0.00018196949,2.2739398,0.10860911,4.5464787,0.840499,10.43074,4.0610743e-05,25.02607,1.7706735,3.3970833,50.06796,0.9457571,0.015377094,0.002341583,0.070898496,1.0355116,0.017301446,0.094247684,0.012347728
1.1884599,0.00021701328,2.4878783,0.07932257,6.4584765,0.8360915,17.728527,4.0589748e-05,12.783871,1.8554533,3.950956,47.29118,1.1325554,0.0091125155,0.0011210581,0.12006611,1.5422393,0.011727156,0.05436116,0.0061176973
1.1943035,0.00014973925,3.1634223,0.028926011,5.277526,0.909216,26.25999,2.780575e-05,7.148225,2.1650898,2.8404946,60.96709,1.1410263,0.012718971,0.0023972066,0.08763279,1.4836205,0.0057476056,0.025286617,0.0053830096
1.2959623,0.00023614126,3.1616552,0.08777407,8.686887,0.7958873,43.02555,4.5215573e-05,6.3189244,2.2135456,4.363433,58.404278,1.1805865,0.0152041605,0.001620317,0.1751891,1.2468984,0.011916486,0.06352695,0.011419803
1.2434168,0.0005017784,5.8051867,0.05204518,9.390657,2.4984403,52.717342,8.904228e-05,10.2329,5.7256465,3.1856437,103.35771,3.3001115,0.019542726,0.0029398121,0.27783445,2.4097633,0.0077659367,0.10069869,0.010915443
1.2953125,0.00030132645,4.9550915,0.06498276,9.021547,1.686221,47.53578,5.4068158e-05,11.487537,3.9166617,3.8519557,87.34721,1.9470924,0.01815023,0.002412868,0.20496161,2.0325396,0.012501182,0.079039596,0.012517872
1.2774965,0.00015555066,3.377259,0.038292803,5.124702,0.85052574,26.396025,3.277123e-05,7.7161813,1.9992572,3.6209571,65.12977,1.1029205,0.013772886,0.0022364226,0.098493,1.7779974,0.007927693,0.035065133,0.0075973175
1.2920234,0.00037750875,8.940973,0.122386284,6.8365774,4.1349525,31.02205,8.41997e-05,50.47119,7.326442,3.6508374,181.61478,2.7726138,0.01929297,0.0029155025,0.19713105,3.4344914,0.020965623,0.08310057,0.012355978
1.2206479,0.00046681237,9.684269,0.11436717,10.776439,2.68633,37.39313,7.083445e-05,21.030596,6.346382,3.246286,166.14375,3.3093116,0.026118742,0.002214149,0.29138628,4.7937956,0.022262614,0.08147439,0.014400318
1.3630918,0.00022498112,4.406432,0.049760334,9.44153,1.2963089,52.111233,6.374808e-05,6.386537,2.9614787,2.8903918,75.1584,1.6121465,0.013369864,0.0028883142,0.17848818,2.0450554,0.0062719653,0.0682632,0.011644414
1.4659336,0.000378222,3.7970023,0.21011207,8.99542,1.0859776,50.82473,6.759513e-05,8.729532,2.082936,4.3569746,78.867744,0.5861349,0.03009278,0.001541142,0.19774315,1.5469093,0.012237345,0.09381303,0.013675126
1.3025149,0.00031141104,4.4465485,0.032276858,6.8248596,1.2986752,33.32096,6.2672756e-05,8.248776,2.6145265,3.203966,87.26019,1.2780517,0.026032094,0.0025690442,0.18688886,2.476485,0.0052014943,0.050577782,0.0057160305
1.4778812,0.00041060717,4.617332,0.030009385,9.894267,1.406959,55.79393,8.210093e-05,8.301515,2.6169071,3.2008455,86.63235,1.4304429,0.02054108,0.0028042286,0.24216016,2.2498214,0.0065717204,0.07451679,0.0093052
1.1651274,0.0003091654,4.671194,0.043919627,9.121707,2.0083454,47.746063,5.5124652e-05,10.459581,4.9689603,3.1977682,85.10545,2.986648,0.02017176,0.0043803654,0.19140157,1.7777834,0.009094753,0.077184364,0.012332668
1.2100292,0.00045473917,5.087726,0.047835007,9.345004,1.849706,52.862225,8.124765e-05,9.793153,3.956543,4.4209113,91.16051,1.7629495,0.01644214,0.0018943062,0.24327181,1.950728,0.008301308,0.10369275,0.00905409
1.5023873,0.00029606058,3.2492445,0.15074497,8.750051,1.2657952,47.79659,6.938844e-05,10.037841,2.2137444,3.3386686,64.66776,0.8137132,0.028203456,0.0032514108,0.19989713,1.7853099,0.009769636,0.054728303,0.012405988
1.2284513,0.00035141324,4.490624,0.04532301,9.944356,2.0699742,53.81511,7.370112e-05,10.803176,4.0717,3.685568,83.704926,2.0616622,0.013921402,0.0018762146,0.23825547,1.5850624,0.013390228,0.12393154,0.014474541
1.3375484,0.00037241727,3.7009356,0.113005854,9.742401,1.5913005,54.12772,7.002413e-05,9.237174,3.2494643,3.464412,69.05401,1.3998135,0.025101364,0.0023629903,0.20343642,1.4647639,0.008476458,0.09345187,0.008829146
1.2670903,0.0003294394,5.1961446,0.048076835,8.103765,1.6750039,43.579258,6.766087e-05,11.263526,3.4759758,3.3277283,101.22028,1.7548006,0.022964954,0.0023945153,0.2436663,2.40741,0.011349302,0.07207095,0.013238295
1.272244,0.00035327868,4.655095,0.02381417,8.670509,1.7722195,45.15704,7.445274e-05,9.096386,3.4477172,3.4980075,89.77386,1.7532403,0.022045506,0.0023143084,0.22505057,2.205972,0.006629343,0.062864944,0.0075229667
1.367138,0.00031593104,4.3983197,0.033845197,7.7072144,0.8309781,38.08735,3.7405953e-05,14.171632,3.0155516,2.7098548,78.664635,2.2787714,0.018082893,0.003170228,0.14180984,2.877881,0.0059839487,0.043660663,0.0040482637
1.2483506,0.00030309422,4.0321,0.04194901,8.328287,1.6876862,45.34066,5.78457e-05,8.515011,3.1318252,3.6121256,76.34684,1.4584817,0.015202269,0.0015326455,0.15686506,1.5216758,0.0057795537,0.07829827,0.0061956146
1.4860576,0.00034669373,3.6775541,0.13494664,10.375067,0.9680673,55.41751,5.495597e-05,9.728059,2.3782654,3.6404521,73.102486,0.9978809,0.02781409,0.0028593384,0.21297526,2.0216734,0.011473659,0.06443656,0.013121515
1.370994,0.0003379072,4.586059,0.07203081,11.554052,1.4439,60.293472,7.83526e-05,11.727584,3.589575,3.643238,85.5588,1.4610702,0.01709908,0.002186284,0.24322656,2.129198,0.012766363,0.11053718,0.013137873
1.6952037,0.00037450602,4.136503,0.13444877,11.397644,0.9029084,59.093678,6.1910025e-05,12.13042,1.4695413,3.5942256,83.140076,0.5295004,0.028866915,0.00096102,0.23139739,1.950092,0.008813666,0.070297435,0.011029598
1.1548681,0.00042594192,8.490019,0.13988152,10.000408,2.4470417,41.13537,6.929518e-05,24.022467,7.510319,2.8007464,163.4042,4.4324107,0.026374731,0.003924854,0.22277947,4.0752625,0.018020568,0.11624738,0.015126653
1.2051768,0.0003439432,5.64395,0.07385687,9.599048,2.2647755,48.250534,6.6619934e-05,9.771158,4.886325,3.1637814,108.84332,2.5667036,0.013115936,0.0036483756,0.21387212,2.4965472,0.009262616,0.113961175,0.01090665
1.191494,0.00051702926,10.049365,0.07518627,12.5523,4.2655845,37.082664,8.895864e-05,25.37306,9.044436,2.7620556,199.49077,4.6468487,0.026809825,0.0028364018,0.1937552,4.7791915,0.014881036,0.054445628,0.009903992
1.2539191,0.00033981397,5.623348,0.0486569,8.011721,2.0012243,38.021584,7.001898e-05,7.743878,4.0799437,2.9433787,106.93127,2.22737,0.022361113,0.004666914,0.18991058,2.9199646,0.0040201847,0.048718467,0.007578078
1.2629688,0.00034763356,4.8649206,0.106798485,9.123451,1.4889988,45.876324,5.186112e-05,5.3683324,3.3403885,3.607157,89.223885,1.5791787,0.018436335,0.0036593976,0.17265517,2.1651804,0.008856929,0.056713663,0.011584012
1.3155439,0.00050057174,5.59043,0.13010071,9.749922,1.7511231,47.93358,6.444012e-05,12.697402,3.6093,3.1112678,107.272934,1.8072051,0.03212432,0.0019781776,0.1915565,2.4530063,0.010916949,0.08031704,0.010012606
1.1901908,0.00033422015,6.4036202,0.060767148,12.071796,2.2300632,61.160538,7.9405785e-05,10.857487,6.3112984,3.3275924,120.56854,3.9530616,0.022581449,0.0056765876,0.27512288,2.9434025,0.011932126,0.123890944,0.014535542
1.1365751,0.00042408486,7.9290967,0.09154129,7.6876636,2.948286,32.18552,8.120305e-05,12.204647,6.5991263,4.0515623,138.86703,3.1244693,0.018423889,0.0029414492,0.17585689,3.5607955,0.009463211,0.0870733,0.013002851
1.1680769,0.0003868228,13.551619,0.08073359,9.289809,4.74827,40.510662,0.000105628336,35.333458,12.414888,3.291006,262.80414,5.408786,0.021339493,0.0048783002,0.25623292,6.2330475,0.018139768,0.09801353,0.017031139
1.0975007,0.00037834895,19.990767,0.060753383,11.905761,11.219035,40.05857,0.00012327243,48.221333,21.561592,3.1530023,356.89087,10.828616,0.018154891,0.0061236275,0.32795444,6.758815,0.018955065,0.14222425,0.022385633
1.170854,0.0005337322,7.9719753,0.059568282,10.699252,3.8836446,56.11383,7.41584e-05,11.230147,8.448896,3.2194927,146.6095,4.6473207,0.024603516,0.0044701016,0.25450385,3.2681148,0.00965216,0.1257126,0.014889746
1.2401917,0.0003964163,15.208765,0.05289345,13.602079,6.6127057,60.2135,9.6119875e-05,27.934134,16.108356,2.8333385,270.74725,7.724598,0.017196553,0.0054626707,0.2652337,5.539134,0.011637833,0.14144322,0.017746218
1.1934644,0.00042318454,9.7194605,0.08539993,11.261303,3.7692566,55.29899,8.7306056e-05,12.81966,10.067925,2.7363846,179.16135,5.8350906,0.025770811,0.0060524256,0.25826856,4.233877,0.014966151,0.08325384,0.014933777
1.1206412,0.00042229073,14.082839,0.08980173,11.946466,6.771961,45.270622,0.00014001,37.960022,17.10263,3.2350354,259.08282,7.9050226,0.021377213,0.0066532986,0.34597617,6.0056424,0.02839715,0.21049853,0.023645282
1.2288673,0.00034506817,5.776339,0.08480269,10.559952,1.5829043,55.853767,6.679119e-05,11.774425,4.605704,3.369017,100.59757,2.6401548,0.024933776,0.0031270059,0.26089296,2.4074414,0.016092924,0.09379398,0.017367126
1.1969085,0.00040191907,7.6218715,0.04051776,10.181183,2.6788461,48.147915,7.3740164e-05,13.217917,6.496014,2.699959,138.17293,4.100836,0.017066142,0.0044764,0.23559886,3.6531365,0.008689421,0.08069076,0.009057748
1.2458227,0.00046106562,8.660837,0.06204301,12.413123,3.1647952,56.10827,8.577761e-05,15.661124,8.414642,2.9107516,160.67159,4.9849176,0.021215454,0.0055454127,0.28394216,4.1485825,0.0111187035,0.1158023,0.014981145
1.2284683,0.00051030965,5.576756,0.11378574,8.988356,2.8632581,43.503574,7.33656e-05,6.7374263,5.821954,2.4647818,112.365456,2.9380379,0.023235787,0.0036750138,0.20342223,2.2875683,0.0052773813,0.07467324,0.008296727
1.1556743,0.00054369884,6.58622,0.089050606,9.997407,3.2255094,53.79519,8.114431e-05,7.690481,6.859289,2.179316,136.03717,3.6263752,0.027030395,0.0056557534,0.22366308,3.0212526,0.0054070726,0.08697003,0.009254097
1.2996855,0.0008134007,11.490323,0.13046354,14.449191,4.1287932,54.21622,0.0001127374,27.641912,9.287327,3.2593315,211.38924,4.588275,0.031257953,0.003998879,0.3082473,5.1011043,0.01869515,0.12354267,0.018551452
1.0654122,0.0005366161,5.1247864,0.26305693,8.069045,1.8651735,36.457523,7.570511e-05,17.692194,3.1591005,3.703808,99.640434,2.1064928,0.04105871,0.0021943508,0.16957092,1.5697571,0.017817214,0.15385416,0.022110716
1.1255671,0.0005692393,5.7880635,0.3276115,7.5150094,1.8478552,33.654617,7.607795e-05,15.403963,2.595749,3.3973825,115.562454,2.3298812,0.054070286,0.0029617457,0.2107134,2.2223182,0.02303166,0.13475813,0.019192316
1.2900876,0.00047038964,6.588776,0.09558206,10.941601,2.1996858,49.485645,7.669216e-05,17.12508,5.0270967,3.1656463,122.17609,3.1310682,0.04170526,0.003430962,0.22275636,3.0942435,0.009609499,0.08647827,0.008505385
1.2026052,0.0004957924,5.543181,0.21181627,9.219601,1.9226372,43.690666,8.122635e-05,13.513033,2.7428482,3.5529804,113.60894,2.3944213,0.043996092,0.0026397593,0.25413942,2.3579698,0.023191718,0.13127789,0.019783096
1.2824651,0.00026469262,3.6255558,0.041238777,7.9572287,1.4461464,41.128723,5.965396e-05,7.898394,2.847394,3.4683106,68.052246,1.4728788,0.012252961,0.0011530124,0.18640397,1.6817746,0.009601087,0.08093596,0.0066643013
1.2627147,0.0003929073,7.895831,0.10026933,10.053703,3.0476167,45.745552,7.782145e-05,19.769806,6.3572583,2.177952,148.98346,3.605387,0.020593118,0.004556687,0.23297265,3.437705,0.013124341,0.08839902,0.010788428
1.181268,0.00031947577,3.7139056,0.095634274,6.8765182,1.4549485,35.762905,6.2700085e-05,9.0987425,2.7058673,4.170018,71.20081,1.3021307,0.021903846,0.0009994587,0.19304672,1.4658276,0.012001602,0.08198626,0.009284391
1.3294235,0.00027597646,3.7766404,0.08274154,7.3977995,1.2782302,38.832226,6.526367e-05,7.1898637,2.8827126,3.8765082,71.44712,1.7259157,0.024771683,0.0016108281,0.17524274,1.9919108,0.008420175,0.07885948,0.009188522
1.1884645,0.00070231943,22.41128,0.090877384,13.297714,6.892241,49.9188,0.00014901998,43.025864,16.40927,3.6996007,389.72122,9.41333,0.018269375,0.005422446,0.5211264,10.574035,0.035076793,0.22167355,0.027141938
1.3529629,0.0002941613,8.4241085,0.082841516,13.8577795,2.603209,55.757023,7.059725e-05,19.748213,6.995308,3.0304902,146.34306,4.786612,0.016018648,0.005314946,0.25711206,4.6936054,0.01978359,0.10060305,0.019320417
1.1789749,0.00039607703,8.903377,0.10279623,9.113018,2.016533,47.564514,6.298615e-05,11.957729,7.264155,3.501117,152.79619,5.356316,0.017536849,0.0032140133,0.22151136,4.772171,0.015628256,0.07308484,0.010606062
1.1942623,0.00030864653,11.719026,0.1624635,12.851623,4.0708966,32.961872,7.228455e-05,18.496735,9.894348,3.602954,202.85681,5.8108954,0.026035253,0.0037494786,0.2689631,4.774974,0.03474504,0.15338661,0.02568107
1.1578346,0.00035718034,12.326889,0.15162641,12.149665,4.9766083,51.813675,8.3445644e-05,20.399239,13.710417,3.5390265,217.53418,9.651636,0.017794495,0.005349548,0.2758694,5.7193503,0.02410389,0.12375578,0.020805212
1.2543174,0.00050585583,12.740136,0.16422373,14.186477,4.8317666,53.82042,9.8589124e-05,21.854034,10.624942,3.071495,216.47205,5.9045877,0.032968313,0.005602933,0.27631313,5.127075,0.025095787,0.1378442,0.028190766
1.2559868,0.00047141037,12.805721,0.15739451,11.834719,5.8660965,61.98964,8.04505e-05,13.314651,13.455864,3.4223924,228.77132,6.5530076,0.031611476,0.0034824668,0.25357834,4.38397,0.03625555,0.19312727,0.027042044
1.2645208,0.00028342023,3.7316344,0.07173756,6.366016,1.3736995,34.999012,5.3981432e-05,7.3825116,2.4380264,3.1350682,75.42741,1.0952952,0.018051576,0.0014748374,0.16393663,1.5310153,0.0070987307,0.072757065,0.0064394074
1.3602337,0.0003244943,4.4555573,0.123194054,9.2555685,1.0110846,49.045647,6.423584e-05,8.7584095,2.351611,3.8182926,84.57741,1.0531449,0.022770768,0.0014832299,0.20092775,2.1808295,0.010725731,0.057286687,0.00946571
1.2671036,0.00026539314,5.693899,0.1260976,11.20889,2.3133655,46.826378,6.141023e-05,14.215007,5.1595664,3.146355,109.55813,2.645304,0.028325945,0.0035375985,0.22224797,2.4387298,0.016477302,0.07814345,0.017446063
1.239216,0.00026681996,3.00269,0.09053981,6.5679317,1.1351181,36.4924,4.9704704e-05,7.4372993,1.9610794,3.7558491,59.004684,1.0492393,0.017583193,0.0011916339,0.15828176,1.3887581,0.009634872,0.055404045,0.007453024
1.375676,0.0003681469,4.689066,0.08451901,9.786775,1.4393998,54.674427,6.432995e-05,9.811786,3.4779778,3.5816407,88.80085,1.7686081,0.015837854,0.0014552729,0.22273733,1.8584571,0.0124190515,0.080727145,0.010421397
1.3951951,0.00023072325,3.7006981,0.028582219,8.454594,1.213033,45.047443,5.302141e-05,8.717504,2.28058,3.4442906,69.98135,1.0453963,0.021911534,0.0014802294,0.17988671,1.9424419,0.0065889475,0.036779348,0.007192289
1.221316,0.0003690474,3.8985403,0.07574644,6.9624743,1.6887703,34.62743,6.975535e-05,9.248188,3.1744351,3.298423,81.44377,1.3492483,0.024135234,0.001752873,0.18878649,1.643389,0.006963943,0.08910497,0.0050700395
1.3577478,0.00034263634,4.2031703,0.0549457,9.069136,1.3371336,47.958706,6.265502e-05,8.635507,2.9102519,4.2358794,75.00564,1.4656447,0.018682465,0.001874482,0.17778878,1.925873,0.009488585,0.066133834,0.009846507
1.2094729,0.00033406567,4.746069,0.05049132,8.109166,1.2627068,41.20087,7.6937635e-05,9.14838,3.4321494,3.4108682,87.9663,1.824637,0.017794775,0.0029514134,0.23833027,3.046762,0.009084354,0.05269923,0.008537202
1.2764995,0.00033861227,4.3326883,0.06169018,9.359309,1.5898224,51.449432,6.876071e-05,10.437677,3.741817,3.7630875,84.07802,2.3602378,0.013371381,0.0016315191,0.22230858,1.8589708,0.015161355,0.08954115,0.011248812
1.2521095,0.0003095507,5.675511,0.07417333,6.8353376,1.4720381,34.847378,7.361191e-05,9.97698,2.845683,2.958077,103.82192,1.3946486,0.03983624,0.0030075174,0.21053569,3.3358846,0.0058222725,0.03469186,0.007778139
1.2897295,0.00027696855,3.642817,0.09902679,6.5927787,0.8341442,35.596542,4.432962e-05,7.3789997,2.1010413,3.805242,73.06694,1.0962313,0.014240134,0.001088083,0.1464215,2.061785,0.010350286,0.05924348,0.006096472
1.026341,0.00021842224,2.663309,0.042167727,7.095882,2.0583475,37.73109,5.256082e-05,11.335547,3.5801308,3.3392003,54.962914,1.3290753,0.00962876,0.0011506181,0.106016695,0.7798496,0.0064050914,0.098225646,0.0068018897
1.3229518,0.00046213326,4.694033,0.19877832,8.773936,0.88971925,46.106255,5.764504e-05,13.806957,1.2938129,3.6998887,87.20722,0.6140168,0.027145898,0.0002649087,0.18630135,1.8707306,0.01681266,0.13169026,0.011746198
1.2704413,0.0003913696,4.7340336,0.14061348,8.321875,1.1754454,41.948067,5.4898836e-05,8.653094,2.4380698,3.8186946,93.72039,1.0417728,0.017021885,0.00058540946,0.20636755,1.5495447,0.018437123,0.12571801,0.014745552
1.1958485,0.00022752133,3.5227373,0.058106974,7.922284,1.8436909,40.682606,4.7924757e-05,10.10384,3.0819035,2.4901943,74.67243,1.3547335,0.01685583,0.0012606735,0.13069402,1.0691627,0.010667123,0.14498295,0.0074291066
1.020939,0.00012744631,3.8155923,0.0021215363,6.785949,2.589045,32.440178,3.763002e-05,11.493625,5.0088367,2.5542345,92.30616,1.7600906,0.008660125,0.0010290645,0.12957174,0.9538054,0.009608945,0.13345331,0.0077464296
1.0661062,0.00040352906,3.6801436,0.18249111,7.501971,1.6660686,32.945515,6.4409425e-05,12.378782,2.7635095,3.1958778,73.23449,1.450098,0.029104257,0.0028116694,0.13603677,1.6341922,0.0072347424,0.10444045,0.007255688
1.2533689,0.00024950237,3.1229577,0.0698758,8.0495825,1.8446702,40.977726,3.9608884e-05,9.498487,3.3053384,3.7527251,63.8865,1.1624255,0.014732945,0.00041347122,0.12667821,1.0250973,0.006222958,0.0764424,0.0070621204
1.0673434,0.00020333366,3.9269168,0.04798564,7.8304977,2.0813017,34.05917,4.891813e-05,11.847721,4.394848,3.1994321,84.35937,1.8350289,0.017015595,0.0018737909,0.13560778,1.4722567,0.008019286,0.08615907,0.007101108
1.1223704,0.000249796,3.4018135,0.032402407,6.3082438,1.872208,28.317043,3.9316306e-05,12.5065975,3.5459769,3.9455378,71.6897,1.0531257,0.014776335,0.0013570879,0.1086573,0.84801793,0.007628535,0.102761395,0.006988674
1.187645,0.00025409795,3.8117921,0.06964609,8.903639,1.132456,46.95581,5.7949823e-05,7.8250346,2.6644511,3.0199695,75.08795,1.6003973,0.017709427,0.0029852355,0.18396382,1.8448138,0.007315208,0.08806191,0.0075172298
1.2879483,0.00028763828,5.4384704,0.09006124,9.323577,2.0203629,52.32465,5.2748248e-05,12.055332,4.798741,2.137661,104.52797,1.5564308,0.015597271,0.0016805576,0.2008902,2.0772955,0.011204398,0.1380734,0.011158656
1.1077839,0.00018019298,3.2203357,0.03238545,6.66335,1.6406069,33.86896,3.6627294e-05,10.5578165,2.8777096,3.6778345,65.48344,1.1164032,0.012500916,0.0006006792,0.10038401,0.80243826,0.006004155,0.097820535,0.0058858986
1.3616304,0.00040667038,3.562494,0.14465605,9.192285,0.81026477,44.818768,4.9125934e-05,17.787157,1.6310074,2.849283,65.50098,0.77353466,0.022241803,0.00080100744,0.17121267,1.5251243,0.01235285,0.064731255,0.0077034216
1.1184522,0.00017645764,3.8888838,0.02464135,8.466182,2.4438677,37.576004,4.5284618e-05,14.293083,3.7561748,2.8163824,86.72569,1.2155237,0.01529941,0.0008560071,0.14008607,0.96087646,0.010760051,0.16219808,0.008559546
1.2786663,0.00031009622,4.7434816,0.0651235,8.015761,1.6860819,37.650665,6.259864e-05,11.156588,3.9451842,2.9869776,88.13119,2.3843899,0.014811114,0.0016253559,0.19085383,2.5448241,0.008446699,0.04909982,0.006885969
1.1537892,9.146549e-05,2.1311028,0.020383513,6.7439494,1.0241151,33.725067,2.7952852e-05,10.897887,1.7429264,4.6312366,44.61076,0.7200512,0.006309569,0.00025533457,0.09364635,0.6237012,0.007954039,0.08083864,0.008368559
1.326756,0.0003286688,3.9110746,0.09593815,9.34724,1.0725664,50.18203,6.830178e-05,8.642677,2.5861895,3.260384,69.045525,1.2795584,0.018697947,0.0029548202,0.19596525,1.7612481,0.010176038,0.091010965,0.010463339
1.0960376,0.00023367669,4.6679726,0.08201944,6.814692,3.133972,31.266432,4.1460575e-05,13.128054,4.752182,4.185019,103.558815,1.2956846,0.023169272,0.00047516305,0.116330124,0.7166997,0.009759263,0.19346446,0.010787445
1.3961492,0.00032629102,3.7711973,0.07211765,7.1526837,1.2058915,35.18722,5.0103376e-05,10.919682,1.6986294,2.9219167,78.25631,0.8288487,0.022456218,0.0015096802,0.16127886,1.8239348,0.0054166494,0.113580234,0.0061572194
1.1590619,0.00041945433,5.1274033,0.043340664,9.981666,2.3215919,52.72045,8.9285604e-05,10.829855,4.687487,3.493992,96.83526,2.6614182,0.013719974,0.0020094905,0.27117893,1.903602,0.014406372,0.12997672,0.014184214
1.2954952,0.00046564674,7.5525365,0.09044955,10.556634,2.6356156,45.655,7.249895e-05,17.281973,5.9407983,2.6748059,136.4274,3.0936093,0.023980776,0.0029262241,0.1984798,3.4907007,0.0100242365,0.059525512,0.009000668
1.5474323,0.00037243654,4.9267316,0.14048176,8.456797,0.91333205,46.902214,6.778282e-05,13.597969,1.3626015,3.9787207,94.40497,0.4112529,0.03211614,0.00050294644,0.22759207,2.153819,0.015074994,0.13834698,0.0126802055
1.378567,0.00031855752,4.6113644,0.10262803,9.396496,1.4244819,47.42685,6.14881e-05,10.365437,3.1681113,3.2609885,86.58609,1.5633018,0.021369474,0.0024417252,0.19956933,2.3759253,0.009360486,0.07341113,0.011571494
1.36064,0.00036676493,5.7848015,0.09681624,10.599182,2.2112515,48.69417,7.5093085e-05,19.518137,5.0728393,3.3449428,120.06044,2.245236,0.022285363,0.0016651765,0.19651565,2.5243995,0.008377351,0.12272875,0.0071847937
0.9089581,0.00017665468,2.7814631,0.033642117,6.3963776,1.7718726,26.419132,4.944026e-05,13.560475,4.3821287,3.217908,55.05034,1.6148889,0.008806147,0.001987563,0.13599303,0.8618212,0.0102782305,0.10916053,0.008368937
1.3593836,0.00031373312,3.1592867,0.0764353,8.338462,1.1397325,44.018322,4.4424803e-05,11.051328,2.2654142,3.5779996,60.388237,1.0241401,0.018755846,0.0009939147,0.12961043,1.5357593,0.0068182885,0.059089128,0.0064169187
1.0216522,0.00011476295,3.4726946,-0.0015234363,6.401854,2.5953941,29.581938,2.8729646e-05,7.7147365,4.5190105,2.9293952,75.564644,1.5147647,0.008007955,0.0005835981,0.09768786,0.6961155,0.0071084183,0.120500326,0.005753449
1.240371,0.00023765901,2.7771652,0.019323995,9.22474,1.7461329,46.54464,4.576603e-05,11.916204,2.6025946,2.183572,65.17438,0.6612785,0.009489859,0.0007680816,0.124871425,0.7557,0.0065586935,0.11747814,0.0066959294
1.1995664,0.0002034732,3.8741922,0.051481098,8.135307,1.86134,34.6728,4.6176465e-05,13.614904,2.6890848,3.197084,84.09815,1.0206205,0.017980564,0.0007446015,0.14280458,1.2071118,0.009876687,0.11466084,0.009335869
0.96516705,0.00012340097,3.4452913,0.0029853093,5.9576793,2.4435434,23.988544,2.9479377e-05,10.555171,4.182787,2.9205763,73.204865,1.2602403,0.0032464506,0.00040433623,0.09471882,0.5747945,0.004246536,0.11240717,0.00586765
1.1400734,0.00013195389,2.843084,0.023682883,6.8438954,1.3316664,33.303646,2.5619169e-05,9.630606,2.100123,4.0495358,60.97822,0.8038022,0.01127301,0.00061178213,0.09352063,0.76490855,0.005444813,0.09339257,0.005616007
1.0680718,9.74772e-05,2.0796824,0.046686873,6.991302,1.3619872,27.262028,3.5678077e-05,11.894988,2.5419,4.2531886,46.726288,0.69459385,0.015148112,0.0010380073,0.08701976,0.8500846,0.010619824,0.10433894,0.008237883
1.435802,0.0001309378,2.2072766,0.047541667,7.562865,0.9278419,36.276962,3.7396247e-05,10.32292,1.2641815,3.6326327,45.788082,0.4728032,0.015478783,0.0006397019,0.10030948,0.93623435,0.008488219,0.08120021,0.0058793705
1.20672,0.00014468216,3.4037294,0.032542646,7.6968274,1.5519086,34.918537,3.9266215e-05,13.254498,2.4577093,3.4689217,78.74992,0.97418386,0.012725583,0.00092899683,0.14581963,1.1123047,0.006055549,0.11869669,0.006441637
1.3084046,0.00015964391,2.3225937,0.06336916,8.382241,1.0072982,39.13417,4.13098e-05,11.795206,1.7499698,4.7713594,46.374523,0.645815,0.01921053,0.00079519406,0.10714128,0.95766234,0.00913209,0.0791146,0.0067379815
1.3987157,0.00034849334,4.875859,0.039254315,9.158292,1.8268926,49.288002,6.560239e-05,12.530471,3.5353997,4.076126,101.56595,1.6606629,0.015968617,0.0017140117,0.20755138,2.202047,0.009371881,0.0822578,0.009420379
1.2983248,0.0003221197,6.2934117,0.15564093,7.2514586,1.9919602,32.64236,6.8960435e-05,15.06422,3.470971,4.1178684,118.30081,1.4247147,0.02827514,0.0010830963,0.19824776,2.4901638,0.026891029,0.092844754,0.017221358
1.2404838,0.00019060638,9.034553,0.102317445,10.736136,2.942965,31.437017,7.59406e-05,18.511156,7.4734626,4.0415215,176.15088,3.8951025,0.012266317,0.0042029405,0.32047263,4.027222,0.02551799,0.097972035,0.019582612
1.1299965,0.00026880493,6.7320747,0.069449976,9.031948,2.3779135,27.098917,6.196415e-05,12.485208,6.0480576,4.0004854,134.70662,3.1338477,0.013050588,0.0030829976,0.20968597,2.8557327,0.014577688,0.07459843,0.015648494
1.3915715,0.00031308318,5.1728787,0.06362682,10.330244,1.963607,50.900475,6.896106e-05,9.879657,3.3896244,3.6941848,106.479614,1.5319275,0.017076587,0.001716791,0.21458347,2.387382,0.015176847,0.100145616,0.013924351
1.3521743,0.0003980234,4.551933,0.11655306,9.752839,1.2714803,45.69854,6.3770814e-05,10.601882,2.959663,3.4179163,84.47276,1.478018,0.020170815,0.0023316834,0.2142157,2.2363923,0.011309174,0.07128712,0.010485585
1.3255255,0.00033321645,4.129933,0.046893183,11.175183,1.4500682,61.04637,6.9262e-05,9.639996,3.6268566,3.611366,74.90538,1.8038251,0.012960711,0.0013697116,0.23467301,1.862933,0.011338712,0.083156385,0.010425405
1.251247,0.00029194198,4.271069,0.090857685,11.0332155,1.856071,60.307213,8.676969e-05,10.182217,4.1795073,3.0316584,80.64523,2.2213602,0.021755127,0.0046117515,0.25408772,2.1035438,0.010192744,0.08368269,0.011005165
1.3414463,0.00036481945,4.058801,0.043994833,11.172413,1.4051208,63.37483,7.5901975e-05,9.831212,3.0926917,4.258339,71.76549,1.527253,0.009482157,0.0017479612,0.22294089,1.7925606,0.007733382,0.080577485,0.009499466
1.4583744,0.00029623648,3.6293535,0.06509138,10.604423,1.1221625,59.521843,6.925985e-05,8.987413,2.278893,4.0472507,65.888695,1.1723429,0.012839531,0.0017874785,0.22054854,1.9268446,0.008456923,0.06878405,0.010777525
1.3490201,0.00036624476,5.1693506,0.042176187,11.580353,1.8149664,65.476425,8.5829335e-05,11.081824,3.8780215,3.9874294,94.767426,1.9137408,0.015497974,0.0014691938,0.26553285,2.229481,0.013665898,0.06994903,0.012055221
1.3264138,0.0003468392,5.2880197,0.07349894,7.536055,0.92929554,35.51668,5.077487e-05,11.5355625,2.5432408,2.8746636,96.0042,1.6053274,0.025765553,0.002218481,0.17130496,2.435002,0.0058710244,0.049467728,0.007261678
1.3394275,0.00023758165,4.2655973,0.055227168,6.1376796,1.270186,29.43896,5.2145995e-05,7.6593566,2.3808582,2.628272,92.889305,1.2012293,0.015918447,0.0020680125,0.1377078,2.540136,0.008429238,0.054599337,0.007042319
1.3677557,0.00035310138,7.092669,0.09417673,9.678585,1.9625782,40.770275,5.9710386e-05,13.820007,4.1933227,3.6415453,133.30716,2.0518844,0.024980538,0.0013125481,0.20787627,3.11941,0.018684378,0.07718262,0.0155797945
1.3057512,0.0007219722,9.464024,0.21284041,10.346623,2.6638668,44.32163,9.7415046e-05,26.293804,5.9913282,3.7356045,174.27797,3.3872793,0.03839489,0.0029762078,0.26479667,4.433938,0.020658148,0.08019765,0.018508969
1.3698984,0.00042298812,8.367979,0.09070117,9.418163,2.6872559,40.908215,7.631886e-05,21.084427,5.5790296,3.8439484,167.6905,1.948523,0.025057767,0.0018468202,0.20129973,5.082599,0.013381762,0.079554945,0.0075022653
1.3227482,0.00033933285,3.6879666,0.15199639,8.96332,0.9752564,43.51475,4.6638146e-05,16.488165,2.1103196,2.6650963,67.296776,1.1754748,0.02270278,0.0012211417,0.15643817,1.8192109,0.0123774735,0.071671985,0.007472002
1.2547407,0.00032429933,4.383692,0.16833536,9.2244835,1.1525787,45.264107,5.866935e-05,7.4234333,3.0568318,2.8314717,83.63093,1.6571076,0.016960207,0.0023930755,0.21807122,1.8200628,0.012947962,0.12286349,0.012188107
1.2912387,0.00033810243,4.6975355,0.03525596,10.060074,1.8085979,53.228634,6.894184e-05,11.039937,4.149727,3.32709,84.73861,2.3619716,0.020888947,0.0026364662,0.21381569,2.115579,0.008099699,0.0778348,0.010011872
1.1910102,0.0004795392,5.5102463,0.091966376,8.275386,1.092887,35.670704,6.0051058e-05,14.621289,2.965809,2.4098387,110.45914,2.0500624,0.03220315,0.003803589,0.1198985,3.7515054,0.0025749987,0.06992416,0.0025215654
1.246264,0.00031609042,6.3714905,0.055775724,6.982006,2.0578678,32.618626,6.6535664e-05,9.521479,4.428623,2.8351307,118.6036,2.5094821,0.027652595,0.0029427686,0.18908727,3.8133762,0.0073438124,0.043329924,0.007721121
1.2417907,0.0003218818,5.187436,0.03447338,8.079568,2.6564817,43.489902,7.104441e-05,6.7337956,5.5586967,2.9532993,98.519806,2.862321,0.016998375,0.0026999011,0.19118555,2.1392784,0.009044851,0.07935734,0.009987351
1.2239913,0.00028338382,4.968128,0.047272287,8.007055,1.7958167,36.984547,5.4982815e-05,15.216359,4.632224,3.8418186,92.26224,2.3232656,0.014824439,0.0021118638,0.1775758,2.477019,0.011785771,0.08269307,0.008290765
1.2741175,0.00031274627,5.043415,0.027422357,9.102128,2.502753,47.428898,6.8648435e-05,7.7503986,5.0286026,3.2445853,93.579666,2.6089191,0.01629063,0.0024457464,0.20385219,1.9816154,0.00828578,0.086194955,0.009428662
1.233501,0.0004939109,6.436959,0.032997474,11.257591,3.063802,45.850227,7.255883e-05,18.284658,7.009473,2.9952874,113.18724,3.1906323,0.01956449,0.0020049028,0.24713962,3.1117084,0.009483336,0.110521235,0.0075775
1.2669587,0.00039484122,4.4458694,0.06633516,7.8971944,1.9483666,38.95394,6.1309605e-05,6.467171,4.3810797,3.6701612,85.224915,2.0404756,0.014934435,0.0016741416,0.19375612,1.5275154,0.010802519,0.099794574,0.008824816
1.2627882,0.00035392842,5.1170993,0.11580344,7.021428,1.4355451,33.881058,7.7354394e-05,8.386521,3.1125097,2.6431634,96.471,1.5718299,0.04035887,0.00419686,0.18031901,2.9912932,0.0038378704,0.047460377,0.0058724596
1.5139894,0.00046773267,4.148532,0.092291966,11.195549,1.4758826,59.044044,9.19587e-05,8.095541,2.6981752,3.4816751,78.67068,1.1527312,0.019193085,0.0020825558,0.22864018,1.7199047,0.0071766935,0.09322206,0.007921242
1.1651843,0.00023199857,2.4925861,0.066204,8.302555,1.5415125,35.93746,5.867611e-05,12.732479,3.2457418,4.511754,57.678066,1.4778726,0.018709613,0.0015826467,0.13743782,1.1316932,0.0058987117,0.0690646,0.0065166075
1.3001765,0.00044985552,5.408673,0.11490349,7.845837,1.0310025,39.396732,5.8426907e-05,11.519487,2.3312316,3.1746695,99.31059,1.3758411,0.026088275,0.001233747,0.18125318,2.313996,0.008459283,0.064434975,0.008062673
1.406176,0.00031254764,3.6883206,0.11976415,9.74417,1.035598,51.99557,4.786303e-05,10.47317,3.4134312,2.9846659,68.64684,1.8782988,0.023272203,0.003832036,0.16643609,1.6880227,0.007526482,0.04986839,0.008700387
1.3569132,0.0004108288,4.4689817,0.10888773,9.675448,2.2054083,50.029743,6.958029e-05,7.051497,4.8200045,3.2165263,84.49196,2.2989664,0.02314158,0.0031776873,0.22368352,1.4278129,0.00939287,0.111448325,0.010334162
1.243627,0.00040672935,4.555132,0.066286,10.024985,2.451775,54.287247,7.256331e-05,10.387291,5.6322536,2.9969072,97.19377,2.855327,0.022504294,0.0026420716,0.23638885,2.0018773,0.008081162,0.08553065,0.009513057
1.1921967,0.0002589546,3.789197,0.050692726,7.888052,1.4469543,31.061193,4.7310416e-05,12.593079,3.365746,4.3712773,72.271866,1.7296606,0.016582202,0.0014341879,0.19577597,1.7003045,0.011794982,0.086816624,0.009834153
1.3116292,0.0004784818,6.0150824,0.051541448,7.163624,1.3480687,36.972343,6.559441e-05,16.768572,2.673657,2.290533,110.97067,2.2132018,0.024744349,0.002758401,0.16402186,3.801277,0.0038478668,0.06977545,0.003381047
1.2958378,0.00036687232,5.0381093,0.040062256,7.622817,1.445391,39.799026,4.8937556e-05,13.975724,3.5801935,2.6202848,95.74068,2.038233,0.012680783,0.001676401,0.16654848,2.6612997,0.007957465,0.09660857,0.0040384373
1.2157414,0.00037223432,6.762781,0.0511459,8.50971,2.6438117,39.449524,7.109831e-05,13.441822,5.604983,2.818089,124.77392,2.7215173,0.015500879,0.0017226444,0.22021706,2.746696,0.008393262,0.10089945,0.0081144795
1.3814337,0.00024507634,3.0811553,0.066677906,9.007344,1.0906228,38.166603,4.7607402e-05,13.024133,1.727032,3.3829777,75.85376,0.7954841,0.015100674,0.00092870713,0.19953884,1.3557432,0.011625102,0.10372755,0.009141491
1.1825368,0.0002733878,3.411742,0.10549079,6.9591455,1.0889252,32.497704,4.2820957e-05,7.1274824,2.837665,4.1816382,62.596577,1.7919444,0.022548033,0.0024822752,0.13801195,1.883899,0.0097985715,0.030023493,0.008469903
1.3476369,0.00038542703,3.7015033,0.12952237,8.066826,0.99446297,37.450367,7.314024e-05,16.06429,1.6152233,3.0242734,71.734505,1.1932781,0.039471388,0.00249546,0.13667491,2.8830957,0.006259131,0.05099321,0.004848577
1.4161577,0.0003647549,3.267717,0.069495864,10.866058,1.6271647,53.7097,5.7953454e-05,9.568896,3.076643,3.1490877,67.67131,1.0434709,0.016196465,0.0009733024,0.17447692,1.2593544,0.008749861,0.08406874,0.005986693
1.2601061,0.00034473217,2.6635454,0.08100465,7.8270197,1.0092913,33.770805,4.440268e-05,8.188791,1.59672,3.3689377,55.51927,0.58733374,0.016370771,0.0009138334,0.16455899,0.821395,0.008981633,0.096770324,0.006446504
1.2513405,0.00033465683,3.114234,0.08080532,7.2217607,0.92005706,32.963387,4.6680154e-05,9.105232,1.8590863,3.2358592,61.220806,1.1316324,0.017782902,0.0013112744,0.19072224,1.5896369,0.0086552715,0.054446343,0.007111903
1.1809028,0.0003087687,3.0662115,0.08152293,6.228858,0.9806552,28.015055,4.320592e-05,8.884185,1.9559214,3.0274546,57.758926,1.1236931,0.019821243,0.0016066727,0.13178831,1.5552154,0.0066693877,0.03131452,0.0050362535
1.3182526,0.00022062147,3.9932969,0.064812124,6.9913287,1.2940055,32.627773,4.2095002e-05,9.400526,2.7391393,2.5931184,82.645096,1.0886062,0.009988218,0.0010831683,0.15844508,2.083787,0.011212416,0.062336992,0.0072060055
1.2322183,0.00027595577,3.6642683,0.09864088,7.9622126,1.4796543,29.257372,5.185591e-05,8.848983,3.0409424,4.801281,68.697,1.2615856,0.017651811,0.0013540705,0.20405385,1.8163747,0.012354846,0.07594404,0.010573305
1.5454845,0.0001115247,1.2064738,0.052722275,8.523134,0.93456084,44.954113,4.0349623e-05,8.624765,1.3405423,3.8305843,44.793495,0.54531574,0.0148402685,0.0009810538,0.09608,0.7908321,0.010429754,0.09060117,0.009225405
1.2126935,0.0014416146,18.788612,0.3344412,14.433894,5.8333583,65.35033,0.00020681636,54.98963,15.751998,3.5512962,353.8685,8.036058,0.043115128,0.0056322133,0.5924918,10.433148,0.046020534,0.32472932,0.02861608
1.0956117,0.0011400407,21.080723,0.44545493,10.072651,7.6484385,43.1168,0.00013525946,34.972412,18.069447,3.2030935,384.53265,9.543632,0.07717501,0.007375873,0.3555164,8.873251,0.02930476,0.17234553,0.033553172
1.1189711,0.00037123272,13.734216,0.17597309,10.185825,4.859765,42.30083,9.596987e-05,27.869864,10.455187,3.963717,246.65929,5.1600866,0.02939861,0.0041477284,0.31044438,5.4692726,0.048169367,0.19522914,0.03923888
1.2780552,0.0002834084,4.257584,0.104706004,6.814499,1.3276016,33.752884,5.8381553e-05,9.6049595,3.3077757,3.655205,84.85242,1.7173142,0.017692667,0.0016162968,0.19636787,2.1583488,0.011648471,0.05035914,0.0072131692
1.1097219,0.00010063418,3.16781,0.030272605,5.814085,2.0238779,28.094412,4.5925775e-05,11.466971,3.4702206,3.7421813,69.8359,1.1165272,0.01457373,0.00017639823,0.14702608,0.61973804,0.0094749285,0.11262847,0.011022898
1.2196769,0.0002962356,4.0823207,0.09651227,7.7724833,1.3949658,37.0874,7.087394e-05,12.990284,2.7809284,2.9130082,83.55092,1.5281839,0.017922891,0.0012371662,0.17268285,1.9236991,0.008902744,0.07291108,0.006476455
1.4453838,0.00029477512,4.972781,0.09554306,9.663743,1.2696365,58.755604,5.705408e-05,10.3052435,3.2918293,3.8799508,89.68431,2.642036,0.01507797,0.0020419941,0.17533505,2.9295309,0.011361794,0.052766375,0.009232068
1.342403,0.00043301997,4.3622613,0.117493734,10.506802,1.3861324,55.649155,6.741268e-05,10.97884,3.8756678,2.7403364,92.18459,2.112091,0.0251755,0.0040542427,0.19703853,2.3685663,0.0075651007,0.08453279,0.008820126
1.2866627,0.0004378395,5.00053,0.20270284,11.63272,1.7084575,65.42363,9.884784e-05,17.32658,3.0363698,4.2533274,99.29811,1.3075428,0.03352731,0.0017867646,0.31406233,1.8575156,0.025405042,0.22302337,0.020636361
1.3378187,0.00047234035,6.284922,0.10912121,12.658844,2.367841,69.534225,7.6615295e-05,17.397442,6.1448755,5.0267897,115.17733,2.7842135,0.017459387,0.0019033568,0.25425383,1.9002076,0.017851347,0.14633623,0.019705143
1.3319118,0.00038952794,3.4248016,0.08777112,8.347653,0.95138925,40.470272,5.4690765e-05,15.2155075,2.2452064,3.6064951,68.23226,1.1876646,0.018803488,0.0011532338,0.18776168,2.0929537,0.011911266,0.069496624,0.005438911
1.463242,0.00018958295,1.745579,0.12410211,11.932012,0.8958867,65.21316,3.058929e-05,19.49346,0.8826661,3.6809123,39.594784,0.14684808,0.029054472,0.0018787757,0.2022759,0.4176308,0.012514302,0.0783584,0.015584723
1.3258927,0.00025208452,2.5464344,0.0573974,8.840383,1.0652323,38.50538,4.7905552e-05,11.901786,1.5584812,2.6675081,58.7138,0.6176516,0.015743967,0.0013861511,0.14379522,1.085752,0.0058970465,0.1232342,0.007542885
1.3785368,0.00010831867,2.2709892,0.05284782,8.9876175,1.0319911,43.50084,3.8145947e-05,13.222277,1.0161613,1.3232085,53.164898,0.31998405,0.016279088,0.0011748767,0.116512746,0.71450055,0.011447163,0.075303845,0.0106160585
1.30053,0.00070343574,17.324707,0.16196094,12.098937,6.3603435,60.707195,0.00012814396,39.314426,17.139729,3.078191,311.9051,8.492204,0.03131157,0.004592039,0.4356415,8.130834,0.03284139,0.18900415,0.021167975
1.3031057,0.00030149563,3.5098467,0.12146882,9.999194,1.2118149,49.288128,5.8298465e-05,7.8194776,2.6374257,4.0041127,67.36831,1.9841912,0.0193886,0.0020756554,0.2016541,1.5705642,0.011623166,0.08958343,0.010974047
1.2101306,0.0007649365,18.84607,0.17075562,8.791584,6.0543423,47.08822,0.00011756518,34.140724,17.084148,3.0390224,343.97302,7.5927896,0.03966845,0.0050324113,0.44943944,11.261897,0.038095657,0.17093252,0.02656064
1.4255829,0.00026957848,5.529923,0.041797396,7.5565343,1.8893311,28.410955,6.2171464e-05,13.675369,3.3649292,2.6732337,124.20778,1.6494534,0.017962981,0.0016565383,0.15224141,3.1412697,0.011612713,0.076917306,0.0073332414
1.0750765,0.00039579486,9.833914,0.099183895,7.7553234,2.3190963,34.80005,9.134529e-05,16.536478,4.783109,3.1238668,173.57076,2.1962326,0.033199828,0.00343445,0.30278122,4.060663,0.021641364,0.16132252,0.020538192
1.2478212,0.00029738707,13.377054,0.0663236,11.049589,4.3395214,50.316544,8.252758e-05,23.967655,9.6788845,3.387669,230.79825,4.4858575,0.011180989,0.0039250785,0.31750983,5.4572577,0.029259933,0.14972912,0.02383082
1.215312,0.0005731218,12.368336,0.15209077,9.789943,3.9210117,42.41806,0.000104160536,30.96947,8.05584,3.8361168,225.2439,3.1271057,0.034278627,0.003110744,0.2928994,5.1088123,0.030167017,0.16186164,0.021082789
1.3292007,0.00037801193,4.7250896,0.08909295,8.914916,1.1819139,40.376354,4.7250764e-05,12.243874,2.422657,4.050438,89.18739,1.2091085,0.021997508,0.0013283783,0.17867061,1.8396382,0.013272605,0.07536317,0.011408595
1.3334165,0.00026323725,3.7364545,0.09859895,7.7152686,1.0859058,42.74503,5.2283925e-05,9.894765,2.2991507,2.9734097,70.440384,1.5032665,0.020070074,0.0025422238,0.19836624,2.4339333,0.009082442,0.056150932,0.008945183
1.538395,0.00018817431,3.4876833,0.06464465,8.596858,1.4019954,44.173626,4.5342353e-05,7.597215,2.115975,2.9793777,72.39396,0.7235071,0.01582117,0.0010094104,0.17643987,1.1511309,0.007895061,0.096078314,0.008859619
1.2552537,0.00029776467,6.847875,0.04006534,9.21772,1.998261,43.106358,6.688152e-05,15.576324,5.7272177,4.230891,127.41092,3.0719297,0.012635611,0.0016293417,0.2665345,3.8105114,0.013907507,0.07875554,0.0073398845
1.1571977,0.00028537647,8.882301,0.07804269,5.946871,2.4406495,30.659286,5.8449084e-05,18.821302,6.3922653,3.1050684,157.11124,3.1481023,0.016915135,0.0028966449,0.18447557,5.6471286,0.013408996,0.075582534,0.00720316
1.2309142,0.00048708144,13.680808,0.13268225,12.958546,4.747347,46.883476,8.7034394e-05,24.002554,12.1524,3.142051,239.13962,6.3323965,0.026554018,0.0045371726,0.29999012,6.9292283,0.021624912,0.1039217,0.021616599
1.1791021,0.000392221,7.421157,0.12874366,6.3155966,2.1804323,33.36896,7.657817e-05,14.588809,5.7807975,2.9070656,144.122,3.4382377,0.027620569,0.0030752036,0.20094275,4.0476255,0.016263457,0.069468305,0.013277638
1.6006398,0.00051484077,8.964912,0.16351365,15.411513,4.2455597,105.25404,6.28219e-05,24.42308,11.635761,2.767717,177.5898,5.5252604,0.033277806,0.0028883037,0.28128964,3.820966,0.021568809,0.09190569,0.015720366
1.444216,0.00025640315,3.6223586,0.07742191,9.74607,1.2248753,50.047363,5.3112282e-05,11.833053,2.9447892,2.8144069,73.76296,1.3664027,0.020109763,0.0011990453,0.19828117,2.0526884,0.011737323,0.06510583,0.0074768546
1.3938564,0.00037048582,4.3886986,0.13606359,12.020144,1.4134388,59.94476,6.402284e-05,9.330177,4.6505814,3.262545,78.65239,2.7373128,0.025243562,0.0034117913,0.22945505,2.3103228,0.012304615,0.05414898,0.0113655785
1.3365611,0.0002720438,3.4939294,0.077974394,7.1183496,1.1720281,35.789654,4.7026977e-05,6.7150145,2.107889,3.4639957,66.29564,1.0524896,0.01486363,0.00067703857,0.1567086,1.5847172,0.00974624,0.049993657,0.0069592977
1.2115012,0.0003154205,3.0747814,0.07795196,6.79817,1.1471515,29.638123,4.6611567e-05,7.933793,2.4104865,3.9871905,56.085594,1.3933357,0.0136644365,0.0020033743,0.15179184,2.0099804,0.007139509,0.04889522,0.0057074646
1.3046764,0.0005672313,15.586858,0.06807038,15.527837,5.3254943,56.531433,0.00011638498,26.639025,10.842371,3.7455897,276.8389,4.554231,0.015397426,0.0033607746,0.36991146,5.6214356,0.029404588,0.16898611,0.021307638
1.2189387,0.00060258474,13.146272,0.09311581,9.536732,4.71287,43.449554,0.00010312263,38.56192,10.455192,3.9286005,243.5115,5.4807844,0.020511478,0.0026855574,0.37025315,8.039436,0.030406121,0.09508648,0.014045938
1.182192,0.00010019842,2.4325635,0.034496542,8.526547,1.030304,39.830322,4.3680157e-05,9.243373,1.388519,4.543842,51.88819,0.5985383,0.017261706,0.0006800561,0.18422338,0.81115586,0.014292577,0.13512464,0.014439907
1.0947512,0.000107972366,1.9743714,0.040773697,8.829722,0.9092926,41.169746,4.250941e-05,12.890706,1.4848278,2.3900592,42.835697,0.53806895,0.008667052,0.0006868612,0.13140076,0.5259383,0.011004844,0.11475287,0.01065827
1.3061897,0.0005275489,9.463085,0.11438233,13.37043,6.1892705,62.02509,0.00012320606,24.568352,8.054202,3.9250114,184.63577,3.3717139,0.037339702,0.0023540312,0.49930742,3.0598633,0.03616973,0.17194112,0.024671823
1.1519691,0.0008222156,25.803572,0.18641995,8.707754,10.211946,40.030678,0.0001611865,43.50709,22.786867,3.8854842,467.282,10.88171,0.030203199,0.0032384305,0.74277693,8.962014,0.056020465,0.1791656,0.040563103
1.2139199,0.00060972094,12.974632,0.16075419,10.046521,2.4691226,43.257545,0.000104312545,16.5742,5.3079243,2.0097628,241.78902,2.473529,0.04350277,0.0052840323,0.29831994,7.2877626,0.018466592,0.13583009,0.01807807
1.1741815,0.00043066777,8.394805,0.14392771,8.756199,3.296851,45.1344,0.0001071183,18.440401,6.766892,2.7770863,173.48685,3.5224676,0.037661783,0.0035546974,0.30257758,3.8057344,0.013545906,0.13004231,0.013184698
1.2551459,0.00039450786,5.768069,0.11050153,8.412279,2.1562119,34.9412,6.716121e-05,12.42847,5.1052346,3.346813,101.6413,2.4893024,0.02702976,0.003330054,0.22849543,2.6322935,0.013805718,0.13795479,0.014969182
1.0693355,0.0006333438,20.501286,0.20467946,8.759054,5.8742204,38.233963,0.00012809025,42.51676,13.89157,4.030812,357.2631,6.084643,0.037691772,0.0043970975,0.39403793,11.740287,0.02691153,0.265115,0.03417638
1.0685306,0.0006087079,10.724096,0.10101802,7.707642,2.948466,36.166325,9.51015e-05,25.244263,8.649531,2.699563,212.74084,4.246492,0.034120046,0.0024278776,0.3539486,5.3645225,0.022799185,0.10993635,0.012566825
1.2446419,0.00057218305,9.886639,0.104531795,9.86597,4.923852,48.865067,8.821428e-05,34.474415,12.387345,3.0467346,191.38335,5.728133,0.019962944,0.0025508173,0.41365486,4.0932093,0.031161081,0.15562327,0.018197883
1.1311812,0.00021133762,3.2849011,0.03327543,6.1025977,1.0768235,26.599892,4.836259e-05,7.87292,1.8578843,3.9506555,60.9087,1.1930774,0.010822662,0.0022872463,0.14907533,1.723853,0.0050884504,0.055718552,0.0050464524
1.4173303,0.00038342678,4.16559,0.16273655,12.726125,1.402566,65.09437,6.854645e-05,10.282101,3.4236681,3.5133076,80.87522,2.0692618,0.028775454,0.0025670326,0.21086325,2.1644855,0.017461088,0.067868955,0.01702561
1.1624485,0.0008123863,13.51021,0.19550167,9.412902,5.1056037,44.966442,0.000107331165,31.16096,13.971431,3.2124035,269.68704,7.3715715,0.03161978,0.005131316,0.39053842,5.3555436,0.026896752,0.23518775,0.018649021
1.0618469,0.0007980567,19.99209,0.14189617,11.516091,6.116486,36.346977,0.00018651366,37.53696,15.150465,3.4477913,370.06393,8.145611,0.0623,0.008062547,0.4649591,14.219973,0.031567845,0.2202732,0.023101175
1.07864,0.0005751296,9.441269,0.16916618,6.6088886,2.2532558,32.85815,8.14631e-05,22.26786,4.875452,2.673228,173.60667,2.4397526,0.0446704,0.0025741206,0.2148369,4.2631454,0.020674378,0.14427784,0.016152442
1.0781226,0.0006855889,19.497223,0.21013153,11.1145735,6.2543263,48.02526,0.00012421548,37.19194,14.685139,3.2723384,354.34015,7.649494,0.047645334,0.006029629,0.33374417,10.584574,0.030635528,0.16476177,0.030136248
1.228699,0.00066268235,20.871761,0.22485735,11.858461,5.591806,56.538147,0.00013524399,42.51353,19.691181,3.419327,371.46906,13.316276,0.03306941,0.006658778,0.47736543,17.062607,0.02832434,0.20936133,0.017987138
1.0980227,0.0014430636,25.2365,0.2943893,10.517044,13.086594,41.350468,0.00017999765,52.21244,22.432753,3.8778174,497.86536,9.099139,0.06591052,0.005411974,0.6527763,9.824118,0.036522433,0.3174434,0.038217165
1.2483271,0.00031433944,6.398675,0.059597738,8.284522,2.3144565,28.388542,7.0153714e-05,19.379398,4.8405943,3.3953416,128.3571,2.1973348,0.023830066,0.0026311679,0.19041735,2.8884785,0.011717363,0.05731866,0.009972256
1.2617186,0.00028724043,5.285064,0.069636665,8.276965,2.0847442,37.822315,6.4113316e-05,12.636811,4.2963905,3.3406389,98.991554,2.0659277,0.017541593,0.002868543,0.19394949,2.813518,0.011489218,0.065255485,0.007815452
1.0135359,0.0005168141,16.79958,0.15608576,11.790323,5.7490554,43.268494,0.0001361102,34.23864,13.495229,2.966086,282.42224,8.644462,0.036883485,0.010852689,0.31523108,9.368885,0.024532944,0.12808205,0.034559064
1.1898463,0.00040833696,7.9337397,0.09658827,8.100104,2.741826,35.046715,7.441709e-05,14.838712,5.761901,2.6088815,143.0641,3.2329767,0.024202324,0.0036943299,0.2079479,4.603967,0.01396201,0.07087566,0.009961301
1.3371806,0.00014455419,3.074663,0.043961935,6.476185,0.994674,35.906013,4.264386e-05,7.773543,2.2480357,3.6713321,64.59157,1.0816509,0.014922615,0.0009848627,0.106547475,1.7033185,0.009074421,0.07224121,0.0059213024
1.2825882,0.00023998716,4.8311768,0.072491616,10.134012,1.683812,50.35775,6.0596332e-05,11.936777,3.664579,3.3750334,104.24838,2.0541089,0.01576328,0.0016456153,0.25012955,1.8705981,0.016106974,0.104541354,0.015284515
1.1495596,0.00066951144,7.415486,0.20701434,10.303509,2.2439392,49.822453,7.391554e-05,24.711151,4.3530607,3.8969564,152.81224,2.16588,0.06020822,0.0022949553,0.27657813,2.1003604,0.02226459,0.1820866,0.021112753
1.1497396,0.00037598683,4.2744617,0.09212767,7.423548,1.3312615,35.052834,5.9376594e-05,8.822919,3.4290183,3.563664,78.46373,2.4132,0.01726571,0.0022941583,0.17906843,2.0654774,0.012869457,0.051012263,0.009555087
1.0601449,0.00058352196,15.936975,0.10611838,12.099982,5.2935886,35.030304,0.00016322968,34.175297,11.839057,3.4133708,283.10214,6.2928267,0.041322704,0.0077032014,0.368739,11.672769,0.026651703,0.1654696,0.020978486
1.0423138,0.0010008996,24.154007,0.33636644,7.1141667,9.155805,30.332867,0.0001431119,36.61846,18.771315,3.2915657,398.49808,10.980535,0.07467738,0.0070397477,0.28815147,9.742446,0.03471637,0.13912982,0.035200123
1.2510021,0.00030500782,6.1281266,0.07198044,7.2264695,1.9374108,36.04908,6.094895e-05,11.844245,4.4224834,3.3746345,116.23756,2.21072,0.023003818,0.0026732723,0.17614879,3.3128657,0.011009602,0.04925214,0.0077346233
1.271657,0.00030181173,5.253008,0.0653733,6.8507905,1.9589394,32.20992,6.384499e-05,10.781045,3.8285244,3.3701,99.97404,1.7530861,0.01892754,0.002452202,0.16481884,2.7676744,0.009736125,0.06002197,0.0069053536
1.1072357,0.00032127407,13.748649,0.10931833,14.937588,3.9589438,45.109783,0.00010884954,39.59299,10.959121,3.262767,223.60995,7.360326,0.031415988,0.0057121157,0.36202374,6.9463153,0.026927987,0.078052305,0.025769433
