Anth,B,C,Ca,Car,Cel,Chl,Cu,EWT,Fiber,LAI,LMA,Lignin,Mg,Mn,N,NSC,P,K,S
1.1654346,0.00012776957,1.4793154,0.025427006,6.6451135,0.8236325,21.273462,3.077576e-05,8.198853,1.171208,3.5080986,21.94474,0.5272229,0.008888421,0.00068597996,0.04728967,0.66365576,0.00639191,0.062976055,0.0056265416
1.0503781,0.000198583,2.9390097,0.050365552,5.181634,1.1663134,22.136799,4.115703e-05,13.301936,2.075067,2.2917414,54.831516,0.82840484,0.015769608,0.0009873234,0.09446057,1.3883728,0.011340741,0.06956216,0.006901971
1.2063568,0.00012823602,1.4585302,0.021450592,7.806221,0.89578646,22.141474,3.289545e-05,10.388,1.3579845,3.278727,21.099953,0.6371747,0.0056526684,0.0006986988,0.077190645,0.68226504,0.0077843806,0.07059137,0.006576136
1.1170564,0.00018296456,2.25646,0.065089256,5.5062647,1.117589,29.150187,4.101365e-05,19.399126,1.9055033,3.2230406,36.880005,0.8960832,0.0063287253,0.0008841506,0.09877176,1.0645118,0.010569684,0.08545562,0.007649489
1.1368468,0.00017941257,2.2829914,0.035860483,5.538264,1.1345788,30.02844,3.98769e-05,12.463433,1.7785344,2.8962493,39.46398,0.7098784,0.009830509,0.0008398822,0.11031977,1.05701,0.012701985,0.08203358,0.0082538575
1.2669542,0.00020967406,2.6997693,0.06509786,6.200601,1.1885945,32.122368,4.456967e-05,14.414922,2.2636113,3.4311736,58.207447,0.90265876,0.0139684025,0.0010855194,0.13746798,1.3581384,0.013502346,0.08202964,0.00866184
1.3328302,0.0001141908,1.2089103,0.027685508,7.6631074,0.6425725,25.199123,2.9840627e-05,9.492064,0.8772366,2.9180572,18.717518,0.4363149,0.0070887073,0.0005565669,0.058576107,0.5373669,0.0077386065,0.06723965,0.006388745
1.2127969,0.00024281738,2.5665386,0.09320798,4.513869,1.218516,22.872492,4.4008142e-05,16.45745,2.075802,2.7642658,54.763954,0.7341294,0.01653332,0.0008822021,0.08993464,1.219057,0.0128193395,0.092692606,0.007830114
1.1246417,0.00010992819,1.3395596,0.019805238,7.51364,0.86299527,24.30353,2.8856633e-05,10.096369,1.1381022,2.3669126,21.166395,0.49735343,0.005293626,0.0003378781,0.058628462,0.57967716,0.0078094467,0.06755231,0.0062917634
1.1889462,0.00023300297,2.6914613,0.054374855,6.6894975,1.1716117,26.779455,4.8749007e-05,13.191832,1.7047731,2.7019222,56.632626,0.68985987,0.019685041,0.00091294345,0.14029528,1.134552,0.014336839,0.10844612,0.009789913
1.3908682,0.00021188258,2.7536767,0.06723521,7.3511677,1.4323606,38.110928,4.8391405e-05,15.771742,2.4886115,5.388523,53.09472,1.0180973,0.016132418,0.0013407634,0.1275632,1.252303,0.015527084,0.10597346,0.010225372
0.83845884,0.00020595368,2.392506,0.046521574,6.7838874,1.2281226,23.067833,4.0379975e-05,15.000619,2.2788918,2.529167,37.790604,1.0398806,0.009448241,0.0012157224,0.086555526,1.1423898,0.0101449,0.081080526,0.008064722
1.1175885,0.00021610603,3.5873635,0.05554712,4.3168917,1.3177596,18.507374,4.2158783e-05,19.566734,2.7811182,3.9889064,70.39011,1.1890604,0.012776665,0.0014037621,0.09954052,1.7274033,0.010896541,0.07080536,0.006922583
1.362708,0.00020275204,2.1440468,0.07675712,6.796442,1.1732155,37.30796,4.5378096e-05,29.444967,1.7795498,3.264865,37.534176,0.74618804,0.010097391,0.00088387943,0.11544137,0.9142492,0.012760922,0.11076374,0.010733113
1.3733697,0.00016376202,2.3696685,0.045243442,6.963584,1.2943723,28.643778,3.950513e-05,18.072876,2.1400056,2.7962983,43.580364,0.82372624,0.01038387,0.00080499076,0.08841315,1.1201878,0.010842266,0.09300234,0.008514538
1.3874769,0.0003060346,3.4788435,0.059656028,9.320976,1.4555429,48.38344,6.152787e-05,11.951274,2.830674,2.9638731,71.90022,1.368814,0.019216882,0.0017477291,0.16487157,1.4969832,0.011237576,0.093163095,0.010376503
1.2982873,0.00012484523,2.3430903,0.03554207,7.8114915,1.0066445,36.02575,3.599788e-05,10.3141575,1.8162545,3.6018999,44.65514,0.7758829,0.012101793,0.00083253795,0.11367132,0.8600627,0.007773738,0.08603721,0.008200671
1.3346957,0.00018516132,2.2288668,0.05616392,8.65332,0.94838876,32.524555,4.2475065e-05,12.728143,1.6248156,3.7884302,42.7274,0.71516585,0.013524435,0.0007708323,0.1353095,1.0128653,0.010559177,0.086962916,0.008221845
1.5971704,0.0001632177,1.6700677,0.08270014,11.50458,1.1495013,60.02931,4.5301975e-05,15.489834,1.4509779,1.4524841,56.337868,0.65880376,0.017457198,0.0012177331,0.12946667,1.0721753,0.014497003,0.09705251,0.012071009
1.3711511,0.00016435624,2.0108247,0.049778994,9.593688,1.0852928,40.640198,3.3949287e-05,14.9106455,1.7492777,4.080572,34.641693,0.673573,0.012144761,0.00075619837,0.11218746,0.8551714,0.009417581,0.09213209,0.008960254
1.2350391,0.00012602202,2.1332939,0.036221586,9.568114,1.2466427,40.545418,2.9374884e-05,13.9875,2.19015,4.266327,39.85251,0.88783413,0.01072788,0.00060918846,0.09347139,0.71086633,0.008306575,0.08652165,0.0076649725
1.5824212,0.0002379127,2.4818628,0.08643108,11.802309,0.9736475,41.17106,4.9368933e-05,23.87763,1.5563165,3.2072256,37.08649,0.7815027,0.01716262,0.00096128444,0.1522235,1.3804705,0.00973203,0.07924119,0.007796543
0.8441082,0.00019487693,1.9313749,0.061988994,7.626723,1.1476073,25.534702,3.9521587e-05,12.9065,2.1580236,1.1702315,27.968979,1.2295715,0.012381871,0.0013658553,0.08958308,0.899577,0.009411526,0.07787519,0.0076902686
0.88163936,0.00025262134,4.0917234,0.066216685,8.0639515,1.7908828,29.859491,5.332677e-05,12.989993,3.6946256,3.7321758,79.61908,1.7185686,0.016514532,0.0018528285,0.13905185,1.6707548,0.009389509,0.09187259,0.0098790275
1.4493728,0.0002672067,2.4168935,0.069486246,11.848793,1.2550545,54.50923,5.0951603e-05,19.622967,2.2131927,3.9883564,62.010365,0.8868279,0.01762673,0.0013803159,0.13445766,1.241711,0.011804545,0.09661213,0.010235919
1.2156265,0.00019072257,2.0159776,0.054216493,8.228306,1.0960118,25.547575,4.1878073e-05,15.330901,1.6073469,3.0624332,35.125427,0.69144666,0.012870109,0.00086797413,0.11502535,1.0249904,0.010976891,0.08798726,0.0090734735
1.3393553,0.00017144563,1.9014168,0.061988298,9.650273,1.0678196,34.39723,3.990296e-05,15.7741165,1.7529209,4.142338,28.898628,0.8322244,0.013933059,0.00091746106,0.12175915,1.0216863,0.01146895,0.08540382,0.010211199
1.301742,0.00023178103,2.5412836,0.07572583,9.417566,1.1011587,37.892242,4.4684424e-05,19.607647,2.2507365,3.9855518,48.803337,1.0145674,0.016072067,0.0011701091,0.1378106,1.165053,0.012548291,0.0756588,0.008872815
0.7780407,0.00023263258,2.4433196,0.05386805,6.550446,1.3251951,19.953562,4.2973912e-05,15.425751,2.4597418,2.217777,37.113308,1.290124,0.013899818,0.0014741175,0.09385561,1.1279459,0.011334758,0.093601964,0.008340213
1.1809175,0.00017256322,2.255879,0.04094774,9.307295,1.1715057,30.191822,3.7444486e-05,13.349574,1.7711453,3.6414528,37.134926,0.73371917,0.01032756,0.00081302837,0.09853442,0.847375,0.008999123,0.07044585,0.008896951
1.264442,0.00021286815,2.4487522,0.064206794,9.605384,1.2348864,40.318127,3.9873845e-05,18.222164,2.281041,3.8307693,40.698776,0.96572405,0.016768334,0.0012434189,0.121182,1.2213078,0.011829648,0.089283004,0.010295043
1.2575403,0.00023712112,2.8473542,0.07649323,8.791049,1.3163838,28.755016,4.6377496e-05,12.308378,2.3319004,5.3987703,48.137203,1.0963577,0.017719159,0.0017030151,0.13107038,1.3339509,0.014522641,0.10038592,0.012572261
1.3264078,0.00022386863,2.1561263,0.058336247,9.4974985,1.2968401,29.629025,4.9045164e-05,13.626714,2.014835,3.728264,41.799442,0.87253004,0.011943515,0.0011480482,0.14323261,1.1812028,0.01034297,0.08641335,0.008449247
1.2494127,0.00017263017,2.1903384,0.04762192,9.354015,1.2179786,37.13618,3.5148765e-05,15.439645,2.0441165,4.382387,40.030506,0.90776044,0.013252235,0.0009389637,0.113139816,0.97864646,0.009820562,0.08187598,0.008408972
1.6692654,0.00017892147,1.8432114,0.046854753,9.981798,0.928567,38.08317,3.7993937e-05,12.183205,1.3841203,4.7757697,30.51094,0.5774716,0.010165509,0.0008208245,0.11622632,0.80939376,0.008839173,0.07504761,0.009089249
1.2170048,0.00020339664,2.7852194,0.048510406,9.852848,1.3104472,31.517183,4.285339e-05,14.982309,2.1425056,3.2533755,52.645176,0.85405624,0.015117709,0.0011466644,0.12712821,1.3169168,0.009607873,0.06989621,0.0073565855
0.84683764,0.00028714945,4.1687264,0.06821803,7.2139444,1.8386123,27.199831,5.484863e-05,10.952053,4.0419865,4.5868983,77.389496,1.7856269,0.017210623,0.0019969745,0.13928165,1.7000108,0.010045907,0.088780604,0.010035894
1.1107037,0.0002125959,2.5296078,0.07020149,8.059636,1.1451273,26.66061,4.4965647e-05,11.890006,2.2157798,5.5995483,40.899796,1.0484898,0.014951008,0.0013407381,0.13281347,1.2191527,0.010125809,0.076011926,0.009010394
1.2956469,0.00020761685,2.8431392,0.043645915,10.879773,1.388386,35.689526,4.479128e-05,18.458752,2.3793857,3.5324225,52.147232,0.9880787,0.012493432,0.0013520184,0.13305059,1.3613894,0.009627025,0.07689729,0.008615814
1.199473,0.00019474015,2.3309498,0.05352956,9.106501,1.2452817,27.300205,4.3144228e-05,12.37598,2.1388705,3.9795234,42.078266,0.95912385,0.012226879,0.001171384,0.12514618,1.1736912,0.009656167,0.07750628,0.008037641
1.617386,0.00031895324,3.4921324,0.097898774,10.802384,1.285106,54.416325,6.298941e-05,14.071181,2.2193224,2.655856,68.41733,1.0072056,0.020402843,0.0013048158,0.21066771,1.5009096,0.01325789,0.10550817,0.012002697
1.2344067,0.00021093196,2.9950736,0.050499644,10.351427,1.3796879,33.565266,4.544477e-05,17.64205,2.3021848,3.4957278,56.563843,0.9178928,0.014418185,0.0011959976,0.12956348,1.3645602,0.010271615,0.0779708,0.008133416
1.0957378,0.0001954773,2.5584607,0.050564304,8.703321,1.3070731,26.200144,4.1325162e-05,12.900481,2.393914,3.7443042,45.142242,1.1291884,0.012998212,0.0011935962,0.12432404,1.2170471,0.009838856,0.073901765,0.0076946337
1.0718827,0.00023065267,2.7161968,0.060204986,7.8258843,1.2918845,23.199347,4.575454e-05,10.160092,2.3878174,6.161809,47.579536,1.0751492,0.013226919,0.0014898427,0.12420167,1.4209152,0.010652886,0.075061046,0.00915289
1.5295238,0.00025382388,2.670095,0.079558074,11.220996,1.2993499,49.82197,5.0622846e-05,20.12803,1.8882968,2.2048194,39.035366,0.7843959,0.01806914,0.0012690336,0.14628379,1.1549929,0.007660328,0.12263578,0.008771151
2.0046484,0.00026133575,3.1737237,0.072017096,12.3109665,1.2510216,64.54061,6.054574e-05,12.977842,2.174433,6.001167,64.37639,1.015987,0.015781472,0.001395949,0.19981596,1.3960291,0.012696825,0.11949971,0.012050627
1.0874174,0.00018955187,2.413896,0.05340105,8.46889,1.1573867,27.186441,4.1489027e-05,11.304785,1.9339474,3.498375,40.579838,0.8306422,0.013778159,0.0011533985,0.1278714,0.93844724,0.010284427,0.08750078,0.008913122
1.4766229,0.00020881734,2.5059628,0.0729424,8.943595,1.0716605,28.382946,4.283669e-05,12.215408,1.5897509,2.9660316,45.743824,0.71360433,0.016435452,0.0009113102,0.125783,0.9855406,0.010242522,0.09566926,0.0084401
1.2908124,0.00022196608,2.5343797,0.069802515,8.886066,1.2050246,26.739197,4.6574332e-05,14.972971,1.9992144,3.7135136,44.23899,0.83052415,0.014251161,0.001084172,0.12733911,1.2812711,0.012208717,0.08972748,0.009707522
1.5310534,0.00020508072,1.6562209,0.049734116,9.625884,1.0244558,36.38618,4.1470077e-05,15.234118,1.2751238,3.1884243,26.566364,0.4065464,0.0076876306,0.0005097218,0.112036504,0.66031444,0.010195363,0.10775979,0.0091432575
0.82353127,0.00024247522,2.6458688,0.07111187,6.929162,1.4385592,20.528803,4.539568e-05,11.818531,3.0850096,5.9358215,38.7036,1.3904233,0.0163015,0.0017263069,0.11025479,1.4044679,0.010573856,0.07775615,0.008467069
0.84328794,0.00022073262,2.4838655,0.06486009,7.581009,1.2530243,20.05585,4.6122826e-05,8.520799,2.2301755,6.9606833,40.56233,0.93463075,0.0145851895,0.0014500128,0.11030709,1.326019,0.011654925,0.06527979,0.010194357
1.1710246,0.00019222399,1.9669738,0.059878636,7.9989414,0.90698045,32.776627,4.088099e-05,7.9995213,1.5764118,6.7272744,32.281757,0.70816684,0.013511154,0.0012301074,0.103318915,0.990758,0.009595329,0.064952195,0.008530886
1.3903872,0.0002474017,2.634909,0.092550136,8.544523,1.1844338,27.129126,4.8360827e-05,12.304366,1.9038647,3.7313118,43.454803,0.9678442,0.014505149,0.0012735783,0.12434245,1.2063714,0.0102231195,0.08712668,0.008114227
0.9211141,0.00017591075,1.7997756,0.060477667,9.030938,1.1014749,31.640118,4.1703704e-05,14.737784,2.1217208,3.215399,23.468876,1.179516,0.012628558,0.0011091721,0.10726653,0.84848094,0.00973511,0.088647656,0.009064368
0.76336306,0.00021672106,2.4962935,0.066252835,7.428366,1.3756394,21.17141,4.556199e-05,8.911609,2.7562923,6.632728,38.99018,1.2327341,0.015152195,0.0014892347,0.11232029,1.2498336,0.0117922705,0.070625044,0.010261792
1.0242413,0.00018693665,2.3090537,0.04425356,8.297358,1.2171267,24.967813,3.9479008e-05,12.860778,1.9678167,2.7932127,36.364513,0.8846854,0.011932753,0.0011784805,0.11299326,0.98241556,0.009711354,0.08504443,0.007778718
1.0129151,0.0002932508,3.2496197,0.11539842,10.5435505,1.5713727,34.92753,5.9494178e-05,31.189903,3.4543607,4.827832,59.5617,1.7766529,0.018652359,0.0020732367,0.15454635,1.7455353,0.013555828,0.0989632,0.012445867
1.217915,0.00030096024,3.5346963,0.07620083,10.019134,1.250662,44.083237,6.0536382e-05,16.685642,2.5209997,2.878758,75.56811,1.139109,0.018675392,0.0015526571,0.16719204,1.8208613,0.011346878,0.087138414,0.009722894
1.5780342,0.00014046488,1.8333752,0.05270646,10.780038,1.0487361,47.153625,3.7826747e-05,10.905082,1.4568629,5.171304,42.219967,0.51944286,0.016153121,0.0007598605,0.11072387,0.8224805,0.011831353,0.0959396,0.009360245
1.3399751,0.00016249427,1.8036286,0.054515798,8.373541,0.8262743,31.198988,3.265936e-05,7.485109,1.4456683,6.6213164,32.172447,0.57930946,0.012758163,0.0010163884,0.09209444,0.8122786,0.01043832,0.07459285,0.008359046
1.9659598,0.00019096771,2.329424,0.06645707,10.893766,1.0015128,40.47747,4.680687e-05,13.756643,1.486323,3.1510365,36.618607,0.66358364,0.013024981,0.0009847551,0.14140354,1.2257723,0.011666483,0.100525096,0.009667328
0.8388503,0.00029122565,4.423238,0.068799034,7.1191645,1.8878155,26.85485,5.5456916e-05,11.081344,4.336787,4.981977,79.7763,1.8208596,0.017820235,0.002006328,0.15196523,1.8624303,0.010015909,0.0911186,0.010043651
0.8195061,0.00021064705,2.4972878,0.06334515,7.509364,1.2885566,22.423498,4.600258e-05,8.003311,2.6880674,6.971565,39.51164,1.1709014,0.015703106,0.001377376,0.11608627,1.3126955,0.0113453455,0.06982771,0.009809802
1.259874,0.0002097008,2.3054388,0.07522115,7.8302703,1.1954457,27.046679,4.6865294e-05,10.942322,2.0339704,4.613774,37.243504,0.8399996,0.01537453,0.0011130224,0.13412912,1.0785159,0.011881922,0.088592246,0.009434063
1.1784991,0.00030892203,3.2312682,0.13208883,10.267196,1.5774071,36.507343,6.1773164e-05,27.794207,3.2516105,4.658353,55.736656,1.6044935,0.018878138,0.0019606177,0.16142748,1.6863146,0.014326259,0.09692505,0.011991689
1.4573269,0.00025335237,2.5560493,0.09915944,9.428432,1.1108289,38.162827,5.256764e-05,11.690809,1.8372138,5.022465,43.67464,0.8188207,0.019574836,0.0013411784,0.1330732,1.3688886,0.012746674,0.09381404,0.011225852
1.3127458,0.00016385684,1.9837509,0.058403958,8.401102,0.93180597,32.80671,3.5006946e-05,7.620036,1.5875995,6.509912,35.100708,0.617214,0.013613404,0.0009949751,0.09923396,0.8607418,0.010459799,0.07563591,0.00858025
2.074563,0.00020540835,2.4108427,0.066953465,11.009166,1.0404335,41.66098,4.819366e-05,13.63046,1.5093087,2.978886,36.969006,0.6662623,0.013408369,0.0011139509,0.14754815,1.3622854,0.01261113,0.106016286,0.010067265
1.0099891,0.00020825394,2.5098484,0.054507002,7.980198,1.3016299,26.937399,4.4589255e-05,11.468198,2.3709192,6.2360497,42.152473,0.99838495,0.013709593,0.0012995213,0.119241044,1.2436216,0.009793085,0.082995385,0.009155913
2.2453306,0.0002492845,3.2448137,0.07610298,12.527898,1.2660884,67.156876,5.9921327e-05,13.737078,2.2141056,6.4139423,70.094284,0.9988957,0.01596128,0.0013171319,0.20264041,1.4707072,0.013689388,0.1319505,0.012017057
0.78844416,0.00021245415,2.5147412,0.06493167,7.5360856,1.3673102,21.673407,4.6173718e-05,8.736439,2.8010354,6.7728157,39.341682,1.2401788,0.015363717,0.0014768202,0.11752826,1.2608302,0.011727803,0.07154522,0.01018746
1.286717,0.00019271164,2.4624007,0.06255148,8.458822,1.1704482,27.224764,4.638235e-05,11.048138,1.8466556,5.008184,39.64717,0.8741607,0.014407084,0.0010483878,0.12355354,1.215906,0.011115828,0.089757465,0.009293811
1.4436274,0.00026207624,3.2566159,0.085582115,8.700718,1.3099424,27.794859,4.8225287e-05,19.657871,2.0002086,3.4089842,62.89612,0.99500453,0.014405677,0.0012186256,0.14512715,1.2619233,0.012260964,0.09815817,0.010419936
1.3254503,0.00018616622,1.8542286,0.063792765,8.440669,0.95650697,33.021736,4.124032e-05,8.206199,1.4821723,6.5616446,30.05965,0.6720273,0.013234133,0.0011160754,0.102266364,0.85976493,0.008994508,0.074348375,0.008329873
1.0205044,0.00020555826,1.9137623,0.05392818,6.8513637,1.0404023,19.375301,3.8180322e-05,14.584139,1.6572088,1.6561131,25.394014,0.8724516,0.01365495,0.0012183364,0.08669441,0.8844221,0.008265651,0.07775991,0.006209078
0.91228044,0.0002022533,1.7996992,0.041777126,7.4237304,1.1475974,23.086744,3.7331938e-05,12.692505,1.8859755,2.2226489,23.88918,0.9665685,0.012217989,0.0010980128,0.08659562,0.89315647,0.009952248,0.089996785,0.007146549
1.3908193,0.00030386317,2.9255252,0.1294938,10.694105,1.3552207,38.248337,5.4333013e-05,33.655575,2.8481784,4.383978,50.51526,1.397944,0.017485281,0.0016709592,0.16020674,1.5488997,0.013582435,0.10758445,0.011731033
1.7457032,0.0002536518,3.2174249,0.09467811,9.089105,1.1465732,39.69579,5.2434265e-05,15.89588,1.6521026,2.826877,58.135452,0.6951076,0.015498136,0.0010379467,0.16242047,1.4285277,0.015017515,0.11977433,0.013340155
0.9102926,0.00017986196,2.302576,0.05148689,7.7542124,1.302327,27.94714,4.4063578e-05,11.633648,2.4382558,6.4559484,37.13858,1.0437695,0.012623671,0.0013138866,0.11224822,1.1505358,0.009495353,0.082403906,0.008272239
1.0350865,0.00023757893,2.1655962,0.054814465,7.3544874,1.1694459,27.139736,4.534743e-05,12.890575,2.038428,2.7950432,34.22374,0.9512381,0.013823572,0.001276461,0.11045517,1.1231582,0.010776266,0.09011068,0.0089004105
1.4333713,0.00021879563,2.0848587,0.07541974,8.624232,1.0328534,30.005775,4.484506e-05,10.817372,1.3782324,3.0789359,32.807518,0.7105865,0.016028898,0.0009054279,0.11615567,0.8932511,0.009573127,0.09080058,0.009296481
1.2397035,0.00022162843,2.2579217,0.053157445,8.257032,1.1478996,27.452322,4.577632e-05,13.474227,2.0137448,4.3192773,40.891216,0.84658325,0.01258009,0.0011023891,0.12820534,1.2060413,0.011519395,0.08086455,0.008741524
1.6738111,0.00021035732,2.7872248,0.08269383,10.438754,1.1016039,36.459522,4.9286777e-05,14.203276,1.7366232,3.691657,48.797153,0.789316,0.0124457255,0.0011971779,0.15389974,1.4473393,0.012871207,0.096668124,0.011006425
1.506499,0.00020945801,2.3440125,0.0684417,9.129478,1.0263687,27.884031,4.1292147e-05,15.123559,1.3747034,2.0501697,45.404385,0.681921,0.017262748,0.0010228776,0.14796743,0.92546403,0.00938185,0.0876121,0.008664639
1.1501584,0.00014069951,3.0639596,0.050553765,8.739039,1.4152849,31.927618,4.2013235e-05,11.208157,2.4034674,2.194204,59.88172,1.0269386,0.014113025,0.0012522769,0.11249476,1.1977156,0.008237278,0.08654971,0.008761789
1.2347482,0.0002414681,2.615467,0.053467613,7.8611836,1.2589657,31.381165,4.4991015e-05,14.603994,1.951369,2.7956462,48.401363,0.83389366,0.017451622,0.00095561123,0.13464037,1.4668587,0.012590823,0.08763171,0.008819385
1.9685574,0.00020184432,2.4590912,0.0642814,10.211364,1.0837715,33.033466,4.9741666e-05,11.747494,1.5276626,0.8656686,37.94261,0.8289681,0.017809145,0.0012640564,0.18116197,1.1503539,0.013122722,0.10294809,0.009949712
1.8249387,0.00020513595,2.1998162,0.0656047,10.121852,1.029097,30.163954,4.497634e-05,10.771013,1.2377226,0.54658914,35.29958,0.6032365,0.017356405,0.0010919832,0.1488987,0.922792,0.011679608,0.0976702,0.010011223
1.2433223,0.0001401364,2.2160146,0.056278814,9.917422,1.2573035,38.366886,3.7813337e-05,11.049636,2.195275,1.4509834,50.280094,1.0656672,0.01328121,0.001439043,0.108099565,1.0972936,0.008514566,0.08004741,0.008326144
1.7066311,0.00019150438,2.1344082,0.07810512,10.884041,1.0047725,44.571728,4.6114892e-05,18.44185,1.2316552,2.6562378,29.658901,0.5458059,0.013741622,0.0009252142,0.1346823,1.0025091,0.010537428,0.097184405,0.00930933
1.4845994,0.0001412766,1.6867137,0.03474145,9.387331,0.9850733,37.99132,3.669734e-05,11.676698,1.5219395,4.860669,28.205559,0.5917478,0.0077098836,0.00081627065,0.09267195,0.75460905,0.007739583,0.08858799,0.007920211
1.6210353,0.0001908932,1.8630468,0.062241737,10.584371,0.9345709,43.343716,4.38259e-05,12.422977,1.3842615,3.7109356,32.116444,0.57141113,0.013567921,0.00080165506,0.12873815,0.84133416,0.008068229,0.0934381,0.008927576
1.2476925,0.00025880328,2.8141365,0.078464195,12.049321,1.5691102,49.862473,5.4241897e-05,14.473238,2.9574711,0.9474096,76.99418,1.572282,0.01931117,0.0019714823,0.14478591,1.530959,0.011187662,0.07990366,0.010039124
0.89396954,0.00020303091,2.0276227,0.049296916,7.8914065,1.2541031,25.24532,4.1127172e-05,12.930841,2.3769898,4.047104,29.778133,1.140985,0.010471936,0.001311852,0.103425905,0.9963267,0.009424959,0.079108395,0.007543834
1.2494459,0.00015520651,1.8574233,0.040472258,9.9802,0.9462866,43.38942,3.3882086e-05,13.994025,1.7527115,5.6570096,30.612696,0.68213356,0.010338181,0.00086756365,0.10141277,0.9020379,0.008116789,0.085710436,0.0078048306
1.1358602,0.00013870987,1.8109801,0.034359258,8.992301,1.0209205,37.73272,3.4401623e-05,13.99484,1.9072891,4.5288906,27.311747,0.83828515,0.008379491,0.00080075796,0.08680903,0.7833324,0.0080921855,0.08460175,0.007156194
1.5918819,0.00013271857,1.6979735,0.03924005,10.089731,0.9112981,40.27458,3.363762e-05,14.887869,1.4082094,4.7876496,28.278748,0.5742579,0.008435196,0.00071348646,0.09430249,0.7264726,0.00805701,0.07675592,0.0077881557
0.89626294,0.00023167385,2.5707595,0.055005506,8.75645,1.4741324,31.205017,4.572384e-05,13.973558,2.5523767,1.9606217,40.94868,1.083595,0.0125894295,0.0012945877,0.12140541,1.1741496,0.010950729,0.09539181,0.008597732
1.0713907,0.00015743081,1.5661374,0.041435968,9.55215,0.93274677,38.457634,3.677528e-05,12.992582,1.6610554,4.852415,22.700443,0.7470933,0.009435455,0.0008041586,0.09109148,0.8266838,0.008651516,0.087508105,0.0077019553
1.522367,0.00013987756,1.8336787,0.041559704,9.615559,0.87623334,41.293682,3.6626727e-05,11.97501,1.526511,5.0009847,30.563902,0.65048504,0.009375387,0.0008212409,0.10931365,0.83858174,0.008642273,0.078251466,0.008695627
0.893226,0.00023329073,2.7252305,0.051435903,8.679918,1.3585433,31.753242,4.4921886e-05,15.638326,2.7330806,2.6436074,46.0894,1.1804326,0.012474661,0.0015193535,0.11668206,1.2826078,0.010398892,0.092288144,0.0077936486
1.0711905,0.00021976084,2.4378912,0.065047406,8.546962,1.2749934,26.31219,4.759791e-05,15.14525,2.2678666,3.1976106,40.563854,1.0409201,0.013903303,0.0010568586,0.1325613,1.2504017,0.012910257,0.09734475,0.011047639
0.8428209,0.00021512205,2.369219,0.06474674,7.7306004,1.1797534,26.242449,4.589486e-05,16.835289,2.1827023,1.503715,39.82339,1.122862,0.013114449,0.0015010843,0.11221605,1.1178231,0.009928464,0.08865752,0.008528646
1.7958885,0.00021002743,2.0604522,0.063131616,10.855596,0.9478241,41.383503,4.3654098e-05,18.065271,1.3107508,2.9354055,29.902273,0.5975641,0.012186945,0.00096522085,0.13630967,0.9192381,0.010417031,0.09153911,0.009700701
1.6160159,0.00016988388,2.1208642,0.048378434,9.254945,0.93471694,38.964046,4.2084957e-05,11.64849,1.4583046,4.952037,39.160057,0.5444859,0.013282326,0.0008586801,0.13160788,0.9325292,0.008711086,0.09386604,0.00958612
0.840503,0.00022189713,2.3735073,0.060431425,6.879876,1.1969676,19.74435,4.6884925e-05,19.50133,2.1582394,1.9716587,43.874958,1.1185913,0.011717863,0.0012335684,0.1111651,1.2001047,0.010534272,0.09672384,0.009323835
0.75486755,0.00022806443,2.472488,0.05936913,7.059429,1.3944364,23.200758,4.5959634e-05,15.312732,2.6206307,3.7738018,35.36333,1.1548111,0.012108313,0.0013669861,0.10554113,1.2213811,0.011030216,0.07920289,0.008295444
0.96129847,0.00020816259,2.3693442,0.059750922,9.4693575,1.1410191,34.227024,4.3295808e-05,17.115692,2.3652966,2.235945,53.62139,1.065553,0.014871034,0.0013955053,0.10801066,1.2122325,0.009301911,0.078337215,0.008183248
1.1525972,0.00015698305,1.6647907,0.04643568,9.395954,1.0373297,36.79335,3.762703e-05,11.84557,1.6285249,4.9818344,23.741043,0.6785397,0.0107065225,0.00085970206,0.10550062,0.7727151,0.008667851,0.09757439,0.009288971
1.6650245,0.00021635332,2.277007,0.0949848,10.823655,0.97857934,46.69492,5.3989577e-05,11.132084,1.8115913,4.995593,40.002365,0.6655589,0.016658805,0.0015397611,0.1575151,1.1830083,0.010480824,0.09196167,0.010158857
0.8565418,0.00022706135,2.7784247,0.058325402,9.061954,1.3704009,35.3471,4.7175454e-05,17.529457,2.939199,2.4729111,49.211933,1.3351517,0.012822764,0.0015458828,0.110557385,1.2295585,0.009835706,0.092792794,0.007999649
0.72081447,0.00022957157,2.6411917,0.06641369,6.532774,1.2491305,16.72707,4.6588728e-05,24.413256,2.5607076,2.0369823,48.86123,1.2872449,0.012524662,0.0013911477,0.099674165,1.3047918,0.0109351175,0.089104034,0.009250144
1.6243842,0.00017549531,2.0464654,0.047417257,9.432322,1.0022378,37.830013,4.2801534e-05,9.634485,1.5532289,5.3668756,35.338333,0.65583205,0.013017994,0.0009480865,0.12956473,0.9260287,0.008389086,0.096809044,0.008835866
0.7692555,0.00021820248,2.906328,0.059735667,7.2802687,1.3178822,23.16439,4.591797e-05,22.189253,2.6676588,2.4347632,50.75381,1.1781602,0.013067176,0.0013629069,0.11380956,1.3364409,0.010769688,0.091798745,0.009826366
1.1951733,0.00021007528,2.6512249,0.051196888,8.684501,1.0881655,37.02563,4.4306533e-05,15.908637,1.4643726,2.1358373,56.302742,0.5467593,0.016288897,0.0009019096,0.15549411,1.0827465,0.015274177,0.114737555,0.012955185
1.3787733,0.00017717946,2.0864701,0.07056008,8.831163,1.0186656,36.61448,4.2623193e-05,9.168642,1.6010097,5.4855924,38.02287,0.63180745,0.014942398,0.0009943567,0.1306013,0.7967909,0.01145705,0.10187991,0.010450164
1.0971031,0.0001926352,2.650152,0.05786812,9.290532,1.4100585,35.55059,4.4173208e-05,11.27644,2.3820622,4.8245063,45.300484,1.0421875,0.01434298,0.0012014478,0.13058728,1.0117913,0.012299655,0.1001834,0.011302571
1.3386506,0.000239203,2.683202,0.08849703,9.379163,1.0865091,32.791805,4.7484886e-05,12.709195,2.0154543,4.525252,45.5214,0.9704649,0.015555325,0.0012756035,0.14530095,1.5065149,0.013024328,0.072261974,0.009744141
1.6284655,0.00020831506,2.3641207,0.05985136,10.750558,0.97501785,39.957737,4.3860582e-05,22.12862,1.8183448,5.293903,41.53165,0.84513026,0.0144359665,0.0012038747,0.14984709,1.156258,0.01131717,0.087945215,0.009536163
0.87265474,0.00023462035,3.1803212,0.07691038,8.09556,1.5281262,31.879934,4.9470866e-05,17.155968,3.0181398,2.7498837,54.62073,1.3547306,0.017858645,0.0016914889,0.13504891,1.3994437,0.010531621,0.10220699,0.009797545
1.1587911,0.00017452532,2.3004062,0.06278109,8.511973,1.262642,31.533012,4.2324038e-05,9.282108,1.9032909,4.8993025,39.47986,0.7231111,0.01431431,0.0009948895,0.12727377,0.73808867,0.011157739,0.10671694,0.01023961
1.0304111,0.00020954183,2.8224466,0.06368495,9.056753,1.446041,34.626,4.3014574e-05,12.11784,2.664081,4.7935343,51.097797,1.1678326,0.014369315,0.0014258807,0.12900932,1.1265508,0.011167506,0.095305406,0.010348884
1.487744,0.00022922196,1.794808,0.07392755,9.609214,1.0418003,34.805916,4.7429556e-05,11.39978,1.5275445,2.70847,24.108826,0.7911449,0.015737312,0.0010352568,0.12527457,1.0056794,0.011616708,0.096705824,0.010639877
1.2124871,0.00028390184,2.524113,0.08857618,11.306778,1.1137143,37.759525,5.47384e-05,20.37727,2.16005,4.172382,47.27966,1.0573893,0.019069709,0.001527609,0.14734681,1.4074869,0.0099072745,0.071961716,0.009242168
0.9232147,0.0002544454,3.2308896,0.07774686,8.013476,1.5257746,29.61569,4.912865e-05,17.583464,2.868311,2.659234,56.880444,1.3245575,0.018278388,0.0015274414,0.13597314,1.3701472,0.010371001,0.09611182,0.009525861
1.4022834,0.00016990547,2.1426697,0.044156834,8.760667,1.0090815,33.514145,4.0144547e-05,9.717592,1.7752535,5.205975,37.111336,0.7617336,0.0127658835,0.0010766526,0.128177,0.9812943,0.009362369,0.085198686,0.00897167
0.9830457,0.00021674563,2.5336924,0.05494704,8.285572,1.3718381,25.972235,4.2821266e-05,19.960026,2.625019,2.9510427,41.456898,1.2165161,0.0116712,0.0012062019,0.10284365,1.1793673,0.010260349,0.09150324,0.00851588
0.89594793,0.00024067087,3.1581695,0.0504945,8.016864,1.3838334,26.389011,4.9923856e-05,17.240734,2.9343488,3.7778292,61.559494,1.3186678,0.014620325,0.0019068695,0.121925116,1.4824216,0.008417561,0.075764515,0.0072947214
1.3486196,0.00031743804,3.6046116,0.104976974,10.769603,1.9114351,46.51153,6.251007e-05,42.469364,3.8008983,4.0789213,79.59747,1.8783427,0.022106586,0.0022498614,0.18446532,2.0253503,0.015594811,0.11418213,0.012742437
0.9264047,0.00019882312,2.977056,0.04609999,8.165177,1.5271322,28.997406,4.2753145e-05,11.735895,2.795933,3.6819775,51.4261,1.220797,0.014004515,0.0014206526,0.1155311,1.1517781,0.009483755,0.08536219,0.008907345
1.046661,0.0002699367,2.807935,0.07755514,9.324098,1.3920029,30.293766,5.485937e-05,19.03739,2.5958717,3.4607692,49.754555,1.2667875,0.017005207,0.0011910462,0.15273914,1.3880213,0.011145125,0.080719426,0.010303014
1.0414895,0.00019315994,2.190086,0.045172565,8.57136,1.1677767,29.411655,4.36701e-05,11.032065,2.1866434,4.0212975,36.190468,0.9106945,0.010826558,0.0013094798,0.114486285,0.9920676,0.008516557,0.08703238,0.008334062
1.1035813,0.0002771558,2.8841956,0.074429385,9.075824,1.3440568,24.738676,5.475145e-05,15.838422,2.8134582,3.6491885,51.163017,1.4906034,0.017015478,0.0019682269,0.15678626,1.6586032,0.010229395,0.08102643,0.008521663
1.0061439,0.00018053269,1.9708132,0.046115506,8.8454075,1.1727349,29.758541,3.9962386e-05,14.008778,1.8622316,2.687813,32.19453,0.77668744,0.01067899,0.001162463,0.10326876,0.8884026,0.009255077,0.07823054,0.0077501927
1.2726594,0.00029595793,3.2074206,0.09427148,11.325421,1.8732783,46.236416,6.285791e-05,33.39078,3.1996365,3.2963607,67.23821,1.3570869,0.021007592,0.0017277136,0.18040356,1.5809052,0.01769064,0.12177638,0.016074829
1.1370273,0.00019284217,2.3469143,0.03330077,8.961512,1.3443383,30.902693,4.1604642e-05,13.30963,2.2725897,3.847374,40.89432,0.9017949,0.009825074,0.0011005922,0.11198496,1.0425533,0.008260759,0.08347186,0.006665277
0.7897376,0.0002609692,3.1651714,0.0910197,6.9896827,1.3419173,20.615908,4.8668124e-05,19.00843,3.456842,3.2988586,55.483616,1.6592594,0.017037215,0.0017651353,0.12219542,1.8180841,0.0118396375,0.07326565,0.00926961
0.89982206,0.00020023757,2.486381,0.053917676,6.5308404,1.3040136,15.362265,4.0945444e-05,9.69594,2.2472994,2.6087492,40.486473,1.059633,0.014024387,0.0015295725,0.08488211,1.1425562,0.009181131,0.073909044,0.0074623623
0.7012001,0.00022813135,2.8203025,0.08160605,9.803586,1.4436678,26.279327,4.9432176e-05,15.267376,3.5894456,3.7996995,48.253284,1.7899029,0.01582226,0.0017670325,0.116145484,1.6112685,0.01075061,0.065743275,0.009546847
0.9161726,0.00024231958,3.7665985,0.07379771,8.477602,1.7032604,28.639479,5.2590745e-05,20.995182,3.7712107,3.404633,72.96322,1.7316232,0.017975742,0.0020429285,0.13124573,1.6651999,0.010708836,0.09251802,0.009588217
0.7323576,0.00025989392,2.8342736,0.08024384,6.2670197,1.3799706,20.328646,5.0726445e-05,16.052444,3.2563555,3.6546812,45.285,1.5245022,0.015907383,0.0016880191,0.11757847,1.5009105,0.011165819,0.08533822,0.008190293
0.9809211,0.00019328768,2.9525077,0.04902316,8.207204,1.417185,24.36159,4.3333053e-05,13.957656,2.5194447,3.4313877,55.82526,1.0955245,0.01332484,0.0012487915,0.1223852,1.324568,0.010132035,0.0700722,0.008446359
1.4313173,0.00033601368,3.4496226,0.09961659,12.132441,1.3441162,51.97959,6.0345752e-05,16.949444,2.5154836,2.777359,75.50347,1.1240357,0.02197343,0.0014496004,0.19353476,1.5725443,0.011846719,0.0884693,0.011371858
1.3461331,0.00030636025,3.4088054,0.09813821,10.328853,1.6130538,39.278545,6.1804254e-05,26.536118,3.1106658,3.5453465,63.385933,1.5019649,0.021366993,0.0016248163,0.17345566,1.5788665,0.011893319,0.092504136,0.010306821
0.65881836,0.00022125767,2.583198,0.06924169,7.010571,1.3139586,15.036123,4.4394463e-05,16.293663,2.8415866,3.2624729,46.094784,1.2712498,0.014564862,0.0015126677,0.09714794,1.4457066,0.010205252,0.062392343,0.007985018
1.3477032,0.00030120622,3.8918264,0.08042489,8.991116,1.5667343,39.576748,5.2879706e-05,12.905574,3.3401048,2.3216984,67.33071,1.4938858,0.018810157,0.0015882791,0.18419664,2.0185683,0.013597403,0.0869139,0.0116151655
1.1683303,0.00021660073,3.1646812,0.045756947,4.0951285,1.3928194,23.517635,4.430248e-05,15.663652,2.4027061,3.2508023,71.30263,0.90406764,0.009600048,0.0010181988,0.120917276,1.2959548,0.015556672,0.10341543,0.008735365
1.1576909,0.00023797975,3.0114295,0.06560731,5.5083475,1.1889455,24.942114,4.069153e-05,12.555038,2.3495812,2.0155456,63.326023,1.1128216,0.012716601,0.0012462084,0.11054713,1.4243579,0.010818605,0.08085843,0.008484942
1.3916187,0.00030398509,4.393395,0.06709021,9.210125,1.6884042,37.135403,5.5950666e-05,11.998988,3.2336872,2.1294632,72.32901,1.4112675,0.020157482,0.001436105,0.18256444,2.0497098,0.013350053,0.089588575,0.011524782
1.2452196,0.0001961168,2.6638796,0.058103755,7.3256946,0.98948663,29.308178,3.8648304e-05,9.864059,1.8687457,5.2234426,52.114162,0.82809174,0.011713558,0.0013230859,0.11342297,1.2763653,0.008938304,0.06353069,0.0073010805
1.1743808,0.00021304395,2.2807066,0.084647514,4.925803,1.0836034,31.456564,4.0833198e-05,24.616827,1.9090053,3.7224135,40.015118,0.8619029,0.011326458,0.001009225,0.09307603,1.0628196,0.011425709,0.09317629,0.0080456985
1.2613949,0.00024154648,2.314945,0.07056394,8.51133,1.1513779,36.767147,4.3284752e-05,13.785158,1.9078006,3.138782,40.59933,0.83569795,0.015416869,0.0011651763,0.151131,0.93936795,0.013053529,0.084687985,0.012377895
1.1040266,0.0002593987,2.7736022,0.08067469,7.4151797,1.3557478,29.771135,5.1149073e-05,16.87817,2.7888525,3.31456,45.84492,1.263944,0.017479802,0.0013003123,0.16516954,1.5379486,0.015979758,0.105417535,0.011232336
1.2984898,0.00019767444,2.1507487,0.077385016,7.483799,1.0870628,31.121054,3.9391358e-05,15.4849205,1.6687982,3.3668091,41.462135,0.7325925,0.013000836,0.0011029342,0.12496824,1.0453099,0.012323067,0.0918597,0.0098119145
1.4569161,0.00021565816,2.238893,0.084079616,7.3420005,1.0353789,39.11539,4.6842863e-05,19.191986,1.5892074,3.4555187,38.83366,0.7619251,0.012688933,0.0009222051,0.13904257,1.0977203,0.0119283255,0.08499653,0.009525857
1.3087454,0.00016951695,1.9927114,0.046234757,7.683348,0.9518796,28.233774,3.9169256e-05,8.399301,1.5338192,3.6937447,33.288853,0.705495,0.017174149,0.0010859878,0.095278434,0.95406854,0.010167273,0.07728015,0.008569421
1.3623008,0.0001959341,2.4498801,0.04914897,6.765621,1.2707623,26.803318,4.3503307e-05,16.748564,2.2494404,2.4027407,47.17421,1.0415382,0.011767309,0.0012069378,0.11998518,1.2279099,0.010918744,0.08773846,0.008266234
1.2669865,0.00017498153,2.5738854,0.041820116,5.5196953,1.2950095,23.971573,4.1691823e-05,17.734196,2.351902,3.5808418,49.25993,0.97720253,0.010796471,0.0009779762,0.10407089,1.2517256,0.010837279,0.0913758,0.0072286907
1.0694095,0.0002259026,3.0568836,0.04843807,6.7722025,1.3303299,23.575514,4.2826494e-05,12.604505,2.297079,3.0710223,57.716488,0.9635105,0.01348373,0.0014264656,0.10251654,1.489927,0.009379911,0.06585138,0.0074058496
1.0724696,0.0002253992,3.1319036,0.060730137,6.283098,1.2152532,21.856598,4.319588e-05,11.129918,2.2148209,3.2818806,60.296986,1.0458204,0.014579565,0.0013772538,0.09102865,1.5917828,0.008925885,0.06657778,0.007548557
1.1974589,0.00020683152,3.0079963,0.057049893,4.900637,1.1121085,23.521204,4.5221946e-05,13.490259,2.4032133,4.4118986,61.255295,1.0620134,0.013144647,0.001334638,0.12105115,1.556271,0.013412058,0.073913455,0.0077801524
1.0110307,0.00020722466,2.9686334,0.06615423,3.1158304,1.397453,13.477799,3.884168e-05,20.451933,2.6946962,3.224648,65.14682,1.1223892,0.009885456,0.0011800895,0.06812558,1.3599617,0.011116698,0.08721273,0.00611284
1.1984335,0.00025814638,3.7184556,0.06497894,5.4141145,1.2904692,25.426537,5.432477e-05,18.403181,2.6259615,4.4323397,70.69568,1.3601279,0.020057298,0.002127975,0.1299028,2.056392,0.010434637,0.06567395,0.007571105
1.1735435,0.00023731159,3.6741498,0.06541843,6.0340986,1.2982215,23.411987,4.7235553e-05,14.720998,2.7021182,3.3526304,62.85599,1.4093379,0.015479588,0.0015171791,0.113983825,1.7823604,0.012341338,0.06864689,0.009659077
1.2789806,0.00020373007,2.6593134,0.04742787,5.7449994,1.1712416,29.789406,4.387463e-05,14.093487,2.0123036,3.6081698,51.638874,0.888849,0.01504403,0.000995088,0.11407386,1.2940592,0.014431371,0.08651114,0.008893177
1.1015068,0.00025868267,3.1560674,0.07280998,6.5010977,1.2932988,26.290207,4.6591784e-05,17.310778,2.7687788,3.4828148,58.331997,1.3494204,0.0129411435,0.0016688466,0.10331226,1.4934701,0.0106157465,0.071748585,0.008072547
1.4167172,0.00019814528,2.4338224,0.07017824,7.8349857,1.0729057,35.613422,4.3019274e-05,13.728758,1.7437533,3.8742208,48.95063,0.78658116,0.013600594,0.00077541394,0.14602274,0.91630965,0.012853361,0.09938583,0.012228461
1.6951427,0.0002495747,2.7110817,0.086338,9.706662,1.1080745,45.037876,5.56443e-05,12.811283,1.6167786,3.5346038,46.385757,0.7849149,0.018814156,0.0015323644,0.17152232,1.3131337,0.011192196,0.0997015,0.010386768
1.3415171,0.00024568068,2.4849846,0.08969214,5.5437837,1.0967671,33.692314,4.469357e-05,20.79946,2.0549438,3.9962382,45.07171,1.0159216,0.014740919,0.0012656386,0.15225983,1.359385,0.017096454,0.07897317,0.009540761
1.3704313,0.00027742144,4.1667705,0.080718055,9.68109,1.3897771,38.183727,5.226326e-05,11.932478,2.5475276,2.0863392,80.34722,1.190371,0.02302078,0.0014506275,0.17050229,1.8115921,0.012873631,0.08772551,0.010568208
1.3060846,0.0003368685,4.7786994,0.088113114,8.940661,1.443472,43.863686,6.0841892e-05,14.475826,2.75785,2.2393935,84.28654,1.3014197,0.025057895,0.001508575,0.19206312,2.098745,0.014648485,0.09076382,0.012894231
0.90145636,0.00020741628,2.4087794,0.06961405,4.6257544,1.1504731,27.727425,4.0304505e-05,22.984291,2.2933226,3.1738954,39.771595,1.0679245,0.010835829,0.0011820968,0.08075625,1.2073398,0.010070088,0.08158622,0.007807372
1.1767335,0.00024763343,2.9676886,0.06362036,7.5633674,1.3497342,27.967543,4.784055e-05,13.786914,2.4233034,4.166091,48.584415,1.301679,0.014732735,0.0013199656,0.12919101,1.579907,0.010627906,0.08014027,0.007712407
1.3564085,0.00026526127,3.0463827,0.08301044,8.073125,1.2747484,31.971363,5.5664575e-05,15.469274,2.2659125,3.2621381,57.937263,0.97150415,0.016266892,0.00094901945,0.171203,1.4242091,0.013258433,0.09639524,0.0097797355
1.2952505,0.0002342454,2.7923226,0.079296686,8.92498,1.4149742,34.227467,5.2046886e-05,14.604331,2.2756076,2.7268534,48.580948,1.1218323,0.017664691,0.0011540261,0.17222752,1.4421725,0.013199518,0.11340684,0.011425479
1.0807436,0.0001649493,2.077466,0.034993693,7.6904063,1.1325496,26.298307,3.6910893e-05,12.307357,1.8413616,2.808047,31.672468,0.7905921,0.008805005,0.0010970333,0.091779605,0.97462094,0.0092200665,0.071148336,0.007505742
0.9487594,0.00021179639,2.8158152,0.046430822,6.5759397,1.3028014,22.027163,4.2811793e-05,14.126232,2.2420266,2.847956,48.927067,0.91341704,0.014536441,0.0014361381,0.103086,1.4657493,0.009394838,0.061724298,0.006653151
0.9364383,0.00020271404,2.6927352,0.050937194,6.1908674,1.2194852,19.115816,4.0052964e-05,14.690744,2.20112,2.6369696,42.663086,1.0172169,0.010725584,0.001243838,0.0876284,1.2110174,0.009602706,0.08291331,0.0077806776
1.2078668,0.00016531876,1.9193383,0.04425645,7.8150697,0.90446883,36.0934,3.636422e-05,11.237426,1.2749023,2.5349362,43.020756,0.45356455,0.012579302,0.00095465925,0.119625784,0.806049,0.0090349335,0.08888347,0.007637119
1.1869345,0.0002003238,2.2113338,0.081392355,6.7291865,1.2863787,29.312838,4.2985448e-05,17.205093,2.0174673,2.447856,52.556915,0.78233385,0.017052667,0.0012654756,0.1266012,1.1666465,0.012423852,0.0943436,0.010109917
1.4019119,0.00024538592,2.2612052,0.14146623,8.131274,1.0936424,42.53254,4.977017e-05,26.571604,1.690573,2.6349597,55.216755,0.5549634,0.020158302,0.0013536016,0.14316648,1.0733894,0.013325137,0.11907616,0.01132095
1.3778609,0.00026223346,3.1333582,0.13621654,5.9429846,1.1327462,34.90458,4.4865676e-05,26.003977,2.0360842,2.6883519,63.02052,1.0607111,0.016348103,0.0014608371,0.14999558,1.534244,0.015154567,0.09835805,0.011694591
1.3718066,0.0002625123,2.7018752,0.10335642,7.1176023,1.1296415,37.259457,4.4183045e-05,19.148657,2.263205,3.054197,58.111458,1.0525255,0.014242649,0.0011102053,0.14533669,1.290479,0.012844894,0.08696844,0.010539702
1.3919779,0.00024404385,2.68775,0.0935017,6.302967,1.0642389,32.68757,4.697241e-05,20.95319,1.7212927,3.2980492,48.05783,0.7854022,0.014775077,0.0010266117,0.1542809,1.265247,0.013474164,0.09108771,0.010202692
1.2224491,0.000103968014,1.6555935,0.024370767,7.0237665,0.752388,31.847996,2.8403338e-05,11.000603,0.7219065,1.7733959,34.039368,0.27676985,0.008040182,0.000105189676,0.09794445,0.6523825,0.0086569665,0.07390812,0.0071848067
0.9882205,0.00015480231,1.7060999,0.043842975,7.467374,0.9984396,24.81159,3.5384706e-05,13.169406,1.3703933,1.6435391,28.711828,0.6566204,0.011268578,0.000625702,0.07229858,0.79309595,0.010184135,0.07415367,0.0082928445
1.2446849,0.00014764603,1.7797846,0.028697174,8.575495,1.1328961,30.1308,3.4051296e-05,12.758777,1.3070184,2.0131836,35.567604,0.4473391,0.00801273,0.0004739494,0.08371149,0.70904696,0.008433545,0.08705223,0.007840726
1.128675,0.00014282145,1.9549824,0.025447622,7.085211,1.0649074,21.475573,3.388548e-05,8.907126,1.5906136,2.5231962,31.218134,0.6401854,0.008207327,0.000696071,0.07443517,0.813876,0.009039744,0.07209127,0.007172806
1.1624174,0.00025501027,3.2006843,0.0764737,5.4183636,1.1124833,22.476076,4.585089e-05,11.8370695,1.8663371,2.715659,63.16919,0.86195266,0.025358452,0.001104552,0.102382556,1.473593,0.014681726,0.07695571,0.008856836
1.1116493,0.00022703194,2.7975428,0.071618415,6.18825,1.0255897,27.670887,3.990544e-05,15.972829,2.2198746,3.1347365,57.253002,1.0171596,0.012002356,0.0014156479,0.091724046,1.3245685,0.010425404,0.07577575,0.0084124645
0.96384996,0.00021235533,2.9987457,0.057148382,5.4421725,1.2650876,21.92574,4.4333807e-05,17.769789,2.3843637,3.1100605,55.833637,1.0446223,0.013305102,0.0013771207,0.112910554,1.382989,0.010413052,0.074444994,0.007654813
1.246716,0.00024836912,3.72962,0.053109743,4.751031,1.2641723,22.58294,4.6985286e-05,16.866339,2.6191196,3.5921206,70.33752,1.2223623,0.01880181,0.0016357065,0.11317062,1.9438493,0.010840786,0.07191284,0.007905536
1.0879164,0.00020434574,3.662427,0.05052646,4.4731464,1.3671983,18.786139,4.3779855e-05,18.700394,2.932933,3.861592,70.63517,1.2721006,0.013697994,0.0014323691,0.10239493,1.7061111,0.010800945,0.06955327,0.0074867783
1.0017712,0.000210875,3.1559005,0.049537923,3.1219437,1.4469625,9.976601,3.8085338e-05,18.375633,2.7040157,3.1884818,68.12217,0.97026944,0.012751742,0.0011534627,0.06414334,1.445458,0.010389173,0.07040196,0.0063542933
1.0891254,0.000246558,2.9162998,0.059170444,5.9714766,1.3981366,25.450703,4.6927886e-05,18.795729,2.681774,3.4116366,61.417538,1.0580857,0.012167397,0.0015692195,0.10847039,1.4437827,0.010760924,0.07541267,0.008177972
1.1906781,0.00020844264,2.6799889,0.050565355,4.871325,1.1864396,25.724552,4.2799475e-05,16.190653,2.0879595,3.4318657,51.24625,0.920991,0.015170162,0.0010728186,0.10591924,1.2754035,0.0143726105,0.08926376,0.008406343
0.96155626,0.00022808135,3.3251026,0.065578006,4.4022913,1.342714,17.98121,4.2970933e-05,19.289558,2.7981603,3.7072408,66.30987,1.1984874,0.012127619,0.0012388134,0.093593754,1.5835625,0.010808108,0.074167885,0.0066457633
1.4115192,0.00014346048,2.2080972,0.089108445,7.2640123,0.9369079,32.58065,3.7968093e-05,21.924734,1.5127182,2.9889889,46.698643,0.6286137,0.014045321,0.0008634227,0.1132429,0.8843146,0.014027341,0.105825685,0.009736182
1.4135548,0.00017075292,2.238111,0.09589345,6.3007336,1.0672138,35.130116,4.0661907e-05,23.827122,1.7553967,3.0062463,48.825024,0.67111933,0.012245004,0.0009850524,0.13990982,1.0356545,0.015183101,0.10319887,0.010077903
1.393421,0.00015203023,2.109093,0.06401088,7.7264924,0.83044595,32.934467,3.5007033e-05,12.658761,1.0962625,2.5636387,46.637527,0.4621156,0.0147762485,0.00059601787,0.11899998,0.91186833,0.010916417,0.09015195,0.00808446
1.3279071,0.0001786733,2.4329014,0.070606776,8.318036,0.9938479,35.762405,3.8087175e-05,11.846203,1.2454963,2.1741571,52.512684,0.5192684,0.017934497,0.00079822214,0.12986206,1.0212928,0.011553892,0.10421059,0.009956743
1.3638192,0.00014101499,2.1718786,0.055311933,8.276063,0.9692386,35.42313,4.0156112e-05,10.253417,0.99136627,2.6931026,50.337727,0.5025939,0.017617675,0.0006062467,0.11967313,0.8833462,0.011244207,0.088868216,0.010313269
1.306005,0.00012702112,2.3752716,0.038748693,7.3579025,1.224832,29.900854,3.6706475e-05,13.001781,1.4950958,3.4672587,50.110092,0.5910533,0.01063186,0.00074825855,0.102783106,0.91742176,0.011460724,0.102467775,0.009229155
1.3231372,0.0003447216,2.8813312,0.25259036,6.1270523,1.1559023,30.238613,5.6801047e-05,10.801419,2.230585,4.0601583,49.84765,1.0660894,0.024321618,0.001624076,0.15165564,1.4635447,0.015455771,0.089212224,0.011405024
1.2965066,0.00028883707,2.9124384,0.15776567,5.795962,1.1238495,30.87493,5.3046635e-05,16.004862,2.1203978,3.637458,54.665047,1.1210651,0.02032997,0.0012510758,0.14210497,1.5267328,0.016920635,0.08183975,0.010518882
1.6266681,0.00022291046,2.809546,0.12135376,8.102634,1.0660546,42.114834,4.962777e-05,14.431205,1.6048942,3.1082768,53.495617,0.73072284,0.019265916,0.0012795082,0.15130848,1.2475722,0.013033087,0.10280862,0.010529475
1.6932832,0.00028517557,2.9870987,0.11545089,7.7764306,1.0779995,41.272263,6.0363258e-05,15.500526,1.6926589,3.1901243,52.82577,0.8142702,0.0182705,0.0014041729,0.1643896,1.475119,0.014231077,0.103796326,0.010952025
1.3981018,0.0002198277,2.4904444,0.07078215,6.9094677,1.1396891,36.60418,4.555203e-05,19.212309,2.0203233,4.1087713,41.324722,0.9049835,0.01246035,0.000820372,0.1568635,1.2153331,0.015488397,0.09073116,0.010624893
1.3150612,0.00015613648,2.1098733,0.04386257,8.348755,1.0185935,27.881622,4.030007e-05,13.116629,1.445662,2.4741335,36.362823,0.5886751,0.009837229,0.00056023925,0.10548785,0.82352823,0.0095521435,0.0803997,0.009491797
1.2575545,0.00011691817,1.768468,0.017863546,7.4932313,0.87044436,22.054413,2.7993268e-05,9.062319,1.2504025,2.1220696,29.887104,0.55745703,0.0061922683,0.00042648255,0.0852993,0.6995789,0.008400714,0.06728823,0.006694692
1.2896246,0.0003319888,4.6505003,0.0886157,8.720388,1.3992294,43.244217,5.9685965e-05,14.653705,2.6456237,2.3969889,83.188385,1.273413,0.02419119,0.0015176281,0.18439361,2.0367844,0.0143164545,0.09099435,0.012530884
1.3318183,0.00021176544,2.8072703,0.077011965,8.57428,1.0196607,36.283775,4.1328378e-05,11.935877,1.662548,2.0564892,60.814857,0.79272664,0.020538863,0.0009857565,0.13928464,1.2423408,0.0095444815,0.07370914,0.009736768
1.3536575,0.00016220467,2.2783012,0.03438737,7.755164,0.99063456,28.19337,4.130098e-05,11.04738,1.1356659,2.4026868,44.56683,0.5208552,0.014905995,0.0006803378,0.12293649,0.96186393,0.011394981,0.093847275,0.008884626
1.1738883,0.00015528513,1.6786985,0.03171444,7.304341,0.91942585,23.624008,3.6584224e-05,11.8976345,1.5409809,3.4166057,24.15856,0.7137655,0.0047039734,0.00079124194,0.08370125,0.8099505,0.008862248,0.07720006,0.0073684505
1.0526781,0.00017572116,2.190558,0.07071674,4.495585,1.2218852,26.307552,3.8944527e-05,22.53269,2.061871,3.2601287,37.969063,0.8841869,0.00629095,0.0009885749,0.0786134,1.0138247,0.009824825,0.0937932,0.007099136
1.1480788,0.00024219399,3.05052,0.05570674,6.8693027,1.2968554,26.648033,4.7460413e-05,13.132091,2.4325738,4.223793,48.520306,1.3694391,0.013657968,0.0014833657,0.12013434,1.5546913,0.010158397,0.07145676,0.0074805957
1.2199606,0.00021865834,2.8038907,0.055631734,7.339332,1.2317784,27.160826,4.444445e-05,12.667957,2.150239,3.8330288,46.754677,1.0467534,0.01390857,0.001269036,0.12431135,1.3950939,0.009598975,0.07428647,0.007730445
1.3556213,0.00027455503,3.173775,0.08074135,7.866173,1.2698021,33.01646,5.4653363e-05,15.765396,2.4137697,3.6400828,56.925373,1.0855929,0.015634498,0.0010239542,0.17334528,1.5294559,0.013708952,0.09088879,0.009769501
0.9577858,0.00021221203,2.819001,0.04714576,6.528232,1.3115171,21.851088,4.3194377e-05,14.202703,2.2524552,2.8771884,49.329876,0.9190482,0.014730216,0.0014496183,0.10287106,1.4735518,0.0093286745,0.06186246,0.006490503
1.3149745,0.00018696074,2.0493062,0.080191255,6.9307013,0.9963248,31.108658,3.706391e-05,20.024515,1.3919543,2.899599,46.59931,0.6252946,0.01369546,0.0011386137,0.1282791,0.99601746,0.015299423,0.10665751,0.012133355
0.93106514,0.00025544007,2.8933077,0.0673105,6.862303,1.3385937,25.39172,4.5765737e-05,13.749494,2.3795485,2.4769466,50.922134,1.1769071,0.018272782,0.0014399788,0.11471904,1.5044972,0.013488543,0.08923947,0.011203263
1.2577097,0.00016234997,1.8021326,0.074391335,6.4189544,0.8288002,36.15823,3.7036767e-05,14.325484,1.2309029,2.5461133,46.120293,0.46669596,0.011829949,0.0008483726,0.123854525,0.8336856,0.009392418,0.092934296,0.0080056805
1.1967119,0.00015753742,1.8137312,0.049658306,7.091818,0.83067346,33.64726,3.4002005e-05,12.342419,1.2133535,2.6094434,40.773243,0.45841554,0.0110671185,0.00090837054,0.108327515,0.78298,0.00950669,0.086218014,0.007840701
1.1807796,0.00014275034,1.7881607,0.060344834,5.872751,1.1236082,32.166958,3.5799374e-05,15.286995,1.5129709,2.6691604,46.463837,0.472164,0.00955813,0.00092625106,0.10303198,0.7638171,0.011178734,0.0872634,0.008827939
1.1514187,0.00018860384,2.0892644,0.07061603,6.642983,1.0831093,29.849308,3.722595e-05,18.158337,1.6165922,2.5904202,47.425945,0.65278697,0.012616488,0.0010323459,0.09998859,1.0473487,0.01089445,0.09531758,0.008899744
1.2012978,0.00016592366,2.1103172,0.07032477,7.3704777,0.85714537,36.448666,3.7932878e-05,15.268798,1.4554442,2.5992365,47.35684,0.50494826,0.01316538,0.00082358444,0.11013684,0.8872156,0.009347445,0.08692,0.0072475835
1.5064236,0.00029009645,2.6504662,0.13600788,6.8793263,1.0717219,36.771816,4.921108e-05,22.606304,1.7463558,3.0744455,50.83877,0.83193284,0.01799373,0.0011037287,0.16719909,1.3445917,0.016179752,0.09921381,0.012172404
1.3251089,0.00020767238,2.4212086,0.07320892,6.510261,1.1066148,30.891924,4.5109548e-05,17.22297,1.7998775,3.3946943,41.080452,0.82516724,0.009796206,0.0009629418,0.115641855,1.1267072,0.013067402,0.09499339,0.008285882
1.3573365,0.00023972755,2.3566232,0.07673346,7.2366457,1.0657189,37.64007,4.755224e-05,17.91197,1.7173796,3.3134718,46.329926,0.7672191,0.012023853,0.00089811214,0.13513817,1.2033284,0.012316704,0.08430692,0.008895356
1.3744606,0.00026202007,3.15247,0.13607232,5.9483624,1.1397295,34.822536,4.4955523e-05,26.014008,2.0440788,2.6756341,63.442368,1.0709205,0.016312093,0.0014749395,0.14923249,1.5409846,0.015069697,0.09790929,0.011729844
1.2918375,0.00023783627,2.4764779,0.09782651,6.7064457,1.0476019,31.768566,4.5403503e-05,19.79881,1.8046155,3.2687063,48.25594,0.8707686,0.013001712,0.0010730493,0.12779383,1.149159,0.013037385,0.088308804,0.009531228
1.3051338,0.000120199904,1.6758261,0.026916968,7.3158536,0.77841854,34.28094,3.2081083e-05,11.631237,0.7911164,2.1402292,35.759182,0.22889306,0.010879977,0.0001246085,0.10578541,0.6262674,0.008798952,0.08996447,0.008052644
1.2113199,0.00013578663,1.8328215,0.031708006,7.1678557,0.9745375,27.359783,3.5777335e-05,10.277148,1.3936733,2.9105136,30.08892,0.58952206,0.007143998,0.0007622081,0.08113062,0.7794222,0.008559345,0.07948645,0.0064740703
1.138151,0.00011372542,1.3627685,0.028283441,7.447855,0.80449253,26.774872,3.0457464e-05,10.735715,0.9824792,2.3818252,22.127207,0.40293217,0.0075835334,0.00032584212,0.0661493,0.5958352,0.008419666,0.07423295,0.006178087
1.1428714,0.00014717955,1.7350601,0.032137558,7.8244,1.2625519,28.0932,3.5135607e-05,13.112864,1.7102783,2.0890136,36.142765,0.53138345,0.0076161246,0.0004751308,0.0806699,0.7100351,0.008304464,0.089846745,0.0073549384
1.0699952,0.00024294527,2.9922376,0.053238694,6.2246704,1.22338,22.518219,4.1632655e-05,9.541337,2.2905762,3.176218,54.750233,1.0140533,0.015744064,0.0013799646,0.093722105,1.3726784,0.008540238,0.06271827,0.007356176
1.0719941,0.00019511259,2.7015684,0.038425293,6.704661,1.3885547,20.579092,3.952316e-05,10.169027,2.3057768,2.7509735,47.2162,0.93107283,0.013143071,0.0012753885,0.079888165,1.1251581,0.008987606,0.078437865,0.0072029303
1.0879556,0.00023078888,3.168918,0.04857007,6.396491,1.3145604,22.744741,4.337381e-05,11.280927,2.333404,3.2637815,59.68944,0.9775545,0.014780899,0.0014620079,0.099010035,1.4995052,0.008612685,0.06229104,0.007282384
1.0492682,0.00021408158,2.9494207,0.05593096,6.3287873,1.3030349,19.620483,4.0707422e-05,9.047906,2.2965622,3.160826,54.809727,1.0345592,0.017214399,0.0014630046,0.0812044,1.3497392,0.008791154,0.06647549,0.0072744605
1.072832,0.00019326645,2.7439258,0.052073628,6.2735558,1.2190478,17.976078,3.929453e-05,10.606364,2.00001,2.5016901,48.44128,0.94717973,0.014489226,0.0013062141,0.08620622,1.2856667,0.008477524,0.073527396,0.007120294
1.0335681,0.00022153338,3.2085795,0.074503794,3.1434412,1.3081995,11.279268,3.9154198e-05,17.901669,2.4884315,3.063633,65.08643,1.0745561,0.010949667,0.0011662311,0.06747412,1.4247088,0.010692525,0.083669625,0.006298839
0.98873806,0.00020757489,3.2483945,0.05542015,5.6045065,1.2546306,20.299904,4.623753e-05,15.114146,2.375512,3.1897235,62.540535,1.1468124,0.012637045,0.0014463381,0.10781212,1.5879387,0.009648873,0.0674591,0.006954132
1.1127902,0.00022738421,2.7992408,0.07197825,6.1743236,1.0250778,27.691008,3.9901937e-05,16.018053,2.2188396,3.1362033,57.334503,1.0179178,0.012029997,0.0014190137,0.09164336,1.324757,0.010446704,0.075734876,0.008404734
1.1110688,0.00019177893,2.848845,0.046833023,5.925547,1.2402939,24.476854,4.187526e-05,11.064327,1.9552462,3.6439002,54.569084,0.80297494,0.013483066,0.0011061559,0.091375016,1.3070401,0.010848486,0.06829896,0.0069000423
1.1971282,0.00020030167,3.2623286,0.047031958,4.287502,1.2604918,18.979435,4.2257263e-05,17.620863,2.6833034,4.3862734,64.72113,1.1339213,0.0111640515,0.0012982935,0.10112795,1.6074132,0.010607741,0.078178674,0.006582965
1.3076547,0.00028662285,3.4811802,0.08119507,5.6695647,1.3593024,30.143143,5.529863e-05,20.079834,3.005228,3.0660827,72.40144,1.4600608,0.019764053,0.0018593222,0.14182676,1.9602046,0.013516728,0.085798584,0.010222737
1.01686,0.00019853072,3.0264208,0.06021334,3.9686213,1.2511109,13.10909,3.9449493e-05,12.248802,2.2493834,2.933563,59.1594,0.9732164,0.013893393,0.001145324,0.066560015,1.4567918,0.010420563,0.07101143,0.00665623
1.2501458,0.0002056043,2.7226467,0.06985709,4.7940297,1.2401042,24.924355,4.468615e-05,16.516731,2.1822433,4.0104084,50.123028,1.0288508,0.015553228,0.0012273286,0.10935634,1.3143325,0.015597057,0.07755338,0.009246678
0.97852814,0.00022327602,3.2948024,0.06318224,3.1843445,1.4992951,10.758298,3.8215363e-05,18.081985,2.99513,2.948901,68.5502,1.3062924,0.014365634,0.0012473897,0.06557305,1.7807323,0.010229655,0.067839034,0.006080056
1.1938031,0.00021618656,3.1316447,0.061408147,4.17084,1.148243,17.227291,4.4614968e-05,19.021667,2.0788882,3.4424586,68.068794,0.77160865,0.01683108,0.001193947,0.09312074,1.5339843,0.010340191,0.07811532,0.007140235
1.9147831,0.00021482403,2.1718154,0.07231577,9.760769,0.98920214,43.919827,4.8027858e-05,15.524643,1.3212639,3.8118627,37.371197,0.50375074,0.014890654,0.0008307934,0.13939372,0.9586837,0.010883995,0.105389886,0.010491002
1.3507427,0.00021210614,2.1912365,0.0748613,5.802868,1.0004092,27.273514,3.555739e-05,13.256861,1.6606274,2.4378242,42.76822,0.82027644,0.011823002,0.0011217761,0.10763489,1.0974247,0.012853005,0.07907135,0.0092868935
1.3266783,0.0001824955,2.4260826,0.049105674,6.2914605,1.235517,28.516407,3.8419377e-05,15.208056,1.947234,3.51457,50.080456,0.81036377,0.0100441575,0.0008392192,0.10279473,1.0700967,0.012198248,0.087119214,0.008737868
1.3713845,0.00028912694,2.8603227,0.18101425,7.589246,1.1879512,36.239403,5.7167174e-05,11.208209,2.1441922,3.0151458,55.379738,1.0441662,0.023087936,0.0018396777,0.16718808,1.5087894,0.013417233,0.082135804,0.010218131
1.4147453,0.0001855857,2.0767522,0.049700342,7.9845023,1.0387868,30.04333,4.417111e-05,15.542495,1.4579506,3.4028735,36.05134,0.5632172,0.009475441,0.00066140754,0.11184935,0.931407,0.010464234,0.079207554,0.008467556
1.4056762,0.00014208093,1.4741757,0.07513916,7.5381665,0.7450156,39.88707,3.0231888e-05,19.079424,0.9457547,2.6456528,42.166965,0.2570925,0.01612896,0.00044142106,0.103103496,0.5479178,0.012653997,0.11172,0.011754985
1.3845764,0.000113428396,1.7101233,0.054941002,7.7852244,0.8653865,35.68794,3.0202007e-05,17.50665,1.0672357,2.6731563,39.779495,0.25740853,0.013251585,0.00036928148,0.09542984,0.5895495,0.010075626,0.09321957,0.009858421
1.4037212,0.00011438492,1.4969617,0.061339576,8.029671,0.73350656,41.384544,2.5545876e-05,18.865887,0.9114368,2.0806804,39.879803,0.20166415,0.01520399,0.0003021555,0.10027819,0.50635,0.012412163,0.10206486,0.011275548
1.194243,0.0002386457,3.654023,0.06980378,6.4545407,1.5249748,27.849731,5.314445e-05,8.703513,3.665889,2.630697,76.00491,1.9162887,0.015663521,0.0018896402,0.13157284,1.8102273,0.007505557,0.075554274,0.007462997
1.2851502,0.0003282818,5.2427983,0.08260435,8.026951,1.5098442,41.393517,6.003768e-05,11.873488,3.3866646,3.1100585,104.804886,1.7535293,0.020706179,0.0021451274,0.21010472,2.558741,0.010618732,0.080217816,0.010566176
1.2685423,0.00029876403,3.8789616,0.10318634,9.115098,1.3280987,39.885773,5.4349817e-05,11.557846,2.6828852,3.4262671,81.93599,1.3748113,0.019243348,0.0019652937,0.14446624,2.13067,0.011660274,0.06536486,0.010149063
1.1888719,0.00030295615,5.140763,0.084786676,8.271777,1.8745816,38.043835,5.753085e-05,10.8407955,4.284586,2.8996305,105.30782,2.3820484,0.016517378,0.0026647386,0.1924387,2.5513802,0.013149105,0.08737856,0.012381492
1.2280383,0.00024602306,4.959563,0.09702235,7.58593,1.6366898,40.977814,6.230028e-05,10.974768,3.8487976,2.0346322,97.13225,1.4960307,0.020586375,0.0015157167,0.14733149,2.008947,0.015821137,0.117444895,0.0139804315
1.2821119,0.0002502111,3.6069548,0.08298934,8.023254,1.5421999,39.4416,5.7245827e-05,10.031139,3.3513649,3.032409,72.58188,1.708301,0.018783685,0.0022649337,0.1238262,2.023227,0.0067442176,0.069184065,0.0079728775
1.226814,0.00029729624,4.082712,0.10602164,8.890494,1.4660543,37.6165,5.355126e-05,11.763474,3.1665041,2.7895114,85.21983,1.568045,0.020066464,0.0021471833,0.15318912,1.9950178,0.013449099,0.07547189,0.012042175
1.1930987,0.0002581995,3.7913213,0.079602174,6.960407,1.3854519,36.638958,4.7436373e-05,14.32088,2.9044962,1.7294046,85.25767,1.2889974,0.020010777,0.0015297874,0.11454847,1.8263719,0.012203704,0.086258315,0.010962131
1.2317687,0.00025254395,4.11403,0.07629784,9.142468,1.4577112,42.655766,4.990159e-05,10.374622,2.8436763,2.297935,84.00902,1.5327123,0.01857761,0.0019463617,0.13453546,1.7561667,0.009545804,0.06227137,0.01044658
1.0674267,0.00015332694,2.692672,0.038960326,7.1489625,1.4300106,29.911348,3.96943e-05,9.066101,2.543171,3.4808156,53.530724,1.0333441,0.01215982,0.0009377384,0.10476161,1.1479878,0.008694997,0.08259302,0.008549363
1.1874225,0.00016076383,3.5781286,0.054636404,7.5775833,1.5009856,33.368755,4.4125645e-05,11.558682,2.8908713,3.2764473,66.36667,1.2038776,0.014849491,0.0013488316,0.13727042,1.7688271,0.010758944,0.088511325,0.009518004
1.2673571,0.00032680348,4.6196585,0.089460455,8.293403,1.468485,41.71531,6.395837e-05,12.64647,3.0404048,3.4483206,94.341354,1.5682831,0.021719495,0.0018792744,0.18563698,2.3013566,0.01145106,0.08049765,0.011775818
1.4293715,0.00031713178,3.926661,0.10204733,7.450355,1.195664,34.11957,5.5744076e-05,15.820119,2.2395914,3.6954856,77.39544,1.11926,0.021743942,0.0015083443,0.15761198,1.9238068,0.015058309,0.08715847,0.010849064
1.3075404,0.00025015755,3.1883304,0.06083862,8.875422,1.339888,43.50784,4.4215336e-05,10.404525,2.4451516,3.4238324,69.05354,0.9599656,0.015915474,0.0013604106,0.15342689,1.3254089,0.011775365,0.08062937,0.010786782
1.3426338,0.00026978276,4.081641,0.08898018,9.23451,1.5096593,53.461464,6.8183224e-05,13.026211,3.4172711,3.4991436,80.82051,1.5399308,0.023228407,0.0021256139,0.22758135,2.052819,0.0134927,0.12273188,0.011904114
1.2644817,0.00027736722,3.6071951,0.09879328,7.1279798,1.2416147,38.904205,5.806442e-05,11.8477,2.3914068,3.7451386,80.35264,1.2956629,0.018600961,0.0018737272,0.18572213,1.5411685,0.010769776,0.082478836,0.009693436
1.2707034,0.0002407908,3.3793497,0.065366566,7.5289187,1.3875266,35.68083,4.663774e-05,9.742071,2.5554626,3.8164463,61.28006,1.0856367,0.016095378,0.0014393083,0.15315126,1.5439245,0.011069777,0.08364618,0.010777987
1.1845638,0.00015531736,3.1930473,0.043723017,6.385422,1.5768048,31.351175,4.2165953e-05,8.69576,2.7831073,3.4150357,66.0582,1.1264521,0.01346986,0.0009814827,0.11857718,1.2992146,0.009347127,0.08009824,0.009053684
1.2435871,0.00032553656,4.487823,0.08229675,7.550714,1.5410776,37.150826,5.936484e-05,11.468006,3.095423,2.9311345,89.38398,1.7855946,0.020480694,0.0027338979,0.180151,2.3734,0.010114292,0.06037108,0.008059966
1.3370974,0.00031613442,3.7953656,0.08939813,8.149843,1.4701471,38.38578,6.0217237e-05,12.042831,2.6151338,2.7542555,75.88211,1.4022833,0.021684894,0.002380977,0.16832459,2.0003474,0.010214415,0.07856352,0.008364376
1.2619896,0.0003214736,4.0728984,0.07885635,7.9381685,1.4727085,36.409523,5.9906262e-05,12.315299,2.8772042,2.9647944,80.564095,1.5149812,0.020471202,0.0022815408,0.17615157,2.115816,0.010516743,0.072441824,0.008657751
1.2857763,0.0003071007,4.689142,0.06226701,7.369867,1.4603411,37.703793,6.454092e-05,10.072604,3.1258342,3.0544968,92.30953,1.5996863,0.01887994,0.0019459396,0.22962537,2.0186312,0.010683862,0.06658542,0.0099339215
1.2484803,0.000299417,4.6185207,0.07841524,9.677744,1.4686848,41.924534,5.2817497e-05,11.977664,3.0069377,2.9449873,98.393425,1.6763166,0.018807009,0.0021152738,0.15925865,2.0087962,0.012798912,0.060924426,0.010858024
1.1920084,0.00019394846,3.1736057,0.05150553,7.190644,1.3648851,31.622807,4.655652e-05,7.4472456,2.4439135,4.140211,65.71324,0.8637803,0.015577649,0.000936983,0.12224919,1.2874622,0.010505628,0.08060922,0.0090595
1.3114419,0.00020062916,2.523737,0.057961278,8.112121,1.1576641,33.760838,4.0912397e-05,11.363135,1.8181416,3.9979427,54.514618,0.7729214,0.015698802,0.00093366456,0.111829974,1.1364841,0.011238186,0.09536719,0.0101284785
1.1660821,0.00016115789,1.7159119,0.03434825,6.8730993,0.85717416,27.941734,3.8575763e-05,9.656345,1.2480832,2.426846,43.736942,0.37024212,0.011940289,0.00025210952,0.11564803,0.7524719,0.0100577595,0.07887619,0.009428962
1.2740756,0.00021462259,2.8260832,0.060805168,7.315224,1.1793483,34.544094,4.1898795e-05,8.283931,2.1904922,4.494846,58.123787,0.90289897,0.014895877,0.0010495407,0.129556,1.2229533,0.010007156,0.08585378,0.009761564
1.2142254,0.00022644685,3.4356058,0.070171006,7.107117,1.2503285,31.728502,4.9435646e-05,11.011759,2.3725743,1.705164,71.96168,1.1841842,0.016078526,0.0014408684,0.122829184,1.6094425,0.010188881,0.07874843,0.008705034
1.3332053,0.00024780488,4.1195626,0.046553094,7.5549293,1.4464482,45.96909,5.9014485e-05,12.029852,3.0078125,2.6343458,87.04619,1.3745664,0.017816868,0.0018410003,0.20538412,1.7373724,0.008337867,0.08082325,0.008126301
1.4072437,0.0002572703,2.920159,0.06884415,9.780376,1.2366781,39.747257,4.751396e-05,11.431099,2.2291608,3.027996,60.427162,1.1416417,0.018298868,0.0016831395,0.14123513,1.2655379,0.008979005,0.086879775,0.00962673
1.2640033,0.00029778248,3.476773,0.09660735,8.039412,1.3208936,38.05514,5.4904074e-05,13.292911,2.759265,2.5281005,74.65239,1.4437203,0.02156002,0.0015201462,0.15338716,1.8435632,0.014521064,0.08297077,0.011454233
1.3730803,0.00022595927,3.2537775,0.06947581,9.00927,1.2764908,42.17588,4.84072e-05,9.994763,2.4998946,2.5212717,65.8021,1.2045468,0.015874946,0.0013378336,0.11479032,1.425097,0.009653068,0.07531856,0.008791822
1.2606887,0.00023060366,2.8304632,0.06092404,7.100059,1.1716194,37.6476,4.414273e-05,8.877362,2.148159,3.0378935,55.83732,0.9510176,0.014259899,0.0010043004,0.12023739,1.2682211,0.008638971,0.07687831,0.008654582
1.2407802,0.00034716394,5.361133,0.11700922,8.742641,1.5256934,45.692818,6.212928e-05,13.233774,3.3991864,2.586413,116.37217,1.8244934,0.022250246,0.0022468485,0.20321383,2.2494576,0.014656718,0.101988025,0.0139184175
1.2821567,0.0002507099,2.4465914,0.067912236,7.596022,1.0217413,35.09707,4.73753e-05,14.664715,1.7009685,3.160274,52.719307,0.6981625,0.013944208,0.00096914376,0.14535502,1.1447023,0.011529573,0.085838385,0.008756088
1.3472619,0.00030970696,4.422781,0.07407034,10.0932665,1.5630454,51.947952,6.6918634e-05,16.038816,3.4807315,2.6578815,86.205826,1.5353109,0.021999113,0.0019627905,0.23812874,2.26708,0.01384135,0.08866264,0.012366577
1.358047,0.0002896163,4.338888,0.058886122,7.930562,1.3840015,41.758488,6.3836e-05,10.760266,2.6051195,3.7119665,84.597046,1.0576799,0.020884005,0.0017502186,0.20153919,2.2623339,0.011974237,0.08061137,0.010905097
1.3258977,0.00029420125,4.988543,0.071235284,8.690318,1.4294116,37.290043,6.335024e-05,12.383764,3.1678553,3.3085105,90.83422,1.6337497,0.019694582,0.0018891664,0.225968,2.3309507,0.0123271905,0.066024885,0.01059598
1.318171,0.00029224396,5.624781,0.087069035,10.153919,1.8065381,53.96333,6.521772e-05,15.178367,3.5820298,2.5772696,101.26617,1.6864444,0.020968193,0.0019046154,0.25290272,2.6335728,0.016681438,0.094983324,0.012662021
1.2862766,0.00041607456,9.936843,0.08837426,9.530667,1.9835222,45.911705,7.606803e-05,30.199297,4.494973,2.4622903,193.34424,2.260398,0.024997558,0.002185701,0.34899357,3.67763,0.016329585,0.09555796,0.012276341
1.4233589,0.0002122005,2.5675907,0.067522004,9.942868,1.0430399,48.235596,4.17556e-05,10.830225,2.045725,2.575262,58.5306,0.9655187,0.019116126,0.0012131237,0.12602195,1.2009081,0.013026811,0.08569617,0.011460144
1.5660874,0.00014938762,2.0194652,0.03911512,9.387128,0.94741476,52.431458,2.9848334e-05,10.003662,1.2716205,3.1772194,58.367508,0.38886133,0.018109713,0.0005398631,0.10354937,0.79841495,0.011658148,0.09542562,0.010929485
1.3323486,0.00016519042,2.2422767,0.057040595,8.737141,1.0275334,35.657505,3.0959676e-05,12.784542,1.6668127,3.7599247,54.423367,0.64686346,0.017714543,0.0009773056,0.10305221,0.88559204,0.011318967,0.11186876,0.014005503
1.2211845,0.00020075912,2.7107954,0.05309654,7.7420363,1.3002796,35.38949,4.132087e-05,8.174966,2.4769175,4.481719,59.445587,1.0535368,0.016831253,0.00088299887,0.1220581,1.1072577,0.008925426,0.07921717,0.008637586
1.1858115,0.00016755261,2.332411,0.050894335,8.201796,1.1742119,30.945322,4.18402e-05,9.658821,1.946959,5.433388,48.235115,0.69031864,0.011889363,0.0008717415,0.11480753,1.0749929,0.011242411,0.08589789,0.0090171015
1.1268443,0.00016278897,3.0980291,0.051381763,7.369961,1.5467452,33.873405,4.632181e-05,7.7760987,2.8501904,4.06335,69.04727,1.1226511,0.015605491,0.0009865214,0.11679098,1.3172921,0.008490859,0.09135215,0.008992375
1.4241544,0.00013367143,2.1488585,0.056207094,7.421546,0.96561396,37.94427,3.4249366e-05,15.167301,1.4631786,3.301863,56.646408,0.57827467,0.01607836,0.00083736016,0.10363281,0.96006876,0.012188053,0.10748877,0.011537083
1.2507313,0.0002219533,4.2356663,0.08741556,7.389612,1.551235,39.213272,4.890382e-05,16.045605,2.8113005,1.615026,87.74146,1.3114928,0.020045195,0.0017213431,0.13459879,1.7972053,0.01251,0.11118086,0.01238571
1.2156019,0.00023909981,4.2064195,0.09391543,7.405462,1.5268524,37.38424,4.651476e-05,16.348871,2.710396,1.6264968,84.84894,1.3077078,0.019137036,0.0016572131,0.13134329,1.8969139,0.013610968,0.10120366,0.013164301
1.3055723,0.00022077747,2.8956118,0.06225914,7.2315583,1.2232424,28.606178,4.833586e-05,12.543635,2.029997,3.7294576,52.438477,0.8723383,0.014836745,0.0010000026,0.15365985,1.2231859,0.0131346015,0.091932,0.011186384
1.3354267,0.00032453027,5.2049103,0.1044659,8.522965,2.0085094,45.798008,5.4527314e-05,15.114839,4.366038,3.114619,104.126686,2.121529,0.019600669,0.0019900876,0.17374134,2.3574238,0.015704669,0.13521555,0.015008346
1.3344241,0.0001469589,2.005614,0.03939276,6.4921937,0.98595226,34.494324,3.7617898e-05,13.47568,1.6357677,3.7217534,47.328674,0.53908247,0.014276073,0.0007886102,0.109699436,0.8882042,0.01197003,0.0779335,0.011610279
1.205339,0.00019111547,3.208899,0.048491184,7.4029846,1.302537,27.004103,4.0298975e-05,10.788619,2.6327448,3.788088,59.347157,1.0820824,0.013718867,0.0014033809,0.12572207,1.5220846,0.011198357,0.08139361,0.009316975
1.10296,0.00024192026,3.9485047,0.07755277,7.303459,1.5374866,28.851679,4.9303653e-05,12.958691,3.2739327,2.7394063,74.75784,1.5733659,0.015777897,0.0019184722,0.14711341,2.0752776,0.0121682985,0.06894937,0.009753711
1.2495822,0.0003402411,7.412275,0.11529559,8.190984,2.1739793,43.45558,6.0303908e-05,18.078003,5.7106576,3.6884341,131.57414,2.9741936,0.020742856,0.0028125835,0.23853421,3.5142388,0.022000292,0.100790225,0.015182781
1.2387868,0.00028782032,4.686374,0.09892265,8.314756,1.7800747,38.639153,5.6527395e-05,11.764489,3.6915357,3.203397,87.50387,1.9405286,0.015803855,0.0020481753,0.18256587,2.3012016,0.015307438,0.071340345,0.011103324
1.2950927,0.00024926456,3.7032049,0.080819085,7.934154,1.5450189,38.72629,5.8217756e-05,9.477131,3.2338057,3.419159,79.644806,1.6563307,0.018765876,0.0020878916,0.16377017,2.2382536,0.009580146,0.059378397,0.008785145
1.2661961,0.00024092504,4.059284,0.076372884,7.5046043,1.6525191,31.540607,4.9752536e-05,9.780196,3.2515564,2.0995946,82.672676,1.6191559,0.01649428,0.0017630727,0.14725712,1.8385066,0.010008225,0.07032623,0.008032044
1.2058985,0.00021121162,2.9129686,0.064658485,6.893316,1.345908,33.267235,4.0382198e-05,8.791497,2.648935,2.993862,60.02517,1.0563755,0.0153869465,0.001059431,0.11950963,1.2359835,0.010380912,0.07923793,0.008857283
1.1868795,0.00021900037,3.3888955,0.06433708,6.771013,1.5399045,31.6627,4.375913e-05,8.999799,3.0893254,2.7047782,65.53979,1.178431,0.015139632,0.0013348395,0.13514324,1.466813,0.010453216,0.07760384,0.009181145
1.2929747,0.00031494707,4.1891894,0.08997358,8.8082905,1.5271921,47.349224,5.915749e-05,13.974253,2.860513,2.643095,86.5038,1.2208439,0.021058213,0.0017395592,0.22198305,1.8583615,0.014798697,0.09504503,0.0132515775
1.4218899,0.000264061,3.758953,0.10081858,8.636643,1.3926892,41.67253,5.7920737e-05,12.597231,2.9465144,3.6900911,81.58127,1.1703761,0.020336865,0.0015187564,0.20841499,1.7163074,0.018401083,0.09895937,0.014408965
1.3376848,0.00023615382,2.4692647,0.059892196,7.509116,1.0226415,36.065624,4.4275894e-05,12.960261,1.9773734,3.7669652,53.806126,0.7685717,0.019993119,0.0013317592,0.13650316,1.4553372,0.012530494,0.070235714,0.010807683
1.4132351,0.0002221411,2.7671063,0.063845195,7.444002,1.1421144,39.42665,4.6479414e-05,14.629837,1.9589797,3.955896,61.732876,0.75917435,0.01822632,0.0011476749,0.14756972,1.2976433,0.013983928,0.08997659,0.010951016
1.2150774,0.00033568716,4.4500117,0.08081879,8.362365,1.6083558,35.96209,6.0561113e-05,14.108285,3.5166924,2.591384,86.606895,1.5014498,0.022836605,0.0017335997,0.17754036,2.3873293,0.01378097,0.0674673,0.011736131
1.2455077,0.00025946324,3.6413112,0.06255536,6.515408,1.3484715,33.062206,5.0247967e-05,10.136724,2.8723326,3.4869423,73.5641,1.3269645,0.01785906,0.0018175795,0.13058491,1.7104689,0.010135693,0.06191452,0.009430569
1.1149085,0.00017972641,3.0313125,0.049247358,6.444414,1.3628577,24.838858,4.5438792e-05,9.47231,2.5099359,3.0708134,58.78032,0.94645387,0.01491201,0.0008171492,0.11422453,1.3018148,0.010149497,0.09005584,0.010059781
1.1059109,0.0001870489,3.2308378,0.04844096,6.9300933,1.4280764,29.331167,4.0804087e-05,8.373492,2.647904,4.0670495,64.527275,0.9066596,0.013589898,0.0010341477,0.12010711,1.2801166,0.009409876,0.092148885,0.009908028
1.1733217,0.00018893568,3.2068298,0.051710203,6.6558614,1.4964219,30.804842,4.505326e-05,7.680767,2.5877156,3.7167606,66.903755,0.9832812,0.014594512,0.0009568137,0.10765665,1.3971217,0.009786486,0.07792011,0.008739703
1.2725757,0.00023212419,3.401202,0.06582592,7.3017716,1.0440769,28.226507,4.701436e-05,8.42364,1.827912,3.300128,71.01909,0.8275958,0.016177526,0.0010179111,0.1408386,1.491629,0.011585513,0.0755171,0.009294427
1.1276014,0.00017681601,2.0139906,0.0614091,6.2851806,0.92279166,30.123459,3.8841055e-05,12.18853,1.271624,2.3385918,54.264984,0.37447047,0.015480869,0.0005731485,0.092360854,0.90916055,0.008491686,0.076031156,0.0067060897
1.1532015,0.00025405074,3.7643788,0.07121254,6.4512334,1.5362451,24.932695,4.6363424e-05,9.65843,2.848918,2.4257684,75.05634,1.3076329,0.018412346,0.0014549891,0.13101226,1.5772291,0.011356408,0.077441156,0.009640818
1.1001835,0.00013306565,3.3257537,0.044724647,7.3239183,1.7085439,29.391651,4.6517223e-05,8.125618,2.9859068,1.9695879,71.60133,1.2183056,0.014393582,0.0010855895,0.10834842,1.3251269,0.008335113,0.087177604,0.00798791
1.26703,0.00037612373,5.04256,0.10641814,7.7191887,1.7741152,38.101173,6.2466366e-05,15.429186,3.825746,3.0693994,96.59076,2.1568696,0.021694282,0.0019256668,0.22001272,2.528616,0.015431487,0.107595116,0.011793465
1.3012865,0.0003412083,6.174004,0.07439966,9.207907,1.7514027,43.27436,6.373966e-05,12.668274,3.8670237,2.33634,117.67237,2.193955,0.018127356,0.0021624898,0.25041187,2.7753115,0.013600179,0.06282176,0.0108396895
1.2722399,0.00025885255,5.052824,0.07903725,7.4249253,1.4667873,38.186787,4.773707e-05,14.200757,3.8769872,3.753356,90.4864,1.9595242,0.017225914,0.0019528399,0.1894768,2.4713979,0.016849034,0.08691824,0.0110590225
1.1745684,0.00023155565,3.2204323,0.07119889,7.1979833,1.413848,29.229414,5.207264e-05,13.390495,2.29504,3.462683,56.360874,1.0746418,0.013958221,0.0011248738,0.15480427,1.3230101,0.014638001,0.110729195,0.010660826
0.9895251,0.00014781478,3.0450928,0.05631535,6.433879,1.5047228,26.17677,4.0568415e-05,14.014343,2.4366555,3.5898764,61.606113,0.89371,0.012659638,0.001254135,0.11838627,1.2050003,0.012165597,0.09692684,0.009545705
1.3952358,0.00025479434,3.8846593,0.063855976,7.4651265,1.4681022,32.552895,5.5869023e-05,16.107523,2.531175,2.648334,81.27836,1.0246346,0.02030325,0.0015845419,0.14089595,1.6924735,0.013517103,0.089827664,0.010598864
1.298866,0.00031315768,3.7022886,0.11142228,8.700723,1.3118184,41.139103,5.809238e-05,12.781907,2.5361354,2.5926054,81.48891,1.1863844,0.023178292,0.0018519572,0.19852738,1.7703052,0.013977776,0.08036802,0.011053253
1.1918741,0.00023037293,4.3630247,0.07553303,7.201992,1.6642385,37.42308,5.1696636e-05,12.994878,4.050812,2.7813318,95.09387,1.8409845,0.0128513295,0.0019820768,0.18920499,2.0582852,0.017074168,0.08471547,0.012393024
1.3088503,0.00027794062,3.0442777,0.07083323,7.09481,1.0826341,36.818996,5.0581315e-05,12.818888,2.1629906,3.2097557,68.1428,1.0390623,0.01655655,0.0013006105,0.17744921,1.3862306,0.011564281,0.07764108,0.009324746
1.2926769,0.00029464607,3.195212,0.08342612,7.103467,1.0938386,39.59557,5.091603e-05,12.00375,2.2405956,3.1445107,71.03352,1.15928,0.016795889,0.0012605925,0.19495612,1.3372298,0.013849547,0.07553815,0.010904421
1.4353219,0.00027191336,3.3073008,0.07745309,7.7307158,1.3101978,34.45938,5.5206892e-05,16.642508,2.1572156,2.8692489,72.239006,1.0749083,0.019459514,0.0013835981,0.16338484,1.5284241,0.014088846,0.09030919,0.0104218675
1.2591295,0.00018840932,2.7448852,0.061784927,5.9005356,1.2545264,30.458378,4.3359985e-05,10.315148,2.2028131,3.4787457,64.61799,0.95154923,0.014696353,0.0008022626,0.13406366,1.021815,0.009644669,0.09864097,0.008830029
1.3600001,0.00022554539,2.6389446,0.107419655,7.9198966,1.0734926,35.80921,4.302425e-05,11.4506,1.9463092,3.9727385,62.987087,0.72302336,0.018564053,0.0010729135,0.13012595,1.0611364,0.009082777,0.09659908,0.00788938
1.2513494,0.00026040283,3.2226694,0.092654884,6.77211,1.1559542,31.887466,5.2185147e-05,12.259344,2.127482,2.878569,76.1063,1.0285224,0.020359289,0.0013405272,0.14747053,1.5237116,0.010210457,0.07344202,0.007783071
1.312461,0.00025913192,4.012788,0.117499076,8.845694,1.5788811,46.9785,6.281566e-05,13.433456,2.857224,2.2834976,88.07033,1.0627735,0.020662406,0.0017884747,0.22596402,2.0275495,0.016206574,0.10606854,0.014588446
1.409489,0.0003098898,3.352898,0.135177,8.63569,1.1867014,46.527637,5.490525e-05,12.483656,2.5588093,2.5562372,80.15646,1.1069009,0.022527914,0.0017804535,0.18726285,1.5479361,0.011960363,0.09402527,0.011093891
1.3011134,0.00026146224,2.8798764,0.09289276,7.966269,1.0938915,40.85841,4.5510846e-05,9.990512,1.7701981,2.2745128,62.514626,0.6874901,0.01886019,0.0011924452,0.14848834,1.1349517,0.010979581,0.09013679,0.010780546
1.3689836,0.00028572817,4.041636,0.05752675,9.421263,1.4174318,45.504337,6.028876e-05,12.239807,3.162149,2.5457842,80.01914,1.3943179,0.017398648,0.001792732,0.20259203,1.8894256,0.013460653,0.08759584,0.010363217
1.2111099,0.00020652232,2.180968,0.078582324,6.450981,0.8318403,27.228626,3.691636e-05,12.290659,1.4227585,1.3835849,45.234245,0.49180573,0.01719159,0.00071496505,0.090791374,0.8725379,0.012391058,0.09577757,0.01098552
1.2370765,0.0001692014,1.9862959,0.06921666,6.967311,0.84824735,31.34823,3.699399e-05,12.819955,1.314961,1.4201158,40.431625,0.4356772,0.016520474,0.0007274086,0.11496985,0.81249803,0.013938058,0.09435335,0.012557048
1.2250332,0.00033236353,4.0163383,0.08190523,8.049249,1.4248134,41.73519,6.25446e-05,11.616745,2.962128,2.996372,84.66593,1.406982,0.020779658,0.0021067297,0.21878855,2.1486614,0.013878569,0.08180129,0.011585822
1.3904072,0.00033092688,4.319956,0.08723093,7.663786,1.3751664,30.756104,6.335278e-05,15.62425,2.6482196,2.739523,90.65093,1.2184936,0.022575162,0.0017570683,0.16060789,2.0773654,0.013624448,0.0952451,0.00966346
1.3081378,0.00030386902,4.18319,0.10210214,8.245999,1.5327088,38.925056,5.973965e-05,13.152961,3.0601666,2.2629266,79.85073,1.4106829,0.023495557,0.0020507076,0.1750866,1.7513916,0.010216154,0.08507103,0.009988518
1.2905605,0.00035837505,6.3740816,0.0836249,8.21483,1.7210141,36.90143,7.481774e-05,15.091053,3.6415446,3.203577,135.03215,1.7740568,0.024916016,0.0024683264,0.17035559,3.2029128,0.009061816,0.06517482,0.0078215515
1.2790283,0.0002587644,3.9922154,0.08633384,8.947194,1.2993598,45.118958,6.38632e-05,10.314738,2.6087935,3.0758772,80.20093,1.3321271,0.020194897,0.002476459,0.20150714,2.0663555,0.009801791,0.08653668,0.010139397
1.3612916,0.00034057852,4.437289,0.094837494,8.2265215,1.5477681,44.83296,6.9068265e-05,11.671108,2.7349072,3.179546,87.67582,1.4331683,0.023899779,0.0017303982,0.20682351,2.194506,0.0116446875,0.089463376,0.010017515
1.2550746,0.00030756855,4.435356,0.08214692,9.073238,1.474459,46.99142,6.0621234e-05,12.944741,2.8934455,3.2303824,87.731125,1.4643248,0.01990599,0.0018992547,0.22430046,2.021517,0.010436296,0.0765432,0.009973376
1.3373457,0.00029072582,4.03913,0.07201449,7.764225,1.3774515,39.75292,5.8820428e-05,11.069146,2.80124,2.8829498,88.98045,1.2640224,0.01964934,0.0018534092,0.20205615,1.6926045,0.009766355,0.08220119,0.008145942
1.3122176,0.0003312523,4.3816485,0.095760435,9.282532,1.602973,45.04742,5.8990972e-05,12.66133,3.1172104,2.1990547,77.00519,1.7527901,0.019056791,0.002181189,0.21070358,2.4482048,0.01254608,0.07659835,0.0112357605
1.278375,0.00028334843,4.2011256,0.08750645,8.457051,1.1779175,47.95617,5.3959997e-05,11.06627,2.7569032,2.5351546,87.08444,1.6569822,0.016874772,0.0020542033,0.20445736,1.8255271,0.010732286,0.07316947,0.010808631
1.2771686,0.00034184774,4.39796,0.08924111,8.090943,1.5885425,43.79892,6.23473e-05,12.331075,3.3950336,3.6041687,89.15494,1.9698483,0.021641148,0.0024919198,0.20150621,2.0536036,0.0104475,0.07820033,0.009703589
0.9791132,0.00025255245,4.007065,0.075170524,6.5331526,1.4221189,23.895779,5.2890147e-05,11.769914,3.024801,2.3902617,83.47253,1.5602158,0.017490888,0.0021872132,0.14033273,1.9294958,0.008956026,0.04778605,0.006756726
1.3234594,0.00040551228,8.122616,0.095053256,8.488243,2.3033545,39.016994,7.4549134e-05,19.318441,4.4055915,2.4495769,161.53558,2.1886332,0.027031058,0.0028615366,0.19268678,3.0067475,0.014957548,0.09881419,0.013677131
1.2038459,0.00029102675,6.0584283,0.052245244,7.498618,2.1640036,32.06201,6.326753e-05,12.6046505,4.216835,3.0241024,118.55315,1.7322444,0.017461786,0.0023290624,0.15974575,2.8232894,0.011207125,0.062303714,0.008543551
1.1070448,0.0002788013,3.295461,0.075915605,9.251108,1.3207858,38.713226,5.6268018e-05,17.857937,2.4282777,3.808556,79.09414,1.176517,0.021303305,0.0015762688,0.14153865,1.9804012,0.010553887,0.06350538,0.0080025345
1.123449,0.00029316824,3.617618,0.077148445,9.72964,1.2355591,37.566124,5.473296e-05,17.625254,2.4774778,4.0287476,70.56575,1.2127572,0.021177882,0.0015083312,0.15583026,2.2147338,0.010683257,0.059165373,0.007630151
1.1963583,0.00032654943,4.033922,0.087299876,7.734194,1.3005637,32.501736,5.765171e-05,15.273748,2.66373,3.92108,84.25774,1.4947695,0.02201216,0.0020721948,0.15781496,2.7324283,0.010059826,0.06405603,0.008148681
1.3813444,0.0002666758,4.05966,0.09220588,9.295946,1.2916626,50.74957,6.6010965e-05,13.538179,2.9886253,2.9070067,82.608154,1.2904694,0.019125871,0.0019801597,0.21653955,2.1286428,0.011762529,0.09745711,0.010501641
1.331888,0.00035319696,4.109488,0.09339206,9.147941,1.3550153,46.71474,6.402857e-05,12.124129,2.8547564,3.5094614,89.38579,1.6099252,0.019371338,0.002206656,0.21571247,1.7712017,0.01142118,0.085351355,0.012531307
1.4064485,0.00031017954,3.987786,0.12957184,8.662341,1.2993797,47.07746,6.9704714e-05,11.660411,2.9801915,3.0384493,88.58703,1.5246272,0.021716729,0.0024315747,0.20802695,2.063233,0.012046778,0.08162366,0.010598799
1.2937235,0.00025933413,4.0689883,0.06375405,8.925085,1.3403325,46.327747,5.5911187e-05,8.935082,3.220499,3.1726732,93.05051,1.5607346,0.022506164,0.0028487819,0.1630375,1.9747335,0.008024045,0.04359784,0.009859003
1.3677857,0.00023171527,3.6026669,0.10602632,8.79389,1.0115806,39.21656,5.9032256e-05,10.736119,2.1889129,3.075395,72.919395,0.93190384,0.021040017,0.0025109795,0.16599143,1.8771669,0.009681558,0.0762921,0.010522418
1.3437239,0.00040724533,5.2099123,0.09240239,10.511323,1.6645136,55.318306,7.508717e-05,14.099652,2.8696396,2.8121693,108.866455,1.2103518,0.026344297,0.0016844879,0.278576,1.9260192,0.016161544,0.11409869,0.014735833
1.3237677,0.00034976017,4.54899,0.076541305,9.365943,1.6462568,51.21971,6.9509835e-05,10.912394,3.351943,3.1763504,97.49094,1.6727262,0.022584759,0.0024485884,0.19769028,2.267422,0.010505514,0.067373246,0.010499529
1.4774058,0.00019947634,2.0178294,0.059090886,9.196619,0.98442256,38.581608,4.6078032e-05,10.627665,1.6025435,3.6034086,40.81725,0.7931725,0.016023712,0.0013921349,0.12785654,1.0233748,0.009842964,0.08611535,0.008631488
1.6035349,0.00022863843,2.9742625,0.105356224,9.215661,0.94382536,41.965706,5.790911e-05,11.168129,1.8205534,3.8795304,57.175785,0.91874975,0.01842826,0.0019806817,0.17432854,1.5300704,0.010124557,0.08553882,0.010889591
1.2991225,0.00020387387,3.5522094,0.06717843,8.694587,1.0459146,49.092556,4.6140067e-05,7.788349,2.1451507,2.663769,67.42257,1.1597071,0.015087866,0.001566469,0.14010234,1.6728235,0.010072921,0.05491278,0.009477129
1.2190317,0.0001647303,3.4023163,0.052376196,7.1724744,1.1356475,37.39262,4.3194595e-05,8.892466,2.3624063,3.5283442,69.43773,1.0723665,0.0114629185,0.0016324574,0.1291856,1.7945725,0.008367492,0.057644207,0.007154438
1.1899729,0.00043679817,13.453806,0.10647824,13.08539,5.4643717,40.823475,0.00010339782,30.445532,12.362608,2.52564,247.71906,6.592804,0.024010908,0.005671746,0.31046712,6.508982,0.02093459,0.123862825,0.01950888
1.2122175,0.00024505352,3.593915,0.04794366,7.0317974,1.1574053,34.020752,4.423823e-05,8.265849,2.430795,2.9703307,65.33198,1.2906718,0.011339754,0.0016845681,0.14098829,1.7387493,0.008187612,0.04336526,0.0068973503
1.2485452,0.0002616984,4.5086837,0.087960154,7.5673823,1.63009,36.071465,4.9628423e-05,9.269541,3.7209623,3.5458174,83.4009,1.8136857,0.014803928,0.0023342632,0.15761717,2.3111606,0.0100028375,0.13695793,0.01300606
1.1994356,0.00029427072,3.5152085,0.0817751,8.163119,1.2054083,28.66356,5.5533543e-05,10.625207,2.2262628,2.9825757,70.11885,1.2152746,0.019950505,0.0016819369,0.1590885,1.6438773,0.009884382,0.08299546,0.009382776
1.4275767,0.00047721635,9.769953,0.14373201,12.536346,3.7657588,66.46839,8.122002e-05,18.555468,8.779942,3.3120794,192.57527,4.7883434,0.026098004,0.004191956,0.2888893,4.594501,0.023283351,0.1433034,0.020438824
1.2654885,0.00034707505,4.3670893,0.09162679,8.208405,1.7510741,36.941696,6.0286275e-05,11.865936,3.124098,2.35698,86.65008,1.4880924,0.021587271,0.0021230602,0.15507583,1.8845509,0.010981311,0.072748326,0.010010367
1.2646149,0.0002494534,3.6970623,0.0772126,8.955584,1.4446588,53.000923,5.6389013e-05,11.874716,3.0466614,2.7324245,76.02819,1.5925007,0.018055415,0.0016837522,0.1893829,1.7698315,0.014305048,0.09377384,0.013237699
1.2577482,0.00038272166,5.8843656,0.07513409,8.867238,2.0485778,43.64237,6.5875734e-05,15.424235,4.4235096,2.750965,115.03251,2.4467692,0.019002412,0.00203793,0.2345168,2.8452675,0.012765874,0.08695822,0.00983837
1.2222145,0.00025141938,3.4051073,0.06980806,7.1496263,1.4463705,32.88987,4.6995552e-05,9.435115,2.7348673,3.0297341,66.34861,1.3193303,0.016861428,0.0014596881,0.13998052,1.5147578,0.010610694,0.081035376,0.010197128
1.2512723,0.00035931205,4.679788,0.10860121,8.268915,1.5530664,38.483368,5.9277714e-05,11.297396,3.7923584,3.287522,102.11201,2.2417035,0.018130274,0.0021674507,0.22586238,2.044098,0.01338588,0.078758776,0.010949802
1.1932291,0.00025699375,3.5558898,0.054370996,5.664981,1.4427477,31.159624,4.9622224e-05,10.268221,2.6729898,3.216361,73.570015,1.16503,0.014550208,0.0013293247,0.15849046,1.6612315,0.011398121,0.05732944,0.007382157
1.2279922,0.00036901954,4.8842287,0.101427175,7.9369307,1.6052169,43.327442,6.446898e-05,12.379716,3.2773108,3.0809567,93.877945,1.7985878,0.022594541,0.00198416,0.18185954,2.3271868,0.011267388,0.08899974,0.011201946
1.2472309,0.00032936776,4.36603,0.088945806,8.264354,1.4667419,42.567665,5.8522164e-05,11.358763,2.9500303,2.8023088,89.39338,1.53217,0.022756895,0.0017402024,0.1468266,2.265797,0.010683565,0.081250556,0.009081535
1.3635501,0.00033776867,3.9445593,0.11805482,7.883771,1.3789458,34.4105,5.513852e-05,13.563694,2.6889925,2.839759,76.338684,1.3741715,0.021559898,0.0014615856,0.14883293,1.718779,0.012864684,0.088434994,0.012167652
1.3845534,0.00024718206,2.4590898,0.060861614,7.1082253,1.134898,37.079964,4.7160196e-05,12.51105,1.8218826,3.014338,56.713383,0.7803575,0.012316925,0.0008230942,0.18691579,1.1615962,0.011979484,0.08018022,0.00994353
1.4116691,0.00024007946,3.1546707,0.063802026,9.443139,1.386267,43.941788,5.393969e-05,11.422912,2.874453,3.1309114,70.37732,1.4442184,0.01565822,0.0016090758,0.21334188,1.4490197,0.013479114,0.09896714,0.013715699
1.3696789,0.0003157454,3.7928326,0.070636146,8.836952,1.531615,43.985252,5.868379e-05,13.810765,3.3692915,3.1944902,89.76128,1.8469155,0.01730583,0.0020013235,0.22913465,2.0142934,0.0121150175,0.08086084,0.010548951
1.3400328,0.00029650237,3.6099033,0.091090344,8.27798,1.272098,35.45981,6.182508e-05,10.982164,2.7219796,2.179818,79.07773,1.3838181,0.018874982,0.0019019254,0.19566977,1.6838887,0.009930704,0.07107094,0.00849642
1.3039213,0.00030460843,3.8967454,0.08225922,7.9084353,1.3448441,39.823093,6.14997e-05,12.38621,3.0328054,3.628957,88.9662,1.6461256,0.018782506,0.0021329054,0.23284304,2.0453434,0.012307313,0.08601855,0.0117907645
1.3055896,0.00033561554,3.6303577,0.10430823,8.448334,1.2989942,40.615223,6.450994e-05,11.587856,2.6964574,2.7854326,82.50081,1.4830229,0.021385428,0.002406245,0.25538942,1.9666952,0.012486515,0.07445549,0.0123282075
1.3215501,0.00033329768,3.2383978,0.08830975,8.432534,1.399043,39.190086,6.0572533e-05,12.771833,2.9937954,3.2898362,76.046936,1.5162495,0.020349588,0.002276937,0.17364533,1.8454738,0.011701803,0.08085755,0.010110185
1.155824,0.00019164385,2.2382474,0.0652149,6.4592977,1.1473156,28.41075,4.3456865e-05,14.145029,2.0872357,3.164527,49.971703,0.8030876,0.0130319,0.0010129106,0.12728944,1.009059,0.013243858,0.09412748,0.009674248
1.4008135,0.00025934278,2.970056,0.07993455,8.225742,1.232384,34.661926,5.6251843e-05,13.0104065,2.2984872,3.560356,60.708923,1.0474113,0.019187838,0.001890858,0.17047475,1.6198018,0.011855239,0.0820947,0.01044881
1.3754286,0.00023529574,2.789061,0.06397506,7.0353565,1.2544589,34.727497,4.8762766e-05,17.034204,2.3906162,3.0695434,57.84108,1.035499,0.015785148,0.0013351953,0.13242067,1.3419311,0.011933466,0.08979292,0.009090285
1.127864,0.00020181348,2.4010797,0.056520086,5.83408,1.1418996,24.964622,4.0595914e-05,10.827548,2.0893195,3.4928672,49.321613,0.86692405,0.015104563,0.0011844246,0.10863546,1.217364,0.012118248,0.07765091,0.0085975565
1.1207837,0.00017816987,2.2731476,0.051267482,6.8256936,1.0369402,28.050594,3.979964e-05,13.579596,1.9875232,2.9094458,48.66233,0.784899,0.012720503,0.00092356844,0.12062737,1.0865808,0.012195509,0.09148923,0.008860627
1.273421,0.00020740481,2.3618608,0.08881166,7.8088875,1.1449337,36.151844,5.3380005e-05,12.016922,2.4636884,3.291015,51.978065,1.0582836,0.01471367,0.0017296516,0.16421546,1.164944,0.011825685,0.08988563,0.011656384
1.3007325,0.00022917714,2.4600353,0.10199917,8.789083,1.1689199,39.99064,4.924716e-05,9.899415,2.1519012,3.5332742,54.972942,0.9850398,0.016584484,0.0016203327,0.16400085,1.184078,0.0117134,0.08534011,0.011820206
1.30752,0.00027470294,2.8252351,0.09846712,8.268421,1.3135886,42.254333,5.5553573e-05,12.038874,2.3517492,2.994109,60.33653,1.1644865,0.018464956,0.0016041785,0.15007955,1.4237511,0.010748718,0.07900539,0.009805191
1.1357588,0.00021157374,2.248733,0.054066874,6.778683,1.0228548,29.104948,3.980393e-05,12.584863,1.8803997,2.8816972,44.68507,0.85993,0.013170675,0.0010881516,0.113909364,1.1335571,0.012155758,0.074228436,0.009177124
1.1484654,0.00020751507,2.6198397,0.039742745,6.6211104,1.0562853,31.2766,4.574554e-05,13.378015,1.7290534,3.631702,54.78139,0.63306457,0.0131481355,0.0009632286,0.14250354,1.2766538,0.013176496,0.077832505,0.009956252
1.3136257,0.00025196729,2.6510155,0.08031644,8.479683,1.2373143,38.57555,5.0382805e-05,14.335819,1.9767393,3.8039572,61.27322,0.9199744,0.015473764,0.001146375,0.16306357,1.1690875,0.012460184,0.087898955,0.011878457
1.3316268,0.0002786182,2.7329476,0.09140764,7.7752037,1.282902,41.73392,5.615563e-05,12.356123,2.3015585,3.3329241,61.034714,0.95551276,0.018582126,0.001586915,0.18000093,1.5670371,0.011833503,0.09007166,0.011609665
1.2979043,0.00024076553,2.7688415,0.07687495,9.167151,1.2518625,37.793655,5.387737e-05,13.363614,2.1418705,4.2096105,62.16168,1.0064073,0.01853372,0.0012545286,0.16802238,1.1579663,0.011759638,0.09098548,0.011204206
1.3293228,0.00019312426,2.679118,0.0678517,8.512995,1.193089,35.48961,4.3867956e-05,10.018089,2.057407,4.1149116,56.41207,0.93711174,0.015328715,0.0013808709,0.16431487,1.164268,0.01072009,0.07272456,0.009705127
1.1986877,0.0002388425,2.7363696,0.07071831,7.6687713,1.3094128,35.489265,5.2306812e-05,13.5002985,2.314014,2.8154955,60.140926,0.94895655,0.016551666,0.0012858573,0.1784841,1.1401256,0.013212013,0.09562124,0.011674533
1.2930957,0.00024678104,2.6538448,0.0859969,8.935592,1.1960051,44.33933,4.299836e-05,13.754824,2.0344982,2.8315234,58.35531,0.9505053,0.015499927,0.0012823782,0.11356531,1.2333547,0.012024812,0.083647564,0.011099717
1.3038574,0.0002842372,3.163294,0.093100555,7.8948083,1.2430967,39.070206,5.6333647e-05,13.744941,2.350176,2.7850583,74.10371,1.2902248,0.019891098,0.0016539636,0.21084277,1.8040937,0.014234419,0.08008421,0.01180349
1.4070961,0.00022711571,2.648497,0.06568105,9.236755,1.1980156,38.493923,4.4978617e-05,12.581779,2.1152072,2.5399134,61.389954,1.0971872,0.015986508,0.001246805,0.11059277,1.3955381,0.01105164,0.07113475,0.009706584
1.3830718,0.0003111984,3.9922667,0.04998985,9.806795,1.6563841,42.67122,6.735265e-05,12.893545,3.2323728,3.1589823,90.36434,1.685319,0.018079799,0.0018718046,0.21024874,2.2896605,0.011101029,0.088897586,0.009733257
1.3150148,0.0003288993,4.2741885,0.07055735,9.23583,1.7455317,46.440517,6.1516075e-05,15.204548,3.4590983,2.9513245,87.77448,1.719555,0.017923033,0.0016790924,0.24471645,2.1382978,0.013623251,0.08740673,0.0116807455
1.2093495,0.00024599038,3.5160334,0.07503487,6.749692,1.329613,29.750923,4.8988677e-05,12.113631,2.6901996,3.077341,76.183655,1.2417802,0.015993062,0.0015638543,0.16596138,1.8233155,0.013965196,0.06847802,0.010687077
1.3089079,0.0002821532,3.4193602,0.0774564,8.280801,1.3860835,35.78794,5.491214e-05,13.468295,2.6729264,2.5790849,74.05671,1.3667222,0.017738165,0.0016686448,0.17844114,1.6808639,0.0125742,0.08499591,0.011691819
1.2685864,0.0002806443,3.1132646,0.07789426,7.708528,1.2459539,38.531487,5.4809952e-05,12.57819,2.309684,3.1517031,71.60036,1.1712118,0.019063674,0.0016096539,0.15188813,1.8295486,0.01142532,0.0690167,0.010735812
1.3341055,0.00028350903,2.9688883,0.092281476,8.899078,1.3191223,39.9875,5.2381947e-05,11.146448,2.4879174,3.29617,69.57811,1.205862,0.01760316,0.0016318749,0.114743225,1.5509671,0.0110650025,0.076298855,0.00866509
1.3761027,0.00025006436,2.818899,0.09098745,8.2410145,1.1215113,35.823296,5.4911256e-05,12.2136345,1.9360002,3.2612917,63.325794,0.97538567,0.017587623,0.0016159859,0.1850725,1.3473786,0.011355601,0.09629268,0.011058036
1.4680611,0.00023806776,2.7829356,0.083166145,8.414081,1.0592302,33.594357,5.1301577e-05,12.396331,1.613684,2.6162775,60.44978,0.8177531,0.016341696,0.001228529,0.17119896,1.1428864,0.011282686,0.090498164,0.011737469
1.2794663,0.00034282607,4.0362086,0.10094196,8.904429,1.350889,44.782597,6.7565496e-05,12.274828,3.0693758,2.8391542,94.943214,1.5546638,0.022331772,0.0021880132,0.19952376,2.2101915,0.012362303,0.07497748,0.011950931
1.4955317,0.0003142181,3.0208755,0.10404565,8.531166,1.0702302,30.036459,5.5308497e-05,15.101842,1.921574,3.0609171,65.82115,0.9386007,0.020569164,0.0015216301,0.18816921,1.3108314,0.0136048,0.101312235,0.011092895
1.3744237,0.00022716605,4.0526867,0.08218531,9.515768,1.3041258,56.293236,6.3880034e-05,14.431368,2.6166835,3.3338737,77.65995,1.2079868,0.018413369,0.0017986142,0.22282386,2.346203,0.013919738,0.091331564,0.011810091
1.1821997,0.00029590185,3.755785,0.06687199,6.4452887,1.1379598,31.336164,4.610392e-05,10.964327,2.0558794,4.687087,74.77711,1.077826,0.018410036,0.0016848819,0.1417757,1.6484871,0.008859847,0.062969305,0.006945668
1.3345796,0.00035246514,5.2146077,0.108562104,9.934662,1.7584728,52.85482,7.028233e-05,15.289789,3.7518651,3.0725179,101.33666,2.077506,0.02105662,0.0021451314,0.23617756,2.8215075,0.013301942,0.078448325,0.010608585
1.2924029,0.00035919907,6.3271575,0.07222988,7.2828236,1.6260971,38.72707,6.750404e-05,13.226949,3.7054646,4.0972605,119.51362,1.9582646,0.02244828,0.0024978586,0.20790379,2.794555,0.011179308,0.080404505,0.010177368
1.3555288,0.00033764733,4.2512236,0.08308979,8.249336,1.6892552,39.902798,5.903748e-05,14.284225,3.1289732,2.7598662,86.61394,1.7462717,0.021775417,0.0022887762,0.18589716,2.0660214,0.010522274,0.07862746,0.009761347
1.5462983,0.00017510323,1.9718647,0.055966992,9.624176,0.994355,38.499157,3.854328e-05,15.800008,1.3087811,2.5642912,48.950844,0.44995344,0.014325063,0.0005367273,0.12805213,0.7634106,0.01122927,0.08604517,0.010958487
1.5724825,0.0001418127,1.7039969,0.04890139,8.385197,0.8427374,39.262173,3.51309e-05,13.989199,1.1412117,2.8024735,38.32374,0.42265707,0.010148815,0.00040501248,0.11847612,0.7938162,0.0107305655,0.093203634,0.008405181
1.3912288,0.00016127386,1.5873212,0.048071858,8.605591,0.7295878,42.25196,3.3591492e-05,13.622803,0.8978561,2.455967,40.213528,0.30163783,0.012068165,0.00026133432,0.116719544,0.6166161,0.01061223,0.08118113,0.0102588255
1.3546004,0.0001355857,1.7085509,0.037032858,8.244535,0.7346568,39.315193,2.7853554e-05,12.761812,0.968562,1.6316643,48.919056,0.26920474,0.010623132,0.0004091615,0.123360045,0.7168437,0.008717078,0.0656319,0.007430121
1.427568,0.00013742263,1.8044817,0.05177823,8.113331,0.97326165,34.692936,3.770055e-05,14.487778,1.3839598,2.672235,46.61094,0.4741723,0.013790635,0.0005480697,0.11810272,0.8288813,0.012142969,0.09325628,0.010392848
1.448293,0.00012940042,1.7703685,0.029053388,8.504118,0.81598455,38.039944,3.369465e-05,15.4814005,1.0276681,2.1792681,44.578056,0.28845203,0.011048099,0.00019627833,0.11999253,0.6639412,0.010627287,0.08810353,0.008597889
1.239551,0.00020998869,2.1576974,0.09488585,6.0765934,0.8109188,40.339157,3.6926118e-05,12.692557,1.5938588,4.8315215,51.32854,0.715644,0.0131030455,0.00071076327,0.13000861,1.0490249,0.017233595,0.09474547,0.011188388
1.4504049,0.0001691143,1.5127369,0.04976129,9.944935,0.7296247,47.240253,3.1856544e-05,14.382312,0.75090873,2.826628,46.218636,0.18014601,0.013341803,0.0002406128,0.12305538,0.665266,0.008648701,0.059650794,0.0071557257
1.4529605,0.00013108607,1.8671329,0.060502473,7.2144656,0.93298423,39.174034,3.836074e-05,15.227424,1.2368866,2.8170831,49.23263,0.3856961,0.014443088,0.00053317304,0.115603015,0.7246448,0.0112923,0.10595374,0.0092501445
1.3799039,0.00011883414,1.4691361,0.05560941,8.140426,0.6724145,40.25544,2.6833992e-05,11.229479,0.7306076,2.3087728,45.14491,0.15717903,0.012880071,0.00019630231,0.09543141,0.5772782,0.009295599,0.08219178,0.009217454
1.557949,0.00013488028,1.8432407,0.06380396,9.099919,1.0772873,39.279377,3.241182e-05,17.77317,1.0908756,3.2637913,50.706337,0.30950895,0.014891137,0.0005343632,0.114343114,0.73218864,0.011876012,0.09377576,0.01193938
1.4299839,0.00017608238,2.1075904,0.061174456,8.875441,1.1022404,38.366516,5.0385985e-05,17.75354,1.6903934,2.5094674,52.457775,0.61316365,0.015975121,0.00048184983,0.14293496,0.9219481,0.015344939,0.11499287,0.010877555
1.5741254,0.00014033592,1.5997915,0.04149245,9.5257845,0.8713027,48.22098,3.431176e-05,14.393395,0.948063,3.3384426,48.77987,0.18488516,0.01452033,0.00020246519,0.13818866,0.63961864,0.014260177,0.10422657,0.012419396
1.472572,0.00018001908,1.7593461,0.031302653,9.15229,0.8407935,43.009254,3.376403e-05,14.71573,0.95061725,2.358935,56.40647,0.17711988,0.016200354,5.144906e-05,0.1253579,0.79798037,0.010478853,0.077658504,0.007488889
1.3585736,0.00020759519,2.2687435,0.07225683,6.4207377,0.9382452,35.03537,3.837196e-05,14.946803,1.6889759,3.807083,56.072693,0.52681094,0.013335968,0.00067628,0.13173178,1.0627567,0.016526902,0.11246031,0.0116903735
1.4164871,0.00011907566,1.8269322,0.020094642,9.078978,0.76290953,45.941265,3.525907e-05,13.376754,0.8884062,2.975537,51.310993,0.27586374,0.0116125215,0.00037692633,0.14052764,0.7869395,0.0088947,0.061069373,0.008786776
1.4362731,0.00014877426,1.7880733,0.02896537,8.84323,0.8067914,42.82516,2.8982979e-05,13.35321,0.96618825,2.3464763,52.56212,0.19896708,0.014799168,0.00013340118,0.099083625,0.9318863,0.008877856,0.05603589,0.0075471764
1.2149371,0.0001425434,1.7865118,0.025834873,7.361331,0.77695006,32.23811,3.2963773e-05,12.907461,0.95595235,2.689368,45.49913,0.24115816,0.011806455,0.00030041212,0.109219454,0.75368786,0.010354543,0.07360085,0.007542572
1.356083,0.00016959092,2.039953,0.038994,8.4102545,0.80289394,39.205734,3.484199e-05,11.485992,1.1346946,2.726301,50.648968,0.32989618,0.016147543,0.0006062028,0.13152297,0.9300536,0.009647813,0.07917424,0.008287166
1.4805347,0.00018022153,1.9185613,0.048968296,6.700703,0.8820318,37.10169,3.520867e-05,15.759521,1.3004221,4.202316,46.01969,0.36430815,0.014514515,0.000451123,0.13352565,0.8163037,0.013040577,0.08758201,0.009338928
1.4782934,0.00015176427,1.7008741,0.032468665,8.793591,0.9237333,44.26485,3.4932855e-05,12.072561,0.8986266,2.816983,49.85701,0.17135529,0.012602714,0.0001620231,0.105528645,0.63109344,0.009358238,0.090653636,0.0073286
1.523995,0.00012814462,1.6999985,0.044218868,9.070515,0.8669194,44.352135,3.3574932e-05,14.654719,0.861481,3.171347,53.0175,0.20492887,0.014600677,0.00016502434,0.13432933,0.54111326,0.011138823,0.1066279,0.010684414
1.4923259,0.00018602851,2.1656303,0.041811552,9.184868,1.021475,45.93841,3.667251e-05,15.517717,1.3294127,3.072174,75.08189,0.4997504,0.015298173,0.0005040386,0.13419029,0.96483326,0.0112868035,0.08961515,0.010809414
1.5985149,0.00013769107,1.8124672,0.03672508,10.640951,0.9044152,37.387173,3.442809e-05,13.360822,0.9705713,3.4697063,46.7701,0.2821972,0.011826741,0.00028597694,0.12700175,0.6460239,0.009486759,0.09092951,0.009984433
1.4568378,0.00019796407,2.2647705,0.06974715,8.14199,0.9473146,37.50219,4.0315954e-05,15.791957,1.4024744,4.348104,43.1172,0.637204,0.013451539,0.00086187694,0.13711108,1.0092214,0.011971325,0.08358179,0.00903523
1.414048,0.00016201007,2.0119426,0.0692637,5.6962414,1.0464919,34.294125,3.457465e-05,26.560099,1.2745508,3.719624,44.80943,0.45709813,0.010333043,0.0006415345,0.12385317,0.733825,0.01540349,0.10856529,0.010434044
1.454246,0.00013961089,2.028295,0.027889308,9.764408,1.1453062,44.725517,3.4461867e-05,16.426462,1.7860386,3.4737642,62.94248,0.49082732,0.012359227,0.00063186674,0.12248258,0.74359417,0.012976525,0.113726705,0.011755679
1.3230473,0.00016904158,1.8804321,0.037025645,7.711067,0.8296665,38.358818,3.510419e-05,10.979506,1.0709524,2.774478,48.844288,0.34971106,0.013423736,0.00045048125,0.12561096,0.7460449,0.010784899,0.08792659,0.008271306
1.4026474,0.0001532399,1.9665152,0.0644086,6.7478476,0.9497995,37.494247,3.5468573e-05,12.914781,1.3425415,3.0209796,49.271233,0.42451543,0.013121791,0.00051957025,0.1113466,0.9265605,0.011951899,0.07279942,0.009077155
1.399388,0.0001627763,2.312622,0.05789243,6.5669427,1.0554792,32.76131,3.977477e-05,15.536041,1.6171116,3.4165084,50.070602,0.57193667,0.013553543,0.0008035921,0.12964332,0.9589239,0.0126496,0.08734215,0.009453082
1.1768761,0.00014705323,1.6383861,0.044915505,8.648201,0.7816401,40.550587,3.193106e-05,14.682605,0.9782576,2.806905,38.954422,0.2712983,0.012340234,0.00022223454,0.11220099,0.7187278,0.010775713,0.06850271,0.00981493
1.4955103,0.00017018574,1.8232535,0.07627843,6.821925,0.793051,37.05908,4.253595e-05,16.961853,1.2863926,3.2732992,43.683468,0.45911294,0.015721755,0.0008655898,0.12308035,0.84105515,0.01183547,0.081797384,0.0085648345
1.4330236,0.00017181029,1.8885374,0.049211115,6.717057,0.86201423,38.12683,3.789129e-05,13.164894,1.1287221,2.7477882,48.499275,0.37060767,0.013589972,0.00031209647,0.13199052,0.8078034,0.013474306,0.08686256,0.010573407
1.2945476,0.00014223903,1.5096462,0.036951683,9.05903,0.75365967,35.578465,2.8486418e-05,12.429152,0.8799965,2.9471962,41.57681,0.21173461,0.011124753,0.00033481434,0.104991436,0.48306456,0.008922858,0.08703797,0.00808697
1.2159928,0.00036248704,5.93488,0.08806766,8.9127245,1.955966,42.61598,6.774276e-05,14.053212,4.7058263,2.4755065,125.13924,2.660641,0.025395358,0.0025876418,0.17019409,2.6400788,0.01229758,0.09104626,0.0112934625
1.2502989,0.00027341404,3.2142744,0.08891697,8.368523,1.1056365,41.888935,5.7263198e-05,11.380485,2.5758896,3.080685,67.72813,1.4324898,0.018218398,0.001717296,0.15625967,1.6728134,0.010742269,0.07602173,0.009789177
1.2912303,0.00024493175,2.7349713,0.073112056,8.345903,0.91361576,38.68075,5.182154e-05,10.211257,2.0499156,2.9667838,54.883873,1.1708492,0.017013635,0.001479421,0.14503789,1.4520067,0.00961724,0.08252323,0.008773338
1.226622,0.0003032189,3.9928863,0.07406614,7.70926,1.304705,39.00262,5.7884434e-05,13.35632,3.002977,2.5076604,89.002014,1.596919,0.019790223,0.0017410045,0.16034853,1.7642081,0.010863281,0.07833124,0.0104145035
1.1941636,0.00039438982,7.508062,0.1013409,8.784929,3.6232293,41.53025,6.877697e-05,13.777487,7.7779107,3.0181732,149.86331,3.7682776,0.024580644,0.002959731,0.14118248,3.1471448,0.012179123,0.088488854,0.011636937
1.2466117,0.00028174775,3.819336,0.07039783,8.22683,1.4113144,38.827316,5.639081e-05,10.273767,3.4894948,3.2225559,77.32065,2.0128427,0.019147139,0.0020910734,0.1603282,1.9589634,0.009887215,0.064378485,0.009371682
1.1969875,0.000395463,6.4394712,0.09230305,8.590893,2.0343864,43.486885,6.98164e-05,14.159302,4.9594793,3.5175438,127.85501,2.741855,0.022265574,0.0026845788,0.19523121,3.2140524,0.014296384,0.09960173,0.011802662
1.2251136,0.00039265677,7.487471,0.10664403,9.217623,2.2428403,43.415104,7.244535e-05,14.533979,6.4808307,3.043122,147.38953,3.790006,0.024317052,0.0030853013,0.22521968,3.6015296,0.014928739,0.09098481,0.013455143
1.3772473,0.0002335103,2.5507805,0.075354174,8.032972,0.777457,39.59238,4.6855366e-05,10.893691,1.5031192,3.2131925,57.052876,0.7398791,0.017011467,0.0012887277,0.13882905,1.3357749,0.009587646,0.068841666,0.008614135
1.371137,0.0002091943,1.9746674,0.06759198,7.7829785,0.82251817,42.13468,4.6382913e-05,11.080567,1.6144049,3.3252044,43.077427,0.7860525,0.015434531,0.0012353892,0.13034606,1.1112013,0.009970152,0.0883739,0.008233585
1.3181647,0.00025527974,2.8733838,0.0811415,7.9187655,0.9037894,40.28695,5.123283e-05,12.304863,1.78577,3.5438752,60.449497,0.98261154,0.015951516,0.0012801324,0.16599125,1.4802947,0.0122771,0.075783506,0.009905043
1.3796656,0.00024917925,2.6458836,0.07663433,8.358809,0.8722756,42.06555,5.1765204e-05,12.490064,1.6420953,3.2689848,54.614143,0.9813126,0.01636718,0.0012730875,0.16650134,1.3890557,0.011431268,0.076699086,0.010116647
1.3446689,0.00033957587,5.9565244,0.08049731,9.226662,1.8482449,47.286907,7.131974e-05,14.466395,4.401531,2.7540379,120.736496,2.7500124,0.019292181,0.002176851,0.2537752,2.53773,0.015198959,0.09001741,0.012685557
1.3125857,0.0002278103,2.8961582,0.07210784,9.198507,1.0095476,48.191097,5.345978e-05,11.631508,2.0555122,3.3717556,60.116222,1.1160333,0.017069312,0.0014888019,0.17470919,1.4895114,0.011272181,0.08769297,0.010204094
1.3683833,0.00022365162,2.803857,0.0709655,8.861939,0.91948664,45.998245,4.896677e-05,11.71155,1.9322517,3.2503896,58.8395,0.9598419,0.01574899,0.0013452774,0.16011518,1.3745075,0.010362879,0.07873291,0.009859689
1.2762275,0.0002892988,3.7252126,0.08173847,9.303237,1.0953032,49.25562,6.105086e-05,10.505986,2.675406,2.970867,74.041145,1.6016895,0.018685503,0.0020017456,0.22070095,1.9295045,0.01151725,0.08639473,0.010670696
1.3150958,0.00024781947,3.1327934,0.06609815,8.75513,1.0840298,46.89997,5.747608e-05,11.261343,2.2367296,3.7155592,63.86693,1.2716873,0.015729737,0.0016380241,0.19219516,1.5238864,0.0115090925,0.08242932,0.011001623
1.3033303,0.00023888508,2.9285922,0.0763307,9.555235,0.9776177,50.91734,5.6213532e-05,12.049452,1.9910351,3.1356623,60.223915,1.1014411,0.01717709,0.001557959,0.18123159,1.5744113,0.01149473,0.090777606,0.010461954
1.371189,0.00024777275,2.9349449,0.07092442,9.055189,0.9839721,48.660275,5.3246167e-05,11.985995,2.042831,3.37708,60.213367,1.14278,0.01539738,0.0014368895,0.1812826,1.5040843,0.010972464,0.08056437,0.010415001
1.3085058,0.00027864325,3.5870614,0.080230586,9.347485,1.2201706,52.309864,6.1401326e-05,12.308496,2.6236427,3.331482,74.80536,1.4965621,0.017236771,0.0017551985,0.21054183,1.7501894,0.012865082,0.09168124,0.011070726
1.208521,0.00050748524,8.047254,0.12030611,9.027335,3.0573406,45.890736,8.395636e-05,17.664968,7.12165,2.810331,161.1195,4.298282,0.026145,0.0035216147,0.28761113,3.344577,0.018012483,0.10731739,0.015536231
1.251777,0.00043272253,7.3994617,0.11144016,9.979912,2.7026153,45.564587,7.874582e-05,15.815535,6.6950245,2.8789895,145.03624,3.8623872,0.026035279,0.0036896092,0.26442724,3.7730453,0.015330621,0.10024525,0.015606704
1.2611966,0.00047821514,7.8056145,0.12022716,9.614429,2.8267677,47.563744,8.581038e-05,16.799458,6.5633698,3.0304952,157.79213,4.051842,0.027122553,0.00324293,0.25824952,3.9621525,0.01762033,0.103921905,0.012640646
1.2528095,0.00044829014,6.456988,0.114164315,9.658879,2.3079114,43.975277,8.026193e-05,16.06177,5.5026846,2.7745156,130.42111,3.2273693,0.026746884,0.003402228,0.25507185,3.5081708,0.013695907,0.098650515,0.013576693
1.1923676,0.0003080554,4.5049434,0.1034651,9.000208,1.2372216,45.266674,6.8814e-05,11.447329,3.2890732,2.9970791,90.03236,2.0740304,0.021404484,0.0026102837,0.23221499,2.3614688,0.011855403,0.08506558,0.011991725
1.2995579,0.00030040013,3.7317054,0.091620475,8.807524,1.1009164,43.97547,5.630441e-05,11.905832,2.4571316,2.7500722,75.23015,1.3051292,0.02140909,0.0018259925,0.21099581,1.871475,0.011570905,0.08580498,0.010582203
1.2247907,0.00042883158,6.476509,0.11431704,8.484308,2.2291286,38.59877,7.494888e-05,13.759418,5.464547,3.0620425,125.73391,3.324267,0.025177293,0.0033878568,0.27620685,3.2191577,0.0153441485,0.091931544,0.015608085
1.3094141,0.0003507139,4.0715537,0.078728564,8.430326,1.3679994,45.340496,6.7388515e-05,13.076647,2.9118729,3.2383978,90.60623,1.6527252,0.02055314,0.0019333761,0.24872331,2.255513,0.011888867,0.081016526,0.010155621
1.3143114,0.00030801859,3.7995,0.082987234,8.777996,1.149746,45.10694,5.956624e-05,11.764055,2.5249882,2.9795175,77.66393,1.368802,0.019970072,0.0018957041,0.21309993,1.9198816,0.011499768,0.08428554,0.0102021275
1.2441579,0.00035769795,4.790646,0.09328931,8.852917,1.4862666,45.45339,7.160839e-05,13.094503,3.257686,3.0265563,96.15319,2.0495226,0.022811832,0.0022594237,0.2711069,2.4437013,0.011465426,0.08389683,0.011179033
1.2358425,0.0003165373,4.0339813,0.10161849,8.725973,1.1343641,42.300724,6.591057e-05,13.897671,2.5127027,2.88356,80.74139,1.4158981,0.022121873,0.0020346462,0.2062814,2.1682029,0.010280851,0.07494657,0.010409596
1.2960122,0.00035098768,4.2844133,0.08370214,8.9028845,1.3063236,48.148876,6.8992056e-05,13.382958,2.8467286,3.1602695,92.85485,1.8453494,0.020953557,0.0019141849,0.24765755,2.1600435,0.011179383,0.0833141,0.010431411
1.2846353,0.00032923697,4.1747937,0.09238193,8.647476,1.1876857,46.596905,6.4702865e-05,12.642512,2.8494244,3.253839,84.8971,1.7046944,0.02021001,0.0017571591,0.2378131,2.038822,0.011657699,0.0876338,0.011226652
1.279682,0.0002860403,3.2710445,0.08295982,8.408186,1.0677223,44.245037,5.5931974e-05,12.077744,2.2768297,2.8340704,70.03802,1.2193197,0.018423209,0.0015203303,0.15958811,1.596655,0.010810496,0.07582163,0.009996344
1.2971418,0.00031626143,4.1107373,0.073680334,8.987094,1.3774688,46.01332,6.1576204e-05,12.958237,3.1162453,3.4242737,87.10631,1.7757818,0.017667852,0.001577005,0.18026567,1.7214788,0.010568613,0.08508016,0.008936662
1.2659022,0.0002831535,3.5499578,0.08559394,8.210738,1.1317453,42.75763,5.3592797e-05,12.868,2.4158635,2.3223722,70.29374,1.396569,0.018676357,0.0021994063,0.1874394,1.8960947,0.010800065,0.07686683,0.010328159
1.2712011,0.00032287408,4.8263583,0.07722643,8.6828,1.57194,39.541042,6.3486776e-05,14.607384,3.6916347,2.6340332,106.52608,2.2539032,0.018534489,0.0018825183,0.20288289,2.1381102,0.0139093185,0.07505048,0.012098638
1.2483652,0.0002547462,3.126346,0.07904544,7.8077145,0.92397314,39.12836,5.0131497e-05,12.782913,2.120745,2.9656565,68.993416,1.1161042,0.016607627,0.0014489616,0.17243928,1.430111,0.012067211,0.07408664,0.009973985
1.2192438,0.00022101651,2.5238817,0.07708502,8.041075,0.96076757,38.990887,4.891997e-05,10.965458,1.9492168,3.5521996,52.492252,1.1257255,0.015447127,0.0013494042,0.13763574,1.222202,0.010867791,0.082514845,0.009343175
1.2841363,0.00022249136,2.5170333,0.07285041,8.428311,0.92136997,41.50795,4.8608465e-05,11.216751,1.7803925,3.3773093,52.704575,0.98044056,0.016361723,0.0014220505,0.14745088,1.362593,0.011154518,0.08357683,0.009620876
1.3045639,0.00023906237,2.8063228,0.0852364,7.972171,0.98508584,39.48874,5.4386735e-05,12.855101,1.9717809,2.8705106,62.193336,0.9656964,0.017762193,0.001706179,0.15584119,1.4253144,0.011857563,0.08435394,0.010389822
1.2491235,0.00027595655,3.0069559,0.11421371,7.6187673,0.8541988,41.199604,5.3611606e-05,14.054216,2.1176407,3.554549,65.99538,1.2332628,0.019789835,0.0017873254,0.16471836,1.5214735,0.012381528,0.09431354,0.011143846
1.210203,0.00043927858,7.164475,0.12880433,9.0044775,2.565313,41.460545,8.183208e-05,17.390215,5.961931,2.8989227,143.0624,3.7219024,0.026529696,0.0033502046,0.24586159,3.256451,0.0142896855,0.082121044,0.013373635
1.2099075,0.00039854582,6.771285,0.10894164,8.713128,2.2177086,39.257614,6.956649e-05,16.004211,5.550985,2.8826272,131.85222,3.7714577,0.026840286,0.003848079,0.22928065,3.3621294,0.012893173,0.0943983,0.0139788035
1.3384722,0.00040933612,4.623497,0.13466918,10.038977,1.3652107,45.53054,6.848355e-05,18.606924,3.240666,2.982435,102.773895,1.7298758,0.024643073,0.0022355588,0.20381057,2.1911094,0.013588727,0.11733733,0.0126008615
1.2162051,0.00037852384,5.9920254,0.09580716,9.269168,2.0190644,39.497364,6.2791296e-05,15.909564,5.037794,2.9662561,122.49433,3.0867808,0.022663392,0.003279563,0.25003114,3.1979604,0.013640334,0.086817116,0.012392749
1.2576668,0.00031075615,2.8342316,0.112322226,8.039411,0.86516815,40.45098,5.2212534e-05,11.875259,1.8756313,2.6311774,63.347565,1.0993736,0.021604538,0.0018795936,0.17258169,1.4030758,0.010926042,0.07695537,0.010833083
1.262907,0.0003678248,4.890623,0.10107587,8.217227,1.3782756,41.429512,6.466193e-05,14.660103,3.2399683,2.6734605,108.62488,1.8654852,0.024561435,0.0021320088,0.19291689,2.5086799,0.012490889,0.09020857,0.010252556
1.208776,0.00054135895,11.158762,0.120222345,10.921687,4.5474195,46.55324,0.00010609935,23.75702,10.721622,3.1804552,218.27417,5.428273,0.0261345,0.0040173084,0.26093307,5.2043953,0.018173257,0.12802856,0.015809596
1.1880221,0.0004404271,9.035781,0.11314957,9.329853,3.9737804,46.14918,8.145011e-05,17.017258,9.381285,3.16765,177.85779,5.27976,0.025195718,0.0037321174,0.2719143,3.8533435,0.01581923,0.10055694,0.015775654
1.2228973,0.0004380193,8.246518,0.098205164,9.488581,3.1761382,45.449165,8.0023856e-05,19.21598,7.2388883,2.4127982,171.56638,3.826921,0.02526989,0.0032608693,0.235966,3.5682633,0.014822884,0.099609114,0.013249751
1.2667776,0.00035956394,3.9848778,0.08402699,7.7092366,1.3186451,38.244595,5.7049765e-05,11.986493,2.6312685,2.386241,95.9256,1.3499541,0.022831393,0.0018454829,0.16350053,1.8502843,0.011119734,0.081183076,0.009584925
1.2181696,0.0005813824,11.680466,0.1404952,11.683351,4.3483295,43.49818,0.00010805729,27.723251,10.351388,2.6263635,229.4354,5.4212747,0.032328073,0.003981603,0.27317947,5.4654803,0.020693611,0.12869598,0.01809976
1.3687297,0.00035565082,3.751887,0.09319899,8.894155,1.1232556,43.92642,5.822299e-05,14.917785,2.3561976,3.082251,87.82434,1.3875395,0.023513036,0.0015993307,0.18765911,1.7421873,0.013500549,0.111625075,0.011130833
1.2602699,0.00028772128,2.957096,0.09230004,8.715292,0.9048679,43.08908,5.3744316e-05,12.323887,1.9829162,2.8812351,62.0595,1.1457822,0.01840347,0.0017808402,0.16262218,1.5832613,0.010783126,0.07553952,0.009554068
1.3480849,0.0002721244,3.0952456,0.06782466,9.107701,0.979223,46.358833,5.5059696e-05,12.141245,2.2201514,3.36657,62.712112,1.3166883,0.018459179,0.001648514,0.1581916,1.6641369,0.010535461,0.06952231,0.009703925
1.2909205,0.00027900867,3.743414,0.06864065,8.947231,1.0905826,42.597168,5.6974062e-05,14.552092,2.4952068,3.6684027,81.49316,1.5046594,0.018455058,0.0015275725,0.18486783,1.6375021,0.013135636,0.09380383,0.010797734
1.3446296,0.00028929638,3.2766097,0.078050144,8.391637,0.95315295,40.779205,5.4251028e-05,12.628161,2.1375155,2.8639095,67.21844,1.2002877,0.018814895,0.0016882129,0.16763431,1.8138044,0.01051611,0.0703829,0.00986985
1.2752364,0.00029287726,3.3561156,0.07155864,7.9887404,0.96510756,39.077946,5.5751167e-05,12.2620945,2.1684625,3.218651,70.31571,1.2098736,0.017384587,0.0015649807,0.16912742,1.7833414,0.0115084965,0.07195584,0.009630365
1.1786926,0.0003872572,6.50756,0.12169733,8.730809,2.3615007,42.681267,7.825338e-05,16.514858,6.158264,2.789559,129.1406,3.7793891,0.026710523,0.003293793,0.19297113,3.1788895,0.013767712,0.10041162,0.01328167
1.249892,0.00027094904,2.9198592,0.08242531,8.201389,0.87478095,40.747536,5.1144947e-05,13.030459,1.9146153,2.9845095,62.219578,1.0558382,0.019891812,0.001685314,0.13980255,1.5503157,0.009002904,0.06917423,0.008957533
1.2656767,0.00011499154,1.3850745,0.056444425,7.3612003,0.71413136,35.829117,2.8659886e-05,18.62677,0.74398273,0.7814681,36.23058,0.15099292,0.01441262,3.577795e-05,0.07398239,0.51750094,0.014558456,0.11558062,0.010651047
1.2181137,0.00013817738,1.8066274,0.046251018,6.3708897,0.8169544,27.00826,3.107035e-05,12.79131,1.157288,1.352056,34.847176,0.42484343,0.015302879,0.00041677678,0.06243898,0.7043518,0.011895041,0.09494315,0.010305857
1.2338922,0.00014034152,1.5811381,0.05127135,6.528789,0.8137541,28.795418,3.0552645e-05,19.80407,0.92081195,0.7488336,37.10889,0.24857546,0.013739007,0.00010260499,0.06820615,0.5760231,0.014263179,0.11590252,0.010285058
1.3029962,0.00011747141,1.3969561,0.044531822,8.0887785,0.6775936,33.95045,2.7732056e-05,13.48643,0.76656044,1.0045501,31.872463,0.19931044,0.011293082,0.00018431197,0.07530056,0.52126753,0.011634148,0.09651918,0.010934556
1.2908497,0.00011184195,1.3023132,0.04536049,6.7667823,0.73309666,28.141216,2.4763494e-05,16.145426,0.78846085,0.8036569,29.472858,0.1605275,0.013949173,5.0294082e-05,0.0457844,0.4588495,0.012475825,0.10402263,0.009950408
1.120935,0.00017748115,1.6977811,0.04255905,8.896403,1.0535834,33.05656,3.9203045e-05,13.259665,1.3454475,1.5175033,40.811333,0.54148465,0.012260151,0.00046686502,0.11179281,0.650378,0.009671902,0.104689494,0.008993703
1.3917316,0.00012414694,0.92686063,0.051097758,11.792472,0.76255745,51.123344,3.5611305e-05,12.993698,0.92547977,2.097431,41.855087,0.29417992,0.013732814,0.00024019298,0.06890043,0.47717685,0.008414293,0.0818025,0.0068757
1.2919486,0.00018176348,1.6606044,0.05281838,9.414283,0.9428568,36.91441,3.0860137e-05,16.039326,1.0970308,1.457442,44.463326,0.39968303,0.012144673,0.00043606502,0.12513317,0.6684381,0.008357817,0.08823886,0.0089211
1.3066878,9.268431e-05,1.1860793,0.051217873,7.155388,0.60179883,29.54062,2.6039543e-05,12.979807,0.70455843,0.6288706,28.62535,0.16425166,0.012839565,0.00013009465,0.057185892,0.41445827,0.010618509,0.08676391,0.008712087
1.3241113,0.00010086964,1.196938,0.042752065,7.8201613,0.644396,29.521194,2.6826036e-05,20.757473,0.6164834,0.67006636,27.880856,0.12993205,0.012140629,-0.00010919607,0.06870752,0.38832074,0.013489756,0.1172008,0.010786865
1.3551724,0.00015774179,1.3055599,0.04638665,11.68109,1.0850345,50.76781,3.4528974e-05,16.203783,1.6618196,2.6054232,56.586327,0.50840276,0.013833529,0.00060880097,0.076762825,0.7112677,0.008473103,0.0843966,0.007286232
1.3103223,0.00014079094,1.4544896,0.057329495,7.6052647,0.81653607,29.476023,2.9039074e-05,19.740887,0.87131083,0.7954391,33.184498,0.22050813,0.016745502,0.00022438868,0.063008584,0.49572313,0.014017769,0.11684477,0.010973413
1.411934,0.00011497361,1.4765791,0.041614287,7.35277,0.8223472,35.661667,2.7763923e-05,13.257399,0.91755116,0.38939857,35.053722,0.16544339,0.0140081085,0.00020778629,0.07810084,0.5312379,0.010385369,0.10419123,0.010275264
1.4880046,8.396688e-05,1.1120093,0.048922386,8.361965,0.63995963,39.17934,2.4058454e-05,18.662704,0.48062667,0.23166949,27.826996,0.026439875,0.015789077,2.4324117e-05,0.072525576,0.31069726,0.013111509,0.121248275,0.012567448
1.453332,0.00012848798,1.1613109,0.05034472,11.352005,1.0241884,48.434696,3.6533107e-05,20.26579,1.556427,3.3518608,46.81555,0.41176432,0.010788639,0.0004451961,0.10100298,0.6029913,0.010492728,0.08563976,0.008492153
1.3406346,0.00011740936,1.3487343,0.04892222,9.014998,0.6948019,35.3816,2.9516012e-05,17.128477,0.68229973,0.2032369,30.92453,0.17487797,0.013077537,7.338349e-05,0.081221454,0.41478586,0.013035116,0.11937348,0.0127995815
1.4110799,0.000121475554,1.3414931,0.073493265,9.159669,0.72647476,43.42842,3.0021789e-05,17.514612,0.54579073,0.5261896,36.12351,0.083870634,0.019017331,0.00019982469,0.09599224,0.44325584,0.014307329,0.13116075,0.013826362
1.438619,0.00014889694,1.6236802,0.052474316,10.891029,1.0386041,42.68013,3.6507314e-05,19.003525,1.5803947,3.2323804,44.24867,0.47968423,0.011557751,0.00042977167,0.115706645,0.8312,0.009107052,0.081833065,0.008125627
1.3476568,0.00017299809,1.4447963,0.05340683,10.153374,0.93006414,43.550377,3.880548e-05,20.406788,1.60669,4.107195,41.899628,0.6038102,0.011407219,0.0006299019,0.10427633,0.81851053,0.010433821,0.06973825,0.007637022
1.464215,7.597458e-05,0.9727639,0.043725275,8.079853,0.6510001,38.451122,2.2809398e-05,18.317614,0.49553064,0.32530552,26.63178,0.011259417,0.014893509,-7.799388e-05,0.066273175,0.28042775,0.012270532,0.120617606,0.011488616
1.4441973,0.0001929982,1.2330695,0.0726696,9.288047,0.68373907,47.068817,3.8918628e-05,18.353905,1.1384623,5.22453,37.89745,0.42863902,0.012149856,0.00064411346,0.112479486,0.7369243,0.010185656,0.07552402,0.0073397686
1.3730403,0.00015815579,1.4864796,0.053233255,8.402018,0.84932166,42.16076,3.6656384e-05,14.64171,1.4271854,5.8652706,40.014915,0.5463061,0.010354113,0.00076140935,0.1059648,0.6923143,0.010149804,0.091230996,0.0075609447
1.4013023,0.00011541488,1.6652633,0.04071475,7.7576895,0.9303571,38.335903,2.8561974e-05,10.819861,1.0648941,0.6195131,44.829124,0.24613112,0.013852012,0.00031517653,0.09299686,0.5862866,0.0097027365,0.09998109,0.010216445
1.4286888,0.00022584188,2.580451,0.0842389,8.847995,1.3522865,40.84915,5.1120736e-05,30.485064,2.3308449,2.9345095,52.45037,1.2189753,0.015614998,0.0011695185,0.14492595,1.3942178,0.01452395,0.08857756,0.009845853
1.4800456,0.00011972673,1.6344,0.050658423,9.682964,0.98028284,35.543865,3.13931e-05,11.881552,0.9233363,1.2344565,52.728233,0.23360176,0.014998809,0.000267652,0.10972464,0.4671679,0.009832967,0.12860563,0.011685153
1.3600143,0.00017432749,1.3713818,0.04155901,10.6725,0.81722504,47.695423,3.6769394e-05,13.03468,1.2571285,4.4661365,46.489967,0.46213672,0.013314027,0.00062814227,0.1083281,0.70627296,0.007931394,0.07416396,0.007214751
1.2021751,0.00015134712,2.1277063,0.05258097,7.7425666,0.9468209,27.90979,3.8444243e-05,12.783143,1.3316878,1.0682942,46.70791,0.39545527,0.013736846,0.0005449262,0.100059144,0.7770782,0.011435473,0.098677464,0.010808267
1.3763689,0.00016658154,1.8001614,0.06602137,9.459398,0.79372835,34.98476,4.0104223e-05,18.50617,0.9193239,1.3010942,42.239597,0.34273335,0.016078094,0.0003777729,0.12757036,0.6576062,0.010832791,0.1032139,0.011151782
1.4458039,0.00022284058,1.7501731,0.08451969,9.010157,0.8057198,48.388023,4.636759e-05,13.302703,1.4139588,3.8857358,45.895535,0.49826813,0.015211106,0.00079494255,0.12965763,0.82563686,0.009672821,0.087716386,0.008189321
1.249851,0.00019155741,1.9135133,0.06360735,8.912159,0.9387104,43.817577,4.103012e-05,17.040524,1.7555718,4.3176246,44.90151,0.79988736,0.013126371,0.0009847623,0.12267614,0.9570113,0.012841846,0.0835199,0.009959938
1.3338151,0.0001745314,1.600052,0.044062056,9.769979,0.9330521,45.68977,3.8743805e-05,12.769111,1.4479225,5.1618185,51.72007,0.4773707,0.013216242,0.0006107301,0.11557594,0.647799,0.008672652,0.0937192,0.00821061
1.1022316,0.00012357745,1.9213206,0.045704618,7.929055,0.95640767,28.324156,3.7137794e-05,15.074645,1.3025624,0.7403437,43.839542,0.45096514,0.012131746,0.00044052393,0.100149415,0.7889733,0.011586889,0.09131729,0.010684198
1.2729626,0.00019054984,1.8078228,0.073980115,7.384543,0.9307812,41.833042,3.7911486e-05,21.30024,1.4808184,4.8789926,49.929306,0.59336394,0.010528191,0.0006934832,0.11667686,0.84503824,0.0140273115,0.08757999,0.009409927
1.3986499,0.00016574138,1.8184853,0.051027015,8.843645,0.97984946,39.908268,3.8790196e-05,12.071894,1.5957862,4.9653187,44.851616,0.5893332,0.014458975,0.0007870765,0.12190848,0.7961558,0.009923702,0.094557814,0.00934656
1.1898074,0.00013563286,1.9088073,0.048553627,8.126552,0.9501475,30.251867,3.862529e-05,14.100922,1.3028748,0.81567824,46.41193,0.43032938,0.013537289,0.00045337543,0.10252153,0.71174484,0.011359416,0.10859881,0.010520845
1.2550746,0.00012643427,1.1997352,0.07046393,7.984954,0.7832379,47.869484,3.5122233e-05,15.483355,1.1042732,4.461179,38.910725,0.362174,0.010969877,0.0005536473,0.101069756,0.64987165,0.011317525,0.083716154,0.008193924
1.4918808,0.000140961,1.70021,0.05110585,9.798791,0.8573518,36.295532,3.368634e-05,12.021012,0.9400464,1.2180959,52.586975,0.26083422,0.015277492,0.00037388623,0.1185343,0.56531173,0.009522279,0.104149066,0.010718378
1.1583061,0.00021957612,2.329538,0.04035716,10.058129,1.2926387,29.415897,4.7840043e-05,12.521281,2.4126287,1.9361906,42.70722,1.0980495,0.011313494,0.0010389118,0.12612431,0.8011927,0.008436658,0.088709556,0.007762627
1.4015263,0.00013619078,1.5936385,0.050709967,10.539342,0.89774626,44.8716,4.1154894e-05,13.135541,1.000949,1.4993145,39.23902,0.53639585,0.01259519,0.00041854818,0.105340235,0.6382788,0.008261664,0.103492744,0.008839172
1.2517538,0.00016366501,1.8370543,0.058239594,7.9679976,0.8620027,34.451115,4.486962e-05,13.838933,1.1419017,1.3719413,43.453266,0.41011348,0.01324897,0.00038673315,0.12234606,0.71607375,0.012473551,0.1121935,0.010885671
1.3807782,0.00012957264,1.7801305,0.05608713,8.961698,0.967691,37.199406,4.0315663e-05,13.726422,0.97192705,1.0769619,42.818394,0.38961825,0.013914924,0.00027118952,0.12968592,0.61424255,0.011557345,0.11591558,0.011371517
1.6189374,0.00020357613,2.0490615,0.07082524,11.094748,1.0293916,45.17291,5.0734903e-05,15.210452,1.3230684,1.7676907,39.38738,0.7410507,0.014962238,0.0008794738,0.13900408,1.0173105,0.009531677,0.092474,0.009246291
1.3439881,0.00015804834,1.7981821,0.056790512,9.164885,0.9547121,40.826584,3.6998408e-05,14.205069,1.6143872,6.1262207,40.447437,0.5934668,0.013030063,0.0008470667,0.1188232,0.8009774,0.010689795,0.103409424,0.009426278
1.3686678,0.00014022234,1.3166624,0.06311053,11.398535,0.9316441,48.12321,3.868568e-05,13.76158,1.5566713,5.0014167,47.457344,0.49784723,0.012683062,0.00068462256,0.09656009,0.7438387,0.010054792,0.088075645,0.008511085
1.4433153,0.0001746515,1.5480412,0.06693663,9.826586,0.84126914,41.51529,4.128151e-05,12.575464,1.4136219,6.189434,40.693996,0.52116615,0.0146529935,0.0008394236,0.11407195,0.8010461,0.010154682,0.09994402,0.009491785
1.3734161,0.00016954841,1.4729905,0.067977905,11.61807,0.881139,47.13806,4.0060553e-05,11.596234,1.466844,5.771452,43.07939,0.53478223,0.013423616,0.0007390433,0.107779294,0.7345279,0.008809477,0.094678886,0.008937832
1.370684,0.00017326101,1.5746515,0.050528307,10.815781,1.0123051,46.910194,3.9331157e-05,12.46551,1.554353,5.6541486,48.764286,0.5047382,0.012821617,0.00078407465,0.11385809,0.7098554,0.009138146,0.0915994,0.008301891
1.2647438,0.00017414204,1.7047746,0.05771918,9.634886,0.8372455,37.485126,3.8307968e-05,19.021456,0.9739311,1.3522403,46.107315,0.39149374,0.014450013,0.00025300184,0.112233795,0.66949576,0.009048686,0.10160331,0.00929386
1.3629183,0.00013158676,1.3328853,0.060981285,9.958122,0.9104689,47.975742,4.0520124e-05,14.540819,1.0459329,2.0744116,44.73457,0.48601672,0.014595426,0.00049454015,0.07987858,0.6479411,0.009272306,0.09095263,0.008558524
1.3728194,0.00018436693,1.4034137,0.06844216,11.828052,0.9121026,49.100216,4.205255e-05,12.8562155,1.4968011,5.5867934,49.379536,0.5215676,0.013208201,0.0006650774,0.110136196,0.6912988,0.010316051,0.09563012,0.009842484
1.4693651,0.00013540122,1.8872377,0.06055622,9.6606865,0.9679568,43.46487,3.897785e-05,11.499872,1.3235999,5.3703074,39.57172,0.3930657,0.015141852,0.0006574364,0.12663837,0.7885763,0.010463612,0.121606454,0.010703149
1.349705,0.00017586327,1.7472595,0.049953084,9.355117,0.79631495,41.706245,2.8875906e-05,17.874447,1.024643,1.5078644,51.063656,0.4057611,0.012835132,0.0004963126,0.11072859,0.64195466,0.00862441,0.089569874,0.008955569
1.2395179,0.00012350087,2.1142151,0.029600585,7.1770797,0.9115624,33.34564,3.3489083e-05,12.798458,1.2478694,0.8133894,51.031513,0.4438312,0.013818959,0.0004243334,0.102244794,0.7978919,0.010815199,0.09326593,0.009159636
1.2617755,0.000154373,1.9921311,0.05194432,8.997119,0.8991137,34.550507,3.973416e-05,16.185114,1.2675791,1.6205634,46.983593,0.4207204,0.013555322,0.00058653037,0.1308445,0.7491454,0.011979813,0.11908791,0.01164048
1.4661976,0.00023679485,2.084941,0.068080716,10.847697,1.1208261,44.995335,4.5711935e-05,15.0192175,1.8396807,2.5104606,49.725693,0.62453544,0.014595815,0.00066104287,0.14517912,1.1134447,0.009520033,0.083741635,0.0073495666
0.9451042,0.00018896465,2.5151582,0.052146997,8.249489,1.3563294,31.902477,4.1846157e-05,13.447285,2.4825175,2.6228573,46.173473,1.1458806,0.013525526,0.0011243245,0.111296445,1.0017549,0.010853704,0.10003758,0.009422133
1.2229979,0.00017200297,1.7305642,0.04467195,8.832689,0.7136641,40.53436,3.380176e-05,13.83084,1.0212883,1.5471681,47.637978,0.3913887,0.01481932,0.0006424146,0.12275266,0.63437164,0.009767523,0.08744781,0.009399041
1.257991,0.00020378298,2.1924655,0.05123342,7.9754405,1.0786275,34.428116,4.2753865e-05,15.7312565,1.662348,2.8547237,41.118656,0.75037545,0.011739257,0.0006959093,0.11048753,0.8476533,0.010881382,0.08993631,0.009465226
1.2446778,0.00011794415,1.8327248,0.038006067,9.011416,0.9685982,37.923218,3.0808853e-05,10.383698,1.6482929,2.691231,45.519524,0.63770103,0.01096565,0.0006507673,0.121898755,0.6771165,0.010491777,0.072231576,0.009997168
1.1937376,0.00016544468,1.8785453,0.06299639,8.759648,1.0862434,40.19589,3.3559016e-05,15.331564,1.7991114,4.557235,40.994865,0.7649806,0.011420652,0.00073542877,0.08975525,0.8471069,0.010355953,0.08688795,0.009497269
0.88240474,0.00019137982,2.1224368,0.049439467,7.904444,1.1523945,25.738869,4.2494677e-05,13.892102,2.249861,3.2378953,30.321148,1.0626451,0.013223866,0.0010268752,0.11149229,1.0290838,0.011643751,0.09438967,0.009012267
1.124739,0.00011317225,1.441557,0.043130547,10.0565,1.134024,43.84783,3.227222e-05,16.132936,1.726313,3.223119,36.778896,0.61030686,0.010398879,0.0004944178,0.073025875,0.5774297,0.007963804,0.09398267,0.007917745
1.2849079,0.00020591696,2.125645,0.064943284,8.518279,1.1556729,31.80188,4.4632627e-05,14.732911,1.8771662,3.7662811,32.824303,0.81765074,0.013518595,0.0010425268,0.12496712,1.0387125,0.011763397,0.09669257,0.009828029
1.0926727,0.00019359196,1.8637954,0.0556554,9.486031,1.0560701,42.79796,3.9403243e-05,12.507329,1.4485278,1.9693925,46.828648,0.6140669,0.019335425,0.00085701543,0.120183915,0.85564333,0.010484187,0.08998232,0.0100664
1.3333825,0.00013844983,1.913616,0.049128287,9.519805,1.3236108,46.568237,3.542115e-05,15.300839,2.0233169,3.698264,53.786095,0.69979405,0.012775204,0.0006235271,0.11333768,0.59547496,0.012674613,0.1205025,0.01247976
1.1760246,0.00017988204,2.1830747,0.07513882,8.863621,1.1501572,37.18446,3.8970007e-05,14.835257,1.9331383,5.183056,40.91535,0.8572533,0.014657711,0.0010562623,0.113187924,1.0394123,0.012730264,0.10386166,0.011406817
1.2268621,0.00021231936,3.4514847,0.048231993,7.210679,1.0465417,44.012527,4.4997487e-05,8.146689,2.6706421,2.8335667,66.7417,1.5965449,0.009182602,0.0017514632,0.16972214,1.7082541,0.009013274,0.05369779,0.0077591613
1.2449107,0.00027549002,3.837782,0.07505542,7.897365,1.3153768,46.42512,5.1143965e-05,9.834408,3.2147906,3.2841043,66.155525,1.9655453,0.015320676,0.002266024,0.17131212,2.1130667,0.010789661,0.054498535,0.008855073
1.2729701,0.0003043895,4.691108,0.0813061,9.080332,1.5651262,49.144367,6.210417e-05,12.021817,3.5492706,3.2622974,91.93042,1.9477102,0.019119294,0.0015044892,0.24058378,2.263776,0.016957553,0.09643021,0.012419827
1.2458081,0.00026549058,3.7030969,0.07062077,7.7998705,1.257047,46.32329,5.153041e-05,9.664174,3.141064,3.247258,66.42635,1.8256344,0.0149056045,0.0022276654,0.17191514,1.9138342,0.010856966,0.06077244,0.009045808
1.2781984,0.00036476224,4.691681,0.06556412,9.59838,1.6858732,54.00151,7.402001e-05,11.028908,3.8830612,3.5082757,88.68722,2.1660037,0.01692398,0.0020743376,0.24611494,2.1029255,0.012895067,0.094735995,0.011489963
1.2791816,0.00027404306,4.182855,0.06065629,8.948213,1.2044823,46.959904,5.1391475e-05,9.197806,2.6757083,3.2745075,78.86395,1.6543341,0.015612555,0.0015213051,0.1954306,2.0196216,0.010753026,0.055152304,0.009037175
1.2818176,0.00034199216,3.9429421,0.080695815,8.762919,1.2939438,47.60209,5.2670355e-05,10.21641,2.3442755,3.0475328,80.95456,1.0824437,0.025585392,0.0018820948,0.1735104,1.7885593,0.008401233,0.06570085,0.008749781
1.3084099,0.00036558686,4.4027963,0.08871608,8.726968,1.4248427,44.63151,6.337936e-05,10.122142,2.7871127,3.3531,91.18809,1.4765098,0.019386629,0.0015354863,0.18749472,1.8010328,0.009115362,0.091372654,0.009659368
1.270893,0.00033374983,3.8623617,0.13321461,8.342697,1.3379451,45.332474,5.270444e-05,10.73599,2.6591003,3.1725397,80.25905,1.0826871,0.024509804,0.0015771248,0.16063069,1.4775138,0.008479095,0.09040073,0.009720153
1.2704958,0.0003323918,4.386719,0.101552434,8.773263,1.5781428,43.961025,6.023828e-05,9.96028,3.396167,2.7270284,95.36299,1.7930069,0.017105661,0.0017347416,0.1799118,1.9973342,0.00853961,0.07313693,0.009344764
1.2421135,0.0003483538,4.5358186,0.07680333,8.914344,1.6729525,45.369747,6.865094e-05,11.086236,3.2222612,3.5711424,93.86403,1.7702088,0.019432498,0.0018608151,0.19119623,2.160808,0.009647971,0.083211616,0.009835568
1.240526,0.0002458094,3.5003028,0.04858273,7.5314426,1.1246643,38.76812,4.123252e-05,9.011335,2.193669,3.009305,73.59413,1.0030234,0.013400524,0.0013857741,0.1342677,1.5129029,0.008766986,0.042647827,0.0073206886
1.2143389,0.0003617469,5.8866477,0.08993095,8.849511,1.9429127,42.50332,6.748107e-05,14.131853,4.6818705,2.504473,123.70946,2.6564512,0.025532726,0.0025960824,0.16999009,2.6234405,0.012370073,0.092208,0.01143616
1.1734799,0.0003758965,7.089208,0.11039665,7.7211256,2.387947,36.827003,7.3839095e-05,14.6709,6.0979137,2.734539,140.93167,2.9750557,0.023121595,0.0024700682,0.17540221,2.982826,0.012261532,0.09710259,0.010547611
1.2445755,0.00026996885,3.155282,0.088720515,8.356314,1.0986181,41.425217,5.6792753e-05,11.313319,2.577239,3.0844703,65.61893,1.4579442,0.01794136,0.0017336027,0.15583022,1.648563,0.010759206,0.076568685,0.009795859
1.2649472,0.0002817793,3.6273944,0.069532245,8.514787,1.3123468,40.150646,5.8345424e-05,11.159816,3.2232034,2.9784648,73.349594,1.8307781,0.017931493,0.0019644597,0.16496232,1.791453,0.009566756,0.06771761,0.009792844
1.2195036,0.00030218094,3.9349897,0.07199556,7.6579175,1.288542,38.724327,5.7815887e-05,13.176517,2.9697046,2.5140715,86.82217,1.5733287,0.01958088,0.0017430028,0.16035342,1.7385842,0.010693622,0.07821612,0.0103310915
1.2649456,0.0003193711,4.117404,0.085464604,8.286948,1.3689944,37.177483,6.0770944e-05,10.61404,3.3142126,3.2623487,83.747406,1.8701134,0.01851243,0.0021526732,0.17932482,2.0235898,0.009826059,0.07082338,0.009645118
1.2498438,0.00027763232,3.810592,0.057470225,8.818455,1.3015306,45.281944,5.8925736e-05,11.266469,2.7455912,3.3015459,79.46238,1.6198355,0.017845994,0.0021597606,0.17301464,1.9430437,0.011367281,0.061113097,0.010660737
1.3532722,0.00019727349,2.656133,0.068111,8.255027,0.86399233,40.874752,4.6163528e-05,11.547414,1.700126,3.2680676,57.27264,0.83647853,0.015658662,0.0011258762,0.14531037,1.2970983,0.010532662,0.078547575,0.009300462
1.4415596,0.00022232835,2.3500962,0.07577713,7.584165,0.8745184,42.172604,4.8717127e-05,11.553864,1.6962684,3.3777711,49.577393,0.90724856,0.015831567,0.0013150218,0.14396788,1.3365219,0.010538531,0.08071395,0.008601648
1.3832903,0.00022109806,2.7254643,0.07266408,7.926072,0.71552646,37.961555,4.7003323e-05,11.139285,1.4616271,3.500051,63.996014,0.7973423,0.016807368,0.0012243488,0.1370627,1.3480241,0.009876192,0.07117712,0.008662656
1.3590482,0.00033028837,4.0925293,0.09393476,8.744996,1.1979806,43.044685,6.203273e-05,13.656851,2.5166686,3.052732,90.8277,1.3334354,0.019539712,0.0017642202,0.22237954,1.9077188,0.01344809,0.08554297,0.01101844
1.3527002,0.00032058868,4.400723,0.0732396,8.75609,1.3012999,44.780113,6.13182e-05,13.7982025,2.8317297,2.870835,101.85482,1.5461289,0.018376155,0.0017480452,0.22246487,1.9994661,0.012856173,0.08606403,0.010571877
1.3688931,0.00031497172,4.166238,0.0720187,8.795205,1.2812153,44.994892,6.166562e-05,13.302506,2.793707,2.8646278,94.028885,1.5806854,0.018467197,0.0018651589,0.21957,1.886324,0.0119477315,0.084346496,0.010459841
1.3206443,0.00019546975,2.453657,0.07391011,7.985627,0.8189307,40.41261,4.5897996e-05,11.32926,1.5741776,3.4203997,53.75673,0.8489038,0.015237348,0.0009776026,0.1410262,1.2069619,0.011451928,0.08545935,0.009620499
1.3051279,0.00021438007,2.8094907,0.06491094,7.9792194,0.91313666,41.158794,4.7521335e-05,10.5187,1.7916547,3.2649345,58.949013,0.90394783,0.014899367,0.0012418915,0.15558496,1.3396822,0.010400926,0.0759852,0.009084464
1.2163707,0.00031050763,4.34697,0.09084526,9.236184,1.2159226,48.09284,6.8928064e-05,11.192226,3.3034873,3.2485044,85.92809,2.1017013,0.020501835,0.0024909978,0.22810346,2.302753,0.011484561,0.08468083,0.011664007
1.2305617,0.0003228154,4.3571906,0.08473539,8.8912735,1.2839435,47.122826,6.975089e-05,11.894908,3.032059,3.075136,88.3902,1.8674666,0.02053253,0.0023214184,0.2401797,2.2227006,0.011820194,0.08427366,0.0108411
1.304302,0.00027682693,3.4731362,0.07832089,9.201659,1.2042134,51.308853,6.017028e-05,12.224002,2.5855107,3.3633754,71.17409,1.4768715,0.016968938,0.0017198253,0.2056398,1.6747973,0.012587022,0.09141745,0.010899449
1.2559782,0.00046158995,6.817394,0.09867119,9.990287,2.5091646,50.26592,7.737079e-05,15.956173,5.738674,2.8263392,133.77419,3.4780982,0.023194028,0.0031158181,0.28002864,2.7140372,0.018056018,0.10855683,0.016705126
1.2688084,0.000298975,3.7422519,0.09275145,8.809761,1.1807507,44.56779,6.283161e-05,10.199874,2.800867,2.649674,75.3624,1.6687483,0.01998954,0.0021141325,0.22154538,1.9423704,0.011464063,0.08491273,0.011225347
1.3386667,0.00030290583,3.8502238,0.06446922,9.51387,1.0856535,51.060184,6.0978105e-05,11.411529,2.3949645,3.2430253,79.0001,1.3257645,0.016721785,0.0018739753,0.20154856,1.9043555,0.010675118,0.08620423,0.010033652
1.2692336,0.0004778964,8.375462,0.11376767,9.994145,3.258551,44.989162,8.402925e-05,18.004187,8.743182,2.8469207,155.86606,5.616591,0.024646662,0.003226188,0.28309146,3.881862,0.014678146,0.10133486,0.013779572
1.3481898,0.00033972127,3.9791608,0.07776307,8.632043,1.3451722,46.204845,6.6204324e-05,13.130642,2.8245535,3.33685,87.742516,1.5769416,0.020732239,0.0019109551,0.2424019,2.1671956,0.012401592,0.08300553,0.010380353
1.3026927,0.00030947017,3.7605004,0.082733996,8.744762,1.1418335,45.034744,5.931856e-05,11.776516,2.5114348,2.945825,75.84869,1.3727776,0.020025142,0.0018911498,0.21079616,1.8893359,0.011322023,0.08514075,0.010097419
1.2883989,0.00034957682,4.29245,0.08249484,8.870974,1.3176453,48.056374,6.86489e-05,13.288716,2.8672886,3.1349418,91.3756,1.8627903,0.021022772,0.0019129264,0.24675018,2.1488988,0.010916806,0.083660744,0.010388854
1.2719684,0.000282449,3.2191372,0.08168324,8.362566,1.0502075,43.95124,5.5592252e-05,11.966922,2.2758813,2.825782,67.83884,1.2348464,0.018049967,0.0015303952,0.15924495,1.5692285,0.010753379,0.076214254,0.009915488
1.2124624,0.0003706836,6.2017884,0.104523346,7.4077435,2.0346725,42.312283,6.258737e-05,14.781601,4.561671,2.4591289,147.48044,2.5521557,0.020216616,0.0024068784,0.21147834,2.8544607,0.014051745,0.0877869,0.011081776
1.2882396,0.00029421187,3.8988557,0.089847974,8.796104,1.2287253,47.832474,5.913972e-05,12.636979,2.7100163,2.246322,79.38599,1.4683453,0.020096218,0.0019750935,0.18948878,1.8332894,0.012851252,0.086301774,0.012162973
1.2157642,0.00034942004,5.756382,0.08516551,8.294706,1.8201338,40.78301,6.377183e-05,13.530136,4.4992504,2.911333,121.86969,2.695362,0.020336414,0.0022268605,0.18882024,2.497982,0.012591495,0.081356056,0.011437585
1.2612295,0.00027827668,3.4430344,0.08266936,8.148971,1.0944833,42.382576,5.2793428e-05,12.817103,2.33909,2.3767965,67.4284,1.3379302,0.018306911,0.0021334258,0.18659978,1.8516686,0.010721711,0.076699585,0.010159804
1.2682122,0.00029469628,4.397343,0.07580001,8.232909,1.5180889,40.984074,6.0087616e-05,12.375173,3.342894,2.8557243,89.910645,1.8864055,0.019164551,0.0017082904,0.19456217,2.006814,0.012348492,0.0806758,0.010775809
1.2620614,0.00032104764,4.662095,0.076626174,8.553279,1.536206,39.165627,6.3393934e-05,14.170756,3.5868773,2.6839585,100.97458,2.1965241,0.01838895,0.0018535339,0.2016036,2.0758052,0.013654963,0.07541526,0.011964351
1.2767333,0.0002730905,3.560381,0.07481724,8.332893,1.0601287,41.426964,5.4487315e-05,13.779569,2.5320923,2.7274702,82.69034,1.3574045,0.016790304,0.0015379796,0.18354993,1.6150922,0.011617194,0.07961167,0.010290526
1.2314026,0.00025094804,3.006912,0.07629846,7.726883,0.92179453,38.857315,4.9715472e-05,12.644798,2.1068747,3.000104,64.857315,1.1032786,0.01617896,0.0014227089,0.16980281,1.3818471,0.011817302,0.074467234,0.009697102
1.2205411,0.00042593767,7.7804427,0.11435176,9.148061,2.7026403,43.009346,7.812791e-05,16.480091,6.8414025,3.1717181,155.26323,4.0035157,0.023839306,0.0031340576,0.22973642,3.7095351,0.015949456,0.10126318,0.013387139
1.1956828,0.00041202814,10.444141,0.10701696,8.951753,2.6447153,39.22704,7.783226e-05,14.256348,6.502611,3.086811,293.30206,3.4726787,0.025840687,0.003597367,0.22386652,3.4350302,0.011368709,0.09031006,0.011746139
1.2991168,0.00022784916,2.6523325,0.082586296,7.905338,0.9535285,39.14804,5.299029e-05,12.704398,1.9015619,2.9167159,57.43858,0.9554629,0.01727579,0.0016632566,0.15107094,1.352193,0.011554819,0.08434843,0.010342817
1.2070507,0.000457112,9.48909,0.09721403,9.884362,3.6057613,44.828922,8.2399354e-05,16.477293,9.127694,3.1383893,187.46107,5.1066833,0.02209816,0.0034289735,0.25839198,4.1566215,0.015114797,0.09466235,0.0134382835
1.3918864,0.00022215304,2.7549093,0.071662016,8.02408,0.85969114,41.484062,4.6065787e-05,10.387531,1.7014091,3.1074612,65.25316,0.8083766,0.017826645,0.0013497294,0.13732113,1.3074455,0.008993997,0.07392379,0.008800035
1.3445039,0.0002176854,2.802119,0.06195653,8.509083,0.9468244,40.77011,4.544289e-05,9.866637,1.8805429,2.9148986,60.61942,0.93241215,0.016560104,0.0015028942,0.14165744,1.318512,0.00829251,0.066219054,0.00888962
1.2284639,0.00047994815,9.09531,0.10854679,10.027725,3.133323,43.312756,8.669261e-05,15.161412,7.7518997,2.924092,184.29118,4.39467,0.024796713,0.003580701,0.27277252,3.5721076,0.015598931,0.094067544,0.015191908
1.264874,0.00048717592,7.573474,0.12378593,10.090134,2.619433,44.82517,8.6073574e-05,17.442335,6.6123548,2.9340355,159.92984,3.7584636,0.028157735,0.003540836,0.24938342,3.7856905,0.013352579,0.09841219,0.013724024
1.2417653,0.00023009852,2.7045257,0.05626176,6.8781595,0.74575937,30.988094,3.7002574e-05,10.644501,1.4478852,2.8410559,57.49322,0.71601766,0.016282732,0.0013273768,0.11344754,1.2569947,0.007404801,0.06354018,0.0069264597
1.3674691,0.00033157488,3.3927643,0.09882613,8.922224,1.0166233,45.61257,5.5681317e-05,14.6741905,2.357235,2.751433,72.39883,1.4183022,0.020305257,0.0016390878,0.1827441,1.6522046,0.011751933,0.09026853,0.010234761
1.4019097,0.0003172137,3.5109851,0.0891972,8.589242,0.9797655,44.63146,5.7065652e-05,13.055496,2.2186334,3.274575,79.396645,1.3314638,0.019073328,0.001400465,0.18074223,1.5610187,0.013806691,0.09955331,0.01075487
1.1897384,0.00040769947,8.547277,0.11456833,8.804822,3.928865,44.76286,7.807415e-05,15.350299,9.262823,2.7920213,176.2423,5.1404,0.024197059,0.0039329543,0.2559165,3.7710478,0.015319162,0.09238717,0.0154857095
1.219685,0.00043848663,8.309612,0.09769272,9.490538,3.1790416,44.973896,7.9790945e-05,19.158472,7.2947855,2.3929832,172.15279,3.8696327,0.025123293,0.0032864476,0.23453815,3.5747027,0.014658909,0.09882133,0.013152371
1.2856994,0.00026438807,2.381043,0.08254984,8.045059,0.7130608,40.732445,4.5901965e-05,13.187124,1.418944,3.4137504,54.30915,0.7672383,0.017892875,0.0010779637,0.11689657,1.1900834,0.00948967,0.081464306,0.008276594
1.2665675,0.00035908958,3.9890847,0.0839824,7.7059846,1.3191332,38.299587,5.70446e-05,11.952455,2.6352272,2.396709,95.82321,1.3556228,0.022883944,0.0018486835,0.16327828,1.8569976,0.011074024,0.081289716,0.009569225
1.1699992,0.0003776463,5.8806057,0.097176194,8.101155,1.8246871,38.32479,6.867696e-05,13.831068,4.226656,3.0287635,122.263115,2.3048267,0.022980189,0.0020996898,0.19387251,2.5515094,0.011210222,0.08765508,0.009994983
1.2173207,0.00058051327,11.643591,0.14106041,11.654858,4.3406434,43.676376,0.000107669,27.722982,10.367958,2.63755,229.29794,5.4385056,0.032356262,0.004001274,0.27237368,5.436419,0.02067357,0.1288145,0.018150264
1.3707476,0.00035382467,3.6799977,0.092030294,8.908491,1.1125842,43.79406,5.7566776e-05,14.876784,2.3335934,3.0625582,85.59011,1.3734372,0.023253819,0.0015874893,0.18567096,1.7049208,0.013272903,0.11033971,0.01104614
1.2530295,0.00032109403,3.9734561,0.09533378,8.524513,1.1600469,39.55148,5.6445544e-05,16.257502,2.6378815,3.074499,91.95233,1.462477,0.020624163,0.001637827,0.16535842,1.8254882,0.011367878,0.07708963,0.010039043
1.2582402,0.00034202487,4.6190295,0.07195001,8.943553,1.4744009,37.326694,6.0401762e-05,13.010917,3.3522213,3.5327156,95.66092,1.9391636,0.018901415,0.0017384737,0.19267838,2.3715885,0.012652238,0.076158576,0.009895367
1.263373,0.00030270987,3.0037239,0.08836705,8.522794,0.94399154,40.52535,5.6051143e-05,13.251275,2.0987496,2.8886993,61.609306,1.1761854,0.019544037,0.0016708603,0.17247276,1.7006404,0.0103018815,0.07579575,0.008794684
1.2954617,0.00029335005,3.4789767,0.07279946,7.880328,1.0105665,37.43317,5.623987e-05,12.770435,2.317566,2.9782748,75.665825,1.2930076,0.017770352,0.0016949321,0.1770824,1.888684,0.010883956,0.07238197,0.008799624
1.2970914,0.00026461092,3.202144,0.072957285,8.538757,0.9973283,42.23891,5.4431384e-05,12.3112335,2.3803196,2.9931252,67.25709,1.3151387,0.018548189,0.001747803,0.15740006,1.5751078,0.010022054,0.07480518,0.009437334
1.2843635,0.000278053,3.6649082,0.06844382,8.907825,1.0789807,42.234287,5.686344e-05,14.569751,2.4835598,3.6715386,78.63903,1.5226648,0.0182759,0.0015325698,0.18372157,1.6111414,0.013061876,0.093996316,0.0107488455
1.2844263,0.0003046734,3.3905697,0.07626725,8.568675,0.9714031,43.138332,5.457176e-05,14.232473,2.2681403,2.879586,71.48778,1.2844839,0.018896926,0.0016550333,0.16582587,1.7717909,0.010589896,0.07487018,0.009114743
1.2705798,0.0002878345,3.16581,0.08237408,8.057531,1.0994569,39.538967,5.4627944e-05,12.17898,2.4243767,3.0493577,64.94258,1.3287972,0.018063797,0.0015665593,0.14425367,1.6083591,0.009470876,0.07084721,0.008202816
1.2510393,0.00026263943,3.0119867,0.07671137,8.015294,1.0755293,39.018635,5.3418313e-05,11.585112,2.3377101,3.1056027,62.090282,1.3219061,0.01658976,0.0015600519,0.13802734,1.5132568,0.0093111945,0.07177569,0.008666477
1.2139724,0.0003198716,5.079456,0.067908056,8.662115,1.8340185,29.943424,6.634998e-05,15.726801,3.5159674,2.2664542,95.02767,1.8960694,0.019949859,0.002106553,0.17450385,2.7362878,0.012840109,0.09169106,0.008692856
0.9843118,0.00027296576,3.3834603,0.071715415,9.164395,1.4310213,31.301304,5.4082906e-05,17.898006,2.5162065,3.3092594,56.47106,1.2760682,0.021487884,0.0015598387,0.15078619,1.8256552,0.012645754,0.0847872,0.009425256
1.2541325,0.00033637596,5.145245,0.0641778,8.673946,1.9495305,33.18757,6.165533e-05,15.3316555,3.6525228,2.3192365,95.93369,1.7314761,0.019660389,0.001758494,0.17543149,2.4291377,0.01285372,0.096810125,0.008823801
1.3745518,0.00021541219,3.031601,0.07773757,8.342684,1.1196389,33.573826,4.856493e-05,16.666471,2.2618427,2.3009045,57.96617,1.2219143,0.0153455185,0.0012669689,0.14643706,1.7484652,0.012854204,0.07765481,0.010362289
1.381895,0.00024665677,3.4982474,0.067330554,8.484476,1.327047,33.349247,5.379599e-05,16.270388,2.3072145,2.5059817,69.1639,1.2573926,0.015641708,0.0015652884,0.16640191,1.6311398,0.012515071,0.08553264,0.010101629
1.0809813,0.00032762103,3.6045485,0.067317545,9.455777,1.5049999,33.57113,5.8266247e-05,18.52494,3.2681994,3.5057573,70.442406,1.6758703,0.019534433,0.0015191049,0.17227373,2.2346973,0.0154505465,0.09314238,0.011053896
0.9825331,0.0002677833,3.185081,0.070702106,9.585101,1.4873123,36.51544,5.1814695e-05,20.96133,2.8423138,3.204348,59.162422,1.426979,0.018157428,0.001507557,0.13501398,1.7714026,0.0122494,0.08082126,0.00977711
1.453865,0.00021858313,2.438284,0.05606581,8.354578,1.0504628,40.98937,4.0718493e-05,14.215284,1.4072076,2.2588475,55.40812,0.5261866,0.016305564,0.0006061036,0.13375989,0.9500866,0.011703374,0.09060141,0.010710301
1.2360106,0.00022758888,3.1576347,0.0582776,10.487021,1.643586,47.056026,3.6516023e-05,22.624342,2.7493408,3.3052564,63.05053,1.081979,0.017176798,0.0013884723,0.12224632,1.2163072,0.012463276,0.13439655,0.012214328
1.1583587,0.00017150317,1.9007372,0.04743747,8.792934,1.0067563,34.3278,3.4811743e-05,16.959724,1.2829766,2.195403,39.18135,0.44922087,0.013694454,0.0004630457,0.11240852,0.8474098,0.008800175,0.091623105,0.008028597
1.4951004,0.00021466143,2.3029122,0.06568762,7.6473036,1.0867643,39.16867,3.7711452e-05,16.502787,1.4424684,2.357882,56.655533,0.6011386,0.014472763,0.00077429385,0.1479864,1.0046555,0.012292075,0.10101973,0.011001823
1.2582831,0.00016944703,1.7443619,0.04684251,8.730593,0.82854724,39.433598,3.6140773e-05,12.635691,0.9789352,2.2581954,42.63744,0.41661766,0.013946103,0.00051091966,0.12465151,0.70402163,0.009145259,0.09269226,0.009105709
1.3758943,0.00016665904,1.8219823,0.0455125,7.891555,0.76072115,43.754936,3.4340457e-05,12.970808,1.0276669,2.3148339,54.3784,0.3354655,0.014159499,0.0003554335,0.13098462,0.815097,0.008018607,0.08313356,0.007890156
1.3884692,0.00017272888,1.7889954,0.061460175,8.917387,0.74199885,39.422718,3.5570232e-05,11.386988,0.98520964,2.2600703,44.61536,0.39796627,0.015793495,0.0005392489,0.12549685,0.8728407,0.008207292,0.07137606,0.008305996
0.9827485,0.00022824781,2.444502,0.059370115,6.706964,1.2218161,31.517927,4.528783e-05,11.798874,2.0369308,2.269275,53.95645,0.8521091,0.013547185,0.00091844646,0.12119494,1.0853761,0.011609713,0.09332422,0.010291283
1.3890429,0.000560699,5.3912997,0.12787841,8.500954,2.032137,35.26723,6.6326684e-05,1.6260624,3.5273058,2.2855277,98.364296,1.4422638,0.040170897,0.001740268,0.19264135,2.2569623,0.017495701,0.08886503,0.013730428
1.2978835,0.0001976641,2.005241,0.05595447,9.967618,1.1065931,41.07073,3.8284787e-05,14.987079,1.3633536,2.170982,48.253754,0.61758953,0.013900622,0.0007235272,0.128357,0.7710066,0.0117427455,0.113280125,0.011831275
1.1443553,0.00016241499,1.7348305,0.038184013,6.932303,0.9145127,34.57039,3.1908196e-05,13.84808,1.1772808,2.3495407,48.117123,0.40144172,0.01328952,0.00037433906,0.10414726,0.76751596,0.008462621,0.073010325,0.008032923
1.5365663,0.00023218415,2.36166,0.04978163,8.819167,0.91981614,45.19888,4.4878805e-05,18.244184,1.5363848,2.5159209,57.331146,0.60957116,0.0137669975,0.000746659,0.21789908,1.0854465,0.012200891,0.1084583,0.010320661
1.0516056,0.00019451357,2.266565,0.06926398,9.06273,1.0907423,39.61477,4.2146577e-05,11.3865795,1.9167825,2.818381,56.630165,1.0220073,0.015004529,0.0011342245,0.12637992,1.0108596,0.012006967,0.07920811,0.011180293
1.3657086,0.0001766052,2.2460773,0.05709627,9.352816,0.91250694,47.76336,4.2514155e-05,13.680762,1.6897072,2.2391608,65.38591,0.8671897,0.011333783,0.00096485234,0.1339314,1.0781913,0.012864951,0.08711064,0.01045159
1.3386172,0.00025584004,2.6790953,0.073755935,8.064907,1.1417298,39.4624,5.372707e-05,12.280714,1.9416163,3.2666848,62.21245,0.9396906,0.018153097,0.0011715621,0.13744901,1.1586725,0.010916445,0.09753724,0.010012283
1.4824377,0.00028376016,4.171958,0.08146497,8.292146,1.3847201,43.40131,5.9281494e-05,11.2855625,2.132875,2.4181185,103.90146,1.0691875,0.02284922,0.0015198757,0.18082635,1.6530079,0.012340028,0.098072104,0.011431047
1.3546603,0.00019482366,2.2023566,0.038198583,9.433304,1.0168418,51.650856,4.2216234e-05,10.836835,1.5554253,2.9809682,61.491646,0.6257256,0.014152438,0.0008642772,0.13543765,0.96556634,0.010493045,0.08437946,0.010520693
1.2194006,0.00019830756,2.985352,0.058341384,7.58534,1.1354607,38.725185,4.997415e-05,12.14103,1.4415241,1.6828283,66.5943,0.5767898,0.021050613,0.0010381445,0.1374438,1.0549182,0.015374727,0.13935773,0.012804521
1.3251492,0.00017933242,2.0626726,0.04701533,8.068889,0.83414453,47.328243,3.4587505e-05,12.49909,1.0160483,3.8764293,57.97465,0.38579044,0.011156475,0.00040295647,0.12656339,0.7981576,0.012068096,0.10512643,0.009805744
1.358126,0.00017152764,2.0421727,0.03941149,8.586958,1.0088296,49.10315,3.9222323e-05,13.965372,1.1595736,3.6334484,65.925964,0.56082916,0.012658407,0.0005055557,0.12451158,0.84240186,0.010322684,0.08620274,0.009835812
1.4330899,0.00020608523,2.5592575,0.059326258,8.481354,0.96906364,45.675365,4.768091e-05,14.910628,1.7392613,3.3340056,68.45834,0.7914628,0.012580499,0.0009203591,0.13995393,1.2882502,0.013047598,0.08620652,0.009517918
1.4180684,0.00019240196,3.2491164,0.058306493,7.701142,1.3472637,34.355488,4.971796e-05,15.7086935,2.0941672,2.5183015,91.847694,0.7491176,0.018783854,0.001093753,0.17779307,1.3965138,0.016333448,0.08762769,0.012501278
1.2757715,0.00012214752,2.0872693,0.0359234,9.572597,1.0526375,42.43498,3.7724123e-05,13.925048,1.5319624,2.478033,54.54873,0.6988179,0.00946502,0.00057314767,0.13847016,0.87239176,0.012387771,0.07303577,0.010209217
1.3543139,0.00018735776,2.2726974,0.04945804,8.376984,1.01627,37.92849,4.600196e-05,10.642449,1.5539212,3.1725514,62.33258,0.66944367,0.014715695,0.0008365408,0.12183739,1.0685294,0.010581454,0.0764023,0.009254487
1.2592685,0.00015228197,1.8582815,0.044391945,8.130764,0.98368794,33.070362,2.9387023e-05,14.709581,1.2164099,2.8630307,49.049408,0.336312,0.011229653,0.0002354059,0.1175799,0.6976901,0.011063402,0.07363145,0.008690035
1.4007496,0.00017837499,2.4121275,0.03630809,6.89375,0.95650005,40.961864,4.349433e-05,11.782594,1.5439034,2.822777,63.689827,0.48476988,0.014395391,0.0009152339,0.14871417,0.9404724,0.012022899,0.0960374,0.009661217
1.3828971,0.0002162438,2.2625828,0.051167227,10.705591,1.0794326,65.94238,4.8067708e-05,13.60932,1.6198766,4.5833116,56.15953,0.60884225,0.015709383,0.00068289076,0.14882348,1.0110135,0.0115969805,0.100259244,0.009974225
1.3747797,0.00025372038,2.1210833,0.07611664,9.541199,1.1197579,49.00299,5.2483585e-05,15.830034,1.9224972,2.592051,55.523655,0.8384406,0.01809159,0.0012808153,0.14430578,0.99233526,0.013598638,0.102922924,0.011537892
1.312171,0.0002178335,1.9655896,0.07180476,9.158022,0.9394691,44.88091,4.3286378e-05,14.579567,1.5055884,3.581127,50.034378,0.5861415,0.015126976,0.0009890106,0.13155697,0.84703475,0.010826011,0.08624886,0.009643782
1.2745509,0.00022578737,2.0452263,0.07228382,8.855818,0.97160834,43.471947,4.6566172e-05,15.847177,1.6814624,3.3504918,49.826813,0.68955785,0.01547462,0.0012670817,0.13635716,0.8917582,0.012215718,0.094195925,0.010868769
1.3225918,0.00020563169,2.1133516,0.064478934,11.181448,1.1764956,61.170467,4.6995945e-05,14.098568,1.7646449,4.0410104,53.215946,0.8045453,0.017504795,0.0012779781,0.112341896,1.0658619,0.009741992,0.08616536,0.009164555
1.3985119,0.00021717102,2.3190742,0.053537942,9.488028,1.0430418,64.32095,5.0193412e-05,11.648524,1.6412925,3.779963,52.485306,0.61409676,0.013949779,0.0009150045,0.14958131,0.95347106,0.009782068,0.10977914,0.009670806
1.357253,0.00015238776,2.4107172,0.043967217,10.120075,1.1724864,52.806004,4.4975026e-05,13.408242,1.7969933,2.6096883,54.332504,0.7682031,0.014761009,0.0010939181,0.13018322,1.0439249,0.01139246,0.08109832,0.010630624
1.273505,0.00021532709,2.1845834,0.08413589,10.927399,1.2268013,51.834114,4.33038e-05,17.341696,2.0495498,4.222508,59.33344,0.914044,0.016131917,0.0013676033,0.11167684,1.0795199,0.012440557,0.10806698,0.011386557
1.345583,0.00022647419,2.2808466,0.062281936,9.570788,1.0179452,53.414917,5.050665e-05,11.346104,1.6999565,4.4846244,51.0118,0.7792157,0.013132744,0.0009851152,0.14945237,1.0457485,0.010523478,0.09737144,0.009774862
1.3476168,0.0002085193,2.1999838,0.06596538,10.214153,0.9609767,59.329464,5.1014023e-05,12.819123,1.5852114,4.168036,50.590187,0.6903053,0.015587814,0.0010193835,0.15113372,1.0111549,0.010870312,0.097045206,0.011106539
1.3804358,0.00020043802,2.4334471,0.044492595,8.878157,0.90482724,53.08023,4.13841e-05,11.491705,1.8963381,3.0964715,51.903385,0.8348884,0.011999406,0.0011580626,0.13024642,1.1130962,0.009420503,0.08295639,0.009158939
1.3834563,0.00014099428,1.9553574,0.056235958,9.605039,0.83089155,58.885525,4.089015e-05,10.776068,1.2484953,3.7077668,43.3801,0.41764948,0.014391179,0.0007547226,0.121285245,0.83694494,0.008271827,0.095875554,0.009263502
1.2942793,0.00024480833,2.739943,0.06616122,9.972824,1.2500728,54.98391,5.331281e-05,15.78268,2.2391531,3.8687613,63.237766,1.1180189,0.018200438,0.0016238798,0.15067144,1.5102661,0.011484092,0.0835082,0.011094886
1.3219965,0.0002526309,2.60285,0.06778396,10.394511,1.2071092,52.06766,5.437383e-05,14.63736,2.1568036,3.8881254,57.783062,1.1186136,0.016492812,0.0014763521,0.15239036,1.3156198,0.01115152,0.090609804,0.010574538
1.2843789,0.0001901613,2.3550668,0.054108422,9.670673,1.0909741,50.839115,4.387294e-05,16.308641,1.8423501,3.5680928,61.434807,0.7493949,0.015678637,0.0010622836,0.13595165,1.1052605,0.011626635,0.100181594,0.011842474
1.4274712,0.00019592635,2.1415513,0.052117106,10.879312,1.1972345,61.13036,4.3615448e-05,16.76527,1.8969046,3.1004198,59.404423,0.6393573,0.015050818,0.00076766213,0.14140448,1.0627551,0.013903202,0.111080974,0.011803815
1.3059733,0.00018200986,2.329902,0.051128685,9.488014,1.0371063,50.09281,4.133211e-05,15.649197,1.6116273,2.978152,57.522686,0.6736419,0.012913967,0.0008656691,0.12121481,1.0213333,0.010012761,0.09525662,0.009981616
1.2920996,0.00018563242,2.317161,0.055528082,9.874631,0.98982555,59.989624,4.01946e-05,12.121603,1.7049912,3.3974986,55.279755,0.7067002,0.015339903,0.0010551938,0.13506182,1.0490566,0.010823729,0.09555824,0.011290605
1.3093836,0.00017863412,2.094533,0.059000075,9.172449,0.93029153,56.43,4.1656844e-05,11.215615,1.3534517,4.100944,47.169464,0.5268285,0.014521717,0.00074670935,0.14267069,0.84694743,0.0103009585,0.10021607,0.01069965
1.3280321,0.00020006073,2.3175843,0.050026607,9.727422,0.98568326,54.08385,4.3546486e-05,10.988079,1.5491989,4.000767,51.41804,0.64861304,0.0125651155,0.0009074765,0.14556229,0.99927163,0.010579409,0.094012894,0.010290297
1.4403504,0.00022982182,2.3920236,0.07606122,11.139135,1.3367902,61.611286,4.946714e-05,18.798832,2.2304873,3.5275733,63.0894,0.7589636,0.02002283,0.0010372031,0.14746605,1.2172024,0.016674343,0.12151413,0.013669491
1.2884525,0.00017123722,1.7172902,0.06108541,10.149932,0.9347954,52.626698,3.5397195e-05,12.785193,1.3926662,4.0963545,43.618996,0.62332386,0.013361279,0.00075499614,0.104241915,0.763003,0.009588457,0.086473025,0.008548845
1.3764088,0.00016980154,1.817275,0.05715569,9.580633,0.8475427,54.812492,4.6135217e-05,11.050064,1.2761948,4.855219,46.32436,0.4833354,0.013102092,0.00065622374,0.13784471,0.79074556,0.00926679,0.100219,0.009464322
1.3211608,0.00019343931,2.2166502,0.065541156,9.19194,0.94577634,55.153152,4.688491e-05,11.984779,1.6229178,4.1511855,49.50789,0.6932871,0.014322008,0.0010158039,0.13358921,1.0558231,0.010530119,0.10463299,0.010325324
1.4345142,0.00017625267,2.0080733,0.051429324,9.537416,0.9337995,59.08773,4.3247233e-05,12.316184,1.3892837,2.781011,51.397503,0.58794945,0.012918454,0.0005958434,0.14530282,0.7847088,0.011563313,0.100493245,0.01069463
1.3079695,0.00024667208,2.6626825,0.08992013,8.98347,1.3565177,46.03859,5.5633718e-05,15.300919,2.105463,3.226085,54.62018,0.796447,0.021994064,0.0011173289,0.17352766,1.1575572,0.013034427,0.106669344,0.011656753
1.3783057,0.00010610144,1.4316622,0.04172442,8.528586,0.82906145,47.58109,2.5649753e-05,12.562655,0.70131624,3.3518615,49.19584,0.10598428,0.011387268,5.4552555e-05,0.12201833,0.43224168,0.011271655,0.10042533,0.010389926
1.4358363,9.142355e-05,1.2994251,0.03795316,8.319014,0.70561665,43.335075,2.5573392e-05,11.797653,0.5152471,3.0051305,44.56398,0.07016436,0.009569384,3.281943e-05,0.10809001,0.4049052,0.008761966,0.082076184,0.008957346
1.3935771,0.00021602679,2.412112,0.06646853,8.09907,0.9969051,34.05971,4.300808e-05,16.140436,1.5720836,3.4900622,47.251053,0.63898396,0.016558815,0.00065953203,0.1489037,1.061929,0.012865025,0.08460384,0.008847877
1.4737327,0.00012453872,1.0755972,0.04159515,7.8249235,0.7841631,32.461353,2.6409354e-05,20.596447,0.8336865,2.3963523,32.136185,0.06313589,0.011950494,-5.768839e-05,0.06184369,0.36888978,0.013835051,0.13491793,0.01119894
1.4402891,6.78045e-05,0.92844623,0.042852953,7.4449296,0.57779294,33.427162,2.000404e-05,17.931574,0.54529,2.5035968,26.976662,-0.017579926,0.011275854,-0.00024001459,0.050271377,0.2828372,0.012912984,0.10012781,0.01137485
1.4097505,0.00013833941,1.9347785,0.04095328,7.6699753,0.859889,29.601154,3.537619e-05,14.046971,0.9235623,3.7220778,45.94213,0.33839744,0.012108218,0.00041744922,0.13016273,0.76022243,0.0117848925,0.08192719,0.009175679
1.4034119,0.00014884681,2.2130291,0.067032896,9.4343405,1.1851017,37.447803,3.2691554e-05,16.507488,1.5266175,2.561947,64.36908,0.4528898,0.014645404,0.0006079865,0.10054273,0.8762049,0.011705921,0.0929077,0.0102140345
1.2692691,0.00013436413,1.5089769,0.05281792,9.340155,0.91368395,37.160027,2.7215978e-05,20.981625,0.92576164,1.6673033,41.1809,0.19260283,0.014599072,0.0004883096,0.10371953,0.52744627,0.012361863,0.10287314,0.012606072
1.2668496,9.366589e-05,1.745786,0.03514837,8.227085,1.1363487,36.35527,2.8069311e-05,12.768288,1.194894,2.9032273,53.743347,0.30529755,0.01274943,0.00028974575,0.08630724,0.6224209,0.011067891,0.09228076,0.00894693
1.2774435,9.124834e-05,1.7516936,0.035387333,8.576615,1.1219866,36.326794,2.8931201e-05,12.461227,1.1629269,2.8708973,53.64645,0.33412513,0.013321877,0.00044651033,0.09126033,0.6437745,0.010627768,0.09363224,0.009408829
1.391119,0.00022634995,2.144552,0.074224435,7.4297147,0.9638929,30.824404,4.3236683e-05,14.130274,1.4981229,3.3306034,45.730507,0.6769932,0.014495459,0.0007585378,0.13930386,1.0763019,0.011948031,0.08243813,0.007572805
1.3570775,0.00016006062,2.1582425,0.048741743,6.4683356,0.97072005,38.640774,3.2316646e-05,20.20531,1.2379452,3.282179,53.98015,0.38110068,0.012332873,0.00033667585,0.120088674,1.0318285,0.011453998,0.09386084,0.009006431
1.3918765,0.00014791319,1.8143333,0.035505448,8.428101,0.847342,42.774593,3.250549e-05,11.385364,0.89753145,3.8873656,52.931995,0.16884546,0.012172907,0.00018173998,0.114076324,0.59489524,0.0102151185,0.09494314,0.009706258
1.2820258,8.211647e-05,1.6855673,0.03776452,8.627377,1.0230232,36.53658,2.8063978e-05,12.292935,0.966038,2.99178,51.606007,0.27526334,0.013739048,0.00042277563,0.08862562,0.60512143,0.010043602,0.09499153,0.009497983
1.4255968,0.00017720148,1.8183676,0.052462775,9.689989,0.80781233,45.277473,3.688642e-05,12.459035,1.0002565,3.7813668,48.61023,0.27235997,0.015741825,0.0005592588,0.14332505,0.59519076,0.011443348,0.09536294,0.010310979
1.2282833,8.0612524e-05,1.5744413,0.04998806,7.71517,1.0830907,31.944582,2.7433562e-05,13.21214,0.99009824,2.3561108,51.22716,0.24928209,0.01341432,0.0002292674,0.07811377,0.50337815,0.010623438,0.09668924,0.009777863
1.4009607,0.00012534698,1.5577713,0.048966452,9.900252,1.0259277,43.038643,2.9274164e-05,16.148762,1.0066861,2.3650668,48.571438,0.25622025,0.013927198,0.00038867534,0.10689998,0.43110391,0.010565137,0.11131474,0.011271257
1.3997387,0.0001199966,1.5067446,0.052458685,8.963208,0.9483716,38.245304,2.9254914e-05,17.484999,0.8615368,2.3849232,43.26794,0.15992923,0.013181486,0.0002218564,0.092806086,0.4302587,0.010542264,0.112103395,0.010816516
1.4527615,0.00014903517,1.9248137,0.042256784,7.830604,0.9178901,41.704487,3.22442e-05,14.362585,1.1984717,4.1832047,53.147392,0.330898,0.009889126,0.00033206222,0.13090855,0.8049665,0.011148141,0.09480054,0.009081733
1.4376316,0.00015213461,1.854279,0.049009226,8.190932,0.95148677,43.028282,3.2391777e-05,13.999194,0.9612398,4.1753416,53.962692,0.22396392,0.014091895,0.00025175064,0.13237526,0.6838061,0.012078564,0.110190526,0.0101601
1.372733,0.00029944783,2.4902868,0.07768609,9.738211,1.3843536,43.51998,5.224263e-05,20.585117,2.1582155,4.94333,59.76943,0.7259546,0.019413766,0.001398201,0.15493502,1.2150195,0.013720704,0.11898527,0.012308635
1.2496054,0.00013577967,1.8377054,0.039311778,7.6205125,0.8844025,31.60987,3.086847e-05,13.385447,1.0843294,3.2664437,41.050453,0.30556402,0.01194082,0.00038838957,0.08054115,0.61480427,0.010808143,0.09000945,0.0094707245
1.2467878,6.697777e-05,1.6087965,0.035589904,8.132103,1.0202544,33.561527,2.6637896e-05,11.2912855,0.95518535,2.6369507,52.248013,0.27628595,0.012598486,0.00031102245,0.080444284,0.5813428,0.009693784,0.08659285,0.008964924
1.4130372,0.00018751639,1.8491665,0.039830625,9.278413,0.9431906,43.022972,3.8707458e-05,12.725347,1.2774211,5.7677746,49.955547,0.34703085,0.014930004,0.00058372424,0.119851254,0.73696125,0.008935887,0.10337825,0.009299208
1.3343792,0.00014243134,1.6958138,0.038831547,8.445595,0.88765687,45.47974,3.456492e-05,13.3152075,0.99591225,3.6015775,49.474262,0.25332037,0.012417617,0.00034019118,0.13367753,0.5700297,0.011624938,0.09941955,0.011305244
1.4561368,0.00017462486,1.9762877,0.04604062,9.0370035,0.94463116,44.840828,3.6547313e-05,14.059403,1.1927907,4.241583,52.85009,0.39327154,0.013823161,0.00048595064,0.1328928,0.8244372,0.011434437,0.090905204,0.0095243445
1.4066088,0.00015915508,1.8014445,0.039670568,8.6112385,0.9383698,42.002926,3.5035442e-05,11.354777,0.89768445,3.7225602,51.473927,0.16119789,0.013124369,0.0002066884,0.12380273,0.5303228,0.01051072,0.10755975,0.010528804
1.4448434,0.00014210168,1.843628,0.044853803,7.1620646,1.0201483,42.65923,3.2682485e-05,15.839336,1.0962999,3.6232717,55.978203,0.28869393,0.011071654,0.00019879117,0.123516895,0.73310024,0.011951837,0.100058176,0.008503812
1.2815448,0.00016562674,2.0005798,0.04343223,9.252446,1.1789479,41.551105,4.0273848e-05,14.010312,1.5013186,3.4605198,47.20624,0.54469544,0.015816776,0.0005263146,0.134219,0.8531303,0.010826003,0.105192006,0.009275912
1.4256084,8.863612e-05,1.3139197,0.038984004,8.808758,0.8175269,36.287575,2.6589238e-05,11.605584,0.9041716,1.9872655,35.415726,0.2551123,0.008956455,0.0001423765,0.07202151,0.3619105,0.009369603,0.092287146,0.009512303
1.4006343,0.00010283899,1.5061643,0.047582753,9.027147,0.91161007,39.68526,2.9594825e-05,12.834957,0.95753205,2.9763112,42.73995,0.20608085,0.014577426,0.00026886215,0.0862705,0.5567793,0.010842778,0.07160066,0.009611564
1.2813601,0.00026499754,2.1559203,0.06851216,10.244783,1.2925595,42.627953,4.8168924e-05,18.754839,1.9734113,4.697545,54.153778,0.67676634,0.017026063,0.0011795288,0.14339767,1.0383807,0.012153057,0.10275808,0.011758386
1.2783493,0.00014329434,1.7940329,0.026500873,9.436679,0.82639444,46.07098,3.3941556e-05,11.039151,0.9754476,3.0084085,42.73341,0.28165323,0.0132972635,0.00061431737,0.13230129,0.7287498,0.008953253,0.08734458,0.009154122
1.1304884,0.0001599134,1.860439,0.040818553,8.37039,1.0915284,30.692316,3.855057e-05,14.134667,1.5700574,3.389018,41.87451,0.6485744,0.011236616,0.0006121118,0.11323424,0.88697934,0.00856484,0.06268065,0.0062850984
1.4456472,0.00022054938,1.9983611,0.054329768,9.1794,1.0158812,44.037132,4.4825374e-05,18.42056,1.3475718,4.037241,49.28811,0.4388381,0.015446684,0.00060134963,0.1315324,0.9409808,0.011360353,0.10479047,0.00978821
1.4722753,8.5821106e-05,1.2265682,0.03753031,9.153425,0.7921214,41.039425,2.520387e-05,13.718011,0.9677412,1.8789425,33.862106,0.29807454,0.009385294,0.00017588066,0.07848523,0.36642572,0.009846441,0.09758573,0.010868026
1.2900991,0.00014966466,2.283235,0.0653131,8.18112,1.2099484,37.53051,3.449741e-05,15.862912,1.6000326,2.189187,62.3048,0.53426164,0.016223423,0.0009869412,0.10081248,0.96247804,0.014123371,0.102678664,0.0130858235
1.3934141,0.0001465965,2.1539638,0.04120353,9.717558,1.3489273,41.446945,3.4980047e-05,17.383701,1.6127207,2.804381,58.113934,0.5055628,0.013171635,0.0006278791,0.11837673,0.8156819,0.012313573,0.111468524,0.01028491
1.4019327,0.000116202675,1.6389543,0.0583661,9.436454,0.94087076,39.89377,2.6996126e-05,19.827484,0.96932644,2.6907134,56.68921,0.23823693,0.010856045,0.00021696021,0.10361854,0.5123488,0.009730605,0.09596693,0.009898214
1.3824242,0.00013710809,2.0116596,0.06355834,9.173629,1.0285296,37.225082,3.144811e-05,17.367325,1.2669185,2.833618,64.60886,0.408666,0.011582341,0.00042721935,0.09525877,0.8118423,0.010431685,0.07770062,0.008782361
1.4277096,6.65504e-05,0.8304196,0.044540394,6.6699395,0.6095613,33.180824,2.1049953e-05,15.912669,0.5144977,2.118129,23.55041,-0.051055856,0.010891762,-0.00020990039,0.04440398,0.28598747,0.012757867,0.12158202,0.011684529
1.3198342,0.00017392755,2.3730018,0.06289846,7.974023,1.1405866,33.04536,3.9256905e-05,15.6806,1.3827341,2.8136005,66.89044,0.48941988,0.013864655,0.0006769711,0.11099167,0.94886607,0.013158685,0.107059054,0.012477236
1.3466848,0.00015578252,1.8329113,0.059546776,7.889363,1.0362889,35.599827,3.7258655e-05,14.458132,1.0298057,2.2030153,49.061337,0.3048726,0.014063631,0.00035027394,0.10387832,0.64787686,0.012561742,0.12171504,0.011504351
1.2347114,0.000101800564,1.8081516,0.04123778,8.38252,1.0953547,34.955265,2.8557402e-05,13.483676,1.2326834,2.988486,50.20689,0.32155257,0.013753375,0.0004723247,0.08249295,0.6120223,0.011917816,0.09258135,0.010374824
1.3967924,0.00015357236,1.6896454,0.040554743,8.166243,0.7414526,35.43582,3.2650216e-05,11.478629,0.7494046,3.0475345,44.233204,0.3364802,0.010870267,0.0003701251,0.11453421,0.75811005,0.008530624,0.077513434,0.008384081
1.206859,0.00016681224,2.3725939,0.049983464,8.173663,0.92690307,33.677006,4.3501062e-05,12.580573,1.0362551,2.6027796,48.62564,0.49591953,0.016683083,0.0008404304,0.14164385,0.96755725,0.012918596,0.108878836,0.010089684
1.4443334,0.00016051835,1.7354656,0.05627203,8.749767,0.93041694,43.57961,3.7325506e-05,15.168897,1.2801138,2.6190786,45.850315,0.4570047,0.014580428,0.00051595795,0.13129808,0.76250994,0.010435167,0.092338,0.009527651
1.2643378,0.00024631774,2.3299096,0.06546157,8.61917,1.1528422,40.576477,4.911661e-05,17.72324,1.8379011,3.9556851,48.84746,0.7858583,0.017964685,0.0011995384,0.12842213,1.3245643,0.011706397,0.08688753,0.0098477155
1.2392348,0.00024088354,2.2386332,0.0526055,9.414618,1.2715222,41.79971,4.6132984e-05,17.142508,1.9069698,3.9693189,53.379856,0.6752927,0.01712728,0.0011222182,0.13571128,1.145503,0.011877948,0.089953005,0.010912664
1.3807032,0.00023501625,1.8407696,0.06511199,9.061368,0.99689347,42.503265,4.1247116e-05,17.280653,1.4040015,5.532329,49.195892,0.42544928,0.015642237,0.00067472085,0.11739328,0.8163796,0.009808904,0.10734008,0.0092631625
1.5382345,0.00018640312,1.9365287,0.070229314,8.896535,0.97306633,38.016235,3.5625166e-05,15.951575,1.174941,2.72116,48.078136,0.35036582,0.01564996,0.00030702326,0.13213843,0.74444056,0.011972418,0.10595759,0.012030929
1.5540537,0.00018797934,1.9164344,0.06704711,8.6374655,0.96244806,38.64652,3.5744437e-05,16.20214,1.082817,2.5954738,44.93686,0.3057018,0.016021358,0.00028498628,0.13878834,0.79910773,0.01236874,0.1055308,0.011716008
1.4001021,8.38609e-05,1.0454489,0.05287699,8.309719,0.78912956,33.732273,2.3449082e-05,16.748276,0.71873444,2.0649927,31.10738,0.03335166,0.013245142,-2.9212752e-05,0.07173369,0.29251042,0.012542504,0.113647684,0.012446909
1.3932235,0.00015113235,1.6346605,0.046437398,11.076085,0.8491056,66.427795,3.6838814e-05,12.872786,1.3362054,3.5196054,48.074768,0.5145988,0.011944876,0.00060204277,0.1211065,0.75103253,0.00996314,0.08158337,0.009281012
1.3740618,0.00016394026,1.6935736,0.04763182,10.73404,0.8414566,65.1677,3.897529e-05,13.922149,1.2715932,3.4819984,47.329033,0.5061359,0.012489185,0.0006518997,0.1266637,0.7456014,0.009966787,0.08501265,0.009556067
1.3369776,0.0001840246,1.7239834,0.05512153,9.710357,0.8382822,57.58279,3.9827755e-05,15.472648,1.1919168,3.5801518,52.497795,0.4552956,0.012953087,0.0005876674,0.12229787,0.7686225,0.0106288055,0.08865907,0.009242931
1.0645131,0.00016593536,2.4078712,0.049630616,6.8776298,1.0051868,27.63186,3.632071e-05,12.640335,1.4432931,1.3379576,45.093937,0.64652175,0.012538896,0.0006838011,0.09295369,0.8355642,0.010129918,0.08293428,0.008776398
1.2860361,0.00023990897,2.7187245,0.07639752,9.811877,1.347725,52.023838,4.9509134e-05,14.044873,2.2944398,4.283866,62.886642,1.0668211,0.01681414,0.0013868542,0.15356731,1.1777244,0.014242247,0.11470295,0.012668899
1.2718054,0.00022255168,2.5136194,0.059648834,8.398016,1.1473789,49.147404,4.627757e-05,11.2855015,1.8146122,4.0034266,53.767097,0.83225334,0.016237028,0.0011262755,0.14083993,1.095343,0.011961715,0.096959405,0.01088023
1.2646569,0.0002453356,2.4930668,0.059147853,9.329342,1.2187003,51.324326,5.1466297e-05,13.983032,1.8487605,3.9938095,58.68338,0.83804595,0.017416708,0.0010357811,0.14443173,1.1308129,0.012856493,0.10140828,0.011274233
1.3152668,0.00022408715,2.3823953,0.0686951,9.228281,1.2466657,49.683956,4.5104644e-05,14.017964,2.000593,4.7030344,58.796585,0.7843041,0.015251119,0.001176699,0.14138907,1.053409,0.012615459,0.10338365,0.011205673
1.2939367,0.00023335959,2.4782472,0.06455627,9.808942,1.4677933,46.062103,4.7514706e-05,17.242832,2.5099728,4.018471,62.45347,1.0030799,0.017321948,0.0013217394,0.12579064,1.1637461,0.012442531,0.09735564,0.011048785
1.2889084,0.00016842713,1.9749063,0.05316283,8.972063,0.9664381,50.713474,3.954486e-05,12.116311,1.6280199,4.698238,45.633614,0.6906217,0.011398848,0.0008776844,0.118004255,0.9378963,0.010321102,0.08728595,0.009282023
1.3216244,0.00021719107,1.9898771,0.061279412,8.624107,1.0994848,54.09376,4.5115456e-05,13.377456,1.51026,3.8754704,51.886894,0.53915966,0.015896667,0.00079890457,0.14252393,0.78934383,0.01053473,0.09833828,0.00969309
1.3348633,0.00023029493,2.103817,0.06540243,9.222904,1.0613731,50.3997,4.7746336e-05,13.241257,1.5597275,4.3738427,46.806454,0.6780689,0.016361743,0.0008860594,0.13966867,0.9460213,0.011319034,0.09670284,0.009383432
1.3416733,0.00016432833,1.8670697,0.048996054,7.1359777,0.8680761,34.561874,3.664849e-05,12.046298,1.3440629,4.1999846,39.16365,0.4986407,0.010538685,0.00086338946,0.10655942,0.78318197,0.011672475,0.07816071,0.008831689
1.3495827,0.00016218625,1.8612465,0.049271613,7.204283,0.82512593,35.74249,3.7992435e-05,12.436059,1.2738008,3.9040778,40.306126,0.47260898,0.010793286,0.0008334011,0.112244844,0.79783434,0.011745787,0.07830445,0.009355917
1.4437789,0.00017562397,1.925552,0.053451393,7.246009,0.89214975,35.333637,3.887377e-05,12.538846,1.4592032,4.670956,42.569767,0.503618,0.012528966,0.000840138,0.1141524,0.85044223,0.012390323,0.07978398,0.009265901
1.3624791,0.0001703089,1.6773238,0.05971682,9.516363,0.87331057,52.880833,3.783366e-05,12.621572,1.2923143,4.4354672,45.045418,0.52084196,0.013191007,0.0006633042,0.11350408,0.79721034,0.0106727015,0.080874555,0.009248229
1.4049044,0.00024008173,2.376039,0.07476164,9.664161,1.0920712,53.34904,4.8077916e-05,15.154784,1.6903534,3.6978323,60.313053,0.6455618,0.017478684,0.0009329892,0.14609066,0.9315586,0.01185888,0.09690897,0.010923014
1.0561852,0.00020457756,2.560255,0.063526616,6.67161,1.1061351,32.427433,4.4822267e-05,14.467173,1.7550703,2.1228848,49.476204,0.7544257,0.013737633,0.0011863711,0.113568895,0.9638822,0.010487093,0.09091761,0.009765647
1.0561852,0.00020457756,2.560255,0.063526616,6.67161,1.1061351,32.427433,4.4822267e-05,14.467173,1.7550703,2.1228848,49.476204,0.7544257,0.013737633,0.0011863711,0.113568895,0.9638822,0.010487093,0.09091761,0.009765647
1.4682635,0.0001427475,2.039165,0.11792085,9.638395,0.94245404,45.749096,4.120201e-05,19.664978,0.8607057,1.366108,42.983017,0.41182587,0.020640528,0.00096018973,0.13115852,0.6848874,0.016389184,0.13401571,0.015709711
1.3910428,0.00016078485,1.0863628,0.0649172,15.597758,1.1359826,56.72437,4.08019e-05,15.061326,1.6454215,4.690974,62.491177,0.5087656,0.015232124,0.00073753874,0.08417431,0.714607,0.008577881,0.0776309,0.0071548712
1.4275733,0.00017853687,1.2829716,0.0725688,14.309103,1.1939853,56.743687,4.0955376e-05,16.157185,1.738963,5.5214086,54.571854,0.5869953,0.01623644,0.00086355285,0.09136372,0.8120137,0.01035132,0.07781015,0.0075612282
1.0963103,0.00017665177,1.2260262,0.061123386,3.6093717,0.99418473,20.779696,3.4983404e-05,12.6745405,1.4453212,3.379583,53.36523,0.39736736,0.014440718,0.0002551269,0.058007263,0.683836,0.010423324,0.0666806,0.0065030954
1.221268,3.864232e-05,0.38761735,0.049439784,8.806095,0.48964813,39.303936,2.043602e-05,12.582309,0.34696296,0.68791115,20.9551,-0.008772036,0.012683291,-0.0003990822,0.022836208,0.14474972,0.008260754,0.082765006,0.006258775
1.190036,8.48623e-05,0.779206,0.043325704,14.06151,1.0090879,51.007755,2.6360996e-05,15.10967,1.5442493,3.0257673,42.013474,0.5583582,0.009943842,0.0005244959,0.04187522,0.5197515,0.006704756,0.067221984,0.0056976834
1.3986092,0.00015285033,1.2383887,0.045682207,15.013093,0.93963104,57.13961,3.739241e-05,12.4188795,1.4985158,3.454115,52.48017,0.5345539,0.01215644,0.00057326764,0.081105396,0.6809259,0.008708961,0.07114431,0.008078087
1.3558462,0.00027008035,2.5113685,0.082548045,9.022907,1.1664901,39.14773,4.8115802e-05,19.779598,1.9571377,4.6718774,67.743645,0.8300567,0.014998948,0.001083335,0.14664322,1.1609128,0.012369689,0.10282639,0.0112896925
1.3785477,0.00023768855,2.467034,0.067690164,9.910088,1.1726736,44.87143,4.5307872e-05,19.082216,1.6794028,3.6559613,60.182087,0.69281965,0.014530233,0.0008094658,0.1549534,1.0355772,0.012652952,0.09914066,0.0110128615
1.2503569,0.00026306923,3.4656916,0.08119976,9.018315,1.559684,38.90761,4.678508e-05,20.950449,2.6845438,2.636687,75.35533,1.0696479,0.017281957,0.0012449522,0.14379114,1.3080753,0.015120966,0.111690246,0.012423564
1.3460168,0.00018059624,1.9693228,0.02640008,9.322951,0.94567883,47.567337,3.923842e-05,17.839615,1.1430728,4.2889113,63.822685,0.38328364,0.012628239,0.00037265572,0.14100333,0.6726879,0.010293393,0.10886589,0.007902752
1.3716248,0.00016851374,1.9381526,0.053331643,9.829212,1.0018314,44.873108,4.150898e-05,14.42308,1.5609426,5.0769696,44.024326,0.6370089,0.012924995,0.00077753037,0.14168109,0.7887371,0.010496933,0.100984566,0.010354568
1.4796796,0.0002472552,2.6195862,0.051345434,11.189797,1.4728788,56.038113,5.527053e-05,17.86975,2.7165105,3.2448592,63.615658,1.1104102,0.015054148,0.0012805307,0.1740379,1.2722172,0.013501711,0.100733645,0.012876094
1.2664145,0.00030469953,4.467883,0.08826485,8.646449,1.6324637,43.544636,4.9443388e-05,14.342994,3.4033954,2.342709,84.79363,1.570006,0.020330025,0.001597992,0.11802118,1.893923,0.013315311,0.09488541,0.012108971
1.2968059,0.00020348045,2.0929024,0.05821006,8.359616,0.92017156,37.594776,4.3680215e-05,12.470649,1.5055233,4.7352023,45.694065,0.69087297,0.012181643,0.0009830402,0.11481587,0.99495995,0.009735214,0.0910296,0.0079321
1.3411493,0.00020860977,2.2121792,0.044103436,11.606677,1.2621996,49.68784,4.7721802e-05,20.835936,1.6380904,3.4668803,62.168068,0.6578147,0.012469055,0.00093700155,0.14489546,0.9453567,0.010651935,0.09107121,0.009517165
1.4482701,0.00021417288,1.9243622,0.044115014,10.414172,1.0589927,45.870335,4.6755827e-05,17.82077,1.3451763,4.952329,53.894463,0.5611129,0.012386817,0.00064378924,0.16210006,0.8096649,0.011027701,0.11158655,0.010704104
1.1373336,0.00027539697,4.357163,0.07591646,7.3153915,1.5558101,35.84935,4.7448233e-05,9.550711,3.197242,2.2599795,89.39796,1.5748911,0.01823418,0.0016493746,0.087024756,1.7190804,0.008942391,0.07239057,0.008752476
1.2212564,0.00028666196,5.4531927,0.09574182,7.9971194,1.7306494,42.544586,5.9704613e-05,11.236498,3.9484603,0.77865124,102.8219,1.8172526,0.023208786,0.0022206397,0.12568997,2.2333703,0.011443909,0.09761143,0.012527273
1.176513,0.00034588127,7.6960115,0.14309049,8.0942545,2.4761763,35.93197,6.652958e-05,13.225851,5.883857,1.7090327,144.30461,2.9750843,0.0252585,0.0034812123,0.1401575,3.0117493,0.012083423,0.10063632,0.014054878
1.1660653,0.00033084146,6.593074,0.08973253,7.317717,1.9424747,31.517054,5.6778892e-05,12.6355915,3.9355497,1.7701004,122.89798,1.9630153,0.02295616,0.002086311,0.11650905,2.3948483,0.011960883,0.08741002,0.009898584
1.1438625,0.00030651837,5.2850513,0.08085095,6.539689,1.648929,29.630117,5.082804e-05,11.276705,3.3062494,2.3667748,106.74899,1.6584784,0.019074066,0.0018751831,0.09957572,2.096854,0.009808774,0.07341025,0.008823851
1.1697446,0.00028502106,5.6316957,0.085140444,8.454095,1.7449666,47.027367,5.125252e-05,10.970225,3.699534,1.655755,105.238335,1.8041574,0.020986227,0.002003628,0.09365645,2.0676348,0.009744122,0.07349173,0.0097997645
1.1665277,0.0003400999,5.2278514,0.09636278,7.4916196,1.5807179,37.11525,5.3801214e-05,9.5009775,3.0523052,1.2780685,103.52766,1.6412721,0.019794768,0.0019112604,0.102901116,1.9727054,0.010160733,0.07317923,0.008594764
1.184674,0.0002849283,4.7530956,0.08480878,7.059219,1.4658887,35.28028,5.1552404e-05,10.722201,3.1578534,1.0332947,101.87629,1.6586763,0.019707393,0.0016880953,0.1187323,2.1503603,0.009552504,0.07308479,0.0089802025
1.1452075,0.0003116535,5.5880013,0.0875612,7.715697,1.8397493,37.569633,5.2139032e-05,10.856962,3.84476,1.7643952,111.32078,1.8388362,0.020972047,0.0021897722,0.09890254,1.9269125,0.009266913,0.07777177,0.010063041
1.1101246,0.000263338,3.7155979,0.07945251,6.5832586,1.2808895,28.31084,4.6319856e-05,8.538557,2.4262104,0.87434727,73.631294,1.1798738,0.020208638,0.0012980155,0.07902736,1.4251744,0.008871274,0.08881479,0.007917414
1.1615621,0.00031090688,4.8477354,0.09346944,7.498927,1.6338923,32.241966,5.280176e-05,14.089617,2.7654006,1.4176818,96.598404,1.2216141,0.026419679,0.0015130236,0.10306099,1.779132,0.01196327,0.10494615,0.011557393
1.2232362,0.0003749237,6.478617,0.09904457,7.9646325,1.8695191,39.798122,6.744542e-05,14.632839,4.0991116,2.693784,128.8749,2.2758758,0.023118125,0.0027146472,0.16073427,2.675108,0.011350598,0.08352568,0.011462208
1.2212188,0.00038541367,6.5824122,0.106070854,8.475145,2.0435894,41.376965,6.551487e-05,15.421764,4.699952,3.1099017,135.02345,2.166174,0.024194168,0.0023362122,0.14784464,2.7042055,0.011851108,0.08548714,0.010535541
1.226678,0.00036269144,6.6883974,0.095322,8.50658,2.055817,40.507523,6.551771e-05,14.243062,4.5145574,3.044005,125.165215,2.280686,0.023160877,0.0027568608,0.14975667,2.7184467,0.009819893,0.081966415,0.010948104
1.1904281,0.00024560443,4.2307134,0.06356201,8.546745,1.6018015,41.76519,4.7000514e-05,10.186749,3.1335156,2.5644588,83.40211,1.492218,0.01762108,0.0016889427,0.094472155,1.7912688,0.010292962,0.087279774,0.01019903
1.1468625,0.00033492324,5.611876,0.09206147,7.6610746,1.9297825,34.610676,5.7716454e-05,14.093443,3.5399828,3.4780881,114.134605,1.7300738,0.022440879,0.0019253608,0.11425378,2.3238115,0.012429286,0.09546858,0.011295149
1.2304146,0.0002798926,4.498907,0.07486612,7.2040815,1.3768407,36.62474,4.7086658e-05,8.490648,2.700857,1.4921231,84.76695,1.4171754,0.018331794,0.001636071,0.08703982,1.7417188,0.00832261,0.06813415,0.0075461213
1.121806,0.00026615092,3.877404,0.0788019,6.41526,1.4391938,28.481714,4.7363654e-05,7.639026,2.7253575,1.0241044,74.19773,1.4450575,0.02050233,0.0014137994,0.07665655,1.6162606,0.008420828,0.078441516,0.007911648
1.1687634,0.00022407703,2.9558241,0.02055832,6.8756413,1.1931304,28.582628,4.584011e-05,12.287091,1.6115214,3.2428586,62.08464,0.3445845,0.017514331,0.0010552468,0.15705562,1.472002,0.013802997,0.056511838,0.007468931
1.206038,0.00023205597,2.940092,0.029342003,6.7927823,1.17666,29.085808,4.707207e-05,11.91167,1.676581,3.1499958,58.149464,0.3889553,0.017360594,0.000967767,0.17236717,1.4290279,0.01573985,0.061466165,0.008487629
1.1990491,0.00025293409,3.1250935,0.04333353,7.5577207,1.2548976,34.338715,5.6031007e-05,14.183443,1.6336772,3.2077081,58.601162,0.48359543,0.018329725,0.0010019924,0.22567081,1.3789226,0.021382835,0.11360587,0.011816919
1.2035823,0.00023493149,3.1434522,0.017989691,7.141314,1.2250941,31.584862,5.043232e-05,11.484071,1.6883979,3.3235981,62.852562,0.33384907,0.017499797,0.0010521854,0.18048647,1.4700736,0.014459268,0.055621147,0.008179792
1.2676797,0.00029586515,4.279679,0.04449079,8.56868,1.333258,42.28284,6.655276e-05,12.423495,2.8077013,3.0230505,91.510735,0.9726024,0.018422391,0.0017701825,0.22411485,2.0349834,0.01890799,0.08398041,0.011416167
1.340415,0.0003056125,4.220886,0.052282047,10.379458,1.4522648,56.189163,6.8040164e-05,13.142433,2.5712276,3.0974731,85.92272,1.1420999,0.016265605,0.0018844634,0.2210137,1.9900982,0.017389499,0.097857974,0.0123506375
1.3325747,0.0003756511,4.335983,0.0846916,9.187754,1.402743,46.59181,7.1268776e-05,12.116267,2.7055547,2.8610556,92.38009,1.0410702,0.021403704,0.001877062,0.22669198,1.8781631,0.008001506,0.10857795,0.010025531
1.3164407,0.00029867768,4.4826922,0.06632342,9.186644,1.3704944,45.690937,6.0621984e-05,12.263927,3.064559,3.0560222,96.09875,1.3569553,0.01849275,0.0018264897,0.22740705,2.214281,0.014808791,0.05893284,0.010798345
1.3947724,0.00028901704,4.453984,0.045795135,10.361442,1.3888516,53.540005,6.360171e-05,12.176025,3.0933392,3.4573271,90.47733,1.5971315,0.013156472,0.0019085722,0.24193037,2.3100882,0.016433008,0.06941118,0.012343885
1.3984133,0.00028385196,4.5522547,0.034058835,9.848361,1.532989,50.173824,6.402663e-05,11.764459,3.2766309,3.3364828,96.08359,1.5938821,0.0147869745,0.001750977,0.23769522,2.1645598,0.015955944,0.06884328,0.011074028
1.3390107,0.00030279715,5.021827,0.055258352,9.45621,1.7156087,46.580193,6.0721297e-05,13.900039,3.7020736,2.4031541,101.86851,1.6437839,0.016606761,0.0015908243,0.22813646,2.4510744,0.016263673,0.056837574,0.010421592
1.305574,0.0003183667,4.232323,0.112783626,8.604801,1.446989,42.014713,5.4752956e-05,12.935877,2.8109236,2.8017106,94.08793,1.0650115,0.021510899,0.0018154667,0.16321024,1.8603092,0.0150867645,0.044719875,0.01052582
1.2510701,0.00034372718,3.9986274,0.16534644,8.440245,1.4878188,44.092377,5.9471295e-05,12.383222,2.764185,3.1940238,90.635086,1.0936458,0.025698802,0.0017046684,0.19947456,1.8540479,0.016362784,0.07821366,0.012363317
1.2613007,0.0002756358,4.3483567,0.087478854,8.261927,1.4127418,42.220158,5.6744437e-05,11.460334,3.2219062,2.9183023,95.95029,1.2699976,0.021890765,0.0018637391,0.19466422,2.3009171,0.014634155,0.049616333,0.010069449
1.0679696,0.00027991313,3.702212,0.10150163,6.89228,1.3129015,28.454714,4.350564e-05,10.66571,2.4116669,2.4690664,81.00795,0.9508792,0.01703223,0.0014507335,0.07028868,1.6340115,0.010272742,0.05270239,0.0074687027
1.2618152,0.0003327488,6.217816,0.07460245,9.487347,1.8255731,46.618355,6.7355504e-05,14.78424,4.5390186,2.7775576,139.34778,2.341373,0.022513993,0.0022226507,0.30379608,3.094385,0.02048819,0.06655081,0.012333275
1.1435444,0.00027234363,4.2063622,0.07396129,7.039865,1.4079843,28.003435,5.0624465e-05,10.897912,3.322117,2.9776232,83.319725,1.7454308,0.016322615,0.002102337,0.15630832,2.2202232,0.009655677,0.0627697,0.007221039
1.1508609,0.00025299026,3.9067872,0.06981673,6.0841165,1.2491829,22.835985,4.9570863e-05,11.171081,3.192945,3.8559282,73.977905,1.6175288,0.016432075,0.0021853996,0.1352879,2.0325677,0.009357494,0.063762486,0.006631467
1.0770929,0.00020817391,2.9175804,0.046915546,6.0588794,1.3438631,20.743053,4.2541727e-05,7.848335,2.4026167,3.3949656,53.758656,1.0098743,0.014541925,0.0011206471,0.11761201,1.3913621,0.008750405,0.07365286,0.00831422
1.3163488,0.0002141794,2.786111,0.06264487,6.671776,1.1709148,27.736643,4.4488475e-05,10.270202,2.052323,5.171628,46.98746,0.8085265,0.015617943,0.0011137291,0.12827969,1.1253749,0.012946275,0.09490052,0.009662722
1.1087058,0.00018582946,3.0168457,0.059817668,6.0054774,1.3258815,22.603346,4.523396e-05,11.318701,2.6156545,4.055481,53.53798,1.2526011,0.013325076,0.0013247054,0.12170995,1.4461118,0.010288909,0.07982892,0.008125418
1.1058106,0.00025061765,3.9496398,0.06433467,5.771673,1.5449828,20.921381,4.6355457e-05,7.817593,3.113287,3.466296,79.97689,1.4499154,0.015886175,0.0020236059,0.12535807,1.6847355,0.009771189,0.06706855,0.007988482
1.1499345,0.00026578855,4.070317,0.07542323,6.1281247,1.5014343,23.179382,4.94237e-05,9.817954,3.5094225,3.6466084,82.66997,1.6802181,0.016428452,0.002228619,0.14586061,2.0484667,0.010647469,0.06656192,0.007935676
1.1691084,0.00015815222,2.5731966,0.062119357,7.9709306,1.1398727,25.491776,4.3666278e-05,9.692417,1.9467654,5.1425757,44.785507,0.83149815,0.011061963,0.0011571742,0.115864374,1.1622208,0.010518489,0.08618383,0.008362578
1.0763634,0.00016817407,2.72375,0.049423046,6.9613757,1.2891164,28.063831,3.6521844e-05,10.544182,2.1315088,3.1589813,49.74126,0.87234473,0.012318869,0.00092819385,0.108225726,1.0354284,0.009456829,0.09645704,0.008782627
1.2052903,0.00029169765,4.1823373,0.074208096,6.655419,1.435287,24.812273,5.5492383e-05,15.789958,2.964087,2.882625,80.835846,1.6003819,0.019333374,0.0019009276,0.14506522,2.0036223,0.010670645,0.08040476,0.00896224
1.111278,0.00022036732,3.1194875,0.05682106,7.636266,1.3618606,25.944613,4.5633908e-05,8.119489,2.360347,2.22161,57.779602,1.018898,0.015088565,0.0013230655,0.13774376,1.3104707,0.009209582,0.08334239,0.008196704
1.2247252,0.00014339834,2.4198103,0.04690492,7.109953,1.1183122,29.126476,3.4753324e-05,9.410169,1.8689795,4.7868433,47.033703,0.699654,0.01022834,0.00095572084,0.10987178,0.9128272,0.011083633,0.094692424,0.008879538
1.2433201,0.00026988192,2.7380073,0.06847195,7.838136,1.1504353,34.51835,4.5957975e-05,8.538714,1.8418366,3.295609,59.449596,0.735313,0.017148852,0.0007934732,0.124098286,1.0790966,0.010658336,0.083633475,0.010184193
1.3428506,8.38463e-05,0.8800273,0.06542126,8.556358,0.50401133,34.30779,2.0029123e-05,12.726504,0.4727791,1.1459656,22.855343,0.08196999,0.0113846585,-2.4352204e-05,0.05441174,0.290337,0.009043346,0.08833052,0.009856368
1.1469272,0.000249366,2.9118505,0.055488326,6.666506,1.3464172,27.760921,4.8221442e-05,8.62064,2.1983058,2.1509745,55.24102,0.9874852,0.016792737,0.0010407496,0.13293533,1.2147943,0.0095311925,0.08911721,0.008774582
1.2663838,0.00016835619,1.7654364,0.056784745,7.816223,0.7960311,32.87201,3.3492204e-05,11.782207,1.0776688,0.5798384,38.146046,0.4096131,0.015213226,0.00040547035,0.07864387,0.6512802,0.008962538,0.0905477,0.009106654
1.2525482,0.00016907752,1.6745294,0.06500071,7.920086,0.8622387,33.877617,3.1591713e-05,12.701832,1.0554942,0.5501312,39.437466,0.43203157,0.015837384,0.00038263903,0.06704201,0.6793141,0.009093907,0.085027464,0.008532367
1.3926102,0.00012487637,1.4042875,0.047773924,8.096519,0.68597937,29.429117,2.9283263e-05,18.341484,0.8609189,1.0739012,33.174145,0.2433144,0.013703912,0.00014947553,0.06978621,0.490577,0.010526262,0.109779455,0.0096535785
1.2290571,0.00022698891,3.064315,0.08762774,8.054613,1.2652187,32.841362,4.8930247e-05,13.659577,2.6637797,3.2339547,57.0193,1.2801528,0.01831714,0.0017903218,0.13947724,1.7193177,0.011445091,0.0798893,0.009858092
1.3527993,0.00023576907,3.473539,0.07866561,11.244994,1.323079,41.918655,5.681163e-05,18.978285,2.5903409,3.4384472,68.903114,1.2662696,0.020478034,0.0016464344,0.14284332,1.6962335,0.011625152,0.08410319,0.011461871
1.3897249,0.000287837,2.7544339,0.08566081,9.0783615,1.2187021,39.221638,4.434942e-05,7.5486107,2.0026736,2.161842,61.076637,0.7451519,0.019714277,0.0009924091,0.13752654,1.1176716,0.013067663,0.09114086,0.012709317
0.92783356,0.00019772464,2.6811974,0.057665292,6.830816,1.3121773,21.64546,4.4707806e-05,14.524589,2.5097425,3.4104145,49.134476,1.1593275,0.011817748,0.0014654235,0.10248853,1.3098495,0.010138421,0.07250183,0.0070042745
1.5976949,0.00013829519,1.7281975,0.08169244,11.141877,0.8938573,43.98279,3.8604787e-05,23.065247,0.8700625,0.48936513,36.961884,0.21996085,0.018562006,0.00065732736,0.12135838,0.61304116,0.014008261,0.12833837,0.014311814
1.2675875,0.0004209325,10.700803,0.099708766,14.533396,4.2986584,43.57311,9.6543285e-05,32.96572,10.450306,2.097582,203.16179,5.1252794,0.022346493,0.0043502664,0.3220252,5.0984077,0.022243688,0.11493066,0.020568458
1.4742076,0.000115826006,1.4649454,0.050405193,8.661778,0.6990401,34.221462,2.9902174e-05,19.19622,0.8269243,0.8059913,33.477894,0.23376654,0.012797257,0.00019166959,0.078595944,0.4915757,0.011381488,0.11875103,0.011147962
1.3290602,0.0001054319,1.6887071,0.05741634,7.150436,0.67707217,35.719482,3.1474552e-05,12.584177,1.1065942,1.5265393,39.951588,0.41596434,0.011031148,0.00050700543,0.083192505,0.7225645,0.0106179435,0.09317832,0.009312908
1.3234166,0.00014873745,1.7490406,0.053828977,8.055291,0.79837835,34.642914,3.1581578e-05,11.747643,0.9955654,0.7063198,37.880154,0.40609092,0.014962907,0.0004924994,0.075897306,0.6391553,0.008983779,0.07813308,0.008921989
1.2725753,0.0004101504,4.3858542,0.13290326,7.2829285,1.6017663,35.16715,6.0322167e-05,14.566174,3.0828593,4.023487,92.52458,1.3332019,0.02820949,0.0021090826,0.14097963,2.2083764,0.015979612,0.08972116,0.014423279
1.2048718,0.0002252429,2.73978,0.05330833,8.035972,1.069206,35.28013,4.4054766e-05,10.383954,1.8410827,2.115053,57.49276,0.7140722,0.016749762,0.0010018145,0.13992354,1.0238466,0.010849428,0.08447971,0.010485588
1.4125084,0.00015654939,2.0915759,0.05539113,9.8543415,0.99245477,40.10433,3.8433882e-05,20.981865,1.3434457,1.1924404,55.35163,0.52565163,0.014525832,0.0005108741,0.10672055,0.8247332,0.012057941,0.123145476,0.010380922
1.2294585,0.00025276715,2.4655902,0.102585495,6.305002,0.9846036,26.139921,4.577418e-05,14.364338,1.7883668,1.2601124,49.61982,0.8105566,0.019523554,0.0014142125,0.11995848,1.0928872,0.01313649,0.116218686,0.013579446
1.0842398,0.00026710657,3.9683275,0.06168989,6.63639,1.5062995,24.975208,4.6604375e-05,9.576542,3.2304504,2.385023,71.188126,1.535172,0.016867772,0.0018523544,0.1378823,1.9210736,0.009605198,0.056347515,0.0075421752
1.1251291,0.00021917025,3.4643152,0.06462517,5.80081,1.2695512,22.612787,4.5861427e-05,15.475147,2.683621,2.8368545,65.765305,1.2901925,0.014086803,0.0015573348,0.10963714,1.7718227,0.010133656,0.05517945,0.0083431555
1.4134129,0.00022065587,2.4818344,0.09239202,10.257783,1.0331236,38.48233,4.191337e-05,13.924228,1.432164,4.558647,55.670483,0.5452982,0.017508177,0.00081572676,0.103128135,0.92091674,0.011343156,0.11170547,0.011045766
1.2316214,0.00033440706,4.3089933,0.087835625,8.266592,1.7994602,32.0606,6.382415e-05,15.075716,3.7126596,2.8815215,85.23101,1.7669467,0.016763676,0.0022148858,0.18328421,2.3578634,0.013298122,0.10943581,0.012079697
1.299408,0.00041475895,6.634141,0.120406635,10.586023,2.3443146,47.36002,7.080007e-05,17.60185,5.9008927,2.632142,122.84042,3.3099482,0.022029357,0.0030611185,0.21569982,3.288341,0.018029166,0.15533301,0.019477878
1.3199921,0.00028085307,4.020244,0.10488101,8.09758,1.3161297,35.60104,6.129982e-05,7.681667,1.9614489,1.8122411,83.16753,1.0568317,0.028883928,0.0016963007,0.15697086,1.6003966,0.016517775,0.115193605,0.01590997
1.5462066,0.00027523984,3.6489356,0.0892863,9.674588,1.4144598,46.98739,5.0823517e-05,13.033231,3.0539184,4.791875,76.47574,1.4695579,0.019345637,0.0019973428,0.16659701,1.8333827,0.013149658,0.12509693,0.013463716
1.3561274,0.00033542156,5.3991804,0.12331999,8.852597,2.3961966,44.36579,6.784778e-05,15.75665,4.8275404,4.4956737,106.33253,2.8270023,0.022384817,0.00288245,0.16990337,2.6848767,0.016510194,0.12045212,0.01582971
1.3881792,0.0002318149,3.8075404,0.0737326,8.201112,1.3956316,36.872364,5.1685296e-05,11.599367,3.0014138,3.247187,71.6268,1.4173303,0.01557791,0.0017475297,0.16365209,1.7546755,0.01402627,0.09006454,0.013562383
1.3730618,0.00033062792,4.2852807,0.10738705,7.907595,1.6227279,37.927208,5.7794525e-05,18.89291,3.3675804,0.8949029,82.03119,1.1985817,0.026336292,0.0019482278,0.16824552,2.1218026,0.015895477,0.11666656,0.013322337
1.4476954,0.00025446955,4.173429,0.08247781,9.356028,1.4634217,48.560078,5.2146304e-05,11.767913,2.9500911,3.0587528,82.01276,1.4839612,0.01691019,0.0013118639,0.19127548,1.8925319,0.014541989,0.09326995,0.011703104
1.3779333,0.00022576688,3.3031518,0.08382755,9.496762,1.5048304,35.992,5.6913774e-05,15.53057,2.9083428,2.9341,64.541725,1.3330578,0.023063751,0.0016235342,0.19881067,1.5599726,0.016235763,0.09688037,0.01496548
1.1057104,0.00024608464,3.6853273,0.07849557,7.164547,1.5117764,28.226986,4.6547255e-05,10.967409,2.931031,2.305642,69.73201,1.2356688,0.01810522,0.0018199934,0.12588722,1.4873246,0.009504699,0.06767396,0.00905609
1.1812764,0.00035004225,4.794195,0.10569158,8.13457,1.7083801,28.966934,6.5532586e-05,18.414623,3.1553004,2.9776661,90.323135,1.8358583,0.023473866,0.0026703554,0.14195168,2.9573808,0.011565661,0.07484726,0.009610472
1.3299316,0.00020803648,2.4225187,0.04764279,7.121967,0.85544735,27.808706,3.7513106e-05,11.492135,1.3298753,1.3782872,45.801807,0.5533654,0.015538222,0.0010852506,0.09542358,0.9903661,0.01170478,0.082026094,0.0104955835
1.2170599,0.00020671666,3.8502126,0.06854281,6.9275093,0.9893991,34.066868,4.270747e-05,7.4849033,2.894823,2.958644,70.51393,1.9750208,0.014676413,0.0026310214,0.15579966,1.7549416,0.010834292,0.06003829,0.012192982
1.1912829,0.0001654201,3.6643085,0.052455764,6.008737,0.8396125,30.388699,3.671211e-05,8.298072,2.2314653,2.985577,68.92204,1.356344,0.01638994,0.0022967919,0.11356547,1.721612,0.0072234035,0.051120248,0.008599638
1.2250336,0.00029306574,4.3674173,0.09988993,8.90192,1.3638787,46.846275,5.209496e-05,9.115055,4.288747,3.09336,80.113594,3.368231,0.019532213,0.003193218,0.19495982,2.2242794,0.0102911685,0.0536487,0.011526073
1.1885679,0.0005858097,15.939798,0.18283308,10.748058,4.7721443,42.97658,0.0001044649,31.287216,14.376331,2.6760263,290.52753,7.918859,0.031160992,0.006623848,0.28086463,7.2066464,0.025413988,0.15014583,0.023608033
1.2265713,0.0002603121,4.4879236,0.08077212,7.921975,1.467146,40.93016,4.4630393e-05,9.912791,3.5906274,3.1322262,85.90891,2.5232291,0.01749077,0.0027652425,0.16045652,1.9330512,0.011325262,0.07275402,0.012119719
1.2052197,0.00057193136,15.613144,0.1771683,11.142513,4.7109485,43.565548,0.00010803489,33.426895,13.165696,2.918025,281.77942,6.841289,0.029910896,0.006032054,0.29371843,6.850494,0.02625893,0.14930299,0.02325536
1.3056089,0.00044742736,5.6356845,0.14439037,7.349954,1.028399,38.820206,4.4713e-05,12.287282,2.0683274,2.5813487,106.2154,1.1159408,0.031031115,0.001663446,0.17333488,2.2180083,0.01368244,0.07462856,0.012552203
1.2678732,0.0002476102,4.6374235,0.064435974,8.408993,1.317602,44.99668,5.9754806e-05,8.948175,3.144873,3.248719,83.02682,1.5586793,0.020148639,0.0030528728,0.19713348,2.3377717,0.012957096,0.065137774,0.01251245
1.2931284,0.00043903588,5.4839664,0.024415514,10.286847,2.4008517,56.586536,8.348224e-05,9.058785,5.066834,3.308329,101.70427,2.538596,0.016537566,0.0021267696,0.25804037,2.3465204,0.008702583,0.115135886,0.010804005
1.3038932,0.00039893214,4.972832,0.03954134,10.245057,2.042842,57.27893,7.893185e-05,9.978863,4.2542167,3.1936607,91.891106,2.1179833,0.016021913,0.0018950793,0.24717057,2.063506,0.010612265,0.10754396,0.011167975
1.316099,0.00028494047,4.159956,0.11008794,9.810677,0.9722857,53.351307,6.9144044e-05,7.9576583,2.465961,2.7895093,79.14515,1.4467422,0.0305275,0.0036732585,0.23048984,2.5753891,0.009435283,0.040337007,0.012538765
1.2454199,0.00036177656,4.387205,0.14586139,8.051723,1.8927093,42.528675,7.074181e-05,11.060086,4.52793,3.0911176,86.43769,2.4034147,0.024274861,0.0031568026,0.20737052,2.4581487,0.005080457,0.069149554,0.007908302
1.2736813,0.00032011254,5.074933,0.021265456,9.642694,1.7246557,50.05946,6.40345e-05,9.200598,3.7831795,3.2187788,96.75589,2.2320497,0.017548697,0.002926235,0.2108489,2.2600126,0.010356711,0.075054094,0.011695074
1.2584034,0.0003855787,3.9245625,0.10006355,9.238207,1.4738516,50.67096,6.105729e-05,11.626484,3.1608953,2.9695573,76.39273,1.691265,0.018251136,0.0020535113,0.17644696,1.8261847,0.004622634,0.07118632,0.006699151
1.306571,0.00027597998,6.006081,0.013280033,9.828243,2.0207589,53.171448,6.7061614e-05,10.265374,4.3632274,3.2551415,113.663635,2.5836203,0.01788615,0.0032473374,0.22887617,2.7984626,0.01223753,0.078436196,0.0118948035
1.2499006,0.0003745678,4.5993037,0.059871957,8.79226,1.852088,48.623474,7.1624316e-05,9.437087,3.759435,3.3687403,85.92809,2.1287715,0.011812687,0.001883786,0.2260811,1.7607713,0.012312782,0.09399701,0.011933489
1.3001655,0.00036291423,4.4378057,0.042190176,9.07514,1.3103712,47.44838,7.833222e-05,9.420774,2.3269315,2.7132804,85.14694,0.9875244,0.021896368,0.002393212,0.2303713,2.281393,0.00834841,0.06175038,0.010010661
1.3384075,0.00030442493,5.1700296,0.028841928,10.817559,1.8599519,56.311188,6.49354e-05,10.145228,4.1897187,3.2052274,100.574455,2.5001984,0.018036084,0.0034948478,0.22985405,2.3296251,0.011406954,0.07897829,0.013477256
1.270789,0.0003514997,3.8123987,0.088136315,10.022694,1.48691,56.177654,6.941226e-05,10.382791,3.044427,2.8836272,76.87429,1.5913998,0.020843208,0.0020059969,0.20478554,1.6790934,0.009642666,0.085454114,0.010319
1.3597684,0.00030735237,3.7852721,0.12819414,9.775907,0.85536027,53.019028,5.8086334e-05,12.890503,1.6592724,2.9411097,72.70518,0.6934128,0.02312899,0.0014413778,0.1756869,1.7328142,0.0064089685,0.053891607,0.010447224
1.3315461,0.00042139686,4.808874,0.043106873,10.945344,1.7869502,59.76248,7.806808e-05,10.866293,4.1734905,3.3059375,92.63521,2.0889719,0.016867058,0.0020904732,0.24454477,2.0030944,0.01067554,0.0946049,0.011310216
1.2535832,0.00035890072,5.002731,0.046504673,9.523038,1.9936957,52.38732,7.173652e-05,9.971395,3.830344,3.0450032,94.27146,2.0976653,0.018883776,0.0023343533,0.21239197,2.208938,0.010233976,0.07420408,0.010103879
1.3875289,0.0003589242,4.1647277,0.09093358,10.932278,1.3640289,59.077366,7.756943e-05,10.987461,2.7870684,2.8074343,77.6347,1.1448189,0.022204112,0.0017137098,0.24431837,2.005916,0.011628286,0.08778821,0.0111301625
1.2945142,0.00036751042,4.7126923,0.08754069,10.661727,1.8934993,60.522636,7.536332e-05,9.69873,4.695121,3.3038669,91.89161,2.1281235,0.020583378,0.0029977174,0.23979527,2.093923,0.009427765,0.09486174,0.010399504
1.2578026,0.00043632012,7.224912,0.06967831,10.144941,2.1670322,50.838867,8.1173894e-05,13.440539,5.0480347,2.938135,138.66928,3.662326,0.024089806,0.0041158996,0.21368681,3.6755009,0.008717732,0.08769533,0.009794562
1.2078924,0.000459277,14.917569,0.09788575,15.572,5.750628,43.421715,0.000103480816,38.224606,15.616148,3.0442984,268.14865,7.338913,0.020759773,0.004140824,0.3069164,6.5637712,0.017494978,0.14165802,0.012873159
1.25102,0.00066331244,13.22197,0.14263228,14.511935,5.6046796,48.45251,9.624039e-05,36.010708,12.937804,2.9759784,232.81616,6.4547653,0.03811091,0.005056578,0.28641295,6.0527406,0.01575386,0.1281178,0.009060106
1.2896833,0.00036900403,5.8186517,0.09752598,8.320458,1.7230686,45.490833,6.6710294e-05,11.585167,3.5856423,2.3793666,116.26157,2.0674124,0.027356897,0.0027868287,0.20377606,2.5921476,0.0134518705,0.087445624,0.013150164
1.2331798,0.0005000207,9.724384,0.10363875,10.832509,4.0540414,55.68793,9.497935e-05,14.15343,9.824056,3.6461315,179.28795,5.7261534,0.027081773,0.0052612596,0.26287708,4.3815618,0.012759041,0.10459488,0.013285428
1.2425525,0.00053467555,7.275732,0.15385382,8.975935,2.045561,43.610374,9.2241025e-05,15.144783,4.982791,2.601227,138.69061,3.5488713,0.034316767,0.0035960693,0.23738198,2.4424598,0.017280463,0.13820544,0.018743303
1.2768991,0.000558367,13.6811695,0.14031443,14.54359,4.7244706,51.505836,0.00010409698,28.408466,12.236107,2.9569068,236.8827,6.6548214,0.035423126,0.0062336433,0.34226775,5.670172,0.016943388,0.13269213,0.017336281
1.3087026,0.0005683544,9.758331,0.05561487,13.048346,4.2589474,69.337875,0.00011713775,14.288621,9.265021,3.3156037,185.13042,5.0251803,0.03099598,0.004859917,0.32788858,4.4162626,0.010198429,0.15064542,0.014246577
1.2502211,0.00051214924,8.66178,0.053585205,10.891935,3.3743842,55.78638,9.594582e-05,12.818224,8.201574,3.3942304,152.50064,5.038216,0.024073746,0.005370834,0.26413313,4.4509225,0.005063052,0.095458485,0.011356621
1.2786617,0.0004887818,8.4924135,0.04574136,10.064889,3.460537,52.73228,9.6495365e-05,14.570763,6.440501,2.9157853,160.89058,4.488501,0.031681314,0.0043413746,0.2593924,3.5043602,0.009104161,0.12042621,0.0130408555
1.4103038,0.0006222767,12.011572,0.12765294,15.290692,5.1813354,64.89903,0.00011358338,20.736258,10.8298645,3.4154766,237.38292,5.463311,0.03157367,0.0051233345,0.34841958,4.6290026,0.019624412,0.14745583,0.02147322
1.25798,0.00036629714,5.6755605,0.05061816,8.778335,2.1121953,48.002834,6.944272e-05,9.172512,4.32799,3.0677295,100.0604,2.5309684,0.023879832,0.0038035405,0.19550145,2.9692705,0.006534278,0.058744125,0.009486136
1.1929601,0.0003989271,7.718667,0.08995486,8.298835,2.6487508,36.234985,7.325184e-05,9.407213,7.1107883,2.798071,135.12952,4.395473,0.023687206,0.0066582677,0.18826616,3.945198,0.005885302,0.06377379,0.008988147
1.2546072,0.00042620985,6.1174316,0.09537742,9.243083,1.9006208,45.694973,6.167004e-05,7.0159206,4.570183,3.0616667,114.24868,2.6968582,0.024928892,0.0052202223,0.19056357,2.813204,0.007967624,0.058668815,0.012400118
1.1533691,0.00029442259,6.873597,0.090895906,7.0711617,2.8142037,29.568846,6.781795e-05,11.829794,5.7140846,2.447657,128.42015,2.8051035,0.021503769,0.003215014,0.16393125,2.8040943,0.010486775,0.09851487,0.012057884
1.3031507,0.0005236249,7.2841034,0.1538708,12.029055,2.756572,47.892178,8.82404e-05,21.798073,5.4346147,2.740726,147.96158,2.9642096,0.036180433,0.0032181942,0.21778458,3.0179417,0.017773043,0.1309272,0.015791668
1.2024957,0.00036723088,6.8010297,0.10625443,9.478557,1.8782035,43.91346,7.119814e-05,11.862436,6.378452,3.1020563,127.73606,4.9834266,0.023182688,0.0054298327,0.23708342,4.1989217,0.0072512887,0.074102126,0.010811985
1.1778888,0.0004651918,14.841929,0.10728263,10.928607,4.5620694,37.04253,8.585379e-05,28.111826,10.843253,2.7688606,260.38373,5.769672,0.024007699,0.004873781,0.27686116,6.4031634,0.021417925,0.11305944,0.017118422
1.1946688,0.00051718426,6.446857,0.2544392,6.9777656,2.1071224,28.726398,8.186363e-05,16.283085,3.5192816,2.7771387,132.53326,2.95913,0.048589677,0.0021246455,0.19722761,1.5442679,0.020923248,0.18170784,0.027636804
1.2330781,0.00034197854,4.956041,0.17002735,7.0772376,1.4386029,31.528984,6.295919e-05,12.341161,2.291517,2.6201863,96.321434,1.7952385,0.040044405,0.001787055,0.17637908,1.7673699,0.019162972,0.12943509,0.020397881
1.1944575,0.0006916527,8.172696,0.3070588,8.130837,2.8368375,34.23739,0.00010332772,19.851227,6.0733256,2.9604123,157.65488,3.5460424,0.04459985,0.0030234559,0.2383378,2.6440709,0.023724442,0.17793721,0.025247632
1.2555003,0.0005165023,5.893094,0.17241468,8.191479,1.5803665,40.598713,8.688754e-05,11.887656,2.6177022,2.6950915,110.96148,2.7327452,0.03505747,0.0041027577,0.25611135,2.5520356,0.015561792,0.14449787,0.020495733
1.2597272,0.00046394565,5.588205,0.21107453,7.1972675,1.4657446,32.630287,8.60245e-05,12.656803,1.8917831,2.8379278,110.58554,2.6191618,0.057183392,0.0039362633,0.25060037,2.00599,0.01754155,0.16951723,0.027022624
1.2355133,0.00036272823,4.3017983,0.08524988,6.691459,1.410778,34.22519,6.1184124e-05,8.352253,3.0199323,3.224422,84.7897,1.6755288,0.022417052,0.0017202209,0.16192627,2.166665,0.0062086573,0.042306982,0.0050045275
1.2116339,0.00053927145,10.094033,0.06693714,8.686778,3.108508,33.98024,9.531625e-05,21.515036,6.447401,2.9036474,193.20891,3.610457,0.025368348,0.004156066,0.27772397,4.9515295,0.013523064,0.10141524,0.00928314
1.2362139,0.00036799765,4.6438603,0.094334915,7.5572996,1.6177559,37.89675,7.23218e-05,8.691656,3.9198563,2.403728,96.30729,2.1236145,0.015732903,0.0026892982,0.19839916,2.4173388,0.008278869,0.045790788,0.007165179
1.277501,0.00048041219,9.070847,0.076755196,10.106244,2.4240978,32.748238,8.861577e-05,19.484781,5.013811,2.8061051,163.33386,2.776917,0.026966907,0.0034839879,0.28471306,3.9725728,0.010299123,0.08980261,0.007050353
1.2181481,0.00039408068,14.712232,0.14235464,13.965647,5.4108396,39.133785,0.00011472315,32.740646,13.782527,2.902414,269.66397,8.351289,0.020735519,0.007440042,0.37369335,7.5196385,0.022656899,0.108447805,0.024428125
1.2478364,0.00036361584,3.1934674,0.120402336,7.801584,1.5077652,44.38688,5.2501888e-05,9.32673,2.2667644,2.771172,66.99555,0.7405347,0.029362386,0.00087832444,0.16247313,1.126862,0.009596274,0.07402973,0.007931636
1.234891,0.00041322314,4.668566,0.09836428,7.0464764,1.4420834,36.045296,6.446175e-05,9.329825,3.3238928,2.5315588,87.81622,1.8996272,0.024267502,0.0016930206,0.18769826,2.313643,0.0063615795,0.032801397,0.0060050716
1.2714747,0.0004319681,4.6331844,0.06543479,9.1957035,1.8114679,50.470345,8.0310114e-05,8.63456,3.903846,2.8914773,91.35512,2.327308,0.012582737,0.0021121886,0.26064038,2.0283825,0.009654555,0.08084451,0.009694599
1.2321906,0.00050939264,10.748209,0.14133531,14.246066,3.9692383,49.061577,0.00010925166,25.011106,8.415603,2.4939642,215.38101,4.9101033,0.027598253,0.004123342,0.382911,4.6990633,0.019387905,0.13082506,0.020587256
1.2417381,0.000586891,16.711876,0.16639383,15.435822,6.5007744,41.01366,0.0001551934,35.9982,14.190958,3.0311537,301.62122,8.152093,0.028975496,0.0065271882,0.46214992,8.623609,0.025765616,0.13097,0.023605747
1.2507143,0.0004937778,12.842096,0.13534148,13.710008,5.2044125,54.738754,9.4680334e-05,33.346817,13.246618,2.725713,235.716,6.7862706,0.023891747,0.004715772,0.33982995,4.600082,0.033035364,0.1834671,0.028082432
1.2780641,0.00042272685,4.5310082,0.038144395,8.95711,1.7288421,52.232742,7.5205826e-05,8.292941,3.7891674,3.0518816,82.843185,2.2329755,0.014955885,0.001884331,0.24713416,1.9348677,0.011112986,0.08481685,0.010213531
1.2045869,0.00025681668,3.1765141,0.036218047,7.970632,1.0036678,42.20045,4.3693104e-05,7.588108,2.0264006,2.633257,62.082073,0.9033534,0.013939988,0.0012944158,0.14512035,1.4031202,0.0044146045,0.03700777,0.005685993
1.2830911,0.00029971387,4.321101,0.06969585,7.5300465,1.2554363,34.127792,6.2807376e-05,11.060257,2.2788718,2.4870753,87.778366,1.082718,0.018648474,0.001512744,0.18376055,1.6981585,0.010299346,0.076489836,0.007693264
1.2323812,0.00028840074,3.0514538,0.11226542,7.3680305,1.2524576,39.16968,4.6857982e-05,7.5510006,2.3827138,3.3356476,62.43241,0.9064119,0.022424104,0.0013862997,0.12743895,1.3053371,0.006982466,0.058228694,0.0056470525
1.243938,0.00037219294,4.8422356,0.035636302,7.3773637,1.799537,36.891033,7.216688e-05,9.299293,3.530197,3.0560565,91.757706,1.9130534,0.01994586,0.0018110276,0.22125311,2.138821,0.008443711,0.072337195,0.0074027264
1.2872299,0.0003743317,4.6033373,0.05905186,9.476778,1.3666143,51.97738,7.5542855e-05,8.162387,3.3110626,3.1555905,85.53664,2.06799,0.01341904,0.0016942961,0.2570047,2.240019,0.013608922,0.070138626,0.011483845
1.2482468,0.00047325724,4.223215,0.12314286,7.473445,1.2859969,33.707466,7.047669e-05,10.134823,2.8741133,2.8237836,86.94133,1.246344,0.023422236,0.0016856333,0.16638118,1.8519359,0.007844923,0.082481176,0.0040284465
1.2484125,0.0002990655,3.837022,0.053873245,6.2081337,1.4293227,29.414146,5.642255e-05,7.490336,2.273789,2.57815,73.05097,1.0346732,0.020187082,0.0017233888,0.1528022,1.9851764,0.005857714,0.04565577,0.00571197
1.2788359,0.00026898005,3.9946182,0.036999814,7.302551,1.2169942,37.462597,5.2184525e-05,8.068428,2.5323234,2.9526823,75.859764,1.1968759,0.014559046,0.00174398,0.16096686,1.9903105,0.006798468,0.049718566,0.007480771
1.2684199,0.00031340908,3.6396298,0.047959507,9.006232,1.1393644,50.628593,5.75997e-05,9.39778,2.4552288,3.2405736,67.51559,1.1883353,0.0178193,0.0012082839,0.17594656,1.871026,0.008463956,0.048106786,0.006698932
1.2351992,0.00039467713,3.4003901,0.16580424,7.562598,1.6299078,38.625244,5.88492e-05,8.226569,2.9098125,3.085564,73.90815,1.1617067,0.029414594,0.0016430486,0.16931544,1.0328916,0.010495638,0.07935978,0.009997463
1.2524567,0.00043081658,4.348362,0.09772409,7.60759,1.6187178,40.629147,6.556009e-05,9.341717,3.2071674,2.9204433,84.455925,1.631417,0.027100828,0.0017245462,0.18098252,2.152333,0.0063227895,0.05428714,0.0050263144
1.2030038,0.0006719407,15.007343,0.23231551,9.427686,4.711644,42.14278,0.000120849014,29.08699,10.6320095,2.8093467,298.31116,5.600032,0.04226897,0.004297868,0.31148592,6.2318945,0.025764406,0.14880566,0.023683572
1.1921985,0.00013564454,3.2910624,0.05420028,7.1238875,1.8234133,33.522305,3.87499e-05,10.537887,3.018994,2.5194232,69.598236,1.2084111,0.017822538,0.0006441237,0.11825835,1.0365237,0.0106655415,0.11986984,0.009514693
1.1090374,2.3706096e-05,4.286557,0.07719922,5.970755,2.3972373,28.25006,3.0149737e-05,11.2214985,5.2729406,2.9447906,89.33736,1.9877021,0.020769032,0.00038268615,0.093411125,1.0954095,0.010066723,0.1187364,0.011021613
1.3291126,0.0005032279,4.4082108,0.14317083,8.789738,1.1018155,45.50841,6.779966e-05,12.883414,2.0594847,2.44139,87.91723,1.258376,0.030434052,0.0007115931,0.22593111,1.7521905,0.015067495,0.121885896,0.012989922
1.1885319,0.000115635696,3.137458,0.003306045,6.3906364,1.9034096,26.177399,3.5353238e-05,6.683896,3.2438715,3.7721741,65.22147,1.0374421,0.006748215,0.0009869285,0.11231074,0.76293296,0.007381283,0.11687166,0.007541771
1.1470878,0.0001714822,3.3512537,0.025422018,6.228726,2.2772577,29.930305,2.8096769e-05,10.590071,4.10999,3.374398,72.82338,1.3682663,0.0075446097,0.00080455013,0.076308236,0.73956203,0.0020659117,0.09730446,0.001462873
1.3154436,0.00041081093,5.3991404,0.05558732,8.421513,2.1865575,43.175606,7.8685174e-05,9.072568,4.553668,2.7975698,105.30345,2.5902882,0.013831578,0.0014456451,0.20681542,2.644931,0.0065265927,0.079576544,0.0057667037
1.0537056,0.0001301097,3.2829792,0.03740952,5.2580247,2.3013763,20.32642,2.785647e-05,10.316517,3.9124508,3.0692868,71.689445,1.190292,0.0043942058,0.00041707262,0.06860698,0.7731315,0.0045446805,0.090927854,0.0034271881
1.2478553,0.00037665106,4.3218126,0.12724334,7.9576488,1.139867,40.260544,6.160734e-05,11.48791,2.3027978,2.6125653,83.42677,1.2490461,0.023152811,0.0018902221,0.20139553,2.195998,0.011612763,0.096515276,0.0108171785
1.1943332,0.00020190995,3.2110245,0.064092495,6.2424026,1.2692785,27.136148,3.9683095e-05,11.352367,2.0409305,3.0460622,68.058,0.8385083,0.014337062,0.0006086121,0.11684032,1.1469506,0.0085079875,0.09709813,0.00781145
1.1128236,0.00011341947,3.0566435,0.016975462,6.647926,2.4003882,30.386608,2.2813098e-05,10.656556,4.205703,3.3324523,67.99241,1.3549292,0.0069800667,0.0007813212,0.06472776,0.6502857,0.003783229,0.0893009,0.002740423
1.2427204,0.0003088398,4.0630836,0.09781489,7.1465464,1.5060846,34.416115,4.722095e-05,12.993688,2.9512494,2.7850163,82.9715,1.1233528,0.023448126,0.0014747175,0.116622195,1.608492,0.0051430534,0.076084465,0.0046791285
1.1146297,0.00021163042,3.5173068,0.008161545,6.5639305,2.286166,29.735033,4.116306e-05,6.2343283,3.67718,3.0755563,75.615074,1.229107,0.009446614,0.0012121199,0.119133994,0.7274675,0.008779885,0.12908317,0.0070447144
1.1125404,0.00014866312,3.303259,0.028112553,7.0260005,1.8835673,33.25361,2.7111982e-05,12.69551,3.8230495,3.2151816,67.71311,1.3672128,0.009483776,0.0005116521,0.0846125,0.82727635,0.008193396,0.10044658,0.006691888
1.2080134,0.00030995006,4.0102906,0.09609077,8.983614,1.5740849,46.16025,5.9132646e-05,10.785386,3.443393,2.8590066,75.929634,1.6601944,0.018860236,0.001817429,0.21323767,1.704447,0.015228193,0.07345994,0.012810175
1.2436699,0.00032293083,4.202309,0.10556488,7.277383,1.1100725,34.757805,5.4334287e-05,12.161957,1.8712701,2.1421492,82.37263,1.2929691,0.024156034,0.0012049738,0.168944,1.8600886,0.010376431,0.08122436,0.009315194
1.2084985,0.0004289033,5.3750796,0.05463439,7.764335,1.8362517,39.65417,7.193844e-05,9.057469,4.24057,2.5149884,98.73696,2.5814166,0.019881334,0.00226303,0.18616752,2.6266952,0.00632913,0.05813012,0.0064302045
1.2566336,0.0002608569,3.686587,0.070672855,7.422513,1.018782,36.891895,4.3377535e-05,11.439824,2.1929612,2.6342652,75.619,1.0116991,0.019534199,0.0012664328,0.13055637,1.8537067,0.007899115,0.056026764,0.0064593065
1.1975664,0.000101578,2.7361383,0.0079695685,7.9414043,1.9396329,39.352642,2.577713e-05,11.199075,3.4077404,3.455728,59.792824,1.0293937,0.005182128,0.00068463804,0.092447855,0.45577598,0.005024353,0.10858377,0.0059623756
1.2773262,0.0003627521,3.3833733,0.079579875,8.669527,1.0718515,43.57586,4.3387474e-05,13.020207,2.0815277,3.1195917,66.1143,0.802795,0.01583007,0.0015585201,0.18713163,0.8582328,0.012626205,0.06852942,0.009339289
1.3283123,0.00032489322,4.81653,0.10113865,8.967262,1.4650046,41.401928,5.9102807e-05,19.918089,2.3245804,2.8576758,95.176414,0.6949328,0.021232314,0.0007917467,0.13958202,1.9088697,0.00823495,0.11519602,0.0059107593
1.2170272,0.00014509153,2.9800727,0.018379131,7.3281093,1.8516713,33.668938,3.073071e-05,11.970637,3.3817291,2.8539152,63.58922,1.1671958,0.009541641,0.00097527704,0.102837816,0.69529605,0.008328932,0.1199372,0.0067057684
1.3082837,0.00020543477,3.6333878,0.04460318,10.030589,2.082907,47.40539,4.3378204e-05,17.134361,3.245953,2.457755,73.855934,0.8608532,0.013854993,0.0011642602,0.10443309,0.93387425,0.006290067,0.13049164,0.006701924
1.3398186,9.475623e-05,2.6131954,0.026274234,8.937397,1.5873632,44.220875,2.5623056e-05,10.218421,2.6731408,4.2681417,52.663635,0.92159414,0.0073570865,0.00047820053,0.09676609,0.669228,0.00885494,0.11077096,0.009058992
1.1611831,0.00011831892,3.2327273,0.0029505014,6.347667,2.0362864,26.545805,3.5598903e-05,6.8833385,3.5750678,3.785744,67.97582,1.116358,0.005865697,0.0009402259,0.112878114,0.7024519,0.0070488453,0.11925474,0.0069560413
1.088819,0.0002055155,3.7968936,0.026465733,6.9005537,2.12535,31.609375,3.9773924e-05,14.586167,3.9981592,3.021305,79.793015,1.354493,0.010593752,0.0012305521,0.12477685,1.0511326,0.009282586,0.1188029,0.007762084
1.320118,0.00017168553,3.7558622,0.03501134,8.244361,2.4496963,38.188484,5.211647e-05,13.262299,3.7836761,3.1770422,72.17993,1.2797855,0.012988428,0.0009855299,0.17680477,1.0080899,0.010560851,0.15704393,0.010916402
1.220787,0.00029939078,3.9125607,0.095206246,7.0555725,2.0672028,33.582134,5.3621286e-05,15.268011,2.8754702,3.1916456,81.194916,0.79472804,0.021775844,0.0010253865,0.11351208,1.0963624,0.011257226,0.14606498,0.007871491
1.2167257,0.00035197363,4.560556,0.08535423,6.9007115,2.4656706,29.287008,5.3020238e-05,12.748722,3.8111672,3.2476583,95.74665,1.0552896,0.017823897,0.0010655333,0.13354343,1.2236878,0.009635629,0.13722189,0.0063952613
1.1182461,0.00018377464,3.2626624,0.044511296,6.4548,1.9394006,32.11167,4.0965686e-05,11.234797,3.1046987,3.1755023,68.99554,0.996053,0.013909001,0.00084354036,0.11258431,0.8067784,0.008428314,0.11600765,0.0076223155
1.2383926,0.00019717506,3.3265963,0.08815313,6.949399,1.6314173,33.08757,4.426297e-05,13.090806,2.3991458,3.2212925,68.91815,0.8486068,0.023394281,0.0010515399,0.087594554,1.2708958,0.010206875,0.11284731,0.0077589448
1.2818965,0.00015593978,3.23105,0.039677158,7.4063435,1.4559842,34.710915,3.9623177e-05,11.779462,2.6376996,3.1679716,67.842804,1.0745858,0.01552976,0.0007353735,0.12942414,1.2912817,0.010989273,0.10933662,0.009267745
1.0882596,0.00014821146,3.19394,0.02470178,6.8566117,2.2802792,30.66348,2.9663446e-05,12.180905,3.7809124,3.1236682,69.92757,1.0777798,0.011656491,0.00088423555,0.09239832,0.64145887,0.005956424,0.11567545,0.0049613253
1.2283934,0.00016731354,3.1770651,0.064905405,6.600919,1.5331637,32.52554,3.9896466e-05,13.145142,2.6042292,3.0478876,65.474724,0.9957114,0.017265337,0.0007847917,0.098093525,1.1357354,0.009649848,0.103469945,0.0074230656
1.2212265,0.00018116053,3.09881,0.047637362,7.0168595,1.1554903,33.2572,4.0379495e-05,10.268246,1.8019421,2.864531,63.60846,0.7012333,0.016135952,0.0009024576,0.111497134,1.0579079,0.009490998,0.09002214,0.00718634
1.1883506,0.00039901302,11.399787,0.09362461,11.409666,3.676921,30.654821,9.041322e-05,25.55981,9.262699,2.6560156,204.05159,4.639776,0.02715083,0.00341676,0.25750908,5.5248947,0.015344123,0.08482745,0.012062249
1.2021508,0.00039246728,5.867532,0.06651543,8.862176,1.9358689,36.77801,6.730829e-05,17.442148,4.2999287,3.41779,111.31183,1.998124,0.018456189,0.0018529545,0.22985171,2.6111236,0.016543414,0.0959568,0.010773681
1.3480759,0.00033146315,4.94276,0.06748299,12.108384,1.5903686,72.28019,8.6195534e-05,12.249659,3.6871805,3.2741148,90.77832,2.088006,0.015254819,0.0022893765,0.29604357,2.4357066,0.015852934,0.09563417,0.014671938
1.3056202,0.00034537417,5.134366,0.04506054,10.186864,1.8534579,55.192257,7.7391196e-05,12.436017,3.7543292,3.2086987,95.76042,1.7441998,0.02164463,0.0020400854,0.22858375,2.5533152,0.010547482,0.050383374,0.012182084
1.3265188,0.000470124,5.0888,0.10534961,11.899163,2.1278331,67.77243,8.777663e-05,13.282055,4.213231,3.012563,98.754776,1.8993865,0.028062522,0.0033963022,0.2127735,2.158986,0.007774071,0.078505054,0.010273201
1.3164976,0.00037256774,5.118452,0.06499898,10.737525,1.9170674,63.39019,8.5623295e-05,11.514134,4.1877966,3.4683416,94.917564,2.3448553,0.013826762,0.002309638,0.2570498,2.098772,0.012685667,0.086445406,0.013917666
1.3724558,0.00024597766,3.246652,0.04821828,11.416788,1.0869535,64.45669,6.278978e-05,11.315106,2.1331747,3.2531018,62.149784,0.9502234,0.008929979,0.0015672223,0.18739168,1.5414157,0.0089179445,0.06979629,0.008892619
1.3474436,0.00023445662,3.348513,0.052014943,11.422445,1.2119943,61.054058,6.610452e-05,11.340763,2.3802602,3.0256445,62.33678,1.0642045,0.0122000165,0.001918554,0.1941131,1.8280396,0.007928877,0.06019405,0.008532195
1.3594869,0.00041323242,4.6422048,0.07608624,11.780966,1.9656969,67.79491,8.567953e-05,13.20927,3.7482011,3.0957541,89.67262,1.75467,0.021416306,0.0026367009,0.2221551,2.0084038,0.009117299,0.08002071,0.010575398
1.290104,0.00028109836,4.6361184,0.06531028,11.7510605,1.2537087,66.63943,8.040857e-05,12.110938,3.292767,3.0203116,86.42538,1.5866365,0.021379767,0.0022114438,0.28011566,2.3707747,0.015319994,0.0884816,0.015701078
1.3067546,0.00038479973,4.3869724,0.05622232,11.365108,1.799498,62.521065,7.809646e-05,9.153219,3.9509783,2.983025,80.7716,1.8651114,0.01655865,0.0014907949,0.24897094,1.8620877,0.010876524,0.09830159,0.01099878
1.1949012,0.00049922866,15.539013,0.10533601,8.961002,7.3100457,43.304478,0.00011603422,34.132175,17.826103,2.8603551,301.53415,8.6202,0.025182597,0.0060448833,0.3024927,7.1015167,0.023479601,0.15542631,0.017851064
1.2285367,0.00040389027,6.251655,0.10179389,8.421293,1.6443177,35.71223,6.451474e-05,14.141168,3.7074485,3.2851,117.477356,1.8477337,0.03046946,0.0020323927,0.17992653,3.4336617,0.009105788,0.0744096,0.0067230347
1.2014755,0.0003361106,6.0503745,0.044450726,8.95799,2.4090912,45.07437,7.6296434e-05,9.995129,4.546358,2.9244633,117.401535,2.2817147,0.02782278,0.0034117606,0.21089718,2.5792367,0.008175,0.06424909,0.008492041
1.1989545,0.00050944585,15.104163,0.10752012,11.064619,6.5655947,47.29073,0.00011498642,33.27173,14.367748,2.4927948,296.9094,6.603194,0.027758425,0.003999629,0.28723264,6.183833,0.01957483,0.16442445,0.014723629
1.2568573,0.00031392506,4.87044,0.050393783,7.446618,1.4182588,36.97365,5.2817893e-05,10.530482,2.7121046,2.6488013,95.13074,1.5871891,0.023534017,0.0020218093,0.16417061,2.5496392,0.007877162,0.06000619,0.007979328
1.2223514,0.0003781952,5.5416965,0.049250495,8.790631,2.3525326,45.66621,7.536864e-05,9.310761,4.4305863,3.1650097,109.01811,2.3346727,0.021660224,0.0025571494,0.228173,2.5504239,0.009487298,0.079573505,0.009290706
1.2696935,0.00028100525,3.9225643,0.059165113,6.7320423,1.5149889,33.967323,4.911956e-05,9.799577,2.578686,2.9706247,78.34791,1.1138948,0.019637067,0.0016971723,0.13674773,1.5640117,0.008740879,0.06710906,0.007552057
1.256314,0.00024307106,4.78806,0.045082163,9.276128,2.290639,49.246613,6.8710586e-05,8.25302,5.0803356,3.2091913,93.90179,2.7509437,0.018889999,0.0025182995,0.20231953,2.3925738,0.0054393783,0.055036336,0.006004487
1.2699678,0.00028343103,4.223579,0.12251146,8.7013,1.7123493,46.571194,6.578527e-05,8.599729,3.5846524,2.9901528,88.55204,1.928926,0.029407337,0.004660862,0.22624856,2.6167972,0.011557335,0.038069237,0.012265193
1.3630313,0.00039700736,4.6643963,0.06458481,10.371437,1.9681792,54.649895,7.7603414e-05,10.564199,4.170516,2.7721868,92.19629,1.9158938,0.018666726,0.0025298896,0.24186471,1.9114051,0.00854916,0.08141837,0.010458189
1.2885128,0.000295295,4.8420815,0.04181519,8.760309,1.6773328,45.47842,6.466373e-05,10.113433,3.6918697,3.0772355,89.65023,1.7690923,0.019659214,0.0027784153,0.1939165,2.384913,0.009692898,0.068609335,0.009999264
1.2733936,0.00036154574,5.279137,0.068563566,9.990151,1.8085232,52.226364,6.722637e-05,10.642407,4.4117594,3.299187,102.18361,2.4152474,0.021607917,0.00304018,0.22853225,2.432477,0.009673481,0.08031681,0.009689054
1.2480499,0.000349468,3.6925876,0.056865048,8.551405,1.3603963,43.879143,5.2879284e-05,11.339881,3.0476534,2.9312034,69.22185,1.8056536,0.019109648,0.0024752435,0.16177148,1.9640564,0.0038194438,0.055259958,0.0052064494
1.2126362,0.00029632187,4.161422,0.09282735,8.482267,1.2665153,39.269405,5.5506556e-05,8.033124,3.3503656,2.770606,79.95454,1.8610762,0.018334357,0.0028936714,0.15665017,1.9547068,0.0062986175,0.055548806,0.007718553
1.3291161,0.00043585445,4.0340095,0.165658,8.353415,1.1525583,42.618786,6.150419e-05,8.913344,2.183137,2.4839652,83.01309,1.1135646,0.029360825,0.0016812482,0.21203044,1.6737477,0.012736,0.089610375,0.012907135
1.2906624,0.00033112906,4.1211734,0.04337697,9.440195,1.569169,47.181293,6.1027164e-05,11.003134,3.381957,3.1334474,83.40178,1.7480159,0.01725108,0.0018320828,0.17779112,1.9315897,0.007992525,0.07693766,0.006569545
1.2799281,0.00026183706,3.836206,0.094186045,9.97161,1.5482216,52.06345,6.6786684e-05,8.359134,2.9934678,2.8822854,81.47287,1.415495,0.023378942,0.0032758936,0.20484209,1.8889036,0.008622578,0.06014172,0.010752629
1.2701532,0.00032170655,4.2215834,0.097267285,9.376479,1.9373465,49.181637,6.7519715e-05,8.049825,3.990515,3.0268562,87.75356,1.7762946,0.026746783,0.0033785657,0.20381555,1.72745,0.007412868,0.06555147,0.00920685
1.3297532,0.0003723604,4.7329626,0.065532036,10.266446,1.7791569,53.51698,7.725986e-05,10.675066,4.045082,3.1014276,88.097374,1.8400413,0.020404361,0.002985508,0.23785427,2.225121,0.0074880593,0.079948,0.008979128
1.3088586,0.00030598807,3.4988544,0.07789665,7.509722,1.0782807,36.281464,5.1523984e-05,11.088092,2.014892,2.8979056,66.504135,0.7687375,0.017551051,0.0011820553,0.14464812,1.5065802,0.0063877325,0.07876009,0.00636137
1.2324903,0.00023830977,2.756239,0.080083355,7.4090858,1.209464,34.363388,4.3617838e-05,9.769302,2.1442935,2.927163,54.479675,1.0119389,0.015983127,0.0011331602,0.1426646,1.0655327,0.011066434,0.07376962,0.00842825
1.1920098,0.00027806417,4.516541,0.055681672,7.0727525,1.9434767,34.77605,5.0165425e-05,9.818887,4.094288,2.9445891,86.686584,2.0658767,0.014812306,0.0013637384,0.17184757,2.099532,0.010424422,0.065563664,0.0074067865
1.2774322,0.00023418832,3.9021235,0.059418637,8.021055,1.6285607,37.415356,4.8630936e-05,10.273046,3.384914,3.3571563,77.406525,1.557564,0.0118615,0.00107141,0.16961335,1.7229486,0.011836375,0.06810825,0.0074949022
1.2320048,0.0005947336,13.786721,0.12618868,15.70742,5.0436416,45.960274,0.00010979883,32.76149,10.732163,2.4961886,243.1813,6.2250795,0.025480524,0.004741857,0.35825697,6.5539336,0.019890802,0.13236228,0.019697767
1.2400979,0.00066038495,14.443215,0.12970492,12.658427,4.8933015,53.72936,0.000116620555,34.17468,12.817621,2.906262,261.1309,7.606487,0.027155297,0.006269881,0.41548967,7.409258,0.023728164,0.115167476,0.018666808
1.2519895,0.0003333507,4.3550906,0.09217247,8.2271805,1.5669976,37.300083,5.3280455e-05,12.815503,3.1925921,2.749663,80.76268,1.5557587,0.016310874,0.0013616782,0.19162384,2.1572096,0.013571325,0.0765581,0.010636395
1.2818922,0.0003500224,5.9523153,0.058754895,9.325589,2.3511188,48.13835,7.2036615e-05,10.238223,4.6845446,3.3477407,110.25518,2.7504466,0.026926436,0.0031686455,0.2219434,2.6785562,0.014105087,0.060778983,0.012886201
1.2126455,0.00051105826,13.746224,0.12645243,9.810471,5.4852276,46.567062,0.000106500804,32.317463,14.299813,2.8457932,269.1893,7.5577354,0.02463059,0.0054866048,0.3058375,6.0709915,0.026486786,0.15120871,0.019319812
1.2309433,0.00025774783,5.305456,0.023331646,8.729469,1.7445419,42.852467,6.555768e-05,10.516136,3.7889261,3.146345,98.40992,2.2813625,0.016653536,0.002850104,0.18672138,2.7208657,0.009677267,0.073032044,0.009161114
1.1815114,0.00044887664,15.351787,0.107737914,12.747711,6.160733,47.775658,0.00011362099,38.278828,15.978347,2.7377124,285.8498,7.558495,0.027579948,0.0053321393,0.32188147,6.5965195,0.019857442,0.17095405,0.019150851
1.1634579,0.0004935997,11.982421,0.13911042,9.006566,4.168683,44.636074,0.00010107165,26.737831,9.237979,2.8336577,235.46085,4.093522,0.033695295,0.0035890962,0.30606928,4.6023583,0.022836735,0.15525097,0.021554962
1.2724637,0.00026284886,3.3404617,0.06009171,8.957255,1.337007,43.287037,4.689506e-05,11.095715,2.3831067,3.0187988,66.293915,1.02688,0.012137965,0.0010794667,0.17046717,1.4165145,0.009642916,0.0657131,0.0076620122
1.0742502,0.00033484737,5.492488,0.06723706,10.295807,1.8597834,55.956795,6.1729115e-05,21.661942,4.588585,3.3023021,97.82362,2.4980824,0.020170882,0.001980776,0.27912027,2.9489365,0.018196536,0.07472755,0.0120628625
1.0729306,0.00022236923,3.6176612,0.10741933,7.9419947,1.5416117,32.053883,5.947601e-05,11.316648,4.133695,3.146073,76.534004,3.9162338,0.021531425,0.0042571593,0.21438809,2.6121066,0.012762477,0.04996989,0.01252186
1.2050819,0.00034094765,3.8407438,0.08835351,8.831771,1.1468105,39.095707,5.1973897e-05,13.828843,2.74292,3.0400953,77.06105,1.4888209,0.016278598,0.0020882646,0.18088017,1.8839298,0.0112714,0.08037062,0.008018972
1.2604865,0.00027475582,3.302155,0.08669729,8.948623,1.4794755,43.252487,5.605364e-05,8.463058,2.8860173,2.6247928,69.55851,1.1044221,0.019572064,0.0016880147,0.17925368,1.3774327,0.009694958,0.073052794,0.008651866
1.3669103,0.00026697724,3.5685205,0.087061174,8.152909,1.1475418,41.127083,5.779275e-05,9.241822,2.2072403,1.95562,69.05507,1.0405276,0.018992677,0.0010854146,0.1761012,1.6996366,0.010146056,0.063573,0.008468709
1.2020826,0.0001503026,3.0342345,0.03858695,6.43418,1.4467838,29.95235,3.648934e-05,9.633215,2.9041104,3.3596232,61.933434,1.09077,0.010980576,0.0007097869,0.104973644,1.0182736,0.0055673234,0.08683437,0.0053898953
1.3249463,0.0002719377,4.3509684,0.07833709,10.806451,1.475277,56.19125,7.056951e-05,11.760572,2.8800979,2.9621425,86.125595,1.4119039,0.022955606,0.0013704961,0.23984139,2.2355886,0.014719489,0.07590886,0.013383768
1.1940396,0.0003380056,5.1097274,0.095421925,7.829605,1.450196,36.684994,5.5132507e-05,14.733858,3.1323793,3.5169296,96.217,1.3195652,0.018548105,0.0016279137,0.20416056,2.6935406,0.014855841,0.09100062,0.010534078
1.2759163,0.00024410167,2.8887188,0.08738026,6.7242875,0.958598,36.44181,4.9377195e-05,10.252693,1.7290449,3.318019,61.490486,0.67174035,0.015823748,0.00091521523,0.14525302,0.9383609,0.009271294,0.09708603,0.008101525
1.3521861,0.00026071008,3.4336553,0.07571227,9.278251,1.4025531,46.22143,5.8569418e-05,12.276523,2.1686413,3.1369307,71.107994,0.87762547,0.019738557,0.0010921026,0.20049533,1.284203,0.011652655,0.110629104,0.012543473
1.276769,0.00023349957,4.741113,0.12647958,10.736238,2.8265033,55.112698,4.364617e-05,23.841478,4.990544,2.7287028,101.31349,1.8254656,0.025838336,0.0022134613,0.16949174,1.4358218,0.014893445,0.18640657,0.023920463
1.5375063,0.0003543145,4.2699795,0.15226631,11.151864,1.72177,55.728096,6.6107226e-05,21.503614,3.1162827,4.1320214,86.806076,1.2996264,0.028081652,0.0016727564,0.21398243,1.8098376,0.019703608,0.14448893,0.017736014
1.3957984,0.00024199318,4.1724935,0.08246347,10.693579,1.8368825,54.013405,6.617707e-05,14.857722,3.2379935,2.897925,94.18857,1.4835941,0.023937982,0.0014449616,0.27407897,1.8979439,0.022629716,0.10904729,0.020117885
1.5083636,0.00010867156,2.4232879,0.071993425,9.579706,1.1571432,52.302914,4.0830208e-05,11.340357,1.0222685,3.1170464,53.638996,0.5320896,0.018084783,0.0009929123,0.15099178,0.93570346,0.013759336,0.12565815,0.014714116
1.4820154,0.00036950596,1.9173199,0.30510268,12.164253,0.9331093,64.31631,4.5119054e-05,21.376072,0.76455975,2.3215125,47.78998,0.11900844,0.078924164,0.0020717087,0.2800138,0.8180985,0.015532296,0.093141966,0.022784114
1.244226,0.000397412,5.1830544,0.108622305,7.879278,1.8047826,35.919178,6.938796e-05,11.574445,4.0922737,2.5371535,101.10297,2.2535486,0.021922993,0.002115915,0.18667424,2.8716755,0.009353833,0.045096137,0.006907632
1.3552452,0.00039886433,5.3558245,0.1523539,7.7784796,1.7005324,35.85974,7.3149014e-05,15.643167,2.3634841,3.451612,106.41876,1.5561525,0.04129389,0.0026031244,0.16025847,2.4566271,0.018732188,0.13599513,0.018519215
1.3828881,0.0001935063,3.6159902,0.0615333,8.621695,1.4484144,42.324245,5.6502675e-05,10.436454,1.3987533,2.8117242,77.85391,0.6911299,0.027619421,0.00096854736,0.1847051,1.2199349,0.014672386,0.16266027,0.014532637
1.3060677,0.00035782246,3.9812646,0.106917396,7.705464,1.1673348,36.399548,5.1847557e-05,12.882218,2.3219357,3.1631927,80.71727,0.83189255,0.023682127,0.0012335558,0.16964294,1.6987695,0.010745527,0.08583994,0.007895842
1.2009808,0.0007912464,22.824324,0.31932342,6.4846025,6.4581738,43.754616,0.00015636226,40.66222,15.177798,2.8215632,415.25015,6.9779644,0.05645533,0.005696651,0.38078183,13.2728615,0.035746746,0.20248671,0.026934393
1.1402729,0.0007019225,18.910162,0.20583414,4.7399416,5.549504,28.553082,0.00012351808,36.170498,12.973436,2.8973672,356.00235,5.2978377,0.042674664,0.0042294725,0.36461133,10.254564,0.032195084,0.1691079,0.023427552
1.2479197,0.00053561386,16.50456,0.1544605,11.108871,5.7685504,50.53316,0.00010226992,34.78025,13.379129,3.3968167,301.0764,6.1907043,0.031252332,0.0039455923,0.38494888,8.431754,0.028997065,0.14948776,0.018365301
1.2197119,0.0010440525,19.050844,0.20526326,10.928474,6.4508705,46.051605,0.00013669897,33.710243,14.211148,3.0463622,345.6402,7.0181723,0.056502894,0.0051259785,0.43483528,8.247504,0.02869936,0.17523849,0.031705387
1.2125298,0.00029885463,5.564099,0.07318708,8.589423,2.022617,37.76987,6.0090104e-05,12.034846,4.2655444,2.6972017,104.79291,2.0023918,0.015647298,0.0013604766,0.18475059,2.8885021,0.0133004,0.059942678,0.0074941027
1.1916525,0.0003408547,5.494913,0.08682194,7.995431,1.625499,37.90131,4.846785e-05,13.709329,4.011876,2.7756858,107.04269,2.1703162,0.01791961,0.001554427,0.16844288,3.0959654,0.012183131,0.044912703,0.0065950323
1.2932986,0.000485061,12.950882,0.13935821,12.456307,4.868768,64.28738,9.178051e-05,29.873955,12.447629,3.4403667,237.19609,6.527104,0.02257675,0.0048344317,0.33132076,5.126402,0.031449202,0.19779663,0.023332423
1.2050598,0.00034729295,7.364085,0.09097898,8.391727,2.4008396,39.76036,5.9071877e-05,16.568493,6.3011208,3.1321626,137.04694,3.1036243,0.01683759,0.0020442142,0.20156637,4.9051714,0.017366908,0.068343386,0.008131401
1.2449958,0.00050298224,13.550239,0.11249169,9.510522,4.593227,49.83347,9.746514e-05,27.209044,10.176591,2.7638395,243.58826,5.0578275,0.025940472,0.0033289688,0.30854768,6.4346685,0.03237552,0.16801213,0.020718476
1.1800855,0.00032784688,10.006256,0.10729295,7.3965015,2.9947302,34.62412,5.983035e-05,19.708088,7.439338,3.3719234,174.54642,3.5889578,0.019098606,0.0027594194,0.19490817,4.7974114,0.01782204,0.096522756,0.0113237165
1.2255163,0.0003125622,7.0842147,0.07607812,7.4923162,2.2481494,36.443752,5.4955668e-05,17.424284,5.661693,2.7935562,131.46289,2.6949055,0.016937373,0.0023528486,0.17750223,3.888466,0.015901374,0.08626472,0.008455863
1.2679448,0.00024404739,4.293622,0.06681705,7.983866,1.3552536,34.781796,5.2250434e-05,9.697654,2.7520936,1.8420094,91.35896,1.5856023,0.017853323,0.002292522,0.12211141,1.925903,0.00864914,0.06018929,0.009861742
1.2067063,0.0003559629,5.4402843,0.087182224,7.1816435,1.8170841,33.26764,6.1561004e-05,13.468501,3.9110026,2.9162343,102.71514,1.9874083,0.021629231,0.0025103698,0.20601971,3.0767086,0.01658901,0.07465892,0.0116704535
1.1911377,0.00029225997,5.8926783,0.076799884,7.4520354,1.8454026,33.516415,5.558708e-05,13.723567,4.1210237,3.316855,111.10076,1.8382375,0.019010793,0.0019354498,0.21954776,3.3741083,0.01838231,0.07958856,0.0124014625
1.1435261,0.0004671378,10.907897,0.09310907,8.452509,3.1803832,36.69076,8.783948e-05,19.023409,6.830832,2.7456453,198.68591,3.4243345,0.027131664,0.003850519,0.19416697,5.979071,0.015158954,0.09951519,0.013968228
1.2043388,0.0002504257,3.4385765,0.06486128,6.065694,1.3353478,25.787043,4.353686e-05,10.000554,2.7925828,3.2972815,63.086704,1.1130651,0.013345605,0.0009827418,0.12587084,1.6755009,0.009832307,0.049485695,0.0063722855
1.1718409,0.00029500126,7.8453236,0.09364125,7.0979037,2.5514057,41.12885,6.344928e-05,18.859547,5.890624,2.7509792,141.50868,2.965395,0.020182557,0.002508352,0.24344347,4.292306,0.018568166,0.09762442,0.013175015
1.2410538,0.00031489268,4.003254,0.07549596,7.060619,1.3679004,33.29262,4.902416e-05,9.385645,2.8078775,2.7817755,78.74586,1.1817216,0.019346599,0.001453173,0.15408252,1.898957,0.010308609,0.05651875,0.008230319
1.3747911,0.0003279386,3.6177938,0.11347673,8.292183,1.0805813,40.475887,5.972722e-05,12.900011,1.8864954,3.4902678,71.74021,0.81402504,0.021776615,0.0011180174,0.20774642,1.7177501,0.012555603,0.08675209,0.010006551
1.2831718,0.00040569357,10.373889,0.12194925,9.365084,2.9220192,56.93565,7.483858e-05,26.647327,7.9391384,3.2882025,188.9875,4.3248334,0.020435916,0.003254265,0.2714472,6.023618,0.023424245,0.123854846,0.01809617
1.3336562,0.00028186262,4.9268413,0.08756498,9.0514555,1.8415447,45.15469,6.622412e-05,15.002209,3.4746907,2.0370374,115.01957,1.437469,0.026674213,0.0018678652,0.2479465,2.1697042,0.017416928,0.1203472,0.016778225
1.2232822,0.00026588794,3.244361,0.108012505,7.6650085,0.9030343,36.49011,4.806802e-05,10.456992,1.6752399,3.188031,63.76655,0.860826,0.019133383,0.0010219374,0.14674151,1.3055884,0.0114819,0.08410378,0.00819009
1.2931181,0.0007365397,21.82461,0.17368244,12.07944,7.7315044,64.34155,0.00016359503,46.265545,18.094763,2.8448663,412.7516,8.180701,0.029202783,0.0037551848,0.7901102,11.253935,0.046620935,0.19405663,0.033552546
1.2730914,0.0004507967,7.5434203,0.10694297,10.505462,2.6530414,53.429543,7.807552e-05,14.000414,6.1730757,3.088775,146.3698,2.8084507,0.025539123,0.0027639498,0.2741457,3.203759,0.015128526,0.09526244,0.016691031
1.2204528,0.00036017643,5.936724,0.08466331,9.357564,2.2360556,44.19381,7.1440954e-05,13.88462,4.4788375,3.0281596,126.34621,2.008517,0.02164013,0.002186621,0.21370412,3.0177648,0.014506775,0.093890764,0.01207729
1.1726245,0.00016915116,3.814986,0.017440554,8.005678,2.1733537,35.0352,4.157464e-05,15.149016,4.0110626,2.5414982,79.32678,1.2222418,0.0136348205,0.0010123611,0.12523623,0.8596199,0.009776248,0.13289984,0.008495892
1.3353708,0.00011265424,2.0972378,0.049013555,7.9216404,0.7551842,35.651867,3.8319165e-05,10.1004305,0.7723962,2.5907128,43.739452,0.49627042,0.018275093,0.0008882749,0.11035439,0.7112832,0.010043823,0.1028964,0.009723081
1.2864684,0.00060564745,17.101229,0.13592067,12.101112,6.0438833,60.68286,0.000115101015,30.182747,13.202166,2.664016,323.55936,6.49138,0.031299524,0.004744599,0.4272345,8.11034,0.026757993,0.14743274,0.024733562
1.2147868,0.00035517325,4.7089148,0.08188951,8.630342,1.7779224,39.158432,5.8011683e-05,13.958935,3.595215,2.5428967,94.816124,1.8916985,0.020338222,0.0018382018,0.19954701,2.581002,0.012736213,0.07250816,0.009005542
1.2181346,0.0005627764,9.381547,0.098454416,9.198086,3.9376667,36.412876,7.654463e-05,16.638885,7.1555705,2.4949577,188.08304,3.0916045,0.029658934,0.002988971,0.2451596,3.7108502,0.019014053,0.10093837,0.016159646
1.2384932,0.00067481643,18.949066,0.19607048,9.919368,7.0397625,53.77412,0.00013089016,37.48645,17.399258,2.7805998,360.70334,8.459254,0.037091248,0.0048141573,0.44189134,9.903593,0.028676415,0.20100796,0.023724098
1.2443588,0.0006771786,13.460187,0.14089553,9.621097,4.969859,39.743317,9.3859686e-05,25.731562,12.119525,2.9085925,253.06927,5.411313,0.035856996,0.00435623,0.294198,6.0453386,0.022344403,0.12411799,0.020394044
1.2049824,0.0005382015,17.584625,0.22062232,8.636063,7.092542,36.158375,0.00011901817,47.403675,17.074171,2.8494725,323.78235,8.120735,0.04073508,0.005069551,0.46382147,7.6830816,0.042892653,0.21643248,0.018250803
1.3528807,0.00022794871,3.7563145,0.044462323,7.797283,1.6576916,44.146038,5.8117137e-05,9.492909,2.5615427,2.6979043,77.82488,1.1908528,0.02122819,0.001041298,0.1659265,1.5609536,0.01523885,0.15297739,0.0128111355
1.2597272,0.00081364636,21.205463,0.25566518,10.364702,7.5638304,57.332813,0.00013138258,40.04287,19.70054,3.2953956,403.53622,8.64509,0.045526937,0.0048468453,0.42823812,9.678847,0.032929998,0.23700371,0.018715525
1.2330391,0.00071220804,16.692074,0.22635314,7.124745,3.2864993,38.410484,0.000105878265,25.715218,9.194791,3.3623576,310.6274,4.9580855,0.049991168,0.0044342577,0.29193395,9.836394,0.022476882,0.1342309,0.01998459
1.2269508,0.000701686,19.988075,0.23715049,10.652104,7.420837,58.25451,0.00012912841,34.88221,17.64477,2.511804,377.9514,8.597054,0.042088654,0.0064024124,0.33796865,11.77354,0.023659538,0.18286535,0.027102502
1.3306563,0.0010223936,23.98648,0.24103716,13.298688,8.831902,53.7628,0.00015862114,56.767395,20.43171,3.3556159,449.6059,10.025496,0.053966563,0.005586948,0.5833029,13.195558,0.04899577,0.28117102,0.038676534
1.1151955,0.00092608156,21.14679,0.30483368,6.928388,8.112181,30.529331,0.00012846198,34.635918,17.409792,3.005734,375.3486,9.185872,0.052866463,0.00907596,0.33750516,9.551714,0.028261496,0.2095648,0.03768841
1.1879123,0.0005943275,16.20193,0.19460575,6.807249,5.3899364,36.549095,9.972684e-05,17.489424,12.56267,3.4373012,273.4331,6.2703934,0.039704897,0.0059597497,0.22807297,9.043352,0.017739816,0.10042426,0.018884351
1.324827,0.0003710937,4.128044,0.0972355,8.727354,1.1001025,43.471455,6.685804e-05,10.020932,1.6782486,3.0048199,80.96235,1.2120472,0.026588043,0.0020056071,0.18435657,2.4459894,0.011279707,0.07355643,0.008343622
1.2122431,0.00033315056,4.1478972,0.06758022,7.223717,1.3868942,33.18154,5.7213987e-05,10.013236,3.0014002,2.8752952,82.367676,1.5239184,0.015686112,0.0014278427,0.1912129,2.0326788,0.010016067,0.07983867,0.0067514204
1.239995,0.00034912679,4.518976,0.09039953,7.3572664,1.5524625,36.428535,5.9898128e-05,10.248564,3.3909225,2.856959,88.89942,1.9110819,0.0204978,0.0021047709,0.17271937,2.2237728,0.00872255,0.060023993,0.006774248
1.2228246,0.00028783752,4.901951,0.0636046,8.664623,2.1451452,41.44748,6.191372e-05,10.69179,4.1846504,2.880941,94.99217,1.9033226,0.01842221,0.0024089587,0.16950664,2.2956834,0.01056677,0.07770392,0.0086942185
1.2162938,0.0003587277,4.8177643,0.10217873,7.8707685,1.5843295,33.869183,6.301969e-05,11.694052,3.4893098,2.8860023,93.09393,1.7664644,0.020320592,0.0021573377,0.17745288,2.6112685,0.010626946,0.0644556,0.008583552
1.2057207,0.00020422222,3.4614506,0.056131743,7.165596,1.32837,25.584045,4.801968e-05,8.382165,2.7724233,2.7025337,65.89988,1.3938962,0.014089611,0.0016901843,0.13429683,1.6059964,0.0069174273,0.07283249,0.00720737
1.2249901,0.00031399447,5.1571383,0.07197116,8.044957,2.4188917,40.5084,6.349829e-05,11.941558,4.309463,3.0711334,97.82172,1.7911066,0.01865776,0.0022573234,0.1535359,2.5335238,0.010295116,0.0678973,0.007619459
1.4498006,0.0003447901,3.7975943,0.15531586,11.580681,1.118482,59.704098,7.1061426e-05,13.366504,1.9728283,2.9331474,74.46904,1.0607059,0.026527815,0.0016174838,0.24926691,1.7792242,0.015609853,0.08626705,0.013572974
1.2882394,0.0010150265,26.229528,0.23762214,12.235879,9.421991,51.49985,0.00015550235,45.221462,20.002703,3.1155217,444.59277,8.953102,0.05249167,0.006203847,0.58689845,11.327723,0.040614925,0.23328625,0.037548877
1.2136959,0.00031663076,4.05508,0.09659915,7.1494017,1.1025759,33.43391,5.5900015e-05,10.48389,2.4198096,2.6656396,78.11586,1.28911,0.019093558,0.0012507084,0.18228161,2.027374,0.012778518,0.07186778,0.009474654
1.2539381,0.0003061557,4.509859,0.088015944,7.7018113,1.3697412,37.37145,5.949288e-05,9.653225,2.8031054,2.8876143,87.97416,1.6378665,0.021171449,0.0023060835,0.18444806,2.4431012,0.010094908,0.056798115,0.00873488
1.3082633,0.00020990393,3.8553102,0.04744743,8.911425,0.90710884,48.28718,5.807752e-05,9.724386,2.4055665,2.774962,71.12228,1.1825303,0.018386506,0.0015643806,0.2109121,1.9932568,0.011942388,0.08314358,0.011983729
